2026-06-24 16:05:49,701 INFO: 
Version Information: 
	Python: 3.10.20
	PyTorch: 2.3.0+cu121
	TorchVision: 0.18.0+cu121
2026-06-24 16:05:49,701 INFO: 
  backend: dp
  type: ONB_ULRSSM_Model
  num_gpu: 1
  manual_seed: 1234
  non-isometric: False
  partial: False
  path:[
    resume_state: None
    experiments_root: /home/ioana/cortex_project/LearningBasis/DeepShapeMatchingKit/experiments/ulrssm/smal_onb
    models: /home/ioana/cortex_project/LearningBasis/DeepShapeMatchingKit/experiments/ulrssm/smal_onb/models
    log: /home/ioana/cortex_project/LearningBasis/DeepShapeMatchingKit/experiments/ulrssm/smal_onb/log
  ]
  datasets:[
    train_dataset:[
      name: SmalTrain
      type: PairSmalDataset
      phase: train
      data_root: ../data/SMAL_r/
      category: True
      return_evecs: True
      return_faces: True
      num_evecs: 200
      return_corr: False
      return_dist: False
    ]
    test_dataset:[
      name: SmalVal
      type: PairSmalDataset
      phase: test
      data_root: ../data/SMAL_r/
      category: True
      return_evecs: True
      return_faces: True
      num_evecs: 200
      return_corr: True
      return_dist: True
    ]
    batch_size: 1
    num_worker: 1
  ]
  networks:[
    feature_extractor:[
      type: DiffusionNet_B
      in_channels: 3
      out_channels: 256
      input_type: xyz
      augmentation:[
        train:[
          rot_x: 0.0
          rot_y: 90.0
          rot_z: 0.0
        ]
      ]
    ]
    onb_correction:[
      type: CayleyONBCorrection
      feature_dim: 256
      rank: 16
      num_steps: 20
      bypass: False
    ]
    fmap_net:[
      type: FasterRegularizedFMNet
      bidirectional: True
    ]
    permutation:[
      type: Similarity
      tau: 0.07
    ]
  ]
  train:[
    total_epochs: 20
    optims:[
      feature_extractor:[
        type: Adam
        lr: 0.001
      ]
      onb_correction:[
        type: Adam
        lr: 0.001
      ]
    ]
    schedulers:[
      feature_extractor:[
        type: CosineAnnealingLR
        eta_min: 0.0001
        T_max: 20
      ]
      onb_correction:[
        type: CosineAnnealingLR
        eta_min: 0.0001
        T_max: 20
      ]
    ]
    losses:[
      surfmnet_loss:[
        type: SURFMNetLoss
        w_bij: 1.0
        w_orth: 1.0
        w_lap: 0.0
      ]
      align_loss:[
        type: SquaredFrobeniusLoss
        loss_weight: 1.0
      ]
    ]
  ]
  val:[
    val_freq: 2000
    metrics:[
      geo_error:[
        type: calculate_geodesic_error
      ]
      plot_pck:[
        type: plot_pck
      ]
    ]
  ]
  logger:[
    print_freq: 20
    save_checkpoint_freq: 2000
  ]
  name: smal_onb
  is_train: True
  dist: False
  rank: 0
  world_size: 1
  root_path: /home/ioana/cortex_project/LearningBasis/DeepShapeMatchingKit

2026-06-24 16:05:49,703 INFO: Dataset [PairSmalDataset]-[SmalTrain] is built.
2026-06-24 16:05:49,703 INFO: Dataset [PairSmalDataset]-[SmalVal] is built.
2026-06-24 16:05:49,703 INFO: Training statistics:
	Number of train images: 841
	Dataset enlarge ratio: 1
	Batch size: 1
	World size (gpu number): 1
	Require iter number per epoch: 841
	Total epochs: 20; iters: 16820.
2026-06-24 16:05:49,703 INFO: Validation statistics:
	Number of val images: 400
2026-06-24 16:05:49,728 INFO: Network [DiffusionNet_B] is created.
2026-06-24 16:05:49,732 INFO: Network [CayleyONBCorrection] is created.
2026-06-24 16:05:49,732 INFO: Network [FasterRegularizedFMNet] is created.
2026-06-24 16:05:49,732 INFO: Network [Similarity] is created.
2026-06-24 16:05:49,811 INFO: Network: DiffusionNet_B, with parameters: 494,336
2026-06-24 16:05:49,812 INFO: Network: CayleyONBCorrection, with parameters: 79,872
2026-06-24 16:05:49,812 INFO: Network: FasterRegularizedFMNet, with parameters: 0
2026-06-24 16:05:49,812 INFO: Network: Similarity, with parameters: 0
2026-06-24 16:05:49,812 INFO: Metric [function] is created.
2026-06-24 16:05:49,812 INFO: Metric [function] is created.
2026-06-24 16:05:49,813 INFO: Network fmap_net has no param to optimize. Ignore it.
2026-06-24 16:05:49,813 INFO: Network permutation has no param to optimize. Ignore it.
2026-06-24 16:05:49,814 INFO: Loss [SURFMNetLoss] is created.
2026-06-24 16:05:49,814 INFO: Loss [SquaredFrobeniusLoss] is created.
2026-06-24 16:05:49,819 INFO: Model [ONB_ULRSSM_Model] is created.
2026-06-24 16:05:49,819 INFO: Start training from epoch: 0, iter: 0
2026-06-24 16:06:49,200 INFO: [smal_..][epoch:  1, iter:      20, lr:(1.000e-03,1.000e-03,)][eta: 12:33:49, time (data): 2.969 (2.248)]l_bij: 2.9408e+02 l_orth: 2.8615e+02 l_align: 9.0150e+01 l_total: 6.7038e+02 
2026-06-24 16:07:34,107 INFO: [smal_..][epoch:  1, iter:      40, lr:(1.000e-03,1.000e-03,)][eta: 11:31:57, time (data): 2.607 (1.997)]l_bij: 2.6866e+02 l_orth: 2.5685e+02 l_align: 1.2935e+02 l_total: 6.5486e+02 
2026-06-24 16:07:43,758 INFO: [smal_..][epoch:  1, iter:      60, lr:(1.000e-03,1.000e-03,)][eta: 8:28:43, time (data): 1.899 (1.379)]l_bij: 2.7001e+02 l_orth: 2.5552e+02 l_align: 1.1345e+02 l_total: 6.3899e+02 
2026-06-24 16:07:48,642 INFO: [smal_..][epoch:  1, iter:      80, lr:(1.000e-03,1.000e-03,)][eta: 6:39:28, time (data): 1.485 (1.038)]l_bij: 2.7239e+02 l_orth: 2.5797e+02 l_align: 1.1541e+02 l_total: 6.4577e+02 
2026-06-24 16:07:53,529 INFO: [smal_..][epoch:  1, iter:     100, lr:(1.000e-03,1.000e-03,)][eta: 5:33:28, time (data): 1.237 (0.833)]l_bij: 2.7212e+02 l_orth: 2.5784e+02 l_align: 1.1194e+02 l_total: 6.4190e+02 
2026-06-24 16:07:58,410 INFO: [smal_..][epoch:  1, iter:     120, lr:(1.000e-03,1.000e-03,)][eta: 4:49:14, time (data): 1.071 (0.696)]l_bij: 2.6809e+02 l_orth: 2.5456e+02 l_align: 1.2280e+02 l_total: 6.4545e+02 
2026-06-24 16:08:03,278 INFO: [smal_..][epoch:  1, iter:     140, lr:(1.000e-03,1.000e-03,)][eta: 4:17:31, time (data): 0.953 (0.599)]l_bij: 2.5980e+02 l_orth: 2.4477e+02 l_align: 1.2851e+02 l_total: 6.3307e+02 
2026-06-24 16:08:08,190 INFO: [smal_..][epoch:  1, iter:     160, lr:(1.000e-03,1.000e-03,)][eta: 3:53:43, time (data): 0.865 (0.526)]l_bij: 2.6053e+02 l_orth: 2.5013e+02 l_align: 1.3126e+02 l_total: 6.4192e+02 
2026-06-24 16:08:13,093 INFO: [smal_..][epoch:  1, iter:     180, lr:(1.000e-03,1.000e-03,)][eta: 3:35:10, time (data): 0.796 (0.469)]l_bij: 2.6253e+02 l_orth: 2.4832e+02 l_align: 1.3121e+02 l_total: 6.4207e+02 
2026-06-24 16:08:17,964 INFO: [smal_..][epoch:  1, iter:     200, lr:(1.000e-03,1.000e-03,)][eta: 3:20:14, time (data): 0.740 (0.423)]l_bij: 2.5804e+02 l_orth: 2.4750e+02 l_align: 1.2868e+02 l_total: 6.3423e+02 
2026-06-24 16:08:23,018 INFO: [smal_..][epoch:  1, iter:     220, lr:(1.000e-03,1.000e-03,)][eta: 3:08:13, time (data): 0.253 (0.014)]l_bij: 2.5802e+02 l_orth: 2.4491e+02 l_align: 1.2718e+02 l_total: 6.3011e+02 
2026-06-24 16:08:27,985 INFO: [smal_..][epoch:  1, iter:     240, lr:(1.000e-03,1.000e-03,)][eta: 2:58:05, time (data): 0.251 (0.014)]l_bij: 2.4337e+02 l_orth: 2.3066e+02 l_align: 1.3823e+02 l_total: 6.1226e+02 
2026-06-24 16:08:32,871 INFO: [smal_..][epoch:  1, iter:     260, lr:(1.000e-03,1.000e-03,)][eta: 2:49:24, time (data): 0.248 (0.014)]l_bij: 2.6234e+02 l_orth: 2.5004e+02 l_align: 1.2562e+02 l_total: 6.3801e+02 
2026-06-24 16:08:37,798 INFO: [smal_..][epoch:  1, iter:     280, lr:(1.000e-03,1.000e-03,)][eta: 2:41:59, time (data): 0.248 (0.014)]l_bij: 2.3974e+02 l_orth: 2.2693e+02 l_align: 1.4224e+02 l_total: 6.0890e+02 
2026-06-24 16:08:42,683 INFO: [smal_..][epoch:  1, iter:     300, lr:(1.000e-03,1.000e-03,)][eta: 2:35:31, time (data): 0.247 (0.014)]l_bij: 2.5665e+02 l_orth: 2.4235e+02 l_align: 1.2258e+02 l_total: 6.2157e+02 
2026-06-24 16:08:47,649 INFO: [smal_..][epoch:  1, iter:     320, lr:(1.000e-03,1.000e-03,)][eta: 2:29:54, time (data): 0.247 (0.014)]l_bij: 2.5850e+02 l_orth: 2.4660e+02 l_align: 1.2606e+02 l_total: 6.3116e+02 
2026-06-24 16:08:52,556 INFO: [smal_..][epoch:  1, iter:     340, lr:(1.000e-03,1.000e-03,)][eta: 2:24:53, time (data): 0.247 (0.014)]l_bij: 2.6078e+02 l_orth: 2.4636e+02 l_align: 1.2262e+02 l_total: 6.2976e+02 
2026-06-24 16:08:57,493 INFO: [smal_..][epoch:  1, iter:     360, lr:(1.000e-03,1.000e-03,)][eta: 2:20:27, time (data): 0.247 (0.014)]l_bij: 2.5870e+02 l_orth: 2.4644e+02 l_align: 1.3445e+02 l_total: 6.3959e+02 
2026-06-24 16:09:02,423 INFO: [smal_..][epoch:  1, iter:     380, lr:(1.000e-03,1.000e-03,)][eta: 2:16:27, time (data): 0.247 (0.014)]l_bij: 2.5884e+02 l_orth: 2.4893e+02 l_align: 1.2982e+02 l_total: 6.3759e+02 
2026-06-24 16:09:07,318 INFO: [smal_..][epoch:  1, iter:     400, lr:(1.000e-03,1.000e-03,)][eta: 2:12:50, time (data): 0.247 (0.014)]l_bij: 2.5826e+02 l_orth: 2.4730e+02 l_align: 1.3333e+02 l_total: 6.3889e+02 
2026-06-24 16:09:12,223 INFO: [smal_..][epoch:  1, iter:     420, lr:(1.000e-03,1.000e-03,)][eta: 2:09:33, time (data): 0.246 (0.014)]l_bij: 2.5791e+02 l_orth: 2.4697e+02 l_align: 1.2861e+02 l_total: 6.3349e+02 
2026-06-24 16:09:17,094 INFO: [smal_..][epoch:  1, iter:     440, lr:(1.000e-03,1.000e-03,)][eta: 2:06:32, time (data): 0.244 (0.014)]l_bij: 2.5839e+02 l_orth: 2.4108e+02 l_align: 1.2465e+02 l_total: 6.2412e+02 
2026-06-24 16:09:21,981 INFO: [smal_..][epoch:  1, iter:     460, lr:(1.000e-03,1.000e-03,)][eta: 2:03:48, time (data): 0.244 (0.014)]l_bij: 2.6148e+02 l_orth: 2.4508e+02 l_align: 1.2459e+02 l_total: 6.3115e+02 
2026-06-24 16:09:26,891 INFO: [smal_..][epoch:  1, iter:     480, lr:(1.000e-03,1.000e-03,)][eta: 2:01:17, time (data): 0.245 (0.014)]l_bij: 2.5900e+02 l_orth: 2.4264e+02 l_align: 1.2227e+02 l_total: 6.2391e+02 
2026-06-24 16:09:31,844 INFO: [smal_..][epoch:  1, iter:     500, lr:(1.000e-03,1.000e-03,)][eta: 1:58:59, time (data): 0.245 (0.014)]l_bij: 2.6073e+02 l_orth: 2.4574e+02 l_align: 1.1785e+02 l_total: 6.2431e+02 
2026-06-24 16:09:36,690 INFO: [smal_..][epoch:  1, iter:     520, lr:(1.000e-03,1.000e-03,)][eta: 1:56:48, time (data): 0.245 (0.014)]l_bij: 2.5009e+02 l_orth: 2.3861e+02 l_align: 1.3680e+02 l_total: 6.2550e+02 
2026-06-24 16:09:41,600 INFO: [smal_..][epoch:  1, iter:     540, lr:(1.000e-03,1.000e-03,)][eta: 1:54:49, time (data): 0.245 (0.014)]l_bij: 2.5163e+02 l_orth: 2.3585e+02 l_align: 1.3043e+02 l_total: 6.1790e+02 
2026-06-24 16:09:46,539 INFO: [smal_..][epoch:  1, iter:     560, lr:(1.000e-03,1.000e-03,)][eta: 1:52:58, time (data): 0.245 (0.014)]l_bij: 2.6646e+02 l_orth: 2.5045e+02 l_align: 1.1889e+02 l_total: 6.3580e+02 
2026-06-24 16:09:51,428 INFO: [smal_..][epoch:  1, iter:     580, lr:(1.000e-03,1.000e-03,)][eta: 1:51:13, time (data): 0.245 (0.014)]l_bij: 2.5168e+02 l_orth: 2.3902e+02 l_align: 1.2874e+02 l_total: 6.1944e+02 
2026-06-24 16:09:56,340 INFO: [smal_..][epoch:  1, iter:     600, lr:(1.000e-03,1.000e-03,)][eta: 1:49:36, time (data): 0.245 (0.014)]l_bij: 2.4998e+02 l_orth: 2.3602e+02 l_align: 1.3936e+02 l_total: 6.2536e+02 
2026-06-24 16:10:01,278 INFO: [smal_..][epoch:  1, iter:     620, lr:(1.000e-03,1.000e-03,)][eta: 1:48:05, time (data): 0.246 (0.014)]l_bij: 2.6126e+02 l_orth: 2.4482e+02 l_align: 1.2672e+02 l_total: 6.3281e+02 
2026-06-24 16:10:06,174 INFO: [smal_..][epoch:  1, iter:     640, lr:(1.000e-03,1.000e-03,)][eta: 1:46:38, time (data): 0.245 (0.014)]l_bij: 2.5626e+02 l_orth: 2.4268e+02 l_align: 1.2796e+02 l_total: 6.2690e+02 
2026-06-24 16:10:11,054 INFO: [smal_..][epoch:  1, iter:     660, lr:(1.000e-03,1.000e-03,)][eta: 1:45:16, time (data): 0.245 (0.014)]l_bij: 2.5009e+02 l_orth: 2.4006e+02 l_align: 1.3287e+02 l_total: 6.2302e+02 
2026-06-24 16:10:15,923 INFO: [smal_..][epoch:  1, iter:     680, lr:(1.000e-03,1.000e-03,)][eta: 1:43:59, time (data): 0.244 (0.014)]l_bij: 2.4995e+02 l_orth: 2.3903e+02 l_align: 1.3667e+02 l_total: 6.2565e+02 
2026-06-24 16:10:20,823 INFO: [smal_..][epoch:  1, iter:     700, lr:(1.000e-03,1.000e-03,)][eta: 1:42:46, time (data): 0.244 (0.014)]l_bij: 2.6343e+02 l_orth: 2.4639e+02 l_align: 1.2359e+02 l_total: 6.3340e+02 
2026-06-24 16:10:25,704 INFO: [smal_..][epoch:  1, iter:     720, lr:(1.000e-03,1.000e-03,)][eta: 1:41:36, time (data): 0.244 (0.014)]l_bij: 2.5921e+02 l_orth: 2.4424e+02 l_align: 1.2462e+02 l_total: 6.2807e+02 
2026-06-24 16:10:30,595 INFO: [smal_..][epoch:  1, iter:     740, lr:(1.000e-03,1.000e-03,)][eta: 1:40:30, time (data): 0.244 (0.014)]l_bij: 2.5336e+02 l_orth: 2.3760e+02 l_align: 1.2732e+02 l_total: 6.1829e+02 
2026-06-24 16:10:35,539 INFO: [smal_..][epoch:  1, iter:     760, lr:(1.000e-03,1.000e-03,)][eta: 1:39:29, time (data): 0.245 (0.014)]l_bij: 2.5500e+02 l_orth: 2.4348e+02 l_align: 1.3998e+02 l_total: 6.3846e+02 
2026-06-24 16:10:40,381 INFO: [smal_..][epoch:  1, iter:     780, lr:(1.000e-03,1.000e-03,)][eta: 1:38:28, time (data): 0.244 (0.014)]l_bij: 2.5988e+02 l_orth: 2.4401e+02 l_align: 1.2446e+02 l_total: 6.2834e+02 
2026-06-24 16:10:45,305 INFO: [smal_..][epoch:  1, iter:     800, lr:(1.000e-03,1.000e-03,)][eta: 1:37:32, time (data): 0.244 (0.014)]l_bij: 2.5727e+02 l_orth: 2.4382e+02 l_align: 1.2632e+02 l_total: 6.2741e+02 
2026-06-24 16:10:50,191 INFO: [smal_..][epoch:  1, iter:     820, lr:(1.000e-03,1.000e-03,)][eta: 1:36:38, time (data): 0.244 (0.014)]l_bij: 2.6041e+02 l_orth: 2.4645e+02 l_align: 1.2755e+02 l_total: 6.3440e+02 
2026-06-24 16:10:55,041 INFO: [smal_..][epoch:  1, iter:     840, lr:(1.000e-03,1.000e-03,)][eta: 1:35:45, time (data): 0.243 (0.014)]l_bij: 2.6734e+02 l_orth: 2.5275e+02 l_align: 1.1414e+02 l_total: 6.3423e+02 
2026-06-24 16:11:00,209 INFO: [smal_..][epoch:  2, iter:     860, lr:(9.945e-04,9.945e-04,)][eta: 1:35:00, time (data): 0.248 (0.019)]l_bij: 2.5170e+02 l_orth: 2.3529e+02 l_align: 1.3048e+02 l_total: 6.1748e+02 
2026-06-24 16:11:05,110 INFO: [smal_..][epoch:  2, iter:     880, lr:(9.945e-04,9.945e-04,)][eta: 1:34:12, time (data): 0.247 (0.017)]l_bij: 2.4551e+02 l_orth: 2.3090e+02 l_align: 1.4054e+02 l_total: 6.1695e+02 
2026-06-24 16:11:10,034 INFO: [smal_..][epoch:  2, iter:     900, lr:(9.945e-04,9.945e-04,)][eta: 1:33:27, time (data): 0.247 (0.017)]l_bij: 2.6233e+02 l_orth: 2.4643e+02 l_align: 1.1730e+02 l_total: 6.2605e+02 
2026-06-24 16:11:14,883 INFO: [smal_..][epoch:  2, iter:     920, lr:(9.945e-04,9.945e-04,)][eta: 1:32:42, time (data): 0.246 (0.016)]l_bij: 2.6238e+02 l_orth: 2.4898e+02 l_align: 1.2450e+02 l_total: 6.3586e+02 
2026-06-24 16:11:19,834 INFO: [smal_..][epoch:  2, iter:     940, lr:(9.945e-04,9.945e-04,)][eta: 1:32:00, time (data): 0.246 (0.016)]l_bij: 2.4860e+02 l_orth: 2.3456e+02 l_align: 1.3385e+02 l_total: 6.1701e+02 
2026-06-24 16:11:24,750 INFO: [smal_..][epoch:  2, iter:     960, lr:(9.945e-04,9.945e-04,)][eta: 1:31:20, time (data): 0.246 (0.016)]l_bij: 2.5959e+02 l_orth: 2.4163e+02 l_align: 1.2514e+02 l_total: 6.2636e+02 
2026-06-24 16:11:29,591 INFO: [smal_..][epoch:  2, iter:     980, lr:(9.945e-04,9.945e-04,)][eta: 1:30:40, time (data): 0.246 (0.015)]l_bij: 2.5735e+02 l_orth: 2.4602e+02 l_align: 1.4079e+02 l_total: 6.4417e+02 
2026-06-24 16:11:34,465 INFO: [smal_..][epoch:  2, iter:   1,000, lr:(9.945e-04,9.945e-04,)][eta: 1:30:01, time (data): 0.246 (0.015)]l_bij: 2.5569e+02 l_orth: 2.3834e+02 l_align: 1.2724e+02 l_total: 6.2127e+02 
2026-06-24 16:11:39,414 INFO: [smal_..][epoch:  2, iter:   1,020, lr:(9.945e-04,9.945e-04,)][eta: 1:29:25, time (data): 0.250 (0.014)]l_bij: 2.5283e+02 l_orth: 2.3783e+02 l_align: 1.3711e+02 l_total: 6.2777e+02 
2026-06-24 16:11:48,183 INFO: [smal_..][epoch:  2, iter:   1,040, lr:(9.945e-04,9.945e-04,)][eta: 1:29:48, time (data): 0.357 (0.022)]l_bij: 2.5285e+02 l_orth: 2.3753e+02 l_align: 1.3060e+02 l_total: 6.2098e+02 
2026-06-24 16:11:53,022 INFO: [smal_..][epoch:  2, iter:   1,060, lr:(9.945e-04,9.945e-04,)][eta: 1:29:12, time (data): 0.315 (0.018)]l_bij: 2.5547e+02 l_orth: 2.3847e+02 l_align: 1.2715e+02 l_total: 6.2109e+02 
2026-06-24 16:12:00,629 INFO: [smal_..][epoch:  2, iter:   1,080, lr:(9.945e-04,9.945e-04,)][eta: 1:29:17, time (data): 0.333 (0.020)]l_bij: 2.4189e+02 l_orth: 2.2876e+02 l_align: 1.4112e+02 l_total: 6.1177e+02 
2026-06-24 16:12:05,570 INFO: [smal_..][epoch:  2, iter:   1,100, lr:(9.945e-04,9.945e-04,)][eta: 1:28:44, time (data): 0.314 (0.018)]l_bij: 2.4693e+02 l_orth: 2.3092e+02 l_align: 1.3903e+02 l_total: 6.1689e+02 
2026-06-24 16:12:14,353 INFO: [smal_..][epoch:  2, iter:   1,120, lr:(9.945e-04,9.945e-04,)][eta: 1:29:05, time (data): 0.336 (0.021)]l_bij: 2.5460e+02 l_orth: 2.3738e+02 l_align: 1.2954e+02 l_total: 6.2152e+02 
2026-06-24 16:12:19,244 INFO: [smal_..][epoch:  2, iter:   1,140, lr:(9.945e-04,9.945e-04,)][eta: 1:28:32, time (data): 0.322 (0.020)]l_bij: 2.4083e+02 l_orth: 2.2761e+02 l_align: 1.4048e+02 l_total: 6.0892e+02 
2026-06-24 16:12:29,072 INFO: [smal_..][epoch:  2, iter:   1,160, lr:(9.945e-04,9.945e-04,)][eta: 1:29:06, time (data): 0.344 (0.020)]l_bij: 2.5068e+02 l_orth: 2.4171e+02 l_align: 1.3709e+02 l_total: 6.2948e+02 
2026-06-24 16:12:33,939 INFO: [smal_..][epoch:  2, iter:   1,180, lr:(9.945e-04,9.945e-04,)][eta: 1:28:33, time (data): 0.333 (0.020)]l_bij: 2.5733e+02 l_orth: 2.4134e+02 l_align: 1.2728e+02 l_total: 6.2595e+02 
2026-06-24 16:12:42,193 INFO: [smal_..][epoch:  2, iter:   1,200, lr:(9.945e-04,9.945e-04,)][eta: 1:28:45, time (data): 0.341 (0.020)]l_bij: 2.5628e+02 l_orth: 2.3995e+02 l_align: 1.2462e+02 l_total: 6.2085e+02 
2026-06-24 16:12:48,314 INFO: [smal_..][epoch:  2, iter:   1,220, lr:(9.945e-04,9.945e-04,)][eta: 1:28:30, time (data): 0.244 (0.013)]l_bij: 2.4748e+02 l_orth: 2.3659e+02 l_align: 1.4302e+02 l_total: 6.2709e+02 
2026-06-24 16:12:55,556 INFO: [smal_..][epoch:  2, iter:   1,240, lr:(9.945e-04,9.945e-04,)][eta: 1:28:28, time (data): 0.313 (0.017)]l_bij: 2.5016e+02 l_orth: 2.3250e+02 l_align: 1.3330e+02 l_total: 6.1596e+02 
2026-06-24 16:13:03,725 INFO: [smal_..][epoch:  2, iter:   1,260, lr:(9.945e-04,9.945e-04,)][eta: 1:28:38, time (data): 0.349 (0.020)]l_bij: 2.5381e+02 l_orth: 2.3681e+02 l_align: 1.2997e+02 l_total: 6.2059e+02 
2026-06-24 16:13:11,179 INFO: [smal_..][epoch:  2, iter:   1,280, lr:(9.945e-04,9.945e-04,)][eta: 1:28:39, time (data): 0.355 (0.022)]l_bij: 2.5398e+02 l_orth: 2.3804e+02 l_align: 1.3175e+02 l_total: 6.2376e+02 
2026-06-24 16:13:18,387 INFO: [smal_..][epoch:  2, iter:   1,300, lr:(9.945e-04,9.945e-04,)][eta: 1:28:36, time (data): 0.356 (0.021)]l_bij: 2.5639e+02 l_orth: 2.4020e+02 l_align: 1.2706e+02 l_total: 6.2366e+02 
2026-06-24 16:13:25,255 INFO: [smal_..][epoch:  2, iter:   1,320, lr:(9.945e-04,9.945e-04,)][eta: 1:28:30, time (data): 0.354 (0.021)]l_bij: 2.4856e+02 l_orth: 2.3361e+02 l_align: 1.3748e+02 l_total: 6.1964e+02 
2026-06-24 16:13:32,655 INFO: [smal_..][epoch:  2, iter:   1,340, lr:(9.945e-04,9.945e-04,)][eta: 1:28:29, time (data): 0.356 (0.021)]l_bij: 2.5845e+02 l_orth: 2.4187e+02 l_align: 1.2268e+02 l_total: 6.2299e+02 
2026-06-24 16:13:38,716 INFO: [smal_..][epoch:  2, iter:   1,360, lr:(9.945e-04,9.945e-04,)][eta: 1:28:13, time (data): 0.349 (0.021)]l_bij: 2.4873e+02 l_orth: 2.3725e+02 l_align: 1.3660e+02 l_total: 6.2258e+02 
2026-06-24 16:13:46,946 INFO: [smal_..][epoch:  2, iter:   1,380, lr:(9.945e-04,9.945e-04,)][eta: 1:28:22, time (data): 0.356 (0.022)]l_bij: 2.4551e+02 l_orth: 2.3081e+02 l_align: 1.4259e+02 l_total: 6.1891e+02 
2026-06-24 16:13:51,910 INFO: [smal_..][epoch:  2, iter:   1,400, lr:(9.945e-04,9.945e-04,)][eta: 1:27:54, time (data): 0.345 (0.021)]l_bij: 2.5425e+02 l_orth: 2.4096e+02 l_align: 1.3137e+02 l_total: 6.2658e+02 
2026-06-24 16:14:01,954 INFO: [smal_..][epoch:  2, iter:   1,420, lr:(9.945e-04,9.945e-04,)][eta: 1:28:22, time (data): 0.455 (0.031)]l_bij: 2.5054e+02 l_orth: 2.3773e+02 l_align: 1.3036e+02 l_total: 6.1864e+02 
2026-06-24 16:14:06,803 INFO: [smal_..][epoch:  2, iter:   1,440, lr:(9.945e-04,9.945e-04,)][eta: 1:27:53, time (data): 0.326 (0.020)]l_bij: 2.5473e+02 l_orth: 2.3977e+02 l_align: 1.3207e+02 l_total: 6.2657e+02 
2026-06-24 16:14:14,496 INFO: [smal_..][epoch:  2, iter:   1,460, lr:(9.945e-04,9.945e-04,)][eta: 1:27:55, time (data): 0.348 (0.020)]l_bij: 2.4678e+02 l_orth: 2.3645e+02 l_align: 1.4270e+02 l_total: 6.2593e+02 
2026-06-24 16:14:21,247 INFO: [smal_..][epoch:  2, iter:   1,480, lr:(9.945e-04,9.945e-04,)][eta: 1:27:47, time (data): 0.345 (0.020)]l_bij: 2.5992e+02 l_orth: 2.4381e+02 l_align: 1.2615e+02 l_total: 6.2987e+02 
2026-06-24 16:14:26,137 INFO: [smal_..][epoch:  2, iter:   1,500, lr:(9.945e-04,9.945e-04,)][eta: 1:27:20, time (data): 0.323 (0.019)]l_bij: 2.5343e+02 l_orth: 2.3667e+02 l_align: 1.2590e+02 l_total: 6.1600e+02 
2026-06-24 16:14:31,367 INFO: [smal_..][epoch:  2, iter:   1,520, lr:(9.945e-04,9.945e-04,)][eta: 1:26:57, time (data): 0.312 (0.018)]l_bij: 2.5536e+02 l_orth: 2.3900e+02 l_align: 1.2966e+02 l_total: 6.2402e+02 
2026-06-24 16:14:36,930 INFO: [smal_..][epoch:  2, iter:   1,540, lr:(9.945e-04,9.945e-04,)][eta: 1:26:38, time (data): 0.307 (0.017)]l_bij: 2.5257e+02 l_orth: 2.3483e+02 l_align: 1.2978e+02 l_total: 6.1718e+02 
2026-06-24 16:14:42,288 INFO: [smal_..][epoch:  2, iter:   1,560, lr:(9.945e-04,9.945e-04,)][eta: 1:26:17, time (data): 0.302 (0.017)]l_bij: 2.4708e+02 l_orth: 2.3436e+02 l_align: 1.3937e+02 l_total: 6.2080e+02 
2026-06-24 16:14:47,625 INFO: [smal_..][epoch:  2, iter:   1,580, lr:(9.945e-04,9.945e-04,)][eta: 1:25:56, time (data): 0.298 (0.017)]l_bij: 2.5417e+02 l_orth: 2.3904e+02 l_align: 1.3078e+02 l_total: 6.2399e+02 
2026-06-24 16:14:52,770 INFO: [smal_..][epoch:  2, iter:   1,600, lr:(9.945e-04,9.945e-04,)][eta: 1:25:34, time (data): 0.294 (0.017)]l_bij: 2.5843e+02 l_orth: 2.4217e+02 l_align: 1.2023e+02 l_total: 6.2083e+02 
2026-06-24 16:14:58,094 INFO: [smal_..][epoch:  2, iter:   1,620, lr:(9.945e-04,9.945e-04,)][eta: 1:25:14, time (data): 0.263 (0.015)]l_bij: 2.5264e+02 l_orth: 2.3894e+02 l_align: 1.3903e+02 l_total: 6.3061e+02 
2026-06-24 16:15:03,343 INFO: [smal_..][epoch:  2, iter:   1,640, lr:(9.945e-04,9.945e-04,)][eta: 1:24:53, time (data): 0.263 (0.015)]l_bij: 2.3881e+02 l_orth: 2.2210e+02 l_align: 1.5169e+02 l_total: 6.1260e+02 
2026-06-24 16:15:08,543 INFO: [smal_..][epoch:  2, iter:   1,660, lr:(9.945e-04,9.945e-04,)][eta: 1:24:33, time (data): 0.261 (0.014)]l_bij: 2.5860e+02 l_orth: 2.4054e+02 l_align: 1.3083e+02 l_total: 6.2997e+02 
2026-06-24 16:15:13,758 INFO: [smal_..][epoch:  2, iter:   1,680, lr:(9.945e-04,9.945e-04,)][eta: 1:24:13, time (data): 0.261 (0.014)]l_bij: 2.2413e+02 l_orth: 2.1322e+02 l_align: 1.6338e+02 l_total: 6.0072e+02 
2026-06-24 16:15:19,168 INFO: [smal_..][epoch:  3, iter:   1,700, lr:(9.780e-04,9.780e-04,)][eta: 1:23:55, time (data): 0.263 (0.017)]l_bij: 2.5743e+02 l_orth: 2.4143e+02 l_align: 1.3275e+02 l_total: 6.3161e+02 
2026-06-24 16:15:24,471 INFO: [smal_..][epoch:  3, iter:   1,720, lr:(9.780e-04,9.780e-04,)][eta: 1:23:36, time (data): 0.263 (0.017)]l_bij: 2.6160e+02 l_orth: 2.4609e+02 l_align: 1.2347e+02 l_total: 6.3116e+02 
2026-06-24 16:15:29,619 INFO: [smal_..][epoch:  3, iter:   1,740, lr:(9.780e-04,9.780e-04,)][eta: 1:23:17, time (data): 0.263 (0.016)]l_bij: 2.5522e+02 l_orth: 2.4010e+02 l_align: 1.3090e+02 l_total: 6.2623e+02 
2026-06-24 16:15:34,869 INFO: [smal_..][epoch:  3, iter:   1,760, lr:(9.780e-04,9.780e-04,)][eta: 1:22:58, time (data): 0.262 (0.016)]l_bij: 2.6016e+02 l_orth: 2.4070e+02 l_align: 1.2818e+02 l_total: 6.2904e+02 
2026-06-24 16:15:40,166 INFO: [smal_..][epoch:  3, iter:   1,780, lr:(9.780e-04,9.780e-04,)][eta: 1:22:41, time (data): 0.263 (0.016)]l_bij: 2.5592e+02 l_orth: 2.3947e+02 l_align: 1.3296e+02 l_total: 6.2834e+02 
2026-06-24 16:15:45,376 INFO: [smal_..][epoch:  3, iter:   1,800, lr:(9.780e-04,9.780e-04,)][eta: 1:22:22, time (data): 0.262 (0.016)]l_bij: 2.5204e+02 l_orth: 2.3791e+02 l_align: 1.3140e+02 l_total: 6.2135e+02 
2026-06-24 16:15:50,617 INFO: [smal_..][epoch:  3, iter:   1,820, lr:(9.780e-04,9.780e-04,)][eta: 1:22:05, time (data): 0.262 (0.013)]l_bij: 2.5309e+02 l_orth: 2.3814e+02 l_align: 1.2957e+02 l_total: 6.2079e+02 
2026-06-24 16:15:55,776 INFO: [smal_..][epoch:  3, iter:   1,840, lr:(9.780e-04,9.780e-04,)][eta: 1:21:47, time (data): 0.259 (0.013)]l_bij: 2.5298e+02 l_orth: 2.3626e+02 l_align: 1.2805e+02 l_total: 6.1729e+02 
2026-06-24 16:16:01,042 INFO: [smal_..][epoch:  3, iter:   1,860, lr:(9.780e-04,9.780e-04,)][eta: 1:21:30, time (data): 0.261 (0.014)]l_bij: 2.4583e+02 l_orth: 2.3323e+02 l_align: 1.4005e+02 l_total: 6.1911e+02 
2026-06-24 16:16:06,097 INFO: [smal_..][epoch:  3, iter:   1,880, lr:(9.780e-04,9.780e-04,)][eta: 1:21:11, time (data): 0.258 (0.014)]l_bij: 2.5077e+02 l_orth: 2.3372e+02 l_align: 1.3336e+02 l_total: 6.1785e+02 
2026-06-24 16:16:10,965 INFO: [smal_..][epoch:  3, iter:   1,900, lr:(9.780e-04,9.780e-04,)][eta: 1:20:52, time (data): 0.255 (0.014)]l_bij: 2.4854e+02 l_orth: 2.3577e+02 l_align: 1.3258e+02 l_total: 6.1689e+02 
2026-06-24 16:16:15,880 INFO: [smal_..][epoch:  3, iter:   1,920, lr:(9.780e-04,9.780e-04,)][eta: 1:20:33, time (data): 0.253 (0.014)]l_bij: 2.5766e+02 l_orth: 2.3999e+02 l_align: 1.2668e+02 l_total: 6.2433e+02 
2026-06-24 16:16:20,756 INFO: [smal_..][epoch:  3, iter:   1,940, lr:(9.780e-04,9.780e-04,)][eta: 1:20:14, time (data): 0.252 (0.014)]l_bij: 2.5093e+02 l_orth: 2.3571e+02 l_align: 1.2643e+02 l_total: 6.1307e+02 
2026-06-24 16:16:25,658 INFO: [smal_..][epoch:  3, iter:   1,960, lr:(9.780e-04,9.780e-04,)][eta: 1:19:56, time (data): 0.251 (0.014)]l_bij: 2.4902e+02 l_orth: 2.3396e+02 l_align: 1.3841e+02 l_total: 6.2139e+02 
2026-06-24 16:16:30,553 INFO: [smal_..][epoch:  3, iter:   1,980, lr:(9.780e-04,9.780e-04,)][eta: 1:19:38, time (data): 0.250 (0.014)]l_bij: 2.5155e+02 l_orth: 2.3899e+02 l_align: 1.3416e+02 l_total: 6.2470e+02 
2026-06-24 16:16:35,459 INFO: [smal_..][epoch:  3, iter:   2,000, lr:(9.780e-04,9.780e-04,)][eta: 1:19:20, time (data): 0.250 (0.014)]l_bij: 2.6137e+02 l_orth: 2.4437e+02 l_align: 1.2245e+02 l_total: 6.2819e+02 
2026-06-24 16:16:35,460 INFO: Saving models and training states.
2026-06-24 16:16:35,484 INFO: Start validation.
2026-06-24 16:16:36,382 INFO: avg err:0.0000 | err:0.0000 | cougar_01 cougar_01
2026-06-24 16:16:36,575 INFO: avg err:0.1018 | err:0.2036 | cougar_01 cougar_02
2026-06-24 16:16:36,887 INFO: avg err:0.3522 | err:0.8530 | cougar_01 cougar_03
2026-06-24 16:16:37,084 INFO: avg err:0.4717 | err:0.8304 | cougar_01 cougar_04
2026-06-24 16:16:37,415 INFO: avg err:0.5221 | err:0.7235 | cougar_01 hippo_01
2026-06-24 16:16:37,634 INFO: avg err:0.5613 | err:0.7573 | cougar_01 hippo_02
2026-06-24 16:16:37,888 INFO: avg err:0.5148 | err:0.2358 | cougar_01 hippo_03
2026-06-24 16:16:38,104 INFO: avg err:0.5453 | err:0.7589 | cougar_01 hippo_04
2026-06-24 16:16:38,399 INFO: avg err:0.5657 | err:0.7288 | cougar_01 hippo_05
2026-06-24 16:16:38,609 INFO: avg err:0.5859 | err:0.7674 | cougar_01 hippo_06
2026-06-24 16:16:38,954 INFO: avg err:0.6047 | err:0.7927 | cougar_01 horse_01
2026-06-24 16:16:39,205 INFO: avg err:0.5651 | err:0.1294 | cougar_01 horse_02
2026-06-24 16:16:39,412 INFO: avg err:0.5793 | err:0.7504 | cougar_01 horse_03
2026-06-24 16:16:39,627 INFO: avg err:0.5923 | err:0.7614 | cougar_01 horse_04
2026-06-24 16:16:39,943 INFO: avg err:0.6033 | err:0.7573 | cougar_01 horse_05
2026-06-24 16:16:40,154 INFO: avg err:0.6131 | err:0.7604 | cougar_01 horse_06
2026-06-24 16:16:40,425 INFO: avg err:0.6221 | err:0.7647 | cougar_01 horse_07
2026-06-24 16:16:40,631 INFO: avg err:0.6313 | err:0.7892 | cougar_01 horse_08
2026-06-24 16:16:40,949 INFO: avg err:0.6165 | err:0.3496 | cougar_01 horse_09
2026-06-24 16:16:41,197 INFO: avg err:0.6016 | err:0.3181 | cougar_01 horse_10
2026-06-24 16:16:41,414 INFO: avg err:0.5816 | err:0.1807 | cougar_02 cougar_01
2026-06-24 16:16:41,621 INFO: avg err:0.5551 | err:0.0000 | cougar_02 cougar_02
2026-06-24 16:16:41,931 INFO: avg err:0.5708 | err:0.9150 | cougar_02 cougar_03
2026-06-24 16:16:42,134 INFO: avg err:0.5828 | err:0.8601 | cougar_02 cougar_04
2026-06-24 16:16:42,465 INFO: avg err:0.5901 | err:0.7637 | cougar_02 hippo_01
2026-06-24 16:16:42,689 INFO: avg err:0.5949 | err:0.7162 | cougar_02 hippo_02
2026-06-24 16:16:43,033 INFO: avg err:0.5814 | err:0.2307 | cougar_02 hippo_03
2026-06-24 16:16:43,249 INFO: avg err:0.5890 | err:0.7949 | cougar_02 hippo_04
2026-06-24 16:16:43,476 INFO: avg err:0.5954 | err:0.7729 | cougar_02 hippo_05
2026-06-24 16:16:43,683 INFO: avg err:0.6025 | err:0.8093 | cougar_02 hippo_06
2026-06-24 16:16:44,028 INFO: avg err:0.6119 | err:0.8936 | cougar_02 horse_01
2026-06-24 16:16:44,233 INFO: avg err:0.6038 | err:0.3527 | cougar_02 horse_02
2026-06-24 16:16:44,641 INFO: avg err:0.6105 | err:0.8247 | cougar_02 horse_03
2026-06-24 16:16:44,867 INFO: avg err:0.6168 | err:0.8239 | cougar_02 horse_04
2026-06-24 16:16:45,120 INFO: avg err:0.6223 | err:0.8109 | cougar_02 horse_05
2026-06-24 16:16:45,316 INFO: avg err:0.6274 | err:0.8068 | cougar_02 horse_06
2026-06-24 16:16:45,713 INFO: avg err:0.6304 | err:0.7378 | cougar_02 horse_07
2026-06-24 16:16:45,938 INFO: avg err:0.6368 | err:0.8715 | cougar_02 horse_08
2026-06-24 16:16:46,226 INFO: avg err:0.6277 | err:0.2833 | cougar_02 horse_09
2026-06-24 16:16:46,423 INFO: avg err:0.6204 | err:0.3367 | cougar_02 horse_10
2026-06-24 16:16:46,745 INFO: avg err:0.6268 | err:0.8818 | cougar_03 cougar_01
2026-06-24 16:16:46,946 INFO: avg err:0.6309 | err:0.8005 | cougar_03 cougar_02
2026-06-24 16:16:47,270 INFO: avg err:0.6163 | err:0.0000 | cougar_03 cougar_03
2026-06-24 16:16:47,491 INFO: avg err:0.6089 | err:0.2898 | cougar_03 cougar_04
2026-06-24 16:16:47,734 INFO: avg err:0.6017 | err:0.2882 | cougar_03 hippo_01
2026-06-24 16:16:47,937 INFO: avg err:0.5973 | err:0.3961 | cougar_03 hippo_02
2026-06-24 16:16:48,269 INFO: avg err:0.6010 | err:0.7745 | cougar_03 hippo_03
2026-06-24 16:16:48,475 INFO: avg err:0.5935 | err:0.2409 | cougar_03 hippo_04
2026-06-24 16:16:48,793 INFO: avg err:0.5878 | err:0.3123 | cougar_03 hippo_05
2026-06-24 16:16:49,015 INFO: avg err:0.5851 | err:0.4511 | cougar_03 hippo_06
2026-06-24 16:16:49,285 INFO: avg err:0.5803 | err:0.3434 | cougar_03 horse_01
2026-06-24 16:16:49,505 INFO: avg err:0.5842 | err:0.7807 | cougar_03 horse_02
2026-06-24 16:16:49,772 INFO: avg err:0.5777 | err:0.2397 | cougar_03 horse_03
2026-06-24 16:16:49,969 INFO: avg err:0.5724 | err:0.2939 | cougar_03 horse_04
2026-06-24 16:16:50,316 INFO: avg err:0.5705 | err:0.4648 | cougar_03 horse_05
2026-06-24 16:16:50,537 INFO: avg err:0.5654 | err:0.2854 | cougar_03 horse_06
2026-06-24 16:16:50,789 INFO: avg err:0.5587 | err:0.1869 | cougar_03 horse_07
2026-06-24 16:16:51,004 INFO: avg err:0.5546 | err:0.3192 | cougar_03 horse_08
2026-06-24 16:16:51,329 INFO: avg err:0.5568 | err:0.6851 | cougar_03 horse_09
2026-06-24 16:16:51,525 INFO: avg err:0.5593 | err:0.7085 | cougar_03 horse_10
2026-06-24 16:16:51,881 INFO: avg err:0.5639 | err:0.8352 | cougar_04 cougar_01
2026-06-24 16:16:52,079 INFO: avg err:0.5685 | err:0.8518 | cougar_04 cougar_02
2026-06-24 16:16:52,347 INFO: avg err:0.5638 | err:0.2752 | cougar_04 cougar_03
2026-06-24 16:16:52,544 INFO: avg err:0.5550 | err:0.0000 | cougar_04 cougar_04
2026-06-24 16:16:52,913 INFO: avg err:0.5491 | err:0.1695 | cougar_04 hippo_01
2026-06-24 16:16:53,114 INFO: avg err:0.5462 | err:0.3568 | cougar_04 hippo_02
2026-06-24 16:16:53,450 INFO: avg err:0.5498 | err:0.7894 | cougar_04 hippo_03
2026-06-24 16:16:53,644 INFO: avg err:0.5446 | err:0.1953 | cougar_04 hippo_04
2026-06-24 16:16:53,966 INFO: avg err:0.5418 | err:0.3479 | cougar_04 hippo_05
2026-06-24 16:16:54,191 INFO: avg err:0.5378 | err:0.2641 | cougar_04 hippo_06
2026-06-24 16:16:54,453 INFO: avg err:0.5355 | err:0.3734 | cougar_04 horse_01
2026-06-24 16:16:54,648 INFO: avg err:0.5388 | err:0.7751 | cougar_04 horse_02
2026-06-24 16:16:54,962 INFO: avg err:0.5356 | err:0.3025 | cougar_04 horse_03
2026-06-24 16:16:55,187 INFO: avg err:0.5320 | err:0.2697 | cougar_04 horse_04
2026-06-24 16:16:55,457 INFO: avg err:0.5310 | err:0.4608 | cougar_04 horse_05
2026-06-24 16:16:55,654 INFO: avg err:0.5290 | err:0.3774 | cougar_04 horse_06
2026-06-24 16:16:55,959 INFO: avg err:0.5252 | err:0.2396 | cougar_04 horse_07
2026-06-24 16:16:56,154 INFO: avg err:0.5223 | err:0.2993 | cougar_04 horse_08
2026-06-24 16:16:56,525 INFO: avg err:0.5259 | err:0.8003 | cougar_04 horse_09
2026-06-24 16:16:56,727 INFO: avg err:0.5292 | err:0.7922 | cougar_04 horse_10
2026-06-24 16:16:57,068 INFO: avg err:0.5320 | err:0.7526 | hippo_01 cougar_01
2026-06-24 16:16:57,265 INFO: avg err:0.5342 | err:0.7197 | hippo_01 cougar_02
2026-06-24 16:16:57,609 INFO: avg err:0.5317 | err:0.3264 | hippo_01 cougar_03
2026-06-24 16:16:57,804 INFO: avg err:0.5276 | err:0.1832 | hippo_01 cougar_04
2026-06-24 16:16:58,080 INFO: avg err:0.5214 | err:0.0000 | hippo_01 hippo_01
2026-06-24 16:16:58,276 INFO: avg err:0.5170 | err:0.1408 | hippo_01 hippo_02
2026-06-24 16:16:58,618 INFO: avg err:0.5187 | err:0.6644 | hippo_01 hippo_03
2026-06-24 16:16:58,865 INFO: avg err:0.5141 | err:0.1165 | hippo_01 hippo_04
2026-06-24 16:16:59,087 INFO: avg err:0.5105 | err:0.1955 | hippo_01 hippo_05
2026-06-24 16:16:59,287 INFO: avg err:0.5066 | err:0.1629 | hippo_01 hippo_06
2026-06-24 16:16:59,579 INFO: avg err:0.5041 | err:0.2730 | hippo_01 horse_01
2026-06-24 16:16:59,781 INFO: avg err:0.5065 | err:0.7276 | hippo_01 horse_02
2026-06-24 16:17:00,091 INFO: avg err:0.5032 | err:0.1986 | hippo_01 horse_03
2026-06-24 16:17:00,309 INFO: avg err:0.5000 | err:0.2032 | hippo_01 horse_04
2026-06-24 16:17:00,644 INFO: avg err:0.4967 | err:0.1843 | hippo_01 horse_05
2026-06-24 16:17:00,844 INFO: avg err:0.4938 | err:0.2204 | hippo_01 horse_06
2026-06-24 16:17:01,078 INFO: avg err:0.4904 | err:0.1685 | hippo_01 horse_07
2026-06-24 16:17:01,278 INFO: avg err:0.4881 | err:0.2580 | hippo_01 horse_08
2026-06-24 16:17:01,616 INFO: avg err:0.4895 | err:0.6294 | hippo_01 horse_09
2026-06-24 16:17:01,815 INFO: avg err:0.4915 | err:0.6888 | hippo_01 horse_10
2026-06-24 16:17:02,124 INFO: avg err:0.4938 | err:0.7273 | hippo_02 cougar_01
2026-06-24 16:17:02,328 INFO: avg err:0.4959 | err:0.7050 | hippo_02 cougar_02
2026-06-24 16:17:02,646 INFO: avg err:0.4939 | err:0.2915 | hippo_02 cougar_03
2026-06-24 16:17:02,866 INFO: avg err:0.4910 | err:0.1878 | hippo_02 cougar_04
2026-06-24 16:17:03,126 INFO: avg err:0.4875 | err:0.1269 | hippo_02 hippo_01
2026-06-24 16:17:03,322 INFO: avg err:0.4829 | err:0.0000 | hippo_02 hippo_02
2026-06-24 16:17:03,645 INFO: avg err:0.4842 | err:0.6237 | hippo_02 hippo_03
2026-06-24 16:17:03,840 INFO: avg err:0.4819 | err:0.2292 | hippo_02 hippo_04
2026-06-24 16:17:04,259 INFO: avg err:0.4795 | err:0.2201 | hippo_02 hippo_05
2026-06-24 16:17:04,504 INFO: avg err:0.4761 | err:0.1138 | hippo_02 hippo_06
2026-06-24 16:17:04,749 INFO: avg err:0.4743 | err:0.2674 | hippo_02 horse_01
2026-06-24 16:17:04,947 INFO: avg err:0.4756 | err:0.6277 | hippo_02 horse_02
2026-06-24 16:17:05,282 INFO: avg err:0.4734 | err:0.2243 | hippo_02 horse_03
2026-06-24 16:17:05,480 INFO: avg err:0.4710 | err:0.1955 | hippo_02 horse_04
2026-06-24 16:17:05,804 INFO: avg err:0.4680 | err:0.1348 | hippo_02 horse_05
2026-06-24 16:17:06,007 INFO: avg err:0.4661 | err:0.2382 | hippo_02 horse_06
2026-06-24 16:17:06,298 INFO: avg err:0.4641 | err:0.2340 | hippo_02 horse_07
2026-06-24 16:17:06,542 INFO: avg err:0.4620 | err:0.2184 | hippo_02 horse_08
2026-06-24 16:17:06,887 INFO: avg err:0.4631 | err:0.5905 | hippo_02 horse_09
2026-06-24 16:17:07,084 INFO: avg err:0.4643 | err:0.6148 | hippo_02 horse_10
2026-06-24 16:17:07,460 INFO: avg err:0.4623 | err:0.2169 | hippo_03 cougar_01
2026-06-24 16:17:07,682 INFO: avg err:0.4601 | err:0.1949 | hippo_03 cougar_02
2026-06-24 16:17:07,936 INFO: avg err:0.4617 | err:0.6624 | hippo_03 cougar_03
2026-06-24 16:17:08,135 INFO: avg err:0.4633 | err:0.6519 | hippo_03 cougar_04
2026-06-24 16:17:08,489 INFO: avg err:0.4643 | err:0.5918 | hippo_03 hippo_01
2026-06-24 16:17:08,740 INFO: avg err:0.4653 | err:0.5889 | hippo_03 hippo_02
2026-06-24 16:17:08,960 INFO: avg err:0.4616 | err:0.0000 | hippo_03 hippo_03
2026-06-24 16:17:09,164 INFO: avg err:0.4625 | err:0.5771 | hippo_03 hippo_04
2026-06-24 16:17:09,440 INFO: avg err:0.4640 | err:0.6572 | hippo_03 hippo_05
2026-06-24 16:17:09,661 INFO: avg err:0.4644 | err:0.5052 | hippo_03 hippo_06
2026-06-24 16:17:09,961 INFO: avg err:0.4659 | err:0.6598 | hippo_03 horse_01
2026-06-24 16:17:10,181 INFO: avg err:0.4643 | err:0.2559 | hippo_03 horse_02
2026-06-24 16:17:10,486 INFO: avg err:0.4654 | err:0.6197 | hippo_03 horse_03
2026-06-24 16:17:10,685 INFO: avg err:0.4666 | err:0.6258 | hippo_03 horse_04
2026-06-24 16:17:10,993 INFO: avg err:0.4677 | err:0.6098 | hippo_03 horse_05
2026-06-24 16:17:11,211 INFO: avg err:0.4690 | err:0.6437 | hippo_03 horse_06
2026-06-24 16:17:11,529 INFO: avg err:0.4701 | err:0.6268 | hippo_03 horse_07
2026-06-24 16:17:11,727 INFO: avg err:0.4711 | err:0.6067 | hippo_03 horse_08
2026-06-24 16:17:12,002 INFO: avg err:0.4700 | err:0.3101 | hippo_03 horse_09
2026-06-24 16:17:12,200 INFO: avg err:0.4699 | err:0.4676 | hippo_03 horse_10
2026-06-24 16:17:12,513 INFO: avg err:0.4717 | err:0.7123 | hippo_04 cougar_01
2026-06-24 16:17:12,720 INFO: avg err:0.4731 | err:0.6810 | hippo_04 cougar_02
2026-06-24 16:17:13,019 INFO: avg err:0.4713 | err:0.2131 | hippo_04 cougar_03
2026-06-24 16:17:13,219 INFO: avg err:0.4693 | err:0.1835 | hippo_04 cougar_04
2026-06-24 16:17:13,552 INFO: avg err:0.4667 | err:0.0925 | hippo_04 hippo_01
2026-06-24 16:17:13,752 INFO: avg err:0.4648 | err:0.1848 | hippo_04 hippo_02
2026-06-24 16:17:14,038 INFO: avg err:0.4659 | err:0.6229 | hippo_04 hippo_03
2026-06-24 16:17:14,238 INFO: avg err:0.4627 | err:0.0000 | hippo_04 hippo_04
2026-06-24 16:17:14,578 INFO: avg err:0.4613 | err:0.2445 | hippo_04 hippo_05
2026-06-24 16:17:14,787 INFO: avg err:0.4599 | err:0.2560 | hippo_04 hippo_06
2026-06-24 16:17:15,042 INFO: avg err:0.4583 | err:0.2273 | hippo_04 horse_01
2026-06-24 16:17:15,262 INFO: avg err:0.4595 | err:0.6347 | hippo_04 horse_02
2026-06-24 16:17:15,560 INFO: avg err:0.4576 | err:0.1705 | hippo_04 horse_03
2026-06-24 16:17:15,782 INFO: avg err:0.4554 | err:0.1221 | hippo_04 horse_04
2026-06-24 16:17:16,073 INFO: avg err:0.4540 | err:0.2356 | hippo_04 horse_05
2026-06-24 16:17:16,272 INFO: avg err:0.4522 | err:0.1685 | hippo_04 horse_06
2026-06-24 16:17:16,597 INFO: avg err:0.4501 | err:0.1224 | hippo_04 horse_07
2026-06-24 16:17:16,820 INFO: avg err:0.4483 | err:0.1645 | hippo_04 horse_08
2026-06-24 16:17:17,044 INFO: avg err:0.4489 | err:0.5465 | hippo_04 horse_09
2026-06-24 16:17:17,240 INFO: avg err:0.4498 | err:0.5899 | hippo_04 horse_10
2026-06-24 16:17:17,539 INFO: avg err:0.4512 | err:0.6842 | hippo_05 cougar_01
2026-06-24 16:17:17,737 INFO: avg err:0.4525 | err:0.6594 | hippo_05 cougar_02
2026-06-24 16:17:18,077 INFO: avg err:0.4517 | err:0.3154 | hippo_05 cougar_03
2026-06-24 16:17:18,293 INFO: avg err:0.4507 | err:0.2932 | hippo_05 cougar_04
2026-06-24 16:17:18,539 INFO: avg err:0.4492 | err:0.1945 | hippo_05 hippo_01
2026-06-24 16:17:18,747 INFO: avg err:0.4476 | err:0.1951 | hippo_05 hippo_02
2026-06-24 16:17:19,060 INFO: avg err:0.4489 | err:0.6514 | hippo_05 hippo_03
2026-06-24 16:17:19,268 INFO: avg err:0.4471 | err:0.1598 | hippo_05 hippo_04
2026-06-24 16:17:19,582 INFO: avg err:0.4445 | err:0.0000 | hippo_05 hippo_05
2026-06-24 16:17:19,793 INFO: avg err:0.4443 | err:0.4147 | hippo_05 hippo_06
2026-06-24 16:17:20,086 INFO: avg err:0.4424 | err:0.1115 | hippo_05 horse_01
2026-06-24 16:17:20,293 INFO: avg err:0.4433 | err:0.6081 | hippo_05 horse_02
2026-06-24 16:17:20,555 INFO: avg err:0.4416 | err:0.1442 | hippo_05 horse_03
2026-06-24 16:17:20,831 INFO: avg err:0.4401 | err:0.1790 | hippo_05 horse_04
2026-06-24 16:17:21,051 INFO: avg err:0.4393 | err:0.2977 | hippo_05 horse_05
2026-06-24 16:17:21,383 INFO: avg err:0.4377 | err:0.1531 | hippo_05 horse_06
2026-06-24 16:17:21,642 INFO: avg err:0.4365 | err:0.2380 | hippo_05 horse_07
2026-06-24 16:17:21,867 INFO: avg err:0.4353 | err:0.2262 | hippo_05 horse_08
2026-06-24 16:17:22,144 INFO: avg err:0.4355 | err:0.4548 | hippo_05 horse_09
2026-06-24 16:17:22,378 INFO: avg err:0.4356 | err:0.4652 | hippo_05 horse_10
2026-06-24 16:17:22,657 INFO: avg err:0.4368 | err:0.6503 | hippo_06 cougar_01
2026-06-24 16:17:22,930 INFO: avg err:0.4381 | err:0.6642 | hippo_06 cougar_02
2026-06-24 16:17:23,162 INFO: avg err:0.4374 | err:0.3148 | hippo_06 cougar_03
2026-06-24 16:17:23,412 INFO: avg err:0.4361 | err:0.2085 | hippo_06 cougar_04
2026-06-24 16:17:23,663 INFO: avg err:0.4347 | err:0.1631 | hippo_06 hippo_01
2026-06-24 16:17:23,912 INFO: avg err:0.4332 | err:0.1610 | hippo_06 hippo_02
2026-06-24 16:17:24,165 INFO: avg err:0.4337 | err:0.5342 | hippo_06 hippo_03
2026-06-24 16:17:24,469 INFO: avg err:0.4329 | err:0.2748 | hippo_06 hippo_04
2026-06-24 16:17:24,732 INFO: avg err:0.4322 | err:0.3051 | hippo_06 hippo_05
2026-06-24 16:17:24,940 INFO: avg err:0.4299 | err:0.0000 | hippo_06 hippo_06
2026-06-24 16:17:25,230 INFO: avg err:0.4292 | err:0.2860 | hippo_06 horse_01
2026-06-24 16:17:25,464 INFO: avg err:0.4305 | err:0.6801 | hippo_06 horse_02
2026-06-24 16:17:25,716 INFO: avg err:0.4297 | err:0.2876 | hippo_06 horse_03
2026-06-24 16:17:25,925 INFO: avg err:0.4291 | err:0.2972 | hippo_06 horse_04
2026-06-24 16:17:26,286 INFO: avg err:0.4275 | err:0.1227 | hippo_06 horse_05
2026-06-24 16:17:26,510 INFO: avg err:0.4266 | err:0.2589 | hippo_06 horse_06
2026-06-24 16:17:26,782 INFO: avg err:0.4260 | err:0.2996 | hippo_06 horse_07
2026-06-24 16:17:26,990 INFO: avg err:0.4251 | err:0.2436 | hippo_06 horse_08
2026-06-24 16:17:27,328 INFO: avg err:0.4260 | err:0.6164 | hippo_06 horse_09
2026-06-24 16:17:27,541 INFO: avg err:0.4272 | err:0.6679 | hippo_06 horse_10
2026-06-24 16:17:27,819 INFO: avg err:0.4295 | err:0.8888 | horse_01 cougar_01
2026-06-24 16:17:28,063 INFO: avg err:0.4314 | err:0.8104 | horse_01 cougar_02
2026-06-24 16:17:28,373 INFO: avg err:0.4314 | err:0.4381 | horse_01 cougar_03
2026-06-24 16:17:28,646 INFO: avg err:0.4313 | err:0.3995 | horse_01 cougar_04
2026-06-24 16:17:28,909 INFO: avg err:0.4309 | err:0.3422 | horse_01 hippo_01
2026-06-24 16:17:29,120 INFO: avg err:0.4297 | err:0.1968 | horse_01 hippo_02
2026-06-24 16:17:29,479 INFO: avg err:0.4313 | err:0.7621 | horse_01 hippo_03
2026-06-24 16:17:29,693 INFO: avg err:0.4306 | err:0.2875 | horse_01 hippo_04
2026-06-24 16:17:29,909 INFO: avg err:0.4292 | err:0.1379 | horse_01 hippo_05
2026-06-24 16:17:30,267 INFO: avg err:0.4291 | err:0.4006 | horse_01 hippo_06
2026-06-24 16:17:30,478 INFO: avg err:0.4271 | err:0.0000 | horse_01 horse_01
2026-06-24 16:17:30,803 INFO: avg err:0.4281 | err:0.6401 | horse_01 horse_02
2026-06-24 16:17:31,011 INFO: avg err:0.4276 | err:0.3374 | horse_01 horse_03
2026-06-24 16:17:31,368 INFO: avg err:0.4268 | err:0.2426 | horse_01 horse_04
2026-06-24 16:17:31,589 INFO: avg err:0.4262 | err:0.3095 | horse_01 horse_05
2026-06-24 16:17:31,899 INFO: avg err:0.4258 | err:0.3235 | horse_01 horse_06
2026-06-24 16:17:32,117 INFO: avg err:0.4255 | err:0.3601 | horse_01 horse_07
2026-06-24 16:17:32,397 INFO: avg err:0.4253 | err:0.3886 | horse_01 horse_08
2026-06-24 16:17:32,625 INFO: avg err:0.4261 | err:0.6031 | horse_01 horse_09
2026-06-24 16:17:32,899 INFO: avg err:0.4270 | err:0.6284 | horse_01 horse_10
2026-06-24 16:17:33,110 INFO: avg err:0.4258 | err:0.1677 | horse_02 cougar_01
2026-06-24 16:17:33,430 INFO: avg err:0.4254 | err:0.3171 | horse_02 cougar_02
2026-06-24 16:17:33,627 INFO: avg err:0.4271 | err:0.8207 | horse_02 cougar_03
2026-06-24 16:17:34,039 INFO: avg err:0.4289 | err:0.8234 | horse_02 cougar_04
2026-06-24 16:17:34,239 INFO: avg err:0.4302 | err:0.7201 | horse_02 hippo_01
2026-06-24 16:17:34,575 INFO: avg err:0.4311 | err:0.6380 | horse_02 hippo_02
2026-06-24 16:17:34,787 INFO: avg err:0.4312 | err:0.4580 | horse_02 hippo_03
2026-06-24 16:17:35,071 INFO: avg err:0.4324 | err:0.7053 | horse_02 hippo_04
2026-06-24 16:17:35,273 INFO: avg err:0.4332 | err:0.6138 | horse_02 hippo_05
2026-06-24 16:17:35,578 INFO: avg err:0.4343 | err:0.6891 | horse_02 hippo_06
2026-06-24 16:17:35,786 INFO: avg err:0.4353 | err:0.6458 | horse_02 horse_01
2026-06-24 16:17:36,141 INFO: avg err:0.4334 | err:0.0000 | horse_02 horse_02
2026-06-24 16:17:36,397 INFO: avg err:0.4345 | err:0.6850 | horse_02 horse_03
2026-06-24 16:17:36,670 INFO: avg err:0.4357 | err:0.7197 | horse_02 horse_04
2026-06-24 16:17:36,882 INFO: avg err:0.4366 | err:0.6555 | horse_02 horse_05
2026-06-24 16:17:37,225 INFO: avg err:0.4380 | err:0.7691 | horse_02 horse_06
2026-06-24 16:17:37,432 INFO: avg err:0.4393 | err:0.7408 | horse_02 horse_07
2026-06-24 16:17:37,729 INFO: avg err:0.4397 | err:0.5460 | horse_02 horse_08
2026-06-24 16:17:37,930 INFO: avg err:0.4392 | err:0.3169 | horse_02 horse_09
2026-06-24 16:17:38,353 INFO: avg err:0.4388 | err:0.3274 | horse_02 horse_10
2026-06-24 16:17:38,551 INFO: avg err:0.4404 | err:0.8299 | horse_03 cougar_01
2026-06-24 16:17:38,873 INFO: avg err:0.4419 | err:0.8176 | horse_03 cougar_02
2026-06-24 16:17:39,122 INFO: avg err:0.4414 | err:0.3214 | horse_03 cougar_03
2026-06-24 16:17:39,373 INFO: avg err:0.4411 | err:0.3506 | horse_03 cougar_04
2026-06-24 16:17:39,572 INFO: avg err:0.4406 | err:0.3162 | horse_03 hippo_01
2026-06-24 16:17:39,867 INFO: avg err:0.4400 | err:0.3058 | horse_03 hippo_02
2026-06-24 16:17:40,076 INFO: avg err:0.4408 | err:0.6317 | horse_03 hippo_03
2026-06-24 16:17:40,386 INFO: avg err:0.4401 | err:0.2748 | horse_03 hippo_04
2026-06-24 16:17:40,590 INFO: avg err:0.4392 | err:0.2093 | horse_03 hippo_05
2026-06-24 16:17:40,885 INFO: avg err:0.4391 | err:0.4044 | horse_03 hippo_06
2026-06-24 16:17:41,088 INFO: avg err:0.4385 | err:0.2961 | horse_03 horse_01
2026-06-24 16:17:41,416 INFO: avg err:0.4399 | err:0.7890 | horse_03 horse_02
2026-06-24 16:17:41,632 INFO: avg err:0.4381 | err:0.0000 | horse_03 horse_03
2026-06-24 16:17:41,881 INFO: avg err:0.4369 | err:0.1144 | horse_03 horse_04
2026-06-24 16:17:42,080 INFO: avg err:0.4367 | err:0.4046 | horse_03 horse_05
2026-06-24 16:17:42,397 INFO: avg err:0.4352 | err:0.0523 | horse_03 horse_06
2026-06-24 16:17:42,596 INFO: avg err:0.4349 | err:0.3388 | horse_03 horse_07
2026-06-24 16:17:42,882 INFO: avg err:0.4347 | err:0.3971 | horse_03 horse_08
2026-06-24 16:17:43,094 INFO: avg err:0.4350 | err:0.5162 | horse_03 horse_09
2026-06-24 16:17:43,384 INFO: avg err:0.4352 | err:0.4901 | horse_03 horse_10
2026-06-24 16:17:43,595 INFO: avg err:0.4369 | err:0.8788 | horse_04 cougar_01
2026-06-24 16:17:43,890 INFO: avg err:0.4386 | err:0.8671 | horse_04 cougar_02
2026-06-24 16:17:44,125 INFO: avg err:0.4383 | err:0.3684 | horse_04 cougar_03
2026-06-24 16:17:44,406 INFO: avg err:0.4380 | err:0.3564 | horse_04 cougar_04
2026-06-24 16:17:44,615 INFO: avg err:0.4375 | err:0.2975 | horse_04 hippo_01
2026-06-24 16:17:44,930 INFO: avg err:0.4368 | err:0.2688 | horse_04 hippo_02
2026-06-24 16:17:45,139 INFO: avg err:0.4380 | err:0.7533 | horse_04 hippo_03
2026-06-24 16:17:45,419 INFO: avg err:0.4373 | err:0.2296 | horse_04 hippo_04
2026-06-24 16:17:45,655 INFO: avg err:0.4368 | err:0.3101 | horse_04 hippo_05
2026-06-24 16:17:45,992 INFO: avg err:0.4370 | err:0.4845 | horse_04 hippo_06
2026-06-24 16:17:46,204 INFO: avg err:0.4362 | err:0.2247 | horse_04 horse_01
2026-06-24 16:17:46,499 INFO: avg err:0.4375 | err:0.8063 | horse_04 horse_02
2026-06-24 16:17:46,752 INFO: avg err:0.4367 | err:0.2067 | horse_04 horse_03
2026-06-24 16:17:47,013 INFO: avg err:0.4351 | err:0.0000 | horse_04 horse_04
2026-06-24 16:17:47,226 INFO: avg err:0.4348 | err:0.3582 | horse_04 horse_05
2026-06-24 16:17:47,522 INFO: avg err:0.4338 | err:0.1554 | horse_04 horse_06
2026-06-24 16:17:47,730 INFO: avg err:0.4332 | err:0.2798 | horse_04 horse_07
2026-06-24 16:17:47,991 INFO: avg err:0.4331 | err:0.4009 | horse_04 horse_08
2026-06-24 16:17:48,208 INFO: avg err:0.4337 | err:0.6033 | horse_04 horse_09
2026-06-24 16:17:48,594 INFO: avg err:0.4346 | err:0.6802 | horse_04 horse_10
2026-06-24 16:17:48,806 INFO: avg err:0.4364 | err:0.9368 | horse_05 cougar_01
2026-06-24 16:17:49,114 INFO: avg err:0.4381 | err:0.9280 | horse_05 cougar_02
2026-06-24 16:17:49,361 INFO: avg err:0.4383 | err:0.4690 | horse_05 cougar_03
2026-06-24 16:17:49,647 INFO: avg err:0.4381 | err:0.3932 | horse_05 cougar_04
2026-06-24 16:17:49,857 INFO: avg err:0.4377 | err:0.3219 | horse_05 hippo_01
2026-06-24 16:17:50,206 INFO: avg err:0.4366 | err:0.1399 | horse_05 hippo_02
2026-06-24 16:17:50,431 INFO: avg err:0.4379 | err:0.8018 | horse_05 hippo_03
2026-06-24 16:17:50,710 INFO: avg err:0.4379 | err:0.4291 | horse_05 hippo_04
2026-06-24 16:17:50,909 INFO: avg err:0.4379 | err:0.4363 | horse_05 hippo_05
2026-06-24 16:17:51,223 INFO: avg err:0.4370 | err:0.1864 | horse_05 hippo_06
2026-06-24 16:17:51,426 INFO: avg err:0.4368 | err:0.3854 | horse_05 horse_01
2026-06-24 16:17:51,725 INFO: avg err:0.4385 | err:0.9149 | horse_05 horse_02
2026-06-24 16:17:51,933 INFO: avg err:0.4381 | err:0.3282 | horse_05 horse_03
2026-06-24 16:17:52,289 INFO: avg err:0.4377 | err:0.3059 | horse_05 horse_04
2026-06-24 16:17:52,488 INFO: avg err:0.4362 | err:0.0000 | horse_05 horse_05
2026-06-24 16:17:52,815 INFO: avg err:0.4360 | err:0.4000 | horse_05 horse_06
2026-06-24 16:17:53,034 INFO: avg err:0.4361 | err:0.4519 | horse_05 horse_07
2026-06-24 16:17:53,313 INFO: avg err:0.4358 | err:0.3512 | horse_05 horse_08
2026-06-24 16:17:53,514 INFO: avg err:0.4371 | err:0.8155 | horse_05 horse_09
2026-06-24 16:17:53,832 INFO: avg err:0.4384 | err:0.8219 | horse_05 horse_10
2026-06-24 16:17:54,036 INFO: avg err:0.4397 | err:0.8281 | horse_06 cougar_01
2026-06-24 16:17:54,408 INFO: avg err:0.4410 | err:0.8359 | horse_06 cougar_02
2026-06-24 16:17:54,615 INFO: avg err:0.4407 | err:0.3557 | horse_06 cougar_03
2026-06-24 16:17:54,912 INFO: avg err:0.4401 | err:0.2613 | horse_06 cougar_04
2026-06-24 16:17:55,116 INFO: avg err:0.4397 | err:0.3226 | horse_06 hippo_01
2026-06-24 16:17:55,407 INFO: avg err:0.4394 | err:0.3408 | horse_06 hippo_02
2026-06-24 16:17:55,611 INFO: avg err:0.4403 | err:0.7258 | horse_06 hippo_03
2026-06-24 16:17:55,919 INFO: avg err:0.4398 | err:0.2739 | horse_06 hippo_04
2026-06-24 16:17:56,121 INFO: avg err:0.4391 | err:0.2131 | horse_06 hippo_05
2026-06-24 16:17:56,420 INFO: avg err:0.4391 | err:0.4660 | horse_06 hippo_06
2026-06-24 16:17:56,620 INFO: avg err:0.4388 | err:0.3276 | horse_06 horse_01
2026-06-24 16:17:56,956 INFO: avg err:0.4399 | err:0.7887 | horse_06 horse_02
2026-06-24 16:17:57,156 INFO: avg err:0.4386 | err:0.0457 | horse_06 horse_03
2026-06-24 16:17:57,487 INFO: avg err:0.4377 | err:0.1542 | horse_06 horse_04
2026-06-24 16:17:57,708 INFO: avg err:0.4379 | err:0.4755 | horse_06 horse_05
2026-06-24 16:17:58,000 INFO: avg err:0.4365 | err:0.0000 | horse_06 horse_06
2026-06-24 16:17:58,200 INFO: avg err:0.4355 | err:0.1375 | horse_06 horse_07
2026-06-24 16:17:58,558 INFO: avg err:0.4354 | err:0.3809 | horse_06 horse_08
2026-06-24 16:17:58,774 INFO: avg err:0.4358 | err:0.5696 | horse_06 horse_09
2026-06-24 16:17:59,015 INFO: avg err:0.4361 | err:0.5471 | horse_06 horse_10
2026-06-24 16:17:59,215 INFO: avg err:0.4374 | err:0.8529 | horse_07 cougar_01
2026-06-24 16:17:59,493 INFO: avg err:0.4387 | err:0.8568 | horse_07 cougar_02
2026-06-24 16:17:59,693 INFO: avg err:0.4381 | err:0.2259 | horse_07 cougar_03
2026-06-24 16:18:00,020 INFO: avg err:0.4375 | err:0.2437 | horse_07 cougar_04
2026-06-24 16:18:00,230 INFO: avg err:0.4369 | err:0.2609 | horse_07 hippo_01
2026-06-24 16:18:00,540 INFO: avg err:0.4366 | err:0.3225 | horse_07 hippo_02
2026-06-24 16:18:00,739 INFO: avg err:0.4377 | err:0.7997 | horse_07 hippo_03
2026-06-24 16:18:01,071 INFO: avg err:0.4369 | err:0.1912 | horse_07 hippo_04
2026-06-24 16:18:01,277 INFO: avg err:0.4364 | err:0.2550 | horse_07 hippo_05
2026-06-24 16:18:01,574 INFO: avg err:0.4363 | err:0.4027 | horse_07 hippo_06
2026-06-24 16:18:01,817 INFO: avg err:0.4359 | err:0.3108 | horse_07 horse_01
2026-06-24 16:18:02,039 INFO: avg err:0.4368 | err:0.7312 | horse_07 horse_02
2026-06-24 16:18:02,240 INFO: avg err:0.4365 | err:0.3483 | horse_07 horse_03
2026-06-24 16:18:02,550 INFO: avg err:0.4359 | err:0.2373 | horse_07 horse_04
2026-06-24 16:18:02,768 INFO: avg err:0.4360 | err:0.4518 | horse_07 horse_05
2026-06-24 16:18:03,079 INFO: avg err:0.4353 | err:0.1990 | horse_07 horse_06
2026-06-24 16:18:03,298 INFO: avg err:0.4340 | err:0.0000 | horse_07 horse_07
2026-06-24 16:18:03,615 INFO: avg err:0.4334 | err:0.2289 | horse_07 horse_08
2026-06-24 16:18:03,834 INFO: avg err:0.4338 | err:0.5918 | horse_07 horse_09
2026-06-24 16:18:04,168 INFO: avg err:0.4348 | err:0.7561 | horse_07 horse_10
2026-06-24 16:18:04,366 INFO: avg err:0.4362 | err:0.9035 | horse_08 cougar_01
2026-06-24 16:18:04,612 INFO: avg err:0.4374 | err:0.8446 | horse_08 cougar_02
2026-06-24 16:18:04,819 INFO: avg err:0.4372 | err:0.3958 | horse_08 cougar_03
2026-06-24 16:18:05,125 INFO: avg err:0.4369 | err:0.3316 | horse_08 cougar_04
2026-06-24 16:18:05,324 INFO: avg err:0.4367 | err:0.3675 | horse_08 hippo_01
2026-06-24 16:18:05,690 INFO: avg err:0.4365 | err:0.3615 | horse_08 hippo_02
2026-06-24 16:18:05,900 INFO: avg err:0.4375 | err:0.7858 | horse_08 hippo_03
2026-06-24 16:18:06,136 INFO: avg err:0.4372 | err:0.3142 | horse_08 hippo_04
2026-06-24 16:18:06,348 INFO: avg err:0.4368 | err:0.2964 | horse_08 hippo_05
2026-06-24 16:18:06,647 INFO: avg err:0.4371 | err:0.5431 | horse_08 hippo_06
2026-06-24 16:18:06,854 INFO: avg err:0.4367 | err:0.3084 | horse_08 horse_01
2026-06-24 16:18:07,154 INFO: avg err:0.4375 | err:0.7135 | horse_08 horse_02
2026-06-24 16:18:07,361 INFO: avg err:0.4374 | err:0.4168 | horse_08 horse_03
2026-06-24 16:18:07,683 INFO: avg err:0.4373 | err:0.3919 | horse_08 horse_04
2026-06-24 16:18:07,908 INFO: avg err:0.4375 | err:0.5220 | horse_08 horse_05
2026-06-24 16:18:08,142 INFO: avg err:0.4371 | err:0.3018 | horse_08 horse_06
2026-06-24 16:18:08,346 INFO: avg err:0.4364 | err:0.1871 | horse_08 horse_07
2026-06-24 16:18:08,672 INFO: avg err:0.4352 | err:0.0000 | horse_08 horse_08
2026-06-24 16:18:08,873 INFO: avg err:0.4355 | err:0.5313 | horse_08 horse_09
2026-06-24 16:18:09,177 INFO: avg err:0.4359 | err:0.5921 | horse_08 horse_10
2026-06-24 16:18:09,378 INFO: avg err:0.4359 | err:0.4386 | horse_09 cougar_01
2026-06-24 16:18:09,686 INFO: avg err:0.4355 | err:0.2680 | horse_09 cougar_02
2026-06-24 16:18:09,888 INFO: avg err:0.4365 | err:0.8171 | horse_09 cougar_03
2026-06-24 16:18:10,195 INFO: avg err:0.4375 | err:0.7745 | horse_09 cougar_04
2026-06-24 16:18:10,396 INFO: avg err:0.4382 | err:0.7000 | horse_09 hippo_01
2026-06-24 16:18:10,706 INFO: avg err:0.4389 | err:0.7106 | horse_09 hippo_02
2026-06-24 16:18:10,909 INFO: avg err:0.4392 | err:0.5264 | horse_09 hippo_03
2026-06-24 16:18:11,285 INFO: avg err:0.4398 | err:0.6787 | horse_09 hippo_04
2026-06-24 16:18:11,483 INFO: avg err:0.4399 | err:0.4851 | horse_09 hippo_05
2026-06-24 16:18:11,923 INFO: avg err:0.4406 | err:0.6735 | horse_09 hippo_06
2026-06-24 16:18:12,120 INFO: avg err:0.4411 | err:0.6441 | horse_09 horse_01
2026-06-24 16:18:12,394 INFO: avg err:0.4407 | err:0.2824 | horse_09 horse_02
2026-06-24 16:18:12,626 INFO: avg err:0.4409 | err:0.5069 | horse_09 horse_03
2026-06-24 16:18:12,893 INFO: avg err:0.4416 | err:0.7309 | horse_09 horse_04
2026-06-24 16:18:13,098 INFO: avg err:0.4423 | err:0.7072 | horse_09 horse_05
2026-06-24 16:18:13,405 INFO: avg err:0.4431 | err:0.7107 | horse_09 horse_06
2026-06-24 16:18:13,612 INFO: avg err:0.4439 | err:0.7465 | horse_09 horse_07
2026-06-24 16:18:13,937 INFO: avg err:0.4441 | err:0.5246 | horse_09 horse_08
2026-06-24 16:18:14,161 INFO: avg err:0.4429 | err:0.0000 | horse_09 horse_09
2026-06-24 16:18:14,459 INFO: avg err:0.4423 | err:0.2246 | horse_09 horse_10
2026-06-24 16:18:14,693 INFO: avg err:0.4421 | err:0.3368 | horse_10 cougar_01
2026-06-24 16:18:14,940 INFO: avg err:0.4418 | err:0.3563 | horse_10 cougar_02
2026-06-24 16:18:15,145 INFO: avg err:0.4428 | err:0.7963 | horse_10 cougar_03
2026-06-24 16:18:15,482 INFO: avg err:0.4437 | err:0.8103 | horse_10 cougar_04
2026-06-24 16:18:15,695 INFO: avg err:0.4444 | err:0.7227 | horse_10 hippo_01
2026-06-24 16:18:15,987 INFO: avg err:0.4451 | err:0.6886 | horse_10 hippo_02
2026-06-24 16:18:16,187 INFO: avg err:0.4453 | err:0.5399 | horse_10 hippo_03
2026-06-24 16:18:16,508 INFO: avg err:0.4462 | err:0.7889 | horse_10 hippo_04
2026-06-24 16:18:16,715 INFO: avg err:0.4462 | err:0.4438 | horse_10 hippo_05
2026-06-24 16:18:17,061 INFO: avg err:0.4469 | err:0.7189 | horse_10 hippo_06
2026-06-24 16:18:17,260 INFO: avg err:0.4473 | err:0.6095 | horse_10 horse_01
2026-06-24 16:18:17,635 INFO: avg err:0.4470 | err:0.3179 | horse_10 horse_02
2026-06-24 16:18:17,835 INFO: avg err:0.4471 | err:0.5018 | horse_10 horse_03
2026-06-24 16:18:18,170 INFO: avg err:0.4476 | err:0.6540 | horse_10 horse_04
2026-06-24 16:18:18,423 INFO: avg err:0.4484 | err:0.7462 | horse_10 horse_05
2026-06-24 16:18:18,729 INFO: avg err:0.4487 | err:0.5718 | horse_10 horse_06
2026-06-24 16:18:18,932 INFO: avg err:0.4497 | err:0.8454 | horse_10 horse_07
2026-06-24 16:18:19,240 INFO: avg err:0.4499 | err:0.5234 | horse_10 horse_08
2026-06-24 16:18:19,438 INFO: avg err:0.4492 | err:0.1710 | horse_10 horse_09
2026-06-24 16:18:19,736 INFO: avg err:0.4481 | err:0.0000 | horse_10 horse_10
2026-06-24 16:18:19,766 INFO: Avg time: 0.0770
2026-06-24 16:18:20,226 INFO: Val auc: 0.2508
2026-06-24 16:18:20,232 INFO: Val avg error: 0.4481
2026-06-24 16:18:20,237 INFO: Best model is updated, average geodesic error: 0.4481
2026-06-24 16:18:20,292 INFO: [ONB diag] max|Q-I|: mean=9.0450e-02 max=1.1061e-01 | max|Φ̃ᵀMΦ̃-I|: mean=7.1138e-07 max=7.7486e-07
2026-06-24 16:18:25,197 INFO: [smal_..][epoch:  3, iter:   2,020, lr:(9.780e-04,9.780e-04,)][eta: 1:31:50, time (data): 0.244 (0.014)]l_bij: 2.5660e+02 l_orth: 2.4251e+02 l_align: 1.3666e+02 l_total: 6.3577e+02 
2026-06-24 16:18:30,180 INFO: [smal_..][epoch:  3, iter:   2,040, lr:(9.780e-04,9.780e-04,)][eta: 1:31:25, time (data): 0.247 (0.014)]l_bij: 2.6029e+02 l_orth: 2.4814e+02 l_align: 1.2641e+02 l_total: 6.3484e+02 
2026-06-24 16:18:35,073 INFO: [smal_..][epoch:  3, iter:   2,060, lr:(9.780e-04,9.780e-04,)][eta: 1:30:59, time (data): 0.246 (0.014)]l_bij: 2.4173e+02 l_orth: 2.2753e+02 l_align: 1.3799e+02 l_total: 6.0725e+02 
2026-06-24 16:18:39,983 INFO: [smal_..][epoch:  3, iter:   2,080, lr:(9.780e-04,9.780e-04,)][eta: 1:30:34, time (data): 0.246 (0.014)]l_bij: 2.5735e+02 l_orth: 2.4639e+02 l_align: 1.3612e+02 l_total: 6.3987e+02 
2026-06-24 16:18:44,887 INFO: [smal_..][epoch:  3, iter:   2,100, lr:(9.780e-04,9.780e-04,)][eta: 1:30:10, time (data): 0.246 (0.014)]l_bij: 2.2832e+02 l_orth: 2.1757e+02 l_align: 1.6520e+02 l_total: 6.1109e+02 
2026-06-24 16:18:49,806 INFO: [smal_..][epoch:  3, iter:   2,120, lr:(9.780e-04,9.780e-04,)][eta: 1:29:45, time (data): 0.246 (0.014)]l_bij: 2.5613e+02 l_orth: 2.4046e+02 l_align: 1.2335e+02 l_total: 6.1995e+02 
2026-06-24 16:18:54,682 INFO: [smal_..][epoch:  3, iter:   2,140, lr:(9.780e-04,9.780e-04,)][eta: 1:29:21, time (data): 0.245 (0.014)]l_bij: 2.3997e+02 l_orth: 2.2530e+02 l_align: 1.3692e+02 l_total: 6.0219e+02 
2026-06-24 16:18:59,543 INFO: [smal_..][epoch:  3, iter:   2,160, lr:(9.780e-04,9.780e-04,)][eta: 1:28:57, time (data): 0.245 (0.014)]l_bij: 2.4490e+02 l_orth: 2.3051e+02 l_align: 1.3185e+02 l_total: 6.0725e+02 
2026-06-24 16:19:04,417 INFO: [smal_..][epoch:  3, iter:   2,180, lr:(9.780e-04,9.780e-04,)][eta: 1:28:34, time (data): 0.245 (0.014)]l_bij: 2.4924e+02 l_orth: 2.3398e+02 l_align: 1.3860e+02 l_total: 6.2182e+02 
2026-06-24 16:19:09,320 INFO: [smal_..][epoch:  3, iter:   2,200, lr:(9.780e-04,9.780e-04,)][eta: 1:28:11, time (data): 0.245 (0.014)]l_bij: 2.4270e+02 l_orth: 2.2921e+02 l_align: 1.3840e+02 l_total: 6.1031e+02 
2026-06-24 16:19:14,232 INFO: [smal_..][epoch:  3, iter:   2,220, lr:(9.780e-04,9.780e-04,)][eta: 1:27:48, time (data): 0.246 (0.014)]l_bij: 2.5306e+02 l_orth: 2.4516e+02 l_align: 1.3964e+02 l_total: 6.3786e+02 
2026-06-24 16:19:19,188 INFO: [smal_..][epoch:  3, iter:   2,240, lr:(9.780e-04,9.780e-04,)][eta: 1:27:26, time (data): 0.247 (0.014)]l_bij: 2.5258e+02 l_orth: 2.3726e+02 l_align: 1.2892e+02 l_total: 6.1876e+02 
2026-06-24 16:19:24,110 INFO: [smal_..][epoch:  3, iter:   2,260, lr:(9.780e-04,9.780e-04,)][eta: 1:27:05, time (data): 0.247 (0.014)]l_bij: 2.4897e+02 l_orth: 2.3875e+02 l_align: 1.3637e+02 l_total: 6.2410e+02 
2026-06-24 16:19:28,977 INFO: [smal_..][epoch:  3, iter:   2,280, lr:(9.780e-04,9.780e-04,)][eta: 1:26:43, time (data): 0.246 (0.014)]l_bij: 2.5117e+02 l_orth: 2.4334e+02 l_align: 1.3485e+02 l_total: 6.2936e+02 
2026-06-24 16:19:33,866 INFO: [smal_..][epoch:  3, iter:   2,300, lr:(9.780e-04,9.780e-04,)][eta: 1:26:21, time (data): 0.245 (0.014)]l_bij: 2.5233e+02 l_orth: 2.3366e+02 l_align: 1.3504e+02 l_total: 6.2102e+02 
2026-06-24 16:19:38,740 INFO: [smal_..][epoch:  3, iter:   2,320, lr:(9.780e-04,9.780e-04,)][eta: 1:26:00, time (data): 0.245 (0.014)]l_bij: 2.4821e+02 l_orth: 2.3178e+02 l_align: 1.3596e+02 l_total: 6.1596e+02 
2026-06-24 16:19:43,630 INFO: [smal_..][epoch:  3, iter:   2,340, lr:(9.780e-04,9.780e-04,)][eta: 1:25:39, time (data): 0.245 (0.014)]l_bij: 2.4233e+02 l_orth: 2.3002e+02 l_align: 1.3653e+02 l_total: 6.0888e+02 
2026-06-24 16:19:48,525 INFO: [smal_..][epoch:  3, iter:   2,360, lr:(9.780e-04,9.780e-04,)][eta: 1:25:18, time (data): 0.245 (0.014)]l_bij: 2.5774e+02 l_orth: 2.4379e+02 l_align: 1.2319e+02 l_total: 6.2472e+02 
2026-06-24 16:19:53,448 INFO: [smal_..][epoch:  3, iter:   2,380, lr:(9.780e-04,9.780e-04,)][eta: 1:24:58, time (data): 0.245 (0.014)]l_bij: 2.4878e+02 l_orth: 2.3488e+02 l_align: 1.3028e+02 l_total: 6.1395e+02 
2026-06-24 16:19:58,325 INFO: [smal_..][epoch:  3, iter:   2,400, lr:(9.780e-04,9.780e-04,)][eta: 1:24:38, time (data): 0.245 (0.014)]l_bij: 2.4200e+02 l_orth: 2.2744e+02 l_align: 1.4221e+02 l_total: 6.1165e+02 
2026-06-24 16:20:03,274 INFO: [smal_..][epoch:  3, iter:   2,420, lr:(9.780e-04,9.780e-04,)][eta: 1:24:19, time (data): 0.249 (0.015)]l_bij: 2.5460e+02 l_orth: 2.3983e+02 l_align: 1.2786e+02 l_total: 6.2229e+02 
2026-06-24 16:20:08,175 INFO: [smal_..][epoch:  3, iter:   2,440, lr:(9.780e-04,9.780e-04,)][eta: 1:23:59, time (data): 0.246 (0.014)]l_bij: 2.4737e+02 l_orth: 2.3081e+02 l_align: 1.3962e+02 l_total: 6.1780e+02 
2026-06-24 16:20:13,086 INFO: [smal_..][epoch:  3, iter:   2,460, lr:(9.780e-04,9.780e-04,)][eta: 1:23:40, time (data): 0.246 (0.015)]l_bij: 2.3734e+02 l_orth: 2.2404e+02 l_align: 1.4596e+02 l_total: 6.0734e+02 
2026-06-24 16:20:17,977 INFO: [smal_..][epoch:  3, iter:   2,480, lr:(9.780e-04,9.780e-04,)][eta: 1:23:21, time (data): 0.245 (0.014)]l_bij: 2.4698e+02 l_orth: 2.3097e+02 l_align: 1.3703e+02 l_total: 6.1499e+02 
2026-06-24 16:20:23,040 INFO: [smal_..][epoch:  3, iter:   2,500, lr:(9.780e-04,9.780e-04,)][eta: 1:23:03, time (data): 0.247 (0.014)]l_bij: 2.5103e+02 l_orth: 2.3377e+02 l_align: 1.3609e+02 l_total: 6.2089e+02 
2026-06-24 16:20:28,373 INFO: [smal_..][epoch:  3, iter:   2,520, lr:(9.780e-04,9.780e-04,)][eta: 1:22:47, time (data): 0.251 (0.014)]l_bij: 2.5602e+02 l_orth: 2.4487e+02 l_align: 1.3350e+02 l_total: 6.3439e+02 
2026-06-24 16:20:33,872 INFO: [smal_..][epoch:  4, iter:   2,540, lr:(9.510e-04,9.510e-04,)][eta: 1:22:31, time (data): 0.254 (0.016)]l_bij: 2.5653e+02 l_orth: 2.4570e+02 l_align: 1.2990e+02 l_total: 6.3214e+02 
2026-06-24 16:20:39,114 INFO: [smal_..][epoch:  4, iter:   2,560, lr:(9.510e-04,9.510e-04,)][eta: 1:22:15, time (data): 0.255 (0.016)]l_bij: 2.4812e+02 l_orth: 2.3635e+02 l_align: 1.3945e+02 l_total: 6.2392e+02 
2026-06-24 16:20:44,384 INFO: [smal_..][epoch:  4, iter:   2,580, lr:(9.510e-04,9.510e-04,)][eta: 1:21:59, time (data): 0.256 (0.016)]l_bij: 2.5684e+02 l_orth: 2.4216e+02 l_align: 1.2709e+02 l_total: 6.2609e+02 
2026-06-24 16:20:49,710 INFO: [smal_..][epoch:  4, iter:   2,600, lr:(9.510e-04,9.510e-04,)][eta: 1:21:43, time (data): 0.257 (0.015)]l_bij: 2.3633e+02 l_orth: 2.2490e+02 l_align: 1.4063e+02 l_total: 6.0186e+02 
2026-06-24 16:20:54,913 INFO: [smal_..][epoch:  4, iter:   2,620, lr:(9.510e-04,9.510e-04,)][eta: 1:21:27, time (data): 0.254 (0.014)]l_bij: 2.4659e+02 l_orth: 2.3206e+02 l_align: 1.3137e+02 l_total: 6.1001e+02 
2026-06-24 16:21:00,129 INFO: [smal_..][epoch:  4, iter:   2,640, lr:(9.510e-04,9.510e-04,)][eta: 1:21:12, time (data): 0.259 (0.014)]l_bij: 2.4775e+02 l_orth: 2.4817e+02 l_align: 1.2978e+02 l_total: 6.2570e+02 
2026-06-24 16:21:05,460 INFO: [smal_..][epoch:  4, iter:   2,660, lr:(9.510e-04,9.510e-04,)][eta: 1:20:56, time (data): 0.262 (0.014)]l_bij: 2.4731e+02 l_orth: 2.3836e+02 l_align: 1.3094e+02 l_total: 6.1660e+02 
2026-06-24 16:21:10,752 INFO: [smal_..][epoch:  4, iter:   2,680, lr:(9.510e-04,9.510e-04,)][eta: 1:20:41, time (data): 0.263 (0.014)]l_bij: 2.4674e+02 l_orth: 2.3559e+02 l_align: 1.3115e+02 l_total: 6.1348e+02 
2026-06-24 16:21:15,922 INFO: [smal_..][epoch:  4, iter:   2,700, lr:(9.510e-04,9.510e-04,)][eta: 1:20:26, time (data): 0.262 (0.015)]l_bij: 2.4588e+02 l_orth: 2.3273e+02 l_align: 1.3355e+02 l_total: 6.1216e+02 
2026-06-24 16:21:21,026 INFO: [smal_..][epoch:  4, iter:   2,720, lr:(9.510e-04,9.510e-04,)][eta: 1:20:10, time (data): 0.260 (0.014)]l_bij: 2.4610e+02 l_orth: 2.3406e+02 l_align: 1.3429e+02 l_total: 6.1446e+02 
2026-06-24 16:21:26,207 INFO: [smal_..][epoch:  4, iter:   2,740, lr:(9.510e-04,9.510e-04,)][eta: 1:19:55, time (data): 0.260 (0.014)]l_bij: 2.5260e+02 l_orth: 2.4450e+02 l_align: 1.4301e+02 l_total: 6.4010e+02 
2026-06-24 16:21:31,421 INFO: [smal_..][epoch:  4, iter:   2,760, lr:(9.510e-04,9.510e-04,)][eta: 1:19:40, time (data): 0.260 (0.014)]l_bij: 2.4368e+02 l_orth: 2.3019e+02 l_align: 1.3622e+02 l_total: 6.1009e+02 
2026-06-24 16:21:36,722 INFO: [smal_..][epoch:  4, iter:   2,780, lr:(9.510e-04,9.510e-04,)][eta: 1:19:25, time (data): 0.261 (0.014)]l_bij: 2.4307e+02 l_orth: 2.2697e+02 l_align: 1.3677e+02 l_total: 6.0681e+02 
2026-06-24 16:21:42,136 INFO: [smal_..][epoch:  4, iter:   2,800, lr:(9.510e-04,9.510e-04,)][eta: 1:19:12, time (data): 0.262 (0.014)]l_bij: 2.3577e+02 l_orth: 2.2200e+02 l_align: 1.4228e+02 l_total: 6.0005e+02 
2026-06-24 16:21:47,265 INFO: [smal_..][epoch:  4, iter:   2,820, lr:(9.510e-04,9.510e-04,)][eta: 1:18:57, time (data): 0.255 (0.015)]l_bij: 2.4472e+02 l_orth: 2.3099e+02 l_align: 1.3134e+02 l_total: 6.0706e+02 
2026-06-24 16:21:52,468 INFO: [smal_..][epoch:  4, iter:   2,840, lr:(9.510e-04,9.510e-04,)][eta: 1:18:42, time (data): 0.259 (0.015)]l_bij: 2.5143e+02 l_orth: 2.3755e+02 l_align: 1.2970e+02 l_total: 6.1868e+02 
2026-06-24 16:21:57,675 INFO: [smal_..][epoch:  4, iter:   2,860, lr:(9.510e-04,9.510e-04,)][eta: 1:18:28, time (data): 0.259 (0.015)]l_bij: 2.4677e+02 l_orth: 2.3399e+02 l_align: 1.2822e+02 l_total: 6.0897e+02 
2026-06-24 16:22:02,878 INFO: [smal_..][epoch:  4, iter:   2,880, lr:(9.510e-04,9.510e-04,)][eta: 1:18:14, time (data): 0.259 (0.015)]l_bij: 2.5095e+02 l_orth: 2.4229e+02 l_align: 1.3260e+02 l_total: 6.2584e+02 
2026-06-24 16:22:07,794 INFO: [smal_..][epoch:  4, iter:   2,900, lr:(9.510e-04,9.510e-04,)][eta: 1:17:58, time (data): 0.256 (0.015)]l_bij: 2.3882e+02 l_orth: 2.3538e+02 l_align: 1.4819e+02 l_total: 6.2239e+02 
2026-06-24 16:22:12,734 INFO: [smal_..][epoch:  4, iter:   2,920, lr:(9.510e-04,9.510e-04,)][eta: 1:17:43, time (data): 0.254 (0.014)]l_bij: 1.8846e+02 l_orth: 1.8733e+02 l_align: 1.8909e+02 l_total: 5.6488e+02 
2026-06-24 16:22:17,676 INFO: [smal_..][epoch:  4, iter:   2,940, lr:(9.510e-04,9.510e-04,)][eta: 1:17:28, time (data): 0.253 (0.014)]l_bij: 2.4999e+02 l_orth: 2.4009e+02 l_align: 1.2863e+02 l_total: 6.1871e+02 
2026-06-24 16:22:22,624 INFO: [smal_..][epoch:  4, iter:   2,960, lr:(9.510e-04,9.510e-04,)][eta: 1:17:13, time (data): 0.252 (0.014)]l_bij: 2.5042e+02 l_orth: 2.3804e+02 l_align: 1.3375e+02 l_total: 6.2221e+02 
2026-06-24 16:22:27,536 INFO: [smal_..][epoch:  4, iter:   2,980, lr:(9.510e-04,9.510e-04,)][eta: 1:16:58, time (data): 0.252 (0.014)]l_bij: 2.4774e+02 l_orth: 2.3109e+02 l_align: 1.3052e+02 l_total: 6.0935e+02 
2026-06-24 16:22:32,408 INFO: [smal_..][epoch:  4, iter:   3,000, lr:(9.510e-04,9.510e-04,)][eta: 1:16:43, time (data): 0.251 (0.014)]l_bij: 2.4410e+02 l_orth: 2.3185e+02 l_align: 1.3876e+02 l_total: 6.1470e+02 
2026-06-24 16:22:37,374 INFO: [smal_..][epoch:  4, iter:   3,020, lr:(9.510e-04,9.510e-04,)][eta: 1:16:29, time (data): 0.252 (0.015)]l_bij: 2.3359e+02 l_orth: 2.2364e+02 l_align: 1.4633e+02 l_total: 6.0356e+02 
2026-06-24 16:22:42,252 INFO: [smal_..][epoch:  4, iter:   3,040, lr:(9.510e-04,9.510e-04,)][eta: 1:16:14, time (data): 0.245 (0.014)]l_bij: 2.4508e+02 l_orth: 2.3350e+02 l_align: 1.4011e+02 l_total: 6.1868e+02 
2026-06-24 16:22:47,147 INFO: [smal_..][epoch:  4, iter:   3,060, lr:(9.510e-04,9.510e-04,)][eta: 1:16:00, time (data): 0.245 (0.014)]l_bij: 2.3661e+02 l_orth: 2.2715e+02 l_align: 1.3935e+02 l_total: 6.0311e+02 
2026-06-24 16:22:52,065 INFO: [smal_..][epoch:  4, iter:   3,080, lr:(9.510e-04,9.510e-04,)][eta: 1:15:45, time (data): 0.245 (0.014)]l_bij: 2.4355e+02 l_orth: 2.3036e+02 l_align: 1.3340e+02 l_total: 6.0731e+02 
2026-06-24 16:22:56,964 INFO: [smal_..][epoch:  4, iter:   3,100, lr:(9.510e-04,9.510e-04,)][eta: 1:15:31, time (data): 0.245 (0.014)]l_bij: 2.4452e+02 l_orth: 2.3049e+02 l_align: 1.3052e+02 l_total: 6.0553e+02 
2026-06-24 16:23:01,835 INFO: [smal_..][epoch:  4, iter:   3,120, lr:(9.510e-04,9.510e-04,)][eta: 1:15:17, time (data): 0.245 (0.014)]l_bij: 2.4933e+02 l_orth: 2.3281e+02 l_align: 1.3174e+02 l_total: 6.1388e+02 
2026-06-24 16:23:06,727 INFO: [smal_..][epoch:  4, iter:   3,140, lr:(9.510e-04,9.510e-04,)][eta: 1:15:03, time (data): 0.245 (0.014)]l_bij: 2.4503e+02 l_orth: 2.3183e+02 l_align: 1.2819e+02 l_total: 6.0505e+02 
2026-06-24 16:23:11,685 INFO: [smal_..][epoch:  4, iter:   3,160, lr:(9.510e-04,9.510e-04,)][eta: 1:14:49, time (data): 0.245 (0.014)]l_bij: 2.3917e+02 l_orth: 2.2519e+02 l_align: 1.3743e+02 l_total: 6.0179e+02 
2026-06-24 16:23:16,629 INFO: [smal_..][epoch:  4, iter:   3,180, lr:(9.510e-04,9.510e-04,)][eta: 1:14:36, time (data): 0.245 (0.014)]l_bij: 2.4370e+02 l_orth: 2.3228e+02 l_align: 1.3419e+02 l_total: 6.1017e+02 
2026-06-24 16:23:21,567 INFO: [smal_..][epoch:  4, iter:   3,200, lr:(9.510e-04,9.510e-04,)][eta: 1:14:22, time (data): 0.245 (0.014)]l_bij: 2.4562e+02 l_orth: 2.3535e+02 l_align: 1.3247e+02 l_total: 6.1344e+02 
2026-06-24 16:23:26,469 INFO: [smal_..][epoch:  4, iter:   3,220, lr:(9.510e-04,9.510e-04,)][eta: 1:14:09, time (data): 0.247 (0.013)]l_bij: 2.3945e+02 l_orth: 2.2992e+02 l_align: 1.4448e+02 l_total: 6.1385e+02 
2026-06-24 16:23:31,386 INFO: [smal_..][epoch:  4, iter:   3,240, lr:(9.510e-04,9.510e-04,)][eta: 1:13:55, time (data): 0.246 (0.013)]l_bij: 1.9684e+02 l_orth: 2.0419e+02 l_align: 1.8566e+02 l_total: 5.8669e+02 
2026-06-24 16:23:36,289 INFO: [smal_..][epoch:  4, iter:   3,260, lr:(9.510e-04,9.510e-04,)][eta: 1:13:42, time (data): 0.245 (0.014)]l_bij: 2.3601e+02 l_orth: 2.2969e+02 l_align: 1.4164e+02 l_total: 6.0733e+02 
2026-06-24 16:23:41,182 INFO: [smal_..][epoch:  4, iter:   3,280, lr:(9.510e-04,9.510e-04,)][eta: 1:13:29, time (data): 0.245 (0.014)]l_bij: 2.4051e+02 l_orth: 2.2785e+02 l_align: 1.4414e+02 l_total: 6.1249e+02 
2026-06-24 16:23:46,076 INFO: [smal_..][epoch:  4, iter:   3,300, lr:(9.510e-04,9.510e-04,)][eta: 1:13:16, time (data): 0.245 (0.014)]l_bij: 2.4996e+02 l_orth: 2.3420e+02 l_align: 1.3378e+02 l_total: 6.1794e+02 
2026-06-24 16:23:51,009 INFO: [smal_..][epoch:  4, iter:   3,320, lr:(9.510e-04,9.510e-04,)][eta: 1:13:03, time (data): 0.245 (0.014)]l_bij: 2.4060e+02 l_orth: 2.2873e+02 l_align: 1.4308e+02 l_total: 6.1241e+02 
2026-06-24 16:23:55,865 INFO: [smal_..][epoch:  4, iter:   3,340, lr:(9.510e-04,9.510e-04,)][eta: 1:12:50, time (data): 0.245 (0.014)]l_bij: 2.4091e+02 l_orth: 2.2875e+02 l_align: 1.3675e+02 l_total: 6.0641e+02 
2026-06-24 16:24:00,797 INFO: [smal_..][epoch:  4, iter:   3,360, lr:(9.510e-04,9.510e-04,)][eta: 1:12:37, time (data): 0.245 (0.014)]l_bij: 2.4701e+02 l_orth: 2.3362e+02 l_align: 1.4022e+02 l_total: 6.2085e+02 
2026-06-24 16:24:06,072 INFO: [smal_..][epoch:  5, iter:   3,380, lr:(9.141e-04,9.141e-04,)][eta: 1:12:26, time (data): 0.247 (0.015)]l_bij: 2.3346e+02 l_orth: 2.2122e+02 l_align: 1.4448e+02 l_total: 5.9916e+02 
2026-06-24 16:24:10,992 INFO: [smal_..][epoch:  5, iter:   3,400, lr:(9.141e-04,9.141e-04,)][eta: 1:12:13, time (data): 0.247 (0.015)]l_bij: 1.6511e+02 l_orth: 1.6477e+02 l_align: 2.0486e+02 l_total: 5.3474e+02 
2026-06-24 16:24:15,964 INFO: [smal_..][epoch:  5, iter:   3,420, lr:(9.141e-04,9.141e-04,)][eta: 1:12:01, time (data): 0.243 (0.015)]l_bij: 2.4454e+02 l_orth: 2.3367e+02 l_align: 1.4024e+02 l_total: 6.1845e+02 
2026-06-24 16:24:20,892 INFO: [smal_..][epoch:  5, iter:   3,440, lr:(9.141e-04,9.141e-04,)][eta: 1:11:48, time (data): 0.246 (0.014)]l_bij: 2.3306e+02 l_orth: 2.4308e+02 l_align: 1.4975e+02 l_total: 6.2588e+02 
2026-06-24 16:24:25,831 INFO: [smal_..][epoch:  5, iter:   3,460, lr:(9.141e-04,9.141e-04,)][eta: 1:11:36, time (data): 0.246 (0.014)]l_bij: 2.3278e+02 l_orth: 2.2179e+02 l_align: 1.4457e+02 l_total: 5.9915e+02 
2026-06-24 16:24:30,751 INFO: [smal_..][epoch:  5, iter:   3,480, lr:(9.141e-04,9.141e-04,)][eta: 1:11:24, time (data): 0.246 (0.014)]l_bij: 2.3612e+02 l_orth: 2.2705e+02 l_align: 1.4486e+02 l_total: 6.0803e+02 
2026-06-24 16:24:35,682 INFO: [smal_..][epoch:  5, iter:   3,500, lr:(9.141e-04,9.141e-04,)][eta: 1:11:12, time (data): 0.246 (0.014)]l_bij: 2.4847e+02 l_orth: 2.5443e+02 l_align: 1.3749e+02 l_total: 6.4039e+02 
2026-06-24 16:24:40,621 INFO: [smal_..][epoch:  5, iter:   3,520, lr:(9.141e-04,9.141e-04,)][eta: 1:11:00, time (data): 0.246 (0.014)]l_bij: 2.4148e+02 l_orth: 2.2758e+02 l_align: 1.3654e+02 l_total: 6.0559e+02 
2026-06-24 16:24:45,528 INFO: [smal_..][epoch:  5, iter:   3,540, lr:(9.141e-04,9.141e-04,)][eta: 1:10:48, time (data): 0.246 (0.014)]l_bij: 2.4364e+02 l_orth: 2.3261e+02 l_align: 1.4050e+02 l_total: 6.1676e+02 
2026-06-24 16:24:50,448 INFO: [smal_..][epoch:  5, iter:   3,560, lr:(9.141e-04,9.141e-04,)][eta: 1:10:36, time (data): 0.246 (0.014)]l_bij: 2.4526e+02 l_orth: 2.2881e+02 l_align: 1.3572e+02 l_total: 6.0980e+02 
2026-06-24 16:24:55,354 INFO: [smal_..][epoch:  5, iter:   3,580, lr:(9.141e-04,9.141e-04,)][eta: 1:10:24, time (data): 0.246 (0.014)]l_bij: 2.4043e+02 l_orth: 2.3433e+02 l_align: 1.3849e+02 l_total: 6.1324e+02 
2026-06-24 16:25:00,268 INFO: [smal_..][epoch:  5, iter:   3,600, lr:(9.141e-04,9.141e-04,)][eta: 1:10:12, time (data): 0.246 (0.014)]l_bij: 2.4138e+02 l_orth: 2.3305e+02 l_align: 1.4269e+02 l_total: 6.1712e+02 
2026-06-24 16:25:05,208 INFO: [smal_..][epoch:  5, iter:   3,620, lr:(9.141e-04,9.141e-04,)][eta: 1:10:01, time (data): 0.248 (0.012)]l_bij: 2.3672e+02 l_orth: 2.2831e+02 l_align: 1.3842e+02 l_total: 6.0345e+02 
2026-06-24 16:25:10,104 INFO: [smal_..][epoch:  5, iter:   3,640, lr:(9.141e-04,9.141e-04,)][eta: 1:09:49, time (data): 0.245 (0.014)]l_bij: 2.4333e+02 l_orth: 2.3380e+02 l_align: 1.4295e+02 l_total: 6.2009e+02 
2026-06-24 16:25:15,046 INFO: [smal_..][epoch:  5, iter:   3,660, lr:(9.141e-04,9.141e-04,)][eta: 1:09:38, time (data): 0.246 (0.014)]l_bij: 2.3428e+02 l_orth: 2.2014e+02 l_align: 1.4061e+02 l_total: 5.9503e+02 
2026-06-24 16:25:19,981 INFO: [smal_..][epoch:  5, iter:   3,680, lr:(9.141e-04,9.141e-04,)][eta: 1:09:26, time (data): 0.246 (0.014)]l_bij: 2.4263e+02 l_orth: 2.3347e+02 l_align: 1.4166e+02 l_total: 6.1776e+02 
2026-06-24 16:25:24,888 INFO: [smal_..][epoch:  5, iter:   3,700, lr:(9.141e-04,9.141e-04,)][eta: 1:09:15, time (data): 0.246 (0.014)]l_bij: 2.5107e+02 l_orth: 2.3718e+02 l_align: 1.2666e+02 l_total: 6.1491e+02 
2026-06-24 16:25:29,784 INFO: [smal_..][epoch:  5, iter:   3,720, lr:(9.141e-04,9.141e-04,)][eta: 1:09:03, time (data): 0.246 (0.014)]l_bij: 2.4328e+02 l_orth: 2.3450e+02 l_align: 1.3811e+02 l_total: 6.1589e+02 
2026-06-24 16:25:34,707 INFO: [smal_..][epoch:  5, iter:   3,740, lr:(9.141e-04,9.141e-04,)][eta: 1:08:52, time (data): 0.246 (0.014)]l_bij: 2.4726e+02 l_orth: 2.3404e+02 l_align: 1.2870e+02 l_total: 6.1000e+02 
2026-06-24 16:25:39,593 INFO: [smal_..][epoch:  5, iter:   3,760, lr:(9.141e-04,9.141e-04,)][eta: 1:08:41, time (data): 0.245 (0.014)]l_bij: 2.4382e+02 l_orth: 2.3997e+02 l_align: 1.2913e+02 l_total: 6.1293e+02 
2026-06-24 16:25:44,485 INFO: [smal_..][epoch:  5, iter:   3,780, lr:(9.141e-04,9.141e-04,)][eta: 1:08:30, time (data): 0.245 (0.014)]l_bij: 2.4471e+02 l_orth: 2.3114e+02 l_align: 1.3644e+02 l_total: 6.1229e+02 
2026-06-24 16:25:49,382 INFO: [smal_..][epoch:  5, iter:   3,800, lr:(9.141e-04,9.141e-04,)][eta: 1:08:18, time (data): 0.245 (0.014)]l_bij: 2.4316e+02 l_orth: 2.3601e+02 l_align: 1.3673e+02 l_total: 6.1590e+02 
2026-06-24 16:25:54,331 INFO: [smal_..][epoch:  5, iter:   3,820, lr:(9.141e-04,9.141e-04,)][eta: 1:08:08, time (data): 0.249 (0.018)]l_bij: 2.4320e+02 l_orth: 2.2935e+02 l_align: 1.4353e+02 l_total: 6.1608e+02 
2026-06-24 16:25:59,236 INFO: [smal_..][epoch:  5, iter:   3,840, lr:(9.141e-04,9.141e-04,)][eta: 1:07:57, time (data): 0.245 (0.014)]l_bij: 2.3923e+02 l_orth: 2.2602e+02 l_align: 1.3413e+02 l_total: 5.9938e+02 
2026-06-24 16:26:04,172 INFO: [smal_..][epoch:  5, iter:   3,860, lr:(9.141e-04,9.141e-04,)][eta: 1:07:46, time (data): 0.246 (0.015)]l_bij: 2.4669e+02 l_orth: 2.3659e+02 l_align: 1.3331e+02 l_total: 6.1659e+02 
2026-06-24 16:26:09,120 INFO: [smal_..][epoch:  5, iter:   3,880, lr:(9.141e-04,9.141e-04,)][eta: 1:07:35, time (data): 0.246 (0.015)]l_bij: 2.4946e+02 l_orth: 2.3278e+02 l_align: 1.3296e+02 l_total: 6.1520e+02 
2026-06-24 16:26:14,137 INFO: [smal_..][epoch:  5, iter:   3,900, lr:(9.141e-04,9.141e-04,)][eta: 1:07:25, time (data): 0.247 (0.015)]l_bij: 2.4144e+02 l_orth: 2.2965e+02 l_align: 1.3828e+02 l_total: 6.0937e+02 
2026-06-24 16:26:19,369 INFO: [smal_..][epoch:  5, iter:   3,920, lr:(9.141e-04,9.141e-04,)][eta: 1:07:15, time (data): 0.250 (0.015)]l_bij: 2.3610e+02 l_orth: 2.2758e+02 l_align: 1.5073e+02 l_total: 6.1441e+02 
2026-06-24 16:26:24,641 INFO: [smal_..][epoch:  5, iter:   3,940, lr:(9.141e-04,9.141e-04,)][eta: 1:07:06, time (data): 0.252 (0.015)]l_bij: 2.3140e+02 l_orth: 2.1948e+02 l_align: 1.4925e+02 l_total: 6.0014e+02 
2026-06-24 16:26:30,056 INFO: [smal_..][epoch:  5, iter:   3,960, lr:(9.141e-04,9.141e-04,)][eta: 1:06:57, time (data): 0.255 (0.014)]l_bij: 2.3557e+02 l_orth: 2.2157e+02 l_align: 1.4396e+02 l_total: 6.0111e+02 
2026-06-24 16:26:35,292 INFO: [smal_..][epoch:  5, iter:   3,980, lr:(9.141e-04,9.141e-04,)][eta: 1:06:47, time (data): 0.256 (0.014)]l_bij: 2.4082e+02 l_orth: 2.2936e+02 l_align: 1.3473e+02 l_total: 6.0492e+02 
2026-06-24 16:26:40,505 INFO: [smal_..][epoch:  5, iter:   4,000, lr:(9.141e-04,9.141e-04,)][eta: 1:06:38, time (data): 0.256 (0.014)]l_bij: 2.3530e+02 l_orth: 2.2170e+02 l_align: 1.3978e+02 l_total: 5.9678e+02 
2026-06-24 16:26:40,506 INFO: Saving models and training states.
2026-06-24 16:26:40,529 INFO: Start validation.
2026-06-24 16:26:41,462 INFO: avg err:0.0000 | err:0.0000 | cougar_01 cougar_01
2026-06-24 16:26:41,683 INFO: avg err:0.0735 | err:0.1470 | cougar_01 cougar_02
2026-06-24 16:26:41,906 INFO: avg err:0.3032 | err:0.7627 | cougar_01 cougar_03
2026-06-24 16:26:42,110 INFO: avg err:0.4134 | err:0.7441 | cougar_01 cougar_04
2026-06-24 16:26:42,441 INFO: avg err:0.4861 | err:0.7767 | cougar_01 hippo_01
2026-06-24 16:26:42,642 INFO: avg err:0.5228 | err:0.7064 | cougar_01 hippo_02
2026-06-24 16:26:43,055 INFO: avg err:0.4841 | err:0.2522 | cougar_01 hippo_03
2026-06-24 16:26:43,285 INFO: avg err:0.5209 | err:0.7781 | cougar_01 hippo_04
2026-06-24 16:26:43,509 INFO: avg err:0.5602 | err:0.8747 | cougar_01 hippo_05
2026-06-24 16:26:43,715 INFO: avg err:0.5816 | err:0.7747 | cougar_01 hippo_06
2026-06-24 16:26:44,092 INFO: avg err:0.5964 | err:0.7444 | cougar_01 horse_01
2026-06-24 16:26:44,294 INFO: avg err:0.5553 | err:0.1030 | cougar_01 horse_02
2026-06-24 16:26:44,586 INFO: avg err:0.5697 | err:0.7422 | cougar_01 horse_03
2026-06-24 16:26:44,842 INFO: avg err:0.5809 | err:0.7267 | cougar_01 horse_04
2026-06-24 16:26:45,121 INFO: avg err:0.5868 | err:0.6701 | cougar_01 horse_05
2026-06-24 16:26:45,329 INFO: avg err:0.5978 | err:0.7622 | cougar_01 horse_06
2026-06-24 16:26:45,725 INFO: avg err:0.5995 | err:0.6258 | cougar_01 horse_07
2026-06-24 16:26:46,000 INFO: avg err:0.6093 | err:0.7771 | cougar_01 horse_08
2026-06-24 16:26:46,293 INFO: avg err:0.5939 | err:0.3172 | cougar_01 horse_09
2026-06-24 16:26:46,543 INFO: avg err:0.5809 | err:0.3328 | cougar_01 horse_10
2026-06-24 16:26:46,787 INFO: avg err:0.5627 | err:0.1996 | cougar_02 cougar_01
2026-06-24 16:26:47,013 INFO: avg err:0.5372 | err:0.0000 | cougar_02 cougar_02
2026-06-24 16:26:47,297 INFO: avg err:0.5529 | err:0.8997 | cougar_02 cougar_03
2026-06-24 16:26:47,561 INFO: avg err:0.5645 | err:0.8300 | cougar_02 cougar_04
2026-06-24 16:26:47,809 INFO: avg err:0.5734 | err:0.7881 | cougar_02 hippo_01
2026-06-24 16:26:48,093 INFO: avg err:0.5794 | err:0.7289 | cougar_02 hippo_02
2026-06-24 16:26:48,386 INFO: avg err:0.5690 | err:0.2978 | cougar_02 hippo_03
2026-06-24 16:26:48,777 INFO: avg err:0.5774 | err:0.8052 | cougar_02 hippo_04
2026-06-24 16:26:49,004 INFO: avg err:0.5865 | err:0.8405 | cougar_02 hippo_05
2026-06-24 16:26:49,290 INFO: avg err:0.5918 | err:0.7459 | cougar_02 hippo_06
2026-06-24 16:26:49,586 INFO: avg err:0.6014 | err:0.8906 | cougar_02 horse_01
2026-06-24 16:26:49,874 INFO: avg err:0.5962 | err:0.4334 | cougar_02 horse_02
2026-06-24 16:26:50,103 INFO: avg err:0.6038 | err:0.8472 | cougar_02 horse_03
2026-06-24 16:26:50,385 INFO: avg err:0.6117 | err:0.8726 | cougar_02 horse_04
2026-06-24 16:26:50,605 INFO: avg err:0.6165 | err:0.7788 | cougar_02 horse_05
2026-06-24 16:26:50,851 INFO: avg err:0.6231 | err:0.8541 | cougar_02 horse_06
2026-06-24 16:26:51,130 INFO: avg err:0.6261 | err:0.7353 | cougar_02 horse_07
2026-06-24 16:26:51,504 INFO: avg err:0.6320 | err:0.8502 | cougar_02 horse_08
2026-06-24 16:26:51,769 INFO: avg err:0.6244 | err:0.3344 | cougar_02 horse_09
2026-06-24 16:26:51,983 INFO: avg err:0.6171 | err:0.3338 | cougar_02 horse_10
2026-06-24 16:26:52,253 INFO: avg err:0.6223 | err:0.8304 | cougar_03 cougar_01
2026-06-24 16:26:52,516 INFO: avg err:0.6277 | err:0.8503 | cougar_03 cougar_02
2026-06-24 16:26:52,739 INFO: avg err:0.6131 | err:0.0000 | cougar_03 cougar_03
2026-06-24 16:26:53,075 INFO: avg err:0.6042 | err:0.2207 | cougar_03 cougar_04
2026-06-24 16:26:53,289 INFO: avg err:0.5992 | err:0.3770 | cougar_03 hippo_01
2026-06-24 16:26:53,586 INFO: avg err:0.5942 | err:0.3702 | cougar_03 hippo_02
2026-06-24 16:26:53,801 INFO: avg err:0.5992 | err:0.8305 | cougar_03 hippo_03
2026-06-24 16:26:54,162 INFO: avg err:0.5934 | err:0.3224 | cougar_03 hippo_04
2026-06-24 16:26:54,374 INFO: avg err:0.5880 | err:0.3269 | cougar_03 hippo_05
2026-06-24 16:26:54,613 INFO: avg err:0.5856 | err:0.4686 | cougar_03 hippo_06
2026-06-24 16:26:54,836 INFO: avg err:0.5812 | err:0.3599 | cougar_03 horse_01
2026-06-24 16:26:55,157 INFO: avg err:0.5858 | err:0.8226 | cougar_03 horse_02
2026-06-24 16:26:55,380 INFO: avg err:0.5791 | err:0.2292 | cougar_03 horse_03
2026-06-24 16:26:55,692 INFO: avg err:0.5737 | err:0.2848 | cougar_03 horse_04
2026-06-24 16:26:56,014 INFO: avg err:0.5712 | err:0.4397 | cougar_03 horse_05
2026-06-24 16:26:56,247 INFO: avg err:0.5660 | err:0.2808 | cougar_03 horse_06
2026-06-24 16:26:56,463 INFO: avg err:0.5591 | err:0.1721 | cougar_03 horse_07
2026-06-24 16:26:56,829 INFO: avg err:0.5556 | err:0.3533 | cougar_03 horse_08
2026-06-24 16:26:57,066 INFO: avg err:0.5572 | err:0.6519 | cougar_03 horse_09
2026-06-24 16:26:57,353 INFO: avg err:0.5606 | err:0.7601 | cougar_03 horse_10
2026-06-24 16:26:57,591 INFO: avg err:0.5615 | err:0.6184 | cougar_04 cougar_01
2026-06-24 16:26:57,823 INFO: avg err:0.5641 | err:0.7232 | cougar_04 cougar_02
2026-06-24 16:26:58,044 INFO: avg err:0.5582 | err:0.1920 | cougar_04 cougar_03
2026-06-24 16:26:58,345 INFO: avg err:0.5495 | err:0.0000 | cougar_04 cougar_04
2026-06-24 16:26:58,620 INFO: avg err:0.5440 | err:0.1941 | cougar_04 hippo_01
2026-06-24 16:26:58,850 INFO: avg err:0.5401 | err:0.2804 | cougar_04 hippo_02
2026-06-24 16:26:59,072 INFO: avg err:0.5412 | err:0.6154 | cougar_04 hippo_03
2026-06-24 16:26:59,440 INFO: avg err:0.5369 | err:0.2481 | cougar_04 hippo_04
2026-06-24 16:26:59,649 INFO: avg err:0.5341 | err:0.3460 | cougar_04 hippo_05
2026-06-24 16:26:59,966 INFO: avg err:0.5293 | err:0.1950 | cougar_04 hippo_06
2026-06-24 16:27:00,186 INFO: avg err:0.5264 | err:0.3270 | cougar_04 horse_01
2026-06-24 16:27:00,610 INFO: avg err:0.5303 | err:0.8089 | cougar_04 horse_02
2026-06-24 16:27:00,815 INFO: avg err:0.5269 | err:0.2784 | cougar_04 horse_03
2026-06-24 16:27:01,163 INFO: avg err:0.5230 | err:0.2384 | cougar_04 horse_04
2026-06-24 16:27:01,381 INFO: avg err:0.5215 | err:0.4119 | cougar_04 horse_05
2026-06-24 16:27:01,724 INFO: avg err:0.5184 | err:0.2824 | cougar_04 horse_06
2026-06-24 16:27:01,929 INFO: avg err:0.5147 | err:0.2404 | cougar_04 horse_07
2026-06-24 16:27:02,230 INFO: avg err:0.5126 | err:0.3450 | cougar_04 horse_08
2026-06-24 16:27:02,453 INFO: avg err:0.5159 | err:0.7731 | cougar_04 horse_09
2026-06-24 16:27:02,797 INFO: avg err:0.5181 | err:0.6932 | cougar_04 horse_10
2026-06-24 16:27:03,007 INFO: avg err:0.5199 | err:0.6616 | hippo_01 cougar_01
2026-06-24 16:27:03,334 INFO: avg err:0.5220 | err:0.6975 | hippo_01 cougar_02
2026-06-24 16:27:03,542 INFO: avg err:0.5190 | err:0.2713 | hippo_01 cougar_03
2026-06-24 16:27:03,843 INFO: avg err:0.5150 | err:0.1855 | hippo_01 cougar_04
2026-06-24 16:27:04,051 INFO: avg err:0.5090 | err:0.0000 | hippo_01 hippo_01
2026-06-24 16:27:04,344 INFO: avg err:0.5048 | err:0.1522 | hippo_01 hippo_02
2026-06-24 16:27:04,551 INFO: avg err:0.5051 | err:0.5279 | hippo_01 hippo_03
2026-06-24 16:27:04,921 INFO: avg err:0.5009 | err:0.1329 | hippo_01 hippo_04
2026-06-24 16:27:05,123 INFO: avg err:0.4972 | err:0.1778 | hippo_01 hippo_05
2026-06-24 16:27:05,471 INFO: avg err:0.4931 | err:0.1269 | hippo_01 hippo_06
2026-06-24 16:27:05,727 INFO: avg err:0.4901 | err:0.2205 | hippo_01 horse_01
2026-06-24 16:27:05,982 INFO: avg err:0.4913 | err:0.6000 | hippo_01 horse_02
2026-06-24 16:27:06,194 INFO: avg err:0.4881 | err:0.1949 | hippo_01 horse_03
2026-06-24 16:27:06,446 INFO: avg err:0.4851 | err:0.2018 | hippo_01 horse_04
2026-06-24 16:27:06,665 INFO: avg err:0.4821 | err:0.2023 | hippo_01 horse_05
2026-06-24 16:27:07,128 INFO: avg err:0.4790 | err:0.1887 | hippo_01 horse_06
2026-06-24 16:27:07,376 INFO: avg err:0.4761 | err:0.1933 | hippo_01 horse_07
2026-06-24 16:27:07,709 INFO: avg err:0.4743 | err:0.2954 | hippo_01 horse_08
2026-06-24 16:27:07,940 INFO: avg err:0.4755 | err:0.5968 | hippo_01 horse_09
2026-06-24 16:27:08,295 INFO: avg err:0.4769 | err:0.6170 | hippo_01 horse_10
2026-06-24 16:27:08,503 INFO: avg err:0.4786 | err:0.6481 | hippo_02 cougar_01
2026-06-24 16:27:08,865 INFO: avg err:0.4804 | err:0.6660 | hippo_02 cougar_02
2026-06-24 16:27:09,071 INFO: avg err:0.4784 | err:0.2739 | hippo_02 cougar_03
2026-06-24 16:27:09,473 INFO: avg err:0.4753 | err:0.1571 | hippo_02 cougar_04
2026-06-24 16:27:09,744 INFO: avg err:0.4721 | err:0.1306 | hippo_02 hippo_01
2026-06-24 16:27:10,027 INFO: avg err:0.4676 | err:0.0000 | hippo_02 hippo_02
2026-06-24 16:27:10,230 INFO: avg err:0.4676 | err:0.4684 | hippo_02 hippo_03
2026-06-24 16:27:10,569 INFO: avg err:0.4659 | err:0.2774 | hippo_02 hippo_04
2026-06-24 16:27:10,792 INFO: avg err:0.4636 | err:0.2161 | hippo_02 hippo_05
2026-06-24 16:27:11,144 INFO: avg err:0.4605 | err:0.1247 | hippo_02 hippo_06
2026-06-24 16:27:11,346 INFO: avg err:0.4581 | err:0.1929 | hippo_02 horse_01
2026-06-24 16:27:11,747 INFO: avg err:0.4595 | err:0.6141 | hippo_02 horse_02
2026-06-24 16:27:11,951 INFO: avg err:0.4572 | err:0.2043 | hippo_02 horse_03
2026-06-24 16:27:12,262 INFO: avg err:0.4550 | err:0.2078 | hippo_02 horse_04
2026-06-24 16:27:12,469 INFO: avg err:0.4525 | err:0.1677 | hippo_02 horse_05
2026-06-24 16:27:12,921 INFO: avg err:0.4505 | err:0.2196 | hippo_02 horse_06
2026-06-24 16:27:13,186 INFO: avg err:0.4486 | err:0.2220 | hippo_02 horse_07
2026-06-24 16:27:13,467 INFO: avg err:0.4475 | err:0.3211 | hippo_02 horse_08
2026-06-24 16:27:13,765 INFO: avg err:0.4480 | err:0.5142 | hippo_02 horse_09
2026-06-24 16:27:13,994 INFO: avg err:0.4490 | err:0.5588 | hippo_02 horse_10
2026-06-24 16:27:14,200 INFO: avg err:0.4468 | err:0.1897 | hippo_03 cougar_01
2026-06-24 16:27:14,676 INFO: avg err:0.4451 | err:0.2336 | hippo_03 cougar_02
2026-06-24 16:27:14,888 INFO: avg err:0.4469 | err:0.6676 | hippo_03 cougar_03
2026-06-24 16:27:15,172 INFO: avg err:0.4465 | err:0.4030 | hippo_03 cougar_04
2026-06-24 16:27:15,389 INFO: avg err:0.4476 | err:0.5760 | hippo_03 hippo_01
2026-06-24 16:27:15,702 INFO: avg err:0.4479 | err:0.4922 | hippo_03 hippo_02
2026-06-24 16:27:15,977 INFO: avg err:0.4444 | err:0.0000 | hippo_03 hippo_03
2026-06-24 16:27:16,202 INFO: avg err:0.4458 | err:0.6283 | hippo_03 hippo_04
2026-06-24 16:27:16,410 INFO: avg err:0.4467 | err:0.5604 | hippo_03 hippo_05
2026-06-24 16:27:16,692 INFO: avg err:0.4465 | err:0.4181 | hippo_03 hippo_06
2026-06-24 16:27:16,938 INFO: avg err:0.4480 | err:0.6447 | hippo_03 horse_01
2026-06-24 16:27:17,211 INFO: avg err:0.4467 | err:0.2807 | hippo_03 horse_02
2026-06-24 16:27:17,426 INFO: avg err:0.4479 | err:0.5940 | hippo_03 horse_03
2026-06-24 16:27:17,785 INFO: avg err:0.4494 | err:0.6549 | hippo_03 horse_04
2026-06-24 16:27:18,064 INFO: avg err:0.4493 | err:0.4420 | hippo_03 horse_05
2026-06-24 16:27:18,342 INFO: avg err:0.4504 | err:0.5938 | hippo_03 horse_06
2026-06-24 16:27:18,625 INFO: avg err:0.4505 | err:0.4580 | hippo_03 horse_07
2026-06-24 16:27:18,868 INFO: avg err:0.4516 | err:0.6098 | hippo_03 horse_08
2026-06-24 16:27:19,183 INFO: avg err:0.4506 | err:0.3160 | hippo_03 horse_09
2026-06-24 16:27:19,465 INFO: avg err:0.4496 | err:0.3107 | hippo_03 horse_10
2026-06-24 16:27:19,679 INFO: avg err:0.4513 | err:0.6769 | hippo_04 cougar_01
2026-06-24 16:27:20,023 INFO: avg err:0.4528 | err:0.6752 | hippo_04 cougar_02
2026-06-24 16:27:20,297 INFO: avg err:0.4512 | err:0.2223 | hippo_04 cougar_03
2026-06-24 16:27:20,605 INFO: avg err:0.4495 | err:0.2064 | hippo_04 cougar_04
2026-06-24 16:27:20,822 INFO: avg err:0.4472 | err:0.1209 | hippo_04 hippo_01
2026-06-24 16:27:21,052 INFO: avg err:0.4454 | err:0.1841 | hippo_04 hippo_02
2026-06-24 16:27:21,373 INFO: avg err:0.4463 | err:0.5675 | hippo_04 hippo_03
2026-06-24 16:27:21,683 INFO: avg err:0.4433 | err:0.0000 | hippo_04 hippo_04
2026-06-24 16:27:21,907 INFO: avg err:0.4415 | err:0.1755 | hippo_04 hippo_05
2026-06-24 16:27:22,296 INFO: avg err:0.4400 | err:0.2283 | hippo_04 hippo_06
2026-06-24 16:27:22,511 INFO: avg err:0.4385 | err:0.2111 | hippo_04 horse_01
2026-06-24 16:27:22,858 INFO: avg err:0.4399 | err:0.6482 | hippo_04 horse_02
2026-06-24 16:27:23,073 INFO: avg err:0.4381 | err:0.1642 | hippo_04 horse_03
2026-06-24 16:27:23,442 INFO: avg err:0.4364 | err:0.1690 | hippo_04 horse_04
2026-06-24 16:27:23,759 INFO: avg err:0.4351 | err:0.2384 | hippo_04 horse_05
2026-06-24 16:27:23,988 INFO: avg err:0.4335 | err:0.1842 | hippo_04 horse_06
2026-06-24 16:27:24,278 INFO: avg err:0.4321 | err:0.2249 | hippo_04 horse_07
2026-06-24 16:27:24,503 INFO: avg err:0.4314 | err:0.3100 | hippo_04 horse_08
2026-06-24 16:27:24,726 INFO: avg err:0.4326 | err:0.6208 | hippo_04 horse_09
2026-06-24 16:27:25,088 INFO: avg err:0.4338 | err:0.6341 | hippo_04 horse_10
2026-06-24 16:27:25,292 INFO: avg err:0.4355 | err:0.6980 | hippo_05 cougar_01
2026-06-24 16:27:25,642 INFO: avg err:0.4369 | err:0.6662 | hippo_05 cougar_02
2026-06-24 16:27:25,855 INFO: avg err:0.4356 | err:0.2204 | hippo_05 cougar_03
2026-06-24 16:27:26,232 INFO: avg err:0.4345 | err:0.2654 | hippo_05 cougar_04
2026-06-24 16:27:26,443 INFO: avg err:0.4328 | err:0.1466 | hippo_05 hippo_01
2026-06-24 16:27:26,919 INFO: avg err:0.4314 | err:0.1965 | hippo_05 hippo_02
2026-06-24 16:27:27,218 INFO: avg err:0.4329 | err:0.6942 | hippo_05 hippo_03
2026-06-24 16:27:27,464 INFO: avg err:0.4315 | err:0.2009 | hippo_05 hippo_04
2026-06-24 16:27:27,669 INFO: avg err:0.4290 | err:0.0000 | hippo_05 hippo_05
2026-06-24 16:27:27,901 INFO: avg err:0.4281 | err:0.2797 | hippo_05 hippo_06
2026-06-24 16:27:28,114 INFO: avg err:0.4262 | err:0.1072 | hippo_05 horse_01
2026-06-24 16:27:28,477 INFO: avg err:0.4269 | err:0.5474 | hippo_05 horse_02
2026-06-24 16:27:28,680 INFO: avg err:0.4255 | err:0.1762 | hippo_05 horse_03
2026-06-24 16:27:28,931 INFO: avg err:0.4241 | err:0.1864 | hippo_05 horse_04
2026-06-24 16:27:29,141 INFO: avg err:0.4234 | err:0.2944 | hippo_05 horse_05
2026-06-24 16:27:29,448 INFO: avg err:0.4218 | err:0.1535 | hippo_05 horse_06
2026-06-24 16:27:29,674 INFO: avg err:0.4207 | err:0.2238 | hippo_05 horse_07
2026-06-24 16:27:29,978 INFO: avg err:0.4199 | err:0.2679 | hippo_05 horse_08
2026-06-24 16:27:30,198 INFO: avg err:0.4199 | err:0.4251 | hippo_05 horse_09
2026-06-24 16:27:30,495 INFO: avg err:0.4204 | err:0.5036 | hippo_05 horse_10
2026-06-24 16:27:30,704 INFO: avg err:0.4209 | err:0.5258 | hippo_06 cougar_01
2026-06-24 16:27:31,076 INFO: avg err:0.4223 | err:0.6698 | hippo_06 cougar_02
2026-06-24 16:27:31,281 INFO: avg err:0.4216 | err:0.2979 | hippo_06 cougar_03
2026-06-24 16:27:31,602 INFO: avg err:0.4208 | err:0.2643 | hippo_06 cougar_04
2026-06-24 16:27:31,813 INFO: avg err:0.4191 | err:0.1080 | hippo_06 hippo_01
2026-06-24 16:27:32,216 INFO: avg err:0.4176 | err:0.1356 | hippo_06 hippo_02
2026-06-24 16:27:32,432 INFO: avg err:0.4172 | err:0.3485 | hippo_06 hippo_03
2026-06-24 16:27:32,839 INFO: avg err:0.4163 | err:0.2486 | hippo_06 hippo_04
2026-06-24 16:27:33,043 INFO: avg err:0.4154 | err:0.2432 | hippo_06 hippo_05
2026-06-24 16:27:33,305 INFO: avg err:0.4132 | err:0.0000 | hippo_06 hippo_06
2026-06-24 16:27:33,509 INFO: avg err:0.4123 | err:0.2493 | hippo_06 horse_01
2026-06-24 16:27:33,814 INFO: avg err:0.4136 | err:0.6469 | hippo_06 horse_02
2026-06-24 16:27:34,034 INFO: avg err:0.4127 | err:0.2457 | hippo_06 horse_03
2026-06-24 16:27:34,369 INFO: avg err:0.4118 | err:0.2343 | hippo_06 horse_04
2026-06-24 16:27:34,569 INFO: avg err:0.4104 | err:0.1453 | hippo_06 horse_05
2026-06-24 16:27:34,926 INFO: avg err:0.4097 | err:0.2663 | hippo_06 horse_06
2026-06-24 16:27:35,127 INFO: avg err:0.4089 | err:0.2642 | hippo_06 horse_07
2026-06-24 16:27:35,450 INFO: avg err:0.4084 | err:0.3031 | hippo_06 horse_08
2026-06-24 16:27:35,745 INFO: avg err:0.4094 | err:0.6153 | hippo_06 horse_09
2026-06-24 16:27:36,077 INFO: avg err:0.4106 | err:0.6527 | hippo_06 horse_10
2026-06-24 16:27:36,283 INFO: avg err:0.4130 | err:0.8770 | horse_01 cougar_01
2026-06-24 16:27:36,653 INFO: avg err:0.4150 | err:0.8329 | horse_01 cougar_02
2026-06-24 16:27:36,874 INFO: avg err:0.4149 | err:0.3931 | horse_01 cougar_03
2026-06-24 16:27:37,121 INFO: avg err:0.4146 | err:0.3415 | horse_01 cougar_04
2026-06-24 16:27:37,325 INFO: avg err:0.4136 | err:0.2180 | horse_01 hippo_01
2026-06-24 16:27:37,719 INFO: avg err:0.4129 | err:0.2601 | horse_01 hippo_02
2026-06-24 16:27:37,940 INFO: avg err:0.4148 | err:0.8101 | horse_01 hippo_03
2026-06-24 16:27:38,313 INFO: avg err:0.4146 | err:0.3722 | horse_01 hippo_04
2026-06-24 16:27:38,548 INFO: avg err:0.4130 | err:0.0861 | horse_01 hippo_05
2026-06-24 16:27:38,859 INFO: avg err:0.4123 | err:0.2556 | horse_01 hippo_06
2026-06-24 16:27:39,091 INFO: avg err:0.4103 | err:0.0000 | horse_01 horse_01
2026-06-24 16:27:39,504 INFO: avg err:0.4115 | err:0.6663 | horse_01 horse_02
2026-06-24 16:27:39,799 INFO: avg err:0.4109 | err:0.2879 | horse_01 horse_03
2026-06-24 16:27:40,018 INFO: avg err:0.4097 | err:0.1551 | horse_01 horse_04
2026-06-24 16:27:40,236 INFO: avg err:0.4095 | err:0.3651 | horse_01 horse_05
2026-06-24 16:27:40,514 INFO: avg err:0.4089 | err:0.2641 | horse_01 horse_06
2026-06-24 16:27:40,774 INFO: avg err:0.4085 | err:0.3379 | horse_01 horse_07
2026-06-24 16:27:41,032 INFO: avg err:0.4082 | err:0.3308 | horse_01 horse_08
2026-06-24 16:27:41,258 INFO: avg err:0.4093 | err:0.6606 | horse_01 horse_09
2026-06-24 16:27:41,642 INFO: avg err:0.4107 | err:0.7182 | horse_01 horse_10
2026-06-24 16:27:41,867 INFO: avg err:0.4098 | err:0.2118 | horse_02 cougar_01
2026-06-24 16:27:42,288 INFO: avg err:0.4096 | err:0.3600 | horse_02 cougar_02
2026-06-24 16:27:42,547 INFO: avg err:0.4116 | err:0.8445 | horse_02 cougar_03
2026-06-24 16:27:42,991 INFO: avg err:0.4132 | err:0.7673 | horse_02 cougar_04
2026-06-24 16:27:43,292 INFO: avg err:0.4147 | err:0.7717 | horse_02 hippo_01
2026-06-24 16:27:43,611 INFO: avg err:0.4158 | err:0.6478 | horse_02 hippo_02
2026-06-24 16:27:43,818 INFO: avg err:0.4153 | err:0.3161 | horse_02 hippo_03
2026-06-24 16:27:44,325 INFO: avg err:0.4168 | err:0.7469 | horse_02 hippo_04
2026-06-24 16:27:44,530 INFO: avg err:0.4173 | err:0.5399 | horse_02 hippo_05
2026-06-24 16:27:44,844 INFO: avg err:0.4187 | err:0.7348 | horse_02 hippo_06
2026-06-24 16:27:45,077 INFO: avg err:0.4198 | err:0.6807 | horse_02 horse_01
2026-06-24 16:27:45,491 INFO: avg err:0.4180 | err:0.0000 | horse_02 horse_02
2026-06-24 16:27:45,718 INFO: avg err:0.4195 | err:0.7582 | horse_02 horse_03
2026-06-24 16:27:45,957 INFO: avg err:0.4210 | err:0.7637 | horse_02 horse_04
2026-06-24 16:27:46,158 INFO: avg err:0.4221 | err:0.6923 | horse_02 horse_05
2026-06-24 16:27:46,501 INFO: avg err:0.4232 | err:0.6805 | horse_02 horse_06
2026-06-24 16:27:46,722 INFO: avg err:0.4242 | err:0.6526 | horse_02 horse_07
2026-06-24 16:27:47,072 INFO: avg err:0.4242 | err:0.4334 | horse_02 horse_08
2026-06-24 16:27:47,294 INFO: avg err:0.4233 | err:0.1938 | horse_02 horse_09
2026-06-24 16:27:47,710 INFO: avg err:0.4227 | err:0.2790 | horse_02 horse_10
2026-06-24 16:27:47,941 INFO: avg err:0.4244 | err:0.8306 | horse_03 cougar_01
2026-06-24 16:27:48,199 INFO: avg err:0.4260 | err:0.8176 | horse_03 cougar_02
2026-06-24 16:27:48,407 INFO: avg err:0.4252 | err:0.2477 | horse_03 cougar_03
2026-06-24 16:27:48,803 INFO: avg err:0.4249 | err:0.3370 | horse_03 cougar_04
2026-06-24 16:27:49,011 INFO: avg err:0.4241 | err:0.2347 | horse_03 hippo_01
2026-06-24 16:27:49,294 INFO: avg err:0.4237 | err:0.3221 | horse_03 hippo_02
2026-06-24 16:27:49,513 INFO: avg err:0.4252 | err:0.7966 | horse_03 hippo_03
2026-06-24 16:27:49,842 INFO: avg err:0.4247 | err:0.2951 | horse_03 hippo_04
2026-06-24 16:27:50,050 INFO: avg err:0.4237 | err:0.1785 | horse_03 hippo_05
2026-06-24 16:27:50,480 INFO: avg err:0.4235 | err:0.3746 | horse_03 hippo_06
2026-06-24 16:27:50,684 INFO: avg err:0.4229 | err:0.2736 | horse_03 horse_01
2026-06-24 16:27:50,965 INFO: avg err:0.4243 | err:0.7807 | horse_03 horse_02
2026-06-24 16:27:51,171 INFO: avg err:0.4226 | err:0.0000 | horse_03 horse_03
2026-06-24 16:27:51,636 INFO: avg err:0.4213 | err:0.0853 | horse_03 horse_04
2026-06-24 16:27:51,849 INFO: avg err:0.4211 | err:0.3714 | horse_03 horse_05
2026-06-24 16:27:52,152 INFO: avg err:0.4197 | err:0.0519 | horse_03 horse_06
2026-06-24 16:27:52,368 INFO: avg err:0.4191 | err:0.2693 | horse_03 horse_07
2026-06-24 16:27:52,699 INFO: avg err:0.4193 | err:0.4677 | horse_03 horse_08
2026-06-24 16:27:52,949 INFO: avg err:0.4200 | err:0.6178 | horse_03 horse_09
2026-06-24 16:27:53,227 INFO: avg err:0.4207 | err:0.5900 | horse_03 horse_10
2026-06-24 16:27:53,470 INFO: avg err:0.4223 | err:0.8459 | horse_04 cougar_01
2026-06-24 16:27:53,810 INFO: avg err:0.4239 | err:0.8310 | horse_04 cougar_02
2026-06-24 16:27:54,013 INFO: avg err:0.4232 | err:0.2454 | horse_04 cougar_03
2026-06-24 16:27:54,391 INFO: avg err:0.4229 | err:0.3560 | horse_04 cougar_04
2026-06-24 16:27:54,613 INFO: avg err:0.4223 | err:0.2392 | horse_04 hippo_01
2026-06-24 16:27:54,915 INFO: avg err:0.4215 | err:0.2156 | horse_04 hippo_02
2026-06-24 16:27:55,154 INFO: avg err:0.4231 | err:0.8468 | horse_04 hippo_03
2026-06-24 16:27:55,393 INFO: avg err:0.4224 | err:0.2314 | horse_04 hippo_04
2026-06-24 16:27:55,600 INFO: avg err:0.4220 | err:0.3260 | horse_04 hippo_05
2026-06-24 16:27:55,919 INFO: avg err:0.4216 | err:0.3254 | horse_04 hippo_06
2026-06-24 16:27:56,173 INFO: avg err:0.4208 | err:0.1859 | horse_04 horse_01
2026-06-24 16:27:56,404 INFO: avg err:0.4219 | err:0.7384 | horse_04 horse_02
2026-06-24 16:27:56,611 INFO: avg err:0.4211 | err:0.1841 | horse_04 horse_03
2026-06-24 16:27:56,924 INFO: avg err:0.4195 | err:0.0000 | horse_04 horse_04
2026-06-24 16:27:57,133 INFO: avg err:0.4192 | err:0.3178 | horse_04 horse_05
2026-06-24 16:27:57,480 INFO: avg err:0.4180 | err:0.0880 | horse_04 horse_06
2026-06-24 16:27:57,682 INFO: avg err:0.4172 | err:0.2183 | horse_04 horse_07
2026-06-24 16:27:58,039 INFO: avg err:0.4170 | err:0.3413 | horse_04 horse_08
2026-06-24 16:27:58,269 INFO: avg err:0.4176 | err:0.5824 | horse_04 horse_09
2026-06-24 16:27:58,494 INFO: avg err:0.4186 | err:0.7023 | horse_04 horse_10
2026-06-24 16:27:58,739 INFO: avg err:0.4205 | err:0.9450 | horse_05 cougar_01
2026-06-24 16:27:59,146 INFO: avg err:0.4224 | err:0.9589 | horse_05 cougar_02
2026-06-24 16:27:59,429 INFO: avg err:0.4225 | err:0.4627 | horse_05 cougar_03
2026-06-24 16:27:59,770 INFO: avg err:0.4223 | err:0.3723 | horse_05 cougar_04
2026-06-24 16:27:59,977 INFO: avg err:0.4220 | err:0.3324 | horse_05 hippo_01
2026-06-24 16:28:00,253 INFO: avg err:0.4211 | err:0.1527 | horse_05 hippo_02
2026-06-24 16:28:00,457 INFO: avg err:0.4218 | err:0.6236 | horse_05 hippo_03
2026-06-24 16:28:00,788 INFO: avg err:0.4218 | err:0.4435 | horse_05 hippo_04
2026-06-24 16:28:01,038 INFO: avg err:0.4218 | err:0.4190 | horse_05 hippo_05
2026-06-24 16:28:01,342 INFO: avg err:0.4210 | err:0.1643 | horse_05 hippo_06
2026-06-24 16:28:01,547 INFO: avg err:0.4207 | err:0.3444 | horse_05 horse_01
2026-06-24 16:28:01,849 INFO: avg err:0.4218 | err:0.7452 | horse_05 horse_02
2026-06-24 16:28:02,051 INFO: avg err:0.4216 | err:0.3644 | horse_05 horse_03
2026-06-24 16:28:02,397 INFO: avg err:0.4211 | err:0.2784 | horse_05 horse_04
2026-06-24 16:28:02,630 INFO: avg err:0.4197 | err:0.0000 | horse_05 horse_05
2026-06-24 16:28:02,861 INFO: avg err:0.4196 | err:0.3957 | horse_05 horse_06
2026-06-24 16:28:03,061 INFO: avg err:0.4197 | err:0.4466 | horse_05 horse_07
2026-06-24 16:28:03,373 INFO: avg err:0.4200 | err:0.4992 | horse_05 horse_08
2026-06-24 16:28:03,601 INFO: avg err:0.4212 | err:0.7869 | horse_05 horse_09
2026-06-24 16:28:03,908 INFO: avg err:0.4227 | err:0.8673 | horse_05 horse_10
2026-06-24 16:28:04,111 INFO: avg err:0.4241 | err:0.8363 | horse_06 cougar_01
2026-06-24 16:28:04,397 INFO: avg err:0.4253 | err:0.7979 | horse_06 cougar_02
2026-06-24 16:28:04,600 INFO: avg err:0.4247 | err:0.2431 | horse_06 cougar_03
2026-06-24 16:28:04,934 INFO: avg err:0.4243 | err:0.3201 | horse_06 cougar_04
2026-06-24 16:28:05,136 INFO: avg err:0.4238 | err:0.2567 | horse_06 hippo_01
2026-06-24 16:28:05,424 INFO: avg err:0.4233 | err:0.2715 | horse_06 hippo_02
2026-06-24 16:28:05,689 INFO: avg err:0.4247 | err:0.8517 | horse_06 hippo_03
2026-06-24 16:28:05,922 INFO: avg err:0.4242 | err:0.2825 | horse_06 hippo_04
2026-06-24 16:28:06,124 INFO: avg err:0.4235 | err:0.1883 | horse_06 hippo_05
2026-06-24 16:28:06,445 INFO: avg err:0.4236 | err:0.4561 | horse_06 hippo_06
2026-06-24 16:28:06,647 INFO: avg err:0.4231 | err:0.2885 | horse_06 horse_01
2026-06-24 16:28:06,963 INFO: avg err:0.4240 | err:0.7016 | horse_06 horse_02
2026-06-24 16:28:07,171 INFO: avg err:0.4230 | err:0.0894 | horse_06 horse_03
2026-06-24 16:28:07,459 INFO: avg err:0.4222 | err:0.1876 | horse_06 horse_04
2026-06-24 16:28:07,658 INFO: avg err:0.4222 | err:0.4169 | horse_06 horse_05
2026-06-24 16:28:08,042 INFO: avg err:0.4209 | err:0.0000 | horse_06 horse_06
2026-06-24 16:28:08,248 INFO: avg err:0.4198 | err:0.0854 | horse_06 horse_07
2026-06-24 16:28:08,537 INFO: avg err:0.4196 | err:0.3407 | horse_06 horse_08
2026-06-24 16:28:08,736 INFO: avg err:0.4200 | err:0.5489 | horse_06 horse_09
2026-06-24 16:28:09,025 INFO: avg err:0.4206 | err:0.6130 | horse_06 horse_10
2026-06-24 16:28:09,241 INFO: avg err:0.4215 | err:0.7331 | horse_07 cougar_01
2026-06-24 16:28:09,533 INFO: avg err:0.4228 | err:0.8371 | horse_07 cougar_02
2026-06-24 16:28:09,732 INFO: avg err:0.4223 | err:0.2402 | horse_07 cougar_03
2026-06-24 16:28:10,027 INFO: avg err:0.4215 | err:0.1913 | horse_07 cougar_04
2026-06-24 16:28:10,228 INFO: avg err:0.4213 | err:0.3468 | horse_07 hippo_01
2026-06-24 16:28:10,544 INFO: avg err:0.4211 | err:0.3415 | horse_07 hippo_02
2026-06-24 16:28:10,751 INFO: avg err:0.4217 | err:0.6101 | horse_07 hippo_03
2026-06-24 16:28:11,043 INFO: avg err:0.4212 | err:0.2592 | horse_07 hippo_04
2026-06-24 16:28:11,243 INFO: avg err:0.4206 | err:0.2499 | horse_07 hippo_05
2026-06-24 16:28:11,535 INFO: avg err:0.4205 | err:0.3877 | horse_07 hippo_06
2026-06-24 16:28:11,735 INFO: avg err:0.4201 | err:0.2716 | horse_07 horse_01
2026-06-24 16:28:12,016 INFO: avg err:0.4208 | err:0.6651 | horse_07 horse_02
2026-06-24 16:28:12,215 INFO: avg err:0.4200 | err:0.1606 | horse_07 horse_03
2026-06-24 16:28:12,519 INFO: avg err:0.4196 | err:0.2609 | horse_07 horse_04
2026-06-24 16:28:12,720 INFO: avg err:0.4197 | err:0.4490 | horse_07 horse_05
2026-06-24 16:28:13,016 INFO: avg err:0.4187 | err:0.0995 | horse_07 horse_06
2026-06-24 16:28:13,218 INFO: avg err:0.4175 | err:0.0000 | horse_07 horse_07
2026-06-24 16:28:13,585 INFO: avg err:0.4169 | err:0.2347 | horse_07 horse_08
2026-06-24 16:28:13,784 INFO: avg err:0.4172 | err:0.5164 | horse_07 horse_09
2026-06-24 16:28:14,107 INFO: avg err:0.4180 | err:0.6771 | horse_07 horse_10
2026-06-24 16:28:14,310 INFO: avg err:0.4191 | err:0.7888 | horse_08 cougar_01
2026-06-24 16:28:14,635 INFO: avg err:0.4200 | err:0.7422 | horse_08 cougar_02
2026-06-24 16:28:14,836 INFO: avg err:0.4198 | err:0.3324 | horse_08 cougar_03
2026-06-24 16:28:15,113 INFO: avg err:0.4195 | err:0.3429 | horse_08 cougar_04
2026-06-24 16:28:15,311 INFO: avg err:0.4195 | err:0.3957 | horse_08 hippo_01
2026-06-24 16:28:15,617 INFO: avg err:0.4193 | err:0.3658 | horse_08 hippo_02
2026-06-24 16:28:15,820 INFO: avg err:0.4201 | err:0.7027 | horse_08 hippo_03
2026-06-24 16:28:16,125 INFO: avg err:0.4202 | err:0.4305 | horse_08 hippo_04
2026-06-24 16:28:16,322 INFO: avg err:0.4197 | err:0.2671 | horse_08 hippo_05
2026-06-24 16:28:16,594 INFO: avg err:0.4197 | err:0.3990 | horse_08 hippo_06
2026-06-24 16:28:16,798 INFO: avg err:0.4191 | err:0.2344 | horse_08 horse_01
2026-06-24 16:28:17,082 INFO: avg err:0.4199 | err:0.6864 | horse_08 horse_02
2026-06-24 16:28:17,288 INFO: avg err:0.4198 | err:0.3763 | horse_08 horse_03
2026-06-24 16:28:17,610 INFO: avg err:0.4197 | err:0.3963 | horse_08 horse_04
2026-06-24 16:28:17,824 INFO: avg err:0.4199 | err:0.4999 | horse_08 horse_05
2026-06-24 16:28:18,068 INFO: avg err:0.4198 | err:0.3803 | horse_08 horse_06
2026-06-24 16:28:18,273 INFO: avg err:0.4191 | err:0.1758 | horse_08 horse_07
2026-06-24 16:28:18,644 INFO: avg err:0.4180 | err:0.0000 | horse_08 horse_08
2026-06-24 16:28:18,847 INFO: avg err:0.4180 | err:0.4193 | horse_08 horse_09
2026-06-24 16:28:19,173 INFO: avg err:0.4186 | err:0.6651 | horse_08 horse_10
2026-06-24 16:28:19,379 INFO: avg err:0.4183 | err:0.2884 | horse_09 cougar_01
2026-06-24 16:28:19,647 INFO: avg err:0.4179 | err:0.2687 | horse_09 cougar_02
2026-06-24 16:28:19,846 INFO: avg err:0.4187 | err:0.7324 | horse_09 cougar_03
2026-06-24 16:28:20,160 INFO: avg err:0.4195 | err:0.6818 | horse_09 cougar_04
2026-06-24 16:28:20,362 INFO: avg err:0.4202 | err:0.6784 | horse_09 hippo_01
2026-06-24 16:28:20,675 INFO: avg err:0.4208 | err:0.6368 | horse_09 hippo_02
2026-06-24 16:28:20,880 INFO: avg err:0.4206 | err:0.3503 | horse_09 hippo_03
2026-06-24 16:28:21,175 INFO: avg err:0.4215 | err:0.7649 | horse_09 hippo_04
2026-06-24 16:28:21,376 INFO: avg err:0.4216 | err:0.4679 | horse_09 hippo_05
2026-06-24 16:28:21,692 INFO: avg err:0.4223 | err:0.6580 | horse_09 hippo_06
2026-06-24 16:28:21,898 INFO: avg err:0.4224 | err:0.4651 | horse_09 horse_01
2026-06-24 16:28:22,176 INFO: avg err:0.4220 | err:0.2670 | horse_09 horse_02
2026-06-24 16:28:22,373 INFO: avg err:0.4225 | err:0.6242 | horse_09 horse_03
2026-06-24 16:28:22,694 INFO: avg err:0.4231 | err:0.6272 | horse_09 horse_04
2026-06-24 16:28:22,962 INFO: avg err:0.4239 | err:0.7328 | horse_09 horse_05
2026-06-24 16:28:23,243 INFO: avg err:0.4243 | err:0.5988 | horse_09 horse_06
2026-06-24 16:28:23,452 INFO: avg err:0.4248 | err:0.5937 | horse_09 horse_07
2026-06-24 16:28:23,672 INFO: avg err:0.4249 | err:0.4575 | horse_09 horse_08
2026-06-24 16:28:23,872 INFO: avg err:0.4238 | err:0.0000 | horse_09 horse_09
2026-06-24 16:28:24,165 INFO: avg err:0.4234 | err:0.2752 | horse_09 horse_10
2026-06-24 16:28:24,382 INFO: avg err:0.4231 | err:0.3106 | horse_10 cougar_01
2026-06-24 16:28:24,715 INFO: avg err:0.4230 | err:0.3818 | horse_10 cougar_02
2026-06-24 16:28:24,927 INFO: avg err:0.4239 | err:0.7644 | horse_10 cougar_03
2026-06-24 16:28:25,165 INFO: avg err:0.4249 | err:0.8121 | horse_10 cougar_04
2026-06-24 16:28:25,414 INFO: avg err:0.4259 | err:0.8070 | horse_10 hippo_01
2026-06-24 16:28:25,666 INFO: avg err:0.4265 | err:0.6874 | horse_10 hippo_02
2026-06-24 16:28:25,878 INFO: avg err:0.4267 | err:0.4801 | horse_10 hippo_03
2026-06-24 16:28:26,157 INFO: avg err:0.4275 | err:0.7396 | horse_10 hippo_04
2026-06-24 16:28:26,376 INFO: avg err:0.4278 | err:0.5627 | horse_10 hippo_05
2026-06-24 16:28:26,651 INFO: avg err:0.4288 | err:0.7961 | horse_10 hippo_06
2026-06-24 16:28:26,890 INFO: avg err:0.4292 | err:0.5861 | horse_10 horse_01
2026-06-24 16:28:27,188 INFO: avg err:0.4288 | err:0.2766 | horse_10 horse_02
2026-06-24 16:28:27,413 INFO: avg err:0.4291 | err:0.5379 | horse_10 horse_03
2026-06-24 16:28:27,672 INFO: avg err:0.4298 | err:0.7090 | horse_10 horse_04
2026-06-24 16:28:27,882 INFO: avg err:0.4307 | err:0.8025 | horse_10 horse_05
2026-06-24 16:28:28,171 INFO: avg err:0.4313 | err:0.6724 | horse_10 horse_06
2026-06-24 16:28:28,450 INFO: avg err:0.4322 | err:0.7696 | horse_10 horse_07
2026-06-24 16:28:28,735 INFO: avg err:0.4324 | err:0.5107 | horse_10 horse_08
2026-06-24 16:28:29,029 INFO: avg err:0.4318 | err:0.2116 | horse_10 horse_09
2026-06-24 16:28:29,233 INFO: avg err:0.4307 | err:0.0000 | horse_10 horse_10
2026-06-24 16:28:29,260 INFO: Avg time: 0.0815
2026-06-24 16:28:29,698 INFO: Val auc: 0.2615
2026-06-24 16:28:29,705 INFO: Val avg error: 0.4307
2026-06-24 16:28:29,712 INFO: Best model is updated, average geodesic error: 0.4307
2026-06-24 16:28:29,790 INFO: [ONB diag] max|Q-I|: mean=6.2637e-02 max=6.7606e-02 | max|Φ̃ᵀMΦ̃-I|: mean=7.3582e-07 max=8.3447e-07
2026-06-24 16:28:34,672 INFO: [smal_..][epoch:  5, iter:   4,020, lr:(9.141e-04,9.141e-04,)][eta: 1:12:15, time (data): 0.255 (0.014)]l_bij: 2.4586e+02 l_orth: 2.3035e+02 l_align: 1.3197e+02 l_total: 6.0818e+02 
2026-06-24 16:28:39,643 INFO: [smal_..][epoch:  5, iter:   4,040, lr:(9.141e-04,9.141e-04,)][eta: 1:12:02, time (data): 0.248 (0.015)]l_bij: 2.3476e+02 l_orth: 2.2364e+02 l_align: 1.4712e+02 l_total: 6.0551e+02 
2026-06-24 16:28:44,714 INFO: [smal_..][epoch:  5, iter:   4,060, lr:(9.141e-04,9.141e-04,)][eta: 1:11:50, time (data): 0.251 (0.014)]l_bij: 2.4860e+02 l_orth: 2.3698e+02 l_align: 1.2867e+02 l_total: 6.1424e+02 
2026-06-24 16:28:49,597 INFO: [smal_..][epoch:  5, iter:   4,080, lr:(9.141e-04,9.141e-04,)][eta: 1:11:38, time (data): 0.248 (0.014)]l_bij: 2.3357e+02 l_orth: 2.2786e+02 l_align: 1.5287e+02 l_total: 6.1430e+02 
2026-06-24 16:28:54,514 INFO: [smal_..][epoch:  5, iter:   4,100, lr:(9.141e-04,9.141e-04,)][eta: 1:11:25, time (data): 0.248 (0.014)]l_bij: 2.4234e+02 l_orth: 2.3279e+02 l_align: 1.3818e+02 l_total: 6.1331e+02 
2026-06-24 16:28:59,439 INFO: [smal_..][epoch:  5, iter:   4,120, lr:(9.141e-04,9.141e-04,)][eta: 1:11:13, time (data): 0.247 (0.014)]l_bij: 2.4060e+02 l_orth: 2.2907e+02 l_align: 1.4518e+02 l_total: 6.1484e+02 
2026-06-24 16:29:04,334 INFO: [smal_..][epoch:  5, iter:   4,140, lr:(9.141e-04,9.141e-04,)][eta: 1:11:01, time (data): 0.247 (0.014)]l_bij: 2.4926e+02 l_orth: 2.3760e+02 l_align: 1.3281e+02 l_total: 6.1966e+02 
2026-06-24 16:29:09,293 INFO: [smal_..][epoch:  5, iter:   4,160, lr:(9.141e-04,9.141e-04,)][eta: 1:10:48, time (data): 0.247 (0.014)]l_bij: 2.4117e+02 l_orth: 2.2670e+02 l_align: 1.3306e+02 l_total: 6.0093e+02 
2026-06-24 16:29:14,197 INFO: [smal_..][epoch:  5, iter:   4,180, lr:(9.141e-04,9.141e-04,)][eta: 1:10:36, time (data): 0.247 (0.014)]l_bij: 2.4761e+02 l_orth: 2.3265e+02 l_align: 1.3430e+02 l_total: 6.1456e+02 
2026-06-24 16:29:19,093 INFO: [smal_..][epoch:  5, iter:   4,200, lr:(9.141e-04,9.141e-04,)][eta: 1:10:24, time (data): 0.247 (0.014)]l_bij: 2.3509e+02 l_orth: 2.2292e+02 l_align: 1.3745e+02 l_total: 5.9545e+02 
2026-06-24 16:29:24,256 INFO: [smal_..][epoch:  6, iter:   4,220, lr:(8.682e-04,8.682e-04,)][eta: 1:10:13, time (data): 0.248 (0.016)]l_bij: 2.4256e+02 l_orth: 2.3063e+02 l_align: 1.4944e+02 l_total: 6.2262e+02 
2026-06-24 16:29:29,177 INFO: [smal_..][epoch:  6, iter:   4,240, lr:(8.682e-04,8.682e-04,)][eta: 1:10:01, time (data): 0.246 (0.014)]l_bij: 2.4939e+02 l_orth: 2.3543e+02 l_align: 1.4105e+02 l_total: 6.2587e+02 
2026-06-24 16:29:34,063 INFO: [smal_..][epoch:  6, iter:   4,260, lr:(8.682e-04,8.682e-04,)][eta: 1:09:49, time (data): 0.245 (0.014)]l_bij: 2.5185e+02 l_orth: 2.3599e+02 l_align: 1.2449e+02 l_total: 6.1233e+02 
2026-06-24 16:29:38,953 INFO: [smal_..][epoch:  6, iter:   4,280, lr:(8.682e-04,8.682e-04,)][eta: 1:09:37, time (data): 0.245 (0.014)]l_bij: 2.4781e+02 l_orth: 2.3752e+02 l_align: 1.3769e+02 l_total: 6.2302e+02 
2026-06-24 16:29:43,879 INFO: [smal_..][epoch:  6, iter:   4,300, lr:(8.682e-04,8.682e-04,)][eta: 1:09:25, time (data): 0.245 (0.014)]l_bij: 2.2873e+02 l_orth: 2.2096e+02 l_align: 1.4887e+02 l_total: 5.9856e+02 
2026-06-24 16:29:48,800 INFO: [smal_..][epoch:  6, iter:   4,320, lr:(8.682e-04,8.682e-04,)][eta: 1:09:14, time (data): 0.245 (0.014)]l_bij: 2.3806e+02 l_orth: 2.3258e+02 l_align: 1.4119e+02 l_total: 6.1183e+02 
2026-06-24 16:29:53,702 INFO: [smal_..][epoch:  6, iter:   4,340, lr:(8.682e-04,8.682e-04,)][eta: 1:09:02, time (data): 0.245 (0.014)]l_bij: 2.4760e+02 l_orth: 2.3163e+02 l_align: 1.3197e+02 l_total: 6.1119e+02 
2026-06-24 16:29:58,581 INFO: [smal_..][epoch:  6, iter:   4,360, lr:(8.682e-04,8.682e-04,)][eta: 1:08:50, time (data): 0.245 (0.014)]l_bij: 2.3527e+02 l_orth: 2.2572e+02 l_align: 1.5090e+02 l_total: 6.1189e+02 
2026-06-24 16:30:03,521 INFO: [smal_..][epoch:  6, iter:   4,380, lr:(8.682e-04,8.682e-04,)][eta: 1:08:39, time (data): 0.245 (0.014)]l_bij: 2.4232e+02 l_orth: 2.2871e+02 l_align: 1.3843e+02 l_total: 6.0947e+02 
2026-06-24 16:30:08,439 INFO: [smal_..][epoch:  6, iter:   4,400, lr:(8.682e-04,8.682e-04,)][eta: 1:08:28, time (data): 0.245 (0.014)]l_bij: 2.4471e+02 l_orth: 2.3225e+02 l_align: 1.3162e+02 l_total: 6.0858e+02 
2026-06-24 16:30:13,308 INFO: [smal_..][epoch:  6, iter:   4,420, lr:(8.682e-04,8.682e-04,)][eta: 1:08:16, time (data): 0.245 (0.014)]l_bij: 2.4079e+02 l_orth: 2.2766e+02 l_align: 1.3952e+02 l_total: 6.0797e+02 
2026-06-24 16:30:18,222 INFO: [smal_..][epoch:  6, iter:   4,440, lr:(8.682e-04,8.682e-04,)][eta: 1:08:05, time (data): 0.246 (0.015)]l_bij: 2.4401e+02 l_orth: 2.2736e+02 l_align: 1.3589e+02 l_total: 6.0726e+02 
2026-06-24 16:30:23,102 INFO: [smal_..][epoch:  6, iter:   4,460, lr:(8.682e-04,8.682e-04,)][eta: 1:07:53, time (data): 0.245 (0.014)]l_bij: 2.4367e+02 l_orth: 2.5014e+02 l_align: 1.4179e+02 l_total: 6.3560e+02 
2026-06-24 16:30:28,028 INFO: [smal_..][epoch:  6, iter:   4,480, lr:(8.682e-04,8.682e-04,)][eta: 1:07:42, time (data): 0.245 (0.014)]l_bij: 2.4697e+02 l_orth: 2.4377e+02 l_align: 1.4174e+02 l_total: 6.3247e+02 
2026-06-24 16:30:32,973 INFO: [smal_..][epoch:  6, iter:   4,500, lr:(8.682e-04,8.682e-04,)][eta: 1:07:31, time (data): 0.246 (0.014)]l_bij: 2.5007e+02 l_orth: 2.3570e+02 l_align: 1.2988e+02 l_total: 6.1565e+02 
2026-06-24 16:30:37,857 INFO: [smal_..][epoch:  6, iter:   4,520, lr:(8.682e-04,8.682e-04,)][eta: 1:07:20, time (data): 0.245 (0.014)]l_bij: 2.3251e+02 l_orth: 2.1736e+02 l_align: 1.4262e+02 l_total: 5.9248e+02 
2026-06-24 16:30:42,725 INFO: [smal_..][epoch:  6, iter:   4,540, lr:(8.682e-04,8.682e-04,)][eta: 1:07:09, time (data): 0.245 (0.014)]l_bij: 2.4267e+02 l_orth: 2.2766e+02 l_align: 1.3369e+02 l_total: 6.0402e+02 
2026-06-24 16:30:47,609 INFO: [smal_..][epoch:  6, iter:   4,560, lr:(8.682e-04,8.682e-04,)][eta: 1:06:58, time (data): 0.245 (0.014)]l_bij: 2.4317e+02 l_orth: 2.3243e+02 l_align: 1.3699e+02 l_total: 6.1258e+02 
2026-06-24 16:30:52,521 INFO: [smal_..][epoch:  6, iter:   4,580, lr:(8.682e-04,8.682e-04,)][eta: 1:06:47, time (data): 0.245 (0.014)]l_bij: 2.4373e+02 l_orth: 2.3276e+02 l_align: 1.3968e+02 l_total: 6.1617e+02 
2026-06-24 16:30:57,435 INFO: [smal_..][epoch:  6, iter:   4,600, lr:(8.682e-04,8.682e-04,)][eta: 1:06:36, time (data): 0.245 (0.014)]l_bij: 2.5140e+02 l_orth: 2.3770e+02 l_align: 1.2666e+02 l_total: 6.1576e+02 
2026-06-24 16:31:02,307 INFO: [smal_..][epoch:  6, iter:   4,620, lr:(8.682e-04,8.682e-04,)][eta: 1:06:25, time (data): 0.245 (0.014)]l_bij: 2.2927e+02 l_orth: 2.2551e+02 l_align: 1.5343e+02 l_total: 6.0821e+02 
2026-06-24 16:31:07,224 INFO: [smal_..][epoch:  6, iter:   4,640, lr:(8.682e-04,8.682e-04,)][eta: 1:06:14, time (data): 0.246 (0.015)]l_bij: 2.4521e+02 l_orth: 2.3258e+02 l_align: 1.3054e+02 l_total: 6.0833e+02 
2026-06-24 16:31:12,185 INFO: [smal_..][epoch:  6, iter:   4,660, lr:(8.682e-04,8.682e-04,)][eta: 1:06:03, time (data): 0.247 (0.014)]l_bij: 2.3846e+02 l_orth: 2.3020e+02 l_align: 1.4124e+02 l_total: 6.0990e+02 
2026-06-24 16:31:17,093 INFO: [smal_..][epoch:  6, iter:   4,680, lr:(8.682e-04,8.682e-04,)][eta: 1:05:53, time (data): 0.246 (0.014)]l_bij: 2.4002e+02 l_orth: 2.3690e+02 l_align: 1.4312e+02 l_total: 6.2005e+02 
2026-06-24 16:31:22,027 INFO: [smal_..][epoch:  6, iter:   4,700, lr:(8.682e-04,8.682e-04,)][eta: 1:05:42, time (data): 0.246 (0.015)]l_bij: 2.4687e+02 l_orth: 2.3546e+02 l_align: 1.3447e+02 l_total: 6.1680e+02 
2026-06-24 16:31:26,978 INFO: [smal_..][epoch:  6, iter:   4,720, lr:(8.682e-04,8.682e-04,)][eta: 1:05:32, time (data): 0.246 (0.015)]l_bij: 2.5097e+02 l_orth: 2.3524e+02 l_align: 1.1966e+02 l_total: 6.0587e+02 
2026-06-24 16:31:31,830 INFO: [smal_..][epoch:  6, iter:   4,740, lr:(8.682e-04,8.682e-04,)][eta: 1:05:21, time (data): 0.246 (0.014)]l_bij: 2.4290e+02 l_orth: 2.2896e+02 l_align: 1.3110e+02 l_total: 6.0296e+02 
2026-06-24 16:31:36,720 INFO: [smal_..][epoch:  6, iter:   4,760, lr:(8.682e-04,8.682e-04,)][eta: 1:05:10, time (data): 0.246 (0.014)]l_bij: 2.4490e+02 l_orth: 2.3574e+02 l_align: 1.3960e+02 l_total: 6.2024e+02 
2026-06-24 16:31:41,658 INFO: [smal_..][epoch:  6, iter:   4,780, lr:(8.682e-04,8.682e-04,)][eta: 1:05:00, time (data): 0.246 (0.014)]l_bij: 2.4192e+02 l_orth: 2.2989e+02 l_align: 1.3819e+02 l_total: 6.0999e+02 
2026-06-24 16:31:46,600 INFO: [smal_..][epoch:  6, iter:   4,800, lr:(8.682e-04,8.682e-04,)][eta: 1:04:50, time (data): 0.246 (0.014)]l_bij: 2.4353e+02 l_orth: 2.3246e+02 l_align: 1.3704e+02 l_total: 6.1303e+02 
2026-06-24 16:31:51,527 INFO: [smal_..][epoch:  6, iter:   4,820, lr:(8.682e-04,8.682e-04,)][eta: 1:04:39, time (data): 0.246 (0.014)]l_bij: 2.3770e+02 l_orth: 2.2480e+02 l_align: 1.4050e+02 l_total: 6.0300e+02 
2026-06-24 16:31:56,483 INFO: [smal_..][epoch:  6, iter:   4,840, lr:(8.682e-04,8.682e-04,)][eta: 1:04:29, time (data): 0.247 (0.014)]l_bij: 2.5396e+02 l_orth: 2.4861e+02 l_align: 1.4579e+02 l_total: 6.4836e+02 
2026-06-24 16:32:01,405 INFO: [smal_..][epoch:  6, iter:   4,860, lr:(8.682e-04,8.682e-04,)][eta: 1:04:19, time (data): 0.246 (0.014)]l_bij: 2.3443e+02 l_orth: 2.2342e+02 l_align: 1.3957e+02 l_total: 5.9741e+02 
2026-06-24 16:32:06,335 INFO: [smal_..][epoch:  6, iter:   4,880, lr:(8.682e-04,8.682e-04,)][eta: 1:04:09, time (data): 0.246 (0.014)]l_bij: 2.4481e+02 l_orth: 2.2944e+02 l_align: 1.3176e+02 l_total: 6.0601e+02 
2026-06-24 16:32:11,265 INFO: [smal_..][epoch:  6, iter:   4,900, lr:(8.682e-04,8.682e-04,)][eta: 1:03:59, time (data): 0.246 (0.014)]l_bij: 2.4013e+02 l_orth: 2.2771e+02 l_align: 1.3449e+02 l_total: 6.0233e+02 
2026-06-24 16:32:16,470 INFO: [smal_..][epoch:  6, iter:   4,920, lr:(8.682e-04,8.682e-04,)][eta: 1:03:49, time (data): 0.249 (0.014)]l_bij: 2.4105e+02 l_orth: 2.3206e+02 l_align: 1.3513e+02 l_total: 6.0824e+02 
2026-06-24 16:32:21,700 INFO: [smal_..][epoch:  6, iter:   4,940, lr:(8.682e-04,8.682e-04,)][eta: 1:03:40, time (data): 0.251 (0.014)]l_bij: 2.5326e+02 l_orth: 2.3746e+02 l_align: 1.2786e+02 l_total: 6.1857e+02 
2026-06-24 16:32:27,075 INFO: [smal_..][epoch:  6, iter:   4,960, lr:(8.682e-04,8.682e-04,)][eta: 1:03:31, time (data): 0.254 (0.014)]l_bij: 2.4510e+02 l_orth: 2.4319e+02 l_align: 1.4414e+02 l_total: 6.3242e+02 
2026-06-24 16:32:32,411 INFO: [smal_..][epoch:  6, iter:   4,980, lr:(8.682e-04,8.682e-04,)][eta: 1:03:22, time (data): 0.255 (0.014)]l_bij: 2.5231e+02 l_orth: 2.4109e+02 l_align: 1.2697e+02 l_total: 6.2038e+02 
2026-06-24 16:32:37,558 INFO: [smal_..][epoch:  6, iter:   5,000, lr:(8.682e-04,8.682e-04,)][eta: 1:03:12, time (data): 0.256 (0.014)]l_bij: 2.3973e+02 l_orth: 2.2547e+02 l_align: 1.3734e+02 l_total: 6.0254e+02 
2026-06-24 16:32:42,723 INFO: [smal_..][epoch:  6, iter:   5,020, lr:(8.682e-04,8.682e-04,)][eta: 1:03:03, time (data): 0.256 (0.014)]l_bij: 2.4569e+02 l_orth: 2.3034e+02 l_align: 1.3145e+02 l_total: 6.0749e+02 
2026-06-24 16:32:47,972 INFO: [smal_..][epoch:  6, iter:   5,040, lr:(8.682e-04,8.682e-04,)][eta: 1:02:54, time (data): 0.261 (0.014)]l_bij: 2.4078e+02 l_orth: 2.2479e+02 l_align: 1.4493e+02 l_total: 6.1050e+02 
2026-06-24 16:32:53,476 INFO: [smal_..][epoch:  7, iter:   5,060, lr:(8.145e-04,8.145e-04,)][eta: 1:02:45, time (data): 0.269 (0.021)]l_bij: 2.3792e+02 l_orth: 2.2403e+02 l_align: 1.3928e+02 l_total: 6.0124e+02 
2026-06-24 16:32:58,675 INFO: [smal_..][epoch:  7, iter:   5,080, lr:(8.145e-04,8.145e-04,)][eta: 1:02:36, time (data): 0.266 (0.019)]l_bij: 1.6912e+02 l_orth: 1.6786e+02 l_align: 2.1420e+02 l_total: 5.5117e+02 
2026-06-24 16:33:03,898 INFO: [smal_..][epoch:  7, iter:   5,100, lr:(8.145e-04,8.145e-04,)][eta: 1:02:27, time (data): 0.264 (0.018)]l_bij: 2.3930e+02 l_orth: 2.2817e+02 l_align: 1.4658e+02 l_total: 6.1405e+02 
2026-06-24 16:33:09,091 INFO: [smal_..][epoch:  7, iter:   5,120, lr:(8.145e-04,8.145e-04,)][eta: 1:02:18, time (data): 0.263 (0.017)]l_bij: 1.8565e+02 l_orth: 1.8672e+02 l_align: 1.9002e+02 l_total: 5.6239e+02 
2026-06-24 16:33:14,335 INFO: [smal_..][epoch:  7, iter:   5,140, lr:(8.145e-04,8.145e-04,)][eta: 1:02:09, time (data): 0.263 (0.017)]l_bij: 2.4568e+02 l_orth: 2.3120e+02 l_align: 1.3152e+02 l_total: 6.0839e+02 
2026-06-24 16:33:19,472 INFO: [smal_..][epoch:  7, iter:   5,160, lr:(8.145e-04,8.145e-04,)][eta: 1:02:00, time (data): 0.262 (0.016)]l_bij: 2.4116e+02 l_orth: 2.2884e+02 l_align: 1.3200e+02 l_total: 6.0200e+02 
2026-06-24 16:33:24,593 INFO: [smal_..][epoch:  7, iter:   5,180, lr:(8.145e-04,8.145e-04,)][eta: 1:01:51, time (data): 0.261 (0.016)]l_bij: 2.4311e+02 l_orth: 2.2934e+02 l_align: 1.3577e+02 l_total: 6.0822e+02 
2026-06-24 16:33:29,919 INFO: [smal_..][epoch:  7, iter:   5,200, lr:(8.145e-04,8.145e-04,)][eta: 1:01:42, time (data): 0.262 (0.016)]l_bij: 2.2299e+02 l_orth: 2.1875e+02 l_align: 1.5997e+02 l_total: 6.0170e+02 
2026-06-24 16:33:35,171 INFO: [smal_..][epoch:  7, iter:   5,220, lr:(8.145e-04,8.145e-04,)][eta: 1:01:33, time (data): 0.262 (0.016)]l_bij: 2.3689e+02 l_orth: 2.2622e+02 l_align: 1.4403e+02 l_total: 6.0715e+02 
2026-06-24 16:33:40,423 INFO: [smal_..][epoch:  7, iter:   5,240, lr:(8.145e-04,8.145e-04,)][eta: 1:01:24, time (data): 0.265 (0.015)]l_bij: 2.4665e+02 l_orth: 2.3687e+02 l_align: 1.4037e+02 l_total: 6.2389e+02 
2026-06-24 16:33:45,683 INFO: [smal_..][epoch:  7, iter:   5,260, lr:(8.145e-04,8.145e-04,)][eta: 1:01:15, time (data): 0.264 (0.014)]l_bij: 2.4816e+02 l_orth: 2.3590e+02 l_align: 1.2658e+02 l_total: 6.1063e+02 
2026-06-24 16:33:50,905 INFO: [smal_..][epoch:  7, iter:   5,280, lr:(8.145e-04,8.145e-04,)][eta: 1:01:06, time (data): 0.263 (0.014)]l_bij: 2.3672e+02 l_orth: 2.2386e+02 l_align: 1.3902e+02 l_total: 5.9960e+02 
2026-06-24 16:33:56,122 INFO: [smal_..][epoch:  7, iter:   5,300, lr:(8.145e-04,8.145e-04,)][eta: 1:00:58, time (data): 0.262 (0.014)]l_bij: 2.3619e+02 l_orth: 2.2490e+02 l_align: 1.4207e+02 l_total: 6.0316e+02 
2026-06-24 16:34:01,037 INFO: [smal_..][epoch:  7, iter:   5,320, lr:(8.145e-04,8.145e-04,)][eta: 1:00:48, time (data): 0.259 (0.014)]l_bij: 2.5190e+02 l_orth: 2.5372e+02 l_align: 1.3766e+02 l_total: 6.4327e+02 
2026-06-24 16:34:05,935 INFO: [smal_..][epoch:  7, iter:   5,340, lr:(8.145e-04,8.145e-04,)][eta: 1:00:39, time (data): 0.256 (0.014)]l_bij: 2.4381e+02 l_orth: 2.3133e+02 l_align: 1.3605e+02 l_total: 6.1119e+02 
2026-06-24 16:34:10,861 INFO: [smal_..][epoch:  7, iter:   5,360, lr:(8.145e-04,8.145e-04,)][eta: 1:00:29, time (data): 0.255 (0.014)]l_bij: 2.3790e+02 l_orth: 2.3838e+02 l_align: 1.4282e+02 l_total: 6.1910e+02 
2026-06-24 16:34:15,801 INFO: [smal_..][epoch:  7, iter:   5,380, lr:(8.145e-04,8.145e-04,)][eta: 1:00:20, time (data): 0.254 (0.015)]l_bij: 2.4697e+02 l_orth: 2.3738e+02 l_align: 1.3912e+02 l_total: 6.2346e+02 
2026-06-24 16:34:20,948 INFO: [smal_..][epoch:  7, iter:   5,400, lr:(8.145e-04,8.145e-04,)][eta: 1:00:11, time (data): 0.254 (0.015)]l_bij: 2.4502e+02 l_orth: 2.2917e+02 l_align: 1.3990e+02 l_total: 6.1410e+02 
2026-06-24 16:34:25,827 INFO: [smal_..][epoch:  7, iter:   5,420, lr:(8.145e-04,8.145e-04,)][eta: 1:00:02, time (data): 0.253 (0.014)]l_bij: 2.4874e+02 l_orth: 2.3438e+02 l_align: 1.3624e+02 l_total: 6.1936e+02 
2026-06-24 16:34:30,723 INFO: [smal_..][epoch:  7, iter:   5,440, lr:(8.145e-04,8.145e-04,)][eta: 0:59:53, time (data): 0.245 (0.014)]l_bij: 2.5159e+02 l_orth: 2.3760e+02 l_align: 1.1986e+02 l_total: 6.0905e+02 
2026-06-24 16:34:35,657 INFO: [smal_..][epoch:  7, iter:   5,460, lr:(8.145e-04,8.145e-04,)][eta: 0:59:43, time (data): 0.246 (0.014)]l_bij: 2.4094e+02 l_orth: 2.3044e+02 l_align: 1.4429e+02 l_total: 6.1568e+02 
2026-06-24 16:34:40,622 INFO: [smal_..][epoch:  7, iter:   5,480, lr:(8.145e-04,8.145e-04,)][eta: 0:59:34, time (data): 0.247 (0.014)]l_bij: 2.3412e+02 l_orth: 2.2219e+02 l_align: 1.4504e+02 l_total: 6.0135e+02 
2026-06-24 16:34:45,545 INFO: [smal_..][epoch:  7, iter:   5,500, lr:(8.145e-04,8.145e-04,)][eta: 0:59:25, time (data): 0.246 (0.014)]l_bij: 2.4885e+02 l_orth: 2.3644e+02 l_align: 1.3231e+02 l_total: 6.1760e+02 
2026-06-24 16:34:50,467 INFO: [smal_..][epoch:  7, iter:   5,520, lr:(8.145e-04,8.145e-04,)][eta: 0:59:16, time (data): 0.246 (0.014)]l_bij: 2.3860e+02 l_orth: 2.2834e+02 l_align: 1.4452e+02 l_total: 6.1146e+02 
2026-06-24 16:34:55,404 INFO: [smal_..][epoch:  7, iter:   5,540, lr:(8.145e-04,8.145e-04,)][eta: 0:59:07, time (data): 0.246 (0.015)]l_bij: 2.4134e+02 l_orth: 2.3058e+02 l_align: 1.3602e+02 l_total: 6.0794e+02 
2026-06-24 16:35:00,374 INFO: [smal_..][epoch:  7, iter:   5,560, lr:(8.145e-04,8.145e-04,)][eta: 0:58:58, time (data): 0.247 (0.015)]l_bij: 2.4289e+02 l_orth: 2.3243e+02 l_align: 1.3439e+02 l_total: 6.0971e+02 
2026-06-24 16:35:05,329 INFO: [smal_..][epoch:  7, iter:   5,580, lr:(8.145e-04,8.145e-04,)][eta: 0:58:49, time (data): 0.247 (0.015)]l_bij: 2.3201e+02 l_orth: 2.1922e+02 l_align: 1.4600e+02 l_total: 5.9724e+02 
2026-06-24 16:35:10,251 INFO: [smal_..][epoch:  7, iter:   5,600, lr:(8.145e-04,8.145e-04,)][eta: 0:58:40, time (data): 0.247 (0.015)]l_bij: 2.4356e+02 l_orth: 2.3194e+02 l_align: 1.3342e+02 l_total: 6.0892e+02 
2026-06-24 16:35:15,168 INFO: [smal_..][epoch:  7, iter:   5,620, lr:(8.145e-04,8.145e-04,)][eta: 0:58:31, time (data): 0.247 (0.015)]l_bij: 2.4312e+02 l_orth: 2.3138e+02 l_align: 1.4324e+02 l_total: 6.1774e+02 
2026-06-24 16:35:20,055 INFO: [smal_..][epoch:  7, iter:   5,640, lr:(8.145e-04,8.145e-04,)][eta: 0:58:22, time (data): 0.244 (0.014)]l_bij: 2.3831e+02 l_orth: 2.3686e+02 l_align: 1.4076e+02 l_total: 6.1593e+02 
2026-06-24 16:35:24,943 INFO: [smal_..][epoch:  7, iter:   5,660, lr:(8.145e-04,8.145e-04,)][eta: 0:58:13, time (data): 0.244 (0.014)]l_bij: 2.4084e+02 l_orth: 2.2756e+02 l_align: 1.4825e+02 l_total: 6.1665e+02 
2026-06-24 16:35:29,902 INFO: [smal_..][epoch:  7, iter:   5,680, lr:(8.145e-04,8.145e-04,)][eta: 0:58:04, time (data): 0.246 (0.014)]l_bij: 2.4765e+02 l_orth: 2.3459e+02 l_align: 1.3317e+02 l_total: 6.1541e+02 
2026-06-24 16:35:34,840 INFO: [smal_..][epoch:  7, iter:   5,700, lr:(8.145e-04,8.145e-04,)][eta: 0:57:55, time (data): 0.246 (0.014)]l_bij: 2.3304e+02 l_orth: 2.2210e+02 l_align: 1.3943e+02 l_total: 5.9457e+02 
2026-06-24 16:35:39,756 INFO: [smal_..][epoch:  7, iter:   5,720, lr:(8.145e-04,8.145e-04,)][eta: 0:57:47, time (data): 0.246 (0.014)]l_bij: 2.4372e+02 l_orth: 2.3057e+02 l_align: 1.3112e+02 l_total: 6.0541e+02 
2026-06-24 16:35:44,649 INFO: [smal_..][epoch:  7, iter:   5,740, lr:(8.145e-04,8.145e-04,)][eta: 0:57:38, time (data): 0.246 (0.014)]l_bij: 2.3620e+02 l_orth: 2.2532e+02 l_align: 1.4682e+02 l_total: 6.0834e+02 
2026-06-24 16:35:49,531 INFO: [smal_..][epoch:  7, iter:   5,760, lr:(8.145e-04,8.145e-04,)][eta: 0:57:29, time (data): 0.245 (0.014)]l_bij: 2.3492e+02 l_orth: 2.2202e+02 l_align: 1.4784e+02 l_total: 6.0478e+02 
2026-06-24 16:35:54,395 INFO: [smal_..][epoch:  7, iter:   5,780, lr:(8.145e-04,8.145e-04,)][eta: 0:57:20, time (data): 0.245 (0.014)]l_bij: 2.4731e+02 l_orth: 2.3403e+02 l_align: 1.3293e+02 l_total: 6.1427e+02 
2026-06-24 16:35:59,281 INFO: [smal_..][epoch:  7, iter:   5,800, lr:(8.145e-04,8.145e-04,)][eta: 0:57:11, time (data): 0.245 (0.014)]l_bij: 2.3927e+02 l_orth: 2.2599e+02 l_align: 1.4095e+02 l_total: 6.0621e+02 
2026-06-24 16:36:04,245 INFO: [smal_..][epoch:  7, iter:   5,820, lr:(8.145e-04,8.145e-04,)][eta: 0:57:03, time (data): 0.245 (0.014)]l_bij: 2.3186e+02 l_orth: 2.2068e+02 l_align: 1.4267e+02 l_total: 5.9521e+02 
2026-06-24 16:36:09,133 INFO: [smal_..][epoch:  7, iter:   5,840, lr:(8.145e-04,8.145e-04,)][eta: 0:56:54, time (data): 0.245 (0.015)]l_bij: 2.3918e+02 l_orth: 2.2618e+02 l_align: 1.3367e+02 l_total: 5.9903e+02 
2026-06-24 16:36:14,035 INFO: [smal_..][epoch:  7, iter:   5,860, lr:(8.145e-04,8.145e-04,)][eta: 0:56:45, time (data): 0.245 (0.014)]l_bij: 2.3273e+02 l_orth: 2.2047e+02 l_align: 1.4433e+02 l_total: 5.9754e+02 
2026-06-24 16:36:18,954 INFO: [smal_..][epoch:  7, iter:   5,880, lr:(8.145e-04,8.145e-04,)][eta: 0:56:37, time (data): 0.245 (0.014)]l_bij: 2.4302e+02 l_orth: 2.2735e+02 l_align: 1.3415e+02 l_total: 6.0452e+02 
2026-06-24 16:36:24,080 INFO: [smal_..][epoch:  8, iter:   5,900, lr:(7.543e-04,7.543e-04,)][eta: 0:56:28, time (data): 0.248 (0.017)]l_bij: 2.4913e+02 l_orth: 2.3350e+02 l_align: 1.3286e+02 l_total: 6.1548e+02 
2026-06-24 16:36:28,949 INFO: [smal_..][epoch:  8, iter:   5,920, lr:(7.543e-04,7.543e-04,)][eta: 0:56:20, time (data): 0.247 (0.017)]l_bij: 2.4248e+02 l_orth: 2.2885e+02 l_align: 1.3731e+02 l_total: 6.0863e+02 
2026-06-24 16:36:33,892 INFO: [smal_..][epoch:  8, iter:   5,940, lr:(7.543e-04,7.543e-04,)][eta: 0:56:11, time (data): 0.247 (0.016)]l_bij: 2.4092e+02 l_orth: 2.2862e+02 l_align: 1.3582e+02 l_total: 6.0536e+02 
2026-06-24 16:36:38,835 INFO: [smal_..][epoch:  8, iter:   5,960, lr:(7.543e-04,7.543e-04,)][eta: 0:56:03, time (data): 0.247 (0.016)]l_bij: 2.4084e+02 l_orth: 2.2883e+02 l_align: 1.3091e+02 l_total: 6.0058e+02 
2026-06-24 16:36:43,753 INFO: [smal_..][epoch:  8, iter:   5,980, lr:(7.543e-04,7.543e-04,)][eta: 0:55:54, time (data): 0.247 (0.016)]l_bij: 2.3749e+02 l_orth: 2.2874e+02 l_align: 1.4376e+02 l_total: 6.0999e+02 
2026-06-24 16:36:48,663 INFO: [smal_..][epoch:  8, iter:   6,000, lr:(7.543e-04,7.543e-04,)][eta: 0:55:46, time (data): 0.247 (0.016)]l_bij: 2.3146e+02 l_orth: 2.2202e+02 l_align: 1.3697e+02 l_total: 5.9045e+02 
2026-06-24 16:36:48,665 INFO: Saving models and training states.
2026-06-24 16:36:48,688 INFO: Start validation.
2026-06-24 16:36:49,525 INFO: avg err:0.0000 | err:0.0000 | cougar_01 cougar_01
2026-06-24 16:36:49,733 INFO: avg err:0.0772 | err:0.1543 | cougar_01 cougar_02
2026-06-24 16:36:50,124 INFO: avg err:0.3217 | err:0.8109 | cougar_01 cougar_03
2026-06-24 16:36:50,319 INFO: avg err:0.4713 | err:0.9199 | cougar_01 cougar_04
2026-06-24 16:36:50,631 INFO: avg err:0.5414 | err:0.8217 | cougar_01 hippo_01
2026-06-24 16:36:50,848 INFO: avg err:0.5836 | err:0.7948 | cougar_01 hippo_02
2026-06-24 16:36:51,153 INFO: avg err:0.5466 | err:0.3245 | cougar_01 hippo_03
2026-06-24 16:36:51,374 INFO: avg err:0.5881 | err:0.8785 | cougar_01 hippo_04
2026-06-24 16:36:51,625 INFO: avg err:0.6141 | err:0.8218 | cougar_01 hippo_05
2026-06-24 16:36:51,831 INFO: avg err:0.6337 | err:0.8106 | cougar_01 hippo_06
2026-06-24 16:36:52,174 INFO: avg err:0.6529 | err:0.8453 | cougar_01 horse_01
2026-06-24 16:36:52,370 INFO: avg err:0.6118 | err:0.1595 | cougar_01 horse_02
2026-06-24 16:36:52,642 INFO: avg err:0.6217 | err:0.7397 | cougar_01 horse_03
2026-06-24 16:36:52,838 INFO: avg err:0.6352 | err:0.8114 | cougar_01 horse_04
2026-06-24 16:36:53,141 INFO: avg err:0.6455 | err:0.7895 | cougar_01 horse_05
2026-06-24 16:36:53,371 INFO: avg err:0.6531 | err:0.7669 | cougar_01 horse_06
2026-06-24 16:36:53,670 INFO: avg err:0.6614 | err:0.7940 | cougar_01 horse_07
2026-06-24 16:36:53,867 INFO: avg err:0.6727 | err:0.8653 | cougar_01 horse_08
2026-06-24 16:36:54,134 INFO: avg err:0.6549 | err:0.3336 | cougar_01 horse_09
2026-06-24 16:36:54,347 INFO: avg err:0.6349 | err:0.2565 | cougar_01 horse_10
2026-06-24 16:36:54,644 INFO: avg err:0.6156 | err:0.2280 | cougar_02 cougar_01
2026-06-24 16:36:54,868 INFO: avg err:0.5876 | err:0.0000 | cougar_02 cougar_02
2026-06-24 16:36:55,154 INFO: avg err:0.5984 | err:0.8373 | cougar_02 cougar_03
2026-06-24 16:36:55,396 INFO: avg err:0.6127 | err:0.9406 | cougar_02 cougar_04
2026-06-24 16:36:55,663 INFO: avg err:0.6213 | err:0.8270 | cougar_02 hippo_01
2026-06-24 16:36:55,862 INFO: avg err:0.6270 | err:0.7693 | cougar_02 hippo_02
2026-06-24 16:36:56,162 INFO: avg err:0.6180 | err:0.3843 | cougar_02 hippo_03
2026-06-24 16:36:56,370 INFO: avg err:0.6257 | err:0.8334 | cougar_02 hippo_04
2026-06-24 16:36:56,670 INFO: avg err:0.6348 | err:0.8915 | cougar_02 hippo_05
2026-06-24 16:36:56,879 INFO: avg err:0.6426 | err:0.8687 | cougar_02 hippo_06
2026-06-24 16:36:57,169 INFO: avg err:0.6519 | err:0.9312 | cougar_02 horse_01
2026-06-24 16:36:57,367 INFO: avg err:0.6447 | err:0.4196 | cougar_02 horse_02
2026-06-24 16:36:57,716 INFO: avg err:0.6523 | err:0.8968 | cougar_02 horse_03
2026-06-24 16:36:57,938 INFO: avg err:0.6583 | err:0.8549 | cougar_02 horse_04
2026-06-24 16:36:58,250 INFO: avg err:0.6626 | err:0.8085 | cougar_02 horse_05
2026-06-24 16:36:58,470 INFO: avg err:0.6673 | err:0.8321 | cougar_02 horse_06
2026-06-24 16:36:58,738 INFO: avg err:0.6715 | err:0.8247 | cougar_02 horse_07
2026-06-24 16:36:58,934 INFO: avg err:0.6736 | err:0.7501 | cougar_02 horse_08
2026-06-24 16:36:59,305 INFO: avg err:0.6649 | err:0.3335 | cougar_02 horse_09
2026-06-24 16:36:59,511 INFO: avg err:0.6591 | err:0.4339 | cougar_02 horse_10
2026-06-24 16:36:59,819 INFO: avg err:0.6636 | err:0.8433 | cougar_03 cougar_01
2026-06-24 16:37:00,014 INFO: avg err:0.6697 | err:0.9199 | cougar_03 cougar_02
2026-06-24 16:37:00,320 INFO: avg err:0.6541 | err:0.0000 | cougar_03 cougar_03
2026-06-24 16:37:00,525 INFO: avg err:0.6452 | err:0.2595 | cougar_03 cougar_04
2026-06-24 16:37:00,845 INFO: avg err:0.6411 | err:0.4622 | cougar_03 hippo_01
2026-06-24 16:37:01,074 INFO: avg err:0.6368 | err:0.4442 | cougar_03 hippo_02
2026-06-24 16:37:01,333 INFO: avg err:0.6394 | err:0.7600 | cougar_03 hippo_03
2026-06-24 16:37:01,559 INFO: avg err:0.6321 | err:0.2897 | cougar_03 hippo_04
2026-06-24 16:37:01,818 INFO: avg err:0.6280 | err:0.4287 | cougar_03 hippo_05
2026-06-24 16:37:02,026 INFO: avg err:0.6249 | err:0.4750 | cougar_03 hippo_06
2026-06-24 16:37:02,315 INFO: avg err:0.6193 | err:0.3394 | cougar_03 horse_01
2026-06-24 16:37:02,511 INFO: avg err:0.6228 | err:0.8012 | cougar_03 horse_02
2026-06-24 16:37:02,941 INFO: avg err:0.6171 | err:0.3194 | cougar_03 horse_03
2026-06-24 16:37:03,135 INFO: avg err:0.6110 | err:0.2899 | cougar_03 horse_04
2026-06-24 16:37:03,449 INFO: avg err:0.6083 | err:0.4588 | cougar_03 horse_05
2026-06-24 16:37:03,701 INFO: avg err:0.6029 | err:0.3064 | cougar_03 horse_06
2026-06-24 16:37:03,936 INFO: avg err:0.5958 | err:0.1968 | cougar_03 horse_07
2026-06-24 16:37:04,135 INFO: avg err:0.5913 | err:0.3350 | cougar_03 horse_08
2026-06-24 16:37:04,491 INFO: avg err:0.5945 | err:0.7848 | cougar_03 horse_09
2026-06-24 16:37:04,700 INFO: avg err:0.5986 | err:0.8350 | cougar_03 horse_10
2026-06-24 16:37:04,947 INFO: avg err:0.6021 | err:0.8136 | cougar_04 cougar_01
2026-06-24 16:37:05,142 INFO: avg err:0.6061 | err:0.8543 | cougar_04 cougar_02
2026-06-24 16:37:05,444 INFO: avg err:0.6004 | err:0.2417 | cougar_04 cougar_03
2026-06-24 16:37:05,648 INFO: avg err:0.5910 | err:0.0000 | cougar_04 cougar_04
2026-06-24 16:37:05,963 INFO: avg err:0.5848 | err:0.1902 | cougar_04 hippo_01
2026-06-24 16:37:06,161 INFO: avg err:0.5799 | err:0.2627 | cougar_04 hippo_02
2026-06-24 16:37:06,481 INFO: avg err:0.5814 | err:0.6798 | cougar_04 hippo_03
2026-06-24 16:37:06,679 INFO: avg err:0.5764 | err:0.2378 | cougar_04 hippo_04
2026-06-24 16:37:06,968 INFO: avg err:0.5726 | err:0.3137 | cougar_04 hippo_05
2026-06-24 16:37:07,188 INFO: avg err:0.5679 | err:0.2428 | cougar_04 hippo_06
2026-06-24 16:37:07,477 INFO: avg err:0.5644 | err:0.3250 | cougar_04 horse_01
2026-06-24 16:37:07,692 INFO: avg err:0.5682 | err:0.8368 | cougar_04 horse_02
2026-06-24 16:37:07,963 INFO: avg err:0.5641 | err:0.2696 | cougar_04 horse_03
2026-06-24 16:37:08,170 INFO: avg err:0.5595 | err:0.2235 | cougar_04 horse_04
2026-06-24 16:37:08,452 INFO: avg err:0.5581 | err:0.4552 | cougar_04 horse_05
2026-06-24 16:37:08,662 INFO: avg err:0.5540 | err:0.2437 | cougar_04 horse_06
2026-06-24 16:37:08,991 INFO: avg err:0.5499 | err:0.2369 | cougar_04 horse_07
2026-06-24 16:37:09,200 INFO: avg err:0.5477 | err:0.3796 | cougar_04 horse_08
2026-06-24 16:37:09,527 INFO: avg err:0.5497 | err:0.7048 | cougar_04 horse_09
2026-06-24 16:37:09,733 INFO: avg err:0.5517 | err:0.7140 | cougar_04 horse_10
2026-06-24 16:37:10,030 INFO: avg err:0.5538 | err:0.7155 | hippo_01 cougar_01
2026-06-24 16:37:10,225 INFO: avg err:0.5554 | err:0.6905 | hippo_01 cougar_02
2026-06-24 16:37:10,637 INFO: avg err:0.5519 | err:0.2642 | hippo_01 cougar_03
2026-06-24 16:37:10,837 INFO: avg err:0.5474 | err:0.1730 | hippo_01 cougar_04
2026-06-24 16:37:11,188 INFO: avg err:0.5410 | err:0.0000 | hippo_01 hippo_01
2026-06-24 16:37:11,385 INFO: avg err:0.5368 | err:0.1806 | hippo_01 hippo_02
2026-06-24 16:37:11,691 INFO: avg err:0.5374 | err:0.5923 | hippo_01 hippo_03
2026-06-24 16:37:11,892 INFO: avg err:0.5325 | err:0.1043 | hippo_01 hippo_04
2026-06-24 16:37:12,203 INFO: avg err:0.5286 | err:0.1898 | hippo_01 hippo_05
2026-06-24 16:37:12,403 INFO: avg err:0.5243 | err:0.1367 | hippo_01 hippo_06
2026-06-24 16:37:12,720 INFO: avg err:0.5215 | err:0.2718 | hippo_01 horse_01
2026-06-24 16:37:12,930 INFO: avg err:0.5235 | err:0.7030 | hippo_01 horse_02
2026-06-24 16:37:13,195 INFO: avg err:0.5194 | err:0.1459 | hippo_01 horse_03
2026-06-24 16:37:13,399 INFO: avg err:0.5160 | err:0.1972 | hippo_01 horse_04
2026-06-24 16:37:13,709 INFO: avg err:0.5128 | err:0.2142 | hippo_01 horse_05
2026-06-24 16:37:13,912 INFO: avg err:0.5098 | err:0.2268 | hippo_01 horse_06
2026-06-24 16:37:14,262 INFO: avg err:0.5063 | err:0.1709 | hippo_01 horse_07
2026-06-24 16:37:14,463 INFO: avg err:0.5043 | err:0.3097 | hippo_01 horse_08
2026-06-24 16:37:14,710 INFO: avg err:0.5054 | err:0.6138 | hippo_01 horse_09
2026-06-24 16:37:14,920 INFO: avg err:0.5069 | err:0.6548 | hippo_01 horse_10
2026-06-24 16:37:15,208 INFO: avg err:0.5085 | err:0.6605 | hippo_02 cougar_01
2026-06-24 16:37:15,411 INFO: avg err:0.5101 | err:0.6759 | hippo_02 cougar_02
2026-06-24 16:37:15,743 INFO: avg err:0.5082 | err:0.3182 | hippo_02 cougar_03
2026-06-24 16:37:15,969 INFO: avg err:0.5047 | err:0.1442 | hippo_02 cougar_04
2026-06-24 16:37:16,201 INFO: avg err:0.5013 | err:0.1431 | hippo_02 hippo_01
2026-06-24 16:37:16,400 INFO: avg err:0.4966 | err:0.0000 | hippo_02 hippo_02
2026-06-24 16:37:16,799 INFO: avg err:0.4971 | err:0.5526 | hippo_02 hippo_03
2026-06-24 16:37:17,004 INFO: avg err:0.4942 | err:0.1836 | hippo_02 hippo_04
2026-06-24 16:37:17,299 INFO: avg err:0.4917 | err:0.2192 | hippo_02 hippo_05
2026-06-24 16:37:17,513 INFO: avg err:0.4887 | err:0.1696 | hippo_02 hippo_06
2026-06-24 16:37:17,788 INFO: avg err:0.4862 | err:0.2072 | hippo_02 horse_01
2026-06-24 16:37:17,985 INFO: avg err:0.4873 | err:0.6049 | hippo_02 horse_02
2026-06-24 16:37:18,351 INFO: avg err:0.4847 | err:0.2037 | hippo_02 horse_03
2026-06-24 16:37:18,547 INFO: avg err:0.4821 | err:0.1871 | hippo_02 horse_04
2026-06-24 16:37:18,917 INFO: avg err:0.4793 | err:0.1614 | hippo_02 horse_05
2026-06-24 16:37:19,158 INFO: avg err:0.4770 | err:0.2073 | hippo_02 horse_06
2026-06-24 16:37:19,421 INFO: avg err:0.4748 | err:0.2177 | hippo_02 horse_07
2026-06-24 16:37:19,626 INFO: avg err:0.4735 | err:0.3194 | hippo_02 horse_08
2026-06-24 16:37:19,963 INFO: avg err:0.4741 | err:0.5460 | hippo_02 horse_09
2026-06-24 16:37:20,161 INFO: avg err:0.4748 | err:0.5594 | hippo_02 horse_10
2026-06-24 16:37:20,404 INFO: avg err:0.4730 | err:0.2537 | hippo_03 cougar_01
2026-06-24 16:37:20,619 INFO: avg err:0.4708 | err:0.2098 | hippo_03 cougar_02
2026-06-24 16:37:20,933 INFO: avg err:0.4723 | err:0.6536 | hippo_03 cougar_03
2026-06-24 16:37:21,154 INFO: avg err:0.4734 | err:0.6148 | hippo_03 cougar_04
2026-06-24 16:37:21,451 INFO: avg err:0.4746 | err:0.6188 | hippo_03 hippo_01
2026-06-24 16:37:21,654 INFO: avg err:0.4753 | err:0.5644 | hippo_03 hippo_02
2026-06-24 16:37:21,955 INFO: avg err:0.4716 | err:0.0000 | hippo_03 hippo_03
2026-06-24 16:37:22,162 INFO: avg err:0.4728 | err:0.6288 | hippo_03 hippo_04
2026-06-24 16:37:22,444 INFO: avg err:0.4739 | err:0.6157 | hippo_03 hippo_05
2026-06-24 16:37:22,655 INFO: avg err:0.4738 | err:0.4652 | hippo_03 hippo_06
2026-06-24 16:37:22,976 INFO: avg err:0.4751 | err:0.6352 | hippo_03 horse_01
2026-06-24 16:37:23,210 INFO: avg err:0.4740 | err:0.3299 | hippo_03 horse_02
2026-06-24 16:37:23,433 INFO: avg err:0.4751 | err:0.6293 | hippo_03 horse_03
2026-06-24 16:37:23,628 INFO: avg err:0.4763 | err:0.6351 | hippo_03 horse_04
2026-06-24 16:37:23,922 INFO: avg err:0.4766 | err:0.5150 | hippo_03 horse_05
2026-06-24 16:37:24,122 INFO: avg err:0.4777 | err:0.6250 | hippo_03 horse_06
2026-06-24 16:37:24,455 INFO: avg err:0.4789 | err:0.6420 | hippo_03 horse_07
2026-06-24 16:37:24,654 INFO: avg err:0.4801 | err:0.6426 | hippo_03 horse_08
2026-06-24 16:37:25,020 INFO: avg err:0.4789 | err:0.3128 | hippo_03 horse_09
2026-06-24 16:37:25,218 INFO: avg err:0.4783 | err:0.3968 | hippo_03 horse_10
2026-06-24 16:37:25,568 INFO: avg err:0.4797 | err:0.6758 | hippo_04 cougar_01
2026-06-24 16:37:25,818 INFO: avg err:0.4810 | err:0.6646 | hippo_04 cougar_02
2026-06-24 16:37:26,039 INFO: avg err:0.4790 | err:0.1912 | hippo_04 cougar_03
2026-06-24 16:37:26,239 INFO: avg err:0.4767 | err:0.1539 | hippo_04 cougar_04
2026-06-24 16:37:26,574 INFO: avg err:0.4742 | err:0.1080 | hippo_04 hippo_01
2026-06-24 16:37:26,792 INFO: avg err:0.4721 | err:0.1683 | hippo_04 hippo_02
2026-06-24 16:37:27,055 INFO: avg err:0.4733 | err:0.6439 | hippo_04 hippo_03
2026-06-24 16:37:27,269 INFO: avg err:0.4701 | err:0.0000 | hippo_04 hippo_04
2026-06-24 16:37:27,567 INFO: avg err:0.4682 | err:0.1932 | hippo_04 hippo_05
2026-06-24 16:37:27,785 INFO: avg err:0.4667 | err:0.2367 | hippo_04 hippo_06
2026-06-24 16:37:28,092 INFO: avg err:0.4651 | err:0.2329 | hippo_04 horse_01
2026-06-24 16:37:28,317 INFO: avg err:0.4662 | err:0.6381 | hippo_04 horse_02
2026-06-24 16:37:28,599 INFO: avg err:0.4642 | err:0.1560 | hippo_04 horse_03
2026-06-24 16:37:28,802 INFO: avg err:0.4620 | err:0.1272 | hippo_04 horse_04
2026-06-24 16:37:29,091 INFO: avg err:0.4607 | err:0.2587 | hippo_04 horse_05
2026-06-24 16:37:29,297 INFO: avg err:0.4587 | err:0.1412 | hippo_04 horse_06
2026-06-24 16:37:29,622 INFO: avg err:0.4566 | err:0.1379 | hippo_04 horse_07
2026-06-24 16:37:29,844 INFO: avg err:0.4554 | err:0.2680 | hippo_04 horse_08
2026-06-24 16:37:30,145 INFO: avg err:0.4557 | err:0.4951 | hippo_04 horse_09
2026-06-24 16:37:30,341 INFO: avg err:0.4562 | err:0.5357 | hippo_04 horse_10
2026-06-24 16:37:30,607 INFO: avg err:0.4572 | err:0.6214 | hippo_05 cougar_01
2026-06-24 16:37:30,801 INFO: avg err:0.4582 | err:0.6223 | hippo_05 cougar_02
2026-06-24 16:37:31,093 INFO: avg err:0.4570 | err:0.2559 | hippo_05 cougar_03
2026-06-24 16:37:31,292 INFO: avg err:0.4556 | err:0.2280 | hippo_05 cougar_04
2026-06-24 16:37:31,685 INFO: avg err:0.4542 | err:0.2220 | hippo_05 hippo_01
2026-06-24 16:37:31,884 INFO: avg err:0.4526 | err:0.1971 | hippo_05 hippo_02
2026-06-24 16:37:32,216 INFO: avg err:0.4537 | err:0.6360 | hippo_05 hippo_03
2026-06-24 16:37:32,415 INFO: avg err:0.4522 | err:0.2048 | hippo_05 hippo_04
2026-06-24 16:37:32,753 INFO: avg err:0.4496 | err:0.0000 | hippo_05 hippo_05
2026-06-24 16:37:32,950 INFO: avg err:0.4489 | err:0.3306 | hippo_05 hippo_06
2026-06-24 16:37:33,255 INFO: avg err:0.4470 | err:0.1349 | hippo_05 horse_01
2026-06-24 16:37:33,476 INFO: avg err:0.4473 | err:0.4888 | hippo_05 horse_02
2026-06-24 16:37:33,754 INFO: avg err:0.4455 | err:0.1383 | hippo_05 horse_03
2026-06-24 16:37:33,951 INFO: avg err:0.4439 | err:0.1759 | hippo_05 horse_04
2026-06-24 16:37:34,295 INFO: avg err:0.4433 | err:0.3235 | hippo_05 horse_05
2026-06-24 16:37:34,497 INFO: avg err:0.4416 | err:0.1552 | hippo_05 horse_06
2026-06-24 16:37:34,881 INFO: avg err:0.4404 | err:0.2255 | hippo_05 horse_07
2026-06-24 16:37:35,080 INFO: avg err:0.4397 | err:0.3162 | hippo_05 horse_08
2026-06-24 16:37:35,318 INFO: avg err:0.4396 | err:0.4275 | hippo_05 horse_09
2026-06-24 16:37:35,516 INFO: avg err:0.4400 | err:0.4991 | hippo_05 horse_10
2026-06-24 16:37:35,821 INFO: avg err:0.4413 | err:0.6763 | hippo_06 cougar_01
2026-06-24 16:37:36,017 INFO: avg err:0.4428 | err:0.7135 | hippo_06 cougar_02
2026-06-24 16:37:36,304 INFO: avg err:0.4420 | err:0.3079 | hippo_06 cougar_03
2026-06-24 16:37:36,501 INFO: avg err:0.4408 | err:0.2134 | hippo_06 cougar_04
2026-06-24 16:37:36,815 INFO: avg err:0.4391 | err:0.1370 | hippo_06 hippo_01
2026-06-24 16:37:37,089 INFO: avg err:0.4378 | err:0.1991 | hippo_06 hippo_02
2026-06-24 16:37:37,332 INFO: avg err:0.4385 | err:0.5627 | hippo_06 hippo_03
2026-06-24 16:37:37,544 INFO: avg err:0.4375 | err:0.2447 | hippo_06 hippo_04
2026-06-24 16:37:37,811 INFO: avg err:0.4369 | err:0.3320 | hippo_06 hippo_05
2026-06-24 16:37:38,027 INFO: avg err:0.4346 | err:0.0000 | hippo_06 hippo_06
2026-06-24 16:37:38,351 INFO: avg err:0.4337 | err:0.2585 | hippo_06 horse_01
2026-06-24 16:37:38,588 INFO: avg err:0.4352 | err:0.7180 | hippo_06 horse_02
2026-06-24 16:37:38,865 INFO: avg err:0.4341 | err:0.2253 | hippo_06 horse_03
2026-06-24 16:37:39,082 INFO: avg err:0.4332 | err:0.2642 | hippo_06 horse_04
2026-06-24 16:37:39,479 INFO: avg err:0.4318 | err:0.1638 | hippo_06 horse_05
2026-06-24 16:37:39,698 INFO: avg err:0.4312 | err:0.3116 | hippo_06 horse_06
2026-06-24 16:37:40,048 INFO: avg err:0.4304 | err:0.2698 | hippo_06 horse_07
2026-06-24 16:37:40,244 INFO: avg err:0.4299 | err:0.3272 | hippo_06 horse_08
2026-06-24 16:37:40,507 INFO: avg err:0.4309 | err:0.6299 | hippo_06 horse_09
2026-06-24 16:37:40,711 INFO: avg err:0.4320 | err:0.6574 | hippo_06 horse_10
2026-06-24 16:37:41,035 INFO: avg err:0.4342 | err:0.8773 | horse_01 cougar_01
2026-06-24 16:37:41,253 INFO: avg err:0.4365 | err:0.8964 | horse_01 cougar_02
2026-06-24 16:37:41,552 INFO: avg err:0.4363 | err:0.3979 | horse_01 cougar_03
2026-06-24 16:37:41,777 INFO: avg err:0.4356 | err:0.2885 | horse_01 cougar_04
2026-06-24 16:37:42,039 INFO: avg err:0.4354 | err:0.3820 | horse_01 hippo_01
2026-06-24 16:37:42,245 INFO: avg err:0.4348 | err:0.3215 | horse_01 hippo_02
2026-06-24 16:37:42,599 INFO: avg err:0.4366 | err:0.8107 | horse_01 hippo_03
2026-06-24 16:37:42,832 INFO: avg err:0.4363 | err:0.3646 | horse_01 hippo_04
2026-06-24 16:37:43,083 INFO: avg err:0.4351 | err:0.1852 | horse_01 hippo_05
2026-06-24 16:37:43,355 INFO: avg err:0.4351 | err:0.4364 | horse_01 hippo_06
2026-06-24 16:37:43,634 INFO: avg err:0.4330 | err:0.0000 | horse_01 horse_01
2026-06-24 16:37:43,884 INFO: avg err:0.4338 | err:0.5914 | horse_01 horse_02
2026-06-24 16:37:44,102 INFO: avg err:0.4331 | err:0.2954 | horse_01 horse_03
2026-06-24 16:37:44,297 INFO: avg err:0.4323 | err:0.2666 | horse_01 horse_04
2026-06-24 16:37:44,523 INFO: avg err:0.4319 | err:0.3479 | horse_01 horse_05
2026-06-24 16:37:44,733 INFO: avg err:0.4313 | err:0.2938 | horse_01 horse_06
2026-06-24 16:37:45,062 INFO: avg err:0.4309 | err:0.3354 | horse_01 horse_07
2026-06-24 16:37:45,269 INFO: avg err:0.4306 | err:0.3740 | horse_01 horse_08
2026-06-24 16:37:45,561 INFO: avg err:0.4312 | err:0.5703 | horse_01 horse_09
2026-06-24 16:37:45,761 INFO: avg err:0.4325 | err:0.7022 | horse_01 horse_10
2026-06-24 16:37:46,073 INFO: avg err:0.4311 | err:0.1346 | horse_02 cougar_01
2026-06-24 16:37:46,272 INFO: avg err:0.4306 | err:0.3229 | horse_02 cougar_02
2026-06-24 16:37:46,588 INFO: avg err:0.4323 | err:0.8141 | horse_02 cougar_03
2026-06-24 16:37:46,801 INFO: avg err:0.4338 | err:0.7566 | horse_02 cougar_04
2026-06-24 16:37:47,069 INFO: avg err:0.4353 | err:0.7643 | horse_02 hippo_01
2026-06-24 16:37:47,284 INFO: avg err:0.4364 | err:0.7017 | horse_02 hippo_02
2026-06-24 16:37:47,612 INFO: avg err:0.4368 | err:0.5097 | horse_02 hippo_03
2026-06-24 16:37:47,827 INFO: avg err:0.4382 | err:0.7732 | horse_02 hippo_04
2026-06-24 16:37:48,071 INFO: avg err:0.4388 | err:0.5647 | horse_02 hippo_05
2026-06-24 16:37:48,282 INFO: avg err:0.4401 | err:0.7495 | horse_02 hippo_06
2026-06-24 16:37:48,584 INFO: avg err:0.4410 | err:0.6340 | horse_02 horse_01
2026-06-24 16:37:48,829 INFO: avg err:0.4391 | err:0.0000 | horse_02 horse_02
2026-06-24 16:37:49,104 INFO: avg err:0.4405 | err:0.7673 | horse_02 horse_03
2026-06-24 16:37:49,301 INFO: avg err:0.4419 | err:0.7681 | horse_02 horse_04
2026-06-24 16:37:49,642 INFO: avg err:0.4430 | err:0.7109 | horse_02 horse_05
2026-06-24 16:37:49,839 INFO: avg err:0.4442 | err:0.7117 | horse_02 horse_06
2026-06-24 16:37:50,144 INFO: avg err:0.4453 | err:0.7157 | horse_02 horse_07
2026-06-24 16:37:50,341 INFO: avg err:0.4456 | err:0.5109 | horse_02 horse_08
2026-06-24 16:37:50,674 INFO: avg err:0.4451 | err:0.3334 | horse_02 horse_09
2026-06-24 16:37:50,933 INFO: avg err:0.4446 | err:0.3115 | horse_02 horse_10
2026-06-24 16:37:51,165 INFO: avg err:0.4462 | err:0.8303 | horse_03 cougar_01
2026-06-24 16:37:51,378 INFO: avg err:0.4478 | err:0.8283 | horse_03 cougar_02
2026-06-24 16:37:51,672 INFO: avg err:0.4470 | err:0.2582 | horse_03 cougar_03
2026-06-24 16:37:51,880 INFO: avg err:0.4462 | err:0.2502 | horse_03 cougar_04
2026-06-24 16:37:52,220 INFO: avg err:0.4456 | err:0.3152 | horse_03 hippo_01
2026-06-24 16:37:52,447 INFO: avg err:0.4455 | err:0.4199 | horse_03 hippo_02
2026-06-24 16:37:52,665 INFO: avg err:0.4468 | err:0.7621 | horse_03 hippo_03
2026-06-24 16:37:52,865 INFO: avg err:0.4460 | err:0.2544 | horse_03 hippo_04
2026-06-24 16:37:53,174 INFO: avg err:0.4449 | err:0.1522 | horse_03 hippo_05
2026-06-24 16:37:53,422 INFO: avg err:0.4448 | err:0.4224 | horse_03 hippo_06
2026-06-24 16:37:53,666 INFO: avg err:0.4441 | err:0.2814 | horse_03 horse_01
2026-06-24 16:37:53,862 INFO: avg err:0.4452 | err:0.7108 | horse_03 horse_02
2026-06-24 16:37:54,144 INFO: avg err:0.4434 | err:0.0000 | horse_03 horse_03
2026-06-24 16:37:54,342 INFO: avg err:0.4422 | err:0.1247 | horse_03 horse_04
2026-06-24 16:37:54,670 INFO: avg err:0.4423 | err:0.4836 | horse_03 horse_05
2026-06-24 16:37:54,899 INFO: avg err:0.4408 | err:0.0476 | horse_03 horse_06
2026-06-24 16:37:55,191 INFO: avg err:0.4401 | err:0.2613 | horse_03 horse_07
2026-06-24 16:37:55,392 INFO: avg err:0.4404 | err:0.5134 | horse_03 horse_08
2026-06-24 16:37:55,671 INFO: avg err:0.4410 | err:0.5963 | horse_03 horse_09
2026-06-24 16:37:55,889 INFO: avg err:0.4418 | err:0.6473 | horse_03 horse_10
2026-06-24 16:37:56,149 INFO: avg err:0.4433 | err:0.8398 | horse_04 cougar_01
2026-06-24 16:37:56,345 INFO: avg err:0.4448 | err:0.8461 | horse_04 cougar_02
2026-06-24 16:37:56,670 INFO: avg err:0.4441 | err:0.2518 | horse_04 cougar_03
2026-06-24 16:37:56,866 INFO: avg err:0.4437 | err:0.3465 | horse_04 cougar_04
2026-06-24 16:37:57,180 INFO: avg err:0.4431 | err:0.2858 | horse_04 hippo_01
2026-06-24 16:37:57,395 INFO: avg err:0.4424 | err:0.2544 | horse_04 hippo_02
2026-06-24 16:37:57,713 INFO: avg err:0.4436 | err:0.7707 | horse_04 hippo_03
2026-06-24 16:37:57,914 INFO: avg err:0.4430 | err:0.2588 | horse_04 hippo_04
2026-06-24 16:37:58,210 INFO: avg err:0.4426 | err:0.3483 | horse_04 hippo_05
2026-06-24 16:37:58,418 INFO: avg err:0.4427 | err:0.4788 | horse_04 hippo_06
2026-06-24 16:37:58,763 INFO: avg err:0.4421 | err:0.2746 | horse_04 horse_01
2026-06-24 16:37:59,000 INFO: avg err:0.4433 | err:0.7537 | horse_04 horse_02
2026-06-24 16:37:59,311 INFO: avg err:0.4424 | err:0.2074 | horse_04 horse_03
2026-06-24 16:37:59,558 INFO: avg err:0.4408 | err:0.0000 | horse_04 horse_04
2026-06-24 16:37:59,833 INFO: avg err:0.4406 | err:0.3787 | horse_04 horse_05
2026-06-24 16:38:00,066 INFO: avg err:0.4395 | err:0.1413 | horse_04 horse_06
2026-06-24 16:38:00,367 INFO: avg err:0.4388 | err:0.2510 | horse_04 horse_07
2026-06-24 16:38:00,570 INFO: avg err:0.4387 | err:0.4022 | horse_04 horse_08
2026-06-24 16:38:01,018 INFO: avg err:0.4392 | err:0.5789 | horse_04 horse_09
2026-06-24 16:38:01,219 INFO: avg err:0.4401 | err:0.6915 | horse_04 horse_10
2026-06-24 16:38:01,539 INFO: avg err:0.4418 | err:0.9308 | horse_05 cougar_01
2026-06-24 16:38:01,778 INFO: avg err:0.4436 | err:0.9540 | horse_05 cougar_02
2026-06-24 16:38:02,036 INFO: avg err:0.4437 | err:0.4596 | horse_05 cougar_03
2026-06-24 16:38:02,236 INFO: avg err:0.4434 | err:0.3505 | horse_05 cougar_04
2026-06-24 16:38:02,529 INFO: avg err:0.4431 | err:0.3649 | horse_05 hippo_01
2026-06-24 16:38:02,739 INFO: avg err:0.4421 | err:0.1671 | horse_05 hippo_02
2026-06-24 16:38:03,030 INFO: avg err:0.4430 | err:0.6870 | horse_05 hippo_03
2026-06-24 16:38:03,246 INFO: avg err:0.4427 | err:0.3698 | horse_05 hippo_04
2026-06-24 16:38:03,573 INFO: avg err:0.4430 | err:0.5220 | horse_05 hippo_05
2026-06-24 16:38:03,774 INFO: avg err:0.4424 | err:0.2726 | horse_05 hippo_06
2026-06-24 16:38:04,091 INFO: avg err:0.4421 | err:0.3520 | horse_05 horse_01
2026-06-24 16:38:04,287 INFO: avg err:0.4432 | err:0.7548 | horse_05 horse_02
2026-06-24 16:38:04,592 INFO: avg err:0.4430 | err:0.4065 | horse_05 horse_03
2026-06-24 16:38:04,791 INFO: avg err:0.4426 | err:0.3063 | horse_05 horse_04
2026-06-24 16:38:05,165 INFO: avg err:0.4411 | err:0.0000 | horse_05 horse_05
2026-06-24 16:38:05,361 INFO: avg err:0.4410 | err:0.4288 | horse_05 horse_06
2026-06-24 16:38:05,609 INFO: avg err:0.4411 | err:0.4569 | horse_05 horse_07
2026-06-24 16:38:05,807 INFO: avg err:0.4411 | err:0.4599 | horse_05 horse_08
2026-06-24 16:38:06,157 INFO: avg err:0.4421 | err:0.7326 | horse_05 horse_09
2026-06-24 16:38:06,354 INFO: avg err:0.4436 | err:0.8761 | horse_05 horse_10
2026-06-24 16:38:06,649 INFO: avg err:0.4448 | err:0.8283 | horse_06 cougar_01
2026-06-24 16:38:06,880 INFO: avg err:0.4462 | err:0.8601 | horse_06 cougar_02
2026-06-24 16:38:07,164 INFO: avg err:0.4455 | err:0.2178 | horse_06 cougar_03
2026-06-24 16:38:07,400 INFO: avg err:0.4450 | err:0.3097 | horse_06 cougar_04
2026-06-24 16:38:07,673 INFO: avg err:0.4448 | err:0.3912 | horse_06 hippo_01
2026-06-24 16:38:07,888 INFO: avg err:0.4449 | err:0.4616 | horse_06 hippo_02
2026-06-24 16:38:08,192 INFO: avg err:0.4462 | err:0.8340 | horse_06 hippo_03
2026-06-24 16:38:08,391 INFO: avg err:0.4459 | err:0.3673 | horse_06 hippo_04
2026-06-24 16:38:08,760 INFO: avg err:0.4450 | err:0.1602 | horse_06 hippo_05
2026-06-24 16:38:08,982 INFO: avg err:0.4454 | err:0.5872 | horse_06 hippo_06
2026-06-24 16:38:09,253 INFO: avg err:0.4450 | err:0.2986 | horse_06 horse_01
2026-06-24 16:38:09,455 INFO: avg err:0.4457 | err:0.6780 | horse_06 horse_02
2026-06-24 16:38:09,773 INFO: avg err:0.4444 | err:0.0474 | horse_06 horse_03
2026-06-24 16:38:09,982 INFO: avg err:0.4435 | err:0.1567 | horse_06 horse_04
2026-06-24 16:38:10,334 INFO: avg err:0.4438 | err:0.5287 | horse_06 horse_05
2026-06-24 16:38:10,574 INFO: avg err:0.4424 | err:0.0000 | horse_06 horse_06
2026-06-24 16:38:10,886 INFO: avg err:0.4417 | err:0.2243 | horse_06 horse_07
2026-06-24 16:38:11,154 INFO: avg err:0.4418 | err:0.4675 | horse_06 horse_08
2026-06-24 16:38:11,377 INFO: avg err:0.4421 | err:0.5294 | horse_06 horse_09
2026-06-24 16:38:11,576 INFO: avg err:0.4425 | err:0.5672 | horse_06 horse_10
2026-06-24 16:38:11,868 INFO: avg err:0.4437 | err:0.8351 | horse_07 cougar_01
2026-06-24 16:38:12,072 INFO: avg err:0.4448 | err:0.7968 | horse_07 cougar_02
2026-06-24 16:38:12,385 INFO: avg err:0.4439 | err:0.1623 | horse_07 cougar_03
2026-06-24 16:38:12,592 INFO: avg err:0.4433 | err:0.2411 | horse_07 cougar_04
2026-06-24 16:38:12,902 INFO: avg err:0.4430 | err:0.3631 | horse_07 hippo_01
2026-06-24 16:38:13,193 INFO: avg err:0.4425 | err:0.2753 | horse_07 hippo_02
2026-06-24 16:38:13,482 INFO: avg err:0.4433 | err:0.7123 | horse_07 hippo_03
2026-06-24 16:38:13,686 INFO: avg err:0.4427 | err:0.2202 | horse_07 hippo_04
2026-06-24 16:38:13,929 INFO: avg err:0.4422 | err:0.3044 | horse_07 hippo_05
2026-06-24 16:38:14,141 INFO: avg err:0.4421 | err:0.4094 | horse_07 hippo_06
2026-06-24 16:38:14,484 INFO: avg err:0.4418 | err:0.3262 | horse_07 horse_01
2026-06-24 16:38:14,718 INFO: avg err:0.4425 | err:0.6786 | horse_07 horse_02
2026-06-24 16:38:15,016 INFO: avg err:0.4417 | err:0.1615 | horse_07 horse_03
2026-06-24 16:38:15,255 INFO: avg err:0.4410 | err:0.2267 | horse_07 horse_04
2026-06-24 16:38:15,638 INFO: avg err:0.4408 | err:0.3745 | horse_07 horse_05
2026-06-24 16:38:15,843 INFO: avg err:0.4400 | err:0.1604 | horse_07 horse_06
2026-06-24 16:38:16,133 INFO: avg err:0.4387 | err:0.0000 | horse_07 horse_07
2026-06-24 16:38:16,425 INFO: avg err:0.4380 | err:0.2202 | horse_07 horse_08
2026-06-24 16:38:16,651 INFO: avg err:0.4385 | err:0.5997 | horse_07 horse_09
2026-06-24 16:38:16,859 INFO: avg err:0.4394 | err:0.7468 | horse_07 horse_10
2026-06-24 16:38:17,233 INFO: avg err:0.4404 | err:0.7923 | horse_08 cougar_01
2026-06-24 16:38:17,450 INFO: avg err:0.4413 | err:0.7238 | horse_08 cougar_02
2026-06-24 16:38:17,689 INFO: avg err:0.4411 | err:0.3779 | horse_08 cougar_03
2026-06-24 16:38:17,965 INFO: avg err:0.4409 | err:0.3819 | horse_08 cougar_04
2026-06-24 16:38:18,253 INFO: avg err:0.4410 | err:0.4657 | horse_08 hippo_01
2026-06-24 16:38:18,549 INFO: avg err:0.4409 | err:0.4130 | horse_08 hippo_02
2026-06-24 16:38:18,789 INFO: avg err:0.4415 | err:0.6593 | horse_08 hippo_03
2026-06-24 16:38:19,114 INFO: avg err:0.4415 | err:0.4355 | horse_08 hippo_04
2026-06-24 16:38:19,364 INFO: avg err:0.4411 | err:0.3028 | horse_08 hippo_05
2026-06-24 16:38:19,580 INFO: avg err:0.4414 | err:0.5458 | horse_08 hippo_06
2026-06-24 16:38:19,793 INFO: avg err:0.4410 | err:0.3039 | horse_08 horse_01
2026-06-24 16:38:20,204 INFO: avg err:0.4412 | err:0.4931 | horse_08 horse_02
2026-06-24 16:38:20,523 INFO: avg err:0.4413 | err:0.4765 | horse_08 horse_03
2026-06-24 16:38:20,817 INFO: avg err:0.4412 | err:0.4304 | horse_08 horse_04
2026-06-24 16:38:21,097 INFO: avg err:0.4415 | err:0.5486 | horse_08 horse_05
2026-06-24 16:38:21,377 INFO: avg err:0.4415 | err:0.4074 | horse_08 horse_06
2026-06-24 16:38:21,590 INFO: avg err:0.4409 | err:0.2481 | horse_08 horse_07
2026-06-24 16:38:21,937 INFO: avg err:0.4397 | err:0.0000 | horse_08 horse_08
2026-06-24 16:38:22,155 INFO: avg err:0.4394 | err:0.3348 | horse_08 horse_09
2026-06-24 16:38:22,399 INFO: avg err:0.4398 | err:0.5703 | horse_08 horse_10
2026-06-24 16:38:22,678 INFO: avg err:0.4395 | err:0.3572 | horse_09 cougar_01
2026-06-24 16:38:22,933 INFO: avg err:0.4394 | err:0.3774 | horse_09 cougar_02
2026-06-24 16:38:23,148 INFO: avg err:0.4402 | err:0.7309 | horse_09 cougar_03
2026-06-24 16:38:23,420 INFO: avg err:0.4409 | err:0.7225 | horse_09 cougar_04
2026-06-24 16:38:23,633 INFO: avg err:0.4417 | err:0.7389 | horse_09 hippo_01
2026-06-24 16:38:24,036 INFO: avg err:0.4424 | err:0.6753 | horse_09 hippo_02
2026-06-24 16:38:24,257 INFO: avg err:0.4426 | err:0.5086 | horse_09 hippo_03
2026-06-24 16:38:24,519 INFO: avg err:0.4433 | err:0.7312 | horse_09 hippo_04
2026-06-24 16:38:24,767 INFO: avg err:0.4437 | err:0.5643 | horse_09 hippo_05
2026-06-24 16:38:25,070 INFO: avg err:0.4444 | err:0.6974 | horse_09 hippo_06
2026-06-24 16:38:25,284 INFO: avg err:0.4449 | err:0.6349 | horse_09 horse_01
2026-06-24 16:38:25,523 INFO: avg err:0.4444 | err:0.2752 | horse_09 horse_02
2026-06-24 16:38:25,742 INFO: avg err:0.4449 | err:0.6340 | horse_09 horse_03
2026-06-24 16:38:26,117 INFO: avg err:0.4456 | err:0.6896 | horse_09 horse_04
2026-06-24 16:38:26,355 INFO: avg err:0.4462 | err:0.6927 | horse_09 horse_05
2026-06-24 16:38:26,653 INFO: avg err:0.4469 | err:0.7003 | horse_09 horse_06
2026-06-24 16:38:26,915 INFO: avg err:0.4475 | err:0.6701 | horse_09 horse_07
2026-06-24 16:38:27,219 INFO: avg err:0.4475 | err:0.4304 | horse_09 horse_08
2026-06-24 16:38:27,541 INFO: avg err:0.4463 | err:0.0000 | horse_09 horse_09
2026-06-24 16:38:27,820 INFO: avg err:0.4458 | err:0.2799 | horse_09 horse_10
2026-06-24 16:38:28,029 INFO: avg err:0.4454 | err:0.2933 | horse_10 cougar_01
2026-06-24 16:38:28,359 INFO: avg err:0.4451 | err:0.3055 | horse_10 cougar_02
2026-06-24 16:38:28,611 INFO: avg err:0.4461 | err:0.8353 | horse_10 cougar_03
2026-06-24 16:38:28,902 INFO: avg err:0.4472 | err:0.8601 | horse_10 cougar_04
2026-06-24 16:38:29,112 INFO: avg err:0.4482 | err:0.8538 | horse_10 hippo_01
2026-06-24 16:38:29,382 INFO: avg err:0.4489 | err:0.6963 | horse_10 hippo_02
2026-06-24 16:38:29,640 INFO: avg err:0.4493 | err:0.6054 | horse_10 hippo_03
2026-06-24 16:38:29,906 INFO: avg err:0.4503 | err:0.8638 | horse_10 hippo_04
2026-06-24 16:38:30,150 INFO: avg err:0.4507 | err:0.5784 | horse_10 hippo_05
2026-06-24 16:38:30,477 INFO: avg err:0.4515 | err:0.7853 | horse_10 hippo_06
2026-06-24 16:38:30,747 INFO: avg err:0.4519 | err:0.5865 | horse_10 horse_01
2026-06-24 16:38:31,006 INFO: avg err:0.4515 | err:0.3165 | horse_10 horse_02
2026-06-24 16:38:31,248 INFO: avg err:0.4519 | err:0.6135 | horse_10 horse_03
2026-06-24 16:38:31,478 INFO: avg err:0.4527 | err:0.7561 | horse_10 horse_04
2026-06-24 16:38:31,776 INFO: avg err:0.4537 | err:0.8255 | horse_10 horse_05
2026-06-24 16:38:31,996 INFO: avg err:0.4541 | err:0.6154 | horse_10 horse_06
2026-06-24 16:38:32,262 INFO: avg err:0.4550 | err:0.8388 | horse_10 horse_07
2026-06-24 16:38:32,488 INFO: avg err:0.4552 | err:0.5080 | horse_10 horse_08
2026-06-24 16:38:32,789 INFO: avg err:0.4546 | err:0.2337 | horse_10 horse_09
2026-06-24 16:38:33,068 INFO: avg err:0.4535 | err:0.0000 | horse_10 horse_10
2026-06-24 16:38:33,106 INFO: Avg time: 0.0850
2026-06-24 16:38:33,593 INFO: Val auc: 0.2440
2026-06-24 16:38:33,599 INFO: Val avg error: 0.4535
2026-06-24 16:38:33,649 INFO: [ONB diag] max|Q-I|: mean=6.2928e-02 max=6.8908e-02 | max|Φ̃ᵀMΦ̃-I|: mean=7.3195e-07 max=9.5367e-07
2026-06-24 16:38:39,035 INFO: [smal_..][epoch:  8, iter:   6,020, lr:(7.543e-04,7.543e-04,)][eta: 0:58:46, time (data): 0.249 (0.016)]l_bij: 2.3873e+02 l_orth: 2.3051e+02 l_align: 1.3952e+02 l_total: 6.0877e+02 
2026-06-24 16:38:44,269 INFO: [smal_..][epoch:  8, iter:   6,040, lr:(7.543e-04,7.543e-04,)][eta: 0:58:37, time (data): 0.266 (0.014)]l_bij: 2.4683e+02 l_orth: 2.3984e+02 l_align: 1.3424e+02 l_total: 6.2091e+02 
2026-06-24 16:38:49,558 INFO: [smal_..][epoch:  8, iter:   6,060, lr:(7.543e-04,7.543e-04,)][eta: 0:58:29, time (data): 0.265 (0.015)]l_bij: 2.4432e+02 l_orth: 2.3051e+02 l_align: 1.4366e+02 l_total: 6.1848e+02 
2026-06-24 16:38:54,845 INFO: [smal_..][epoch:  8, iter:   6,080, lr:(7.543e-04,7.543e-04,)][eta: 0:58:20, time (data): 0.264 (0.015)]l_bij: 2.3008e+02 l_orth: 2.1892e+02 l_align: 1.4128e+02 l_total: 5.9028e+02 
2026-06-24 16:39:00,229 INFO: [smal_..][epoch:  8, iter:   6,100, lr:(7.543e-04,7.543e-04,)][eta: 0:58:12, time (data): 0.266 (0.015)]l_bij: 2.4120e+02 l_orth: 2.2778e+02 l_align: 1.4320e+02 l_total: 6.1218e+02 
2026-06-24 16:39:05,509 INFO: [smal_..][epoch:  8, iter:   6,120, lr:(7.543e-04,7.543e-04,)][eta: 0:58:03, time (data): 0.265 (0.015)]l_bij: 2.2153e+02 l_orth: 2.1017e+02 l_align: 1.5203e+02 l_total: 5.8373e+02 
2026-06-24 16:39:10,748 INFO: [smal_..][epoch:  8, iter:   6,140, lr:(7.543e-04,7.543e-04,)][eta: 0:57:54, time (data): 0.265 (0.015)]l_bij: 2.4247e+02 l_orth: 2.2907e+02 l_align: 1.3342e+02 l_total: 6.0497e+02 
2026-06-24 16:39:16,048 INFO: [smal_..][epoch:  8, iter:   6,160, lr:(7.543e-04,7.543e-04,)][eta: 0:57:46, time (data): 0.265 (0.015)]l_bij: 2.3312e+02 l_orth: 2.2008e+02 l_align: 1.4939e+02 l_total: 6.0258e+02 
2026-06-24 16:39:21,273 INFO: [smal_..][epoch:  8, iter:   6,180, lr:(7.543e-04,7.543e-04,)][eta: 0:57:37, time (data): 0.264 (0.015)]l_bij: 2.3689e+02 l_orth: 2.2657e+02 l_align: 1.5106e+02 l_total: 6.1452e+02 
2026-06-24 16:39:26,418 INFO: [smal_..][epoch:  8, iter:   6,200, lr:(7.543e-04,7.543e-04,)][eta: 0:57:28, time (data): 0.263 (0.015)]l_bij: 2.4729e+02 l_orth: 2.3206e+02 l_align: 1.2723e+02 l_total: 6.0658e+02 
2026-06-24 16:39:31,663 INFO: [smal_..][epoch:  8, iter:   6,220, lr:(7.543e-04,7.543e-04,)][eta: 0:57:19, time (data): 0.263 (0.015)]l_bij: 2.3428e+02 l_orth: 2.2061e+02 l_align: 1.4382e+02 l_total: 5.9871e+02 
2026-06-24 16:39:36,948 INFO: [smal_..][epoch:  8, iter:   6,240, lr:(7.543e-04,7.543e-04,)][eta: 0:57:11, time (data): 0.262 (0.015)]l_bij: 2.3589e+02 l_orth: 2.3062e+02 l_align: 1.4905e+02 l_total: 6.1556e+02 
2026-06-24 16:39:42,228 INFO: [smal_..][epoch:  8, iter:   6,260, lr:(7.543e-04,7.543e-04,)][eta: 0:57:02, time (data): 0.263 (0.015)]l_bij: 2.4399e+02 l_orth: 2.3079e+02 l_align: 1.3509e+02 l_total: 6.0988e+02 
2026-06-24 16:39:47,447 INFO: [smal_..][epoch:  8, iter:   6,280, lr:(7.543e-04,7.543e-04,)][eta: 0:56:54, time (data): 0.262 (0.015)]l_bij: 2.3959e+02 l_orth: 2.2650e+02 l_align: 1.3711e+02 l_total: 6.0319e+02 
2026-06-24 16:39:52,773 INFO: [smal_..][epoch:  8, iter:   6,300, lr:(7.543e-04,7.543e-04,)][eta: 0:56:45, time (data): 0.263 (0.015)]l_bij: 2.4061e+02 l_orth: 2.3769e+02 l_align: 1.4715e+02 l_total: 6.2545e+02 
2026-06-24 16:39:57,806 INFO: [smal_..][epoch:  8, iter:   6,320, lr:(7.543e-04,7.543e-04,)][eta: 0:56:36, time (data): 0.261 (0.015)]l_bij: 2.2413e+02 l_orth: 2.1569e+02 l_align: 1.5785e+02 l_total: 5.9767e+02 
2026-06-24 16:40:02,749 INFO: [smal_..][epoch:  8, iter:   6,340, lr:(7.543e-04,7.543e-04,)][eta: 0:56:27, time (data): 0.258 (0.015)]l_bij: 2.2461e+02 l_orth: 2.1282e+02 l_align: 1.4643e+02 l_total: 5.8386e+02 
2026-06-24 16:40:07,627 INFO: [smal_..][epoch:  8, iter:   6,360, lr:(7.543e-04,7.543e-04,)][eta: 0:56:18, time (data): 0.256 (0.015)]l_bij: 2.5067e+02 l_orth: 2.3598e+02 l_align: 1.2559e+02 l_total: 6.1224e+02 
2026-06-24 16:40:12,528 INFO: [smal_..][epoch:  8, iter:   6,380, lr:(7.543e-04,7.543e-04,)][eta: 0:56:09, time (data): 0.254 (0.015)]l_bij: 2.4367e+02 l_orth: 2.2959e+02 l_align: 1.3569e+02 l_total: 6.0896e+02 
2026-06-24 16:40:17,446 INFO: [smal_..][epoch:  8, iter:   6,400, lr:(7.543e-04,7.543e-04,)][eta: 0:56:00, time (data): 0.253 (0.015)]l_bij: 2.4138e+02 l_orth: 2.2688e+02 l_align: 1.3824e+02 l_total: 6.0649e+02 
2026-06-24 16:40:22,377 INFO: [smal_..][epoch:  8, iter:   6,420, lr:(7.543e-04,7.543e-04,)][eta: 0:55:51, time (data): 0.253 (0.015)]l_bij: 2.3671e+02 l_orth: 2.2803e+02 l_align: 1.3934e+02 l_total: 6.0408e+02 
2026-06-24 16:40:27,347 INFO: [smal_..][epoch:  8, iter:   6,440, lr:(7.543e-04,7.543e-04,)][eta: 0:55:43, time (data): 0.246 (0.014)]l_bij: 2.3177e+02 l_orth: 2.1772e+02 l_align: 1.4550e+02 l_total: 5.9499e+02 
2026-06-24 16:40:32,290 INFO: [smal_..][epoch:  8, iter:   6,460, lr:(7.543e-04,7.543e-04,)][eta: 0:55:34, time (data): 0.247 (0.014)]l_bij: 2.3627e+02 l_orth: 2.2835e+02 l_align: 1.4601e+02 l_total: 6.1063e+02 
2026-06-24 16:40:37,195 INFO: [smal_..][epoch:  8, iter:   6,480, lr:(7.543e-04,7.543e-04,)][eta: 0:55:25, time (data): 0.246 (0.014)]l_bij: 2.3989e+02 l_orth: 2.2495e+02 l_align: 1.4012e+02 l_total: 6.0497e+02 
2026-06-24 16:40:42,108 INFO: [smal_..][epoch:  8, iter:   6,500, lr:(7.543e-04,7.543e-04,)][eta: 0:55:16, time (data): 0.246 (0.014)]l_bij: 2.3958e+02 l_orth: 2.2598e+02 l_align: 1.3693e+02 l_total: 6.0249e+02 
2026-06-24 16:40:47,009 INFO: [smal_..][epoch:  8, iter:   6,520, lr:(7.543e-04,7.543e-04,)][eta: 0:55:07, time (data): 0.246 (0.014)]l_bij: 2.4165e+02 l_orth: 2.4334e+02 l_align: 1.4030e+02 l_total: 6.2528e+02 
2026-06-24 16:40:51,951 INFO: [smal_..][epoch:  8, iter:   6,540, lr:(7.543e-04,7.543e-04,)][eta: 0:54:58, time (data): 0.246 (0.014)]l_bij: 2.4250e+02 l_orth: 2.3254e+02 l_align: 1.4152e+02 l_total: 6.1656e+02 
2026-06-24 16:40:56,894 INFO: [smal_..][epoch:  8, iter:   6,560, lr:(7.543e-04,7.543e-04,)][eta: 0:54:50, time (data): 0.246 (0.014)]l_bij: 1.6308e+02 l_orth: 1.6679e+02 l_align: 2.0993e+02 l_total: 5.3980e+02 
2026-06-24 16:41:01,775 INFO: [smal_..][epoch:  8, iter:   6,580, lr:(7.543e-04,7.543e-04,)][eta: 0:54:41, time (data): 0.246 (0.014)]l_bij: 2.3998e+02 l_orth: 2.2847e+02 l_align: 1.3652e+02 l_total: 6.0496e+02 
2026-06-24 16:41:06,670 INFO: [smal_..][epoch:  8, iter:   6,600, lr:(7.543e-04,7.543e-04,)][eta: 0:54:32, time (data): 0.246 (0.014)]l_bij: 2.2992e+02 l_orth: 2.1691e+02 l_align: 1.4609e+02 l_total: 5.9292e+02 
2026-06-24 16:41:11,603 INFO: [smal_..][epoch:  8, iter:   6,620, lr:(7.543e-04,7.543e-04,)][eta: 0:54:24, time (data): 0.246 (0.014)]l_bij: 2.5241e+02 l_orth: 2.3835e+02 l_align: 1.3249e+02 l_total: 6.2325e+02 
2026-06-24 16:41:16,575 INFO: [smal_..][epoch:  8, iter:   6,640, lr:(7.543e-04,7.543e-04,)][eta: 0:54:15, time (data): 0.252 (0.015)]l_bij: 2.4107e+02 l_orth: 2.2563e+02 l_align: 1.3804e+02 l_total: 6.0475e+02 
2026-06-24 16:41:21,697 INFO: [smal_..][epoch:  8, iter:   6,660, lr:(7.543e-04,7.543e-04,)][eta: 0:54:07, time (data): 0.255 (0.015)]l_bij: 2.4732e+02 l_orth: 2.3164e+02 l_align: 1.3286e+02 l_total: 6.1182e+02 
2026-06-24 16:41:26,626 INFO: [smal_..][epoch:  8, iter:   6,680, lr:(7.543e-04,7.543e-04,)][eta: 0:53:58, time (data): 0.251 (0.015)]l_bij: 2.2795e+02 l_orth: 2.1715e+02 l_align: 1.5020e+02 l_total: 5.9530e+02 
2026-06-24 16:41:31,515 INFO: [smal_..][epoch:  8, iter:   6,700, lr:(7.543e-04,7.543e-04,)][eta: 0:53:49, time (data): 0.249 (0.014)]l_bij: 2.3942e+02 l_orth: 2.2401e+02 l_align: 1.4298e+02 l_total: 6.0641e+02 
2026-06-24 16:41:36,430 INFO: [smal_..][epoch:  8, iter:   6,720, lr:(7.543e-04,7.543e-04,)][eta: 0:53:41, time (data): 0.248 (0.014)]l_bij: 2.4193e+02 l_orth: 2.2685e+02 l_align: 1.3656e+02 l_total: 6.0534e+02 
2026-06-24 16:41:41,590 INFO: [smal_..][epoch:  9, iter:   6,740, lr:(6.891e-04,6.891e-04,)][eta: 0:53:33, time (data): 0.250 (0.017)]l_bij: 2.5268e+02 l_orth: 2.3934e+02 l_align: 1.2656e+02 l_total: 6.1857e+02 
2026-06-24 16:41:46,518 INFO: [smal_..][epoch:  9, iter:   6,760, lr:(6.891e-04,6.891e-04,)][eta: 0:53:24, time (data): 0.249 (0.016)]l_bij: 2.2196e+02 l_orth: 2.1054e+02 l_align: 1.5005e+02 l_total: 5.8254e+02 
2026-06-24 16:41:51,420 INFO: [smal_..][epoch:  9, iter:   6,780, lr:(6.891e-04,6.891e-04,)][eta: 0:53:15, time (data): 0.249 (0.016)]l_bij: 2.4197e+02 l_orth: 2.2840e+02 l_align: 1.4187e+02 l_total: 6.1224e+02 
2026-06-24 16:41:56,299 INFO: [smal_..][epoch:  9, iter:   6,800, lr:(6.891e-04,6.891e-04,)][eta: 0:53:07, time (data): 0.248 (0.016)]l_bij: 2.3165e+02 l_orth: 2.2199e+02 l_align: 1.4340e+02 l_total: 5.9704e+02 
2026-06-24 16:42:01,227 INFO: [smal_..][epoch:  9, iter:   6,820, lr:(6.891e-04,6.891e-04,)][eta: 0:52:58, time (data): 0.248 (0.016)]l_bij: 2.3692e+02 l_orth: 2.2494e+02 l_align: 1.3445e+02 l_total: 5.9632e+02 
2026-06-24 16:42:06,156 INFO: [smal_..][epoch:  9, iter:   6,840, lr:(6.891e-04,6.891e-04,)][eta: 0:52:50, time (data): 0.246 (0.014)]l_bij: 2.3801e+02 l_orth: 2.2930e+02 l_align: 1.3988e+02 l_total: 6.0719e+02 
2026-06-24 16:42:11,030 INFO: [smal_..][epoch:  9, iter:   6,860, lr:(6.891e-04,6.891e-04,)][eta: 0:52:41, time (data): 0.244 (0.014)]l_bij: 2.3637e+02 l_orth: 2.2510e+02 l_align: 1.4172e+02 l_total: 6.0319e+02 
2026-06-24 16:42:15,997 INFO: [smal_..][epoch:  9, iter:   6,880, lr:(6.891e-04,6.891e-04,)][eta: 0:52:33, time (data): 0.246 (0.014)]l_bij: 2.4266e+02 l_orth: 2.2804e+02 l_align: 1.3614e+02 l_total: 6.0684e+02 
2026-06-24 16:42:20,923 INFO: [smal_..][epoch:  9, iter:   6,900, lr:(6.891e-04,6.891e-04,)][eta: 0:52:25, time (data): 0.246 (0.014)]l_bij: 2.3025e+02 l_orth: 2.1943e+02 l_align: 1.4546e+02 l_total: 5.9514e+02 
2026-06-24 16:42:25,806 INFO: [smal_..][epoch:  9, iter:   6,920, lr:(6.891e-04,6.891e-04,)][eta: 0:52:16, time (data): 0.245 (0.014)]l_bij: 2.3752e+02 l_orth: 2.2339e+02 l_align: 1.4248e+02 l_total: 6.0339e+02 
2026-06-24 16:42:30,744 INFO: [smal_..][epoch:  9, iter:   6,940, lr:(6.891e-04,6.891e-04,)][eta: 0:52:08, time (data): 0.246 (0.014)]l_bij: 2.4069e+02 l_orth: 2.2462e+02 l_align: 1.4218e+02 l_total: 6.0749e+02 
2026-06-24 16:42:35,638 INFO: [smal_..][epoch:  9, iter:   6,960, lr:(6.891e-04,6.891e-04,)][eta: 0:52:00, time (data): 0.245 (0.014)]l_bij: 2.3857e+02 l_orth: 2.3047e+02 l_align: 1.3809e+02 l_total: 6.0713e+02 
2026-06-24 16:42:40,618 INFO: [smal_..][epoch:  9, iter:   6,980, lr:(6.891e-04,6.891e-04,)][eta: 0:51:51, time (data): 0.246 (0.014)]l_bij: 2.4337e+02 l_orth: 2.2837e+02 l_align: 1.3872e+02 l_total: 6.1046e+02 
2026-06-24 16:42:45,499 INFO: [smal_..][epoch:  9, iter:   7,000, lr:(6.891e-04,6.891e-04,)][eta: 0:51:43, time (data): 0.246 (0.014)]l_bij: 2.2613e+02 l_orth: 2.1556e+02 l_align: 1.4752e+02 l_total: 5.8920e+02 
2026-06-24 16:42:50,419 INFO: [smal_..][epoch:  9, iter:   7,020, lr:(6.891e-04,6.891e-04,)][eta: 0:51:35, time (data): 0.246 (0.014)]l_bij: 2.4081e+02 l_orth: 2.2525e+02 l_align: 1.3469e+02 l_total: 6.0075e+02 
2026-06-24 16:42:55,390 INFO: [smal_..][epoch:  9, iter:   7,040, lr:(6.891e-04,6.891e-04,)][eta: 0:51:27, time (data): 0.247 (0.014)]l_bij: 2.4235e+02 l_orth: 2.3170e+02 l_align: 1.3481e+02 l_total: 6.0886e+02 
2026-06-24 16:43:00,339 INFO: [smal_..][epoch:  9, iter:   7,060, lr:(6.891e-04,6.891e-04,)][eta: 0:51:18, time (data): 0.247 (0.014)]l_bij: 2.3021e+02 l_orth: 2.2157e+02 l_align: 1.4741e+02 l_total: 5.9919e+02 
2026-06-24 16:43:05,221 INFO: [smal_..][epoch:  9, iter:   7,080, lr:(6.891e-04,6.891e-04,)][eta: 0:51:10, time (data): 0.246 (0.014)]l_bij: 2.4327e+02 l_orth: 2.2762e+02 l_align: 1.4133e+02 l_total: 6.1222e+02 
2026-06-24 16:43:10,181 INFO: [smal_..][epoch:  9, iter:   7,100, lr:(6.891e-04,6.891e-04,)][eta: 0:51:02, time (data): 0.246 (0.014)]l_bij: 2.3825e+02 l_orth: 2.2420e+02 l_align: 1.4443e+02 l_total: 6.0688e+02 
2026-06-24 16:43:15,097 INFO: [smal_..][epoch:  9, iter:   7,120, lr:(6.891e-04,6.891e-04,)][eta: 0:50:54, time (data): 0.246 (0.014)]l_bij: 2.4067e+02 l_orth: 2.2534e+02 l_align: 1.4342e+02 l_total: 6.0944e+02 
2026-06-24 16:43:19,987 INFO: [smal_..][epoch:  9, iter:   7,140, lr:(6.891e-04,6.891e-04,)][eta: 0:50:46, time (data): 0.246 (0.014)]l_bij: 2.3250e+02 l_orth: 2.2114e+02 l_align: 1.3982e+02 l_total: 5.9346e+02 
2026-06-24 16:43:24,936 INFO: [smal_..][epoch:  9, iter:   7,160, lr:(6.891e-04,6.891e-04,)][eta: 0:50:37, time (data): 0.246 (0.014)]l_bij: 2.3384e+02 l_orth: 2.2397e+02 l_align: 1.4158e+02 l_total: 5.9939e+02 
2026-06-24 16:43:29,817 INFO: [smal_..][epoch:  9, iter:   7,180, lr:(6.891e-04,6.891e-04,)][eta: 0:50:29, time (data): 0.246 (0.014)]l_bij: 2.3880e+02 l_orth: 2.2786e+02 l_align: 1.3847e+02 l_total: 6.0513e+02 
2026-06-24 16:43:34,731 INFO: [smal_..][epoch:  9, iter:   7,200, lr:(6.891e-04,6.891e-04,)][eta: 0:50:21, time (data): 0.246 (0.014)]l_bij: 2.4220e+02 l_orth: 2.3773e+02 l_align: 1.3625e+02 l_total: 6.1618e+02 
2026-06-24 16:43:39,648 INFO: [smal_..][epoch:  9, iter:   7,220, lr:(6.891e-04,6.891e-04,)][eta: 0:50:13, time (data): 0.246 (0.014)]l_bij: 2.3326e+02 l_orth: 2.2369e+02 l_align: 1.4676e+02 l_total: 6.0371e+02 
2026-06-24 16:43:44,589 INFO: [smal_..][epoch:  9, iter:   7,240, lr:(6.891e-04,6.891e-04,)][eta: 0:50:05, time (data): 0.249 (0.015)]l_bij: 2.3246e+02 l_orth: 2.4410e+02 l_align: 1.5144e+02 l_total: 6.2800e+02 
2026-06-24 16:43:49,510 INFO: [smal_..][epoch:  9, iter:   7,260, lr:(6.891e-04,6.891e-04,)][eta: 0:49:57, time (data): 0.246 (0.014)]l_bij: 2.4292e+02 l_orth: 2.2867e+02 l_align: 1.3874e+02 l_total: 6.1033e+02 
2026-06-24 16:43:54,437 INFO: [smal_..][epoch:  9, iter:   7,280, lr:(6.891e-04,6.891e-04,)][eta: 0:49:49, time (data): 0.246 (0.014)]l_bij: 2.4564e+02 l_orth: 2.4233e+02 l_align: 1.4235e+02 l_total: 6.3033e+02 
2026-06-24 16:43:59,361 INFO: [smal_..][epoch:  9, iter:   7,300, lr:(6.891e-04,6.891e-04,)][eta: 0:49:41, time (data): 0.246 (0.014)]l_bij: 2.3502e+02 l_orth: 2.2087e+02 l_align: 1.4575e+02 l_total: 6.0165e+02 
2026-06-24 16:44:04,287 INFO: [smal_..][epoch:  9, iter:   7,320, lr:(6.891e-04,6.891e-04,)][eta: 0:49:33, time (data): 0.246 (0.014)]l_bij: 2.3432e+02 l_orth: 2.2102e+02 l_align: 1.3460e+02 l_total: 5.8994e+02 
2026-06-24 16:44:09,402 INFO: [smal_..][epoch:  9, iter:   7,340, lr:(6.891e-04,6.891e-04,)][eta: 0:49:25, time (data): 0.248 (0.014)]l_bij: 2.4591e+02 l_orth: 2.3176e+02 l_align: 1.2938e+02 l_total: 6.0706e+02 
2026-06-24 16:44:14,679 INFO: [smal_..][epoch:  9, iter:   7,360, lr:(6.891e-04,6.891e-04,)][eta: 0:49:18, time (data): 0.250 (0.014)]l_bij: 2.4525e+02 l_orth: 2.2943e+02 l_align: 1.2966e+02 l_total: 6.0434e+02 
2026-06-24 16:44:19,979 INFO: [smal_..][epoch:  9, iter:   7,380, lr:(6.891e-04,6.891e-04,)][eta: 0:49:10, time (data): 0.252 (0.014)]l_bij: 2.3988e+02 l_orth: 2.2340e+02 l_align: 1.3739e+02 l_total: 6.0067e+02 
2026-06-24 16:44:25,138 INFO: [smal_..][epoch:  9, iter:   7,400, lr:(6.891e-04,6.891e-04,)][eta: 0:49:03, time (data): 0.253 (0.014)]l_bij: 2.3696e+02 l_orth: 2.2880e+02 l_align: 1.5093e+02 l_total: 6.1669e+02 
2026-06-24 16:44:30,443 INFO: [smal_..][epoch:  9, iter:   7,420, lr:(6.891e-04,6.891e-04,)][eta: 0:48:55, time (data): 0.254 (0.014)]l_bij: 2.3615e+02 l_orth: 2.2527e+02 l_align: 1.4207e+02 l_total: 6.0349e+02 
2026-06-24 16:44:35,799 INFO: [smal_..][epoch:  9, iter:   7,440, lr:(6.891e-04,6.891e-04,)][eta: 0:48:48, time (data): 0.271 (0.014)]l_bij: 1.6384e+02 l_orth: 1.6255e+02 l_align: 2.1246e+02 l_total: 5.3885e+02 
2026-06-24 16:44:41,170 INFO: [smal_..][epoch:  9, iter:   7,460, lr:(6.891e-04,6.891e-04,)][eta: 0:48:40, time (data): 0.269 (0.015)]l_bij: 2.3066e+02 l_orth: 2.1696e+02 l_align: 1.5070e+02 l_total: 5.9832e+02 
2026-06-24 16:44:46,496 INFO: [smal_..][epoch:  9, iter:   7,480, lr:(6.891e-04,6.891e-04,)][eta: 0:48:33, time (data): 0.267 (0.015)]l_bij: 2.3384e+02 l_orth: 2.2714e+02 l_align: 1.4725e+02 l_total: 6.0823e+02 
2026-06-24 16:44:51,710 INFO: [smal_..][epoch:  9, iter:   7,500, lr:(6.891e-04,6.891e-04,)][eta: 0:48:25, time (data): 0.265 (0.015)]l_bij: 2.3724e+02 l_orth: 2.2466e+02 l_align: 1.3452e+02 l_total: 5.9641e+02 
2026-06-24 16:44:56,951 INFO: [smal_..][epoch:  9, iter:   7,520, lr:(6.891e-04,6.891e-04,)][eta: 0:48:18, time (data): 0.264 (0.014)]l_bij: 2.3838e+02 l_orth: 2.2666e+02 l_align: 1.4283e+02 l_total: 6.0787e+02 
2026-06-24 16:45:02,067 INFO: [smal_..][epoch:  9, iter:   7,540, lr:(6.891e-04,6.891e-04,)][eta: 0:48:10, time (data): 0.263 (0.015)]l_bij: 2.3521e+02 l_orth: 2.2427e+02 l_align: 1.4302e+02 l_total: 6.0250e+02 
2026-06-24 16:45:07,461 INFO: [smal_..][epoch:  9, iter:   7,560, lr:(6.891e-04,6.891e-04,)][eta: 0:48:03, time (data): 0.264 (0.015)]l_bij: 2.2194e+02 l_orth: 2.1116e+02 l_align: 1.5533e+02 l_total: 5.8843e+02 
2026-06-24 16:45:13,006 INFO: [smal_..][epoch: 10, iter:   7,580, lr:(6.204e-04,6.204e-04,)][eta: 0:47:56, time (data): 0.266 (0.016)]l_bij: 1.6316e+02 l_orth: 1.6311e+02 l_align: 2.0432e+02 l_total: 5.3060e+02 
2026-06-24 16:45:18,316 INFO: [smal_..][epoch: 10, iter:   7,600, lr:(6.204e-04,6.204e-04,)][eta: 0:47:49, time (data): 0.266 (0.016)]l_bij: 2.3930e+02 l_orth: 2.2579e+02 l_align: 1.3680e+02 l_total: 6.0189e+02 
2026-06-24 16:45:23,610 INFO: [smal_..][epoch: 10, iter:   7,620, lr:(6.204e-04,6.204e-04,)][eta: 0:47:41, time (data): 0.265 (0.016)]l_bij: 2.3722e+02 l_orth: 2.2652e+02 l_align: 1.3217e+02 l_total: 5.9591e+02 
2026-06-24 16:45:28,932 INFO: [smal_..][epoch: 10, iter:   7,640, lr:(6.204e-04,6.204e-04,)][eta: 0:47:34, time (data): 0.266 (0.014)]l_bij: 2.3460e+02 l_orth: 2.2970e+02 l_align: 1.4724e+02 l_total: 6.1154e+02 
2026-06-24 16:45:34,116 INFO: [smal_..][epoch: 10, iter:   7,660, lr:(6.204e-04,6.204e-04,)][eta: 0:47:27, time (data): 0.260 (0.014)]l_bij: 2.4222e+02 l_orth: 2.3172e+02 l_align: 1.3257e+02 l_total: 6.0651e+02 
2026-06-24 16:45:39,462 INFO: [smal_..][epoch: 10, iter:   7,680, lr:(6.204e-04,6.204e-04,)][eta: 0:47:19, time (data): 0.263 (0.014)]l_bij: 2.2418e+02 l_orth: 2.1137e+02 l_align: 1.5243e+02 l_total: 5.8798e+02 
2026-06-24 16:45:44,685 INFO: [smal_..][epoch: 10, iter:   7,700, lr:(6.204e-04,6.204e-04,)][eta: 0:47:12, time (data): 0.262 (0.014)]l_bij: 2.3911e+02 l_orth: 2.2775e+02 l_align: 1.3645e+02 l_total: 6.0331e+02 
2026-06-24 16:45:49,621 INFO: [smal_..][epoch: 10, iter:   7,720, lr:(6.204e-04,6.204e-04,)][eta: 0:47:04, time (data): 0.259 (0.014)]l_bij: 2.3262e+02 l_orth: 2.1875e+02 l_align: 1.4506e+02 l_total: 5.9643e+02 
2026-06-24 16:45:54,522 INFO: [smal_..][epoch: 10, iter:   7,740, lr:(6.204e-04,6.204e-04,)][eta: 0:46:57, time (data): 0.256 (0.014)]l_bij: 2.3846e+02 l_orth: 2.2671e+02 l_align: 1.3794e+02 l_total: 6.0311e+02 
2026-06-24 16:45:59,433 INFO: [smal_..][epoch: 10, iter:   7,760, lr:(6.204e-04,6.204e-04,)][eta: 0:46:49, time (data): 0.254 (0.014)]l_bij: 2.2443e+02 l_orth: 2.1261e+02 l_align: 1.5162e+02 l_total: 5.8867e+02 
2026-06-24 16:46:04,350 INFO: [smal_..][epoch: 10, iter:   7,780, lr:(6.204e-04,6.204e-04,)][eta: 0:46:41, time (data): 0.253 (0.014)]l_bij: 2.3206e+02 l_orth: 2.1935e+02 l_align: 1.4240e+02 l_total: 5.9381e+02 
2026-06-24 16:46:09,284 INFO: [smal_..][epoch: 10, iter:   7,800, lr:(6.204e-04,6.204e-04,)][eta: 0:46:33, time (data): 0.252 (0.014)]l_bij: 2.4267e+02 l_orth: 2.2927e+02 l_align: 1.3319e+02 l_total: 6.0513e+02 
2026-06-24 16:46:14,170 INFO: [smal_..][epoch: 10, iter:   7,820, lr:(6.204e-04,6.204e-04,)][eta: 0:46:26, time (data): 0.251 (0.014)]l_bij: 2.3445e+02 l_orth: 2.2157e+02 l_align: 1.4338e+02 l_total: 5.9941e+02 
2026-06-24 16:46:19,102 INFO: [smal_..][epoch: 10, iter:   7,840, lr:(6.204e-04,6.204e-04,)][eta: 0:46:18, time (data): 0.244 (0.014)]l_bij: 2.2622e+02 l_orth: 2.1460e+02 l_align: 1.5453e+02 l_total: 5.9536e+02 
2026-06-24 16:46:23,997 INFO: [smal_..][epoch: 10, iter:   7,860, lr:(6.204e-04,6.204e-04,)][eta: 0:46:10, time (data): 0.244 (0.014)]l_bij: 2.3995e+02 l_orth: 2.2848e+02 l_align: 1.3934e+02 l_total: 6.0777e+02 
2026-06-24 16:46:28,905 INFO: [smal_..][epoch: 10, iter:   7,880, lr:(6.204e-04,6.204e-04,)][eta: 0:46:03, time (data): 0.245 (0.014)]l_bij: 2.3545e+02 l_orth: 2.2198e+02 l_align: 1.4839e+02 l_total: 6.0581e+02 
2026-06-24 16:46:33,772 INFO: [smal_..][epoch: 10, iter:   7,900, lr:(6.204e-04,6.204e-04,)][eta: 0:45:55, time (data): 0.244 (0.014)]l_bij: 2.2718e+02 l_orth: 2.1506e+02 l_align: 1.5366e+02 l_total: 5.9590e+02 
2026-06-24 16:46:38,670 INFO: [smal_..][epoch: 10, iter:   7,920, lr:(6.204e-04,6.204e-04,)][eta: 0:45:48, time (data): 0.244 (0.014)]l_bij: 2.2145e+02 l_orth: 2.1263e+02 l_align: 1.4824e+02 l_total: 5.8233e+02 
2026-06-24 16:46:43,581 INFO: [smal_..][epoch: 10, iter:   7,940, lr:(6.204e-04,6.204e-04,)][eta: 0:45:40, time (data): 0.245 (0.014)]l_bij: 2.3410e+02 l_orth: 2.2514e+02 l_align: 1.4996e+02 l_total: 6.0920e+02 
2026-06-24 16:46:48,482 INFO: [smal_..][epoch: 10, iter:   7,960, lr:(6.204e-04,6.204e-04,)][eta: 0:45:32, time (data): 0.245 (0.014)]l_bij: 2.4272e+02 l_orth: 2.2552e+02 l_align: 1.3555e+02 l_total: 6.0379e+02 
2026-06-24 16:46:53,386 INFO: [smal_..][epoch: 10, iter:   7,980, lr:(6.204e-04,6.204e-04,)][eta: 0:45:25, time (data): 0.245 (0.014)]l_bij: 2.3936e+02 l_orth: 2.2644e+02 l_align: 1.3914e+02 l_total: 6.0493e+02 
2026-06-24 16:46:58,291 INFO: [smal_..][epoch: 10, iter:   8,000, lr:(6.204e-04,6.204e-04,)][eta: 0:45:17, time (data): 0.245 (0.014)]l_bij: 2.3557e+02 l_orth: 2.2196e+02 l_align: 1.4156e+02 l_total: 5.9909e+02 
2026-06-24 16:46:58,291 INFO: Saving models and training states.
2026-06-24 16:46:58,314 INFO: Start validation.
2026-06-24 16:46:59,357 INFO: avg err:0.0000 | err:0.0000 | cougar_01 cougar_01
2026-06-24 16:46:59,636 INFO: avg err:0.0862 | err:0.1723 | cougar_01 cougar_02
2026-06-24 16:46:59,977 INFO: avg err:0.3330 | err:0.8268 | cougar_01 cougar_03
2026-06-24 16:47:00,206 INFO: avg err:0.4441 | err:0.7772 | cougar_01 cougar_04
2026-06-24 16:47:00,442 INFO: avg err:0.5194 | err:0.8204 | cougar_01 hippo_01
2026-06-24 16:47:00,638 INFO: avg err:0.5605 | err:0.7664 | cougar_01 hippo_02
2026-06-24 16:47:00,948 INFO: avg err:0.5239 | err:0.3038 | cougar_01 hippo_03
2026-06-24 16:47:01,142 INFO: avg err:0.5650 | err:0.8528 | cougar_01 hippo_04
2026-06-24 16:47:01,509 INFO: avg err:0.5843 | err:0.7389 | cougar_01 hippo_05
2026-06-24 16:47:01,713 INFO: avg err:0.6060 | err:0.8015 | cougar_01 hippo_06
2026-06-24 16:47:01,990 INFO: avg err:0.6242 | err:0.8056 | cougar_01 horse_01
2026-06-24 16:47:02,194 INFO: avg err:0.5859 | err:0.1649 | cougar_01 horse_02
2026-06-24 16:47:02,501 INFO: avg err:0.6004 | err:0.7746 | cougar_01 horse_03
2026-06-24 16:47:02,703 INFO: avg err:0.6150 | err:0.8050 | cougar_01 horse_04
2026-06-24 16:47:03,064 INFO: avg err:0.6252 | err:0.7672 | cougar_01 horse_05
2026-06-24 16:47:03,259 INFO: avg err:0.6354 | err:0.7893 | cougar_01 horse_06
2026-06-24 16:47:03,728 INFO: avg err:0.6409 | err:0.7287 | cougar_01 horse_07
2026-06-24 16:47:03,922 INFO: avg err:0.6439 | err:0.6957 | cougar_01 horse_08
2026-06-24 16:47:04,142 INFO: avg err:0.6271 | err:0.3232 | cougar_01 horse_09
2026-06-24 16:47:04,368 INFO: avg err:0.6129 | err:0.3429 | cougar_01 horse_10
2026-06-24 16:47:04,587 INFO: avg err:0.5917 | err:0.1687 | cougar_02 cougar_01
2026-06-24 16:47:04,808 INFO: avg err:0.5648 | err:0.0000 | cougar_02 cougar_02
2026-06-24 16:47:05,050 INFO: avg err:0.5787 | err:0.8849 | cougar_02 cougar_03
2026-06-24 16:47:05,252 INFO: avg err:0.5930 | err:0.9207 | cougar_02 cougar_04
2026-06-24 16:47:05,526 INFO: avg err:0.6015 | err:0.8057 | cougar_02 hippo_01
2026-06-24 16:47:05,722 INFO: avg err:0.6061 | err:0.7207 | cougar_02 hippo_02
2026-06-24 16:47:06,068 INFO: avg err:0.5918 | err:0.2209 | cougar_02 hippo_03
2026-06-24 16:47:06,267 INFO: avg err:0.6004 | err:0.8331 | cougar_02 hippo_04
2026-06-24 16:47:06,570 INFO: avg err:0.6078 | err:0.8136 | cougar_02 hippo_05
2026-06-24 16:47:06,766 INFO: avg err:0.6156 | err:0.8427 | cougar_02 hippo_06
2026-06-24 16:47:07,149 INFO: avg err:0.6245 | err:0.8917 | cougar_02 horse_01
2026-06-24 16:47:07,346 INFO: avg err:0.6181 | err:0.4203 | cougar_02 horse_02
2026-06-24 16:47:07,697 INFO: avg err:0.6252 | err:0.8502 | cougar_02 horse_03
2026-06-24 16:47:07,892 INFO: avg err:0.6316 | err:0.8445 | cougar_02 horse_04
2026-06-24 16:47:08,211 INFO: avg err:0.6359 | err:0.7829 | cougar_02 horse_05
2026-06-24 16:47:08,461 INFO: avg err:0.6414 | err:0.8319 | cougar_02 horse_06
2026-06-24 16:47:08,724 INFO: avg err:0.6450 | err:0.7765 | cougar_02 horse_07
2026-06-24 16:47:08,929 INFO: avg err:0.6501 | err:0.8375 | cougar_02 horse_08
2026-06-24 16:47:09,194 INFO: avg err:0.6411 | err:0.2983 | cougar_02 horse_09
2026-06-24 16:47:09,391 INFO: avg err:0.6339 | err:0.3555 | cougar_02 horse_10
2026-06-24 16:47:09,704 INFO: avg err:0.6391 | err:0.8472 | cougar_03 cougar_01
2026-06-24 16:47:09,931 INFO: avg err:0.6433 | err:0.8138 | cougar_03 cougar_02
2026-06-24 16:47:10,240 INFO: avg err:0.6283 | err:0.0000 | cougar_03 cougar_03
2026-06-24 16:47:10,435 INFO: avg err:0.6215 | err:0.3256 | cougar_03 cougar_04
2026-06-24 16:47:10,696 INFO: avg err:0.6163 | err:0.3871 | cougar_03 hippo_01
2026-06-24 16:47:10,893 INFO: avg err:0.6114 | err:0.3950 | cougar_03 hippo_02
2026-06-24 16:47:11,202 INFO: avg err:0.6157 | err:0.8124 | cougar_03 hippo_03
2026-06-24 16:47:11,397 INFO: avg err:0.6092 | err:0.3021 | cougar_03 hippo_04
2026-06-24 16:47:11,695 INFO: avg err:0.6029 | err:0.3021 | cougar_03 hippo_05
2026-06-24 16:47:11,894 INFO: avg err:0.5997 | err:0.4446 | cougar_03 hippo_06
2026-06-24 16:47:12,253 INFO: avg err:0.5964 | err:0.4299 | cougar_03 horse_01
2026-06-24 16:47:12,447 INFO: avg err:0.6014 | err:0.8562 | cougar_03 horse_02
2026-06-24 16:47:12,729 INFO: avg err:0.5960 | err:0.3161 | cougar_03 horse_03
2026-06-24 16:47:12,941 INFO: avg err:0.5903 | err:0.2888 | cougar_03 horse_04
2026-06-24 16:47:13,211 INFO: avg err:0.5867 | err:0.3884 | cougar_03 horse_05
2026-06-24 16:47:13,422 INFO: avg err:0.5820 | err:0.3232 | cougar_03 horse_06
2026-06-24 16:47:13,730 INFO: avg err:0.5746 | err:0.1628 | cougar_03 horse_07
2026-06-24 16:47:13,930 INFO: avg err:0.5707 | err:0.3451 | cougar_03 horse_08
2026-06-24 16:47:14,217 INFO: avg err:0.5731 | err:0.7142 | cougar_03 horse_09
2026-06-24 16:47:14,422 INFO: avg err:0.5782 | err:0.8788 | cougar_03 horse_10
2026-06-24 16:47:14,705 INFO: avg err:0.5808 | err:0.7403 | cougar_04 cougar_01
2026-06-24 16:47:14,927 INFO: avg err:0.5858 | err:0.8859 | cougar_04 cougar_02
2026-06-24 16:47:15,189 INFO: avg err:0.5810 | err:0.2871 | cougar_04 cougar_03
2026-06-24 16:47:15,386 INFO: avg err:0.5719 | err:0.0000 | cougar_04 cougar_04
2026-06-24 16:47:15,697 INFO: avg err:0.5653 | err:0.1394 | cougar_04 hippo_01
2026-06-24 16:47:15,904 INFO: avg err:0.5602 | err:0.2293 | cougar_04 hippo_02
2026-06-24 16:47:16,237 INFO: avg err:0.5632 | err:0.7643 | cougar_04 hippo_03
2026-06-24 16:47:16,441 INFO: avg err:0.5588 | err:0.2630 | cougar_04 hippo_04
2026-06-24 16:47:16,724 INFO: avg err:0.5549 | err:0.2900 | cougar_04 hippo_05
2026-06-24 16:47:16,921 INFO: avg err:0.5499 | err:0.2024 | cougar_04 hippo_06
2026-06-24 16:47:17,271 INFO: avg err:0.5455 | err:0.2407 | cougar_04 horse_01
2026-06-24 16:47:17,503 INFO: avg err:0.5477 | err:0.6999 | cougar_04 horse_02
2026-06-24 16:47:17,721 INFO: avg err:0.5438 | err:0.2628 | cougar_04 horse_03
2026-06-24 16:47:17,920 INFO: avg err:0.5395 | err:0.2301 | cougar_04 horse_04
2026-06-24 16:47:18,255 INFO: avg err:0.5380 | err:0.4242 | cougar_04 horse_05
2026-06-24 16:47:18,465 INFO: avg err:0.5345 | err:0.2713 | cougar_04 horse_06
2026-06-24 16:47:18,720 INFO: avg err:0.5297 | err:0.1655 | cougar_04 horse_07
2026-06-24 16:47:18,926 INFO: avg err:0.5269 | err:0.3121 | cougar_04 horse_08
2026-06-24 16:47:19,218 INFO: avg err:0.5291 | err:0.6964 | cougar_04 horse_09
2026-06-24 16:47:19,416 INFO: avg err:0.5321 | err:0.7707 | cougar_04 horse_10
2026-06-24 16:47:19,762 INFO: avg err:0.5342 | err:0.7011 | hippo_01 cougar_01
2026-06-24 16:47:20,022 INFO: avg err:0.5360 | err:0.6883 | hippo_01 cougar_02
2026-06-24 16:47:20,247 INFO: avg err:0.5330 | err:0.2846 | hippo_01 cougar_03
2026-06-24 16:47:20,444 INFO: avg err:0.5288 | err:0.1788 | hippo_01 cougar_04
2026-06-24 16:47:20,772 INFO: avg err:0.5226 | err:0.0000 | hippo_01 hippo_01
2026-06-24 16:47:20,974 INFO: avg err:0.5190 | err:0.2170 | hippo_01 hippo_02
2026-06-24 16:47:21,291 INFO: avg err:0.5200 | err:0.6044 | hippo_01 hippo_03
2026-06-24 16:47:21,498 INFO: avg err:0.5151 | err:0.0852 | hippo_01 hippo_04
2026-06-24 16:47:21,825 INFO: avg err:0.5117 | err:0.2155 | hippo_01 hippo_05
2026-06-24 16:47:22,029 INFO: avg err:0.5077 | err:0.1494 | hippo_01 hippo_06
2026-06-24 16:47:22,316 INFO: avg err:0.5042 | err:0.1935 | hippo_01 horse_01
2026-06-24 16:47:22,517 INFO: avg err:0.5062 | err:0.6867 | hippo_01 horse_02
2026-06-24 16:47:22,830 INFO: avg err:0.5019 | err:0.1049 | hippo_01 horse_03
2026-06-24 16:47:23,038 INFO: avg err:0.4987 | err:0.2058 | hippo_01 horse_04
2026-06-24 16:47:23,358 INFO: avg err:0.4962 | err:0.2586 | hippo_01 horse_05
2026-06-24 16:47:23,575 INFO: avg err:0.4924 | err:0.1287 | hippo_01 horse_06
2026-06-24 16:47:23,866 INFO: avg err:0.4890 | err:0.1611 | hippo_01 horse_07
2026-06-24 16:47:24,064 INFO: avg err:0.4863 | err:0.2252 | hippo_01 horse_08
2026-06-24 16:47:24,356 INFO: avg err:0.4877 | err:0.6270 | hippo_01 horse_09
2026-06-24 16:47:24,558 INFO: avg err:0.4892 | err:0.6364 | hippo_01 horse_10
2026-06-24 16:47:24,969 INFO: avg err:0.4909 | err:0.6593 | hippo_02 cougar_01
2026-06-24 16:47:25,177 INFO: avg err:0.4927 | err:0.6739 | hippo_02 cougar_02
2026-06-24 16:47:25,519 INFO: avg err:0.4908 | err:0.3035 | hippo_02 cougar_03
2026-06-24 16:47:25,715 INFO: avg err:0.4876 | err:0.1575 | hippo_02 cougar_04
2026-06-24 16:47:26,046 INFO: avg err:0.4843 | err:0.1351 | hippo_02 hippo_01
2026-06-24 16:47:26,242 INFO: avg err:0.4797 | err:0.0000 | hippo_02 hippo_02
2026-06-24 16:47:26,593 INFO: avg err:0.4805 | err:0.5697 | hippo_02 hippo_03
2026-06-24 16:47:26,827 INFO: avg err:0.4779 | err:0.1955 | hippo_02 hippo_04
2026-06-24 16:47:27,074 INFO: avg err:0.4754 | err:0.2079 | hippo_02 hippo_05
2026-06-24 16:47:27,336 INFO: avg err:0.4724 | err:0.1480 | hippo_02 hippo_06
2026-06-24 16:47:27,570 INFO: avg err:0.4706 | err:0.2640 | hippo_02 horse_01
2026-06-24 16:47:27,775 INFO: avg err:0.4720 | err:0.6348 | hippo_02 horse_02
2026-06-24 16:47:28,028 INFO: avg err:0.4698 | err:0.2176 | hippo_02 horse_03
2026-06-24 16:47:28,229 INFO: avg err:0.4671 | err:0.1683 | hippo_02 horse_04
2026-06-24 16:47:28,549 INFO: avg err:0.4647 | err:0.1895 | hippo_02 horse_05
2026-06-24 16:47:28,773 INFO: avg err:0.4629 | err:0.2484 | hippo_02 horse_06
2026-06-24 16:47:29,054 INFO: avg err:0.4609 | err:0.2353 | hippo_02 horse_07
2026-06-24 16:47:29,262 INFO: avg err:0.4589 | err:0.2187 | hippo_02 horse_08
2026-06-24 16:47:29,520 INFO: avg err:0.4598 | err:0.5687 | hippo_02 horse_09
2026-06-24 16:47:29,782 INFO: avg err:0.4611 | err:0.6153 | hippo_02 horse_10
2026-06-24 16:47:30,024 INFO: avg err:0.4595 | err:0.2700 | hippo_03 cougar_01
2026-06-24 16:47:30,232 INFO: avg err:0.4576 | err:0.2242 | hippo_03 cougar_02
2026-06-24 16:47:30,553 INFO: avg err:0.4594 | err:0.6776 | hippo_03 cougar_03
2026-06-24 16:47:30,760 INFO: avg err:0.4598 | err:0.5147 | hippo_03 cougar_04
2026-06-24 16:47:31,154 INFO: avg err:0.4611 | err:0.6186 | hippo_03 hippo_01
2026-06-24 16:47:31,406 INFO: avg err:0.4621 | err:0.5915 | hippo_03 hippo_02
2026-06-24 16:47:31,647 INFO: avg err:0.4585 | err:0.0000 | hippo_03 hippo_03
2026-06-24 16:47:31,841 INFO: avg err:0.4599 | err:0.6385 | hippo_03 hippo_04
2026-06-24 16:47:32,181 INFO: avg err:0.4613 | err:0.6444 | hippo_03 hippo_05
2026-06-24 16:47:32,379 INFO: avg err:0.4617 | err:0.5130 | hippo_03 hippo_06
2026-06-24 16:47:32,638 INFO: avg err:0.4633 | err:0.6686 | hippo_03 horse_01
2026-06-24 16:47:32,835 INFO: avg err:0.4618 | err:0.2617 | hippo_03 horse_02
2026-06-24 16:47:33,141 INFO: avg err:0.4630 | err:0.6282 | hippo_03 horse_03
2026-06-24 16:47:33,339 INFO: avg err:0.4643 | err:0.6348 | hippo_03 horse_04
2026-06-24 16:47:33,701 INFO: avg err:0.4648 | err:0.5304 | hippo_03 horse_05
2026-06-24 16:47:33,908 INFO: avg err:0.4659 | err:0.6137 | hippo_03 horse_06
2026-06-24 16:47:34,191 INFO: avg err:0.4669 | err:0.6081 | hippo_03 horse_07
2026-06-24 16:47:34,400 INFO: avg err:0.4682 | err:0.6453 | hippo_03 horse_08
2026-06-24 16:47:34,676 INFO: avg err:0.4665 | err:0.2321 | hippo_03 horse_09
2026-06-24 16:47:34,892 INFO: avg err:0.4654 | err:0.3089 | hippo_03 horse_10
2026-06-24 16:47:35,235 INFO: avg err:0.4669 | err:0.6729 | hippo_04 cougar_01
2026-06-24 16:47:35,443 INFO: avg err:0.4683 | err:0.6783 | hippo_04 cougar_02
2026-06-24 16:47:35,672 INFO: avg err:0.4665 | err:0.2111 | hippo_04 cougar_03
2026-06-24 16:47:35,877 INFO: avg err:0.4649 | err:0.2280 | hippo_04 cougar_04
2026-06-24 16:47:36,221 INFO: avg err:0.4624 | err:0.0995 | hippo_04 hippo_01
2026-06-24 16:47:36,437 INFO: avg err:0.4604 | err:0.1787 | hippo_04 hippo_02
2026-06-24 16:47:36,726 INFO: avg err:0.4616 | err:0.6369 | hippo_04 hippo_03
2026-06-24 16:47:36,953 INFO: avg err:0.4585 | err:0.0000 | hippo_04 hippo_04
2026-06-24 16:47:37,243 INFO: avg err:0.4565 | err:0.1609 | hippo_04 hippo_05
2026-06-24 16:47:37,457 INFO: avg err:0.4550 | err:0.2299 | hippo_04 hippo_06
2026-06-24 16:47:37,700 INFO: avg err:0.4535 | err:0.2338 | hippo_04 horse_01
2026-06-24 16:47:37,910 INFO: avg err:0.4551 | err:0.6841 | hippo_04 horse_02
2026-06-24 16:47:38,260 INFO: avg err:0.4529 | err:0.1206 | hippo_04 horse_03
2026-06-24 16:47:38,468 INFO: avg err:0.4509 | err:0.1481 | hippo_04 horse_04
2026-06-24 16:47:38,706 INFO: avg err:0.4495 | err:0.2405 | hippo_04 horse_05
2026-06-24 16:47:38,913 INFO: avg err:0.4474 | err:0.1231 | hippo_04 horse_06
2026-06-24 16:47:39,224 INFO: avg err:0.4455 | err:0.1479 | hippo_04 horse_07
2026-06-24 16:47:39,471 INFO: avg err:0.4442 | err:0.2292 | hippo_04 horse_08
2026-06-24 16:47:39,753 INFO: avg err:0.4451 | err:0.5940 | hippo_04 horse_09
2026-06-24 16:47:39,963 INFO: avg err:0.4463 | err:0.6287 | hippo_04 horse_10
2026-06-24 16:47:40,271 INFO: avg err:0.4476 | err:0.6624 | hippo_05 cougar_01
2026-06-24 16:47:40,524 INFO: avg err:0.4490 | err:0.6704 | hippo_05 cougar_02
2026-06-24 16:47:40,754 INFO: avg err:0.4472 | err:0.1649 | hippo_05 cougar_03
2026-06-24 16:47:40,961 INFO: avg err:0.4460 | err:0.2476 | hippo_05 cougar_04
2026-06-24 16:47:41,227 INFO: avg err:0.4443 | err:0.1658 | hippo_05 hippo_01
2026-06-24 16:47:41,442 INFO: avg err:0.4428 | err:0.1910 | hippo_05 hippo_02
2026-06-24 16:47:41,792 INFO: avg err:0.4441 | err:0.6561 | hippo_05 hippo_03
2026-06-24 16:47:42,029 INFO: avg err:0.4423 | err:0.1495 | hippo_05 hippo_04
2026-06-24 16:47:42,304 INFO: avg err:0.4397 | err:0.0000 | hippo_05 hippo_05
2026-06-24 16:47:42,516 INFO: avg err:0.4387 | err:0.2681 | hippo_05 hippo_06
2026-06-24 16:47:42,797 INFO: avg err:0.4369 | err:0.1342 | hippo_05 horse_01
2026-06-24 16:47:43,019 INFO: avg err:0.4376 | err:0.5494 | hippo_05 horse_02
2026-06-24 16:47:43,268 INFO: avg err:0.4359 | err:0.1562 | hippo_05 horse_03
2026-06-24 16:47:43,478 INFO: avg err:0.4345 | err:0.1860 | hippo_05 horse_04
2026-06-24 16:47:43,749 INFO: avg err:0.4337 | err:0.2987 | hippo_05 horse_05
2026-06-24 16:47:43,997 INFO: avg err:0.4321 | err:0.1536 | hippo_05 horse_06
2026-06-24 16:47:44,238 INFO: avg err:0.4309 | err:0.2233 | hippo_05 horse_07
2026-06-24 16:47:44,602 INFO: avg err:0.4301 | err:0.2763 | hippo_05 horse_08
2026-06-24 16:47:44,811 INFO: avg err:0.4305 | err:0.4983 | hippo_05 horse_09
2026-06-24 16:47:45,103 INFO: avg err:0.4308 | err:0.4839 | hippo_05 horse_10
2026-06-24 16:47:45,323 INFO: avg err:0.4321 | err:0.6794 | hippo_06 cougar_01
2026-06-24 16:47:45,646 INFO: avg err:0.4336 | err:0.7056 | hippo_06 cougar_02
2026-06-24 16:47:45,877 INFO: avg err:0.4330 | err:0.3198 | hippo_06 cougar_03
2026-06-24 16:47:46,139 INFO: avg err:0.4319 | err:0.2236 | hippo_06 cougar_04
2026-06-24 16:47:46,354 INFO: avg err:0.4301 | err:0.1081 | hippo_06 hippo_01
2026-06-24 16:47:46,661 INFO: avg err:0.4285 | err:0.1379 | hippo_06 hippo_02
2026-06-24 16:47:46,877 INFO: avg err:0.4286 | err:0.4413 | hippo_06 hippo_03
2026-06-24 16:47:47,124 INFO: avg err:0.4276 | err:0.2441 | hippo_06 hippo_04
2026-06-24 16:47:47,380 INFO: avg err:0.4270 | err:0.3014 | hippo_06 hippo_05
2026-06-24 16:47:47,686 INFO: avg err:0.4247 | err:0.0000 | hippo_06 hippo_06
2026-06-24 16:47:47,896 INFO: avg err:0.4235 | err:0.1861 | hippo_06 horse_01
2026-06-24 16:47:48,125 INFO: avg err:0.4250 | err:0.7123 | hippo_06 horse_02
2026-06-24 16:47:48,425 INFO: avg err:0.4241 | err:0.2615 | hippo_06 horse_03
2026-06-24 16:47:48,639 INFO: avg err:0.4233 | err:0.2563 | hippo_06 horse_04
2026-06-24 16:47:48,869 INFO: avg err:0.4219 | err:0.1484 | hippo_06 horse_05
2026-06-24 16:47:49,140 INFO: avg err:0.4214 | err:0.3347 | hippo_06 horse_06
2026-06-24 16:47:49,475 INFO: avg err:0.4207 | err:0.2767 | hippo_06 horse_07
2026-06-24 16:47:49,681 INFO: avg err:0.4198 | err:0.2527 | hippo_06 horse_08
2026-06-24 16:47:49,935 INFO: avg err:0.4208 | err:0.6209 | hippo_06 horse_09
2026-06-24 16:47:50,143 INFO: avg err:0.4221 | err:0.6674 | hippo_06 horse_10
2026-06-24 16:47:50,452 INFO: avg err:0.4242 | err:0.8559 | horse_01 cougar_01
2026-06-24 16:47:50,661 INFO: avg err:0.4265 | err:0.8804 | horse_01 cougar_02
2026-06-24 16:47:51,006 INFO: avg err:0.4264 | err:0.4038 | horse_01 cougar_03
2026-06-24 16:47:51,270 INFO: avg err:0.4259 | err:0.3318 | horse_01 cougar_04
2026-06-24 16:47:51,498 INFO: avg err:0.4250 | err:0.2388 | horse_01 hippo_01
2026-06-24 16:47:51,711 INFO: avg err:0.4237 | err:0.1635 | horse_01 hippo_02
2026-06-24 16:47:52,016 INFO: avg err:0.4255 | err:0.7992 | horse_01 hippo_03
2026-06-24 16:47:52,222 INFO: avg err:0.4250 | err:0.3201 | horse_01 hippo_04
2026-06-24 16:47:52,515 INFO: avg err:0.4238 | err:0.1746 | horse_01 hippo_05
2026-06-24 16:47:52,743 INFO: avg err:0.4233 | err:0.3108 | horse_01 hippo_06
2026-06-24 16:47:53,058 INFO: avg err:0.4213 | err:0.0000 | horse_01 horse_01
2026-06-24 16:47:53,278 INFO: avg err:0.4223 | err:0.6302 | horse_01 horse_02
2026-06-24 16:47:53,539 INFO: avg err:0.4220 | err:0.3549 | horse_01 horse_03
2026-06-24 16:47:53,745 INFO: avg err:0.4208 | err:0.1671 | horse_01 horse_04
2026-06-24 16:47:54,094 INFO: avg err:0.4201 | err:0.2657 | horse_01 horse_05
2026-06-24 16:47:54,299 INFO: avg err:0.4198 | err:0.3614 | horse_01 horse_06
2026-06-24 16:47:54,684 INFO: avg err:0.4194 | err:0.3342 | horse_01 horse_07
2026-06-24 16:47:54,891 INFO: avg err:0.4191 | err:0.3530 | horse_01 horse_08
2026-06-24 16:47:55,218 INFO: avg err:0.4198 | err:0.5782 | horse_01 horse_09
2026-06-24 16:47:55,414 INFO: avg err:0.4211 | err:0.7046 | horse_01 horse_10
2026-06-24 16:47:55,682 INFO: avg err:0.4201 | err:0.1914 | horse_02 cougar_01
2026-06-24 16:47:55,896 INFO: avg err:0.4195 | err:0.2961 | horse_02 cougar_02
2026-06-24 16:47:56,291 INFO: avg err:0.4214 | err:0.8323 | horse_02 cougar_03
2026-06-24 16:47:56,493 INFO: avg err:0.4232 | err:0.8248 | horse_02 cougar_04
2026-06-24 16:47:56,878 INFO: avg err:0.4246 | err:0.7549 | horse_02 hippo_01
2026-06-24 16:47:57,086 INFO: avg err:0.4257 | err:0.6689 | horse_02 hippo_02
2026-06-24 16:47:57,510 INFO: avg err:0.4255 | err:0.3737 | horse_02 hippo_03
2026-06-24 16:47:57,709 INFO: avg err:0.4269 | err:0.7568 | horse_02 hippo_04
2026-06-24 16:47:58,062 INFO: avg err:0.4278 | err:0.6316 | horse_02 hippo_05
2026-06-24 16:47:58,256 INFO: avg err:0.4290 | err:0.6961 | horse_02 hippo_06
2026-06-24 16:47:58,564 INFO: avg err:0.4299 | err:0.6454 | horse_02 horse_01
2026-06-24 16:47:58,759 INFO: avg err:0.4281 | err:0.0000 | horse_02 horse_02
2026-06-24 16:47:59,029 INFO: avg err:0.4298 | err:0.8247 | horse_02 horse_03
2026-06-24 16:47:59,231 INFO: avg err:0.4313 | err:0.7868 | horse_02 horse_04
2026-06-24 16:47:59,565 INFO: avg err:0.4322 | err:0.6519 | horse_02 horse_05
2026-06-24 16:47:59,775 INFO: avg err:0.4336 | err:0.7543 | horse_02 horse_06
2026-06-24 16:48:00,062 INFO: avg err:0.4347 | err:0.6891 | horse_02 horse_07
2026-06-24 16:48:00,262 INFO: avg err:0.4349 | err:0.4916 | horse_02 horse_08
2026-06-24 16:48:00,608 INFO: avg err:0.4344 | err:0.3052 | horse_02 horse_09
2026-06-24 16:48:00,805 INFO: avg err:0.4339 | err:0.3146 | horse_02 horse_10
2026-06-24 16:48:01,121 INFO: avg err:0.4355 | err:0.8190 | horse_03 cougar_01
2026-06-24 16:48:01,320 INFO: avg err:0.4371 | err:0.8198 | horse_03 cougar_02
2026-06-24 16:48:01,654 INFO: avg err:0.4362 | err:0.2160 | horse_03 cougar_03
2026-06-24 16:48:01,850 INFO: avg err:0.4356 | err:0.3059 | horse_03 cougar_04
2026-06-24 16:48:02,158 INFO: avg err:0.4349 | err:0.2531 | horse_03 hippo_01
2026-06-24 16:48:02,364 INFO: avg err:0.4345 | err:0.3317 | horse_03 hippo_02
2026-06-24 16:48:02,653 INFO: avg err:0.4359 | err:0.7883 | horse_03 hippo_03
2026-06-24 16:48:02,851 INFO: avg err:0.4350 | err:0.2142 | horse_03 hippo_04
2026-06-24 16:48:03,154 INFO: avg err:0.4340 | err:0.1919 | horse_03 hippo_05
2026-06-24 16:48:03,354 INFO: avg err:0.4338 | err:0.3874 | horse_03 hippo_06
2026-06-24 16:48:03,647 INFO: avg err:0.4333 | err:0.2939 | horse_03 horse_01
2026-06-24 16:48:03,845 INFO: avg err:0.4344 | err:0.7245 | horse_03 horse_02
2026-06-24 16:48:04,144 INFO: avg err:0.4327 | err:0.0000 | horse_03 horse_03
2026-06-24 16:48:04,341 INFO: avg err:0.4315 | err:0.1260 | horse_03 horse_04
2026-06-24 16:48:04,678 INFO: avg err:0.4314 | err:0.3959 | horse_03 horse_05
2026-06-24 16:48:04,877 INFO: avg err:0.4299 | err:0.0458 | horse_03 horse_06
2026-06-24 16:48:05,185 INFO: avg err:0.4290 | err:0.2002 | horse_03 horse_07
2026-06-24 16:48:05,387 INFO: avg err:0.4290 | err:0.4323 | horse_03 horse_08
2026-06-24 16:48:05,673 INFO: avg err:0.4298 | err:0.6273 | horse_03 horse_09
2026-06-24 16:48:05,931 INFO: avg err:0.4304 | err:0.5973 | horse_03 horse_10
2026-06-24 16:48:06,153 INFO: avg err:0.4320 | err:0.8434 | horse_04 cougar_01
2026-06-24 16:48:06,390 INFO: avg err:0.4335 | err:0.8284 | horse_04 cougar_02
2026-06-24 16:48:06,660 INFO: avg err:0.4329 | err:0.2870 | horse_04 cougar_03
2026-06-24 16:48:06,858 INFO: avg err:0.4327 | err:0.3608 | horse_04 cougar_04
2026-06-24 16:48:07,191 INFO: avg err:0.4321 | err:0.2735 | horse_04 hippo_01
2026-06-24 16:48:07,389 INFO: avg err:0.4314 | err:0.2506 | horse_04 hippo_02
2026-06-24 16:48:07,687 INFO: avg err:0.4327 | err:0.7892 | horse_04 hippo_03
2026-06-24 16:48:07,885 INFO: avg err:0.4321 | err:0.2656 | horse_04 hippo_04
2026-06-24 16:48:08,298 INFO: avg err:0.4316 | err:0.3123 | horse_04 hippo_05
2026-06-24 16:48:08,513 INFO: avg err:0.4313 | err:0.3312 | horse_04 hippo_06
2026-06-24 16:48:08,772 INFO: avg err:0.4304 | err:0.1864 | horse_04 horse_01
2026-06-24 16:48:08,970 INFO: avg err:0.4317 | err:0.7874 | horse_04 horse_02
2026-06-24 16:48:09,273 INFO: avg err:0.4308 | err:0.1833 | horse_04 horse_03
2026-06-24 16:48:09,471 INFO: avg err:0.4292 | err:0.0000 | horse_04 horse_04
2026-06-24 16:48:09,748 INFO: avg err:0.4288 | err:0.3136 | horse_04 horse_05
2026-06-24 16:48:09,946 INFO: avg err:0.4278 | err:0.1513 | horse_04 horse_06
2026-06-24 16:48:10,322 INFO: avg err:0.4272 | err:0.2673 | horse_04 horse_07
2026-06-24 16:48:10,521 INFO: avg err:0.4271 | err:0.4099 | horse_04 horse_08
2026-06-24 16:48:10,849 INFO: avg err:0.4280 | err:0.6597 | horse_04 horse_09
2026-06-24 16:48:11,074 INFO: avg err:0.4292 | err:0.7727 | horse_04 horse_10
2026-06-24 16:48:11,336 INFO: avg err:0.4311 | err:0.9501 | horse_05 cougar_01
2026-06-24 16:48:11,580 INFO: avg err:0.4329 | err:0.9560 | horse_05 cougar_02
2026-06-24 16:48:11,864 INFO: avg err:0.4331 | err:0.4753 | horse_05 cougar_03
2026-06-24 16:48:12,063 INFO: avg err:0.4330 | err:0.4107 | horse_05 cougar_04
2026-06-24 16:48:12,419 INFO: avg err:0.4325 | err:0.2970 | horse_05 hippo_01
2026-06-24 16:48:12,619 INFO: avg err:0.4315 | err:0.1417 | horse_05 hippo_02
2026-06-24 16:48:12,860 INFO: avg err:0.4326 | err:0.7576 | horse_05 hippo_03
2026-06-24 16:48:13,070 INFO: avg err:0.4324 | err:0.3693 | horse_05 hippo_04
2026-06-24 16:48:13,357 INFO: avg err:0.4325 | err:0.4587 | horse_05 hippo_05
2026-06-24 16:48:13,555 INFO: avg err:0.4319 | err:0.2498 | horse_05 hippo_06
2026-06-24 16:48:13,851 INFO: avg err:0.4311 | err:0.2141 | horse_05 horse_01
2026-06-24 16:48:14,050 INFO: avg err:0.4328 | err:0.9101 | horse_05 horse_02
2026-06-24 16:48:14,352 INFO: avg err:0.4328 | err:0.4447 | horse_05 horse_03
2026-06-24 16:48:14,558 INFO: avg err:0.4323 | err:0.2905 | horse_05 horse_04
2026-06-24 16:48:14,920 INFO: avg err:0.4309 | err:0.0000 | horse_05 horse_05
2026-06-24 16:48:15,137 INFO: avg err:0.4311 | err:0.5165 | horse_05 horse_06
2026-06-24 16:48:15,380 INFO: avg err:0.4313 | err:0.4653 | horse_05 horse_07
2026-06-24 16:48:15,594 INFO: avg err:0.4314 | err:0.4692 | horse_05 horse_08
2026-06-24 16:48:15,903 INFO: avg err:0.4325 | err:0.7598 | horse_05 horse_09
2026-06-24 16:48:16,105 INFO: avg err:0.4339 | err:0.8479 | horse_05 horse_10
2026-06-24 16:48:16,426 INFO: avg err:0.4351 | err:0.8043 | horse_06 cougar_01
2026-06-24 16:48:16,630 INFO: avg err:0.4364 | err:0.8420 | horse_06 cougar_02
2026-06-24 16:48:16,974 INFO: avg err:0.4357 | err:0.2000 | horse_06 cougar_03
2026-06-24 16:48:17,187 INFO: avg err:0.4350 | err:0.2416 | horse_06 cougar_04
2026-06-24 16:48:17,468 INFO: avg err:0.4348 | err:0.3588 | horse_06 hippo_01
2026-06-24 16:48:17,694 INFO: avg err:0.4343 | err:0.2959 | horse_06 hippo_02
2026-06-24 16:48:18,012 INFO: avg err:0.4356 | err:0.8398 | horse_06 hippo_03
2026-06-24 16:48:18,217 INFO: avg err:0.4351 | err:0.2715 | horse_06 hippo_04
2026-06-24 16:48:18,519 INFO: avg err:0.4343 | err:0.1948 | horse_06 hippo_05
2026-06-24 16:48:18,725 INFO: avg err:0.4343 | err:0.4288 | horse_06 hippo_06
2026-06-24 16:48:19,025 INFO: avg err:0.4339 | err:0.2962 | horse_06 horse_01
2026-06-24 16:48:19,233 INFO: avg err:0.4348 | err:0.7287 | horse_06 horse_02
2026-06-24 16:48:19,519 INFO: avg err:0.4336 | err:0.0430 | horse_06 horse_03
2026-06-24 16:48:19,718 INFO: avg err:0.4326 | err:0.1423 | horse_06 horse_04
2026-06-24 16:48:20,068 INFO: avg err:0.4325 | err:0.3788 | horse_06 horse_05
2026-06-24 16:48:20,278 INFO: avg err:0.4311 | err:0.0000 | horse_06 horse_06
2026-06-24 16:48:20,595 INFO: avg err:0.4301 | err:0.1169 | horse_06 horse_07
2026-06-24 16:48:20,793 INFO: avg err:0.4299 | err:0.3659 | horse_06 horse_08
2026-06-24 16:48:21,069 INFO: avg err:0.4303 | err:0.5562 | horse_06 horse_09
2026-06-24 16:48:21,271 INFO: avg err:0.4310 | err:0.6519 | horse_06 horse_10
2026-06-24 16:48:21,564 INFO: avg err:0.4323 | err:0.8346 | horse_07 cougar_01
2026-06-24 16:48:21,762 INFO: avg err:0.4335 | err:0.8245 | horse_07 cougar_02
2026-06-24 16:48:22,138 INFO: avg err:0.4328 | err:0.2307 | horse_07 cougar_03
2026-06-24 16:48:22,339 INFO: avg err:0.4322 | err:0.2213 | horse_07 cougar_04
2026-06-24 16:48:22,652 INFO: avg err:0.4320 | err:0.3547 | horse_07 hippo_01
2026-06-24 16:48:22,851 INFO: avg err:0.4314 | err:0.2678 | horse_07 hippo_02
2026-06-24 16:48:23,196 INFO: avg err:0.4323 | err:0.7065 | horse_07 hippo_03
2026-06-24 16:48:23,402 INFO: avg err:0.4317 | err:0.2417 | horse_07 hippo_04
2026-06-24 16:48:23,767 INFO: avg err:0.4311 | err:0.2201 | horse_07 hippo_05
2026-06-24 16:48:23,964 INFO: avg err:0.4308 | err:0.3436 | horse_07 hippo_06
2026-06-24 16:48:24,300 INFO: avg err:0.4304 | err:0.3081 | horse_07 horse_01
2026-06-24 16:48:24,533 INFO: avg err:0.4312 | err:0.6952 | horse_07 horse_02
2026-06-24 16:48:24,767 INFO: avg err:0.4303 | err:0.1395 | horse_07 horse_03
2026-06-24 16:48:24,974 INFO: avg err:0.4296 | err:0.1730 | horse_07 horse_04
2026-06-24 16:48:25,305 INFO: avg err:0.4294 | err:0.3744 | horse_07 horse_05
2026-06-24 16:48:25,507 INFO: avg err:0.4285 | err:0.1243 | horse_07 horse_06
2026-06-24 16:48:25,745 INFO: avg err:0.4272 | err:0.0000 | horse_07 horse_07
2026-06-24 16:48:25,943 INFO: avg err:0.4266 | err:0.2074 | horse_07 horse_08
2026-06-24 16:48:26,279 INFO: avg err:0.4270 | err:0.5567 | horse_07 horse_09
2026-06-24 16:48:26,496 INFO: avg err:0.4277 | err:0.6770 | horse_07 horse_10
2026-06-24 16:48:26,775 INFO: avg err:0.4289 | err:0.8377 | horse_08 cougar_01
2026-06-24 16:48:26,978 INFO: avg err:0.4297 | err:0.7120 | horse_08 cougar_02
2026-06-24 16:48:27,278 INFO: avg err:0.4294 | err:0.3094 | horse_08 cougar_03
2026-06-24 16:48:27,478 INFO: avg err:0.4291 | err:0.3474 | horse_08 cougar_04
2026-06-24 16:48:27,794 INFO: avg err:0.4290 | err:0.3754 | horse_08 hippo_01
2026-06-24 16:48:27,998 INFO: avg err:0.4288 | err:0.3467 | horse_08 hippo_02
2026-06-24 16:48:28,279 INFO: avg err:0.4296 | err:0.7132 | horse_08 hippo_03
2026-06-24 16:48:28,477 INFO: avg err:0.4296 | err:0.4291 | horse_08 hippo_04
2026-06-24 16:48:28,790 INFO: avg err:0.4291 | err:0.2768 | horse_08 hippo_05
2026-06-24 16:48:28,997 INFO: avg err:0.4292 | err:0.4434 | horse_08 hippo_06
2026-06-24 16:48:29,294 INFO: avg err:0.4287 | err:0.2567 | horse_08 horse_01
2026-06-24 16:48:29,494 INFO: avg err:0.4296 | err:0.7401 | horse_08 horse_02
2026-06-24 16:48:29,833 INFO: avg err:0.4293 | err:0.3238 | horse_08 horse_03
2026-06-24 16:48:30,033 INFO: avg err:0.4290 | err:0.3518 | horse_08 horse_04
2026-06-24 16:48:30,353 INFO: avg err:0.4292 | err:0.4802 | horse_08 horse_05
2026-06-24 16:48:30,562 INFO: avg err:0.4288 | err:0.2982 | horse_08 horse_06
2026-06-24 16:48:30,869 INFO: avg err:0.4281 | err:0.1606 | horse_08 horse_07
2026-06-24 16:48:31,072 INFO: avg err:0.4269 | err:0.0000 | horse_08 horse_08
2026-06-24 16:48:31,361 INFO: avg err:0.4269 | err:0.4341 | horse_08 horse_09
2026-06-24 16:48:31,559 INFO: avg err:0.4276 | err:0.6943 | horse_08 horse_10
2026-06-24 16:48:31,862 INFO: avg err:0.4273 | err:0.3128 | horse_09 cougar_01
2026-06-24 16:48:32,062 INFO: avg err:0.4271 | err:0.3557 | horse_09 cougar_02
2026-06-24 16:48:32,364 INFO: avg err:0.4280 | err:0.7485 | horse_09 cougar_03
2026-06-24 16:48:32,563 INFO: avg err:0.4288 | err:0.7269 | horse_09 cougar_04
2026-06-24 16:48:32,923 INFO: avg err:0.4296 | err:0.6944 | horse_09 hippo_01
2026-06-24 16:48:33,167 INFO: avg err:0.4304 | err:0.7215 | horse_09 hippo_02
2026-06-24 16:48:33,397 INFO: avg err:0.4304 | err:0.4513 | horse_09 hippo_03
2026-06-24 16:48:33,599 INFO: avg err:0.4313 | err:0.7686 | horse_09 hippo_04
2026-06-24 16:48:33,850 INFO: avg err:0.4316 | err:0.5191 | horse_09 hippo_05
2026-06-24 16:48:34,081 INFO: avg err:0.4324 | err:0.7334 | horse_09 hippo_06
2026-06-24 16:48:34,355 INFO: avg err:0.4330 | err:0.6434 | horse_09 horse_01
2026-06-24 16:48:34,559 INFO: avg err:0.4326 | err:0.3137 | horse_09 horse_02
2026-06-24 16:48:34,897 INFO: avg err:0.4332 | err:0.6351 | horse_09 horse_03
2026-06-24 16:48:35,119 INFO: avg err:0.4339 | err:0.7145 | horse_09 horse_04
2026-06-24 16:48:35,359 INFO: avg err:0.4348 | err:0.7567 | horse_09 horse_05
2026-06-24 16:48:35,556 INFO: avg err:0.4354 | err:0.6745 | horse_09 horse_06
2026-06-24 16:48:35,853 INFO: avg err:0.4362 | err:0.7149 | horse_09 horse_07
2026-06-24 16:48:36,062 INFO: avg err:0.4361 | err:0.4274 | horse_09 horse_08
2026-06-24 16:48:36,390 INFO: avg err:0.4350 | err:0.0000 | horse_09 horse_09
2026-06-24 16:48:36,604 INFO: avg err:0.4345 | err:0.2520 | horse_09 horse_10
2026-06-24 16:48:36,907 INFO: avg err:0.4341 | err:0.2844 | horse_10 cougar_01
2026-06-24 16:48:37,116 INFO: avg err:0.4338 | err:0.3041 | horse_10 cougar_02
2026-06-24 16:48:37,386 INFO: avg err:0.4347 | err:0.7788 | horse_10 cougar_03
2026-06-24 16:48:37,597 INFO: avg err:0.4358 | err:0.8469 | horse_10 cougar_04
2026-06-24 16:48:37,937 INFO: avg err:0.4367 | err:0.8170 | horse_10 hippo_01
2026-06-24 16:48:38,133 INFO: avg err:0.4375 | err:0.7113 | horse_10 hippo_02
2026-06-24 16:48:38,529 INFO: avg err:0.4380 | err:0.6326 | horse_10 hippo_03
2026-06-24 16:48:38,729 INFO: avg err:0.4387 | err:0.7413 | horse_10 hippo_04
2026-06-24 16:48:39,043 INFO: avg err:0.4392 | err:0.6308 | horse_10 hippo_05
2026-06-24 16:48:39,249 INFO: avg err:0.4402 | err:0.8343 | horse_10 hippo_06
2026-06-24 16:48:39,710 INFO: avg err:0.4407 | err:0.6140 | horse_10 horse_01
2026-06-24 16:48:39,912 INFO: avg err:0.4403 | err:0.3022 | horse_10 horse_02
2026-06-24 16:48:40,156 INFO: avg err:0.4407 | err:0.5816 | horse_10 horse_03
2026-06-24 16:48:40,353 INFO: avg err:0.4413 | err:0.6959 | horse_10 horse_04
2026-06-24 16:48:40,664 INFO: avg err:0.4423 | err:0.8094 | horse_10 horse_05
2026-06-24 16:48:40,863 INFO: avg err:0.4429 | err:0.6750 | horse_10 horse_06
2026-06-24 16:48:41,297 INFO: avg err:0.4438 | err:0.8085 | horse_10 horse_07
2026-06-24 16:48:41,495 INFO: avg err:0.4440 | err:0.5397 | horse_10 horse_08
2026-06-24 16:48:41,748 INFO: avg err:0.4434 | err:0.1992 | horse_10 horse_09
2026-06-24 16:48:41,942 INFO: avg err:0.4423 | err:0.0000 | horse_10 horse_10
2026-06-24 16:48:41,970 INFO: Avg time: 0.0772
2026-06-24 16:48:42,414 INFO: Val auc: 0.2576
2026-06-24 16:48:42,419 INFO: Val avg error: 0.4423
2026-06-24 16:48:42,454 INFO: [ONB diag] max|Q-I|: mean=7.6928e-02 max=8.3279e-02 | max|Φ̃ᵀMΦ̃-I|: mean=7.5623e-07 max=9.5367e-07
2026-06-24 16:48:47,347 INFO: [smal_..][epoch: 10, iter:   8,020, lr:(6.204e-04,6.204e-04,)][eta: 0:47:04, time (data): 0.245 (0.014)]l_bij: 2.3350e+02 l_orth: 2.2221e+02 l_align: 1.4431e+02 l_total: 6.0001e+02 
2026-06-24 16:48:52,230 INFO: [smal_..][epoch: 10, iter:   8,040, lr:(6.204e-04,6.204e-04,)][eta: 0:46:56, time (data): 0.245 (0.014)]l_bij: 2.3605e+02 l_orth: 2.2221e+02 l_align: 1.4333e+02 l_total: 6.0159e+02 
2026-06-24 16:48:57,126 INFO: [smal_..][epoch: 10, iter:   8,060, lr:(6.204e-04,6.204e-04,)][eta: 0:46:48, time (data): 0.245 (0.014)]l_bij: 2.3060e+02 l_orth: 2.1933e+02 l_align: 1.4254e+02 l_total: 5.9247e+02 
2026-06-24 16:49:02,051 INFO: [smal_..][epoch: 10, iter:   8,080, lr:(6.204e-04,6.204e-04,)][eta: 0:46:40, time (data): 0.245 (0.014)]l_bij: 2.2692e+02 l_orth: 2.1392e+02 l_align: 1.4739e+02 l_total: 5.8823e+02 
2026-06-24 16:49:06,911 INFO: [smal_..][epoch: 10, iter:   8,100, lr:(6.204e-04,6.204e-04,)][eta: 0:46:32, time (data): 0.244 (0.014)]l_bij: 2.3809e+02 l_orth: 2.2563e+02 l_align: 1.3346e+02 l_total: 5.9718e+02 
2026-06-24 16:49:11,768 INFO: [smal_..][epoch: 10, iter:   8,120, lr:(6.204e-04,6.204e-04,)][eta: 0:46:24, time (data): 0.244 (0.014)]l_bij: 2.4570e+02 l_orth: 2.3131e+02 l_align: 1.3096e+02 l_total: 6.0797e+02 
2026-06-24 16:49:16,731 INFO: [smal_..][epoch: 10, iter:   8,140, lr:(6.204e-04,6.204e-04,)][eta: 0:46:16, time (data): 0.245 (0.014)]l_bij: 2.2414e+02 l_orth: 2.1482e+02 l_align: 1.5473e+02 l_total: 5.9369e+02 
2026-06-24 16:49:21,667 INFO: [smal_..][epoch: 10, iter:   8,160, lr:(6.204e-04,6.204e-04,)][eta: 0:46:08, time (data): 0.245 (0.014)]l_bij: 2.3848e+02 l_orth: 2.2549e+02 l_align: 1.4072e+02 l_total: 6.0469e+02 
2026-06-24 16:49:26,580 INFO: [smal_..][epoch: 10, iter:   8,180, lr:(6.204e-04,6.204e-04,)][eta: 0:46:00, time (data): 0.245 (0.014)]l_bij: 2.4073e+02 l_orth: 2.2715e+02 l_align: 1.4804e+02 l_total: 6.1592e+02 
2026-06-24 16:49:31,496 INFO: [smal_..][epoch: 10, iter:   8,200, lr:(6.204e-04,6.204e-04,)][eta: 0:45:52, time (data): 0.245 (0.014)]l_bij: 2.3120e+02 l_orth: 2.2084e+02 l_align: 1.5258e+02 l_total: 6.0461e+02 
2026-06-24 16:49:36,379 INFO: [smal_..][epoch: 10, iter:   8,220, lr:(6.204e-04,6.204e-04,)][eta: 0:45:44, time (data): 0.245 (0.014)]l_bij: 2.2796e+02 l_orth: 2.1733e+02 l_align: 1.5200e+02 l_total: 5.9729e+02 
2026-06-24 16:49:41,282 INFO: [smal_..][epoch: 10, iter:   8,240, lr:(6.204e-04,6.204e-04,)][eta: 0:45:36, time (data): 0.245 (0.014)]l_bij: 2.3461e+02 l_orth: 2.2170e+02 l_align: 1.4296e+02 l_total: 5.9927e+02 
2026-06-24 16:49:46,216 INFO: [smal_..][epoch: 10, iter:   8,260, lr:(6.204e-04,6.204e-04,)][eta: 0:45:28, time (data): 0.247 (0.014)]l_bij: 2.4014e+02 l_orth: 2.2901e+02 l_align: 1.3989e+02 l_total: 6.0903e+02 
2026-06-24 16:49:51,092 INFO: [smal_..][epoch: 10, iter:   8,280, lr:(6.204e-04,6.204e-04,)][eta: 0:45:20, time (data): 0.245 (0.014)]l_bij: 2.3363e+02 l_orth: 2.1912e+02 l_align: 1.4457e+02 l_total: 5.9732e+02 
2026-06-24 16:49:56,014 INFO: [smal_..][epoch: 10, iter:   8,300, lr:(6.204e-04,6.204e-04,)][eta: 0:45:12, time (data): 0.245 (0.014)]l_bij: 2.2091e+02 l_orth: 2.1087e+02 l_align: 1.4924e+02 l_total: 5.8103e+02 
2026-06-24 16:50:00,917 INFO: [smal_..][epoch: 10, iter:   8,320, lr:(6.204e-04,6.204e-04,)][eta: 0:45:04, time (data): 0.245 (0.014)]l_bij: 2.4534e+02 l_orth: 2.3194e+02 l_align: 1.3474e+02 l_total: 6.1202e+02 
2026-06-24 16:50:06,024 INFO: [smal_..][epoch: 10, iter:   8,340, lr:(6.204e-04,6.204e-04,)][eta: 0:44:57, time (data): 0.247 (0.015)]l_bij: 2.2518e+02 l_orth: 2.1490e+02 l_align: 1.5329e+02 l_total: 5.9337e+02 
2026-06-24 16:50:11,200 INFO: [smal_..][epoch: 10, iter:   8,360, lr:(6.204e-04,6.204e-04,)][eta: 0:44:49, time (data): 0.249 (0.015)]l_bij: 2.3679e+02 l_orth: 2.2473e+02 l_align: 1.3959e+02 l_total: 6.0111e+02 
2026-06-24 16:50:16,463 INFO: [smal_..][epoch: 10, iter:   8,380, lr:(6.204e-04,6.204e-04,)][eta: 0:44:42, time (data): 0.251 (0.015)]l_bij: 2.4280e+02 l_orth: 2.5132e+02 l_align: 1.4476e+02 l_total: 6.3888e+02 
2026-06-24 16:50:21,621 INFO: [smal_..][epoch: 10, iter:   8,400, lr:(6.204e-04,6.204e-04,)][eta: 0:44:34, time (data): 0.252 (0.014)]l_bij: 1.3964e+02 l_orth: 1.4527e+02 l_align: 2.3300e+02 l_total: 5.1790e+02 
2026-06-24 16:50:27,083 INFO: [smal_..][epoch: 11, iter:   8,420, lr:(5.500e-04,5.500e-04,)][eta: 0:44:27, time (data): 0.254 (0.016)]l_bij: 2.3972e+02 l_orth: 2.2587e+02 l_align: 1.3618e+02 l_total: 6.0177e+02 
2026-06-24 16:50:32,347 INFO: [smal_..][epoch: 11, iter:   8,440, lr:(5.500e-04,5.500e-04,)][eta: 0:44:20, time (data): 0.255 (0.016)]l_bij: 2.2812e+02 l_orth: 2.1616e+02 l_align: 1.4750e+02 l_total: 5.9178e+02 
2026-06-24 16:50:37,587 INFO: [smal_..][epoch: 11, iter:   8,460, lr:(5.500e-04,5.500e-04,)][eta: 0:44:12, time (data): 0.263 (0.015)]l_bij: 2.2429e+02 l_orth: 2.1293e+02 l_align: 1.4818e+02 l_total: 5.8540e+02 
2026-06-24 16:50:43,000 INFO: [smal_..][epoch: 11, iter:   8,480, lr:(5.500e-04,5.500e-04,)][eta: 0:44:05, time (data): 0.267 (0.015)]l_bij: 2.3628e+02 l_orth: 2.2141e+02 l_align: 1.3781e+02 l_total: 5.9550e+02 
2026-06-24 16:50:48,216 INFO: [smal_..][epoch: 11, iter:   8,500, lr:(5.500e-04,5.500e-04,)][eta: 0:43:57, time (data): 0.265 (0.015)]l_bij: 2.3298e+02 l_orth: 2.1953e+02 l_align: 1.3743e+02 l_total: 5.8994e+02 
2026-06-24 16:50:53,568 INFO: [smal_..][epoch: 11, iter:   8,520, lr:(5.500e-04,5.500e-04,)][eta: 0:43:50, time (data): 0.265 (0.015)]l_bij: 2.3344e+02 l_orth: 2.2534e+02 l_align: 1.4437e+02 l_total: 6.0315e+02 
2026-06-24 16:50:58,869 INFO: [smal_..][epoch: 11, iter:   8,540, lr:(5.500e-04,5.500e-04,)][eta: 0:43:43, time (data): 0.265 (0.015)]l_bij: 2.3336e+02 l_orth: 2.2205e+02 l_align: 1.4385e+02 l_total: 5.9926e+02 
2026-06-24 16:51:04,143 INFO: [smal_..][epoch: 11, iter:   8,560, lr:(5.500e-04,5.500e-04,)][eta: 0:43:35, time (data): 0.265 (0.015)]l_bij: 2.3881e+02 l_orth: 2.2654e+02 l_align: 1.3431e+02 l_total: 5.9967e+02 
2026-06-24 16:51:09,470 INFO: [smal_..][epoch: 11, iter:   8,580, lr:(5.500e-04,5.500e-04,)][eta: 0:43:28, time (data): 0.265 (0.015)]l_bij: 2.3547e+02 l_orth: 2.2400e+02 l_align: 1.3467e+02 l_total: 5.9413e+02 
2026-06-24 16:51:14,720 INFO: [smal_..][epoch: 11, iter:   8,600, lr:(5.500e-04,5.500e-04,)][eta: 0:43:21, time (data): 0.265 (0.015)]l_bij: 2.3077e+02 l_orth: 2.2383e+02 l_align: 1.5135e+02 l_total: 6.0596e+02 
2026-06-24 16:51:19,996 INFO: [smal_..][epoch: 11, iter:   8,620, lr:(5.500e-04,5.500e-04,)][eta: 0:43:13, time (data): 0.265 (0.015)]l_bij: 2.4402e+02 l_orth: 2.3281e+02 l_align: 1.3715e+02 l_total: 6.1398e+02 
2026-06-24 16:51:25,256 INFO: [smal_..][epoch: 11, iter:   8,640, lr:(5.500e-04,5.500e-04,)][eta: 0:43:06, time (data): 0.264 (0.015)]l_bij: 2.3804e+02 l_orth: 2.2288e+02 l_align: 1.3904e+02 l_total: 5.9996e+02 
2026-06-24 16:51:30,500 INFO: [smal_..][epoch: 11, iter:   8,660, lr:(5.500e-04,5.500e-04,)][eta: 0:42:59, time (data): 0.262 (0.015)]l_bij: 2.3622e+02 l_orth: 2.2346e+02 l_align: 1.4214e+02 l_total: 6.0182e+02 
2026-06-24 16:51:35,745 INFO: [smal_..][epoch: 11, iter:   8,680, lr:(5.500e-04,5.500e-04,)][eta: 0:42:51, time (data): 0.262 (0.015)]l_bij: 2.4265e+02 l_orth: 2.2959e+02 l_align: 1.3742e+02 l_total: 6.0966e+02 
2026-06-24 16:51:40,861 INFO: [smal_..][epoch: 11, iter:   8,700, lr:(5.500e-04,5.500e-04,)][eta: 0:42:44, time (data): 0.260 (0.015)]l_bij: 2.3684e+02 l_orth: 2.2539e+02 l_align: 1.4188e+02 l_total: 6.0411e+02 
2026-06-24 16:51:46,181 INFO: [smal_..][epoch: 11, iter:   8,720, lr:(5.500e-04,5.500e-04,)][eta: 0:42:37, time (data): 0.261 (0.015)]l_bij: 2.3475e+02 l_orth: 2.3116e+02 l_align: 1.4093e+02 l_total: 6.0684e+02 
2026-06-24 16:51:51,144 INFO: [smal_..][epoch: 11, iter:   8,740, lr:(5.500e-04,5.500e-04,)][eta: 0:42:29, time (data): 0.259 (0.015)]l_bij: 2.2688e+02 l_orth: 2.1389e+02 l_align: 1.4827e+02 l_total: 5.8904e+02 
2026-06-24 16:51:56,022 INFO: [smal_..][epoch: 11, iter:   8,760, lr:(5.500e-04,5.500e-04,)][eta: 0:42:21, time (data): 0.256 (0.015)]l_bij: 2.2857e+02 l_orth: 2.1994e+02 l_align: 1.4612e+02 l_total: 5.9463e+02 
2026-06-24 16:52:00,949 INFO: [smal_..][epoch: 11, iter:   8,780, lr:(5.500e-04,5.500e-04,)][eta: 0:42:14, time (data): 0.255 (0.014)]l_bij: 1.3590e+02 l_orth: 1.3822e+02 l_align: 2.3450e+02 l_total: 5.0861e+02 
2026-06-24 16:52:05,863 INFO: [smal_..][epoch: 11, iter:   8,800, lr:(5.500e-04,5.500e-04,)][eta: 0:42:06, time (data): 0.253 (0.014)]l_bij: 2.2892e+02 l_orth: 2.2499e+02 l_align: 1.5001e+02 l_total: 6.0393e+02 
2026-06-24 16:52:10,796 INFO: [smal_..][epoch: 11, iter:   8,820, lr:(5.500e-04,5.500e-04,)][eta: 0:41:59, time (data): 0.253 (0.014)]l_bij: 2.2843e+02 l_orth: 2.1732e+02 l_align: 1.4795e+02 l_total: 5.9370e+02 
2026-06-24 16:52:15,742 INFO: [smal_..][epoch: 11, iter:   8,840, lr:(5.500e-04,5.500e-04,)][eta: 0:41:51, time (data): 0.252 (0.014)]l_bij: 2.4438e+02 l_orth: 2.2995e+02 l_align: 1.3550e+02 l_total: 6.0983e+02 
2026-06-24 16:52:20,725 INFO: [smal_..][epoch: 11, iter:   8,860, lr:(5.500e-04,5.500e-04,)][eta: 0:41:44, time (data): 0.249 (0.015)]l_bij: 2.4151e+02 l_orth: 2.2623e+02 l_align: 1.3227e+02 l_total: 6.0001e+02 
2026-06-24 16:52:25,650 INFO: [smal_..][epoch: 11, iter:   8,880, lr:(5.500e-04,5.500e-04,)][eta: 0:41:36, time (data): 0.247 (0.015)]l_bij: 2.4065e+02 l_orth: 2.3122e+02 l_align: 1.3825e+02 l_total: 6.1012e+02 
2026-06-24 16:52:30,603 INFO: [smal_..][epoch: 11, iter:   8,900, lr:(5.500e-04,5.500e-04,)][eta: 0:41:29, time (data): 0.247 (0.014)]l_bij: 2.3792e+02 l_orth: 2.2895e+02 l_align: 1.3843e+02 l_total: 6.0529e+02 
2026-06-24 16:52:35,534 INFO: [smal_..][epoch: 11, iter:   8,920, lr:(5.500e-04,5.500e-04,)][eta: 0:41:21, time (data): 0.247 (0.015)]l_bij: 2.3803e+02 l_orth: 2.2578e+02 l_align: 1.3482e+02 l_total: 5.9863e+02 
2026-06-24 16:52:40,434 INFO: [smal_..][epoch: 11, iter:   8,940, lr:(5.500e-04,5.500e-04,)][eta: 0:41:14, time (data): 0.247 (0.014)]l_bij: 2.3379e+02 l_orth: 2.2151e+02 l_align: 1.4248e+02 l_total: 5.9778e+02 
2026-06-24 16:52:45,303 INFO: [smal_..][epoch: 11, iter:   8,960, lr:(5.500e-04,5.500e-04,)][eta: 0:41:06, time (data): 0.246 (0.014)]l_bij: 2.4292e+02 l_orth: 2.2872e+02 l_align: 1.3189e+02 l_total: 6.0353e+02 
2026-06-24 16:52:50,224 INFO: [smal_..][epoch: 11, iter:   8,980, lr:(5.500e-04,5.500e-04,)][eta: 0:40:59, time (data): 0.246 (0.014)]l_bij: 2.3465e+02 l_orth: 2.2578e+02 l_align: 1.4772e+02 l_total: 6.0816e+02 
2026-06-24 16:52:55,145 INFO: [smal_..][epoch: 11, iter:   9,000, lr:(5.500e-04,5.500e-04,)][eta: 0:40:51, time (data): 0.246 (0.014)]l_bij: 2.2997e+02 l_orth: 2.2025e+02 l_align: 1.4353e+02 l_total: 5.9375e+02 
2026-06-24 16:53:00,019 INFO: [smal_..][epoch: 11, iter:   9,020, lr:(5.500e-04,5.500e-04,)][eta: 0:40:44, time (data): 0.246 (0.014)]l_bij: 2.3553e+02 l_orth: 2.2264e+02 l_align: 1.4185e+02 l_total: 6.0002e+02 
2026-06-24 16:53:04,925 INFO: [smal_..][epoch: 11, iter:   9,040, lr:(5.500e-04,5.500e-04,)][eta: 0:40:36, time (data): 0.246 (0.014)]l_bij: 2.4411e+02 l_orth: 2.3213e+02 l_align: 1.4048e+02 l_total: 6.1673e+02 
2026-06-24 16:53:09,859 INFO: [smal_..][epoch: 11, iter:   9,060, lr:(5.500e-04,5.500e-04,)][eta: 0:40:29, time (data): 0.248 (0.014)]l_bij: 2.3494e+02 l_orth: 2.2135e+02 l_align: 1.4754e+02 l_total: 6.0383e+02 
2026-06-24 16:53:14,780 INFO: [smal_..][epoch: 11, iter:   9,080, lr:(5.500e-04,5.500e-04,)][eta: 0:40:22, time (data): 0.247 (0.014)]l_bij: 2.2989e+02 l_orth: 2.2264e+02 l_align: 1.4633e+02 l_total: 5.9887e+02 
2026-06-24 16:53:19,679 INFO: [smal_..][epoch: 11, iter:   9,100, lr:(5.500e-04,5.500e-04,)][eta: 0:40:14, time (data): 0.246 (0.014)]l_bij: 2.3024e+02 l_orth: 2.2053e+02 l_align: 1.4480e+02 l_total: 5.9557e+02 
2026-06-24 16:53:24,622 INFO: [smal_..][epoch: 11, iter:   9,120, lr:(5.500e-04,5.500e-04,)][eta: 0:40:07, time (data): 0.246 (0.014)]l_bij: 2.4677e+02 l_orth: 2.3404e+02 l_align: 1.4400e+02 l_total: 6.2481e+02 
2026-06-24 16:53:29,547 INFO: [smal_..][epoch: 11, iter:   9,140, lr:(5.500e-04,5.500e-04,)][eta: 0:39:59, time (data): 0.246 (0.014)]l_bij: 2.3571e+02 l_orth: 2.2940e+02 l_align: 1.4124e+02 l_total: 6.0634e+02 
2026-06-24 16:53:34,454 INFO: [smal_..][epoch: 11, iter:   9,160, lr:(5.500e-04,5.500e-04,)][eta: 0:39:52, time (data): 0.246 (0.014)]l_bij: 2.3456e+02 l_orth: 2.2089e+02 l_align: 1.3795e+02 l_total: 5.9341e+02 
2026-06-24 16:53:39,374 INFO: [smal_..][epoch: 11, iter:   9,180, lr:(5.500e-04,5.500e-04,)][eta: 0:39:45, time (data): 0.246 (0.014)]l_bij: 2.3503e+02 l_orth: 2.2418e+02 l_align: 1.4350e+02 l_total: 6.0271e+02 
2026-06-24 16:53:44,276 INFO: [smal_..][epoch: 11, iter:   9,200, lr:(5.500e-04,5.500e-04,)][eta: 0:39:37, time (data): 0.246 (0.014)]l_bij: 2.3410e+02 l_orth: 2.2001e+02 l_align: 1.3733e+02 l_total: 5.9144e+02 
2026-06-24 16:53:49,195 INFO: [smal_..][epoch: 11, iter:   9,220, lr:(5.500e-04,5.500e-04,)][eta: 0:39:30, time (data): 0.246 (0.014)]l_bij: 2.4073e+02 l_orth: 2.3081e+02 l_align: 1.3134e+02 l_total: 6.0288e+02 
2026-06-24 16:53:54,086 INFO: [smal_..][epoch: 11, iter:   9,240, lr:(5.500e-04,5.500e-04,)][eta: 0:39:23, time (data): 0.246 (0.014)]l_bij: 2.3642e+02 l_orth: 2.2237e+02 l_align: 1.3886e+02 l_total: 5.9766e+02 
2026-06-24 16:53:59,269 INFO: [smal_..][epoch: 12, iter:   9,260, lr:(4.796e-04,4.796e-04,)][eta: 0:39:16, time (data): 0.264 (0.032)]l_bij: 2.3109e+02 l_orth: 2.2183e+02 l_align: 1.5056e+02 l_total: 6.0349e+02 
2026-06-24 16:54:04,355 INFO: [smal_..][epoch: 12, iter:   9,280, lr:(4.796e-04,4.796e-04,)][eta: 0:39:08, time (data): 0.258 (0.021)]l_bij: 2.4404e+02 l_orth: 2.3140e+02 l_align: 1.3355e+02 l_total: 6.0899e+02 
2026-06-24 16:54:09,241 INFO: [smal_..][epoch: 12, iter:   9,300, lr:(4.796e-04,4.796e-04,)][eta: 0:39:01, time (data): 0.253 (0.019)]l_bij: 2.4511e+02 l_orth: 2.3319e+02 l_align: 1.3113e+02 l_total: 6.0943e+02 
2026-06-24 16:54:14,151 INFO: [smal_..][epoch: 12, iter:   9,320, lr:(4.796e-04,4.796e-04,)][eta: 0:38:54, time (data): 0.251 (0.017)]l_bij: 2.2871e+02 l_orth: 2.1710e+02 l_align: 1.4458e+02 l_total: 5.9038e+02 
2026-06-24 16:54:19,069 INFO: [smal_..][epoch: 12, iter:   9,340, lr:(4.796e-04,4.796e-04,)][eta: 0:38:47, time (data): 0.250 (0.017)]l_bij: 2.3450e+02 l_orth: 2.2199e+02 l_align: 1.4978e+02 l_total: 6.0628e+02 
2026-06-24 16:54:23,942 INFO: [smal_..][epoch: 12, iter:   9,360, lr:(4.796e-04,4.796e-04,)][eta: 0:38:39, time (data): 0.249 (0.016)]l_bij: 2.3950e+02 l_orth: 2.3158e+02 l_align: 1.4287e+02 l_total: 6.1395e+02 
2026-06-24 16:54:28,853 INFO: [smal_..][epoch: 12, iter:   9,380, lr:(4.796e-04,4.796e-04,)][eta: 0:38:32, time (data): 0.248 (0.016)]l_bij: 2.3912e+02 l_orth: 2.2672e+02 l_align: 1.3896e+02 l_total: 6.0480e+02 
2026-06-24 16:54:33,767 INFO: [smal_..][epoch: 12, iter:   9,400, lr:(4.796e-04,4.796e-04,)][eta: 0:38:25, time (data): 0.248 (0.016)]l_bij: 2.3915e+02 l_orth: 2.2730e+02 l_align: 1.3736e+02 l_total: 6.0381e+02 
2026-06-24 16:54:38,698 INFO: [smal_..][epoch: 12, iter:   9,420, lr:(4.796e-04,4.796e-04,)][eta: 0:38:18, time (data): 0.248 (0.016)]l_bij: 2.3736e+02 l_orth: 2.2177e+02 l_align: 1.4155e+02 l_total: 6.0068e+02 
2026-06-24 16:54:43,713 INFO: [smal_..][epoch: 12, iter:   9,440, lr:(4.796e-04,4.796e-04,)][eta: 0:38:10, time (data): 0.248 (0.016)]l_bij: 2.2738e+02 l_orth: 2.1956e+02 l_align: 1.5178e+02 l_total: 5.9872e+02 
2026-06-24 16:54:48,649 INFO: [smal_..][epoch: 12, iter:   9,460, lr:(4.796e-04,4.796e-04,)][eta: 0:38:03, time (data): 0.248 (0.014)]l_bij: 2.3739e+02 l_orth: 2.2296e+02 l_align: 1.3825e+02 l_total: 5.9861e+02 
2026-06-24 16:54:53,554 INFO: [smal_..][epoch: 12, iter:   9,480, lr:(4.796e-04,4.796e-04,)][eta: 0:37:56, time (data): 0.246 (0.014)]l_bij: 2.3549e+02 l_orth: 2.1834e+02 l_align: 1.4058e+02 l_total: 5.9440e+02 
2026-06-24 16:54:58,477 INFO: [smal_..][epoch: 12, iter:   9,500, lr:(4.796e-04,4.796e-04,)][eta: 0:37:49, time (data): 0.246 (0.014)]l_bij: 2.3543e+02 l_orth: 2.2149e+02 l_align: 1.4411e+02 l_total: 6.0102e+02 
2026-06-24 16:55:03,340 INFO: [smal_..][epoch: 12, iter:   9,520, lr:(4.796e-04,4.796e-04,)][eta: 0:37:42, time (data): 0.245 (0.014)]l_bij: 2.3337e+02 l_orth: 2.2070e+02 l_align: 1.4238e+02 l_total: 5.9645e+02 
2026-06-24 16:55:08,256 INFO: [smal_..][epoch: 12, iter:   9,540, lr:(4.796e-04,4.796e-04,)][eta: 0:37:34, time (data): 0.245 (0.014)]l_bij: 2.3902e+02 l_orth: 2.2587e+02 l_align: 1.4711e+02 l_total: 6.1201e+02 
2026-06-24 16:55:13,199 INFO: [smal_..][epoch: 12, iter:   9,560, lr:(4.796e-04,4.796e-04,)][eta: 0:37:27, time (data): 0.246 (0.014)]l_bij: 2.4373e+02 l_orth: 2.3176e+02 l_align: 1.3349e+02 l_total: 6.0898e+02 
2026-06-24 16:55:18,179 INFO: [smal_..][epoch: 12, iter:   9,580, lr:(4.796e-04,4.796e-04,)][eta: 0:37:20, time (data): 0.246 (0.014)]l_bij: 2.3994e+02 l_orth: 2.2724e+02 l_align: 1.3703e+02 l_total: 6.0421e+02 
2026-06-24 16:55:23,045 INFO: [smal_..][epoch: 12, iter:   9,600, lr:(4.796e-04,4.796e-04,)][eta: 0:37:13, time (data): 0.246 (0.014)]l_bij: 2.2478e+02 l_orth: 2.1341e+02 l_align: 1.4829e+02 l_total: 5.8648e+02 
2026-06-24 16:55:27,957 INFO: [smal_..][epoch: 12, iter:   9,620, lr:(4.796e-04,4.796e-04,)][eta: 0:37:06, time (data): 0.246 (0.014)]l_bij: 2.3196e+02 l_orth: 2.2164e+02 l_align: 1.4065e+02 l_total: 5.9426e+02 
2026-06-24 16:55:32,880 INFO: [smal_..][epoch: 12, iter:   9,640, lr:(4.796e-04,4.796e-04,)][eta: 0:36:59, time (data): 0.246 (0.014)]l_bij: 2.2902e+02 l_orth: 2.1669e+02 l_align: 1.4538e+02 l_total: 5.9109e+02 
2026-06-24 16:55:37,770 INFO: [smal_..][epoch: 12, iter:   9,660, lr:(4.796e-04,4.796e-04,)][eta: 0:36:52, time (data): 0.245 (0.014)]l_bij: 2.3336e+02 l_orth: 2.2274e+02 l_align: 1.4306e+02 l_total: 5.9916e+02 
2026-06-24 16:55:42,687 INFO: [smal_..][epoch: 12, iter:   9,680, lr:(4.796e-04,4.796e-04,)][eta: 0:36:44, time (data): 0.245 (0.014)]l_bij: 2.3630e+02 l_orth: 2.2369e+02 l_align: 1.4202e+02 l_total: 6.0201e+02 
2026-06-24 16:55:47,605 INFO: [smal_..][epoch: 12, iter:   9,700, lr:(4.796e-04,4.796e-04,)][eta: 0:36:37, time (data): 0.245 (0.014)]l_bij: 2.3168e+02 l_orth: 2.2008e+02 l_align: 1.3954e+02 l_total: 5.9131e+02 
2026-06-24 16:55:52,511 INFO: [smal_..][epoch: 12, iter:   9,720, lr:(4.796e-04,4.796e-04,)][eta: 0:36:30, time (data): 0.245 (0.014)]l_bij: 2.3106e+02 l_orth: 2.1725e+02 l_align: 1.4732e+02 l_total: 5.9563e+02 
2026-06-24 16:55:57,444 INFO: [smal_..][epoch: 12, iter:   9,740, lr:(4.796e-04,4.796e-04,)][eta: 0:36:23, time (data): 0.246 (0.014)]l_bij: 2.3859e+02 l_orth: 2.2989e+02 l_align: 1.4431e+02 l_total: 6.1278e+02 
2026-06-24 16:56:02,554 INFO: [smal_..][epoch: 12, iter:   9,760, lr:(4.796e-04,4.796e-04,)][eta: 0:36:16, time (data): 0.247 (0.014)]l_bij: 2.3993e+02 l_orth: 2.2302e+02 l_align: 1.3508e+02 l_total: 5.9803e+02 
2026-06-24 16:56:07,733 INFO: [smal_..][epoch: 12, iter:   9,780, lr:(4.796e-04,4.796e-04,)][eta: 0:36:09, time (data): 0.249 (0.014)]l_bij: 2.2858e+02 l_orth: 2.1837e+02 l_align: 1.4452e+02 l_total: 5.9147e+02 
2026-06-24 16:56:12,982 INFO: [smal_..][epoch: 12, iter:   9,800, lr:(4.796e-04,4.796e-04,)][eta: 0:36:03, time (data): 0.251 (0.014)]l_bij: 2.2656e+02 l_orth: 2.2239e+02 l_align: 1.5491e+02 l_total: 6.0386e+02 
2026-06-24 16:56:18,224 INFO: [smal_..][epoch: 12, iter:   9,820, lr:(4.796e-04,4.796e-04,)][eta: 0:35:56, time (data): 0.252 (0.014)]l_bij: 2.4003e+02 l_orth: 2.2530e+02 l_align: 1.3181e+02 l_total: 5.9714e+02 
2026-06-24 16:56:23,473 INFO: [smal_..][epoch: 12, iter:   9,840, lr:(4.796e-04,4.796e-04,)][eta: 0:35:49, time (data): 0.253 (0.014)]l_bij: 2.2973e+02 l_orth: 2.1859e+02 l_align: 1.4316e+02 l_total: 5.9149e+02 
2026-06-24 16:56:28,784 INFO: [smal_..][epoch: 12, iter:   9,860, lr:(4.796e-04,4.796e-04,)][eta: 0:35:42, time (data): 0.259 (0.015)]l_bij: 2.3150e+02 l_orth: 2.1868e+02 l_align: 1.4169e+02 l_total: 5.9188e+02 
2026-06-24 16:56:34,077 INFO: [smal_..][epoch: 12, iter:   9,880, lr:(4.796e-04,4.796e-04,)][eta: 0:35:35, time (data): 0.263 (0.015)]l_bij: 2.4135e+02 l_orth: 2.3044e+02 l_align: 1.3924e+02 l_total: 6.1103e+02 
2026-06-24 16:56:39,220 INFO: [smal_..][epoch: 12, iter:   9,900, lr:(4.796e-04,4.796e-04,)][eta: 0:35:28, time (data): 0.260 (0.015)]l_bij: 2.4083e+02 l_orth: 2.3280e+02 l_align: 1.3675e+02 l_total: 6.1037e+02 
2026-06-24 16:56:44,441 INFO: [smal_..][epoch: 12, iter:   9,920, lr:(4.796e-04,4.796e-04,)][eta: 0:35:22, time (data): 0.260 (0.015)]l_bij: 2.3637e+02 l_orth: 2.2388e+02 l_align: 1.3933e+02 l_total: 5.9958e+02 
2026-06-24 16:56:49,680 INFO: [smal_..][epoch: 12, iter:   9,940, lr:(4.796e-04,4.796e-04,)][eta: 0:35:15, time (data): 0.261 (0.014)]l_bij: 2.3051e+02 l_orth: 2.1911e+02 l_align: 1.4594e+02 l_total: 5.9556e+02 
2026-06-24 16:56:54,928 INFO: [smal_..][epoch: 12, iter:   9,960, lr:(4.796e-04,4.796e-04,)][eta: 0:35:08, time (data): 0.261 (0.015)]l_bij: 2.2403e+02 l_orth: 2.1173e+02 l_align: 1.4533e+02 l_total: 5.8109e+02 
2026-06-24 16:57:00,300 INFO: [smal_..][epoch: 12, iter:   9,980, lr:(4.796e-04,4.796e-04,)][eta: 0:35:01, time (data): 0.262 (0.015)]l_bij: 2.2977e+02 l_orth: 2.1660e+02 l_align: 1.3990e+02 l_total: 5.8627e+02 
2026-06-24 16:57:05,471 INFO: [smal_..][epoch: 12, iter:  10,000, lr:(4.796e-04,4.796e-04,)][eta: 0:34:55, time (data): 0.262 (0.015)]l_bij: 2.3188e+02 l_orth: 2.2045e+02 l_align: 1.4993e+02 l_total: 6.0227e+02 
2026-06-24 16:57:05,473 INFO: Saving models and training states.
2026-06-24 16:57:05,497 INFO: Start validation.
2026-06-24 16:57:06,429 INFO: avg err:0.0000 | err:0.0000 | cougar_01 cougar_01
2026-06-24 16:57:06,636 INFO: avg err:0.0677 | err:0.1353 | cougar_01 cougar_02
2026-06-24 16:57:07,149 INFO: avg err:0.3254 | err:0.8409 | cougar_01 cougar_03
2026-06-24 16:57:07,378 INFO: avg err:0.4387 | err:0.7785 | cougar_01 cougar_04
2026-06-24 16:57:07,753 INFO: avg err:0.5239 | err:0.8646 | cougar_01 hippo_01
2026-06-24 16:57:07,953 INFO: avg err:0.5666 | err:0.7800 | cougar_01 hippo_02
2026-06-24 16:57:08,398 INFO: avg err:0.5395 | err:0.3769 | cougar_01 hippo_03
2026-06-24 16:57:08,600 INFO: avg err:0.5823 | err:0.8818 | cougar_01 hippo_04
2026-06-24 16:57:09,101 INFO: avg err:0.6017 | err:0.7569 | cougar_01 hippo_05
2026-06-24 16:57:09,309 INFO: avg err:0.6222 | err:0.8066 | cougar_01 hippo_06
2026-06-24 16:57:09,683 INFO: avg err:0.6406 | err:0.8250 | cougar_01 horse_01
2026-06-24 16:57:09,900 INFO: avg err:0.6066 | err:0.2327 | cougar_01 horse_02
2026-06-24 16:57:10,252 INFO: avg err:0.6189 | err:0.7667 | cougar_01 horse_03
2026-06-24 16:57:10,519 INFO: avg err:0.6303 | err:0.7778 | cougar_01 horse_04
2026-06-24 16:57:10,833 INFO: avg err:0.6400 | err:0.7757 | cougar_01 horse_05
2026-06-24 16:57:11,063 INFO: avg err:0.6506 | err:0.8098 | cougar_01 horse_06
2026-06-24 16:57:11,306 INFO: avg err:0.6512 | err:0.6620 | cougar_01 horse_07
2026-06-24 16:57:11,509 INFO: avg err:0.6518 | err:0.6619 | cougar_01 horse_08
2026-06-24 16:57:11,870 INFO: avg err:0.6373 | err:0.3755 | cougar_01 horse_09
2026-06-24 16:57:12,073 INFO: avg err:0.6239 | err:0.3694 | cougar_01 horse_10
2026-06-24 16:57:12,527 INFO: avg err:0.6060 | err:0.2487 | cougar_02 cougar_01
2026-06-24 16:57:12,731 INFO: avg err:0.5785 | err:0.0000 | cougar_02 cougar_02
2026-06-24 16:57:13,049 INFO: avg err:0.5911 | err:0.8680 | cougar_02 cougar_03
2026-06-24 16:57:13,246 INFO: avg err:0.6009 | err:0.8262 | cougar_02 cougar_04
2026-06-24 16:57:13,704 INFO: avg err:0.6087 | err:0.7957 | cougar_02 hippo_01
2026-06-24 16:57:13,924 INFO: avg err:0.6143 | err:0.7541 | cougar_02 hippo_02
2026-06-24 16:57:14,164 INFO: avg err:0.6067 | err:0.4102 | cougar_02 hippo_03
2026-06-24 16:57:14,371 INFO: avg err:0.6146 | err:0.8284 | cougar_02 hippo_04
2026-06-24 16:57:14,763 INFO: avg err:0.6224 | err:0.8401 | cougar_02 hippo_05
2026-06-24 16:57:14,992 INFO: avg err:0.6284 | err:0.8034 | cougar_02 hippo_06
2026-06-24 16:57:15,267 INFO: avg err:0.6355 | err:0.8468 | cougar_02 horse_01
2026-06-24 16:57:15,506 INFO: avg err:0.6297 | err:0.4518 | cougar_02 horse_02
2026-06-24 16:57:15,740 INFO: avg err:0.6357 | err:0.8265 | cougar_02 horse_03
2026-06-24 16:57:15,952 INFO: avg err:0.6419 | err:0.8477 | cougar_02 horse_04
2026-06-24 16:57:16,378 INFO: avg err:0.6462 | err:0.7905 | cougar_02 horse_05
2026-06-24 16:57:16,589 INFO: avg err:0.6488 | err:0.7408 | cougar_02 horse_06
2026-06-24 16:57:16,867 INFO: avg err:0.6515 | err:0.7497 | cougar_02 horse_07
2026-06-24 16:57:17,095 INFO: avg err:0.6584 | err:0.9142 | cougar_02 horse_08
2026-06-24 16:57:17,350 INFO: avg err:0.6497 | err:0.3175 | cougar_02 horse_09
2026-06-24 16:57:17,591 INFO: avg err:0.6411 | err:0.3045 | cougar_02 horse_10
2026-06-24 16:57:17,861 INFO: avg err:0.6467 | err:0.8723 | cougar_03 cougar_01
2026-06-24 16:57:18,076 INFO: avg err:0.6526 | err:0.8929 | cougar_03 cougar_02
2026-06-24 16:57:18,420 INFO: avg err:0.6374 | err:0.0000 | cougar_03 cougar_03
2026-06-24 16:57:18,640 INFO: avg err:0.6290 | err:0.2694 | cougar_03 cougar_04
2026-06-24 16:57:18,952 INFO: avg err:0.6238 | err:0.3921 | cougar_03 hippo_01
2026-06-24 16:57:19,244 INFO: avg err:0.6198 | err:0.4400 | cougar_03 hippo_02
2026-06-24 16:57:19,563 INFO: avg err:0.6234 | err:0.7918 | cougar_03 hippo_03
2026-06-24 16:57:19,795 INFO: avg err:0.6160 | err:0.2663 | cougar_03 hippo_04
2026-06-24 16:57:20,110 INFO: avg err:0.6098 | err:0.3136 | cougar_03 hippo_05
2026-06-24 16:57:20,365 INFO: avg err:0.6078 | err:0.5079 | cougar_03 hippo_06
2026-06-24 16:57:20,631 INFO: avg err:0.6031 | err:0.3680 | cougar_03 horse_01
2026-06-24 16:57:20,887 INFO: avg err:0.6066 | err:0.7850 | cougar_03 horse_02
2026-06-24 16:57:21,119 INFO: avg err:0.6007 | err:0.2928 | cougar_03 horse_03
2026-06-24 16:57:21,410 INFO: avg err:0.5953 | err:0.3137 | cougar_03 horse_04
2026-06-24 16:57:21,736 INFO: avg err:0.5927 | err:0.4482 | cougar_03 horse_05
2026-06-24 16:57:22,009 INFO: avg err:0.5875 | err:0.3043 | cougar_03 horse_06
2026-06-24 16:57:22,237 INFO: avg err:0.5804 | err:0.1845 | cougar_03 horse_07
2026-06-24 16:57:22,449 INFO: avg err:0.5755 | err:0.2950 | cougar_03 horse_08
2026-06-24 16:57:22,686 INFO: avg err:0.5789 | err:0.7729 | cougar_03 horse_09
2026-06-24 16:57:22,888 INFO: avg err:0.5831 | err:0.8341 | cougar_03 horse_10
2026-06-24 16:57:23,230 INFO: avg err:0.5851 | err:0.7065 | cougar_04 cougar_01
2026-06-24 16:57:23,467 INFO: avg err:0.5880 | err:0.7625 | cougar_04 cougar_02
2026-06-24 16:57:23,751 INFO: avg err:0.5827 | err:0.2538 | cougar_04 cougar_03
2026-06-24 16:57:24,006 INFO: avg err:0.5736 | err:0.0000 | cougar_04 cougar_04
2026-06-24 16:57:24,310 INFO: avg err:0.5676 | err:0.1817 | cougar_04 hippo_01
2026-06-24 16:57:24,522 INFO: avg err:0.5627 | err:0.2444 | cougar_04 hippo_02
2026-06-24 16:57:24,748 INFO: avg err:0.5654 | err:0.7429 | cougar_04 hippo_03
2026-06-24 16:57:24,951 INFO: avg err:0.5606 | err:0.2397 | cougar_04 hippo_04
2026-06-24 16:57:25,329 INFO: avg err:0.5568 | err:0.2988 | cougar_04 hippo_05
2026-06-24 16:57:25,589 INFO: avg err:0.5521 | err:0.2262 | cougar_04 hippo_06
2026-06-24 16:57:25,820 INFO: avg err:0.5477 | err:0.2422 | cougar_04 horse_01
2026-06-24 16:57:26,034 INFO: avg err:0.5505 | err:0.7461 | cougar_04 horse_02
2026-06-24 16:57:26,274 INFO: avg err:0.5464 | err:0.2546 | cougar_04 horse_03
2026-06-24 16:57:26,489 INFO: avg err:0.5421 | err:0.2252 | cougar_04 horse_04
2026-06-24 16:57:26,834 INFO: avg err:0.5406 | err:0.4298 | cougar_04 horse_05
2026-06-24 16:57:27,066 INFO: avg err:0.5370 | err:0.2701 | cougar_04 horse_06
2026-06-24 16:57:27,293 INFO: avg err:0.5329 | err:0.2191 | cougar_04 horse_07
2026-06-24 16:57:27,533 INFO: avg err:0.5303 | err:0.3293 | cougar_04 horse_08
2026-06-24 16:57:27,848 INFO: avg err:0.5334 | err:0.7760 | cougar_04 horse_09
2026-06-24 16:57:28,104 INFO: avg err:0.5363 | err:0.7648 | cougar_04 horse_10
2026-06-24 16:57:28,327 INFO: avg err:0.5382 | err:0.6918 | hippo_01 cougar_01
2026-06-24 16:57:28,764 INFO: avg err:0.5399 | err:0.6760 | hippo_01 cougar_02
2026-06-24 16:57:28,987 INFO: avg err:0.5368 | err:0.2870 | hippo_01 cougar_03
2026-06-24 16:57:29,400 INFO: avg err:0.5326 | err:0.1796 | hippo_01 cougar_04
2026-06-24 16:57:29,657 INFO: avg err:0.5263 | err:0.0000 | hippo_01 hippo_01
2026-06-24 16:57:30,044 INFO: avg err:0.5222 | err:0.1710 | hippo_01 hippo_02
2026-06-24 16:57:30,312 INFO: avg err:0.5233 | err:0.6223 | hippo_01 hippo_03
2026-06-24 16:57:30,568 INFO: avg err:0.5184 | err:0.0926 | hippo_01 hippo_04
2026-06-24 16:57:30,787 INFO: avg err:0.5152 | err:0.2275 | hippo_01 hippo_05
2026-06-24 16:57:31,093 INFO: avg err:0.5109 | err:0.1297 | hippo_01 hippo_06
2026-06-24 16:57:31,304 INFO: avg err:0.5074 | err:0.1900 | hippo_01 horse_01
2026-06-24 16:57:31,808 INFO: avg err:0.5092 | err:0.6813 | hippo_01 horse_02
2026-06-24 16:57:32,105 INFO: avg err:0.5057 | err:0.1822 | hippo_01 horse_03
2026-06-24 16:57:32,513 INFO: avg err:0.5023 | err:0.1804 | hippo_01 horse_04
2026-06-24 16:57:32,714 INFO: avg err:0.4991 | err:0.2000 | hippo_01 horse_05
2026-06-24 16:57:33,089 INFO: avg err:0.4964 | err:0.2427 | hippo_01 horse_06
2026-06-24 16:57:33,295 INFO: avg err:0.4928 | err:0.1426 | hippo_01 horse_07
2026-06-24 16:57:33,594 INFO: avg err:0.4902 | err:0.2402 | hippo_01 horse_08
2026-06-24 16:57:33,857 INFO: avg err:0.4910 | err:0.5705 | hippo_01 horse_09
2026-06-24 16:57:34,178 INFO: avg err:0.4927 | err:0.6658 | hippo_01 horse_10
2026-06-24 16:57:34,440 INFO: avg err:0.4943 | err:0.6510 | hippo_02 cougar_01
2026-06-24 16:57:34,765 INFO: avg err:0.4959 | err:0.6611 | hippo_02 cougar_02
2026-06-24 16:57:34,964 INFO: avg err:0.4940 | err:0.2958 | hippo_02 cougar_03
2026-06-24 16:57:35,323 INFO: avg err:0.4906 | err:0.1378 | hippo_02 cougar_04
2026-06-24 16:57:35,523 INFO: avg err:0.4871 | err:0.1296 | hippo_02 hippo_01
2026-06-24 16:57:35,767 INFO: avg err:0.4825 | err:0.0000 | hippo_02 hippo_02
2026-06-24 16:57:35,991 INFO: avg err:0.4836 | err:0.5976 | hippo_02 hippo_03
2026-06-24 16:57:36,287 INFO: avg err:0.4810 | err:0.1995 | hippo_02 hippo_04
2026-06-24 16:57:36,495 INFO: avg err:0.4787 | err:0.2320 | hippo_02 hippo_05
2026-06-24 16:57:36,991 INFO: avg err:0.4759 | err:0.1736 | hippo_02 hippo_06
2026-06-24 16:57:37,193 INFO: avg err:0.4738 | err:0.2347 | hippo_02 horse_01
2026-06-24 16:57:37,425 INFO: avg err:0.4751 | err:0.6281 | hippo_02 horse_02
2026-06-24 16:57:37,628 INFO: avg err:0.4729 | err:0.2217 | hippo_02 horse_03
2026-06-24 16:57:38,142 INFO: avg err:0.4702 | err:0.1709 | hippo_02 horse_04
2026-06-24 16:57:38,362 INFO: avg err:0.4677 | err:0.1829 | hippo_02 horse_05
2026-06-24 16:57:38,748 INFO: avg err:0.4657 | err:0.2342 | hippo_02 horse_06
2026-06-24 16:57:39,001 INFO: avg err:0.4637 | err:0.2241 | hippo_02 horse_07
2026-06-24 16:57:39,333 INFO: avg err:0.4617 | err:0.2337 | hippo_02 horse_08
2026-06-24 16:57:39,550 INFO: avg err:0.4623 | err:0.5347 | hippo_02 horse_09
2026-06-24 16:57:39,772 INFO: avg err:0.4634 | err:0.5931 | hippo_02 horse_10
2026-06-24 16:57:39,991 INFO: avg err:0.4619 | err:0.2774 | hippo_03 cougar_01
2026-06-24 16:57:40,325 INFO: avg err:0.4601 | err:0.2427 | hippo_03 cougar_02
2026-06-24 16:57:40,538 INFO: avg err:0.4620 | err:0.6959 | hippo_03 cougar_03
2026-06-24 16:57:40,821 INFO: avg err:0.4622 | err:0.4913 | hippo_03 cougar_04
2026-06-24 16:57:41,025 INFO: avg err:0.4634 | err:0.6060 | hippo_03 hippo_01
2026-06-24 16:57:41,339 INFO: avg err:0.4640 | err:0.5356 | hippo_03 hippo_02
2026-06-24 16:57:41,560 INFO: avg err:0.4603 | err:0.0000 | hippo_03 hippo_03
2026-06-24 16:57:41,813 INFO: avg err:0.4616 | err:0.6216 | hippo_03 hippo_04
2026-06-24 16:57:42,023 INFO: avg err:0.4629 | err:0.6265 | hippo_03 hippo_05
2026-06-24 16:57:42,354 INFO: avg err:0.4627 | err:0.4484 | hippo_03 hippo_06
2026-06-24 16:57:42,572 INFO: avg err:0.4642 | err:0.6558 | hippo_03 horse_01
2026-06-24 16:57:42,832 INFO: avg err:0.4630 | err:0.3095 | hippo_03 horse_02
2026-06-24 16:57:43,063 INFO: avg err:0.4643 | err:0.6282 | hippo_03 horse_03
2026-06-24 16:57:43,322 INFO: avg err:0.4656 | err:0.6356 | hippo_03 horse_04
2026-06-24 16:57:43,541 INFO: avg err:0.4660 | err:0.5236 | hippo_03 horse_05
2026-06-24 16:57:43,919 INFO: avg err:0.4674 | err:0.6634 | hippo_03 horse_06
2026-06-24 16:57:44,169 INFO: avg err:0.4686 | err:0.6326 | hippo_03 horse_07
2026-06-24 16:57:44,429 INFO: avg err:0.4698 | err:0.6296 | hippo_03 horse_08
2026-06-24 16:57:44,675 INFO: avg err:0.4688 | err:0.3326 | hippo_03 horse_09
2026-06-24 16:57:44,923 INFO: avg err:0.4685 | err:0.4166 | hippo_03 horse_10
2026-06-24 16:57:45,125 INFO: avg err:0.4699 | err:0.6765 | hippo_04 cougar_01
2026-06-24 16:57:45,376 INFO: avg err:0.4713 | err:0.6685 | hippo_04 cougar_02
2026-06-24 16:57:45,577 INFO: avg err:0.4696 | err:0.2288 | hippo_04 cougar_03
2026-06-24 16:57:45,908 INFO: avg err:0.4678 | err:0.2084 | hippo_04 cougar_04
2026-06-24 16:57:46,145 INFO: avg err:0.4654 | err:0.1220 | hippo_04 hippo_01
2026-06-24 16:57:46,420 INFO: avg err:0.4636 | err:0.1933 | hippo_04 hippo_02
2026-06-24 16:57:46,619 INFO: avg err:0.4648 | err:0.6423 | hippo_04 hippo_03
2026-06-24 16:57:46,928 INFO: avg err:0.4616 | err:0.0000 | hippo_04 hippo_04
2026-06-24 16:57:47,129 INFO: avg err:0.4599 | err:0.2059 | hippo_04 hippo_05
2026-06-24 16:57:47,467 INFO: avg err:0.4585 | err:0.2387 | hippo_04 hippo_06
2026-06-24 16:57:47,668 INFO: avg err:0.4568 | err:0.2145 | hippo_04 horse_01
2026-06-24 16:57:48,023 INFO: avg err:0.4582 | err:0.6613 | hippo_04 horse_02
2026-06-24 16:57:48,270 INFO: avg err:0.4564 | err:0.1782 | hippo_04 horse_03
2026-06-24 16:57:48,491 INFO: avg err:0.4543 | err:0.1347 | hippo_04 horse_04
2026-06-24 16:57:48,689 INFO: avg err:0.4529 | err:0.2465 | hippo_04 horse_05
2026-06-24 16:57:49,044 INFO: avg err:0.4512 | err:0.1840 | hippo_04 horse_06
2026-06-24 16:57:49,242 INFO: avg err:0.4492 | err:0.1423 | hippo_04 horse_07
2026-06-24 16:57:49,525 INFO: avg err:0.4474 | err:0.1669 | hippo_04 horse_08
2026-06-24 16:57:49,755 INFO: avg err:0.4479 | err:0.5214 | hippo_04 horse_09
2026-06-24 16:57:50,029 INFO: avg err:0.4492 | err:0.6598 | hippo_04 horse_10
2026-06-24 16:57:50,225 INFO: avg err:0.4505 | err:0.6571 | hippo_05 cougar_01
2026-06-24 16:57:50,634 INFO: avg err:0.4517 | err:0.6482 | hippo_05 cougar_02
2026-06-24 16:57:50,832 INFO: avg err:0.4504 | err:0.2389 | hippo_05 cougar_03
2026-06-24 16:57:51,135 INFO: avg err:0.4491 | err:0.2246 | hippo_05 cougar_04
2026-06-24 16:57:51,358 INFO: avg err:0.4475 | err:0.1898 | hippo_05 hippo_01
2026-06-24 16:57:51,665 INFO: avg err:0.4459 | err:0.1809 | hippo_05 hippo_02
2026-06-24 16:57:51,863 INFO: avg err:0.4473 | err:0.6740 | hippo_05 hippo_03
2026-06-24 16:57:52,145 INFO: avg err:0.4455 | err:0.1523 | hippo_05 hippo_04
2026-06-24 16:57:52,348 INFO: avg err:0.4429 | err:0.0000 | hippo_05 hippo_05
2026-06-24 16:57:52,701 INFO: avg err:0.4419 | err:0.2820 | hippo_05 hippo_06
2026-06-24 16:57:52,901 INFO: avg err:0.4400 | err:0.1179 | hippo_05 horse_01
2026-06-24 16:57:53,204 INFO: avg err:0.4407 | err:0.5487 | hippo_05 horse_02
2026-06-24 16:57:53,401 INFO: avg err:0.4389 | err:0.1381 | hippo_05 horse_03
2026-06-24 16:57:53,767 INFO: avg err:0.4374 | err:0.1839 | hippo_05 horse_04
2026-06-24 16:57:53,969 INFO: avg err:0.4367 | err:0.3055 | hippo_05 horse_05
2026-06-24 16:57:54,291 INFO: avg err:0.4351 | err:0.1496 | hippo_05 horse_06
2026-06-24 16:57:54,489 INFO: avg err:0.4336 | err:0.1708 | hippo_05 horse_07
2026-06-24 16:57:54,784 INFO: avg err:0.4321 | err:0.1823 | hippo_05 horse_08
2026-06-24 16:57:54,988 INFO: avg err:0.4321 | err:0.4192 | hippo_05 horse_09
2026-06-24 16:57:55,282 INFO: avg err:0.4324 | err:0.4921 | hippo_05 horse_10
2026-06-24 16:57:55,504 INFO: avg err:0.4337 | err:0.6570 | hippo_06 cougar_01
2026-06-24 16:57:55,760 INFO: avg err:0.4351 | err:0.6921 | hippo_06 cougar_02
2026-06-24 16:57:55,968 INFO: avg err:0.4345 | err:0.3275 | hippo_06 cougar_03
2026-06-24 16:57:56,293 INFO: avg err:0.4332 | err:0.1949 | hippo_06 cougar_04
2026-06-24 16:57:56,498 INFO: avg err:0.4315 | err:0.1150 | hippo_06 hippo_01
2026-06-24 16:57:56,817 INFO: avg err:0.4300 | err:0.1637 | hippo_06 hippo_02
2026-06-24 16:57:57,032 INFO: avg err:0.4302 | err:0.4566 | hippo_06 hippo_03
2026-06-24 16:57:57,302 INFO: avg err:0.4292 | err:0.2568 | hippo_06 hippo_04
2026-06-24 16:57:57,545 INFO: avg err:0.4287 | err:0.3231 | hippo_06 hippo_05
2026-06-24 16:57:57,772 INFO: avg err:0.4264 | err:0.0000 | hippo_06 hippo_06
2026-06-24 16:57:57,977 INFO: avg err:0.4255 | err:0.2558 | hippo_06 horse_01
2026-06-24 16:57:58,282 INFO: avg err:0.4270 | err:0.7026 | hippo_06 horse_02
2026-06-24 16:57:58,481 INFO: avg err:0.4262 | err:0.2761 | hippo_06 horse_03
2026-06-24 16:57:58,803 INFO: avg err:0.4251 | err:0.2177 | hippo_06 horse_04
2026-06-24 16:57:59,017 INFO: avg err:0.4239 | err:0.1858 | hippo_06 horse_05
2026-06-24 16:57:59,313 INFO: avg err:0.4232 | err:0.2921 | hippo_06 horse_06
2026-06-24 16:57:59,544 INFO: avg err:0.4225 | err:0.2752 | hippo_06 horse_07
2026-06-24 16:57:59,824 INFO: avg err:0.4217 | err:0.2761 | hippo_06 horse_08
2026-06-24 16:58:00,028 INFO: avg err:0.4228 | err:0.6351 | hippo_06 horse_09
2026-06-24 16:58:00,373 INFO: avg err:0.4240 | err:0.6585 | hippo_06 horse_10
2026-06-24 16:58:00,578 INFO: avg err:0.4257 | err:0.7664 | horse_01 cougar_01
2026-06-24 16:58:00,910 INFO: avg err:0.4275 | err:0.7985 | horse_01 cougar_02
2026-06-24 16:58:01,110 INFO: avg err:0.4273 | err:0.3839 | horse_01 cougar_03
2026-06-24 16:58:01,398 INFO: avg err:0.4271 | err:0.3759 | horse_01 cougar_04
2026-06-24 16:58:01,602 INFO: avg err:0.4266 | err:0.3404 | horse_01 hippo_01
2026-06-24 16:58:01,903 INFO: avg err:0.4255 | err:0.1997 | horse_01 hippo_02
2026-06-24 16:58:02,104 INFO: avg err:0.4273 | err:0.7856 | horse_01 hippo_03
2026-06-24 16:58:02,414 INFO: avg err:0.4268 | err:0.3372 | horse_01 hippo_04
2026-06-24 16:58:02,632 INFO: avg err:0.4257 | err:0.1945 | horse_01 hippo_05
2026-06-24 16:58:02,988 INFO: avg err:0.4256 | err:0.3950 | horse_01 hippo_06
2026-06-24 16:58:03,193 INFO: avg err:0.4236 | err:0.0000 | horse_01 horse_01
2026-06-24 16:58:03,471 INFO: avg err:0.4246 | err:0.6426 | horse_01 horse_02
2026-06-24 16:58:03,686 INFO: avg err:0.4242 | err:0.3483 | horse_01 horse_03
2026-06-24 16:58:03,929 INFO: avg err:0.4234 | err:0.2340 | horse_01 horse_04
2026-06-24 16:58:04,127 INFO: avg err:0.4228 | err:0.3017 | horse_01 horse_05
2026-06-24 16:58:04,428 INFO: avg err:0.4224 | err:0.3463 | horse_01 horse_06
2026-06-24 16:58:04,625 INFO: avg err:0.4219 | err:0.3036 | horse_01 horse_07
2026-06-24 16:58:04,975 INFO: avg err:0.4212 | err:0.2670 | horse_01 horse_08
2026-06-24 16:58:05,208 INFO: avg err:0.4221 | err:0.6216 | horse_01 horse_09
2026-06-24 16:58:05,471 INFO: avg err:0.4234 | err:0.7050 | horse_01 horse_10
2026-06-24 16:58:05,669 INFO: avg err:0.4222 | err:0.1535 | horse_02 cougar_01
2026-06-24 16:58:05,968 INFO: avg err:0.4213 | err:0.2322 | horse_02 cougar_02
2026-06-24 16:58:06,170 INFO: avg err:0.4231 | err:0.8299 | horse_02 cougar_03
2026-06-24 16:58:06,445 INFO: avg err:0.4249 | err:0.8112 | horse_02 cougar_04
2026-06-24 16:58:06,647 INFO: avg err:0.4263 | err:0.7498 | horse_02 hippo_01
2026-06-24 16:58:06,949 INFO: avg err:0.4275 | err:0.6924 | horse_02 hippo_02
2026-06-24 16:58:07,146 INFO: avg err:0.4277 | err:0.4694 | horse_02 hippo_03
2026-06-24 16:58:07,459 INFO: avg err:0.4291 | err:0.7580 | horse_02 hippo_04
2026-06-24 16:58:07,678 INFO: avg err:0.4301 | err:0.6481 | horse_02 hippo_05
2026-06-24 16:58:07,989 INFO: avg err:0.4314 | err:0.7321 | horse_02 hippo_06
2026-06-24 16:58:08,199 INFO: avg err:0.4326 | err:0.7056 | horse_02 horse_01
2026-06-24 16:58:08,460 INFO: avg err:0.4307 | err:0.0000 | horse_02 horse_02
2026-06-24 16:58:08,657 INFO: avg err:0.4320 | err:0.7349 | horse_02 horse_03
2026-06-24 16:58:08,972 INFO: avg err:0.4335 | err:0.7812 | horse_02 horse_04
2026-06-24 16:58:09,170 INFO: avg err:0.4348 | err:0.7419 | horse_02 horse_05
2026-06-24 16:58:09,520 INFO: avg err:0.4361 | err:0.7427 | horse_02 horse_06
2026-06-24 16:58:09,725 INFO: avg err:0.4375 | err:0.7682 | horse_02 horse_07
2026-06-24 16:58:09,956 INFO: avg err:0.4379 | err:0.5382 | horse_02 horse_08
2026-06-24 16:58:10,152 INFO: avg err:0.4374 | err:0.3167 | horse_02 horse_09
2026-06-24 16:58:10,593 INFO: avg err:0.4368 | err:0.2801 | horse_02 horse_10
2026-06-24 16:58:10,799 INFO: avg err:0.4384 | err:0.8267 | horse_03 cougar_01
2026-06-24 16:58:11,046 INFO: avg err:0.4399 | err:0.8077 | horse_03 cougar_02
2026-06-24 16:58:11,245 INFO: avg err:0.4393 | err:0.2970 | horse_03 cougar_03
2026-06-24 16:58:11,635 INFO: avg err:0.4389 | err:0.3267 | horse_03 cougar_04
2026-06-24 16:58:11,840 INFO: avg err:0.4381 | err:0.2547 | horse_03 hippo_01
2026-06-24 16:58:12,156 INFO: avg err:0.4378 | err:0.3466 | horse_03 hippo_02
2026-06-24 16:58:12,359 INFO: avg err:0.4389 | err:0.7294 | horse_03 hippo_03
2026-06-24 16:58:12,684 INFO: avg err:0.4381 | err:0.2315 | horse_03 hippo_04
2026-06-24 16:58:12,880 INFO: avg err:0.4370 | err:0.1538 | horse_03 hippo_05
2026-06-24 16:58:13,267 INFO: avg err:0.4370 | err:0.4548 | horse_03 hippo_06
2026-06-24 16:58:13,485 INFO: avg err:0.4364 | err:0.2898 | horse_03 horse_01
2026-06-24 16:58:13,745 INFO: avg err:0.4376 | err:0.7290 | horse_03 horse_02
2026-06-24 16:58:13,945 INFO: avg err:0.4359 | err:0.0000 | horse_03 horse_03
2026-06-24 16:58:14,249 INFO: avg err:0.4348 | err:0.1674 | horse_03 horse_04
2026-06-24 16:58:14,448 INFO: avg err:0.4347 | err:0.4119 | horse_03 horse_05
2026-06-24 16:58:14,776 INFO: avg err:0.4332 | err:0.0437 | horse_03 horse_06
2026-06-24 16:58:15,005 INFO: avg err:0.4324 | err:0.2325 | horse_03 horse_07
2026-06-24 16:58:15,240 INFO: avg err:0.4320 | err:0.3133 | horse_03 horse_08
2026-06-24 16:58:15,444 INFO: avg err:0.4326 | err:0.5942 | horse_03 horse_09
2026-06-24 16:58:15,770 INFO: avg err:0.4333 | err:0.6232 | horse_03 horse_10
2026-06-24 16:58:15,979 INFO: avg err:0.4349 | err:0.8477 | horse_04 cougar_01
2026-06-24 16:58:16,295 INFO: avg err:0.4364 | err:0.8262 | horse_04 cougar_02
2026-06-24 16:58:16,538 INFO: avg err:0.4358 | err:0.2722 | horse_04 cougar_03
2026-06-24 16:58:16,820 INFO: avg err:0.4354 | err:0.3409 | horse_04 cougar_04
2026-06-24 16:58:17,020 INFO: avg err:0.4348 | err:0.2803 | horse_04 hippo_01
2026-06-24 16:58:17,373 INFO: avg err:0.4340 | err:0.2201 | horse_04 hippo_02
2026-06-24 16:58:17,571 INFO: avg err:0.4353 | err:0.7818 | horse_04 hippo_03
2026-06-24 16:58:17,865 INFO: avg err:0.4347 | err:0.2711 | horse_04 hippo_04
2026-06-24 16:58:18,069 INFO: avg err:0.4344 | err:0.3566 | horse_04 hippo_05
2026-06-24 16:58:18,381 INFO: avg err:0.4343 | err:0.3934 | horse_04 hippo_06
2026-06-24 16:58:18,582 INFO: avg err:0.4333 | err:0.1810 | horse_04 horse_01
2026-06-24 16:58:18,907 INFO: avg err:0.4346 | err:0.7713 | horse_04 horse_02
2026-06-24 16:58:19,112 INFO: avg err:0.4337 | err:0.1907 | horse_04 horse_03
2026-06-24 16:58:19,411 INFO: avg err:0.4321 | err:0.0000 | horse_04 horse_04
2026-06-24 16:58:19,616 INFO: avg err:0.4318 | err:0.3470 | horse_04 horse_05
2026-06-24 16:58:19,962 INFO: avg err:0.4309 | err:0.1821 | horse_04 horse_06
2026-06-24 16:58:20,169 INFO: avg err:0.4302 | err:0.2319 | horse_04 horse_07
2026-06-24 16:58:20,476 INFO: avg err:0.4298 | err:0.3165 | horse_04 horse_08
2026-06-24 16:58:20,682 INFO: avg err:0.4306 | err:0.6545 | horse_04 horse_09
2026-06-24 16:58:20,997 INFO: avg err:0.4316 | err:0.7225 | horse_04 horse_10
2026-06-24 16:58:21,215 INFO: avg err:0.4334 | err:0.9365 | horse_05 cougar_01
2026-06-24 16:58:21,477 INFO: avg err:0.4352 | err:0.9380 | horse_05 cougar_02
2026-06-24 16:58:21,701 INFO: avg err:0.4354 | err:0.4868 | horse_05 cougar_03
2026-06-24 16:58:21,979 INFO: avg err:0.4351 | err:0.3665 | horse_05 cougar_04
2026-06-24 16:58:22,185 INFO: avg err:0.4347 | err:0.3148 | horse_05 hippo_01
2026-06-24 16:58:22,462 INFO: avg err:0.4337 | err:0.1484 | horse_05 hippo_02
2026-06-24 16:58:22,660 INFO: avg err:0.4348 | err:0.7588 | horse_05 hippo_03
2026-06-24 16:58:22,971 INFO: avg err:0.4347 | err:0.3846 | horse_05 hippo_04
2026-06-24 16:58:23,170 INFO: avg err:0.4345 | err:0.3989 | horse_05 hippo_05
2026-06-24 16:58:23,526 INFO: avg err:0.4339 | err:0.2535 | horse_05 hippo_06
2026-06-24 16:58:23,725 INFO: avg err:0.4333 | err:0.2519 | horse_05 horse_01
2026-06-24 16:58:23,985 INFO: avg err:0.4348 | err:0.8790 | horse_05 horse_02
2026-06-24 16:58:24,184 INFO: avg err:0.4348 | err:0.4250 | horse_05 horse_03
2026-06-24 16:58:24,534 INFO: avg err:0.4343 | err:0.2926 | horse_05 horse_04
2026-06-24 16:58:24,735 INFO: avg err:0.4328 | err:0.0000 | horse_05 horse_05
2026-06-24 16:58:25,112 INFO: avg err:0.4329 | err:0.4609 | horse_05 horse_06
2026-06-24 16:58:25,345 INFO: avg err:0.4330 | err:0.4503 | horse_05 horse_07
2026-06-24 16:58:25,617 INFO: avg err:0.4329 | err:0.4014 | horse_05 horse_08
2026-06-24 16:58:25,840 INFO: avg err:0.4340 | err:0.7580 | horse_05 horse_09
2026-06-24 16:58:26,107 INFO: avg err:0.4353 | err:0.8409 | horse_05 horse_10
2026-06-24 16:58:26,313 INFO: avg err:0.4366 | err:0.8190 | horse_06 cougar_01
2026-06-24 16:58:26,614 INFO: avg err:0.4379 | err:0.8250 | horse_06 cougar_02
2026-06-24 16:58:26,821 INFO: avg err:0.4375 | err:0.3093 | horse_06 cougar_03
2026-06-24 16:58:27,182 INFO: avg err:0.4369 | err:0.2782 | horse_06 cougar_04
2026-06-24 16:58:27,408 INFO: avg err:0.4364 | err:0.2694 | horse_06 hippo_01
2026-06-24 16:58:27,648 INFO: avg err:0.4360 | err:0.3169 | horse_06 hippo_02
2026-06-24 16:58:27,887 INFO: avg err:0.4372 | err:0.8002 | horse_06 hippo_03
2026-06-24 16:58:28,120 INFO: avg err:0.4366 | err:0.2686 | horse_06 hippo_04
2026-06-24 16:58:28,327 INFO: avg err:0.4357 | err:0.1456 | horse_06 hippo_05
2026-06-24 16:58:28,613 INFO: avg err:0.4358 | err:0.4750 | horse_06 hippo_06
2026-06-24 16:58:28,833 INFO: avg err:0.4353 | err:0.2706 | horse_06 horse_01
2026-06-24 16:58:29,106 INFO: avg err:0.4361 | err:0.6918 | horse_06 horse_02
2026-06-24 16:58:29,312 INFO: avg err:0.4348 | err:0.0414 | horse_06 horse_03
2026-06-24 16:58:29,682 INFO: avg err:0.4342 | err:0.2209 | horse_06 horse_04
2026-06-24 16:58:29,882 INFO: avg err:0.4344 | err:0.5104 | horse_06 horse_05
2026-06-24 16:58:30,266 INFO: avg err:0.4330 | err:0.0000 | horse_06 horse_06
2026-06-24 16:58:30,465 INFO: avg err:0.4322 | err:0.1704 | horse_06 horse_07
2026-06-24 16:58:30,757 INFO: avg err:0.4318 | err:0.2972 | horse_06 horse_08
2026-06-24 16:58:30,957 INFO: avg err:0.4321 | err:0.5413 | horse_06 horse_09
2026-06-24 16:58:31,299 INFO: avg err:0.4328 | err:0.6350 | horse_06 horse_10
2026-06-24 16:58:31,499 INFO: avg err:0.4339 | err:0.8059 | horse_07 cougar_01
2026-06-24 16:58:31,769 INFO: avg err:0.4351 | err:0.8210 | horse_07 cougar_02
2026-06-24 16:58:31,968 INFO: avg err:0.4344 | err:0.2077 | horse_07 cougar_03
2026-06-24 16:58:32,312 INFO: avg err:0.4339 | err:0.2551 | horse_07 cougar_04
2026-06-24 16:58:32,512 INFO: avg err:0.4336 | err:0.3355 | horse_07 hippo_01
2026-06-24 16:58:32,778 INFO: avg err:0.4332 | err:0.3168 | horse_07 hippo_02
2026-06-24 16:58:32,982 INFO: avg err:0.4340 | err:0.6970 | horse_07 hippo_03
2026-06-24 16:58:33,325 INFO: avg err:0.4334 | err:0.2476 | horse_07 hippo_04
2026-06-24 16:58:33,525 INFO: avg err:0.4329 | err:0.2445 | horse_07 hippo_05
2026-06-24 16:58:33,807 INFO: avg err:0.4327 | err:0.3683 | horse_07 hippo_06
2026-06-24 16:58:34,020 INFO: avg err:0.4321 | err:0.2400 | horse_07 horse_01
2026-06-24 16:58:34,350 INFO: avg err:0.4329 | err:0.7108 | horse_07 horse_02
2026-06-24 16:58:34,588 INFO: avg err:0.4321 | err:0.1526 | horse_07 horse_03
2026-06-24 16:58:34,814 INFO: avg err:0.4313 | err:0.1729 | horse_07 horse_04
2026-06-24 16:58:35,013 INFO: avg err:0.4311 | err:0.3751 | horse_07 horse_05
2026-06-24 16:58:35,348 INFO: avg err:0.4302 | err:0.1295 | horse_07 horse_06
2026-06-24 16:58:35,551 INFO: avg err:0.4290 | err:0.0000 | horse_07 horse_07
2026-06-24 16:58:35,909 INFO: avg err:0.4283 | err:0.2034 | horse_07 horse_08
2026-06-24 16:58:36,115 INFO: avg err:0.4285 | err:0.5052 | horse_07 horse_09
2026-06-24 16:58:36,353 INFO: avg err:0.4297 | err:0.8323 | horse_07 horse_10
2026-06-24 16:58:36,571 INFO: avg err:0.4308 | err:0.7919 | horse_08 cougar_01
2026-06-24 16:58:36,860 INFO: avg err:0.4314 | err:0.6376 | horse_08 cougar_02
2026-06-24 16:58:37,059 INFO: avg err:0.4310 | err:0.2967 | horse_08 cougar_03
2026-06-24 16:58:37,362 INFO: avg err:0.4307 | err:0.3258 | horse_08 cougar_04
2026-06-24 16:58:37,597 INFO: avg err:0.4304 | err:0.3174 | horse_08 hippo_01
2026-06-24 16:58:37,882 INFO: avg err:0.4302 | err:0.3583 | horse_08 hippo_02
2026-06-24 16:58:38,117 INFO: avg err:0.4310 | err:0.7101 | horse_08 hippo_03
2026-06-24 16:58:38,383 INFO: avg err:0.4307 | err:0.3567 | horse_08 hippo_04
2026-06-24 16:58:38,582 INFO: avg err:0.4303 | err:0.2647 | horse_08 hippo_05
2026-06-24 16:58:38,835 INFO: avg err:0.4303 | err:0.4492 | horse_08 hippo_06
2026-06-24 16:58:39,046 INFO: avg err:0.4297 | err:0.2172 | horse_08 horse_01
2026-06-24 16:58:39,351 INFO: avg err:0.4304 | err:0.6772 | horse_08 horse_02
2026-06-24 16:58:39,555 INFO: avg err:0.4302 | err:0.3408 | horse_08 horse_03
2026-06-24 16:58:39,849 INFO: avg err:0.4298 | err:0.3180 | horse_08 horse_04
2026-06-24 16:58:40,074 INFO: avg err:0.4300 | err:0.5012 | horse_08 horse_05
2026-06-24 16:58:40,346 INFO: avg err:0.4296 | err:0.2549 | horse_08 horse_06
2026-06-24 16:58:40,546 INFO: avg err:0.4288 | err:0.1571 | horse_08 horse_07
2026-06-24 16:58:40,905 INFO: avg err:0.4276 | err:0.0000 | horse_08 horse_08
2026-06-24 16:58:41,105 INFO: avg err:0.4276 | err:0.4157 | horse_08 horse_09
2026-06-24 16:58:41,419 INFO: avg err:0.4280 | err:0.5713 | horse_08 horse_10
2026-06-24 16:58:41,627 INFO: avg err:0.4278 | err:0.3733 | horse_09 cougar_01
2026-06-24 16:58:41,931 INFO: avg err:0.4275 | err:0.3164 | horse_09 cougar_02
2026-06-24 16:58:42,131 INFO: avg err:0.4283 | err:0.7197 | horse_09 cougar_03
2026-06-24 16:58:42,454 INFO: avg err:0.4290 | err:0.6781 | horse_09 cougar_04
2026-06-24 16:58:42,681 INFO: avg err:0.4299 | err:0.7580 | horse_09 hippo_01
2026-06-24 16:58:42,941 INFO: avg err:0.4305 | err:0.6682 | horse_09 hippo_02
2026-06-24 16:58:43,141 INFO: avg err:0.4307 | err:0.5000 | horse_09 hippo_03
2026-06-24 16:58:43,439 INFO: avg err:0.4317 | err:0.7816 | horse_09 hippo_04
2026-06-24 16:58:43,638 INFO: avg err:0.4320 | err:0.5574 | horse_09 hippo_05
2026-06-24 16:58:43,961 INFO: avg err:0.4327 | err:0.6723 | horse_09 hippo_06
2026-06-24 16:58:44,165 INFO: avg err:0.4330 | err:0.5350 | horse_09 horse_01
2026-06-24 16:58:44,463 INFO: avg err:0.4328 | err:0.3694 | horse_09 horse_02
2026-06-24 16:58:44,668 INFO: avg err:0.4333 | err:0.6267 | horse_09 horse_03
2026-06-24 16:58:44,967 INFO: avg err:0.4342 | err:0.7558 | horse_09 horse_04
2026-06-24 16:58:45,167 INFO: avg err:0.4349 | err:0.7250 | horse_09 horse_05
2026-06-24 16:58:45,473 INFO: avg err:0.4355 | err:0.6462 | horse_09 horse_06
2026-06-24 16:58:45,674 INFO: avg err:0.4361 | err:0.6465 | horse_09 horse_07
2026-06-24 16:58:46,002 INFO: avg err:0.4360 | err:0.4307 | horse_09 horse_08
2026-06-24 16:58:46,203 INFO: avg err:0.4349 | err:0.0000 | horse_09 horse_09
2026-06-24 16:58:46,594 INFO: avg err:0.4342 | err:0.1836 | horse_09 horse_10
2026-06-24 16:58:46,816 INFO: avg err:0.4340 | err:0.3543 | horse_10 cougar_01
2026-06-24 16:58:47,104 INFO: avg err:0.4338 | err:0.3588 | horse_10 cougar_02
2026-06-24 16:58:47,301 INFO: avg err:0.4350 | err:0.8669 | horse_10 cougar_03
2026-06-24 16:58:47,596 INFO: avg err:0.4361 | err:0.8882 | horse_10 cougar_04
2026-06-24 16:58:47,818 INFO: avg err:0.4372 | err:0.8294 | horse_10 hippo_01
2026-06-24 16:58:48,086 INFO: avg err:0.4378 | err:0.7005 | horse_10 hippo_02
2026-06-24 16:58:48,292 INFO: avg err:0.4383 | err:0.6285 | horse_10 hippo_03
2026-06-24 16:58:48,622 INFO: avg err:0.4393 | err:0.8250 | horse_10 hippo_04
2026-06-24 16:58:48,819 INFO: avg err:0.4399 | err:0.6535 | horse_10 hippo_05
2026-06-24 16:58:49,100 INFO: avg err:0.4408 | err:0.7894 | horse_10 hippo_06
2026-06-24 16:58:49,297 INFO: avg err:0.4413 | err:0.6343 | horse_10 horse_01
2026-06-24 16:58:49,688 INFO: avg err:0.4410 | err:0.3148 | horse_10 horse_02
2026-06-24 16:58:49,891 INFO: avg err:0.4415 | err:0.6492 | horse_10 horse_03
2026-06-24 16:58:50,186 INFO: avg err:0.4424 | err:0.8021 | horse_10 horse_04
2026-06-24 16:58:50,390 INFO: avg err:0.4432 | err:0.7717 | horse_10 horse_05
2026-06-24 16:58:50,682 INFO: avg err:0.4438 | err:0.6521 | horse_10 horse_06
2026-06-24 16:58:50,878 INFO: avg err:0.4448 | err:0.8539 | horse_10 horse_07
2026-06-24 16:58:51,151 INFO: avg err:0.4453 | err:0.6277 | horse_10 horse_08
2026-06-24 16:58:51,348 INFO: avg err:0.4446 | err:0.1918 | horse_10 horse_09
2026-06-24 16:58:51,653 INFO: avg err:0.4435 | err:0.0000 | horse_10 horse_10
2026-06-24 16:58:51,678 INFO: Avg time: 0.0771
2026-06-24 16:58:52,132 INFO: Val auc: 0.2540
2026-06-24 16:58:52,138 INFO: Val avg error: 0.4435
2026-06-24 16:58:52,178 INFO: [ONB diag] max|Q-I|: mean=7.5982e-02 max=8.1097e-02 | max|Φ̃ᵀMΦ̃-I|: mean=7.5758e-07 max=9.5367e-07
2026-06-24 16:58:57,170 INFO: [smal_..][epoch: 12, iter:  10,020, lr:(4.796e-04,4.796e-04,)][eta: 0:36:00, time (data): 0.260 (0.015)]l_bij: 2.3663e+02 l_orth: 2.2479e+02 l_align: 1.3900e+02 l_total: 6.0042e+02 
2026-06-24 16:59:02,069 INFO: [smal_..][epoch: 12, iter:  10,040, lr:(4.796e-04,4.796e-04,)][eta: 0:35:53, time (data): 0.259 (0.015)]l_bij: 2.2941e+02 l_orth: 2.1795e+02 l_align: 1.4049e+02 l_total: 5.8785e+02 
2026-06-24 16:59:06,928 INFO: [smal_..][epoch: 12, iter:  10,060, lr:(4.796e-04,4.796e-04,)][eta: 0:35:45, time (data): 0.243 (0.014)]l_bij: 2.3330e+02 l_orth: 2.2278e+02 l_align: 1.4261e+02 l_total: 5.9870e+02 
2026-06-24 16:59:11,829 INFO: [smal_..][epoch: 12, iter:  10,080, lr:(4.796e-04,4.796e-04,)][eta: 0:35:38, time (data): 0.244 (0.015)]l_bij: 2.3139e+02 l_orth: 2.2209e+02 l_align: 1.4395e+02 l_total: 5.9743e+02 
2026-06-24 16:59:16,994 INFO: [smal_..][epoch: 13, iter:  10,100, lr:(4.109e-04,4.109e-04,)][eta: 0:35:31, time (data): 0.250 (0.020)]l_bij: 2.3745e+02 l_orth: 2.3042e+02 l_align: 1.5127e+02 l_total: 6.1914e+02 
2026-06-24 16:59:21,926 INFO: [smal_..][epoch: 13, iter:  10,120, lr:(4.109e-04,4.109e-04,)][eta: 0:35:24, time (data): 0.249 (0.018)]l_bij: 1.3132e+02 l_orth: 1.3558e+02 l_align: 2.3865e+02 l_total: 5.0555e+02 
2026-06-24 16:59:26,817 INFO: [smal_..][epoch: 13, iter:  10,140, lr:(4.109e-04,4.109e-04,)][eta: 0:35:16, time (data): 0.248 (0.017)]l_bij: 2.3374e+02 l_orth: 2.2316e+02 l_align: 1.4168e+02 l_total: 5.9859e+02 
2026-06-24 16:59:31,965 INFO: [smal_..][epoch: 13, iter:  10,160, lr:(4.109e-04,4.109e-04,)][eta: 0:35:09, time (data): 0.249 (0.017)]l_bij: 2.3895e+02 l_orth: 2.2686e+02 l_align: 1.3564e+02 l_total: 6.0146e+02 
2026-06-24 16:59:37,293 INFO: [smal_..][epoch: 13, iter:  10,180, lr:(4.109e-04,4.109e-04,)][eta: 0:35:02, time (data): 0.252 (0.017)]l_bij: 2.3440e+02 l_orth: 2.2547e+02 l_align: 1.4969e+02 l_total: 6.0957e+02 
2026-06-24 16:59:42,603 INFO: [smal_..][epoch: 13, iter:  10,200, lr:(4.109e-04,4.109e-04,)][eta: 0:34:55, time (data): 0.254 (0.016)]l_bij: 2.3768e+02 l_orth: 2.2122e+02 l_align: 1.4239e+02 l_total: 6.0130e+02 
2026-06-24 16:59:47,870 INFO: [smal_..][epoch: 13, iter:  10,220, lr:(4.109e-04,4.109e-04,)][eta: 0:34:48, time (data): 0.255 (0.016)]l_bij: 2.3311e+02 l_orth: 2.2458e+02 l_align: 1.4848e+02 l_total: 6.0618e+02 
2026-06-24 16:59:53,105 INFO: [smal_..][epoch: 13, iter:  10,240, lr:(4.109e-04,4.109e-04,)][eta: 0:34:41, time (data): 0.256 (0.016)]l_bij: 2.2636e+02 l_orth: 2.1497e+02 l_align: 1.4796e+02 l_total: 5.8929e+02 
2026-06-24 16:59:58,461 INFO: [smal_..][epoch: 13, iter:  10,260, lr:(4.109e-04,4.109e-04,)][eta: 0:34:34, time (data): 0.267 (0.014)]l_bij: 2.2293e+02 l_orth: 2.1087e+02 l_align: 1.5056e+02 l_total: 5.8435e+02 
2026-06-24 17:00:03,683 INFO: [smal_..][epoch: 13, iter:  10,280, lr:(4.109e-04,4.109e-04,)][eta: 0:34:27, time (data): 0.263 (0.014)]l_bij: 2.3609e+02 l_orth: 2.2416e+02 l_align: 1.3495e+02 l_total: 5.9521e+02 
2026-06-24 17:00:09,030 INFO: [smal_..][epoch: 13, iter:  10,300, lr:(4.109e-04,4.109e-04,)][eta: 0:34:20, time (data): 0.264 (0.015)]l_bij: 2.3251e+02 l_orth: 2.2615e+02 l_align: 1.4732e+02 l_total: 6.0599e+02 
2026-06-24 17:00:14,409 INFO: [smal_..][epoch: 13, iter:  10,320, lr:(4.109e-04,4.109e-04,)][eta: 0:34:13, time (data): 0.266 (0.015)]l_bij: 2.3276e+02 l_orth: 2.1926e+02 l_align: 1.3949e+02 l_total: 5.9151e+02 
2026-06-24 17:00:19,677 INFO: [smal_..][epoch: 13, iter:  10,340, lr:(4.109e-04,4.109e-04,)][eta: 0:34:06, time (data): 0.265 (0.015)]l_bij: 2.2670e+02 l_orth: 2.1526e+02 l_align: 1.4556e+02 l_total: 5.8752e+02 
2026-06-24 17:00:24,928 INFO: [smal_..][epoch: 13, iter:  10,360, lr:(4.109e-04,4.109e-04,)][eta: 0:33:59, time (data): 0.265 (0.015)]l_bij: 2.3008e+02 l_orth: 2.1794e+02 l_align: 1.4581e+02 l_total: 5.9383e+02 
2026-06-24 17:00:30,247 INFO: [smal_..][epoch: 13, iter:  10,380, lr:(4.109e-04,4.109e-04,)][eta: 0:33:52, time (data): 0.265 (0.015)]l_bij: 2.3020e+02 l_orth: 2.2382e+02 l_align: 1.4479e+02 l_total: 5.9881e+02 
2026-06-24 17:00:35,302 INFO: [smal_..][epoch: 13, iter:  10,400, lr:(4.109e-04,4.109e-04,)][eta: 0:33:45, time (data): 0.263 (0.014)]l_bij: 2.2071e+02 l_orth: 2.1007e+02 l_align: 1.5822e+02 l_total: 5.8901e+02 
2026-06-24 17:00:40,566 INFO: [smal_..][epoch: 13, iter:  10,420, lr:(4.109e-04,4.109e-04,)][eta: 0:33:38, time (data): 0.263 (0.014)]l_bij: 2.2901e+02 l_orth: 2.2097e+02 l_align: 1.4443e+02 l_total: 5.9440e+02 
2026-06-24 17:00:45,754 INFO: [smal_..][epoch: 13, iter:  10,440, lr:(4.109e-04,4.109e-04,)][eta: 0:33:31, time (data): 0.263 (0.014)]l_bij: 2.3234e+02 l_orth: 2.2243e+02 l_align: 1.4863e+02 l_total: 6.0340e+02 
2026-06-24 17:00:51,070 INFO: [smal_..][epoch: 13, iter:  10,460, lr:(4.109e-04,4.109e-04,)][eta: 0:33:25, time (data): 0.261 (0.014)]l_bij: 2.2505e+02 l_orth: 2.2882e+02 l_align: 1.5660e+02 l_total: 6.1047e+02 
2026-06-24 17:00:56,352 INFO: [smal_..][epoch: 13, iter:  10,480, lr:(4.109e-04,4.109e-04,)][eta: 0:33:18, time (data): 0.263 (0.015)]l_bij: 2.4147e+02 l_orth: 2.2839e+02 l_align: 1.3596e+02 l_total: 6.0582e+02 
2026-06-24 17:01:01,648 INFO: [smal_..][epoch: 13, iter:  10,500, lr:(4.109e-04,4.109e-04,)][eta: 0:33:11, time (data): 0.264 (0.015)]l_bij: 2.3596e+02 l_orth: 2.2594e+02 l_align: 1.4435e+02 l_total: 6.0625e+02 
2026-06-24 17:01:06,958 INFO: [smal_..][epoch: 13, iter:  10,520, lr:(4.109e-04,4.109e-04,)][eta: 0:33:04, time (data): 0.264 (0.015)]l_bij: 2.2315e+02 l_orth: 2.1410e+02 l_align: 1.5321e+02 l_total: 5.9046e+02 
2026-06-24 17:01:12,146 INFO: [smal_..][epoch: 13, iter:  10,540, lr:(4.109e-04,4.109e-04,)][eta: 0:32:57, time (data): 0.263 (0.015)]l_bij: 2.3338e+02 l_orth: 2.2299e+02 l_align: 1.4776e+02 l_total: 6.0413e+02 
2026-06-24 17:01:17,054 INFO: [smal_..][epoch: 13, iter:  10,560, lr:(4.109e-04,4.109e-04,)][eta: 0:32:50, time (data): 0.260 (0.015)]l_bij: 2.2753e+02 l_orth: 2.1462e+02 l_align: 1.4184e+02 l_total: 5.8399e+02 
2026-06-24 17:01:21,987 INFO: [smal_..][epoch: 13, iter:  10,580, lr:(4.109e-04,4.109e-04,)][eta: 0:32:43, time (data): 0.258 (0.015)]l_bij: 2.2692e+02 l_orth: 2.1378e+02 l_align: 1.4495e+02 l_total: 5.8565e+02 
2026-06-24 17:01:26,946 INFO: [smal_..][epoch: 13, iter:  10,600, lr:(4.109e-04,4.109e-04,)][eta: 0:32:36, time (data): 0.256 (0.015)]l_bij: 2.2853e+02 l_orth: 2.1894e+02 l_align: 1.4516e+02 l_total: 5.9263e+02 
2026-06-24 17:01:31,857 INFO: [smal_..][epoch: 13, iter:  10,620, lr:(4.109e-04,4.109e-04,)][eta: 0:32:28, time (data): 0.255 (0.015)]l_bij: 2.1683e+02 l_orth: 2.0481e+02 l_align: 1.5733e+02 l_total: 5.7897e+02 
2026-06-24 17:01:36,677 INFO: [smal_..][epoch: 13, iter:  10,640, lr:(4.109e-04,4.109e-04,)][eta: 0:32:21, time (data): 0.253 (0.015)]l_bij: 2.3005e+02 l_orth: 2.1887e+02 l_align: 1.4224e+02 l_total: 5.9115e+02 
2026-06-24 17:01:41,528 INFO: [smal_..][epoch: 13, iter:  10,660, lr:(4.109e-04,4.109e-04,)][eta: 0:32:14, time (data): 0.241 (0.016)]l_bij: 2.3930e+02 l_orth: 2.2364e+02 l_align: 1.4055e+02 l_total: 6.0350e+02 
2026-06-24 17:01:46,315 INFO: [smal_..][epoch: 13, iter:  10,680, lr:(4.109e-04,4.109e-04,)][eta: 0:32:07, time (data): 0.240 (0.015)]l_bij: 2.2268e+02 l_orth: 2.1508e+02 l_align: 1.5392e+02 l_total: 5.9167e+02 
2026-06-24 17:01:51,191 INFO: [smal_..][epoch: 13, iter:  10,700, lr:(4.109e-04,4.109e-04,)][eta: 0:32:00, time (data): 0.241 (0.014)]l_bij: 2.3229e+02 l_orth: 2.1921e+02 l_align: 1.3857e+02 l_total: 5.9007e+02 
2026-06-24 17:01:56,081 INFO: [smal_..][epoch: 13, iter:  10,720, lr:(4.109e-04,4.109e-04,)][eta: 0:31:53, time (data): 0.242 (0.015)]l_bij: 2.3517e+02 l_orth: 2.2377e+02 l_align: 1.4385e+02 l_total: 6.0280e+02 
2026-06-24 17:02:00,889 INFO: [smal_..][epoch: 13, iter:  10,740, lr:(4.109e-04,4.109e-04,)][eta: 0:31:46, time (data): 0.242 (0.015)]l_bij: 2.3485e+02 l_orth: 2.2407e+02 l_align: 1.3644e+02 l_total: 5.9536e+02 
2026-06-24 17:02:05,758 INFO: [smal_..][epoch: 13, iter:  10,760, lr:(4.109e-04,4.109e-04,)][eta: 0:31:39, time (data): 0.242 (0.015)]l_bij: 2.3752e+02 l_orth: 2.2057e+02 l_align: 1.4385e+02 l_total: 6.0193e+02 
2026-06-24 17:02:10,617 INFO: [smal_..][epoch: 13, iter:  10,780, lr:(4.109e-04,4.109e-04,)][eta: 0:31:32, time (data): 0.242 (0.015)]l_bij: 2.2895e+02 l_orth: 2.1638e+02 l_align: 1.5180e+02 l_total: 5.9712e+02 
2026-06-24 17:02:15,578 INFO: [smal_..][epoch: 13, iter:  10,800, lr:(4.109e-04,4.109e-04,)][eta: 0:31:25, time (data): 0.243 (0.015)]l_bij: 2.3087e+02 l_orth: 2.2199e+02 l_align: 1.4619e+02 l_total: 5.9905e+02 
2026-06-24 17:02:20,442 INFO: [smal_..][epoch: 13, iter:  10,820, lr:(4.109e-04,4.109e-04,)][eta: 0:31:18, time (data): 0.243 (0.015)]l_bij: 2.3491e+02 l_orth: 2.2001e+02 l_align: 1.3891e+02 l_total: 5.9382e+02 
2026-06-24 17:02:25,381 INFO: [smal_..][epoch: 13, iter:  10,840, lr:(4.109e-04,4.109e-04,)][eta: 0:31:11, time (data): 0.243 (0.015)]l_bij: 2.3731e+02 l_orth: 2.2809e+02 l_align: 1.4529e+02 l_total: 6.1069e+02 
2026-06-24 17:02:30,249 INFO: [smal_..][epoch: 13, iter:  10,860, lr:(4.109e-04,4.109e-04,)][eta: 0:31:04, time (data): 0.245 (0.015)]l_bij: 2.3383e+02 l_orth: 2.2787e+02 l_align: 1.4606e+02 l_total: 6.0776e+02 
2026-06-24 17:02:35,209 INFO: [smal_..][epoch: 13, iter:  10,880, lr:(4.109e-04,4.109e-04,)][eta: 0:30:57, time (data): 0.247 (0.014)]l_bij: 2.2797e+02 l_orth: 2.2066e+02 l_align: 1.5117e+02 l_total: 5.9980e+02 
2026-06-24 17:02:40,093 INFO: [smal_..][epoch: 13, iter:  10,900, lr:(4.109e-04,4.109e-04,)][eta: 0:30:50, time (data): 0.246 (0.014)]l_bij: 2.3841e+02 l_orth: 2.2295e+02 l_align: 1.4082e+02 l_total: 6.0218e+02 
2026-06-24 17:02:44,997 INFO: [smal_..][epoch: 13, iter:  10,920, lr:(4.109e-04,4.109e-04,)][eta: 0:30:43, time (data): 0.245 (0.014)]l_bij: 2.3056e+02 l_orth: 2.1740e+02 l_align: 1.4548e+02 l_total: 5.9345e+02 
2026-06-24 17:02:49,865 INFO: [smal_..][epoch: 14, iter:  10,940, lr:(3.457e-04,3.457e-04,)][eta: 0:30:36, time (data): 0.245 (0.017)]l_bij: 2.2117e+02 l_orth: 2.1214e+02 l_align: 1.5114e+02 l_total: 5.8445e+02 
2026-06-24 17:02:54,568 INFO: [smal_..][epoch: 14, iter:  10,960, lr:(3.457e-04,3.457e-04,)][eta: 0:30:29, time (data): 0.243 (0.017)]l_bij: 2.3476e+02 l_orth: 2.2487e+02 l_align: 1.4475e+02 l_total: 6.0437e+02 
2026-06-24 17:02:59,197 INFO: [smal_..][epoch: 14, iter:  10,980, lr:(3.457e-04,3.457e-04,)][eta: 0:30:22, time (data): 0.241 (0.017)]l_bij: 2.2418e+02 l_orth: 2.1486e+02 l_align: 1.4800e+02 l_total: 5.8704e+02 
2026-06-24 17:03:03,834 INFO: [smal_..][epoch: 14, iter:  11,000, lr:(3.457e-04,3.457e-04,)][eta: 0:30:14, time (data): 0.240 (0.017)]l_bij: 2.2646e+02 l_orth: 2.1818e+02 l_align: 1.4532e+02 l_total: 5.8995e+02 
2026-06-24 17:03:08,441 INFO: [smal_..][epoch: 14, iter:  11,020, lr:(3.457e-04,3.457e-04,)][eta: 0:30:07, time (data): 0.239 (0.016)]l_bij: 2.4193e+02 l_orth: 2.3963e+02 l_align: 1.3829e+02 l_total: 6.1985e+02 
2026-06-24 17:03:13,094 INFO: [smal_..][epoch: 14, iter:  11,040, lr:(3.457e-04,3.457e-04,)][eta: 0:30:00, time (data): 0.238 (0.016)]l_bij: 2.2924e+02 l_orth: 2.1712e+02 l_align: 1.4274e+02 l_total: 5.8909e+02 
2026-06-24 17:03:17,746 INFO: [smal_..][epoch: 14, iter:  11,060, lr:(3.457e-04,3.457e-04,)][eta: 0:29:53, time (data): 0.236 (0.018)]l_bij: 2.2053e+02 l_orth: 2.1006e+02 l_align: 1.5369e+02 l_total: 5.8428e+02 
2026-06-24 17:03:22,337 INFO: [smal_..][epoch: 14, iter:  11,080, lr:(3.457e-04,3.457e-04,)][eta: 0:29:46, time (data): 0.231 (0.016)]l_bij: 2.2576e+02 l_orth: 2.1177e+02 l_align: 1.4548e+02 l_total: 5.8301e+02 
2026-06-24 17:03:26,998 INFO: [smal_..][epoch: 14, iter:  11,100, lr:(3.457e-04,3.457e-04,)][eta: 0:29:39, time (data): 0.232 (0.016)]l_bij: 2.3247e+02 l_orth: 2.2532e+02 l_align: 1.4945e+02 l_total: 6.0724e+02 
2026-06-24 17:03:31,653 INFO: [smal_..][epoch: 14, iter:  11,120, lr:(3.457e-04,3.457e-04,)][eta: 0:29:32, time (data): 0.232 (0.016)]l_bij: 2.2663e+02 l_orth: 2.1485e+02 l_align: 1.5391e+02 l_total: 5.9538e+02 
2026-06-24 17:03:36,297 INFO: [smal_..][epoch: 14, iter:  11,140, lr:(3.457e-04,3.457e-04,)][eta: 0:29:25, time (data): 0.232 (0.016)]l_bij: 2.4427e+02 l_orth: 2.3201e+02 l_align: 1.4253e+02 l_total: 6.1881e+02 
2026-06-24 17:03:40,949 INFO: [smal_..][epoch: 14, iter:  11,160, lr:(3.457e-04,3.457e-04,)][eta: 0:29:18, time (data): 0.232 (0.016)]l_bij: 2.2469e+02 l_orth: 2.1647e+02 l_align: 1.4840e+02 l_total: 5.8955e+02 
2026-06-24 17:03:45,609 INFO: [smal_..][epoch: 14, iter:  11,180, lr:(3.457e-04,3.457e-04,)][eta: 0:29:11, time (data): 0.232 (0.016)]l_bij: 2.3074e+02 l_orth: 2.1849e+02 l_align: 1.4813e+02 l_total: 5.9736e+02 
2026-06-24 17:03:50,454 INFO: [smal_..][epoch: 14, iter:  11,200, lr:(3.457e-04,3.457e-04,)][eta: 0:29:04, time (data): 0.234 (0.016)]l_bij: 2.1791e+02 l_orth: 2.1267e+02 l_align: 1.5918e+02 l_total: 5.8977e+02 
2026-06-24 17:03:55,270 INFO: [smal_..][epoch: 14, iter:  11,220, lr:(3.457e-04,3.457e-04,)][eta: 0:28:57, time (data): 0.234 (0.016)]l_bij: 2.3538e+02 l_orth: 2.2297e+02 l_align: 1.4152e+02 l_total: 5.9987e+02 
2026-06-24 17:04:00,185 INFO: [smal_..][epoch: 14, iter:  11,240, lr:(3.457e-04,3.457e-04,)][eta: 0:28:50, time (data): 0.236 (0.016)]l_bij: 2.3830e+02 l_orth: 2.2932e+02 l_align: 1.3759e+02 l_total: 6.0521e+02 
2026-06-24 17:04:05,231 INFO: [smal_..][epoch: 14, iter:  11,260, lr:(3.457e-04,3.457e-04,)][eta: 0:28:44, time (data): 0.257 (0.016)]l_bij: 2.4037e+02 l_orth: 2.3280e+02 l_align: 1.3929e+02 l_total: 6.1246e+02 
2026-06-24 17:04:10,209 INFO: [smal_..][epoch: 14, iter:  11,280, lr:(3.457e-04,3.457e-04,)][eta: 0:28:37, time (data): 0.250 (0.016)]l_bij: 2.1413e+02 l_orth: 2.0638e+02 l_align: 1.6167e+02 l_total: 5.8218e+02 
2026-06-24 17:04:15,206 INFO: [smal_..][epoch: 14, iter:  11,300, lr:(3.457e-04,3.457e-04,)][eta: 0:28:30, time (data): 0.250 (0.016)]l_bij: 2.2382e+02 l_orth: 2.1415e+02 l_align: 1.4790e+02 l_total: 5.8587e+02 
2026-06-24 17:04:20,082 INFO: [smal_..][epoch: 14, iter:  11,320, lr:(3.457e-04,3.457e-04,)][eta: 0:28:23, time (data): 0.248 (0.016)]l_bij: 1.3790e+02 l_orth: 1.3995e+02 l_align: 2.2677e+02 l_total: 5.0462e+02 
2026-06-24 17:04:24,915 INFO: [smal_..][epoch: 14, iter:  11,340, lr:(3.457e-04,3.457e-04,)][eta: 0:28:16, time (data): 0.246 (0.015)]l_bij: 2.2411e+02 l_orth: 2.1760e+02 l_align: 1.4520e+02 l_total: 5.8691e+02 
2026-06-24 17:04:29,816 INFO: [smal_..][epoch: 14, iter:  11,360, lr:(3.457e-04,3.457e-04,)][eta: 0:28:10, time (data): 0.246 (0.015)]l_bij: 2.2779e+02 l_orth: 2.1512e+02 l_align: 1.4216e+02 l_total: 5.8507e+02 
2026-06-24 17:04:34,557 INFO: [smal_..][epoch: 14, iter:  11,380, lr:(3.457e-04,3.457e-04,)][eta: 0:28:03, time (data): 0.245 (0.015)]l_bij: 2.3894e+02 l_orth: 2.2128e+02 l_align: 1.3938e+02 l_total: 5.9960e+02 
2026-06-24 17:04:39,194 INFO: [smal_..][epoch: 14, iter:  11,400, lr:(3.457e-04,3.457e-04,)][eta: 0:27:56, time (data): 0.243 (0.015)]l_bij: 2.2967e+02 l_orth: 2.2269e+02 l_align: 1.4425e+02 l_total: 5.9661e+02 
2026-06-24 17:04:43,805 INFO: [smal_..][epoch: 14, iter:  11,420, lr:(3.457e-04,3.457e-04,)][eta: 0:27:49, time (data): 0.241 (0.015)]l_bij: 2.2629e+02 l_orth: 2.2268e+02 l_align: 1.5661e+02 l_total: 6.0558e+02 
2026-06-24 17:04:48,417 INFO: [smal_..][epoch: 14, iter:  11,440, lr:(3.457e-04,3.457e-04,)][eta: 0:27:42, time (data): 0.240 (0.015)]l_bij: 2.3699e+02 l_orth: 2.2856e+02 l_align: 1.4241e+02 l_total: 6.0796e+02 
2026-06-24 17:04:52,990 INFO: [smal_..][epoch: 14, iter:  11,460, lr:(3.457e-04,3.457e-04,)][eta: 0:27:35, time (data): 0.224 (0.012)]l_bij: 2.3962e+02 l_orth: 2.2481e+02 l_align: 1.3696e+02 l_total: 6.0139e+02 
2026-06-24 17:04:57,581 INFO: [smal_..][epoch: 14, iter:  11,480, lr:(3.457e-04,3.457e-04,)][eta: 0:27:28, time (data): 0.229 (0.015)]l_bij: 2.3568e+02 l_orth: 2.2464e+02 l_align: 1.3765e+02 l_total: 5.9797e+02 
2026-06-24 17:05:02,173 INFO: [smal_..][epoch: 14, iter:  11,500, lr:(3.457e-04,3.457e-04,)][eta: 0:27:21, time (data): 0.229 (0.015)]l_bij: 2.2522e+02 l_orth: 2.1707e+02 l_align: 1.4553e+02 l_total: 5.8782e+02 
2026-06-24 17:05:06,779 INFO: [smal_..][epoch: 14, iter:  11,520, lr:(3.457e-04,3.457e-04,)][eta: 0:27:14, time (data): 0.229 (0.015)]l_bij: 2.3078e+02 l_orth: 2.2207e+02 l_align: 1.4095e+02 l_total: 5.9380e+02 
2026-06-24 17:05:11,417 INFO: [smal_..][epoch: 14, iter:  11,540, lr:(3.457e-04,3.457e-04,)][eta: 0:27:07, time (data): 0.230 (0.016)]l_bij: 2.2465e+02 l_orth: 2.1608e+02 l_align: 1.4571e+02 l_total: 5.8644e+02 
2026-06-24 17:05:16,052 INFO: [smal_..][epoch: 14, iter:  11,560, lr:(3.457e-04,3.457e-04,)][eta: 0:27:00, time (data): 0.230 (0.016)]l_bij: 2.2480e+02 l_orth: 2.1426e+02 l_align: 1.4758e+02 l_total: 5.8664e+02 
2026-06-24 17:05:20,717 INFO: [smal_..][epoch: 14, iter:  11,580, lr:(3.457e-04,3.457e-04,)][eta: 0:26:54, time (data): 0.231 (0.016)]l_bij: 2.0989e+02 l_orth: 2.0755e+02 l_align: 1.6138e+02 l_total: 5.7882e+02 
2026-06-24 17:05:25,408 INFO: [smal_..][epoch: 14, iter:  11,600, lr:(3.457e-04,3.457e-04,)][eta: 0:26:47, time (data): 0.231 (0.016)]l_bij: 2.2664e+02 l_orth: 2.1599e+02 l_align: 1.4575e+02 l_total: 5.8838e+02 
2026-06-24 17:05:30,052 INFO: [smal_..][epoch: 14, iter:  11,620, lr:(3.457e-04,3.457e-04,)][eta: 0:26:40, time (data): 0.231 (0.016)]l_bij: 2.3402e+02 l_orth: 2.2377e+02 l_align: 1.4430e+02 l_total: 6.0209e+02 
2026-06-24 17:05:34,733 INFO: [smal_..][epoch: 14, iter:  11,640, lr:(3.457e-04,3.457e-04,)][eta: 0:26:33, time (data): 0.232 (0.016)]l_bij: 2.3231e+02 l_orth: 2.2292e+02 l_align: 1.4210e+02 l_total: 5.9733e+02 
2026-06-24 17:05:39,385 INFO: [smal_..][epoch: 14, iter:  11,660, lr:(3.457e-04,3.457e-04,)][eta: 0:26:26, time (data): 0.228 (0.014)]l_bij: 2.2531e+02 l_orth: 2.1186e+02 l_align: 1.5041e+02 l_total: 5.8758e+02 
2026-06-24 17:05:43,965 INFO: [smal_..][epoch: 14, iter:  11,680, lr:(3.457e-04,3.457e-04,)][eta: 0:26:19, time (data): 0.229 (0.016)]l_bij: 2.2990e+02 l_orth: 2.1856e+02 l_align: 1.3878e+02 l_total: 5.8725e+02 
2026-06-24 17:05:48,589 INFO: [smal_..][epoch: 14, iter:  11,700, lr:(3.457e-04,3.457e-04,)][eta: 0:26:13, time (data): 0.230 (0.016)]l_bij: 2.2969e+02 l_orth: 2.2143e+02 l_align: 1.4956e+02 l_total: 6.0068e+02 
2026-06-24 17:05:53,228 INFO: [smal_..][epoch: 14, iter:  11,720, lr:(3.457e-04,3.457e-04,)][eta: 0:26:06, time (data): 0.230 (0.016)]l_bij: 2.2404e+02 l_orth: 2.0978e+02 l_align: 1.5050e+02 l_total: 5.8432e+02 
2026-06-24 17:05:57,865 INFO: [smal_..][epoch: 14, iter:  11,740, lr:(3.457e-04,3.457e-04,)][eta: 0:25:59, time (data): 0.231 (0.016)]l_bij: 2.2957e+02 l_orth: 2.1926e+02 l_align: 1.4778e+02 l_total: 5.9661e+02 
2026-06-24 17:06:02,486 INFO: [smal_..][epoch: 14, iter:  11,760, lr:(3.457e-04,3.457e-04,)][eta: 0:25:52, time (data): 0.231 (0.016)]l_bij: 2.3699e+02 l_orth: 2.2610e+02 l_align: 1.3044e+02 l_total: 5.9353e+02 
2026-06-24 17:06:07,354 INFO: [smal_..][epoch: 15, iter:  11,780, lr:(2.855e-04,2.855e-04,)][eta: 0:25:46, time (data): 0.233 (0.018)]l_bij: 2.2216e+02 l_orth: 2.1386e+02 l_align: 1.4801e+02 l_total: 5.8403e+02 
2026-06-24 17:06:11,973 INFO: [smal_..][epoch: 15, iter:  11,800, lr:(2.855e-04,2.855e-04,)][eta: 0:25:39, time (data): 0.233 (0.018)]l_bij: 2.3096e+02 l_orth: 2.2132e+02 l_align: 1.4375e+02 l_total: 5.9604e+02 
2026-06-24 17:06:16,545 INFO: [smal_..][epoch: 15, iter:  11,820, lr:(2.855e-04,2.855e-04,)][eta: 0:25:32, time (data): 0.232 (0.017)]l_bij: 2.2796e+02 l_orth: 2.1828e+02 l_align: 1.4561e+02 l_total: 5.9184e+02 
2026-06-24 17:06:21,168 INFO: [smal_..][epoch: 15, iter:  11,840, lr:(2.855e-04,2.855e-04,)][eta: 0:25:25, time (data): 0.232 (0.017)]l_bij: 1.3042e+02 l_orth: 1.4109e+02 l_align: 2.4002e+02 l_total: 5.1153e+02 
2026-06-24 17:06:25,977 INFO: [smal_..][epoch: 15, iter:  11,860, lr:(2.855e-04,2.855e-04,)][eta: 0:25:19, time (data): 0.224 (0.014)]l_bij: 2.3847e+02 l_orth: 2.2473e+02 l_align: 1.3924e+02 l_total: 6.0244e+02 
2026-06-24 17:06:30,577 INFO: [smal_..][epoch: 15, iter:  11,880, lr:(2.855e-04,2.855e-04,)][eta: 0:25:12, time (data): 0.229 (0.015)]l_bij: 2.2949e+02 l_orth: 2.1990e+02 l_align: 1.4557e+02 l_total: 5.9495e+02 
2026-06-24 17:06:35,240 INFO: [smal_..][epoch: 15, iter:  11,900, lr:(2.855e-04,2.855e-04,)][eta: 0:25:05, time (data): 0.231 (0.015)]l_bij: 2.3074e+02 l_orth: 2.1831e+02 l_align: 1.4771e+02 l_total: 5.9676e+02 
2026-06-24 17:06:39,813 INFO: [smal_..][epoch: 15, iter:  11,920, lr:(2.855e-04,2.855e-04,)][eta: 0:24:58, time (data): 0.230 (0.015)]l_bij: 2.2098e+02 l_orth: 2.1250e+02 l_align: 1.5529e+02 l_total: 5.8877e+02 
2026-06-24 17:06:44,435 INFO: [smal_..][epoch: 15, iter:  11,940, lr:(2.855e-04,2.855e-04,)][eta: 0:24:52, time (data): 0.230 (0.015)]l_bij: 2.3214e+02 l_orth: 2.1807e+02 l_align: 1.3943e+02 l_total: 5.8964e+02 
2026-06-24 17:06:49,080 INFO: [smal_..][epoch: 15, iter:  11,960, lr:(2.855e-04,2.855e-04,)][eta: 0:24:45, time (data): 0.231 (0.015)]l_bij: 2.3229e+02 l_orth: 2.1960e+02 l_align: 1.3985e+02 l_total: 5.9174e+02 
2026-06-24 17:06:53,753 INFO: [smal_..][epoch: 15, iter:  11,980, lr:(2.855e-04,2.855e-04,)][eta: 0:24:38, time (data): 0.231 (0.016)]l_bij: 2.3224e+02 l_orth: 2.2093e+02 l_align: 1.4286e+02 l_total: 5.9603e+02 
2026-06-24 17:06:58,469 INFO: [smal_..][epoch: 15, iter:  12,000, lr:(2.855e-04,2.855e-04,)][eta: 0:24:32, time (data): 0.232 (0.016)]l_bij: 2.1538e+02 l_orth: 2.0818e+02 l_align: 1.6056e+02 l_total: 5.8412e+02 
2026-06-24 17:06:58,470 INFO: Saving models and training states.
2026-06-24 17:06:58,492 INFO: Start validation.
2026-06-24 17:06:59,345 INFO: avg err:0.0000 | err:0.0000 | cougar_01 cougar_01
2026-06-24 17:06:59,545 INFO: avg err:0.0925 | err:0.1850 | cougar_01 cougar_02
2026-06-24 17:06:59,847 INFO: avg err:0.3209 | err:0.7776 | cougar_01 cougar_03
2026-06-24 17:07:00,045 INFO: avg err:0.4474 | err:0.8271 | cougar_01 cougar_04
2026-06-24 17:07:00,339 INFO: avg err:0.5250 | err:0.8354 | cougar_01 hippo_01
2026-06-24 17:07:00,538 INFO: avg err:0.5698 | err:0.7936 | cougar_01 hippo_02
2026-06-24 17:07:00,829 INFO: avg err:0.5349 | err:0.3256 | cougar_01 hippo_03
2026-06-24 17:07:01,027 INFO: avg err:0.5719 | err:0.8308 | cougar_01 hippo_04
2026-06-24 17:07:01,333 INFO: avg err:0.5914 | err:0.7476 | cougar_01 hippo_05
2026-06-24 17:07:01,531 INFO: avg err:0.6115 | err:0.7918 | cougar_01 hippo_06
2026-06-24 17:07:01,821 INFO: avg err:0.6275 | err:0.7880 | cougar_01 horse_01
2026-06-24 17:07:02,019 INFO: avg err:0.6018 | err:0.3194 | cougar_01 horse_02
2026-06-24 17:07:02,310 INFO: avg err:0.6125 | err:0.7407 | cougar_01 horse_03
2026-06-24 17:07:02,508 INFO: avg err:0.6247 | err:0.7827 | cougar_01 horse_04
2026-06-24 17:07:02,802 INFO: avg err:0.6342 | err:0.7677 | cougar_01 horse_05
2026-06-24 17:07:03,001 INFO: avg err:0.6405 | err:0.7345 | cougar_01 horse_06
2026-06-24 17:07:03,298 INFO: avg err:0.6451 | err:0.7187 | cougar_01 horse_07
2026-06-24 17:07:03,496 INFO: avg err:0.6494 | err:0.7225 | cougar_01 horse_08
2026-06-24 17:07:03,790 INFO: avg err:0.6356 | err:0.3865 | cougar_01 horse_09
2026-06-24 17:07:03,989 INFO: avg err:0.6217 | err:0.3592 | cougar_01 horse_10
2026-06-24 17:07:04,281 INFO: avg err:0.6051 | err:0.2719 | cougar_02 cougar_01
2026-06-24 17:07:04,481 INFO: avg err:0.5776 | err:0.0000 | cougar_02 cougar_02
2026-06-24 17:07:04,768 INFO: avg err:0.5898 | err:0.8585 | cougar_02 cougar_03
2026-06-24 17:07:04,967 INFO: avg err:0.6017 | err:0.8762 | cougar_02 cougar_04
2026-06-24 17:07:05,260 INFO: avg err:0.6093 | err:0.7915 | cougar_02 hippo_01
2026-06-24 17:07:05,459 INFO: avg err:0.6132 | err:0.7107 | cougar_02 hippo_02
2026-06-24 17:07:05,755 INFO: avg err:0.6046 | err:0.3796 | cougar_02 hippo_03
2026-06-24 17:07:05,954 INFO: avg err:0.6111 | err:0.7886 | cougar_02 hippo_04
2026-06-24 17:07:06,246 INFO: avg err:0.6185 | err:0.8237 | cougar_02 hippo_05
2026-06-24 17:07:06,446 INFO: avg err:0.6235 | err:0.7691 | cougar_02 hippo_06
2026-06-24 17:07:06,740 INFO: avg err:0.6314 | err:0.8688 | cougar_02 horse_01
2026-06-24 17:07:06,939 INFO: avg err:0.6258 | err:0.4527 | cougar_02 horse_02
2026-06-24 17:07:07,220 INFO: avg err:0.6326 | err:0.8504 | cougar_02 horse_03
2026-06-24 17:07:07,430 INFO: avg err:0.6388 | err:0.8422 | cougar_02 horse_04
2026-06-24 17:07:07,711 INFO: avg err:0.6431 | err:0.7883 | cougar_02 horse_05
2026-06-24 17:07:07,922 INFO: avg err:0.6476 | err:0.8066 | cougar_02 horse_06
2026-06-24 17:07:08,200 INFO: avg err:0.6517 | err:0.8012 | cougar_02 horse_07
2026-06-24 17:07:08,412 INFO: avg err:0.6578 | err:0.8800 | cougar_02 horse_08
2026-06-24 17:07:08,701 INFO: avg err:0.6490 | err:0.3146 | cougar_02 horse_09
2026-06-24 17:07:08,900 INFO: avg err:0.6393 | err:0.2614 | cougar_02 horse_10
2026-06-24 17:07:09,190 INFO: avg err:0.6442 | err:0.8419 | cougar_03 cougar_01
2026-06-24 17:07:09,389 INFO: avg err:0.6494 | err:0.8610 | cougar_03 cougar_02
2026-06-24 17:07:09,680 INFO: avg err:0.6343 | err:0.0000 | cougar_03 cougar_03
2026-06-24 17:07:09,880 INFO: avg err:0.6264 | err:0.2862 | cougar_03 cougar_04
2026-06-24 17:07:10,168 INFO: avg err:0.6218 | err:0.4199 | cougar_03 hippo_01
2026-06-24 17:07:10,367 INFO: avg err:0.6175 | err:0.4275 | cougar_03 hippo_02
2026-06-24 17:07:10,662 INFO: avg err:0.6224 | err:0.8443 | cougar_03 hippo_03
2026-06-24 17:07:10,861 INFO: avg err:0.6171 | err:0.3669 | cougar_03 hippo_04
2026-06-24 17:07:11,151 INFO: avg err:0.6109 | err:0.3155 | cougar_03 hippo_05
2026-06-24 17:07:11,351 INFO: avg err:0.6075 | err:0.4403 | cougar_03 hippo_06
2026-06-24 17:07:11,644 INFO: avg err:0.6022 | err:0.3399 | cougar_03 horse_01
2026-06-24 17:07:11,843 INFO: avg err:0.6058 | err:0.7868 | cougar_03 horse_02
2026-06-24 17:07:12,126 INFO: avg err:0.6003 | err:0.3166 | cougar_03 horse_03
2026-06-24 17:07:12,337 INFO: avg err:0.5948 | err:0.2999 | cougar_03 horse_04
2026-06-24 17:07:12,635 INFO: avg err:0.5920 | err:0.4400 | cougar_03 horse_05
2026-06-24 17:07:12,835 INFO: avg err:0.5879 | err:0.3659 | cougar_03 horse_06
2026-06-24 17:07:13,123 INFO: avg err:0.5809 | err:0.1877 | cougar_03 horse_07
2026-06-24 17:07:13,321 INFO: avg err:0.5764 | err:0.3224 | cougar_03 horse_08
2026-06-24 17:07:13,594 INFO: avg err:0.5798 | err:0.7755 | cougar_03 horse_09
2026-06-24 17:07:13,805 INFO: avg err:0.5844 | err:0.8533 | cougar_03 horse_10
2026-06-24 17:07:14,098 INFO: avg err:0.5890 | err:0.8693 | cougar_04 cougar_01
2026-06-24 17:07:14,296 INFO: avg err:0.5946 | err:0.9342 | cougar_04 cougar_02
2026-06-24 17:07:14,582 INFO: avg err:0.5897 | err:0.2837 | cougar_04 cougar_03
2026-06-24 17:07:14,798 INFO: avg err:0.5805 | err:0.0000 | cougar_04 cougar_04
2026-06-24 17:07:15,070 INFO: avg err:0.5766 | err:0.3281 | cougar_04 hippo_01
2026-06-24 17:07:15,279 INFO: avg err:0.5720 | err:0.2715 | cougar_04 hippo_02
2026-06-24 17:07:15,561 INFO: avg err:0.5751 | err:0.7857 | cougar_04 hippo_03
2026-06-24 17:07:15,772 INFO: avg err:0.5713 | err:0.3142 | cougar_04 hippo_04
2026-06-24 17:07:16,055 INFO: avg err:0.5669 | err:0.2691 | cougar_04 hippo_05
2026-06-24 17:07:16,265 INFO: avg err:0.5643 | err:0.3828 | cougar_04 hippo_06
2026-06-24 17:07:16,549 INFO: avg err:0.5597 | err:0.2386 | cougar_04 horse_01
2026-06-24 17:07:16,760 INFO: avg err:0.5633 | err:0.8199 | cougar_04 horse_02
2026-06-24 17:07:17,040 INFO: avg err:0.5590 | err:0.2507 | cougar_04 horse_03
2026-06-24 17:07:17,251 INFO: avg err:0.5545 | err:0.2233 | cougar_04 horse_04
2026-06-24 17:07:17,527 INFO: avg err:0.5528 | err:0.4278 | cougar_04 horse_05
2026-06-24 17:07:17,738 INFO: avg err:0.5490 | err:0.2651 | cougar_04 horse_06
2026-06-24 17:07:18,020 INFO: avg err:0.5446 | err:0.2110 | cougar_04 horse_07
2026-06-24 17:07:18,229 INFO: avg err:0.5422 | err:0.3515 | cougar_04 horse_08
2026-06-24 17:07:18,511 INFO: avg err:0.5444 | err:0.7171 | cougar_04 horse_09
2026-06-24 17:07:18,722 INFO: avg err:0.5465 | err:0.7107 | cougar_04 horse_10
2026-06-24 17:07:19,002 INFO: avg err:0.5482 | err:0.6910 | hippo_01 cougar_01
2026-06-24 17:07:19,214 INFO: avg err:0.5499 | err:0.6873 | hippo_01 cougar_02
2026-06-24 17:07:19,500 INFO: avg err:0.5468 | err:0.2917 | hippo_01 cougar_03
2026-06-24 17:07:19,710 INFO: avg err:0.5428 | err:0.2046 | hippo_01 cougar_04
2026-06-24 17:07:19,996 INFO: avg err:0.5364 | err:0.0000 | hippo_01 hippo_01
2026-06-24 17:07:20,207 INFO: avg err:0.5321 | err:0.1662 | hippo_01 hippo_02
2026-06-24 17:07:20,496 INFO: avg err:0.5331 | err:0.6232 | hippo_01 hippo_03
2026-06-24 17:07:20,695 INFO: avg err:0.5278 | err:0.0676 | hippo_01 hippo_04
2026-06-24 17:07:20,978 INFO: avg err:0.5248 | err:0.2583 | hippo_01 hippo_05
2026-06-24 17:07:21,187 INFO: avg err:0.5206 | err:0.1484 | hippo_01 hippo_06
2026-06-24 17:07:21,481 INFO: avg err:0.5178 | err:0.2630 | hippo_01 horse_01
2026-06-24 17:07:21,680 INFO: avg err:0.5189 | err:0.6198 | hippo_01 horse_02
2026-06-24 17:07:21,960 INFO: avg err:0.5154 | err:0.1964 | hippo_01 horse_03
2026-06-24 17:07:22,170 INFO: avg err:0.5117 | err:0.1612 | hippo_01 horse_04
2026-06-24 17:07:22,453 INFO: avg err:0.5086 | err:0.2223 | hippo_01 horse_05
2026-06-24 17:07:22,664 INFO: avg err:0.5059 | err:0.2515 | hippo_01 horse_06
2026-06-24 17:07:22,945 INFO: avg err:0.5031 | err:0.2321 | hippo_01 horse_07
2026-06-24 17:07:23,154 INFO: avg err:0.5010 | err:0.3008 | hippo_01 horse_08
2026-06-24 17:07:23,438 INFO: avg err:0.5020 | err:0.5960 | hippo_01 horse_09
2026-06-24 17:07:23,648 INFO: avg err:0.5035 | err:0.6486 | hippo_01 horse_10
2026-06-24 17:07:23,923 INFO: avg err:0.5051 | err:0.6669 | hippo_02 cougar_01
2026-06-24 17:07:24,134 INFO: avg err:0.5067 | err:0.6697 | hippo_02 cougar_02
2026-06-24 17:07:24,414 INFO: avg err:0.5046 | err:0.2890 | hippo_02 cougar_03
2026-06-24 17:07:24,626 INFO: avg err:0.5010 | err:0.1369 | hippo_02 cougar_04
2026-06-24 17:07:24,900 INFO: avg err:0.4976 | err:0.1359 | hippo_02 hippo_01
2026-06-24 17:07:25,111 INFO: avg err:0.4929 | err:0.0000 | hippo_02 hippo_02
2026-06-24 17:07:25,390 INFO: avg err:0.4938 | err:0.5949 | hippo_02 hippo_03
2026-06-24 17:07:25,600 INFO: avg err:0.4909 | err:0.1777 | hippo_02 hippo_04
2026-06-24 17:07:25,882 INFO: avg err:0.4884 | err:0.2217 | hippo_02 hippo_05
2026-06-24 17:07:26,090 INFO: avg err:0.4858 | err:0.1936 | hippo_02 hippo_06
2026-06-24 17:07:26,369 INFO: avg err:0.4830 | err:0.1854 | hippo_02 horse_01
2026-06-24 17:07:26,581 INFO: avg err:0.4843 | err:0.6280 | hippo_02 horse_02
2026-06-24 17:07:26,856 INFO: avg err:0.4818 | err:0.1972 | hippo_02 horse_03
2026-06-24 17:07:27,067 INFO: avg err:0.4790 | err:0.1682 | hippo_02 horse_04
2026-06-24 17:07:27,349 INFO: avg err:0.4765 | err:0.1811 | hippo_02 horse_05
2026-06-24 17:07:27,559 INFO: avg err:0.4743 | err:0.2231 | hippo_02 horse_06
2026-06-24 17:07:27,837 INFO: avg err:0.4721 | err:0.2149 | hippo_02 horse_07
2026-06-24 17:07:28,046 INFO: avg err:0.4700 | err:0.2348 | hippo_02 horse_08
2026-06-24 17:07:28,352 INFO: avg err:0.4705 | err:0.5290 | hippo_02 horse_09
2026-06-24 17:07:28,551 INFO: avg err:0.4715 | err:0.5909 | hippo_02 horse_10
2026-06-24 17:07:28,836 INFO: avg err:0.4700 | err:0.2828 | hippo_03 cougar_01
2026-06-24 17:07:29,034 INFO: avg err:0.4681 | err:0.2361 | hippo_03 cougar_02
2026-06-24 17:07:29,318 INFO: avg err:0.4698 | err:0.6784 | hippo_03 cougar_03
2026-06-24 17:07:29,530 INFO: avg err:0.4709 | err:0.6127 | hippo_03 cougar_04
2026-06-24 17:07:29,818 INFO: avg err:0.4720 | err:0.6082 | hippo_03 hippo_01
2026-06-24 17:07:30,016 INFO: avg err:0.4729 | err:0.5861 | hippo_03 hippo_02
2026-06-24 17:07:30,307 INFO: avg err:0.4692 | err:0.0000 | hippo_03 hippo_03
2026-06-24 17:07:30,506 INFO: avg err:0.4704 | err:0.6188 | hippo_03 hippo_04
2026-06-24 17:07:30,793 INFO: avg err:0.4715 | err:0.6122 | hippo_03 hippo_05
2026-06-24 17:07:30,992 INFO: avg err:0.4718 | err:0.5159 | hippo_03 hippo_06
2026-06-24 17:07:31,281 INFO: avg err:0.4731 | err:0.6357 | hippo_03 horse_01
2026-06-24 17:07:31,480 INFO: avg err:0.4719 | err:0.3206 | hippo_03 horse_02
2026-06-24 17:07:31,777 INFO: avg err:0.4731 | err:0.6251 | hippo_03 horse_03
2026-06-24 17:07:31,976 INFO: avg err:0.4742 | err:0.6245 | hippo_03 horse_04
2026-06-24 17:07:32,266 INFO: avg err:0.4748 | err:0.5558 | hippo_03 horse_05
2026-06-24 17:07:32,466 INFO: avg err:0.4759 | err:0.6303 | hippo_03 horse_06
2026-06-24 17:07:32,756 INFO: avg err:0.4771 | err:0.6337 | hippo_03 horse_07
2026-06-24 17:07:32,955 INFO: avg err:0.4781 | err:0.6203 | hippo_03 horse_08
2026-06-24 17:07:33,246 INFO: avg err:0.4773 | err:0.3629 | hippo_03 horse_09
2026-06-24 17:07:33,459 INFO: avg err:0.4762 | err:0.3285 | hippo_03 horse_10
2026-06-24 17:07:33,734 INFO: avg err:0.4774 | err:0.6404 | hippo_04 cougar_01
2026-06-24 17:07:33,949 INFO: avg err:0.4787 | err:0.6654 | hippo_04 cougar_02
2026-06-24 17:07:34,231 INFO: avg err:0.4768 | err:0.2032 | hippo_04 cougar_03
2026-06-24 17:07:34,443 INFO: avg err:0.4750 | err:0.2222 | hippo_04 cougar_04
2026-06-24 17:07:34,722 INFO: avg err:0.4724 | err:0.0946 | hippo_04 hippo_01
2026-06-24 17:07:34,934 INFO: avg err:0.4705 | err:0.1863 | hippo_04 hippo_02
2026-06-24 17:07:35,211 INFO: avg err:0.4714 | err:0.6039 | hippo_04 hippo_03
2026-06-24 17:07:35,421 INFO: avg err:0.4682 | err:0.0000 | hippo_04 hippo_04
2026-06-24 17:07:35,717 INFO: avg err:0.4663 | err:0.1889 | hippo_04 hippo_05
2026-06-24 17:07:35,916 INFO: avg err:0.4648 | err:0.2399 | hippo_04 hippo_06
2026-06-24 17:07:36,211 INFO: avg err:0.4632 | err:0.2208 | hippo_04 horse_01
2026-06-24 17:07:36,411 INFO: avg err:0.4643 | err:0.6353 | hippo_04 horse_02
2026-06-24 17:07:36,689 INFO: avg err:0.4621 | err:0.1246 | hippo_04 horse_03
2026-06-24 17:07:36,903 INFO: avg err:0.4599 | err:0.1287 | hippo_04 horse_04
2026-06-24 17:07:37,182 INFO: avg err:0.4587 | err:0.2676 | hippo_04 horse_05
2026-06-24 17:07:37,393 INFO: avg err:0.4564 | err:0.1035 | hippo_04 horse_06
2026-06-24 17:07:37,695 INFO: avg err:0.4544 | err:0.1426 | hippo_04 horse_07
2026-06-24 17:07:37,894 INFO: avg err:0.4531 | err:0.2463 | hippo_04 horse_08
2026-06-24 17:07:38,187 INFO: avg err:0.4535 | err:0.5128 | hippo_04 horse_09
2026-06-24 17:07:38,385 INFO: avg err:0.4542 | err:0.5679 | hippo_04 horse_10
2026-06-24 17:07:38,677 INFO: avg err:0.4555 | err:0.6613 | hippo_05 cougar_01
2026-06-24 17:07:38,876 INFO: avg err:0.4569 | err:0.6793 | hippo_05 cougar_02
2026-06-24 17:07:39,171 INFO: avg err:0.4552 | err:0.1815 | hippo_05 cougar_03
2026-06-24 17:07:39,370 INFO: avg err:0.4535 | err:0.1814 | hippo_05 cougar_04
2026-06-24 17:07:39,663 INFO: avg err:0.4520 | err:0.2037 | hippo_05 hippo_01
2026-06-24 17:07:39,862 INFO: avg err:0.4504 | err:0.1863 | hippo_05 hippo_02
2026-06-24 17:07:40,156 INFO: avg err:0.4518 | err:0.6854 | hippo_05 hippo_03
2026-06-24 17:07:40,355 INFO: avg err:0.4504 | err:0.2255 | hippo_05 hippo_04
2026-06-24 17:07:40,647 INFO: avg err:0.4478 | err:0.0000 | hippo_05 hippo_05
2026-06-24 17:07:40,846 INFO: avg err:0.4471 | err:0.3341 | hippo_05 hippo_06
2026-06-24 17:07:41,137 INFO: avg err:0.4453 | err:0.1333 | hippo_05 horse_01
2026-06-24 17:07:41,336 INFO: avg err:0.4460 | err:0.5709 | hippo_05 horse_02
2026-06-24 17:07:41,633 INFO: avg err:0.4441 | err:0.1218 | hippo_05 horse_03
2026-06-24 17:07:41,832 INFO: avg err:0.4427 | err:0.1936 | hippo_05 horse_04
2026-06-24 17:07:42,128 INFO: avg err:0.4419 | err:0.3056 | hippo_05 horse_05
2026-06-24 17:07:42,327 INFO: avg err:0.4402 | err:0.1473 | hippo_05 horse_06
2026-06-24 17:07:42,625 INFO: avg err:0.4390 | err:0.2200 | hippo_05 horse_07
2026-06-24 17:07:42,823 INFO: avg err:0.4381 | err:0.2852 | hippo_05 horse_08
2026-06-24 17:07:43,112 INFO: avg err:0.4382 | err:0.4457 | hippo_05 horse_09
2026-06-24 17:07:43,312 INFO: avg err:0.4386 | err:0.5253 | hippo_05 horse_10
2026-06-24 17:07:43,601 INFO: avg err:0.4400 | err:0.6889 | hippo_06 cougar_01
2026-06-24 17:07:43,800 INFO: avg err:0.4415 | err:0.7084 | hippo_06 cougar_02
2026-06-24 17:07:44,093 INFO: avg err:0.4409 | err:0.3260 | hippo_06 cougar_03
2026-06-24 17:07:44,292 INFO: avg err:0.4397 | err:0.2194 | hippo_06 cougar_04
2026-06-24 17:07:44,584 INFO: avg err:0.4380 | err:0.1345 | hippo_06 hippo_01
2026-06-24 17:07:44,783 INFO: avg err:0.4366 | err:0.1802 | hippo_06 hippo_02
2026-06-24 17:07:45,080 INFO: avg err:0.4369 | err:0.4905 | hippo_06 hippo_03
2026-06-24 17:07:45,279 INFO: avg err:0.4360 | err:0.2588 | hippo_06 hippo_04
2026-06-24 17:07:45,571 INFO: avg err:0.4354 | err:0.3345 | hippo_06 hippo_05
2026-06-24 17:07:45,778 INFO: avg err:0.4331 | err:0.0000 | hippo_06 hippo_06
2026-06-24 17:07:46,052 INFO: avg err:0.4323 | err:0.2694 | hippo_06 horse_01
2026-06-24 17:07:46,251 INFO: avg err:0.4335 | err:0.6708 | hippo_06 horse_02
2026-06-24 17:07:46,542 INFO: avg err:0.4327 | err:0.2648 | hippo_06 horse_03
2026-06-24 17:07:46,741 INFO: avg err:0.4318 | err:0.2678 | hippo_06 horse_04
2026-06-24 17:07:47,042 INFO: avg err:0.4304 | err:0.1486 | hippo_06 horse_05
2026-06-24 17:07:47,241 INFO: avg err:0.4298 | err:0.3209 | hippo_06 horse_06
2026-06-24 17:07:47,531 INFO: avg err:0.4293 | err:0.3284 | hippo_06 horse_07
2026-06-24 17:07:47,730 INFO: avg err:0.4287 | err:0.3193 | hippo_06 horse_08
2026-06-24 17:07:48,022 INFO: avg err:0.4296 | err:0.6061 | hippo_06 horse_09
2026-06-24 17:07:48,221 INFO: avg err:0.4308 | err:0.6575 | hippo_06 horse_10
2026-06-24 17:07:48,517 INFO: avg err:0.4329 | err:0.8662 | horse_01 cougar_01
2026-06-24 17:07:48,715 INFO: avg err:0.4353 | err:0.9117 | horse_01 cougar_02
2026-06-24 17:07:49,004 INFO: avg err:0.4351 | err:0.3867 | horse_01 cougar_03
2026-06-24 17:07:49,202 INFO: avg err:0.4340 | err:0.2245 | horse_01 cougar_04
2026-06-24 17:07:49,495 INFO: avg err:0.4337 | err:0.3658 | horse_01 hippo_01
2026-06-24 17:07:49,694 INFO: avg err:0.4330 | err:0.2882 | horse_01 hippo_02
2026-06-24 17:07:49,985 INFO: avg err:0.4351 | err:0.8651 | horse_01 hippo_03
2026-06-24 17:07:50,184 INFO: avg err:0.4350 | err:0.4127 | horse_01 hippo_04
2026-06-24 17:07:50,480 INFO: avg err:0.4339 | err:0.2099 | horse_01 hippo_05
2026-06-24 17:07:50,679 INFO: avg err:0.4341 | err:0.4764 | horse_01 hippo_06
2026-06-24 17:07:50,981 INFO: avg err:0.4320 | err:0.0000 | horse_01 horse_01
2026-06-24 17:07:51,179 INFO: avg err:0.4331 | err:0.6525 | horse_01 horse_02
2026-06-24 17:07:51,462 INFO: avg err:0.4327 | err:0.3622 | horse_01 horse_03
2026-06-24 17:07:51,673 INFO: avg err:0.4320 | err:0.2688 | horse_01 horse_04
2026-06-24 17:07:51,958 INFO: avg err:0.4317 | err:0.3716 | horse_01 horse_05
2026-06-24 17:07:52,170 INFO: avg err:0.4314 | err:0.3675 | horse_01 horse_06
2026-06-24 17:07:52,450 INFO: avg err:0.4309 | err:0.3154 | horse_01 horse_07
2026-06-24 17:07:52,661 INFO: avg err:0.4306 | err:0.3700 | horse_01 horse_08
2026-06-24 17:07:52,940 INFO: avg err:0.4315 | err:0.6239 | horse_01 horse_09
2026-06-24 17:07:53,152 INFO: avg err:0.4328 | err:0.7220 | horse_01 horse_10
2026-06-24 17:07:53,438 INFO: avg err:0.4317 | err:0.1871 | horse_02 cougar_01
2026-06-24 17:07:53,637 INFO: avg err:0.4308 | err:0.2294 | horse_02 cougar_02
2026-06-24 17:07:53,933 INFO: avg err:0.4326 | err:0.8401 | horse_02 cougar_03
2026-06-24 17:07:54,132 INFO: avg err:0.4345 | err:0.8544 | horse_02 cougar_04
2026-06-24 17:07:54,421 INFO: avg err:0.4360 | err:0.7752 | horse_02 hippo_01
2026-06-24 17:07:54,621 INFO: avg err:0.4372 | err:0.7028 | horse_02 hippo_02
2026-06-24 17:07:54,916 INFO: avg err:0.4373 | err:0.4762 | horse_02 hippo_03
2026-06-24 17:07:55,115 INFO: avg err:0.4390 | err:0.8224 | horse_02 hippo_04
2026-06-24 17:07:55,398 INFO: avg err:0.4398 | err:0.6068 | horse_02 hippo_05
2026-06-24 17:07:55,597 INFO: avg err:0.4414 | err:0.8213 | horse_02 hippo_06
2026-06-24 17:07:55,896 INFO: avg err:0.4422 | err:0.6164 | horse_02 horse_01
2026-06-24 17:07:56,106 INFO: avg err:0.4403 | err:0.0000 | horse_02 horse_02
2026-06-24 17:07:56,386 INFO: avg err:0.4414 | err:0.6964 | horse_02 horse_03
2026-06-24 17:07:56,597 INFO: avg err:0.4429 | err:0.7870 | horse_02 horse_04
2026-06-24 17:07:56,879 INFO: avg err:0.4444 | err:0.8137 | horse_02 horse_05
2026-06-24 17:07:57,092 INFO: avg err:0.4456 | err:0.7104 | horse_02 horse_06
2026-06-24 17:07:57,371 INFO: avg err:0.4469 | err:0.7525 | horse_02 horse_07
2026-06-24 17:07:57,582 INFO: avg err:0.4472 | err:0.5345 | horse_02 horse_08
2026-06-24 17:07:57,876 INFO: avg err:0.4470 | err:0.4039 | horse_02 horse_09
2026-06-24 17:07:58,076 INFO: avg err:0.4464 | err:0.2869 | horse_02 horse_10
2026-06-24 17:07:58,366 INFO: avg err:0.4479 | err:0.8154 | horse_03 cougar_01
2026-06-24 17:07:58,565 INFO: avg err:0.4495 | err:0.8215 | horse_03 cougar_02
2026-06-24 17:07:58,852 INFO: avg err:0.4483 | err:0.1814 | horse_03 cougar_03
2026-06-24 17:07:59,061 INFO: avg err:0.4475 | err:0.2431 | horse_03 cougar_04
2026-06-24 17:07:59,346 INFO: avg err:0.4470 | err:0.3269 | horse_03 hippo_01
2026-06-24 17:07:59,545 INFO: avg err:0.4466 | err:0.3541 | horse_03 hippo_02
2026-06-24 17:07:59,828 INFO: avg err:0.4481 | err:0.8150 | horse_03 hippo_03
2026-06-24 17:08:00,038 INFO: avg err:0.4478 | err:0.3591 | horse_03 hippo_04
2026-06-24 17:08:00,329 INFO: avg err:0.4467 | err:0.1733 | horse_03 hippo_05
2026-06-24 17:08:00,528 INFO: avg err:0.4465 | err:0.4129 | horse_03 hippo_06
2026-06-24 17:08:00,819 INFO: avg err:0.4460 | err:0.3175 | horse_03 horse_01
2026-06-24 17:08:01,019 INFO: avg err:0.4472 | err:0.7319 | horse_03 horse_02
2026-06-24 17:08:01,312 INFO: avg err:0.4454 | err:0.0000 | horse_03 horse_03
2026-06-24 17:08:01,511 INFO: avg err:0.4441 | err:0.1278 | horse_03 horse_04
2026-06-24 17:08:01,805 INFO: avg err:0.4440 | err:0.4109 | horse_03 horse_05
2026-06-24 17:08:02,005 INFO: avg err:0.4424 | err:0.0458 | horse_03 horse_06
2026-06-24 17:08:02,283 INFO: avg err:0.4415 | err:0.2106 | horse_03 horse_07
2026-06-24 17:08:02,495 INFO: avg err:0.4414 | err:0.3968 | horse_03 horse_08
2026-06-24 17:08:02,784 INFO: avg err:0.4421 | err:0.6411 | horse_03 horse_09
2026-06-24 17:08:02,984 INFO: avg err:0.4426 | err:0.5693 | horse_03 horse_10
2026-06-24 17:08:03,276 INFO: avg err:0.4442 | err:0.8429 | horse_04 cougar_01
2026-06-24 17:08:03,476 INFO: avg err:0.4458 | err:0.8660 | horse_04 cougar_02
2026-06-24 17:08:03,757 INFO: avg err:0.4450 | err:0.2385 | horse_04 cougar_03
2026-06-24 17:08:03,969 INFO: avg err:0.4446 | err:0.3395 | horse_04 cougar_04
2026-06-24 17:08:04,262 INFO: avg err:0.4441 | err:0.3125 | horse_04 hippo_01
2026-06-24 17:08:04,462 INFO: avg err:0.4435 | err:0.2827 | horse_04 hippo_02
2026-06-24 17:08:04,745 INFO: avg err:0.4449 | err:0.8093 | horse_04 hippo_03
2026-06-24 17:08:04,945 INFO: avg err:0.4444 | err:0.3298 | horse_04 hippo_04
2026-06-24 17:08:05,254 INFO: avg err:0.4441 | err:0.3461 | horse_04 hippo_05
2026-06-24 17:08:05,454 INFO: avg err:0.4442 | err:0.4831 | horse_04 hippo_06
2026-06-24 17:08:05,747 INFO: avg err:0.4434 | err:0.2234 | horse_04 horse_01
2026-06-24 17:08:05,946 INFO: avg err:0.4446 | err:0.7686 | horse_04 horse_02
2026-06-24 17:08:06,240 INFO: avg err:0.4437 | err:0.2075 | horse_04 horse_03
2026-06-24 17:08:06,439 INFO: avg err:0.4421 | err:0.0000 | horse_04 horse_04
2026-06-24 17:08:06,735 INFO: avg err:0.4417 | err:0.3450 | horse_04 horse_05
2026-06-24 17:08:06,935 INFO: avg err:0.4410 | err:0.2324 | horse_04 horse_06
2026-06-24 17:08:07,227 INFO: avg err:0.4404 | err:0.2670 | horse_04 horse_07
2026-06-24 17:08:07,426 INFO: avg err:0.4401 | err:0.3589 | horse_04 horse_08
2026-06-24 17:08:07,709 INFO: avg err:0.4409 | err:0.6842 | horse_04 horse_09
2026-06-24 17:08:07,921 INFO: avg err:0.4418 | err:0.6775 | horse_04 horse_10
2026-06-24 17:08:08,207 INFO: avg err:0.4436 | err:0.9544 | horse_05 cougar_01
2026-06-24 17:08:08,407 INFO: avg err:0.4454 | err:0.9545 | horse_05 cougar_02
2026-06-24 17:08:08,695 INFO: avg err:0.4456 | err:0.4838 | horse_05 cougar_03
2026-06-24 17:08:08,895 INFO: avg err:0.4452 | err:0.3434 | horse_05 cougar_04
2026-06-24 17:08:09,196 INFO: avg err:0.4449 | err:0.3469 | horse_05 hippo_01
2026-06-24 17:08:09,396 INFO: avg err:0.4438 | err:0.1375 | horse_05 hippo_02
2026-06-24 17:08:09,675 INFO: avg err:0.4451 | err:0.8092 | horse_05 hippo_03
2026-06-24 17:08:09,888 INFO: avg err:0.4449 | err:0.4139 | horse_05 hippo_04
2026-06-24 17:08:10,166 INFO: avg err:0.4449 | err:0.4406 | horse_05 hippo_05
2026-06-24 17:08:10,378 INFO: avg err:0.4443 | err:0.2633 | horse_05 hippo_06
2026-06-24 17:08:10,658 INFO: avg err:0.4435 | err:0.2031 | horse_05 horse_01
2026-06-24 17:08:10,869 INFO: avg err:0.4449 | err:0.8490 | horse_05 horse_02
2026-06-24 17:08:11,145 INFO: avg err:0.4447 | err:0.4054 | horse_05 horse_03
2026-06-24 17:08:11,358 INFO: avg err:0.4442 | err:0.2852 | horse_05 horse_04
2026-06-24 17:08:11,636 INFO: avg err:0.4427 | err:0.0000 | horse_05 horse_05
2026-06-24 17:08:11,847 INFO: avg err:0.4429 | err:0.5147 | horse_05 horse_06
2026-06-24 17:08:12,130 INFO: avg err:0.4430 | err:0.4593 | horse_05 horse_07
2026-06-24 17:08:12,342 INFO: avg err:0.4428 | err:0.4006 | horse_05 horse_08
2026-06-24 17:08:12,622 INFO: avg err:0.4440 | err:0.7843 | horse_05 horse_09
2026-06-24 17:08:12,833 INFO: avg err:0.4454 | err:0.8717 | horse_05 horse_10
2026-06-24 17:08:13,116 INFO: avg err:0.4466 | err:0.8005 | horse_06 cougar_01
2026-06-24 17:08:13,327 INFO: avg err:0.4479 | err:0.8325 | horse_06 cougar_02
2026-06-24 17:08:13,611 INFO: avg err:0.4470 | err:0.1987 | horse_06 cougar_03
2026-06-24 17:08:13,824 INFO: avg err:0.4462 | err:0.1947 | horse_06 cougar_04
2026-06-24 17:08:14,103 INFO: avg err:0.4459 | err:0.3502 | horse_06 hippo_01
2026-06-24 17:08:14,316 INFO: avg err:0.4456 | err:0.3607 | horse_06 hippo_02
2026-06-24 17:08:14,602 INFO: avg err:0.4468 | err:0.8169 | horse_06 hippo_03
2026-06-24 17:08:14,815 INFO: avg err:0.4465 | err:0.3406 | horse_06 hippo_04
2026-06-24 17:08:15,100 INFO: avg err:0.4457 | err:0.1996 | horse_06 hippo_05
2026-06-24 17:08:15,299 INFO: avg err:0.4458 | err:0.4721 | horse_06 hippo_06
2026-06-24 17:08:15,589 INFO: avg err:0.4453 | err:0.3010 | horse_06 horse_01
2026-06-24 17:08:15,801 INFO: avg err:0.4460 | err:0.6759 | horse_06 horse_02
2026-06-24 17:08:16,083 INFO: avg err:0.4448 | err:0.0433 | horse_06 horse_03
2026-06-24 17:08:16,295 INFO: avg err:0.4438 | err:0.1513 | horse_06 horse_04
2026-06-24 17:08:16,572 INFO: avg err:0.4439 | err:0.4708 | horse_06 horse_05
2026-06-24 17:08:16,785 INFO: avg err:0.4425 | err:0.0000 | horse_06 horse_06
2026-06-24 17:08:17,065 INFO: avg err:0.4414 | err:0.0896 | horse_06 horse_07
2026-06-24 17:08:17,277 INFO: avg err:0.4410 | err:0.3107 | horse_06 horse_08
2026-06-24 17:08:17,556 INFO: avg err:0.4414 | err:0.5899 | horse_06 horse_09
2026-06-24 17:08:17,768 INFO: avg err:0.4420 | err:0.6249 | horse_06 horse_10
2026-06-24 17:08:18,045 INFO: avg err:0.4433 | err:0.8499 | horse_07 cougar_01
2026-06-24 17:08:18,257 INFO: avg err:0.4445 | err:0.8321 | horse_07 cougar_02
2026-06-24 17:08:18,535 INFO: avg err:0.4439 | err:0.2380 | horse_07 cougar_03
2026-06-24 17:08:18,746 INFO: avg err:0.4433 | err:0.2588 | horse_07 cougar_04
2026-06-24 17:08:19,025 INFO: avg err:0.4431 | err:0.3772 | horse_07 hippo_01
2026-06-24 17:08:19,236 INFO: avg err:0.4426 | err:0.2755 | horse_07 hippo_02
2026-06-24 17:08:19,512 INFO: avg err:0.4434 | err:0.7086 | horse_07 hippo_03
2026-06-24 17:08:19,724 INFO: avg err:0.4431 | err:0.3363 | horse_07 hippo_04
2026-06-24 17:08:20,004 INFO: avg err:0.4424 | err:0.2251 | horse_07 hippo_05
2026-06-24 17:08:20,216 INFO: avg err:0.4422 | err:0.3696 | horse_07 hippo_06
2026-06-24 17:08:20,492 INFO: avg err:0.4417 | err:0.2965 | horse_07 horse_01
2026-06-24 17:08:20,704 INFO: avg err:0.4428 | err:0.7815 | horse_07 horse_02
2026-06-24 17:08:20,980 INFO: avg err:0.4418 | err:0.1320 | horse_07 horse_03
2026-06-24 17:08:21,191 INFO: avg err:0.4410 | err:0.1629 | horse_07 horse_04
2026-06-24 17:08:21,470 INFO: avg err:0.4408 | err:0.3811 | horse_07 horse_05
2026-06-24 17:08:21,681 INFO: avg err:0.4398 | err:0.0917 | horse_07 horse_06
2026-06-24 17:08:21,961 INFO: avg err:0.4385 | err:0.0000 | horse_07 horse_07
2026-06-24 17:08:22,172 INFO: avg err:0.4378 | err:0.2142 | horse_07 horse_08
2026-06-24 17:08:22,449 INFO: avg err:0.4381 | err:0.5257 | horse_07 horse_09
2026-06-24 17:08:22,660 INFO: avg err:0.4392 | err:0.8272 | horse_07 horse_10
2026-06-24 17:08:22,939 INFO: avg err:0.4402 | err:0.7842 | horse_08 cougar_01
2026-06-24 17:08:23,150 INFO: avg err:0.4411 | err:0.7408 | horse_08 cougar_02
2026-06-24 17:08:23,426 INFO: avg err:0.4407 | err:0.3059 | horse_08 cougar_03
2026-06-24 17:08:23,638 INFO: avg err:0.4404 | err:0.3360 | horse_08 cougar_04
2026-06-24 17:08:23,915 INFO: avg err:0.4401 | err:0.3469 | horse_08 hippo_01
2026-06-24 17:08:24,127 INFO: avg err:0.4399 | err:0.3591 | horse_08 hippo_02
2026-06-24 17:08:24,402 INFO: avg err:0.4407 | err:0.7189 | horse_08 hippo_03
2026-06-24 17:08:24,614 INFO: avg err:0.4405 | err:0.3758 | horse_08 hippo_04
2026-06-24 17:08:24,895 INFO: avg err:0.4400 | err:0.2689 | horse_08 hippo_05
2026-06-24 17:08:25,108 INFO: avg err:0.4401 | err:0.4830 | horse_08 hippo_06
2026-06-24 17:08:25,384 INFO: avg err:0.4397 | err:0.2797 | horse_08 horse_01
2026-06-24 17:08:25,596 INFO: avg err:0.4404 | err:0.6985 | horse_08 horse_02
2026-06-24 17:08:25,868 INFO: avg err:0.4402 | err:0.3612 | horse_08 horse_03
2026-06-24 17:08:26,082 INFO: avg err:0.4399 | err:0.3524 | horse_08 horse_04
2026-06-24 17:08:26,362 INFO: avg err:0.4401 | err:0.5120 | horse_08 horse_05
2026-06-24 17:08:26,574 INFO: avg err:0.4397 | err:0.2803 | horse_08 horse_06
2026-06-24 17:08:26,847 INFO: avg err:0.4389 | err:0.1620 | horse_08 horse_07
2026-06-24 17:08:27,066 INFO: avg err:0.4377 | err:0.0000 | horse_08 horse_08
2026-06-24 17:08:27,339 INFO: avg err:0.4377 | err:0.4283 | horse_08 horse_09
2026-06-24 17:08:27,550 INFO: avg err:0.4383 | err:0.6486 | horse_08 horse_10
2026-06-24 17:08:27,837 INFO: avg err:0.4379 | err:0.3209 | horse_09 cougar_01
2026-06-24 17:08:28,053 INFO: avg err:0.4376 | err:0.3265 | horse_09 cougar_02
2026-06-24 17:08:28,328 INFO: avg err:0.4386 | err:0.7927 | horse_09 cougar_03
2026-06-24 17:08:28,540 INFO: avg err:0.4394 | err:0.7205 | horse_09 cougar_04
2026-06-24 17:08:28,821 INFO: avg err:0.4402 | err:0.7352 | horse_09 hippo_01
2026-06-24 17:08:29,032 INFO: avg err:0.4409 | err:0.6855 | horse_09 hippo_02
2026-06-24 17:08:29,319 INFO: avg err:0.4410 | err:0.4919 | horse_09 hippo_03
2026-06-24 17:08:29,529 INFO: avg err:0.4419 | err:0.7707 | horse_09 hippo_04
2026-06-24 17:08:29,801 INFO: avg err:0.4423 | err:0.6065 | horse_09 hippo_05
2026-06-24 17:08:30,012 INFO: avg err:0.4429 | err:0.6429 | horse_09 hippo_06
2026-06-24 17:08:30,295 INFO: avg err:0.4434 | err:0.6447 | horse_09 horse_01
2026-06-24 17:08:30,504 INFO: avg err:0.4433 | err:0.3969 | horse_09 horse_02
2026-06-24 17:08:30,789 INFO: avg err:0.4438 | err:0.6480 | horse_09 horse_03
2026-06-24 17:08:31,001 INFO: avg err:0.4447 | err:0.7803 | horse_09 horse_04
2026-06-24 17:08:31,274 INFO: avg err:0.4456 | err:0.7496 | horse_09 horse_05
2026-06-24 17:08:31,489 INFO: avg err:0.4461 | err:0.6465 | horse_09 horse_06
2026-06-24 17:08:31,769 INFO: avg err:0.4468 | err:0.7036 | horse_09 horse_07
2026-06-24 17:08:31,981 INFO: avg err:0.4467 | err:0.4274 | horse_09 horse_08
2026-06-24 17:08:32,261 INFO: avg err:0.4455 | err:0.0000 | horse_09 horse_09
2026-06-24 17:08:32,473 INFO: avg err:0.4448 | err:0.1729 | horse_09 horse_10
2026-06-24 17:08:32,751 INFO: avg err:0.4445 | err:0.3179 | horse_10 cougar_01
2026-06-24 17:08:32,972 INFO: avg err:0.4443 | err:0.3585 | horse_10 cougar_02
2026-06-24 17:08:33,244 INFO: avg err:0.4454 | err:0.8759 | horse_10 cougar_03
2026-06-24 17:08:33,461 INFO: avg err:0.4465 | err:0.8842 | horse_10 cougar_04
2026-06-24 17:08:33,743 INFO: avg err:0.4476 | err:0.8431 | horse_10 hippo_01
2026-06-24 17:08:33,957 INFO: avg err:0.4482 | err:0.7080 | horse_10 hippo_02
2026-06-24 17:08:34,232 INFO: avg err:0.4486 | err:0.5727 | horse_10 hippo_03
2026-06-24 17:08:34,445 INFO: avg err:0.4495 | err:0.8221 | horse_10 hippo_04
2026-06-24 17:08:34,726 INFO: avg err:0.4500 | err:0.6415 | horse_10 hippo_05
2026-06-24 17:08:34,938 INFO: avg err:0.4510 | err:0.8341 | horse_10 hippo_06
2026-06-24 17:08:35,220 INFO: avg err:0.4515 | err:0.6449 | horse_10 horse_01
2026-06-24 17:08:35,431 INFO: avg err:0.4511 | err:0.3040 | horse_10 horse_02
2026-06-24 17:08:35,711 INFO: avg err:0.4516 | err:0.6422 | horse_10 horse_03
2026-06-24 17:08:35,924 INFO: avg err:0.4523 | err:0.7106 | horse_10 horse_04
2026-06-24 17:08:36,210 INFO: avg err:0.4531 | err:0.7757 | horse_10 horse_05
2026-06-24 17:08:36,421 INFO: avg err:0.4536 | err:0.6638 | horse_10 horse_06
2026-06-24 17:08:36,697 INFO: avg err:0.4546 | err:0.8509 | horse_10 horse_07
2026-06-24 17:08:36,909 INFO: avg err:0.4552 | err:0.6777 | horse_10 horse_08
2026-06-24 17:08:37,195 INFO: avg err:0.4545 | err:0.1946 | horse_10 horse_09
2026-06-24 17:08:37,396 INFO: avg err:0.4534 | err:0.0000 | horse_10 horse_10
2026-06-24 17:08:37,426 INFO: Avg time: 0.0700
2026-06-24 17:08:37,804 INFO: Val auc: 0.2482
2026-06-24 17:08:37,807 INFO: Val avg error: 0.4534
2026-06-24 17:08:37,849 INFO: [ONB diag] max|Q-I|: mean=9.6333e-02 max=1.0321e-01 | max|Φ̃ᵀMΦ̃-I|: mean=7.0825e-07 max=8.9407e-07
2026-06-24 17:08:42,585 INFO: [smal_..][epoch: 15, iter:  12,020, lr:(2.855e-04,2.855e-04,)][eta: 0:25:05, time (data): 0.232 (0.016)]l_bij: 2.3485e+02 l_orth: 2.2396e+02 l_align: 1.4116e+02 l_total: 5.9997e+02 
2026-06-24 17:08:47,420 INFO: [smal_..][epoch: 15, iter:  12,040, lr:(2.855e-04,2.855e-04,)][eta: 0:24:58, time (data): 0.233 (0.016)]l_bij: 2.2831e+02 l_orth: 2.2131e+02 l_align: 1.4464e+02 l_total: 5.9426e+02 
2026-06-24 17:08:52,081 INFO: [smal_..][epoch: 15, iter:  12,060, lr:(2.855e-04,2.855e-04,)][eta: 0:24:51, time (data): 0.233 (0.016)]l_bij: 2.2402e+02 l_orth: 2.1346e+02 l_align: 1.5392e+02 l_total: 5.9140e+02 
2026-06-24 17:08:56,705 INFO: [smal_..][epoch: 15, iter:  12,080, lr:(2.855e-04,2.855e-04,)][eta: 0:24:44, time (data): 0.231 (0.015)]l_bij: 2.1252e+02 l_orth: 2.0019e+02 l_align: 1.5441e+02 l_total: 5.6712e+02 
2026-06-24 17:09:01,301 INFO: [smal_..][epoch: 15, iter:  12,100, lr:(2.855e-04,2.855e-04,)][eta: 0:24:37, time (data): 0.230 (0.015)]l_bij: 2.3273e+02 l_orth: 2.2148e+02 l_align: 1.4357e+02 l_total: 5.9778e+02 
2026-06-24 17:09:05,909 INFO: [smal_..][epoch: 15, iter:  12,120, lr:(2.855e-04,2.855e-04,)][eta: 0:24:30, time (data): 0.230 (0.015)]l_bij: 2.3259e+02 l_orth: 2.1939e+02 l_align: 1.4472e+02 l_total: 5.9670e+02 
2026-06-24 17:09:10,484 INFO: [smal_..][epoch: 15, iter:  12,140, lr:(2.855e-04,2.855e-04,)][eta: 0:24:23, time (data): 0.230 (0.015)]l_bij: 2.2117e+02 l_orth: 2.1078e+02 l_align: 1.6034e+02 l_total: 5.9229e+02 
2026-06-24 17:09:15,049 INFO: [smal_..][epoch: 15, iter:  12,160, lr:(2.855e-04,2.855e-04,)][eta: 0:24:16, time (data): 0.229 (0.015)]l_bij: 2.2141e+02 l_orth: 2.1318e+02 l_align: 1.5110e+02 l_total: 5.8569e+02 
2026-06-24 17:09:19,665 INFO: [smal_..][epoch: 15, iter:  12,180, lr:(2.855e-04,2.855e-04,)][eta: 0:24:09, time (data): 0.230 (0.015)]l_bij: 2.2483e+02 l_orth: 2.1554e+02 l_align: 1.5093e+02 l_total: 5.9130e+02 
2026-06-24 17:09:24,293 INFO: [smal_..][epoch: 15, iter:  12,200, lr:(2.855e-04,2.855e-04,)][eta: 0:24:02, time (data): 0.230 (0.015)]l_bij: 2.2965e+02 l_orth: 2.1973e+02 l_align: 1.4380e+02 l_total: 5.9318e+02 
2026-06-24 17:09:28,845 INFO: [smal_..][epoch: 15, iter:  12,220, lr:(2.855e-04,2.855e-04,)][eta: 0:23:56, time (data): 0.230 (0.015)]l_bij: 2.3560e+02 l_orth: 2.2040e+02 l_align: 1.3669e+02 l_total: 5.9269e+02 
2026-06-24 17:09:33,490 INFO: [smal_..][epoch: 15, iter:  12,240, lr:(2.855e-04,2.855e-04,)][eta: 0:23:49, time (data): 0.230 (0.015)]l_bij: 2.2046e+02 l_orth: 2.1031e+02 l_align: 1.4793e+02 l_total: 5.7871e+02 
2026-06-24 17:09:38,113 INFO: [smal_..][epoch: 15, iter:  12,260, lr:(2.855e-04,2.855e-04,)][eta: 0:23:42, time (data): 0.230 (0.015)]l_bij: 2.2885e+02 l_orth: 2.1911e+02 l_align: 1.5212e+02 l_total: 6.0008e+02 
2026-06-24 17:09:42,789 INFO: [smal_..][epoch: 15, iter:  12,280, lr:(2.855e-04,2.855e-04,)][eta: 0:23:35, time (data): 0.234 (0.016)]l_bij: 2.3175e+02 l_orth: 2.2146e+02 l_align: 1.4293e+02 l_total: 5.9613e+02 
2026-06-24 17:09:47,540 INFO: [smal_..][epoch: 15, iter:  12,300, lr:(2.855e-04,2.855e-04,)][eta: 0:23:28, time (data): 0.235 (0.016)]l_bij: 2.2755e+02 l_orth: 2.1857e+02 l_align: 1.5205e+02 l_total: 5.9817e+02 
2026-06-24 17:09:52,236 INFO: [smal_..][epoch: 15, iter:  12,320, lr:(2.855e-04,2.855e-04,)][eta: 0:23:22, time (data): 0.235 (0.016)]l_bij: 2.2436e+02 l_orth: 2.1275e+02 l_align: 1.5482e+02 l_total: 5.9193e+02 
2026-06-24 17:09:56,964 INFO: [smal_..][epoch: 15, iter:  12,340, lr:(2.855e-04,2.855e-04,)][eta: 0:23:15, time (data): 0.235 (0.016)]l_bij: 2.3391e+02 l_orth: 2.2046e+02 l_align: 1.4251e+02 l_total: 5.9688e+02 
2026-06-24 17:10:01,754 INFO: [smal_..][epoch: 15, iter:  12,360, lr:(2.855e-04,2.855e-04,)][eta: 0:23:08, time (data): 0.236 (0.016)]l_bij: 2.3300e+02 l_orth: 2.1905e+02 l_align: 1.4208e+02 l_total: 5.9413e+02 
2026-06-24 17:10:06,353 INFO: [smal_..][epoch: 15, iter:  12,380, lr:(2.855e-04,2.855e-04,)][eta: 0:23:01, time (data): 0.235 (0.016)]l_bij: 2.1312e+02 l_orth: 2.0579e+02 l_align: 1.5737e+02 l_total: 5.7628e+02 
2026-06-24 17:10:10,917 INFO: [smal_..][epoch: 15, iter:  12,400, lr:(2.855e-04,2.855e-04,)][eta: 0:22:54, time (data): 0.234 (0.016)]l_bij: 1.1409e+02 l_orth: 1.1927e+02 l_align: 2.4222e+02 l_total: 4.7558e+02 
2026-06-24 17:10:15,572 INFO: [smal_..][epoch: 15, iter:  12,420, lr:(2.855e-04,2.855e-04,)][eta: 0:22:48, time (data): 0.234 (0.016)]l_bij: 2.1878e+02 l_orth: 2.1056e+02 l_align: 1.5736e+02 l_total: 5.8670e+02 
2026-06-24 17:10:20,217 INFO: [smal_..][epoch: 15, iter:  12,440, lr:(2.855e-04,2.855e-04,)][eta: 0:22:41, time (data): 0.234 (0.016)]l_bij: 2.3023e+02 l_orth: 2.1839e+02 l_align: 1.4474e+02 l_total: 5.9336e+02 
2026-06-24 17:10:24,956 INFO: [smal_..][epoch: 15, iter:  12,460, lr:(2.855e-04,2.855e-04,)][eta: 0:22:34, time (data): 0.234 (0.016)]l_bij: 2.3931e+02 l_orth: 2.2513e+02 l_align: 1.3493e+02 l_total: 5.9936e+02 
2026-06-24 17:10:29,730 INFO: [smal_..][epoch: 15, iter:  12,480, lr:(2.855e-04,2.855e-04,)][eta: 0:22:27, time (data): 0.240 (0.016)]l_bij: 2.3299e+02 l_orth: 2.2369e+02 l_align: 1.3702e+02 l_total: 5.9370e+02 
2026-06-24 17:10:34,525 INFO: [smal_..][epoch: 15, iter:  12,500, lr:(2.855e-04,2.855e-04,)][eta: 0:22:21, time (data): 0.240 (0.016)]l_bij: 2.2124e+02 l_orth: 2.1144e+02 l_align: 1.5060e+02 l_total: 5.8328e+02 
2026-06-24 17:10:39,237 INFO: [smal_..][epoch: 15, iter:  12,520, lr:(2.855e-04,2.855e-04,)][eta: 0:22:14, time (data): 0.238 (0.016)]l_bij: 2.3312e+02 l_orth: 2.4084e+02 l_align: 1.4566e+02 l_total: 6.1963e+02 
2026-06-24 17:10:43,857 INFO: [smal_..][epoch: 15, iter:  12,540, lr:(2.855e-04,2.855e-04,)][eta: 0:22:07, time (data): 0.236 (0.016)]l_bij: 2.3281e+02 l_orth: 2.2133e+02 l_align: 1.4050e+02 l_total: 5.9464e+02 
2026-06-24 17:10:48,492 INFO: [smal_..][epoch: 15, iter:  12,560, lr:(2.855e-04,2.855e-04,)][eta: 0:22:00, time (data): 0.235 (0.016)]l_bij: 2.4060e+02 l_orth: 2.2777e+02 l_align: 1.4391e+02 l_total: 6.1228e+02 
2026-06-24 17:10:53,154 INFO: [smal_..][epoch: 15, iter:  12,580, lr:(2.855e-04,2.855e-04,)][eta: 0:21:54, time (data): 0.235 (0.016)]l_bij: 2.1650e+02 l_orth: 2.0628e+02 l_align: 1.5588e+02 l_total: 5.7866e+02 
2026-06-24 17:10:57,805 INFO: [smal_..][epoch: 15, iter:  12,600, lr:(2.855e-04,2.855e-04,)][eta: 0:21:47, time (data): 0.235 (0.016)]l_bij: 2.3035e+02 l_orth: 2.2066e+02 l_align: 1.4391e+02 l_total: 5.9492e+02 
2026-06-24 17:11:02,796 INFO: [smal_..][epoch: 16, iter:  12,620, lr:(2.318e-04,2.318e-04,)][eta: 0:21:40, time (data): 0.236 (0.017)]l_bij: 2.2622e+02 l_orth: 2.1490e+02 l_align: 1.4820e+02 l_total: 5.8931e+02 
2026-06-24 17:11:07,390 INFO: [smal_..][epoch: 16, iter:  12,640, lr:(2.318e-04,2.318e-04,)][eta: 0:21:34, time (data): 0.236 (0.017)]l_bij: 2.2408e+02 l_orth: 2.1333e+02 l_align: 1.4638e+02 l_total: 5.8378e+02 
2026-06-24 17:11:12,045 INFO: [smal_..][epoch: 16, iter:  12,660, lr:(2.318e-04,2.318e-04,)][eta: 0:21:27, time (data): 0.235 (0.017)]l_bij: 2.2451e+02 l_orth: 2.1419e+02 l_align: 1.4271e+02 l_total: 5.8141e+02 
2026-06-24 17:11:16,677 INFO: [smal_..][epoch: 16, iter:  12,680, lr:(2.318e-04,2.318e-04,)][eta: 0:21:20, time (data): 0.231 (0.016)]l_bij: 1.3189e+02 l_orth: 1.3575e+02 l_align: 2.3082e+02 l_total: 4.9846e+02 
2026-06-24 17:11:21,269 INFO: [smal_..][epoch: 16, iter:  12,700, lr:(2.318e-04,2.318e-04,)][eta: 0:21:14, time (data): 0.230 (0.015)]l_bij: 2.2168e+02 l_orth: 2.1251e+02 l_align: 1.5167e+02 l_total: 5.8587e+02 
2026-06-24 17:11:25,917 INFO: [smal_..][epoch: 16, iter:  12,720, lr:(2.318e-04,2.318e-04,)][eta: 0:21:07, time (data): 0.231 (0.016)]l_bij: 2.2697e+02 l_orth: 2.1843e+02 l_align: 1.4287e+02 l_total: 5.8827e+02 
2026-06-24 17:11:30,554 INFO: [smal_..][epoch: 16, iter:  12,740, lr:(2.318e-04,2.318e-04,)][eta: 0:21:00, time (data): 0.231 (0.016)]l_bij: 2.4007e+02 l_orth: 2.3011e+02 l_align: 1.2925e+02 l_total: 5.9943e+02 
2026-06-24 17:11:35,193 INFO: [smal_..][epoch: 16, iter:  12,760, lr:(2.318e-04,2.318e-04,)][eta: 0:20:54, time (data): 0.231 (0.016)]l_bij: 2.2952e+02 l_orth: 2.2046e+02 l_align: 1.4830e+02 l_total: 5.9828e+02 
2026-06-24 17:11:39,909 INFO: [smal_..][epoch: 16, iter:  12,780, lr:(2.318e-04,2.318e-04,)][eta: 0:20:47, time (data): 0.232 (0.016)]l_bij: 2.2920e+02 l_orth: 2.1848e+02 l_align: 1.4608e+02 l_total: 5.9376e+02 
2026-06-24 17:11:44,693 INFO: [smal_..][epoch: 16, iter:  12,800, lr:(2.318e-04,2.318e-04,)][eta: 0:20:40, time (data): 0.233 (0.016)]l_bij: 2.3445e+02 l_orth: 2.2483e+02 l_align: 1.4017e+02 l_total: 5.9945e+02 
2026-06-24 17:11:49,344 INFO: [smal_..][epoch: 16, iter:  12,820, lr:(2.318e-04,2.318e-04,)][eta: 0:20:34, time (data): 0.233 (0.016)]l_bij: 2.2758e+02 l_orth: 2.1540e+02 l_align: 1.4361e+02 l_total: 5.8659e+02 
2026-06-24 17:11:54,085 INFO: [smal_..][epoch: 16, iter:  12,840, lr:(2.318e-04,2.318e-04,)][eta: 0:20:27, time (data): 0.233 (0.016)]l_bij: 2.2500e+02 l_orth: 2.1395e+02 l_align: 1.5515e+02 l_total: 5.9411e+02 
2026-06-24 17:11:58,829 INFO: [smal_..][epoch: 16, iter:  12,860, lr:(2.318e-04,2.318e-04,)][eta: 0:20:20, time (data): 0.234 (0.016)]l_bij: 2.2122e+02 l_orth: 2.1182e+02 l_align: 1.5158e+02 l_total: 5.8463e+02 
2026-06-24 17:12:03,598 INFO: [smal_..][epoch: 16, iter:  12,880, lr:(2.318e-04,2.318e-04,)][eta: 0:20:14, time (data): 0.239 (0.016)]l_bij: 2.2577e+02 l_orth: 2.1470e+02 l_align: 1.5589e+02 l_total: 5.9636e+02 
2026-06-24 17:12:08,241 INFO: [smal_..][epoch: 16, iter:  12,900, lr:(2.318e-04,2.318e-04,)][eta: 0:20:07, time (data): 0.235 (0.016)]l_bij: 2.3052e+02 l_orth: 2.2118e+02 l_align: 1.4685e+02 l_total: 5.9856e+02 
2026-06-24 17:12:12,916 INFO: [smal_..][epoch: 16, iter:  12,920, lr:(2.318e-04,2.318e-04,)][eta: 0:20:01, time (data): 0.235 (0.016)]l_bij: 2.3205e+02 l_orth: 2.2062e+02 l_align: 1.4961e+02 l_total: 6.0228e+02 
2026-06-24 17:12:17,582 INFO: [smal_..][epoch: 16, iter:  12,940, lr:(2.318e-04,2.318e-04,)][eta: 0:19:54, time (data): 0.234 (0.016)]l_bij: 2.1644e+02 l_orth: 2.0591e+02 l_align: 1.5160e+02 l_total: 5.7394e+02 
2026-06-24 17:12:22,218 INFO: [smal_..][epoch: 16, iter:  12,960, lr:(2.318e-04,2.318e-04,)][eta: 0:19:47, time (data): 0.234 (0.016)]l_bij: 2.1601e+02 l_orth: 2.0932e+02 l_align: 1.5484e+02 l_total: 5.8016e+02 
2026-06-24 17:12:26,821 INFO: [smal_..][epoch: 16, iter:  12,980, lr:(2.318e-04,2.318e-04,)][eta: 0:19:41, time (data): 0.233 (0.016)]l_bij: 9.2955e+01 l_orth: 9.7554e+01 l_align: 2.6113e+02 l_total: 4.5164e+02 
2026-06-24 17:12:31,477 INFO: [smal_..][epoch: 16, iter:  13,000, lr:(2.318e-04,2.318e-04,)][eta: 0:19:34, time (data): 0.233 (0.016)]l_bij: 2.2366e+02 l_orth: 2.1196e+02 l_align: 1.4659e+02 l_total: 5.8221e+02 
2026-06-24 17:12:36,085 INFO: [smal_..][epoch: 16, iter:  13,020, lr:(2.318e-04,2.318e-04,)][eta: 0:19:28, time (data): 0.233 (0.016)]l_bij: 2.2964e+02 l_orth: 2.1414e+02 l_align: 1.4862e+02 l_total: 5.9239e+02 
2026-06-24 17:12:40,649 INFO: [smal_..][epoch: 16, iter:  13,040, lr:(2.318e-04,2.318e-04,)][eta: 0:19:21, time (data): 0.232 (0.016)]l_bij: 2.2510e+02 l_orth: 2.1679e+02 l_align: 1.5402e+02 l_total: 5.9591e+02 
2026-06-24 17:12:45,297 INFO: [smal_..][epoch: 16, iter:  13,060, lr:(2.318e-04,2.318e-04,)][eta: 0:19:14, time (data): 0.232 (0.016)]l_bij: 2.3080e+02 l_orth: 2.1605e+02 l_align: 1.4416e+02 l_total: 5.9101e+02 
2026-06-24 17:12:50,094 INFO: [smal_..][epoch: 16, iter:  13,080, lr:(2.318e-04,2.318e-04,)][eta: 0:19:08, time (data): 0.243 (0.016)]l_bij: 2.3512e+02 l_orth: 2.2519e+02 l_align: 1.3484e+02 l_total: 5.9514e+02 
2026-06-24 17:12:54,693 INFO: [smal_..][epoch: 16, iter:  13,100, lr:(2.318e-04,2.318e-04,)][eta: 0:19:01, time (data): 0.235 (0.016)]l_bij: 2.2744e+02 l_orth: 2.1512e+02 l_align: 1.4672e+02 l_total: 5.8928e+02 
2026-06-24 17:12:59,273 INFO: [smal_..][epoch: 16, iter:  13,120, lr:(2.318e-04,2.318e-04,)][eta: 0:18:55, time (data): 0.233 (0.016)]l_bij: 2.2568e+02 l_orth: 2.1451e+02 l_align: 1.4465e+02 l_total: 5.8485e+02 
2026-06-24 17:13:03,893 INFO: [smal_..][epoch: 16, iter:  13,140, lr:(2.318e-04,2.318e-04,)][eta: 0:18:48, time (data): 0.232 (0.016)]l_bij: 2.3062e+02 l_orth: 2.2047e+02 l_align: 1.4586e+02 l_total: 5.9695e+02 
2026-06-24 17:13:08,629 INFO: [smal_..][epoch: 16, iter:  13,160, lr:(2.318e-04,2.318e-04,)][eta: 0:18:42, time (data): 0.233 (0.016)]l_bij: 2.2227e+02 l_orth: 2.1578e+02 l_align: 1.5088e+02 l_total: 5.8892e+02 
2026-06-24 17:13:13,405 INFO: [smal_..][epoch: 16, iter:  13,180, lr:(2.318e-04,2.318e-04,)][eta: 0:18:35, time (data): 0.234 (0.016)]l_bij: 2.2910e+02 l_orth: 2.1727e+02 l_align: 1.4817e+02 l_total: 5.9454e+02 
2026-06-24 17:13:18,049 INFO: [smal_..][epoch: 16, iter:  13,200, lr:(2.318e-04,2.318e-04,)][eta: 0:18:29, time (data): 0.234 (0.016)]l_bij: 2.4394e+02 l_orth: 2.3358e+02 l_align: 1.3429e+02 l_total: 6.1181e+02 
2026-06-24 17:13:22,689 INFO: [smal_..][epoch: 16, iter:  13,220, lr:(2.318e-04,2.318e-04,)][eta: 0:18:22, time (data): 0.234 (0.016)]l_bij: 2.2446e+02 l_orth: 2.1337e+02 l_align: 1.5060e+02 l_total: 5.8843e+02 
2026-06-24 17:13:27,333 INFO: [smal_..][epoch: 16, iter:  13,240, lr:(2.318e-04,2.318e-04,)][eta: 0:18:15, time (data): 0.233 (0.016)]l_bij: 2.4012e+02 l_orth: 2.2558e+02 l_align: 1.3643e+02 l_total: 6.0213e+02 
2026-06-24 17:13:31,974 INFO: [smal_..][epoch: 16, iter:  13,260, lr:(2.318e-04,2.318e-04,)][eta: 0:18:09, time (data): 0.233 (0.016)]l_bij: 2.2533e+02 l_orth: 2.1459e+02 l_align: 1.4904e+02 l_total: 5.8896e+02 
2026-06-24 17:13:36,614 INFO: [smal_..][epoch: 16, iter:  13,280, lr:(2.318e-04,2.318e-04,)][eta: 0:18:02, time (data): 0.231 (0.015)]l_bij: 2.2800e+02 l_orth: 2.1315e+02 l_align: 1.5018e+02 l_total: 5.9132e+02 
2026-06-24 17:13:41,317 INFO: [smal_..][epoch: 16, iter:  13,300, lr:(2.318e-04,2.318e-04,)][eta: 0:17:56, time (data): 0.233 (0.015)]l_bij: 2.2580e+02 l_orth: 2.2194e+02 l_align: 1.4886e+02 l_total: 5.9660e+02 
2026-06-24 17:13:45,993 INFO: [smal_..][epoch: 16, iter:  13,320, lr:(2.318e-04,2.318e-04,)][eta: 0:17:49, time (data): 0.233 (0.015)]l_bij: 2.2292e+02 l_orth: 2.1303e+02 l_align: 1.4977e+02 l_total: 5.8572e+02 
2026-06-24 17:13:50,664 INFO: [smal_..][epoch: 16, iter:  13,340, lr:(2.318e-04,2.318e-04,)][eta: 0:17:43, time (data): 0.233 (0.015)]l_bij: 2.2840e+02 l_orth: 2.1690e+02 l_align: 1.4122e+02 l_total: 5.8652e+02 
2026-06-24 17:13:55,269 INFO: [smal_..][epoch: 16, iter:  13,360, lr:(2.318e-04,2.318e-04,)][eta: 0:17:36, time (data): 0.233 (0.015)]l_bij: 2.3150e+02 l_orth: 2.1984e+02 l_align: 1.4035e+02 l_total: 5.9170e+02 
2026-06-24 17:13:59,853 INFO: [smal_..][epoch: 16, iter:  13,380, lr:(2.318e-04,2.318e-04,)][eta: 0:17:30, time (data): 0.232 (0.015)]l_bij: 2.2697e+02 l_orth: 2.1502e+02 l_align: 1.4748e+02 l_total: 5.8947e+02 
2026-06-24 17:14:04,489 INFO: [smal_..][epoch: 16, iter:  13,400, lr:(2.318e-04,2.318e-04,)][eta: 0:17:23, time (data): 0.232 (0.015)]l_bij: 2.2993e+02 l_orth: 2.2106e+02 l_align: 1.4497e+02 l_total: 5.9596e+02 
2026-06-24 17:14:09,137 INFO: [smal_..][epoch: 16, iter:  13,420, lr:(2.318e-04,2.318e-04,)][eta: 0:17:17, time (data): 0.232 (0.015)]l_bij: 2.2796e+02 l_orth: 2.1449e+02 l_align: 1.4316e+02 l_total: 5.8560e+02 
2026-06-24 17:14:13,813 INFO: [smal_..][epoch: 16, iter:  13,440, lr:(2.318e-04,2.318e-04,)][eta: 0:17:11, time (data): 0.232 (0.016)]l_bij: 2.1939e+02 l_orth: 2.1010e+02 l_align: 1.5151e+02 l_total: 5.8100e+02 
2026-06-24 17:14:18,673 INFO: [smal_..][epoch: 17, iter:  13,460, lr:(1.859e-04,1.859e-04,)][eta: 0:17:04, time (data): 0.233 (0.017)]l_bij: 2.2146e+02 l_orth: 2.1093e+02 l_align: 1.5213e+02 l_total: 5.8452e+02 
2026-06-24 17:14:23,289 INFO: [smal_..][epoch: 17, iter:  13,480, lr:(1.859e-04,1.859e-04,)][eta: 0:16:58, time (data): 0.230 (0.015)]l_bij: 2.2905e+02 l_orth: 2.1561e+02 l_align: 1.4659e+02 l_total: 5.9125e+02 
2026-06-24 17:14:27,874 INFO: [smal_..][epoch: 17, iter:  13,500, lr:(1.859e-04,1.859e-04,)][eta: 0:16:51, time (data): 0.230 (0.016)]l_bij: 2.2960e+02 l_orth: 2.1497e+02 l_align: 1.5132e+02 l_total: 5.9589e+02 
2026-06-24 17:14:32,473 INFO: [smal_..][epoch: 17, iter:  13,520, lr:(1.859e-04,1.859e-04,)][eta: 0:16:45, time (data): 0.230 (0.015)]l_bij: 2.3035e+02 l_orth: 2.1979e+02 l_align: 1.4392e+02 l_total: 5.9405e+02 
2026-06-24 17:14:37,189 INFO: [smal_..][epoch: 17, iter:  13,540, lr:(1.859e-04,1.859e-04,)][eta: 0:16:38, time (data): 0.231 (0.016)]l_bij: 2.3459e+02 l_orth: 2.2223e+02 l_align: 1.4398e+02 l_total: 6.0080e+02 
2026-06-24 17:14:41,895 INFO: [smal_..][epoch: 17, iter:  13,560, lr:(1.859e-04,1.859e-04,)][eta: 0:16:32, time (data): 0.232 (0.016)]l_bij: 2.1789e+02 l_orth: 2.0906e+02 l_align: 1.5504e+02 l_total: 5.8198e+02 
2026-06-24 17:14:46,687 INFO: [smal_..][epoch: 17, iter:  13,580, lr:(1.859e-04,1.859e-04,)][eta: 0:16:25, time (data): 0.233 (0.016)]l_bij: 2.1287e+02 l_orth: 2.0535e+02 l_align: 1.6126e+02 l_total: 5.7947e+02 
2026-06-24 17:14:51,477 INFO: [smal_..][epoch: 17, iter:  13,600, lr:(1.859e-04,1.859e-04,)][eta: 0:16:19, time (data): 0.234 (0.016)]l_bij: 2.2962e+02 l_orth: 2.1671e+02 l_align: 1.4510e+02 l_total: 5.9143e+02 
2026-06-24 17:14:56,228 INFO: [smal_..][epoch: 17, iter:  13,620, lr:(1.859e-04,1.859e-04,)][eta: 0:16:13, time (data): 0.235 (0.015)]l_bij: 2.1879e+02 l_orth: 2.1029e+02 l_align: 1.5003e+02 l_total: 5.7910e+02 
2026-06-24 17:15:00,857 INFO: [smal_..][epoch: 17, iter:  13,640, lr:(1.859e-04,1.859e-04,)][eta: 0:16:06, time (data): 0.234 (0.016)]l_bij: 2.3319e+02 l_orth: 2.2456e+02 l_align: 1.4180e+02 l_total: 5.9955e+02 
2026-06-24 17:15:05,450 INFO: [smal_..][epoch: 17, iter:  13,660, lr:(1.859e-04,1.859e-04,)][eta: 0:16:00, time (data): 0.234 (0.015)]l_bij: 2.3200e+02 l_orth: 2.2029e+02 l_align: 1.4689e+02 l_total: 5.9918e+02 
2026-06-24 17:15:10,061 INFO: [smal_..][epoch: 17, iter:  13,680, lr:(1.859e-04,1.859e-04,)][eta: 0:15:53, time (data): 0.231 (0.016)]l_bij: 2.2062e+02 l_orth: 2.1172e+02 l_align: 1.5176e+02 l_total: 5.8410e+02 
2026-06-24 17:15:14,697 INFO: [smal_..][epoch: 17, iter:  13,700, lr:(1.859e-04,1.859e-04,)][eta: 0:15:47, time (data): 0.231 (0.016)]l_bij: 2.2492e+02 l_orth: 2.1770e+02 l_align: 1.4880e+02 l_total: 5.9143e+02 
2026-06-24 17:15:19,345 INFO: [smal_..][epoch: 17, iter:  13,720, lr:(1.859e-04,1.859e-04,)][eta: 0:15:41, time (data): 0.232 (0.016)]l_bij: 2.3742e+02 l_orth: 2.2552e+02 l_align: 1.3868e+02 l_total: 6.0162e+02 
2026-06-24 17:15:23,958 INFO: [smal_..][epoch: 17, iter:  13,740, lr:(1.859e-04,1.859e-04,)][eta: 0:15:34, time (data): 0.231 (0.016)]l_bij: 2.2284e+02 l_orth: 2.1144e+02 l_align: 1.5097e+02 l_total: 5.8525e+02 
2026-06-24 17:15:28,604 INFO: [smal_..][epoch: 17, iter:  13,760, lr:(1.859e-04,1.859e-04,)][eta: 0:15:28, time (data): 0.232 (0.016)]l_bij: 2.2779e+02 l_orth: 2.2037e+02 l_align: 1.4789e+02 l_total: 5.9605e+02 
2026-06-24 17:15:33,258 INFO: [smal_..][epoch: 17, iter:  13,780, lr:(1.859e-04,1.859e-04,)][eta: 0:15:21, time (data): 0.232 (0.016)]l_bij: 2.3408e+02 l_orth: 2.1935e+02 l_align: 1.3952e+02 l_total: 5.9295e+02 
2026-06-24 17:15:37,878 INFO: [smal_..][epoch: 17, iter:  13,800, lr:(1.859e-04,1.859e-04,)][eta: 0:15:15, time (data): 0.232 (0.016)]l_bij: 2.3007e+02 l_orth: 2.1949e+02 l_align: 1.3904e+02 l_total: 5.8860e+02 
2026-06-24 17:15:42,664 INFO: [smal_..][epoch: 17, iter:  13,820, lr:(1.859e-04,1.859e-04,)][eta: 0:15:09, time (data): 0.233 (0.016)]l_bij: 2.2237e+02 l_orth: 2.0928e+02 l_align: 1.4790e+02 l_total: 5.7955e+02 
2026-06-24 17:15:47,385 INFO: [smal_..][epoch: 17, iter:  13,840, lr:(1.859e-04,1.859e-04,)][eta: 0:15:02, time (data): 0.233 (0.016)]l_bij: 2.3875e+02 l_orth: 2.3016e+02 l_align: 1.3741e+02 l_total: 6.0632e+02 
2026-06-24 17:15:51,996 INFO: [smal_..][epoch: 17, iter:  13,860, lr:(1.859e-04,1.859e-04,)][eta: 0:14:56, time (data): 0.233 (0.016)]l_bij: 2.3339e+02 l_orth: 2.2267e+02 l_align: 1.4036e+02 l_total: 5.9642e+02 
2026-06-24 17:15:56,620 INFO: [smal_..][epoch: 17, iter:  13,880, lr:(1.859e-04,1.859e-04,)][eta: 0:14:50, time (data): 0.230 (0.015)]l_bij: 2.2836e+02 l_orth: 2.1927e+02 l_align: 1.4715e+02 l_total: 5.9478e+02 
2026-06-24 17:16:01,198 INFO: [smal_..][epoch: 17, iter:  13,900, lr:(1.859e-04,1.859e-04,)][eta: 0:14:43, time (data): 0.229 (0.015)]l_bij: 2.2087e+02 l_orth: 2.1109e+02 l_align: 1.4981e+02 l_total: 5.8177e+02 
2026-06-24 17:16:05,805 INFO: [smal_..][epoch: 17, iter:  13,920, lr:(1.859e-04,1.859e-04,)][eta: 0:14:37, time (data): 0.230 (0.015)]l_bij: 2.2360e+02 l_orth: 2.1231e+02 l_align: 1.4215e+02 l_total: 5.7805e+02 
2026-06-24 17:16:10,433 INFO: [smal_..][epoch: 17, iter:  13,940, lr:(1.859e-04,1.859e-04,)][eta: 0:14:31, time (data): 0.230 (0.015)]l_bij: 2.3030e+02 l_orth: 2.2152e+02 l_align: 1.4401e+02 l_total: 5.9583e+02 
2026-06-24 17:16:15,045 INFO: [smal_..][epoch: 17, iter:  13,960, lr:(1.859e-04,1.859e-04,)][eta: 0:14:24, time (data): 0.230 (0.015)]l_bij: 2.1111e+02 l_orth: 2.0719e+02 l_align: 1.5810e+02 l_total: 5.7640e+02 
2026-06-24 17:16:19,673 INFO: [smal_..][epoch: 17, iter:  13,980, lr:(1.859e-04,1.859e-04,)][eta: 0:14:18, time (data): 0.230 (0.015)]l_bij: 2.2649e+02 l_orth: 2.1256e+02 l_align: 1.4491e+02 l_total: 5.8396e+02 
2026-06-24 17:16:24,318 INFO: [smal_..][epoch: 17, iter:  14,000, lr:(1.859e-04,1.859e-04,)][eta: 0:14:12, time (data): 0.231 (0.015)]l_bij: 2.2823e+02 l_orth: 2.1743e+02 l_align: 1.4814e+02 l_total: 5.9380e+02 
2026-06-24 17:16:24,318 INFO: Saving models and training states.
2026-06-24 17:16:24,341 INFO: Start validation.
2026-06-24 17:16:25,178 INFO: avg err:0.0000 | err:0.0000 | cougar_01 cougar_01
2026-06-24 17:16:25,376 INFO: avg err:0.0690 | err:0.1380 | cougar_01 cougar_02
2026-06-24 17:16:25,683 INFO: avg err:0.3007 | err:0.7641 | cougar_01 cougar_03
2026-06-24 17:16:25,881 INFO: avg err:0.4086 | err:0.7323 | cougar_01 cougar_04
2026-06-24 17:16:26,185 INFO: avg err:0.4980 | err:0.8555 | cougar_01 hippo_01
2026-06-24 17:16:26,383 INFO: avg err:0.5415 | err:0.7594 | cougar_01 hippo_02
2026-06-24 17:16:26,685 INFO: avg err:0.5171 | err:0.3702 | cougar_01 hippo_03
2026-06-24 17:16:26,882 INFO: avg err:0.5618 | err:0.8754 | cougar_01 hippo_04
2026-06-24 17:16:27,185 INFO: avg err:0.5857 | err:0.7763 | cougar_01 hippo_05
2026-06-24 17:16:27,384 INFO: avg err:0.6081 | err:0.8096 | cougar_01 hippo_06
2026-06-24 17:16:27,672 INFO: avg err:0.6201 | err:0.7402 | cougar_01 horse_01
2026-06-24 17:16:27,870 INFO: avg err:0.5866 | err:0.2178 | cougar_01 horse_02
2026-06-24 17:16:28,166 INFO: avg err:0.5928 | err:0.6671 | cougar_01 horse_03
2026-06-24 17:16:28,364 INFO: avg err:0.6030 | err:0.7360 | cougar_01 horse_04
2026-06-24 17:16:28,669 INFO: avg err:0.6159 | err:0.7973 | cougar_01 horse_05
2026-06-24 17:16:28,866 INFO: avg err:0.6239 | err:0.7432 | cougar_01 horse_06
2026-06-24 17:16:29,142 INFO: avg err:0.6262 | err:0.6628 | cougar_01 horse_07
2026-06-24 17:16:29,340 INFO: avg err:0.6284 | err:0.6663 | cougar_01 horse_08
2026-06-24 17:16:29,644 INFO: avg err:0.6175 | err:0.4218 | cougar_01 horse_09
2026-06-24 17:16:29,842 INFO: avg err:0.6066 | err:0.3991 | cougar_01 horse_10
2026-06-24 17:16:30,133 INFO: avg err:0.5901 | err:0.2596 | cougar_02 cougar_01
2026-06-24 17:16:30,331 INFO: avg err:0.5633 | err:0.0000 | cougar_02 cougar_02
2026-06-24 17:16:30,625 INFO: avg err:0.5742 | err:0.8140 | cougar_02 cougar_03
2026-06-24 17:16:30,824 INFO: avg err:0.5830 | err:0.7856 | cougar_02 cougar_04
2026-06-24 17:16:31,115 INFO: avg err:0.5911 | err:0.7861 | cougar_02 hippo_01
2026-06-24 17:16:31,312 INFO: avg err:0.5952 | err:0.6977 | cougar_02 hippo_02
2026-06-24 17:16:31,606 INFO: avg err:0.5857 | err:0.3398 | cougar_02 hippo_03
2026-06-24 17:16:31,804 INFO: avg err:0.5941 | err:0.8188 | cougar_02 hippo_04
2026-06-24 17:16:32,099 INFO: avg err:0.6023 | err:0.8326 | cougar_02 hippo_05
2026-06-24 17:16:32,307 INFO: avg err:0.6076 | err:0.7623 | cougar_02 hippo_06
2026-06-24 17:16:32,591 INFO: avg err:0.6156 | err:0.8548 | cougar_02 horse_01
2026-06-24 17:16:32,789 INFO: avg err:0.6073 | err:0.3488 | cougar_02 horse_02
2026-06-24 17:16:33,085 INFO: avg err:0.6120 | err:0.7628 | cougar_02 horse_03
2026-06-24 17:16:33,283 INFO: avg err:0.6179 | err:0.8133 | cougar_02 horse_04
2026-06-24 17:16:33,569 INFO: avg err:0.6237 | err:0.8216 | cougar_02 horse_05
2026-06-24 17:16:33,779 INFO: avg err:0.6276 | err:0.7626 | cougar_02 horse_06
2026-06-24 17:16:34,064 INFO: avg err:0.6306 | err:0.7390 | cougar_02 horse_07
2026-06-24 17:16:34,274 INFO: avg err:0.6347 | err:0.7863 | cougar_02 horse_08
2026-06-24 17:16:34,553 INFO: avg err:0.6261 | err:0.2987 | cougar_02 horse_09
2026-06-24 17:16:34,762 INFO: avg err:0.6162 | err:0.2328 | cougar_02 horse_10
2026-06-24 17:16:35,057 INFO: avg err:0.6220 | err:0.8525 | cougar_03 cougar_01
2026-06-24 17:16:35,255 INFO: avg err:0.6279 | err:0.8719 | cougar_03 cougar_02
2026-06-24 17:16:35,538 INFO: avg err:0.6133 | err:0.0000 | cougar_03 cougar_03
2026-06-24 17:16:35,748 INFO: avg err:0.6058 | err:0.2798 | cougar_03 cougar_04
2026-06-24 17:16:36,028 INFO: avg err:0.6017 | err:0.4240 | cougar_03 hippo_01
2026-06-24 17:16:36,238 INFO: avg err:0.5982 | err:0.4399 | cougar_03 hippo_02
2026-06-24 17:16:36,515 INFO: avg err:0.6046 | err:0.9000 | cougar_03 hippo_03
2026-06-24 17:16:36,724 INFO: avg err:0.5991 | err:0.3404 | cougar_03 hippo_04
2026-06-24 17:16:37,016 INFO: avg err:0.5932 | err:0.3112 | cougar_03 hippo_05
2026-06-24 17:16:37,215 INFO: avg err:0.5906 | err:0.4595 | cougar_03 hippo_06
2026-06-24 17:16:37,499 INFO: avg err:0.5853 | err:0.3209 | cougar_03 horse_01
2026-06-24 17:16:37,709 INFO: avg err:0.5890 | err:0.7797 | cougar_03 horse_02
2026-06-24 17:16:37,993 INFO: avg err:0.5830 | err:0.2689 | cougar_03 horse_03
2026-06-24 17:16:38,203 INFO: avg err:0.5776 | err:0.2906 | cougar_03 horse_04
2026-06-24 17:16:38,489 INFO: avg err:0.5751 | err:0.4411 | cougar_03 horse_05
2026-06-24 17:16:38,709 INFO: avg err:0.5697 | err:0.2751 | cougar_03 horse_06
2026-06-24 17:16:38,985 INFO: avg err:0.5630 | err:0.1885 | cougar_03 horse_07
2026-06-24 17:16:39,184 INFO: avg err:0.5586 | err:0.3080 | cougar_03 horse_08
2026-06-24 17:16:39,475 INFO: avg err:0.5628 | err:0.8019 | cougar_03 horse_09
2026-06-24 17:16:39,674 INFO: avg err:0.5677 | err:0.8614 | cougar_03 horse_10
2026-06-24 17:16:39,969 INFO: avg err:0.5699 | err:0.6988 | cougar_04 cougar_01
2026-06-24 17:16:40,168 INFO: avg err:0.5719 | err:0.6924 | cougar_04 cougar_02
2026-06-24 17:16:40,457 INFO: avg err:0.5670 | err:0.2656 | cougar_04 cougar_03
2026-06-24 17:16:40,655 INFO: avg err:0.5582 | err:0.0000 | cougar_04 cougar_04
2026-06-24 17:16:40,951 INFO: avg err:0.5541 | err:0.2918 | cougar_04 hippo_01
2026-06-24 17:16:41,163 INFO: avg err:0.5493 | err:0.2419 | cougar_04 hippo_02
2026-06-24 17:16:41,462 INFO: avg err:0.5529 | err:0.7860 | cougar_04 hippo_03
2026-06-24 17:16:41,661 INFO: avg err:0.5489 | err:0.2816 | cougar_04 hippo_04
2026-06-24 17:16:41,950 INFO: avg err:0.5453 | err:0.3038 | cougar_04 hippo_05
2026-06-24 17:16:42,148 INFO: avg err:0.5435 | err:0.4173 | cougar_04 hippo_06
2026-06-24 17:16:42,440 INFO: avg err:0.5393 | err:0.2459 | cougar_04 horse_01
2026-06-24 17:16:42,639 INFO: avg err:0.5413 | err:0.6818 | cougar_04 horse_02
2026-06-24 17:16:42,930 INFO: avg err:0.5372 | err:0.2431 | cougar_04 horse_03
2026-06-24 17:16:43,129 INFO: avg err:0.5330 | err:0.2250 | cougar_04 horse_04
2026-06-24 17:16:43,426 INFO: avg err:0.5311 | err:0.3952 | cougar_04 horse_05
2026-06-24 17:16:43,626 INFO: avg err:0.5276 | err:0.2628 | cougar_04 horse_06
2026-06-24 17:16:43,920 INFO: avg err:0.5236 | err:0.2226 | cougar_04 horse_07
2026-06-24 17:16:44,119 INFO: avg err:0.5214 | err:0.3505 | cougar_04 horse_08
2026-06-24 17:16:44,408 INFO: avg err:0.5224 | err:0.5968 | cougar_04 horse_09
2026-06-24 17:16:44,607 INFO: avg err:0.5238 | err:0.6335 | cougar_04 horse_10
2026-06-24 17:16:44,897 INFO: avg err:0.5256 | err:0.6720 | hippo_01 cougar_01
2026-06-24 17:16:45,096 INFO: avg err:0.5275 | err:0.6794 | hippo_01 cougar_02
2026-06-24 17:16:45,389 INFO: avg err:0.5246 | err:0.2857 | hippo_01 cougar_03
2026-06-24 17:16:45,588 INFO: avg err:0.5204 | err:0.1780 | hippo_01 cougar_04
2026-06-24 17:16:45,885 INFO: avg err:0.5143 | err:0.0000 | hippo_01 hippo_01
2026-06-24 17:16:46,084 INFO: avg err:0.5101 | err:0.1496 | hippo_01 hippo_02
2026-06-24 17:16:46,380 INFO: avg err:0.5114 | err:0.6274 | hippo_01 hippo_03
2026-06-24 17:16:46,579 INFO: avg err:0.5066 | err:0.0846 | hippo_01 hippo_04
2026-06-24 17:16:46,889 INFO: avg err:0.5039 | err:0.2717 | hippo_01 hippo_05
2026-06-24 17:16:47,087 INFO: avg err:0.5000 | err:0.1509 | hippo_01 hippo_06
2026-06-24 17:16:47,384 INFO: avg err:0.4976 | err:0.2833 | hippo_01 horse_01
2026-06-24 17:16:47,581 INFO: avg err:0.4993 | err:0.6549 | hippo_01 horse_02
2026-06-24 17:16:47,872 INFO: avg err:0.4963 | err:0.2209 | hippo_01 horse_03
2026-06-24 17:16:48,070 INFO: avg err:0.4929 | err:0.1687 | hippo_01 horse_04
2026-06-24 17:16:48,358 INFO: avg err:0.4902 | err:0.2374 | hippo_01 horse_05
2026-06-24 17:16:48,556 INFO: avg err:0.4877 | err:0.2532 | hippo_01 horse_06
2026-06-24 17:16:48,855 INFO: avg err:0.4852 | err:0.2447 | hippo_01 horse_07
2026-06-24 17:16:49,053 INFO: avg err:0.4838 | err:0.3443 | hippo_01 horse_08
2026-06-24 17:16:49,350 INFO: avg err:0.4850 | err:0.6096 | hippo_01 horse_09
2026-06-24 17:16:49,547 INFO: avg err:0.4866 | err:0.6437 | hippo_01 horse_10
2026-06-24 17:16:49,841 INFO: avg err:0.4882 | err:0.6498 | hippo_02 cougar_01
2026-06-24 17:16:50,039 INFO: avg err:0.4900 | err:0.6691 | hippo_02 cougar_02
2026-06-24 17:16:50,329 INFO: avg err:0.4880 | err:0.2806 | hippo_02 cougar_03
2026-06-24 17:16:50,527 INFO: avg err:0.4847 | err:0.1430 | hippo_02 cougar_04
2026-06-24 17:16:50,821 INFO: avg err:0.4813 | err:0.1368 | hippo_02 hippo_01
2026-06-24 17:16:51,020 INFO: avg err:0.4768 | err:0.0000 | hippo_02 hippo_02
2026-06-24 17:16:51,317 INFO: avg err:0.4779 | err:0.5930 | hippo_02 hippo_03
2026-06-24 17:16:51,515 INFO: avg err:0.4750 | err:0.1686 | hippo_02 hippo_04
2026-06-24 17:16:51,811 INFO: avg err:0.4728 | err:0.2310 | hippo_02 hippo_05
2026-06-24 17:16:52,009 INFO: avg err:0.4703 | err:0.1979 | hippo_02 hippo_06
2026-06-24 17:16:52,301 INFO: avg err:0.4678 | err:0.1893 | hippo_02 horse_01
2026-06-24 17:16:52,500 INFO: avg err:0.4692 | err:0.6354 | hippo_02 horse_02
2026-06-24 17:16:52,792 INFO: avg err:0.4669 | err:0.2005 | hippo_02 horse_03
2026-06-24 17:16:52,990 INFO: avg err:0.4642 | err:0.1670 | hippo_02 horse_04
2026-06-24 17:16:53,286 INFO: avg err:0.4618 | err:0.1818 | hippo_02 horse_05
2026-06-24 17:16:53,486 INFO: avg err:0.4597 | err:0.2161 | hippo_02 horse_06
2026-06-24 17:16:53,771 INFO: avg err:0.4576 | err:0.2218 | hippo_02 horse_07
2026-06-24 17:16:53,968 INFO: avg err:0.4558 | err:0.2356 | hippo_02 horse_08
2026-06-24 17:16:54,257 INFO: avg err:0.4564 | err:0.5274 | hippo_02 horse_09
2026-06-24 17:16:54,455 INFO: avg err:0.4577 | err:0.6169 | hippo_02 horse_10
2026-06-24 17:16:54,753 INFO: avg err:0.4563 | err:0.2857 | hippo_03 cougar_01
2026-06-24 17:16:54,951 INFO: avg err:0.4545 | err:0.2430 | hippo_03 cougar_02
2026-06-24 17:16:55,239 INFO: avg err:0.4566 | err:0.7156 | hippo_03 cougar_03
2026-06-24 17:16:55,437 INFO: avg err:0.4565 | err:0.4423 | hippo_03 cougar_04
2026-06-24 17:16:55,730 INFO: avg err:0.4577 | err:0.5995 | hippo_03 hippo_01
2026-06-24 17:16:55,928 INFO: avg err:0.4583 | err:0.5341 | hippo_03 hippo_02
2026-06-24 17:16:56,219 INFO: avg err:0.4547 | err:0.0000 | hippo_03 hippo_03
2026-06-24 17:16:56,418 INFO: avg err:0.4560 | err:0.6196 | hippo_03 hippo_04
2026-06-24 17:16:56,717 INFO: avg err:0.4577 | err:0.6830 | hippo_03 hippo_05
2026-06-24 17:16:56,916 INFO: avg err:0.4573 | err:0.4058 | hippo_03 hippo_06
2026-06-24 17:16:57,206 INFO: avg err:0.4590 | err:0.6728 | hippo_03 horse_01
2026-06-24 17:16:57,405 INFO: avg err:0.4582 | err:0.3540 | hippo_03 horse_02
2026-06-24 17:16:57,697 INFO: avg err:0.4595 | err:0.6353 | hippo_03 horse_03
2026-06-24 17:16:57,896 INFO: avg err:0.4608 | err:0.6352 | hippo_03 horse_04
2026-06-24 17:16:58,187 INFO: avg err:0.4611 | err:0.4983 | hippo_03 horse_05
2026-06-24 17:16:58,386 INFO: avg err:0.4625 | err:0.6489 | hippo_03 horse_06
2026-06-24 17:16:58,675 INFO: avg err:0.4635 | err:0.6011 | hippo_03 horse_07
2026-06-24 17:16:58,875 INFO: avg err:0.4648 | err:0.6433 | hippo_03 horse_08
2026-06-24 17:16:59,168 INFO: avg err:0.4642 | err:0.3821 | hippo_03 horse_09
2026-06-24 17:16:59,367 INFO: avg err:0.4641 | err:0.4456 | hippo_03 horse_10
2026-06-24 17:16:59,660 INFO: avg err:0.4653 | err:0.6436 | hippo_04 cougar_01
2026-06-24 17:16:59,858 INFO: avg err:0.4667 | err:0.6646 | hippo_04 cougar_02
2026-06-24 17:17:00,151 INFO: avg err:0.4648 | err:0.1849 | hippo_04 cougar_03
2026-06-24 17:17:00,350 INFO: avg err:0.4629 | err:0.2031 | hippo_04 cougar_04
2026-06-24 17:17:00,637 INFO: avg err:0.4603 | err:0.0829 | hippo_04 hippo_01
2026-06-24 17:17:00,836 INFO: avg err:0.4585 | err:0.1968 | hippo_04 hippo_02
2026-06-24 17:17:01,128 INFO: avg err:0.4594 | err:0.5864 | hippo_04 hippo_03
2026-06-24 17:17:01,327 INFO: avg err:0.4563 | err:0.0000 | hippo_04 hippo_04
2026-06-24 17:17:01,616 INFO: avg err:0.4545 | err:0.1849 | hippo_04 hippo_05
2026-06-24 17:17:01,815 INFO: avg err:0.4530 | err:0.2343 | hippo_04 hippo_06
2026-06-24 17:17:02,108 INFO: avg err:0.4514 | err:0.2142 | hippo_04 horse_01
2026-06-24 17:17:02,307 INFO: avg err:0.4526 | err:0.6280 | hippo_04 horse_02
2026-06-24 17:17:02,595 INFO: avg err:0.4506 | err:0.1465 | hippo_04 horse_03
2026-06-24 17:17:02,794 INFO: avg err:0.4488 | err:0.1810 | hippo_04 horse_04
2026-06-24 17:17:03,085 INFO: avg err:0.4476 | err:0.2580 | hippo_04 horse_05
2026-06-24 17:17:03,285 INFO: avg err:0.4455 | err:0.1221 | hippo_04 horse_06
2026-06-24 17:17:03,577 INFO: avg err:0.4437 | err:0.1578 | hippo_04 horse_07
2026-06-24 17:17:03,776 INFO: avg err:0.4426 | err:0.2655 | hippo_04 horse_08
2026-06-24 17:17:04,072 INFO: avg err:0.4433 | err:0.5575 | hippo_04 horse_09
2026-06-24 17:17:04,272 INFO: avg err:0.4442 | err:0.5921 | hippo_04 horse_10
2026-06-24 17:17:04,566 INFO: avg err:0.4456 | err:0.6675 | hippo_05 cougar_01
2026-06-24 17:17:04,764 INFO: avg err:0.4469 | err:0.6559 | hippo_05 cougar_02
2026-06-24 17:17:05,046 INFO: avg err:0.4453 | err:0.1862 | hippo_05 cougar_03
2026-06-24 17:17:05,256 INFO: avg err:0.4437 | err:0.1851 | hippo_05 cougar_04
2026-06-24 17:17:05,541 INFO: avg err:0.4427 | err:0.2729 | hippo_05 hippo_01
2026-06-24 17:17:05,751 INFO: avg err:0.4411 | err:0.1882 | hippo_05 hippo_02
2026-06-24 17:17:06,034 INFO: avg err:0.4426 | err:0.6860 | hippo_05 hippo_03
2026-06-24 17:17:06,245 INFO: avg err:0.4412 | err:0.1995 | hippo_05 hippo_04
2026-06-24 17:17:06,532 INFO: avg err:0.4385 | err:0.0000 | hippo_05 hippo_05
2026-06-24 17:17:06,743 INFO: avg err:0.4381 | err:0.3638 | hippo_05 hippo_06
2026-06-24 17:17:07,023 INFO: avg err:0.4362 | err:0.1202 | hippo_05 horse_01
2026-06-24 17:17:07,233 INFO: avg err:0.4370 | err:0.5673 | hippo_05 horse_02
2026-06-24 17:17:07,514 INFO: avg err:0.4354 | err:0.1641 | hippo_05 horse_03
2026-06-24 17:17:07,731 INFO: avg err:0.4340 | err:0.1893 | hippo_05 horse_04
2026-06-24 17:17:08,008 INFO: avg err:0.4333 | err:0.3170 | hippo_05 horse_05
2026-06-24 17:17:08,219 INFO: avg err:0.4318 | err:0.1542 | hippo_05 horse_06
2026-06-24 17:17:08,495 INFO: avg err:0.4306 | err:0.2245 | hippo_05 horse_07
2026-06-24 17:17:08,705 INFO: avg err:0.4296 | err:0.2616 | hippo_05 horse_08
2026-06-24 17:17:08,998 INFO: avg err:0.4296 | err:0.4230 | hippo_05 horse_09
2026-06-24 17:17:09,208 INFO: avg err:0.4295 | err:0.4188 | hippo_05 horse_10
2026-06-24 17:17:09,484 INFO: avg err:0.4309 | err:0.6705 | hippo_06 cougar_01
2026-06-24 17:17:09,694 INFO: avg err:0.4323 | err:0.6955 | hippo_06 cougar_02
2026-06-24 17:17:09,971 INFO: avg err:0.4317 | err:0.3180 | hippo_06 cougar_03
2026-06-24 17:17:10,183 INFO: avg err:0.4305 | err:0.2016 | hippo_06 cougar_04
2026-06-24 17:17:10,463 INFO: avg err:0.4287 | err:0.1069 | hippo_06 hippo_01
2026-06-24 17:17:10,674 INFO: avg err:0.4274 | err:0.1823 | hippo_06 hippo_02
2026-06-24 17:17:10,951 INFO: avg err:0.4274 | err:0.4232 | hippo_06 hippo_03
2026-06-24 17:17:11,162 INFO: avg err:0.4264 | err:0.2496 | hippo_06 hippo_04
2026-06-24 17:17:11,442 INFO: avg err:0.4258 | err:0.3203 | hippo_06 hippo_05
2026-06-24 17:17:11,656 INFO: avg err:0.4236 | err:0.0000 | hippo_06 hippo_06
2026-06-24 17:17:11,937 INFO: avg err:0.4228 | err:0.2719 | hippo_06 horse_01
2026-06-24 17:17:12,152 INFO: avg err:0.4241 | err:0.6677 | hippo_06 horse_02
2026-06-24 17:17:12,423 INFO: avg err:0.4232 | err:0.2591 | hippo_06 horse_03
2026-06-24 17:17:12,640 INFO: avg err:0.4224 | err:0.2542 | hippo_06 horse_04
2026-06-24 17:17:12,927 INFO: avg err:0.4210 | err:0.1593 | hippo_06 horse_05
2026-06-24 17:17:13,139 INFO: avg err:0.4202 | err:0.2663 | hippo_06 horse_06
2026-06-24 17:17:13,431 INFO: avg err:0.4196 | err:0.2888 | hippo_06 horse_07
2026-06-24 17:17:13,643 INFO: avg err:0.4190 | err:0.3029 | hippo_06 horse_08
2026-06-24 17:17:13,918 INFO: avg err:0.4200 | err:0.6166 | hippo_06 horse_09
2026-06-24 17:17:14,131 INFO: avg err:0.4210 | err:0.6279 | hippo_06 horse_10
2026-06-24 17:17:14,412 INFO: avg err:0.4231 | err:0.8341 | horse_01 cougar_01
2026-06-24 17:17:14,624 INFO: avg err:0.4252 | err:0.8626 | horse_01 cougar_02
2026-06-24 17:17:14,908 INFO: avg err:0.4250 | err:0.3799 | horse_01 cougar_03
2026-06-24 17:17:15,119 INFO: avg err:0.4245 | err:0.3289 | horse_01 cougar_04
2026-06-24 17:17:15,402 INFO: avg err:0.4244 | err:0.4043 | horse_01 hippo_01
2026-06-24 17:17:15,613 INFO: avg err:0.4234 | err:0.2179 | horse_01 hippo_02
2026-06-24 17:17:15,894 INFO: avg err:0.4255 | err:0.8566 | horse_01 hippo_03
2026-06-24 17:17:16,105 INFO: avg err:0.4254 | err:0.4055 | horse_01 hippo_04
2026-06-24 17:17:16,391 INFO: avg err:0.4243 | err:0.1969 | horse_01 hippo_05
2026-06-24 17:17:16,602 INFO: avg err:0.4247 | err:0.4984 | horse_01 hippo_06
2026-06-24 17:17:16,886 INFO: avg err:0.4227 | err:0.0000 | horse_01 horse_01
2026-06-24 17:17:17,096 INFO: avg err:0.4237 | err:0.6374 | horse_01 horse_02
2026-06-24 17:17:17,388 INFO: avg err:0.4234 | err:0.3616 | horse_01 horse_03
2026-06-24 17:17:17,598 INFO: avg err:0.4222 | err:0.1578 | horse_01 horse_04
2026-06-24 17:17:17,875 INFO: avg err:0.4215 | err:0.2852 | horse_01 horse_05
2026-06-24 17:17:18,088 INFO: avg err:0.4212 | err:0.3584 | horse_01 horse_06
2026-06-24 17:17:18,365 INFO: avg err:0.4205 | err:0.2546 | horse_01 horse_07
2026-06-24 17:17:18,576 INFO: avg err:0.4195 | err:0.2138 | horse_01 horse_08
2026-06-24 17:17:18,858 INFO: avg err:0.4205 | err:0.6293 | horse_01 horse_09
2026-06-24 17:17:19,076 INFO: avg err:0.4215 | err:0.6356 | horse_01 horse_10
2026-06-24 17:17:19,355 INFO: avg err:0.4203 | err:0.1664 | horse_02 cougar_01
2026-06-24 17:17:19,567 INFO: avg err:0.4194 | err:0.2192 | horse_02 cougar_02
2026-06-24 17:17:19,846 INFO: avg err:0.4213 | err:0.8472 | horse_02 cougar_03
2026-06-24 17:17:20,064 INFO: avg err:0.4231 | err:0.8281 | horse_02 cougar_04
2026-06-24 17:17:20,339 INFO: avg err:0.4247 | err:0.7753 | horse_02 hippo_01
2026-06-24 17:17:20,549 INFO: avg err:0.4259 | err:0.6890 | horse_02 hippo_02
2026-06-24 17:17:20,836 INFO: avg err:0.4260 | err:0.4663 | horse_02 hippo_03
2026-06-24 17:17:21,050 INFO: avg err:0.4278 | err:0.8388 | horse_02 hippo_04
2026-06-24 17:17:21,329 INFO: avg err:0.4289 | err:0.6744 | horse_02 hippo_05
2026-06-24 17:17:21,540 INFO: avg err:0.4306 | err:0.8222 | horse_02 hippo_06
2026-06-24 17:17:21,824 INFO: avg err:0.4317 | err:0.6663 | horse_02 horse_01
2026-06-24 17:17:22,035 INFO: avg err:0.4298 | err:0.0000 | horse_02 horse_02
2026-06-24 17:17:22,317 INFO: avg err:0.4310 | err:0.7060 | horse_02 horse_03
2026-06-24 17:17:22,528 INFO: avg err:0.4323 | err:0.7364 | horse_02 horse_04
2026-06-24 17:17:22,808 INFO: avg err:0.4336 | err:0.7494 | horse_02 horse_05
2026-06-24 17:17:23,018 INFO: avg err:0.4349 | err:0.7230 | horse_02 horse_06
2026-06-24 17:17:23,302 INFO: avg err:0.4362 | err:0.7515 | horse_02 horse_07
2026-06-24 17:17:23,513 INFO: avg err:0.4369 | err:0.5986 | horse_02 horse_08
2026-06-24 17:17:23,797 INFO: avg err:0.4364 | err:0.3291 | horse_02 horse_09
2026-06-24 17:17:24,007 INFO: avg err:0.4357 | err:0.2637 | horse_02 horse_10
2026-06-24 17:17:24,285 INFO: avg err:0.4373 | err:0.8140 | horse_03 cougar_01
2026-06-24 17:17:24,496 INFO: avg err:0.4389 | err:0.8201 | horse_03 cougar_02
2026-06-24 17:17:24,781 INFO: avg err:0.4378 | err:0.1848 | horse_03 cougar_03
2026-06-24 17:17:24,990 INFO: avg err:0.4370 | err:0.2438 | horse_03 cougar_04
2026-06-24 17:17:25,284 INFO: avg err:0.4370 | err:0.4223 | horse_03 hippo_01
2026-06-24 17:17:25,483 INFO: avg err:0.4366 | err:0.3360 | horse_03 hippo_02
2026-06-24 17:17:25,763 INFO: avg err:0.4382 | err:0.8354 | horse_03 hippo_03
2026-06-24 17:17:25,981 INFO: avg err:0.4382 | err:0.4410 | horse_03 hippo_04
2026-06-24 17:17:26,265 INFO: avg err:0.4372 | err:0.1924 | horse_03 hippo_05
2026-06-24 17:17:26,464 INFO: avg err:0.4374 | err:0.4995 | horse_03 hippo_06
2026-06-24 17:17:26,747 INFO: avg err:0.4369 | err:0.3124 | horse_03 horse_01
2026-06-24 17:17:26,959 INFO: avg err:0.4382 | err:0.7431 | horse_03 horse_02
2026-06-24 17:17:27,237 INFO: avg err:0.4364 | err:0.0000 | horse_03 horse_03
2026-06-24 17:17:27,449 INFO: avg err:0.4352 | err:0.1252 | horse_03 horse_04
2026-06-24 17:17:27,727 INFO: avg err:0.4349 | err:0.3584 | horse_03 horse_05
2026-06-24 17:17:27,939 INFO: avg err:0.4334 | err:0.0462 | horse_03 horse_06
2026-06-24 17:17:28,228 INFO: avg err:0.4324 | err:0.1913 | horse_03 horse_07
2026-06-24 17:17:28,427 INFO: avg err:0.4318 | err:0.2758 | horse_03 horse_08
2026-06-24 17:17:28,721 INFO: avg err:0.4327 | err:0.6488 | horse_03 horse_09
2026-06-24 17:17:28,921 INFO: avg err:0.4331 | err:0.5412 | horse_03 horse_10
2026-06-24 17:17:29,215 INFO: avg err:0.4347 | err:0.8502 | horse_04 cougar_01
2026-06-24 17:17:29,414 INFO: avg err:0.4362 | err:0.8279 | horse_04 cougar_02
2026-06-24 17:17:29,697 INFO: avg err:0.4355 | err:0.2449 | horse_04 cougar_03
2026-06-24 17:17:29,910 INFO: avg err:0.4351 | err:0.3335 | horse_04 cougar_04
2026-06-24 17:17:30,203 INFO: avg err:0.4348 | err:0.3616 | horse_04 hippo_01
2026-06-24 17:17:30,403 INFO: avg err:0.4342 | err:0.2814 | horse_04 hippo_02
2026-06-24 17:17:30,692 INFO: avg err:0.4359 | err:0.8780 | horse_04 hippo_03
2026-06-24 17:17:30,892 INFO: avg err:0.4354 | err:0.3102 | horse_04 hippo_04
2026-06-24 17:17:31,188 INFO: avg err:0.4351 | err:0.3391 | horse_04 hippo_05
2026-06-24 17:17:31,387 INFO: avg err:0.4353 | err:0.5086 | horse_04 hippo_06
2026-06-24 17:17:31,679 INFO: avg err:0.4344 | err:0.1760 | horse_04 horse_01
2026-06-24 17:17:31,879 INFO: avg err:0.4356 | err:0.7679 | horse_04 horse_02
2026-06-24 17:17:32,167 INFO: avg err:0.4347 | err:0.2002 | horse_04 horse_03
2026-06-24 17:17:32,367 INFO: avg err:0.4331 | err:0.0000 | horse_04 horse_04
2026-06-24 17:17:32,656 INFO: avg err:0.4328 | err:0.3490 | horse_04 horse_05
2026-06-24 17:17:32,868 INFO: avg err:0.4321 | err:0.2269 | horse_04 horse_06
2026-06-24 17:17:33,159 INFO: avg err:0.4314 | err:0.2518 | horse_04 horse_07
2026-06-24 17:17:33,359 INFO: avg err:0.4310 | err:0.3183 | horse_04 horse_08
2026-06-24 17:17:33,641 INFO: avg err:0.4319 | err:0.6793 | horse_04 horse_09
2026-06-24 17:17:33,851 INFO: avg err:0.4329 | err:0.7124 | horse_04 horse_10
2026-06-24 17:17:34,130 INFO: avg err:0.4348 | err:0.9486 | horse_05 cougar_01
2026-06-24 17:17:34,342 INFO: avg err:0.4366 | err:0.9550 | horse_05 cougar_02
2026-06-24 17:17:34,625 INFO: avg err:0.4368 | err:0.4969 | horse_05 cougar_03
2026-06-24 17:17:34,838 INFO: avg err:0.4365 | err:0.3513 | horse_05 cougar_04
2026-06-24 17:17:35,112 INFO: avg err:0.4362 | err:0.3362 | horse_05 hippo_01
2026-06-24 17:17:35,325 INFO: avg err:0.4352 | err:0.1545 | horse_05 hippo_02
2026-06-24 17:17:35,599 INFO: avg err:0.4364 | err:0.7881 | horse_05 hippo_03
2026-06-24 17:17:35,811 INFO: avg err:0.4363 | err:0.4132 | horse_05 hippo_04
2026-06-24 17:17:36,092 INFO: avg err:0.4363 | err:0.4362 | horse_05 hippo_05
2026-06-24 17:17:36,304 INFO: avg err:0.4358 | err:0.2793 | horse_05 hippo_06
2026-06-24 17:17:36,582 INFO: avg err:0.4351 | err:0.2444 | horse_05 horse_01
2026-06-24 17:17:36,795 INFO: avg err:0.4368 | err:0.9136 | horse_05 horse_02
2026-06-24 17:17:37,077 INFO: avg err:0.4367 | err:0.4028 | horse_05 horse_03
2026-06-24 17:17:37,289 INFO: avg err:0.4362 | err:0.3021 | horse_05 horse_04
2026-06-24 17:17:37,565 INFO: avg err:0.4347 | err:0.0000 | horse_05 horse_05
2026-06-24 17:17:37,776 INFO: avg err:0.4348 | err:0.4465 | horse_05 horse_06
2026-06-24 17:17:38,056 INFO: avg err:0.4348 | err:0.4448 | horse_05 horse_07
2026-06-24 17:17:38,269 INFO: avg err:0.4346 | err:0.3659 | horse_05 horse_08
2026-06-24 17:17:38,550 INFO: avg err:0.4358 | err:0.7953 | horse_05 horse_09
2026-06-24 17:17:38,762 INFO: avg err:0.4371 | err:0.8498 | horse_05 horse_10
2026-06-24 17:17:39,051 INFO: avg err:0.4384 | err:0.8122 | horse_06 cougar_01
2026-06-24 17:17:39,264 INFO: avg err:0.4397 | err:0.8232 | horse_06 cougar_02
2026-06-24 17:17:39,539 INFO: avg err:0.4392 | err:0.3101 | horse_06 cougar_03
2026-06-24 17:17:39,752 INFO: avg err:0.4387 | err:0.2620 | horse_06 cougar_04
2026-06-24 17:17:40,063 INFO: avg err:0.4382 | err:0.2867 | horse_06 hippo_01
2026-06-24 17:17:40,276 INFO: avg err:0.4377 | err:0.2835 | horse_06 hippo_02
2026-06-24 17:17:40,561 INFO: avg err:0.4386 | err:0.7275 | horse_06 hippo_03
2026-06-24 17:17:40,774 INFO: avg err:0.4380 | err:0.2632 | horse_06 hippo_04
2026-06-24 17:17:41,049 INFO: avg err:0.4373 | err:0.2210 | horse_06 hippo_05
2026-06-24 17:17:41,261 INFO: avg err:0.4374 | err:0.4490 | horse_06 hippo_06
2026-06-24 17:17:41,545 INFO: avg err:0.4368 | err:0.2754 | horse_06 horse_01
2026-06-24 17:17:41,758 INFO: avg err:0.4377 | err:0.7137 | horse_06 horse_02
2026-06-24 17:17:42,036 INFO: avg err:0.4365 | err:0.0456 | horse_06 horse_03
2026-06-24 17:17:42,248 INFO: avg err:0.4357 | err:0.2072 | horse_06 horse_04
2026-06-24 17:17:42,532 INFO: avg err:0.4359 | err:0.4996 | horse_06 horse_05
2026-06-24 17:17:42,745 INFO: avg err:0.4346 | err:0.0000 | horse_06 horse_06
2026-06-24 17:17:43,022 INFO: avg err:0.4337 | err:0.1451 | horse_06 horse_07
2026-06-24 17:17:43,235 INFO: avg err:0.4331 | err:0.2431 | horse_06 horse_08
2026-06-24 17:17:43,514 INFO: avg err:0.4334 | err:0.5565 | horse_06 horse_09
2026-06-24 17:17:43,729 INFO: avg err:0.4342 | err:0.6810 | horse_06 horse_10
2026-06-24 17:17:44,010 INFO: avg err:0.4353 | err:0.7893 | horse_07 cougar_01
2026-06-24 17:17:44,224 INFO: avg err:0.4366 | err:0.8340 | horse_07 cougar_02
2026-06-24 17:17:44,500 INFO: avg err:0.4360 | err:0.2394 | horse_07 cougar_03
2026-06-24 17:17:44,714 INFO: avg err:0.4354 | err:0.2422 | horse_07 cougar_04
2026-06-24 17:17:44,989 INFO: avg err:0.4352 | err:0.3909 | horse_07 hippo_01
2026-06-24 17:17:45,202 INFO: avg err:0.4348 | err:0.2935 | horse_07 hippo_02
2026-06-24 17:17:45,487 INFO: avg err:0.4355 | err:0.6703 | horse_07 hippo_03
2026-06-24 17:17:45,699 INFO: avg err:0.4351 | err:0.3020 | horse_07 hippo_04
2026-06-24 17:17:45,981 INFO: avg err:0.4344 | err:0.2176 | horse_07 hippo_05
2026-06-24 17:17:46,194 INFO: avg err:0.4344 | err:0.4079 | horse_07 hippo_06
2026-06-24 17:17:46,474 INFO: avg err:0.4338 | err:0.2403 | horse_07 horse_01
2026-06-24 17:17:46,684 INFO: avg err:0.4348 | err:0.7618 | horse_07 horse_02
2026-06-24 17:17:46,966 INFO: avg err:0.4340 | err:0.1863 | horse_07 horse_03
2026-06-24 17:17:47,177 INFO: avg err:0.4332 | err:0.1681 | horse_07 horse_04
2026-06-24 17:17:47,462 INFO: avg err:0.4331 | err:0.3844 | horse_07 horse_05
2026-06-24 17:17:47,674 INFO: avg err:0.4320 | err:0.0690 | horse_07 horse_06
2026-06-24 17:17:47,957 INFO: avg err:0.4307 | err:0.0000 | horse_07 horse_07
2026-06-24 17:17:48,169 INFO: avg err:0.4300 | err:0.1952 | horse_07 horse_08
2026-06-24 17:17:48,449 INFO: avg err:0.4304 | err:0.5486 | horse_07 horse_09
2026-06-24 17:17:48,660 INFO: avg err:0.4315 | err:0.8357 | horse_07 horse_10
2026-06-24 17:17:48,943 INFO: avg err:0.4324 | err:0.7330 | horse_08 cougar_01
2026-06-24 17:17:49,154 INFO: avg err:0.4330 | err:0.6377 | horse_08 cougar_02
2026-06-24 17:17:49,434 INFO: avg err:0.4328 | err:0.3558 | horse_08 cougar_03
2026-06-24 17:17:49,646 INFO: avg err:0.4324 | err:0.3027 | horse_08 cougar_04
2026-06-24 17:17:49,929 INFO: avg err:0.4323 | err:0.3915 | horse_08 hippo_01
2026-06-24 17:17:50,140 INFO: avg err:0.4321 | err:0.3769 | horse_08 hippo_02
2026-06-24 17:17:50,428 INFO: avg err:0.4328 | err:0.6618 | horse_08 hippo_03
2026-06-24 17:17:50,628 INFO: avg err:0.4328 | err:0.4400 | horse_08 hippo_04
2026-06-24 17:17:50,918 INFO: avg err:0.4324 | err:0.2766 | horse_08 hippo_05
2026-06-24 17:17:51,118 INFO: avg err:0.4324 | err:0.4488 | horse_08 hippo_06
2026-06-24 17:17:51,411 INFO: avg err:0.4317 | err:0.1850 | horse_08 horse_01
2026-06-24 17:17:51,613 INFO: avg err:0.4323 | err:0.6257 | horse_08 horse_02
2026-06-24 17:17:51,890 INFO: avg err:0.4322 | err:0.3889 | horse_08 horse_03
2026-06-24 17:17:52,102 INFO: avg err:0.4319 | err:0.3602 | horse_08 horse_04
2026-06-24 17:17:52,382 INFO: avg err:0.4322 | err:0.5190 | horse_08 horse_05
2026-06-24 17:17:52,591 INFO: avg err:0.4318 | err:0.2750 | horse_08 horse_06
2026-06-24 17:17:52,870 INFO: avg err:0.4310 | err:0.1690 | horse_08 horse_07
2026-06-24 17:17:53,079 INFO: avg err:0.4298 | err:0.0000 | horse_08 horse_08
2026-06-24 17:17:53,361 INFO: avg err:0.4297 | err:0.4035 | horse_08 horse_09
2026-06-24 17:17:53,572 INFO: avg err:0.4301 | err:0.5735 | horse_08 horse_10
2026-06-24 17:17:53,862 INFO: avg err:0.4297 | err:0.2871 | horse_09 cougar_01
2026-06-24 17:17:54,075 INFO: avg err:0.4293 | err:0.2548 | horse_09 cougar_02
2026-06-24 17:17:54,358 INFO: avg err:0.4297 | err:0.5786 | horse_09 cougar_03
2026-06-24 17:17:54,570 INFO: avg err:0.4299 | err:0.5098 | horse_09 cougar_04
2026-06-24 17:17:54,859 INFO: avg err:0.4306 | err:0.6914 | horse_09 hippo_01
2026-06-24 17:17:55,059 INFO: avg err:0.4312 | err:0.6531 | horse_09 hippo_02
2026-06-24 17:17:55,341 INFO: avg err:0.4314 | err:0.5126 | horse_09 hippo_03
2026-06-24 17:17:55,553 INFO: avg err:0.4322 | err:0.7212 | horse_09 hippo_04
2026-06-24 17:17:55,840 INFO: avg err:0.4325 | err:0.5292 | horse_09 hippo_05
2026-06-24 17:17:56,041 INFO: avg err:0.4331 | err:0.6518 | horse_09 hippo_06
2026-06-24 17:17:56,334 INFO: avg err:0.4332 | err:0.4924 | horse_09 horse_01
2026-06-24 17:17:56,534 INFO: avg err:0.4331 | err:0.3723 | horse_09 horse_02
2026-06-24 17:17:56,816 INFO: avg err:0.4334 | err:0.5366 | horse_09 horse_03
2026-06-24 17:17:57,028 INFO: avg err:0.4341 | err:0.6974 | horse_09 horse_04
2026-06-24 17:17:57,311 INFO: avg err:0.4348 | err:0.7067 | horse_09 horse_05
2026-06-24 17:17:57,523 INFO: avg err:0.4350 | err:0.5291 | horse_09 horse_06
2026-06-24 17:17:57,802 INFO: avg err:0.4353 | err:0.5506 | horse_09 horse_07
2026-06-24 17:17:58,013 INFO: avg err:0.4354 | err:0.4531 | horse_09 horse_08
2026-06-24 17:17:58,296 INFO: avg err:0.4342 | err:0.0000 | horse_09 horse_09
2026-06-24 17:17:58,508 INFO: avg err:0.4335 | err:0.1559 | horse_09 horse_10
2026-06-24 17:17:58,790 INFO: avg err:0.4332 | err:0.3237 | horse_10 cougar_01
2026-06-24 17:17:59,001 INFO: avg err:0.4330 | err:0.3574 | horse_10 cougar_02
2026-06-24 17:17:59,283 INFO: avg err:0.4339 | err:0.7801 | horse_10 cougar_03
2026-06-24 17:17:59,494 INFO: avg err:0.4350 | err:0.8449 | horse_10 cougar_04
2026-06-24 17:17:59,775 INFO: avg err:0.4360 | err:0.8380 | horse_10 hippo_01
2026-06-24 17:17:59,995 INFO: avg err:0.4370 | err:0.7875 | horse_10 hippo_02
2026-06-24 17:18:00,267 INFO: avg err:0.4379 | err:0.7865 | horse_10 hippo_03
2026-06-24 17:18:00,480 INFO: avg err:0.4388 | err:0.8068 | horse_10 hippo_04
2026-06-24 17:18:00,759 INFO: avg err:0.4393 | err:0.6282 | horse_10 hippo_05
2026-06-24 17:18:00,972 INFO: avg err:0.4404 | err:0.8570 | horse_10 hippo_06
2026-06-24 17:18:01,254 INFO: avg err:0.4405 | err:0.4826 | horse_10 horse_01
2026-06-24 17:18:01,466 INFO: avg err:0.4401 | err:0.3081 | horse_10 horse_02
2026-06-24 17:18:01,741 INFO: avg err:0.4403 | err:0.4884 | horse_10 horse_03
2026-06-24 17:18:01,953 INFO: avg err:0.4408 | err:0.6428 | horse_10 horse_04
2026-06-24 17:18:02,243 INFO: avg err:0.4416 | err:0.7787 | horse_10 horse_05
2026-06-24 17:18:02,455 INFO: avg err:0.4420 | err:0.5790 | horse_10 horse_06
2026-06-24 17:18:02,737 INFO: avg err:0.4430 | err:0.8480 | horse_10 horse_07
2026-06-24 17:18:02,949 INFO: avg err:0.4432 | err:0.5262 | horse_10 horse_08
2026-06-24 17:18:03,209 INFO: avg err:0.4427 | err:0.2411 | horse_10 horse_09
2026-06-24 17:18:03,413 INFO: avg err:0.4416 | err:0.0000 | horse_10 horse_10
2026-06-24 17:18:03,444 INFO: Avg time: 0.0700
2026-06-24 17:18:03,821 INFO: Val auc: 0.2549
2026-06-24 17:18:03,824 INFO: Val avg error: 0.4416
2026-06-24 17:18:03,859 INFO: [ONB diag] max|Q-I|: mean=1.0240e-01 max=1.0697e-01 | max|Φ̃ᵀMΦ̃-I|: mean=7.5832e-07 max=8.9407e-07
2026-06-24 17:18:08,517 INFO: [smal_..][epoch: 17, iter:  14,020, lr:(1.859e-04,1.859e-04,)][eta: 0:14:25, time (data): 0.231 (0.015)]l_bij: 2.2342e+02 l_orth: 2.1652e+02 l_align: 1.4752e+02 l_total: 5.8746e+02 
2026-06-24 17:18:13,114 INFO: [smal_..][epoch: 17, iter:  14,040, lr:(1.859e-04,1.859e-04,)][eta: 0:14:19, time (data): 0.231 (0.015)]l_bij: 2.2017e+02 l_orth: 2.0662e+02 l_align: 1.5394e+02 l_total: 5.8074e+02 
2026-06-24 17:18:17,760 INFO: [smal_..][epoch: 17, iter:  14,060, lr:(1.859e-04,1.859e-04,)][eta: 0:14:12, time (data): 0.231 (0.015)]l_bij: 2.2513e+02 l_orth: 2.1361e+02 l_align: 1.4472e+02 l_total: 5.8346e+02 
2026-06-24 17:18:22,389 INFO: [smal_..][epoch: 17, iter:  14,080, lr:(1.859e-04,1.859e-04,)][eta: 0:14:06, time (data): 0.231 (0.015)]l_bij: 2.2327e+02 l_orth: 2.1116e+02 l_align: 1.4903e+02 l_total: 5.8346e+02 
2026-06-24 17:18:27,045 INFO: [smal_..][epoch: 17, iter:  14,100, lr:(1.859e-04,1.859e-04,)][eta: 0:13:59, time (data): 0.232 (0.016)]l_bij: 2.2824e+02 l_orth: 2.2071e+02 l_align: 1.4432e+02 l_total: 5.9326e+02 
2026-06-24 17:18:31,799 INFO: [smal_..][epoch: 17, iter:  14,120, lr:(1.859e-04,1.859e-04,)][eta: 0:13:53, time (data): 0.234 (0.016)]l_bij: 2.2721e+02 l_orth: 2.1665e+02 l_align: 1.4524e+02 l_total: 5.8909e+02 
2026-06-24 17:18:36,556 INFO: [smal_..][epoch: 17, iter:  14,140, lr:(1.859e-04,1.859e-04,)][eta: 0:13:46, time (data): 0.235 (0.016)]l_bij: 2.2051e+02 l_orth: 2.1062e+02 l_align: 1.5054e+02 l_total: 5.8167e+02 
2026-06-24 17:18:41,125 INFO: [smal_..][epoch: 17, iter:  14,160, lr:(1.859e-04,1.859e-04,)][eta: 0:13:40, time (data): 0.234 (0.016)]l_bij: 2.2440e+02 l_orth: 2.1982e+02 l_align: 1.5033e+02 l_total: 5.9455e+02 
2026-06-24 17:18:45,721 INFO: [smal_..][epoch: 17, iter:  14,180, lr:(1.859e-04,1.859e-04,)][eta: 0:13:33, time (data): 0.233 (0.016)]l_bij: 2.2743e+02 l_orth: 2.1626e+02 l_align: 1.4954e+02 l_total: 5.9323e+02 
2026-06-24 17:18:50,353 INFO: [smal_..][epoch: 17, iter:  14,200, lr:(1.859e-04,1.859e-04,)][eta: 0:13:27, time (data): 0.233 (0.016)]l_bij: 2.3960e+02 l_orth: 2.2591e+02 l_align: 1.3561e+02 l_total: 6.0112e+02 
2026-06-24 17:18:54,921 INFO: [smal_..][epoch: 17, iter:  14,220, lr:(1.859e-04,1.859e-04,)][eta: 0:13:20, time (data): 0.232 (0.015)]l_bij: 2.1887e+02 l_orth: 2.0880e+02 l_align: 1.4950e+02 l_total: 5.7716e+02 
2026-06-24 17:18:59,497 INFO: [smal_..][epoch: 17, iter:  14,240, lr:(1.859e-04,1.859e-04,)][eta: 0:13:14, time (data): 0.232 (0.015)]l_bij: 2.1821e+02 l_orth: 2.0815e+02 l_align: 1.5291e+02 l_total: 5.7927e+02 
2026-06-24 17:19:04,129 INFO: [smal_..][epoch: 17, iter:  14,260, lr:(1.859e-04,1.859e-04,)][eta: 0:13:08, time (data): 0.232 (0.016)]l_bij: 2.1945e+02 l_orth: 2.0666e+02 l_align: 1.5612e+02 l_total: 5.8223e+02 
2026-06-24 17:19:08,749 INFO: [smal_..][epoch: 17, iter:  14,280, lr:(1.859e-04,1.859e-04,)][eta: 0:13:01, time (data): 0.231 (0.016)]l_bij: 2.3010e+02 l_orth: 2.1941e+02 l_align: 1.4694e+02 l_total: 5.9645e+02 
2026-06-24 17:19:13,615 INFO: [smal_..][epoch: 18, iter:  14,300, lr:(1.490e-04,1.490e-04,)][eta: 0:12:55, time (data): 0.239 (0.024)]l_bij: 2.2702e+02 l_orth: 2.1843e+02 l_align: 1.4405e+02 l_total: 5.8950e+02 
2026-06-24 17:19:18,218 INFO: [smal_..][epoch: 18, iter:  14,320, lr:(1.490e-04,1.490e-04,)][eta: 0:12:48, time (data): 0.236 (0.020)]l_bij: 2.1731e+02 l_orth: 2.0602e+02 l_align: 1.5282e+02 l_total: 5.7615e+02 
2026-06-24 17:19:22,813 INFO: [smal_..][epoch: 18, iter:  14,340, lr:(1.490e-04,1.490e-04,)][eta: 0:12:42, time (data): 0.234 (0.019)]l_bij: 2.1907e+02 l_orth: 2.1284e+02 l_align: 1.5423e+02 l_total: 5.8615e+02 
2026-06-24 17:19:27,645 INFO: [smal_..][epoch: 18, iter:  14,360, lr:(1.490e-04,1.490e-04,)][eta: 0:12:35, time (data): 0.235 (0.018)]l_bij: 2.1735e+02 l_orth: 2.0664e+02 l_align: 1.5464e+02 l_total: 5.7862e+02 
2026-06-24 17:19:32,349 INFO: [smal_..][epoch: 18, iter:  14,380, lr:(1.490e-04,1.490e-04,)][eta: 0:12:29, time (data): 0.235 (0.018)]l_bij: 2.1598e+02 l_orth: 2.0691e+02 l_align: 1.4734e+02 l_total: 5.7023e+02 
2026-06-24 17:19:37,077 INFO: [smal_..][epoch: 18, iter:  14,400, lr:(1.490e-04,1.490e-04,)][eta: 0:12:23, time (data): 0.236 (0.017)]l_bij: 2.2375e+02 l_orth: 2.1687e+02 l_align: 1.5500e+02 l_total: 5.9561e+02 
2026-06-24 17:19:41,796 INFO: [smal_..][epoch: 18, iter:  14,420, lr:(1.490e-04,1.490e-04,)][eta: 0:12:16, time (data): 0.236 (0.017)]l_bij: 2.2226e+02 l_orth: 2.1094e+02 l_align: 1.5356e+02 l_total: 5.8676e+02 
2026-06-24 17:19:46,429 INFO: [smal_..][epoch: 18, iter:  14,440, lr:(1.490e-04,1.490e-04,)][eta: 0:12:10, time (data): 0.235 (0.017)]l_bij: 2.2297e+02 l_orth: 2.1871e+02 l_align: 1.5253e+02 l_total: 5.9421e+02 
2026-06-24 17:19:51,037 INFO: [smal_..][epoch: 18, iter:  14,460, lr:(1.490e-04,1.490e-04,)][eta: 0:12:04, time (data): 0.235 (0.017)]l_bij: 2.1114e+02 l_orth: 2.0462e+02 l_align: 1.5839e+02 l_total: 5.7416e+02 
2026-06-24 17:19:55,706 INFO: [smal_..][epoch: 18, iter:  14,480, lr:(1.490e-04,1.490e-04,)][eta: 0:11:57, time (data): 0.243 (0.026)]l_bij: 2.3041e+02 l_orth: 2.1910e+02 l_align: 1.4401e+02 l_total: 5.9352e+02 
2026-06-24 17:20:00,433 INFO: [smal_..][epoch: 18, iter:  14,500, lr:(1.490e-04,1.490e-04,)][eta: 0:11:51, time (data): 0.238 (0.018)]l_bij: 2.2396e+02 l_orth: 2.1380e+02 l_align: 1.5366e+02 l_total: 5.9142e+02 
2026-06-24 17:20:05,206 INFO: [smal_..][epoch: 18, iter:  14,520, lr:(1.490e-04,1.490e-04,)][eta: 0:11:44, time (data): 0.238 (0.017)]l_bij: 2.1446e+02 l_orth: 2.0858e+02 l_align: 1.5063e+02 l_total: 5.7367e+02 
2026-06-24 17:20:09,982 INFO: [smal_..][epoch: 18, iter:  14,540, lr:(1.490e-04,1.490e-04,)][eta: 0:11:38, time (data): 0.238 (0.017)]l_bij: 2.1573e+02 l_orth: 2.0427e+02 l_align: 1.5662e+02 l_total: 5.7661e+02 
2026-06-24 17:20:14,689 INFO: [smal_..][epoch: 18, iter:  14,560, lr:(1.490e-04,1.490e-04,)][eta: 0:11:32, time (data): 0.238 (0.017)]l_bij: 2.2181e+02 l_orth: 2.1301e+02 l_align: 1.5149e+02 l_total: 5.8631e+02 
2026-06-24 17:20:19,337 INFO: [smal_..][epoch: 18, iter:  14,580, lr:(1.490e-04,1.490e-04,)][eta: 0:11:25, time (data): 0.237 (0.016)]l_bij: 2.1562e+02 l_orth: 2.0539e+02 l_align: 1.5309e+02 l_total: 5.7410e+02 
2026-06-24 17:20:23,969 INFO: [smal_..][epoch: 18, iter:  14,600, lr:(1.490e-04,1.490e-04,)][eta: 0:11:19, time (data): 0.236 (0.016)]l_bij: 2.1580e+02 l_orth: 2.0444e+02 l_align: 1.5584e+02 l_total: 5.7608e+02 
2026-06-24 17:20:28,706 INFO: [smal_..][epoch: 18, iter:  14,620, lr:(1.490e-04,1.490e-04,)][eta: 0:11:13, time (data): 0.236 (0.016)]l_bij: 2.1459e+02 l_orth: 2.0253e+02 l_align: 1.5460e+02 l_total: 5.7172e+02 
2026-06-24 17:20:33,262 INFO: [smal_..][epoch: 18, iter:  14,640, lr:(1.490e-04,1.490e-04,)][eta: 0:11:06, time (data): 0.235 (0.016)]l_bij: 2.2596e+02 l_orth: 2.1289e+02 l_align: 1.4985e+02 l_total: 5.8869e+02 
2026-06-24 17:20:37,845 INFO: [smal_..][epoch: 18, iter:  14,660, lr:(1.490e-04,1.490e-04,)][eta: 0:11:00, time (data): 0.234 (0.016)]l_bij: 2.3203e+02 l_orth: 2.1948e+02 l_align: 1.4032e+02 l_total: 5.9184e+02 
2026-06-24 17:20:42,497 INFO: [smal_..][epoch: 18, iter:  14,680, lr:(1.490e-04,1.490e-04,)][eta: 0:10:54, time (data): 0.233 (0.015)]l_bij: 2.2970e+02 l_orth: 2.2039e+02 l_align: 1.4163e+02 l_total: 5.9172e+02 
2026-06-24 17:20:47,129 INFO: [smal_..][epoch: 18, iter:  14,700, lr:(1.490e-04,1.490e-04,)][eta: 0:10:47, time (data): 0.232 (0.014)]l_bij: 2.2220e+02 l_orth: 2.1391e+02 l_align: 1.5512e+02 l_total: 5.9123e+02 
2026-06-24 17:20:51,758 INFO: [smal_..][epoch: 18, iter:  14,720, lr:(1.490e-04,1.490e-04,)][eta: 0:10:41, time (data): 0.232 (0.015)]l_bij: 2.1210e+02 l_orth: 2.0266e+02 l_align: 1.5834e+02 l_total: 5.7309e+02 
2026-06-24 17:20:56,363 INFO: [smal_..][epoch: 18, iter:  14,740, lr:(1.490e-04,1.490e-04,)][eta: 0:10:35, time (data): 0.231 (0.015)]l_bij: 2.2383e+02 l_orth: 2.1084e+02 l_align: 1.4873e+02 l_total: 5.8339e+02 
2026-06-24 17:21:00,989 INFO: [smal_..][epoch: 18, iter:  14,760, lr:(1.490e-04,1.490e-04,)][eta: 0:10:28, time (data): 0.231 (0.015)]l_bij: 2.1324e+02 l_orth: 2.0253e+02 l_align: 1.6209e+02 l_total: 5.7786e+02 
2026-06-24 17:21:05,666 INFO: [smal_..][epoch: 18, iter:  14,780, lr:(1.490e-04,1.490e-04,)][eta: 0:10:22, time (data): 0.232 (0.015)]l_bij: 2.2037e+02 l_orth: 2.1427e+02 l_align: 1.5166e+02 l_total: 5.8630e+02 
2026-06-24 17:21:10,316 INFO: [smal_..][epoch: 18, iter:  14,800, lr:(1.490e-04,1.490e-04,)][eta: 0:10:16, time (data): 0.232 (0.016)]l_bij: 2.1927e+02 l_orth: 2.0881e+02 l_align: 1.5117e+02 l_total: 5.7925e+02 
2026-06-24 17:21:14,953 INFO: [smal_..][epoch: 18, iter:  14,820, lr:(1.490e-04,1.490e-04,)][eta: 0:10:09, time (data): 0.232 (0.016)]l_bij: 2.1040e+02 l_orth: 2.0160e+02 l_align: 1.5856e+02 l_total: 5.7056e+02 
2026-06-24 17:21:19,545 INFO: [smal_..][epoch: 18, iter:  14,840, lr:(1.490e-04,1.490e-04,)][eta: 0:10:03, time (data): 0.231 (0.015)]l_bij: 2.2239e+02 l_orth: 2.1359e+02 l_align: 1.5637e+02 l_total: 5.9235e+02 
2026-06-24 17:21:24,185 INFO: [smal_..][epoch: 18, iter:  14,860, lr:(1.490e-04,1.490e-04,)][eta: 0:09:57, time (data): 0.231 (0.015)]l_bij: 2.3818e+02 l_orth: 2.2625e+02 l_align: 1.3837e+02 l_total: 6.0279e+02 
2026-06-24 17:21:28,843 INFO: [smal_..][epoch: 18, iter:  14,880, lr:(1.490e-04,1.490e-04,)][eta: 0:09:51, time (data): 0.231 (0.015)]l_bij: 2.2684e+02 l_orth: 2.1657e+02 l_align: 1.4021e+02 l_total: 5.8362e+02 
2026-06-24 17:21:33,437 INFO: [smal_..][epoch: 18, iter:  14,900, lr:(1.490e-04,1.490e-04,)][eta: 0:09:44, time (data): 0.230 (0.015)]l_bij: 2.2563e+02 l_orth: 2.1232e+02 l_align: 1.4469e+02 l_total: 5.8264e+02 
2026-06-24 17:21:38,017 INFO: [smal_..][epoch: 18, iter:  14,920, lr:(1.490e-04,1.490e-04,)][eta: 0:09:38, time (data): 0.229 (0.015)]l_bij: 2.2177e+02 l_orth: 2.1083e+02 l_align: 1.4850e+02 l_total: 5.8109e+02 
2026-06-24 17:21:42,701 INFO: [smal_..][epoch: 18, iter:  14,940, lr:(1.490e-04,1.490e-04,)][eta: 0:09:32, time (data): 0.231 (0.015)]l_bij: 2.2302e+02 l_orth: 2.1324e+02 l_align: 1.4851e+02 l_total: 5.8477e+02 
2026-06-24 17:21:47,454 INFO: [smal_..][epoch: 18, iter:  14,960, lr:(1.490e-04,1.490e-04,)][eta: 0:09:25, time (data): 0.232 (0.015)]l_bij: 2.3192e+02 l_orth: 2.2534e+02 l_align: 1.5146e+02 l_total: 6.0872e+02 
2026-06-24 17:21:52,081 INFO: [smal_..][epoch: 18, iter:  14,980, lr:(1.490e-04,1.490e-04,)][eta: 0:09:19, time (data): 0.232 (0.015)]l_bij: 2.2242e+02 l_orth: 2.0960e+02 l_align: 1.5555e+02 l_total: 5.8757e+02 
2026-06-24 17:21:56,740 INFO: [smal_..][epoch: 18, iter:  15,000, lr:(1.490e-04,1.490e-04,)][eta: 0:09:13, time (data): 0.232 (0.015)]l_bij: 2.2356e+02 l_orth: 2.1161e+02 l_align: 1.4756e+02 l_total: 5.8272e+02 
2026-06-24 17:22:01,377 INFO: [smal_..][epoch: 18, iter:  15,020, lr:(1.490e-04,1.490e-04,)][eta: 0:09:07, time (data): 0.232 (0.016)]l_bij: 2.2551e+02 l_orth: 2.1316e+02 l_align: 1.5049e+02 l_total: 5.8915e+02 
2026-06-24 17:22:06,001 INFO: [smal_..][epoch: 18, iter:  15,040, lr:(1.490e-04,1.490e-04,)][eta: 0:09:00, time (data): 0.232 (0.016)]l_bij: 2.1885e+02 l_orth: 2.1252e+02 l_align: 1.5398e+02 l_total: 5.8536e+02 
2026-06-24 17:22:10,629 INFO: [smal_..][epoch: 18, iter:  15,060, lr:(1.490e-04,1.490e-04,)][eta: 0:08:54, time (data): 0.232 (0.016)]l_bij: 2.2841e+02 l_orth: 2.1669e+02 l_align: 1.4648e+02 l_total: 5.9158e+02 
2026-06-24 17:22:15,252 INFO: [smal_..][epoch: 18, iter:  15,080, lr:(1.490e-04,1.490e-04,)][eta: 0:08:48, time (data): 0.229 (0.015)]l_bij: 1.0870e+02 l_orth: 1.2311e+02 l_align: 2.5362e+02 l_total: 4.8543e+02 
2026-06-24 17:22:19,881 INFO: [smal_..][epoch: 18, iter:  15,100, lr:(1.490e-04,1.490e-04,)][eta: 0:08:42, time (data): 0.231 (0.016)]l_bij: 2.3607e+02 l_orth: 2.2308e+02 l_align: 1.4263e+02 l_total: 6.0179e+02 
2026-06-24 17:22:24,465 INFO: [smal_..][epoch: 18, iter:  15,120, lr:(1.490e-04,1.490e-04,)][eta: 0:08:35, time (data): 0.230 (0.016)]l_bij: 2.2524e+02 l_orth: 2.1369e+02 l_align: 1.4823e+02 l_total: 5.8716e+02 
2026-06-24 17:22:29,325 INFO: [smal_..][epoch: 19, iter:  15,140, lr:(1.220e-04,1.220e-04,)][eta: 0:08:29, time (data): 0.234 (0.019)]l_bij: 2.2523e+02 l_orth: 2.1574e+02 l_align: 1.4538e+02 l_total: 5.8635e+02 
2026-06-24 17:22:33,937 INFO: [smal_..][epoch: 19, iter:  15,160, lr:(1.220e-04,1.220e-04,)][eta: 0:08:23, time (data): 0.233 (0.018)]l_bij: 2.3445e+02 l_orth: 2.1881e+02 l_align: 1.4277e+02 l_total: 5.9603e+02 
2026-06-24 17:22:38,597 INFO: [smal_..][epoch: 19, iter:  15,180, lr:(1.220e-04,1.220e-04,)][eta: 0:08:17, time (data): 0.233 (0.018)]l_bij: 2.2920e+02 l_orth: 2.2323e+02 l_align: 1.5273e+02 l_total: 6.0515e+02 
2026-06-24 17:22:43,169 INFO: [smal_..][epoch: 19, iter:  15,200, lr:(1.220e-04,1.220e-04,)][eta: 0:08:11, time (data): 0.232 (0.017)]l_bij: 2.2263e+02 l_orth: 2.0884e+02 l_align: 1.4434e+02 l_total: 5.7582e+02 
2026-06-24 17:22:47,810 INFO: [smal_..][epoch: 19, iter:  15,220, lr:(1.220e-04,1.220e-04,)][eta: 0:08:04, time (data): 0.232 (0.017)]l_bij: 2.2098e+02 l_orth: 2.0856e+02 l_align: 1.4502e+02 l_total: 5.7455e+02 
2026-06-24 17:22:52,453 INFO: [smal_..][epoch: 19, iter:  15,240, lr:(1.220e-04,1.220e-04,)][eta: 0:07:58, time (data): 0.232 (0.017)]l_bij: 2.2294e+02 l_orth: 2.1608e+02 l_align: 1.4984e+02 l_total: 5.8886e+02 
2026-06-24 17:22:57,125 INFO: [smal_..][epoch: 19, iter:  15,260, lr:(1.220e-04,1.220e-04,)][eta: 0:07:52, time (data): 0.232 (0.017)]l_bij: 8.1932e+01 l_orth: 9.3103e+01 l_align: 2.7803e+02 l_total: 4.5306e+02 
2026-06-24 17:23:01,748 INFO: [smal_..][epoch: 19, iter:  15,280, lr:(1.220e-04,1.220e-04,)][eta: 0:07:46, time (data): 0.230 (0.015)]l_bij: 2.2523e+02 l_orth: 2.1629e+02 l_align: 1.4343e+02 l_total: 5.8494e+02 
2026-06-24 17:23:06,349 INFO: [smal_..][epoch: 19, iter:  15,300, lr:(1.220e-04,1.220e-04,)][eta: 0:07:40, time (data): 0.230 (0.016)]l_bij: 2.3197e+02 l_orth: 2.2259e+02 l_align: 1.4044e+02 l_total: 5.9500e+02 
2026-06-24 17:23:10,998 INFO: [smal_..][epoch: 19, iter:  15,320, lr:(1.220e-04,1.220e-04,)][eta: 0:07:33, time (data): 0.231 (0.016)]l_bij: 2.2375e+02 l_orth: 2.1363e+02 l_align: 1.5060e+02 l_total: 5.8799e+02 
2026-06-24 17:23:15,660 INFO: [smal_..][epoch: 19, iter:  15,340, lr:(1.220e-04,1.220e-04,)][eta: 0:07:27, time (data): 0.232 (0.015)]l_bij: 2.1838e+02 l_orth: 2.0773e+02 l_align: 1.5146e+02 l_total: 5.7758e+02 
2026-06-24 17:23:20,333 INFO: [smal_..][epoch: 19, iter:  15,360, lr:(1.220e-04,1.220e-04,)][eta: 0:07:21, time (data): 0.232 (0.016)]l_bij: 2.1812e+02 l_orth: 2.0699e+02 l_align: 1.4824e+02 l_total: 5.7335e+02 
2026-06-24 17:23:24,989 INFO: [smal_..][epoch: 19, iter:  15,380, lr:(1.220e-04,1.220e-04,)][eta: 0:07:15, time (data): 0.232 (0.016)]l_bij: 2.2253e+02 l_orth: 2.1036e+02 l_align: 1.4385e+02 l_total: 5.7673e+02 
2026-06-24 17:23:29,661 INFO: [smal_..][epoch: 19, iter:  15,400, lr:(1.220e-04,1.220e-04,)][eta: 0:07:09, time (data): 0.232 (0.016)]l_bij: 2.3411e+02 l_orth: 2.2770e+02 l_align: 1.4413e+02 l_total: 6.0594e+02 
2026-06-24 17:23:34,292 INFO: [smal_..][epoch: 19, iter:  15,420, lr:(1.220e-04,1.220e-04,)][eta: 0:07:02, time (data): 0.232 (0.016)]l_bij: 2.2985e+02 l_orth: 2.1832e+02 l_align: 1.4024e+02 l_total: 5.8841e+02 
2026-06-24 17:23:38,909 INFO: [smal_..][epoch: 19, iter:  15,440, lr:(1.220e-04,1.220e-04,)][eta: 0:06:56, time (data): 0.232 (0.016)]l_bij: 2.2903e+02 l_orth: 2.1660e+02 l_align: 1.5213e+02 l_total: 5.9775e+02 
2026-06-24 17:23:43,508 INFO: [smal_..][epoch: 19, iter:  15,460, lr:(1.220e-04,1.220e-04,)][eta: 0:06:50, time (data): 0.232 (0.016)]l_bij: 2.2502e+02 l_orth: 2.1309e+02 l_align: 1.4778e+02 l_total: 5.8589e+02 
2026-06-24 17:23:48,120 INFO: [smal_..][epoch: 19, iter:  15,480, lr:(1.220e-04,1.220e-04,)][eta: 0:06:44, time (data): 0.229 (0.015)]l_bij: 2.2580e+02 l_orth: 2.1435e+02 l_align: 1.4932e+02 l_total: 5.8947e+02 
2026-06-24 17:23:52,760 INFO: [smal_..][epoch: 19, iter:  15,500, lr:(1.220e-04,1.220e-04,)][eta: 0:06:38, time (data): 0.231 (0.015)]l_bij: 2.1789e+02 l_orth: 2.0950e+02 l_align: 1.5284e+02 l_total: 5.8024e+02 
2026-06-24 17:23:57,365 INFO: [smal_..][epoch: 19, iter:  15,520, lr:(1.220e-04,1.220e-04,)][eta: 0:06:32, time (data): 0.231 (0.016)]l_bij: 2.2747e+02 l_orth: 2.1577e+02 l_align: 1.4951e+02 l_total: 5.9276e+02 
2026-06-24 17:24:01,981 INFO: [smal_..][epoch: 19, iter:  15,540, lr:(1.220e-04,1.220e-04,)][eta: 0:06:25, time (data): 0.231 (0.016)]l_bij: 2.2548e+02 l_orth: 2.1392e+02 l_align: 1.4229e+02 l_total: 5.8169e+02 
2026-06-24 17:24:06,614 INFO: [smal_..][epoch: 19, iter:  15,560, lr:(1.220e-04,1.220e-04,)][eta: 0:06:19, time (data): 0.231 (0.016)]l_bij: 2.1654e+02 l_orth: 2.0497e+02 l_align: 1.5406e+02 l_total: 5.7558e+02 
2026-06-24 17:24:11,245 INFO: [smal_..][epoch: 19, iter:  15,580, lr:(1.220e-04,1.220e-04,)][eta: 0:06:13, time (data): 0.231 (0.016)]l_bij: 2.2338e+02 l_orth: 2.1160e+02 l_align: 1.4775e+02 l_total: 5.8273e+02 
2026-06-24 17:24:15,857 INFO: [smal_..][epoch: 19, iter:  15,600, lr:(1.220e-04,1.220e-04,)][eta: 0:06:07, time (data): 0.231 (0.016)]l_bij: 2.2896e+02 l_orth: 2.1890e+02 l_align: 1.4503e+02 l_total: 5.9289e+02 
2026-06-24 17:24:20,457 INFO: [smal_..][epoch: 19, iter:  15,620, lr:(1.220e-04,1.220e-04,)][eta: 0:06:01, time (data): 0.231 (0.016)]l_bij: 2.2574e+02 l_orth: 2.1917e+02 l_align: 1.4919e+02 l_total: 5.9410e+02 
2026-06-24 17:24:25,133 INFO: [smal_..][epoch: 19, iter:  15,640, lr:(1.220e-04,1.220e-04,)][eta: 0:05:55, time (data): 0.231 (0.016)]l_bij: 2.2656e+02 l_orth: 2.1421e+02 l_align: 1.4812e+02 l_total: 5.8888e+02 
2026-06-24 17:24:29,765 INFO: [smal_..][epoch: 19, iter:  15,660, lr:(1.220e-04,1.220e-04,)][eta: 0:05:49, time (data): 0.231 (0.016)]l_bij: 2.1760e+02 l_orth: 2.0700e+02 l_align: 1.5273e+02 l_total: 5.7733e+02 
2026-06-24 17:24:34,712 INFO: [smal_..][epoch: 19, iter:  15,680, lr:(1.220e-04,1.220e-04,)][eta: 0:05:42, time (data): 0.246 (0.017)]l_bij: 2.3000e+02 l_orth: 2.1740e+02 l_align: 1.4734e+02 l_total: 5.9474e+02 
2026-06-24 17:24:39,312 INFO: [smal_..][epoch: 19, iter:  15,700, lr:(1.220e-04,1.220e-04,)][eta: 0:05:36, time (data): 0.231 (0.015)]l_bij: 2.2502e+02 l_orth: 2.1580e+02 l_align: 1.4325e+02 l_total: 5.8408e+02 
2026-06-24 17:24:43,889 INFO: [smal_..][epoch: 19, iter:  15,720, lr:(1.220e-04,1.220e-04,)][eta: 0:05:30, time (data): 0.230 (0.015)]l_bij: 2.1035e+02 l_orth: 1.9944e+02 l_align: 1.5457e+02 l_total: 5.6436e+02 
2026-06-24 17:24:48,493 INFO: [smal_..][epoch: 19, iter:  15,740, lr:(1.220e-04,1.220e-04,)][eta: 0:05:24, time (data): 0.230 (0.015)]l_bij: 2.2964e+02 l_orth: 2.1694e+02 l_align: 1.4250e+02 l_total: 5.8908e+02 
2026-06-24 17:24:53,125 INFO: [smal_..][epoch: 19, iter:  15,760, lr:(1.220e-04,1.220e-04,)][eta: 0:05:18, time (data): 0.230 (0.015)]l_bij: 2.0737e+02 l_orth: 1.9963e+02 l_align: 1.6630e+02 l_total: 5.7329e+02 
2026-06-24 17:24:57,773 INFO: [smal_..][epoch: 19, iter:  15,780, lr:(1.220e-04,1.220e-04,)][eta: 0:05:12, time (data): 0.231 (0.016)]l_bij: 2.2403e+02 l_orth: 2.1413e+02 l_align: 1.5015e+02 l_total: 5.8832e+02 
2026-06-24 17:25:02,421 INFO: [smal_..][epoch: 19, iter:  15,800, lr:(1.220e-04,1.220e-04,)][eta: 0:05:06, time (data): 0.231 (0.016)]l_bij: 2.1223e+02 l_orth: 2.0022e+02 l_align: 1.5780e+02 l_total: 5.7025e+02 
2026-06-24 17:25:07,049 INFO: [smal_..][epoch: 19, iter:  15,820, lr:(1.220e-04,1.220e-04,)][eta: 0:05:00, time (data): 0.231 (0.016)]l_bij: 2.2164e+02 l_orth: 2.0799e+02 l_align: 1.5148e+02 l_total: 5.8111e+02 
2026-06-24 17:25:11,710 INFO: [smal_..][epoch: 19, iter:  15,840, lr:(1.220e-04,1.220e-04,)][eta: 0:04:54, time (data): 0.231 (0.016)]l_bij: 2.3067e+02 l_orth: 2.1993e+02 l_align: 1.3936e+02 l_total: 5.8996e+02 
2026-06-24 17:25:16,338 INFO: [smal_..][epoch: 19, iter:  15,860, lr:(1.220e-04,1.220e-04,)][eta: 0:04:48, time (data): 0.231 (0.016)]l_bij: 2.2245e+02 l_orth: 2.0960e+02 l_align: 1.4831e+02 l_total: 5.8035e+02 
2026-06-24 17:25:21,014 INFO: [smal_..][epoch: 19, iter:  15,880, lr:(1.220e-04,1.220e-04,)][eta: 0:04:41, time (data): 0.233 (0.014)]l_bij: 2.1717e+02 l_orth: 2.1252e+02 l_align: 1.5707e+02 l_total: 5.8676e+02 
2026-06-24 17:25:25,682 INFO: [smal_..][epoch: 19, iter:  15,900, lr:(1.220e-04,1.220e-04,)][eta: 0:04:35, time (data): 0.233 (0.016)]l_bij: 2.2753e+02 l_orth: 2.1392e+02 l_align: 1.4497e+02 l_total: 5.8642e+02 
2026-06-24 17:25:30,381 INFO: [smal_..][epoch: 19, iter:  15,920, lr:(1.220e-04,1.220e-04,)][eta: 0:04:29, time (data): 0.234 (0.016)]l_bij: 2.2997e+02 l_orth: 2.1957e+02 l_align: 1.4294e+02 l_total: 5.9249e+02 
2026-06-24 17:25:35,005 INFO: [smal_..][epoch: 19, iter:  15,940, lr:(1.220e-04,1.220e-04,)][eta: 0:04:23, time (data): 0.233 (0.016)]l_bij: 2.3038e+02 l_orth: 2.1904e+02 l_align: 1.5089e+02 l_total: 6.0031e+02 
2026-06-24 17:25:39,661 INFO: [smal_..][epoch: 19, iter:  15,960, lr:(1.220e-04,1.220e-04,)][eta: 0:04:17, time (data): 0.233 (0.016)]l_bij: 1.2951e+02 l_orth: 1.3228e+02 l_align: 2.3214e+02 l_total: 4.9393e+02 
2026-06-24 17:25:44,547 INFO: [smal_..][epoch: 20, iter:  15,980, lr:(1.055e-04,1.055e-04,)][eta: 0:04:11, time (data): 0.235 (0.018)]l_bij: 2.3295e+02 l_orth: 2.2099e+02 l_align: 1.4069e+02 l_total: 5.9464e+02 
2026-06-24 17:25:49,237 INFO: [smal_..][epoch: 20, iter:  16,000, lr:(1.055e-04,1.055e-04,)][eta: 0:04:05, time (data): 0.235 (0.018)]l_bij: 2.3050e+02 l_orth: 2.1792e+02 l_align: 1.4217e+02 l_total: 5.9059e+02 
2026-06-24 17:25:49,238 INFO: Saving models and training states.
2026-06-24 17:25:49,261 INFO: Start validation.
2026-06-24 17:25:50,087 INFO: avg err:0.0000 | err:0.0000 | cougar_01 cougar_01
2026-06-24 17:25:50,297 INFO: avg err:0.0897 | err:0.1794 | cougar_01 cougar_02
2026-06-24 17:25:50,600 INFO: avg err:0.3060 | err:0.7387 | cougar_01 cougar_03
2026-06-24 17:25:50,809 INFO: avg err:0.4157 | err:0.7446 | cougar_01 cougar_04
2026-06-24 17:25:51,106 INFO: avg err:0.5008 | err:0.8413 | cougar_01 hippo_01
2026-06-24 17:25:51,304 INFO: avg err:0.5438 | err:0.7590 | cougar_01 hippo_02
2026-06-24 17:25:51,598 INFO: avg err:0.5219 | err:0.3902 | cougar_01 hippo_03
2026-06-24 17:25:51,797 INFO: avg err:0.5649 | err:0.8657 | cougar_01 hippo_04
2026-06-24 17:25:52,089 INFO: avg err:0.5831 | err:0.7287 | cougar_01 hippo_05
2026-06-24 17:25:52,300 INFO: avg err:0.6050 | err:0.8027 | cougar_01 hippo_06
2026-06-24 17:25:52,580 INFO: avg err:0.6154 | err:0.7191 | cougar_01 horse_01
2026-06-24 17:25:52,788 INFO: avg err:0.5877 | err:0.2835 | cougar_01 horse_02
2026-06-24 17:25:53,078 INFO: avg err:0.5905 | err:0.6239 | cougar_01 horse_03
2026-06-24 17:25:53,287 INFO: avg err:0.5963 | err:0.6715 | cougar_01 horse_04
2026-06-24 17:25:53,565 INFO: avg err:0.6060 | err:0.7423 | cougar_01 horse_05
2026-06-24 17:25:53,774 INFO: avg err:0.6100 | err:0.6693 | cougar_01 horse_06
2026-06-24 17:25:54,068 INFO: avg err:0.6127 | err:0.6566 | cougar_01 horse_07
2026-06-24 17:25:54,278 INFO: avg err:0.6163 | err:0.6777 | cougar_01 horse_08
2026-06-24 17:25:54,571 INFO: avg err:0.6038 | err:0.3790 | cougar_01 horse_09
2026-06-24 17:25:54,769 INFO: avg err:0.5943 | err:0.4135 | cougar_01 horse_10
2026-06-24 17:25:55,066 INFO: avg err:0.5775 | err:0.2406 | cougar_02 cougar_01
2026-06-24 17:25:55,264 INFO: avg err:0.5512 | err:0.0000 | cougar_02 cougar_02
2026-06-24 17:25:55,544 INFO: avg err:0.5625 | err:0.8097 | cougar_02 cougar_03
2026-06-24 17:25:55,755 INFO: avg err:0.5717 | err:0.7850 | cougar_02 cougar_04
2026-06-24 17:25:56,039 INFO: avg err:0.5804 | err:0.7874 | cougar_02 hippo_01
2026-06-24 17:25:56,249 INFO: avg err:0.5859 | err:0.7248 | cougar_02 hippo_02
2026-06-24 17:25:56,530 INFO: avg err:0.5772 | err:0.3492 | cougar_02 hippo_03
2026-06-24 17:25:56,741 INFO: avg err:0.5860 | err:0.8258 | cougar_02 hippo_04
2026-06-24 17:25:57,028 INFO: avg err:0.5954 | err:0.8574 | cougar_02 hippo_05
2026-06-24 17:25:57,240 INFO: avg err:0.6020 | err:0.7943 | cougar_02 hippo_06
2026-06-24 17:25:57,514 INFO: avg err:0.6097 | err:0.8406 | cougar_02 horse_01
2026-06-24 17:25:57,723 INFO: avg err:0.6049 | err:0.4539 | cougar_02 horse_02
2026-06-24 17:25:58,001 INFO: avg err:0.6079 | err:0.7037 | cougar_02 horse_03
2026-06-24 17:25:58,214 INFO: avg err:0.6141 | err:0.8211 | cougar_02 horse_04
2026-06-24 17:25:58,491 INFO: avg err:0.6193 | err:0.7958 | cougar_02 horse_05
2026-06-24 17:25:58,700 INFO: avg err:0.6223 | err:0.7258 | cougar_02 horse_06
2026-06-24 17:25:58,984 INFO: avg err:0.6249 | err:0.7180 | cougar_02 horse_07
2026-06-24 17:25:59,195 INFO: avg err:0.6290 | err:0.7834 | cougar_02 horse_08
2026-06-24 17:25:59,472 INFO: avg err:0.6202 | err:0.2835 | cougar_02 horse_09
2026-06-24 17:25:59,681 INFO: avg err:0.6121 | err:0.2975 | cougar_02 horse_10
2026-06-24 17:25:59,973 INFO: avg err:0.6174 | err:0.8295 | cougar_03 cougar_01
2026-06-24 17:26:00,182 INFO: avg err:0.6219 | err:0.8058 | cougar_03 cougar_02
2026-06-24 17:26:00,457 INFO: avg err:0.6074 | err:0.0000 | cougar_03 cougar_03
2026-06-24 17:26:00,666 INFO: avg err:0.5993 | err:0.2482 | cougar_03 cougar_04
2026-06-24 17:26:00,946 INFO: avg err:0.5954 | err:0.4266 | cougar_03 hippo_01
2026-06-24 17:26:01,156 INFO: avg err:0.5919 | err:0.4328 | cougar_03 hippo_02
2026-06-24 17:26:01,434 INFO: avg err:0.5979 | err:0.8760 | cougar_03 hippo_03
2026-06-24 17:26:01,644 INFO: avg err:0.5926 | err:0.3416 | cougar_03 hippo_04
2026-06-24 17:26:01,945 INFO: avg err:0.5866 | err:0.2999 | cougar_03 hippo_05
2026-06-24 17:26:02,155 INFO: avg err:0.5850 | err:0.5049 | cougar_03 hippo_06
2026-06-24 17:26:02,433 INFO: avg err:0.5796 | err:0.3102 | cougar_03 horse_01
2026-06-24 17:26:02,643 INFO: avg err:0.5838 | err:0.7973 | cougar_03 horse_02
2026-06-24 17:26:02,927 INFO: avg err:0.5784 | err:0.2970 | cougar_03 horse_03
2026-06-24 17:26:03,137 INFO: avg err:0.5732 | err:0.2975 | cougar_03 horse_04
2026-06-24 17:26:03,417 INFO: avg err:0.5707 | err:0.4357 | cougar_03 horse_05
2026-06-24 17:26:03,628 INFO: avg err:0.5663 | err:0.3279 | cougar_03 horse_06
2026-06-24 17:26:03,912 INFO: avg err:0.5596 | err:0.1826 | cougar_03 horse_07
2026-06-24 17:26:04,110 INFO: avg err:0.5551 | err:0.2951 | cougar_03 horse_08
2026-06-24 17:26:04,408 INFO: avg err:0.5590 | err:0.7877 | cougar_03 horse_09
2026-06-24 17:26:04,606 INFO: avg err:0.5639 | err:0.8542 | cougar_03 horse_10
2026-06-24 17:26:04,893 INFO: avg err:0.5650 | err:0.6329 | cougar_04 cougar_01
2026-06-24 17:26:05,092 INFO: avg err:0.5678 | err:0.7358 | cougar_04 cougar_02
2026-06-24 17:26:05,388 INFO: avg err:0.5632 | err:0.2784 | cougar_04 cougar_03
2026-06-24 17:26:05,586 INFO: avg err:0.5544 | err:0.0000 | cougar_04 cougar_04
2026-06-24 17:26:05,877 INFO: avg err:0.5504 | err:0.2916 | cougar_04 hippo_01
2026-06-24 17:26:06,076 INFO: avg err:0.5458 | err:0.2506 | cougar_04 hippo_02
2026-06-24 17:26:06,368 INFO: avg err:0.5492 | err:0.7746 | cougar_04 hippo_03
2026-06-24 17:26:06,567 INFO: avg err:0.5453 | err:0.2849 | cougar_04 hippo_04
2026-06-24 17:26:06,869 INFO: avg err:0.5415 | err:0.2792 | cougar_04 hippo_05
2026-06-24 17:26:07,067 INFO: avg err:0.5394 | err:0.3929 | cougar_04 hippo_06
2026-06-24 17:26:07,365 INFO: avg err:0.5352 | err:0.2412 | cougar_04 horse_01
2026-06-24 17:26:07,564 INFO: avg err:0.5383 | err:0.7603 | cougar_04 horse_02
2026-06-24 17:26:07,855 INFO: avg err:0.5340 | err:0.2229 | cougar_04 horse_03
2026-06-24 17:26:08,055 INFO: avg err:0.5298 | err:0.2263 | cougar_04 horse_04
2026-06-24 17:26:08,348 INFO: avg err:0.5279 | err:0.3852 | cougar_04 horse_05
2026-06-24 17:26:08,547 INFO: avg err:0.5243 | err:0.2540 | cougar_04 horse_06
2026-06-24 17:26:08,839 INFO: avg err:0.5202 | err:0.2104 | cougar_04 horse_07
2026-06-24 17:26:09,038 INFO: avg err:0.5176 | err:0.3182 | cougar_04 horse_08
2026-06-24 17:26:09,329 INFO: avg err:0.5187 | err:0.6018 | cougar_04 horse_09
2026-06-24 17:26:09,527 INFO: avg err:0.5204 | err:0.6547 | cougar_04 horse_10
2026-06-24 17:26:09,824 INFO: avg err:0.5222 | err:0.6711 | hippo_01 cougar_01
2026-06-24 17:26:10,023 INFO: avg err:0.5241 | err:0.6782 | hippo_01 cougar_02
2026-06-24 17:26:10,305 INFO: avg err:0.5212 | err:0.2781 | hippo_01 cougar_03
2026-06-24 17:26:10,516 INFO: avg err:0.5172 | err:0.1884 | hippo_01 cougar_04
2026-06-24 17:26:10,812 INFO: avg err:0.5111 | err:0.0000 | hippo_01 hippo_01
2026-06-24 17:26:11,011 INFO: avg err:0.5078 | err:0.2238 | hippo_01 hippo_02
2026-06-24 17:26:11,304 INFO: avg err:0.5088 | err:0.5921 | hippo_01 hippo_03
2026-06-24 17:26:11,503 INFO: avg err:0.5038 | err:0.0741 | hippo_01 hippo_04
2026-06-24 17:26:11,782 INFO: avg err:0.5013 | err:0.2772 | hippo_01 hippo_05
2026-06-24 17:26:11,992 INFO: avg err:0.4973 | err:0.1403 | hippo_01 hippo_06
2026-06-24 17:26:12,275 INFO: avg err:0.4950 | err:0.2931 | hippo_01 horse_01
2026-06-24 17:26:12,496 INFO: avg err:0.4970 | err:0.6768 | hippo_01 horse_02
2026-06-24 17:26:12,770 INFO: avg err:0.4938 | err:0.1986 | hippo_01 horse_03
2026-06-24 17:26:12,981 INFO: avg err:0.4905 | err:0.1842 | hippo_01 horse_04
2026-06-24 17:26:13,260 INFO: avg err:0.4882 | err:0.2691 | hippo_01 horse_05
2026-06-24 17:26:13,472 INFO: avg err:0.4855 | err:0.2361 | hippo_01 horse_06
2026-06-24 17:26:13,750 INFO: avg err:0.4827 | err:0.2139 | hippo_01 horse_07
2026-06-24 17:26:13,961 INFO: avg err:0.4811 | err:0.3214 | hippo_01 horse_08
2026-06-24 17:26:14,242 INFO: avg err:0.4827 | err:0.6405 | hippo_01 horse_09
2026-06-24 17:26:14,453 INFO: avg err:0.4847 | err:0.6779 | hippo_01 horse_10
2026-06-24 17:26:14,733 INFO: avg err:0.4861 | err:0.6316 | hippo_02 cougar_01
2026-06-24 17:26:14,944 INFO: avg err:0.4879 | err:0.6735 | hippo_02 cougar_02
2026-06-24 17:26:15,222 INFO: avg err:0.4860 | err:0.2875 | hippo_02 cougar_03
2026-06-24 17:26:15,434 INFO: avg err:0.4827 | err:0.1452 | hippo_02 cougar_04
2026-06-24 17:26:15,710 INFO: avg err:0.4795 | err:0.1404 | hippo_02 hippo_01
2026-06-24 17:26:15,922 INFO: avg err:0.4749 | err:0.0000 | hippo_02 hippo_02
2026-06-24 17:26:16,202 INFO: avg err:0.4760 | err:0.5901 | hippo_02 hippo_03
2026-06-24 17:26:16,414 INFO: avg err:0.4733 | err:0.1801 | hippo_02 hippo_04
2026-06-24 17:26:16,695 INFO: avg err:0.4709 | err:0.2132 | hippo_02 hippo_05
2026-06-24 17:26:16,907 INFO: avg err:0.4683 | err:0.1850 | hippo_02 hippo_06
2026-06-24 17:26:17,178 INFO: avg err:0.4657 | err:0.1852 | hippo_02 horse_01
2026-06-24 17:26:17,388 INFO: avg err:0.4670 | err:0.6070 | hippo_02 horse_02
2026-06-24 17:26:17,699 INFO: avg err:0.4646 | err:0.1974 | hippo_02 horse_03
2026-06-24 17:26:17,899 INFO: avg err:0.4620 | err:0.1676 | hippo_02 horse_04
2026-06-24 17:26:18,172 INFO: avg err:0.4596 | err:0.1841 | hippo_02 horse_05
2026-06-24 17:26:18,384 INFO: avg err:0.4573 | err:0.1979 | hippo_02 horse_06
2026-06-24 17:26:18,665 INFO: avg err:0.4553 | err:0.2209 | hippo_02 horse_07
2026-06-24 17:26:18,876 INFO: avg err:0.4533 | err:0.2180 | hippo_02 horse_08
2026-06-24 17:26:19,156 INFO: avg err:0.4539 | err:0.5206 | hippo_02 horse_09
2026-06-24 17:26:19,365 INFO: avg err:0.4549 | err:0.5781 | hippo_02 horse_10
2026-06-24 17:26:19,663 INFO: avg err:0.4537 | err:0.3102 | hippo_03 cougar_01
2026-06-24 17:26:19,862 INFO: avg err:0.4519 | err:0.2378 | hippo_03 cougar_02
2026-06-24 17:26:20,139 INFO: avg err:0.4539 | err:0.6893 | hippo_03 cougar_03
2026-06-24 17:26:20,352 INFO: avg err:0.4538 | err:0.4447 | hippo_03 cougar_04
2026-06-24 17:26:20,633 INFO: avg err:0.4549 | err:0.5949 | hippo_03 hippo_01
2026-06-24 17:26:20,843 INFO: avg err:0.4556 | err:0.5437 | hippo_03 hippo_02
2026-06-24 17:26:21,127 INFO: avg err:0.4520 | err:0.0000 | hippo_03 hippo_03
2026-06-24 17:26:21,338 INFO: avg err:0.4534 | err:0.6235 | hippo_03 hippo_04
2026-06-24 17:26:21,627 INFO: avg err:0.4553 | err:0.7037 | hippo_03 hippo_05
2026-06-24 17:26:21,838 INFO: avg err:0.4550 | err:0.4106 | hippo_03 hippo_06
2026-06-24 17:26:22,122 INFO: avg err:0.4564 | err:0.6366 | hippo_03 horse_01
2026-06-24 17:26:22,321 INFO: avg err:0.4555 | err:0.3394 | hippo_03 horse_02
2026-06-24 17:26:22,618 INFO: avg err:0.4571 | err:0.6668 | hippo_03 horse_03
2026-06-24 17:26:22,817 INFO: avg err:0.4583 | err:0.6228 | hippo_03 horse_04
2026-06-24 17:26:23,108 INFO: avg err:0.4586 | err:0.4950 | hippo_03 horse_05
2026-06-24 17:26:23,308 INFO: avg err:0.4599 | err:0.6439 | hippo_03 horse_06
2026-06-24 17:26:23,597 INFO: avg err:0.4611 | err:0.6206 | hippo_03 horse_07
2026-06-24 17:26:23,797 INFO: avg err:0.4624 | err:0.6455 | hippo_03 horse_08
2026-06-24 17:26:24,089 INFO: avg err:0.4621 | err:0.4096 | hippo_03 horse_09
2026-06-24 17:26:24,289 INFO: avg err:0.4616 | err:0.3969 | hippo_03 horse_10
2026-06-24 17:26:24,579 INFO: avg err:0.4630 | err:0.6612 | hippo_04 cougar_01
2026-06-24 17:26:24,778 INFO: avg err:0.4645 | err:0.6690 | hippo_04 cougar_02
2026-06-24 17:26:25,072 INFO: avg err:0.4626 | err:0.1961 | hippo_04 cougar_03
2026-06-24 17:26:25,272 INFO: avg err:0.4609 | err:0.2160 | hippo_04 cougar_04
2026-06-24 17:26:25,558 INFO: avg err:0.4583 | err:0.0907 | hippo_04 hippo_01
2026-06-24 17:26:25,757 INFO: avg err:0.4565 | err:0.1876 | hippo_04 hippo_02
2026-06-24 17:26:26,054 INFO: avg err:0.4574 | err:0.5895 | hippo_04 hippo_03
2026-06-24 17:26:26,254 INFO: avg err:0.4543 | err:0.0000 | hippo_04 hippo_04
2026-06-24 17:26:26,546 INFO: avg err:0.4524 | err:0.1791 | hippo_04 hippo_05
2026-06-24 17:26:26,746 INFO: avg err:0.4510 | err:0.2412 | hippo_04 hippo_06
2026-06-24 17:26:27,038 INFO: avg err:0.4497 | err:0.2448 | hippo_04 horse_01
2026-06-24 17:26:27,238 INFO: avg err:0.4509 | err:0.6412 | hippo_04 horse_02
2026-06-24 17:26:27,534 INFO: avg err:0.4487 | err:0.1110 | hippo_04 horse_03
2026-06-24 17:26:27,733 INFO: avg err:0.4470 | err:0.1878 | hippo_04 horse_04
2026-06-24 17:26:28,021 INFO: avg err:0.4458 | err:0.2518 | hippo_04 horse_05
2026-06-24 17:26:28,220 INFO: avg err:0.4436 | err:0.1091 | hippo_04 horse_06
2026-06-24 17:26:28,512 INFO: avg err:0.4418 | err:0.1602 | hippo_04 horse_07
2026-06-24 17:26:28,711 INFO: avg err:0.4401 | err:0.1698 | hippo_04 horse_08
2026-06-24 17:26:29,004 INFO: avg err:0.4410 | err:0.5825 | hippo_04 horse_09
2026-06-24 17:26:29,202 INFO: avg err:0.4419 | err:0.5934 | hippo_04 horse_10
2026-06-24 17:26:29,493 INFO: avg err:0.4434 | err:0.6766 | hippo_05 cougar_01
2026-06-24 17:26:29,693 INFO: avg err:0.4448 | err:0.6761 | hippo_05 cougar_02
2026-06-24 17:26:29,984 INFO: avg err:0.4433 | err:0.2058 | hippo_05 cougar_03
2026-06-24 17:26:30,183 INFO: avg err:0.4419 | err:0.1990 | hippo_05 cougar_04
2026-06-24 17:26:30,479 INFO: avg err:0.4409 | err:0.2800 | hippo_05 hippo_01
2026-06-24 17:26:30,678 INFO: avg err:0.4394 | err:0.1917 | hippo_05 hippo_02
2026-06-24 17:26:30,970 INFO: avg err:0.4409 | err:0.6902 | hippo_05 hippo_03
2026-06-24 17:26:31,170 INFO: avg err:0.4394 | err:0.1986 | hippo_05 hippo_04
2026-06-24 17:26:31,466 INFO: avg err:0.4368 | err:0.0000 | hippo_05 hippo_05
2026-06-24 17:26:31,665 INFO: avg err:0.4363 | err:0.3421 | hippo_05 hippo_06
2026-06-24 17:26:31,959 INFO: avg err:0.4344 | err:0.1119 | hippo_05 horse_01
2026-06-24 17:26:32,157 INFO: avg err:0.4353 | err:0.5857 | hippo_05 horse_02
2026-06-24 17:26:32,444 INFO: avg err:0.4336 | err:0.1471 | hippo_05 horse_03
2026-06-24 17:26:32,643 INFO: avg err:0.4322 | err:0.1840 | hippo_05 horse_04
2026-06-24 17:26:32,936 INFO: avg err:0.4315 | err:0.3089 | hippo_05 horse_05
2026-06-24 17:26:33,135 INFO: avg err:0.4299 | err:0.1523 | hippo_05 horse_06
2026-06-24 17:26:33,423 INFO: avg err:0.4287 | err:0.2197 | hippo_05 horse_07
2026-06-24 17:26:33,621 INFO: avg err:0.4279 | err:0.2937 | hippo_05 horse_08
2026-06-24 17:26:33,915 INFO: avg err:0.4280 | err:0.4370 | hippo_05 horse_09
2026-06-24 17:26:34,114 INFO: avg err:0.4281 | err:0.4467 | hippo_05 horse_10
2026-06-24 17:26:34,405 INFO: avg err:0.4294 | err:0.6657 | hippo_06 cougar_01
2026-06-24 17:26:34,604 INFO: avg err:0.4309 | err:0.6961 | hippo_06 cougar_02
2026-06-24 17:26:34,896 INFO: avg err:0.4302 | err:0.3112 | hippo_06 cougar_03
2026-06-24 17:26:35,094 INFO: avg err:0.4291 | err:0.2232 | hippo_06 cougar_04
2026-06-24 17:26:35,385 INFO: avg err:0.4272 | err:0.0811 | hippo_06 hippo_01
2026-06-24 17:26:35,583 INFO: avg err:0.4259 | err:0.1829 | hippo_06 hippo_02
2026-06-24 17:26:35,877 INFO: avg err:0.4258 | err:0.4137 | hippo_06 hippo_03
2026-06-24 17:26:36,075 INFO: avg err:0.4249 | err:0.2568 | hippo_06 hippo_04
2026-06-24 17:26:36,363 INFO: avg err:0.4245 | err:0.3437 | hippo_06 hippo_05
2026-06-24 17:26:36,562 INFO: avg err:0.4223 | err:0.0000 | hippo_06 hippo_06
2026-06-24 17:26:36,854 INFO: avg err:0.4214 | err:0.2553 | hippo_06 horse_01
2026-06-24 17:26:37,053 INFO: avg err:0.4228 | err:0.7019 | hippo_06 horse_02
2026-06-24 17:26:37,344 INFO: avg err:0.4221 | err:0.2738 | hippo_06 horse_03
2026-06-24 17:26:37,543 INFO: avg err:0.4212 | err:0.2593 | hippo_06 horse_04
2026-06-24 17:26:37,833 INFO: avg err:0.4198 | err:0.1453 | hippo_06 horse_05
2026-06-24 17:26:38,033 INFO: avg err:0.4191 | err:0.2850 | hippo_06 horse_06
2026-06-24 17:26:38,323 INFO: avg err:0.4185 | err:0.2871 | hippo_06 horse_07
2026-06-24 17:26:38,521 INFO: avg err:0.4179 | err:0.3184 | hippo_06 horse_08
2026-06-24 17:26:38,814 INFO: avg err:0.4191 | err:0.6376 | hippo_06 horse_09
2026-06-24 17:26:39,015 INFO: avg err:0.4203 | err:0.6649 | hippo_06 horse_10
2026-06-24 17:26:39,307 INFO: avg err:0.4224 | err:0.8484 | horse_01 cougar_01
2026-06-24 17:26:39,505 INFO: avg err:0.4246 | err:0.8737 | horse_01 cougar_02
2026-06-24 17:26:39,796 INFO: avg err:0.4242 | err:0.3399 | horse_01 cougar_03
2026-06-24 17:26:39,995 INFO: avg err:0.4236 | err:0.2864 | horse_01 cougar_04
2026-06-24 17:26:40,287 INFO: avg err:0.4234 | err:0.4006 | horse_01 hippo_01
2026-06-24 17:26:40,485 INFO: avg err:0.4223 | err:0.1919 | horse_01 hippo_02
2026-06-24 17:26:40,780 INFO: avg err:0.4245 | err:0.8754 | horse_01 hippo_03
2026-06-24 17:26:40,978 INFO: avg err:0.4244 | err:0.4006 | horse_01 hippo_04
2026-06-24 17:26:41,264 INFO: avg err:0.4232 | err:0.1681 | horse_01 hippo_05
2026-06-24 17:26:41,463 INFO: avg err:0.4239 | err:0.5764 | horse_01 hippo_06
2026-06-24 17:26:41,762 INFO: avg err:0.4219 | err:0.0000 | horse_01 horse_01
2026-06-24 17:26:41,961 INFO: avg err:0.4228 | err:0.6121 | horse_01 horse_02
2026-06-24 17:26:42,250 INFO: avg err:0.4225 | err:0.3540 | horse_01 horse_03
2026-06-24 17:26:42,461 INFO: avg err:0.4213 | err:0.1766 | horse_01 horse_04
2026-06-24 17:26:42,741 INFO: avg err:0.4208 | err:0.3122 | horse_01 horse_05
2026-06-24 17:26:42,951 INFO: avg err:0.4205 | err:0.3620 | horse_01 horse_06
2026-06-24 17:26:43,231 INFO: avg err:0.4199 | err:0.2871 | horse_01 horse_07
2026-06-24 17:26:43,442 INFO: avg err:0.4192 | err:0.2552 | horse_01 horse_08
2026-06-24 17:26:43,743 INFO: avg err:0.4201 | err:0.6152 | horse_01 horse_09
2026-06-24 17:26:43,942 INFO: avg err:0.4209 | err:0.6128 | horse_01 horse_10
2026-06-24 17:26:44,238 INFO: avg err:0.4198 | err:0.1766 | horse_02 cougar_01
2026-06-24 17:26:44,437 INFO: avg err:0.4190 | err:0.2284 | horse_02 cougar_02
2026-06-24 17:26:44,727 INFO: avg err:0.4211 | err:0.8968 | horse_02 cougar_03
2026-06-24 17:26:44,926 INFO: avg err:0.4233 | err:0.9100 | horse_02 cougar_04
2026-06-24 17:26:45,216 INFO: avg err:0.4252 | err:0.8622 | horse_02 hippo_01
2026-06-24 17:26:45,415 INFO: avg err:0.4270 | err:0.8200 | horse_02 hippo_02
2026-06-24 17:26:45,722 INFO: avg err:0.4273 | err:0.5085 | horse_02 hippo_03
2026-06-24 17:26:45,921 INFO: avg err:0.4292 | err:0.8608 | horse_02 hippo_04
2026-06-24 17:26:46,215 INFO: avg err:0.4303 | err:0.6685 | horse_02 hippo_05
2026-06-24 17:26:46,414 INFO: avg err:0.4321 | err:0.8489 | horse_02 hippo_06
2026-06-24 17:26:46,707 INFO: avg err:0.4333 | err:0.6985 | horse_02 horse_01
2026-06-24 17:26:46,906 INFO: avg err:0.4314 | err:0.0000 | horse_02 horse_02
2026-06-24 17:26:47,201 INFO: avg err:0.4326 | err:0.7209 | horse_02 horse_03
2026-06-24 17:26:47,400 INFO: avg err:0.4342 | err:0.8046 | horse_02 horse_04
2026-06-24 17:26:47,695 INFO: avg err:0.4360 | err:0.8588 | horse_02 horse_05
2026-06-24 17:26:47,894 INFO: avg err:0.4374 | err:0.7474 | horse_02 horse_06
2026-06-24 17:26:48,187 INFO: avg err:0.4388 | err:0.7796 | horse_02 horse_07
2026-06-24 17:26:48,386 INFO: avg err:0.4394 | err:0.5750 | horse_02 horse_08
2026-06-24 17:26:48,681 INFO: avg err:0.4390 | err:0.3441 | horse_02 horse_09
2026-06-24 17:26:48,880 INFO: avg err:0.4383 | err:0.2683 | horse_02 horse_10
2026-06-24 17:26:49,173 INFO: avg err:0.4398 | err:0.8102 | horse_03 cougar_01
2026-06-24 17:26:49,371 INFO: avg err:0.4413 | err:0.8098 | horse_03 cougar_02
2026-06-24 17:26:49,659 INFO: avg err:0.4402 | err:0.1664 | horse_03 cougar_03
2026-06-24 17:26:49,858 INFO: avg err:0.4392 | err:0.2073 | horse_03 cougar_04
2026-06-24 17:26:50,150 INFO: avg err:0.4389 | err:0.3454 | horse_03 hippo_01
2026-06-24 17:26:50,349 INFO: avg err:0.4384 | err:0.3338 | horse_03 hippo_02
2026-06-24 17:26:50,646 INFO: avg err:0.4400 | err:0.8304 | horse_03 hippo_03
2026-06-24 17:26:50,845 INFO: avg err:0.4399 | err:0.3996 | horse_03 hippo_04
2026-06-24 17:26:51,134 INFO: avg err:0.4388 | err:0.1749 | horse_03 hippo_05
2026-06-24 17:26:51,333 INFO: avg err:0.4389 | err:0.4579 | horse_03 hippo_06
2026-06-24 17:26:51,632 INFO: avg err:0.4384 | err:0.3113 | horse_03 horse_01
2026-06-24 17:26:51,831 INFO: avg err:0.4395 | err:0.7282 | horse_03 horse_02
2026-06-24 17:26:52,121 INFO: avg err:0.4378 | err:0.0000 | horse_03 horse_03
2026-06-24 17:26:52,321 INFO: avg err:0.4365 | err:0.1163 | horse_03 horse_04
2026-06-24 17:26:52,615 INFO: avg err:0.4362 | err:0.3606 | horse_03 horse_05
2026-06-24 17:26:52,815 INFO: avg err:0.4347 | err:0.0444 | horse_03 horse_06
2026-06-24 17:26:53,105 INFO: avg err:0.4337 | err:0.1885 | horse_03 horse_07
2026-06-24 17:26:53,304 INFO: avg err:0.4331 | err:0.2810 | horse_03 horse_08
2026-06-24 17:26:53,595 INFO: avg err:0.4341 | err:0.6793 | horse_03 horse_09
2026-06-24 17:26:53,794 INFO: avg err:0.4346 | err:0.5689 | horse_03 horse_10
2026-06-24 17:26:54,088 INFO: avg err:0.4361 | err:0.8229 | horse_04 cougar_01
2026-06-24 17:26:54,285 INFO: avg err:0.4375 | err:0.8138 | horse_04 cougar_02
2026-06-24 17:26:54,580 INFO: avg err:0.4367 | err:0.2272 | horse_04 cougar_03
2026-06-24 17:26:54,778 INFO: avg err:0.4363 | err:0.3161 | horse_04 cougar_04
2026-06-24 17:26:55,072 INFO: avg err:0.4359 | err:0.3488 | horse_04 hippo_01
2026-06-24 17:26:55,270 INFO: avg err:0.4352 | err:0.2304 | horse_04 hippo_02
2026-06-24 17:26:55,563 INFO: avg err:0.4370 | err:0.9134 | horse_04 hippo_03
2026-06-24 17:26:55,768 INFO: avg err:0.4366 | err:0.3308 | horse_04 hippo_04
2026-06-24 17:26:56,080 INFO: avg err:0.4362 | err:0.3403 | horse_04 hippo_05
2026-06-24 17:26:56,280 INFO: avg err:0.4364 | err:0.4989 | horse_04 hippo_06
2026-06-24 17:26:56,547 INFO: avg err:0.4355 | err:0.1784 | horse_04 horse_01
2026-06-24 17:26:56,746 INFO: avg err:0.4368 | err:0.7928 | horse_04 horse_02
2026-06-24 17:26:57,045 INFO: avg err:0.4360 | err:0.2066 | horse_04 horse_03
2026-06-24 17:26:57,243 INFO: avg err:0.4344 | err:0.0000 | horse_04 horse_04
2026-06-24 17:26:57,541 INFO: avg err:0.4341 | err:0.3477 | horse_04 horse_05
2026-06-24 17:26:57,740 INFO: avg err:0.4334 | err:0.2501 | horse_04 horse_06
2026-06-24 17:26:58,029 INFO: avg err:0.4328 | err:0.2674 | horse_04 horse_07
2026-06-24 17:26:58,228 INFO: avg err:0.4325 | err:0.3524 | horse_04 horse_08
2026-06-24 17:26:58,521 INFO: avg err:0.4334 | err:0.6930 | horse_04 horse_09
2026-06-24 17:26:58,720 INFO: avg err:0.4344 | err:0.6939 | horse_04 horse_10
2026-06-24 17:26:59,013 INFO: avg err:0.4362 | err:0.9398 | horse_05 cougar_01
2026-06-24 17:26:59,212 INFO: avg err:0.4380 | err:0.9498 | horse_05 cougar_02
2026-06-24 17:26:59,504 INFO: avg err:0.4381 | err:0.4816 | horse_05 cougar_03
2026-06-24 17:26:59,703 INFO: avg err:0.4378 | err:0.3439 | horse_05 cougar_04
2026-06-24 17:26:59,999 INFO: avg err:0.4374 | err:0.3358 | horse_05 hippo_01
2026-06-24 17:27:00,199 INFO: avg err:0.4364 | err:0.1387 | horse_05 hippo_02
2026-06-24 17:27:00,494 INFO: avg err:0.4376 | err:0.7756 | horse_05 hippo_03
2026-06-24 17:27:00,693 INFO: avg err:0.4374 | err:0.3818 | horse_05 hippo_04
2026-06-24 17:27:00,985 INFO: avg err:0.4372 | err:0.3704 | horse_05 hippo_05
2026-06-24 17:27:01,184 INFO: avg err:0.4365 | err:0.2546 | horse_05 hippo_06
2026-06-24 17:27:01,473 INFO: avg err:0.4358 | err:0.2266 | horse_05 horse_01
2026-06-24 17:27:01,672 INFO: avg err:0.4370 | err:0.7933 | horse_05 horse_02
2026-06-24 17:27:01,967 INFO: avg err:0.4368 | err:0.3791 | horse_05 horse_03
2026-06-24 17:27:02,166 INFO: avg err:0.4363 | err:0.2815 | horse_05 horse_04
2026-06-24 17:27:02,456 INFO: avg err:0.4348 | err:0.0000 | horse_05 horse_05
2026-06-24 17:27:02,655 INFO: avg err:0.4348 | err:0.4327 | horse_05 horse_06
2026-06-24 17:27:02,949 INFO: avg err:0.4349 | err:0.4539 | horse_05 horse_07
2026-06-24 17:27:03,149 INFO: avg err:0.4348 | err:0.4181 | horse_05 horse_08
2026-06-24 17:27:03,439 INFO: avg err:0.4359 | err:0.7526 | horse_05 horse_09
2026-06-24 17:27:03,639 INFO: avg err:0.4374 | err:0.8818 | horse_05 horse_10
2026-06-24 17:27:03,936 INFO: avg err:0.4385 | err:0.7835 | horse_06 cougar_01
2026-06-24 17:27:04,135 INFO: avg err:0.4398 | err:0.8177 | horse_06 cougar_02
2026-06-24 17:27:04,431 INFO: avg err:0.4393 | err:0.2784 | horse_06 cougar_03
2026-06-24 17:27:04,631 INFO: avg err:0.4385 | err:0.2139 | horse_06 cougar_04
2026-06-24 17:27:04,921 INFO: avg err:0.4381 | err:0.3250 | horse_06 hippo_01
2026-06-24 17:27:05,121 INFO: avg err:0.4377 | err:0.3040 | horse_06 hippo_02
2026-06-24 17:27:05,414 INFO: avg err:0.4384 | err:0.6563 | horse_06 hippo_03
2026-06-24 17:27:05,614 INFO: avg err:0.4379 | err:0.2715 | horse_06 hippo_04
2026-06-24 17:27:05,907 INFO: avg err:0.4372 | err:0.2265 | horse_06 hippo_05
2026-06-24 17:27:06,106 INFO: avg err:0.4372 | err:0.4303 | horse_06 hippo_06
2026-06-24 17:27:06,401 INFO: avg err:0.4368 | err:0.3133 | horse_06 horse_01
2026-06-24 17:27:06,602 INFO: avg err:0.4376 | err:0.7020 | horse_06 horse_02
2026-06-24 17:27:06,910 INFO: avg err:0.4364 | err:0.0418 | horse_06 horse_03
2026-06-24 17:27:07,110 INFO: avg err:0.4356 | err:0.1870 | horse_06 horse_04
2026-06-24 17:27:07,398 INFO: avg err:0.4358 | err:0.4983 | horse_06 horse_05
2026-06-24 17:27:07,599 INFO: avg err:0.4344 | err:0.0000 | horse_06 horse_06
2026-06-24 17:27:07,896 INFO: avg err:0.4334 | err:0.1275 | horse_06 horse_07
2026-06-24 17:27:08,097 INFO: avg err:0.4329 | err:0.2620 | horse_06 horse_08
2026-06-24 17:27:08,392 INFO: avg err:0.4333 | err:0.5830 | horse_06 horse_09
2026-06-24 17:27:08,593 INFO: avg err:0.4341 | err:0.6888 | horse_06 horse_10
2026-06-24 17:27:08,888 INFO: avg err:0.4351 | err:0.7558 | horse_07 cougar_01
2026-06-24 17:27:09,087 INFO: avg err:0.4363 | err:0.8235 | horse_07 cougar_02
2026-06-24 17:27:09,372 INFO: avg err:0.4357 | err:0.2403 | horse_07 cougar_03
2026-06-24 17:27:09,583 INFO: avg err:0.4351 | err:0.2419 | horse_07 cougar_04
2026-06-24 17:27:09,870 INFO: avg err:0.4350 | err:0.3920 | horse_07 hippo_01
2026-06-24 17:27:10,069 INFO: avg err:0.4345 | err:0.2734 | horse_07 hippo_02
2026-06-24 17:27:10,363 INFO: avg err:0.4352 | err:0.6595 | horse_07 hippo_03
2026-06-24 17:27:10,562 INFO: avg err:0.4349 | err:0.3341 | horse_07 hippo_04
2026-06-24 17:27:10,853 INFO: avg err:0.4342 | err:0.2207 | horse_07 hippo_05
2026-06-24 17:27:11,052 INFO: avg err:0.4340 | err:0.3605 | horse_07 hippo_06
2026-06-24 17:27:11,346 INFO: avg err:0.4335 | err:0.2468 | horse_07 horse_01
2026-06-24 17:27:11,545 INFO: avg err:0.4344 | err:0.7617 | horse_07 horse_02
2026-06-24 17:27:11,833 INFO: avg err:0.4336 | err:0.1635 | horse_07 horse_03
2026-06-24 17:27:12,043 INFO: avg err:0.4328 | err:0.1680 | horse_07 horse_04
2026-06-24 17:27:12,324 INFO: avg err:0.4327 | err:0.3806 | horse_07 horse_05
2026-06-24 17:27:12,536 INFO: avg err:0.4316 | err:0.0699 | horse_07 horse_06
2026-06-24 17:27:12,819 INFO: avg err:0.4303 | err:0.0000 | horse_07 horse_07
2026-06-24 17:27:13,031 INFO: avg err:0.4296 | err:0.2023 | horse_07 horse_08
2026-06-24 17:27:13,310 INFO: avg err:0.4300 | err:0.5523 | horse_07 horse_09
2026-06-24 17:27:13,521 INFO: avg err:0.4312 | err:0.8339 | horse_07 horse_10
2026-06-24 17:27:13,802 INFO: avg err:0.4319 | err:0.6710 | horse_08 cougar_01
2026-06-24 17:27:14,013 INFO: avg err:0.4324 | err:0.5930 | horse_08 cougar_02
2026-06-24 17:27:14,293 INFO: avg err:0.4321 | err:0.3254 | horse_08 cougar_03
2026-06-24 17:27:14,504 INFO: avg err:0.4317 | err:0.3156 | horse_08 cougar_04
2026-06-24 17:27:14,786 INFO: avg err:0.4316 | err:0.3992 | horse_08 hippo_01
2026-06-24 17:27:14,999 INFO: avg err:0.4315 | err:0.3773 | horse_08 hippo_02
2026-06-24 17:27:15,269 INFO: avg err:0.4322 | err:0.6714 | horse_08 hippo_03
2026-06-24 17:27:15,481 INFO: avg err:0.4322 | err:0.4345 | horse_08 hippo_04
2026-06-24 17:27:15,758 INFO: avg err:0.4317 | err:0.2659 | horse_08 hippo_05
2026-06-24 17:27:15,977 INFO: avg err:0.4317 | err:0.4457 | horse_08 hippo_06
2026-06-24 17:27:16,249 INFO: avg err:0.4311 | err:0.2288 | horse_08 horse_01
2026-06-24 17:27:16,459 INFO: avg err:0.4317 | err:0.6340 | horse_08 horse_02
2026-06-24 17:27:16,739 INFO: avg err:0.4315 | err:0.3678 | horse_08 horse_03
2026-06-24 17:27:16,959 INFO: avg err:0.4314 | err:0.3696 | horse_08 horse_04
2026-06-24 17:27:17,225 INFO: avg err:0.4316 | err:0.5190 | horse_08 horse_05
2026-06-24 17:27:17,435 INFO: avg err:0.4312 | err:0.2773 | horse_08 horse_06
2026-06-24 17:27:17,711 INFO: avg err:0.4304 | err:0.1608 | horse_08 horse_07
2026-06-24 17:27:17,924 INFO: avg err:0.4292 | err:0.0000 | horse_08 horse_08
2026-06-24 17:27:18,204 INFO: avg err:0.4291 | err:0.3793 | horse_08 horse_09
2026-06-24 17:27:18,415 INFO: avg err:0.4295 | err:0.5824 | horse_08 horse_10
2026-06-24 17:27:18,697 INFO: avg err:0.4291 | err:0.2841 | horse_09 cougar_01
2026-06-24 17:27:18,910 INFO: avg err:0.4287 | err:0.2832 | horse_09 cougar_02
2026-06-24 17:27:19,179 INFO: avg err:0.4293 | err:0.6542 | horse_09 cougar_03
2026-06-24 17:27:19,390 INFO: avg err:0.4297 | err:0.5792 | horse_09 cougar_04
2026-06-24 17:27:19,674 INFO: avg err:0.4306 | err:0.7292 | horse_09 hippo_01
2026-06-24 17:27:19,885 INFO: avg err:0.4312 | err:0.6635 | horse_09 hippo_02
2026-06-24 17:27:20,163 INFO: avg err:0.4314 | err:0.5065 | horse_09 hippo_03
2026-06-24 17:27:20,376 INFO: avg err:0.4324 | err:0.7841 | horse_09 hippo_04
2026-06-24 17:27:20,651 INFO: avg err:0.4327 | err:0.5450 | horse_09 hippo_05
2026-06-24 17:27:20,863 INFO: avg err:0.4333 | err:0.6854 | horse_09 hippo_06
2026-06-24 17:27:21,156 INFO: avg err:0.4336 | err:0.5457 | horse_09 horse_01
2026-06-24 17:27:21,370 INFO: avg err:0.4335 | err:0.3749 | horse_09 horse_02
2026-06-24 17:27:21,639 INFO: avg err:0.4338 | err:0.5407 | horse_09 horse_03
2026-06-24 17:27:21,857 INFO: avg err:0.4346 | err:0.7447 | horse_09 horse_04
2026-06-24 17:27:22,151 INFO: avg err:0.4353 | err:0.6817 | horse_09 horse_05
2026-06-24 17:27:22,366 INFO: avg err:0.4356 | err:0.5701 | horse_09 horse_06
2026-06-24 17:27:22,645 INFO: avg err:0.4362 | err:0.6551 | horse_09 horse_07
2026-06-24 17:27:22,860 INFO: avg err:0.4362 | err:0.4267 | horse_09 horse_08
2026-06-24 17:27:23,137 INFO: avg err:0.4350 | err:0.0000 | horse_09 horse_09
2026-06-24 17:27:23,349 INFO: avg err:0.4344 | err:0.2081 | horse_09 horse_10
2026-06-24 17:27:23,631 INFO: avg err:0.4342 | err:0.3403 | horse_10 cougar_01
2026-06-24 17:27:23,846 INFO: avg err:0.4341 | err:0.3984 | horse_10 cougar_02
2026-06-24 17:27:24,130 INFO: avg err:0.4351 | err:0.8180 | horse_10 cougar_03
2026-06-24 17:27:24,343 INFO: avg err:0.4362 | err:0.8481 | horse_10 cougar_04
2026-06-24 17:27:24,621 INFO: avg err:0.4372 | err:0.8425 | horse_10 hippo_01
2026-06-24 17:27:24,835 INFO: avg err:0.4382 | err:0.8092 | horse_10 hippo_02
2026-06-24 17:27:25,113 INFO: avg err:0.4390 | err:0.7337 | horse_10 hippo_03
2026-06-24 17:27:25,326 INFO: avg err:0.4401 | err:0.8674 | horse_10 hippo_04
2026-06-24 17:27:25,607 INFO: avg err:0.4406 | err:0.6444 | horse_10 hippo_05
2026-06-24 17:27:25,822 INFO: avg err:0.4417 | err:0.8590 | horse_10 hippo_06
2026-06-24 17:27:26,099 INFO: avg err:0.4420 | err:0.5791 | horse_10 horse_01
2026-06-24 17:27:26,313 INFO: avg err:0.4417 | err:0.3101 | horse_10 horse_02
2026-06-24 17:27:26,603 INFO: avg err:0.4419 | err:0.5431 | horse_10 horse_03
2026-06-24 17:27:26,815 INFO: avg err:0.4427 | err:0.7364 | horse_10 horse_04
2026-06-24 17:27:27,097 INFO: avg err:0.4437 | err:0.8428 | horse_10 horse_05
2026-06-24 17:27:27,310 INFO: avg err:0.4440 | err:0.5545 | horse_10 horse_06
2026-06-24 17:27:27,600 INFO: avg err:0.4450 | err:0.8571 | horse_10 horse_07
2026-06-24 17:27:27,814 INFO: avg err:0.4456 | err:0.6829 | horse_10 horse_08
2026-06-24 17:27:28,089 INFO: avg err:0.4450 | err:0.2142 | horse_10 horse_09
2026-06-24 17:27:28,284 INFO: avg err:0.4439 | err:0.0000 | horse_10 horse_10
2026-06-24 17:27:28,311 INFO: Avg time: 0.0702
2026-06-24 17:27:28,689 INFO: Val auc: 0.2563
2026-06-24 17:27:28,692 INFO: Val avg error: 0.4439
2026-06-24 17:27:28,733 INFO: [ONB diag] max|Q-I|: mean=1.0717e-01 max=1.1581e-01 | max|Φ̃ᵀMΦ̃-I|: mean=7.3984e-07 max=9.5367e-07
2026-06-24 17:27:33,369 INFO: [smal_..][epoch: 20, iter:  16,020, lr:(1.055e-04,1.055e-04,)][eta: 0:04:04, time (data): 0.234 (0.018)]l_bij: 2.2831e+02 l_orth: 2.1675e+02 l_align: 1.4735e+02 l_total: 5.9242e+02 
2026-06-24 17:27:38,033 INFO: [smal_..][epoch: 20, iter:  16,040, lr:(1.055e-04,1.055e-04,)][eta: 0:03:58, time (data): 0.234 (0.017)]l_bij: 2.2235e+02 l_orth: 2.1669e+02 l_align: 1.5538e+02 l_total: 5.9442e+02 
2026-06-24 17:27:42,773 INFO: [smal_..][epoch: 20, iter:  16,060, lr:(1.055e-04,1.055e-04,)][eta: 0:03:52, time (data): 0.235 (0.017)]l_bij: 2.2515e+02 l_orth: 2.1522e+02 l_align: 1.5054e+02 l_total: 5.9091e+02 
2026-06-24 17:27:47,437 INFO: [smal_..][epoch: 20, iter:  16,080, lr:(1.055e-04,1.055e-04,)][eta: 0:03:45, time (data): 0.234 (0.017)]l_bij: 2.3025e+02 l_orth: 2.1943e+02 l_align: 1.4627e+02 l_total: 5.9595e+02 
2026-06-24 17:27:52,085 INFO: [smal_..][epoch: 20, iter:  16,100, lr:(1.055e-04,1.055e-04,)][eta: 0:03:39, time (data): 0.232 (0.017)]l_bij: 2.2688e+02 l_orth: 2.1233e+02 l_align: 1.4714e+02 l_total: 5.8636e+02 
2026-06-24 17:27:56,745 INFO: [smal_..][epoch: 20, iter:  16,120, lr:(1.055e-04,1.055e-04,)][eta: 0:03:33, time (data): 0.232 (0.016)]l_bij: 2.2164e+02 l_orth: 2.1198e+02 l_align: 1.5550e+02 l_total: 5.8912e+02 
2026-06-24 17:28:01,409 INFO: [smal_..][epoch: 20, iter:  16,140, lr:(1.055e-04,1.055e-04,)][eta: 0:03:27, time (data): 0.233 (0.016)]l_bij: 2.4080e+02 l_orth: 2.2767e+02 l_align: 1.3381e+02 l_total: 6.0228e+02 
2026-06-24 17:28:06,025 INFO: [smal_..][epoch: 20, iter:  16,160, lr:(1.055e-04,1.055e-04,)][eta: 0:03:21, time (data): 0.232 (0.016)]l_bij: 2.2074e+02 l_orth: 2.1037e+02 l_align: 1.4625e+02 l_total: 5.7736e+02 
2026-06-24 17:28:10,762 INFO: [smal_..][epoch: 20, iter:  16,180, lr:(1.055e-04,1.055e-04,)][eta: 0:03:15, time (data): 0.233 (0.016)]l_bij: 2.1852e+02 l_orth: 2.0926e+02 l_align: 1.5486e+02 l_total: 5.8263e+02 
2026-06-24 17:28:15,521 INFO: [smal_..][epoch: 20, iter:  16,200, lr:(1.055e-04,1.055e-04,)][eta: 0:03:08, time (data): 0.234 (0.016)]l_bij: 2.2189e+02 l_orth: 2.1521e+02 l_align: 1.5262e+02 l_total: 5.8973e+02 
2026-06-24 17:28:20,225 INFO: [smal_..][epoch: 20, iter:  16,220, lr:(1.055e-04,1.055e-04,)][eta: 0:03:02, time (data): 0.234 (0.016)]l_bij: 2.3050e+02 l_orth: 2.2160e+02 l_align: 1.4245e+02 l_total: 5.9454e+02 
2026-06-24 17:28:24,849 INFO: [smal_..][epoch: 20, iter:  16,240, lr:(1.055e-04,1.055e-04,)][eta: 0:02:56, time (data): 0.234 (0.016)]l_bij: 2.3562e+02 l_orth: 2.2306e+02 l_align: 1.3930e+02 l_total: 5.9797e+02 
2026-06-24 17:28:29,406 INFO: [smal_..][epoch: 20, iter:  16,260, lr:(1.055e-04,1.055e-04,)][eta: 0:02:50, time (data): 0.233 (0.016)]l_bij: 2.2866e+02 l_orth: 2.1900e+02 l_align: 1.4596e+02 l_total: 5.9361e+02 
2026-06-24 17:28:33,961 INFO: [smal_..][epoch: 20, iter:  16,280, lr:(1.055e-04,1.055e-04,)][eta: 0:02:44, time (data): 0.232 (0.016)]l_bij: 2.2579e+02 l_orth: 2.1619e+02 l_align: 1.4044e+02 l_total: 5.8242e+02 
2026-06-24 17:28:38,598 INFO: [smal_..][epoch: 20, iter:  16,300, lr:(1.055e-04,1.055e-04,)][eta: 0:02:38, time (data): 0.231 (0.016)]l_bij: 2.1820e+02 l_orth: 2.1292e+02 l_align: 1.5948e+02 l_total: 5.9061e+02 
2026-06-24 17:28:43,265 INFO: [smal_..][epoch: 20, iter:  16,320, lr:(1.055e-04,1.055e-04,)][eta: 0:02:31, time (data): 0.232 (0.016)]l_bij: 2.1557e+02 l_orth: 2.0654e+02 l_align: 1.5732e+02 l_total: 5.7943e+02 
2026-06-24 17:28:47,913 INFO: [smal_..][epoch: 20, iter:  16,340, lr:(1.055e-04,1.055e-04,)][eta: 0:02:25, time (data): 0.232 (0.016)]l_bij: 2.2992e+02 l_orth: 2.1938e+02 l_align: 1.3715e+02 l_total: 5.8645e+02 
2026-06-24 17:28:52,557 INFO: [smal_..][epoch: 20, iter:  16,360, lr:(1.055e-04,1.055e-04,)][eta: 0:02:19, time (data): 0.232 (0.016)]l_bij: 2.2310e+02 l_orth: 2.1205e+02 l_align: 1.5065e+02 l_total: 5.8580e+02 
2026-06-24 17:28:57,197 INFO: [smal_..][epoch: 20, iter:  16,380, lr:(1.055e-04,1.055e-04,)][eta: 0:02:13, time (data): 0.232 (0.016)]l_bij: 2.2881e+02 l_orth: 2.1634e+02 l_align: 1.4171e+02 l_total: 5.8686e+02 
2026-06-24 17:29:01,822 INFO: [smal_..][epoch: 20, iter:  16,400, lr:(1.055e-04,1.055e-04,)][eta: 0:02:07, time (data): 0.232 (0.016)]l_bij: 2.1875e+02 l_orth: 2.1028e+02 l_align: 1.5250e+02 l_total: 5.8153e+02 
2026-06-24 17:29:06,390 INFO: [smal_..][epoch: 20, iter:  16,420, lr:(1.055e-04,1.055e-04,)][eta: 0:02:01, time (data): 0.231 (0.016)]l_bij: 2.2762e+02 l_orth: 2.1997e+02 l_align: 1.4331e+02 l_total: 5.9090e+02 
2026-06-24 17:29:11,108 INFO: [smal_..][epoch: 20, iter:  16,440, lr:(1.055e-04,1.055e-04,)][eta: 0:01:55, time (data): 0.232 (0.016)]l_bij: 2.2741e+02 l_orth: 2.1575e+02 l_align: 1.5075e+02 l_total: 5.9390e+02 
2026-06-24 17:29:15,971 INFO: [smal_..][epoch: 20, iter:  16,460, lr:(1.055e-04,1.055e-04,)][eta: 0:01:49, time (data): 0.233 (0.016)]l_bij: 2.1931e+02 l_orth: 2.1036e+02 l_align: 1.5228e+02 l_total: 5.8195e+02 
2026-06-24 17:29:20,889 INFO: [smal_..][epoch: 20, iter:  16,480, lr:(1.055e-04,1.055e-04,)][eta: 0:01:43, time (data): 0.234 (0.016)]l_bij: 2.3195e+02 l_orth: 2.1786e+02 l_align: 1.3919e+02 l_total: 5.8900e+02 
2026-06-24 17:29:25,577 INFO: [smal_..][epoch: 20, iter:  16,500, lr:(1.055e-04,1.055e-04,)][eta: 0:01:36, time (data): 0.233 (0.016)]l_bij: 2.3359e+02 l_orth: 2.2236e+02 l_align: 1.3762e+02 l_total: 5.9357e+02 
2026-06-24 17:29:30,181 INFO: [smal_..][epoch: 20, iter:  16,520, lr:(1.055e-04,1.055e-04,)][eta: 0:01:30, time (data): 0.231 (0.016)]l_bij: 2.2780e+02 l_orth: 2.1587e+02 l_align: 1.4356e+02 l_total: 5.8723e+02 
2026-06-24 17:29:34,824 INFO: [smal_..][epoch: 20, iter:  16,540, lr:(1.055e-04,1.055e-04,)][eta: 0:01:24, time (data): 0.231 (0.016)]l_bij: 2.3448e+02 l_orth: 2.2500e+02 l_align: 1.3922e+02 l_total: 5.9871e+02 
2026-06-24 17:29:39,480 INFO: [smal_..][epoch: 20, iter:  16,560, lr:(1.055e-04,1.055e-04,)][eta: 0:01:18, time (data): 0.232 (0.016)]l_bij: 2.3704e+02 l_orth: 2.2344e+02 l_align: 1.3757e+02 l_total: 5.9805e+02 
2026-06-24 17:29:44,145 INFO: [smal_..][epoch: 20, iter:  16,580, lr:(1.055e-04,1.055e-04,)][eta: 0:01:12, time (data): 0.232 (0.016)]l_bij: 2.2745e+02 l_orth: 2.1753e+02 l_align: 1.4124e+02 l_total: 5.8622e+02 
2026-06-24 17:29:48,757 INFO: [smal_..][epoch: 20, iter:  16,600, lr:(1.055e-04,1.055e-04,)][eta: 0:01:06, time (data): 0.232 (0.016)]l_bij: 2.2546e+02 l_orth: 2.1802e+02 l_align: 1.5137e+02 l_total: 5.9485e+02 
2026-06-24 17:29:53,381 INFO: [smal_..][epoch: 20, iter:  16,620, lr:(1.055e-04,1.055e-04,)][eta: 0:01:00, time (data): 0.232 (0.015)]l_bij: 2.1226e+02 l_orth: 2.0296e+02 l_align: 1.5663e+02 l_total: 5.7185e+02 
2026-06-24 17:29:58,076 INFO: [smal_..][epoch: 20, iter:  16,640, lr:(1.055e-04,1.055e-04,)][eta: 0:00:54, time (data): 0.232 (0.015)]l_bij: 2.2059e+02 l_orth: 2.1437e+02 l_align: 1.5424e+02 l_total: 5.8920e+02 
2026-06-24 17:30:02,808 INFO: [smal_..][epoch: 20, iter:  16,660, lr:(1.055e-04,1.055e-04,)][eta: 0:00:48, time (data): 0.233 (0.016)]l_bij: 2.4292e+02 l_orth: 2.3048e+02 l_align: 1.3363e+02 l_total: 6.0702e+02 
2026-06-24 17:30:07,406 INFO: [smal_..][epoch: 20, iter:  16,680, lr:(1.055e-04,1.055e-04,)][eta: 0:00:42, time (data): 0.232 (0.016)]l_bij: 2.1674e+02 l_orth: 2.0827e+02 l_align: 1.5515e+02 l_total: 5.8016e+02 
2026-06-24 17:30:12,045 INFO: [smal_..][epoch: 20, iter:  16,700, lr:(1.055e-04,1.055e-04,)][eta: 0:00:36, time (data): 0.232 (0.016)]l_bij: 2.2004e+02 l_orth: 2.1038e+02 l_align: 1.5156e+02 l_total: 5.8198e+02 
2026-06-24 17:30:16,693 INFO: [smal_..][epoch: 20, iter:  16,720, lr:(1.055e-04,1.055e-04,)][eta: 0:00:29, time (data): 0.232 (0.016)]l_bij: 2.1902e+02 l_orth: 2.0580e+02 l_align: 1.5625e+02 l_total: 5.8107e+02 
2026-06-24 17:30:21,321 INFO: [smal_..][epoch: 20, iter:  16,740, lr:(1.055e-04,1.055e-04,)][eta: 0:00:23, time (data): 0.232 (0.016)]l_bij: 2.1894e+02 l_orth: 2.1015e+02 l_align: 1.5795e+02 l_total: 5.8704e+02 
2026-06-24 17:30:25,909 INFO: [smal_..][epoch: 20, iter:  16,760, lr:(1.055e-04,1.055e-04,)][eta: 0:00:17, time (data): 0.231 (0.016)]l_bij: 2.2560e+02 l_orth: 2.1389e+02 l_align: 1.4565e+02 l_total: 5.8514e+02 
2026-06-24 17:30:30,553 INFO: [smal_..][epoch: 20, iter:  16,780, lr:(1.055e-04,1.055e-04,)][eta: 0:00:11, time (data): 0.231 (0.016)]l_bij: 2.2488e+02 l_orth: 2.1522e+02 l_align: 1.4923e+02 l_total: 5.8932e+02 
2026-06-24 17:30:35,193 INFO: [smal_..][epoch: 20, iter:  16,800, lr:(1.055e-04,1.055e-04,)][eta: 0:00:05, time (data): 0.231 (0.016)]l_bij: 2.2554e+02 l_orth: 2.1301e+02 l_align: 1.4993e+02 l_total: 5.8847e+02 
2026-06-24 17:30:39,790 INFO: [smal_..][epoch: 20, iter:  16,820, lr:(1.055e-04,1.055e-04,)][eta: 0:00:00, time (data): 0.231 (0.016)]l_bij: 2.0922e+02 l_orth: 2.0368e+02 l_align: 1.6666e+02 l_total: 5.7957e+02 
2026-06-24 17:30:39,828 INFO: End of training. Time consumed: 1:24:50
2026-06-24 17:30:39,828 INFO: Last Validation.
2026-06-24 17:30:40,622 INFO: avg err:0.0000 | err:0.0000 | cougar_01 cougar_01
2026-06-24 17:30:40,836 INFO: avg err:0.0797 | err:0.1594 | cougar_01 cougar_02
2026-06-24 17:30:41,134 INFO: avg err:0.3023 | err:0.7476 | cougar_01 cougar_03
2026-06-24 17:30:41,344 INFO: avg err:0.4137 | err:0.7480 | cougar_01 cougar_04
2026-06-24 17:30:41,621 INFO: avg err:0.4968 | err:0.8288 | cougar_01 hippo_01
2026-06-24 17:30:41,834 INFO: avg err:0.5401 | err:0.7566 | cougar_01 hippo_02
2026-06-24 17:30:42,112 INFO: avg err:0.5291 | err:0.4636 | cougar_01 hippo_03
2026-06-24 17:30:42,324 INFO: avg err:0.5704 | err:0.8588 | cougar_01 hippo_04
2026-06-24 17:30:42,608 INFO: avg err:0.5888 | err:0.7364 | cougar_01 hippo_05
2026-06-24 17:30:42,820 INFO: avg err:0.6089 | err:0.7898 | cougar_01 hippo_06
2026-06-24 17:30:43,099 INFO: avg err:0.6182 | err:0.7108 | cougar_01 horse_01
2026-06-24 17:30:43,310 INFO: avg err:0.5859 | err:0.2307 | cougar_01 horse_02
2026-06-24 17:30:43,592 INFO: avg err:0.5899 | err:0.6385 | cougar_01 horse_03
2026-06-24 17:30:43,803 INFO: avg err:0.6000 | err:0.7308 | cougar_01 horse_04
2026-06-24 17:30:44,081 INFO: avg err:0.6120 | err:0.7809 | cougar_01 horse_05
2026-06-24 17:30:44,292 INFO: avg err:0.6192 | err:0.7271 | cougar_01 horse_06
2026-06-24 17:30:44,576 INFO: avg err:0.6212 | err:0.6527 | cougar_01 horse_07
2026-06-24 17:30:44,787 INFO: avg err:0.6265 | err:0.7167 | cougar_01 horse_08
2026-06-24 17:30:45,067 INFO: avg err:0.6131 | err:0.3725 | cougar_01 horse_09
2026-06-24 17:30:45,279 INFO: avg err:0.6033 | err:0.4155 | cougar_01 horse_10
2026-06-24 17:30:45,570 INFO: avg err:0.5862 | err:0.2458 | cougar_02 cougar_01
2026-06-24 17:30:45,785 INFO: avg err:0.5596 | err:0.0000 | cougar_02 cougar_02
2026-06-24 17:30:46,061 INFO: avg err:0.5720 | err:0.8443 | cougar_02 cougar_03
2026-06-24 17:30:46,282 INFO: avg err:0.5800 | err:0.7658 | cougar_02 cougar_04
2026-06-24 17:30:46,548 INFO: avg err:0.5887 | err:0.7973 | cougar_02 hippo_01
2026-06-24 17:30:46,761 INFO: avg err:0.5940 | err:0.7245 | cougar_02 hippo_02
2026-06-24 17:30:47,037 INFO: avg err:0.5819 | err:0.2688 | cougar_02 hippo_03
2026-06-24 17:30:47,248 INFO: avg err:0.5907 | err:0.8286 | cougar_02 hippo_04
2026-06-24 17:30:47,528 INFO: avg err:0.5997 | err:0.8500 | cougar_02 hippo_05
2026-06-24 17:30:47,740 INFO: avg err:0.6079 | err:0.8461 | cougar_02 hippo_06
2026-06-24 17:30:48,019 INFO: avg err:0.6154 | err:0.8415 | cougar_02 horse_01
2026-06-24 17:30:48,237 INFO: avg err:0.6105 | err:0.4588 | cougar_02 horse_02
2026-06-24 17:30:48,513 INFO: avg err:0.6164 | err:0.8044 | cougar_02 horse_03
2026-06-24 17:30:48,725 INFO: avg err:0.6228 | err:0.8350 | cougar_02 horse_04
2026-06-24 17:30:49,007 INFO: avg err:0.6283 | err:0.8140 | cougar_02 horse_05
2026-06-24 17:30:49,219 INFO: avg err:0.6313 | err:0.7380 | cougar_02 horse_06
2026-06-24 17:30:49,494 INFO: avg err:0.6345 | err:0.7473 | cougar_02 horse_07
2026-06-24 17:30:49,705 INFO: avg err:0.6412 | err:0.8913 | cougar_02 horse_08
2026-06-24 17:30:49,993 INFO: avg err:0.6322 | err:0.2879 | cougar_02 horse_09
2026-06-24 17:30:50,205 INFO: avg err:0.6244 | err:0.3232 | cougar_02 horse_10
2026-06-24 17:30:50,482 INFO: avg err:0.6296 | err:0.8365 | cougar_03 cougar_01
2026-06-24 17:30:50,694 INFO: avg err:0.6341 | err:0.8173 | cougar_03 cougar_02
2026-06-24 17:30:50,974 INFO: avg err:0.6193 | err:0.0000 | cougar_03 cougar_03
2026-06-24 17:30:51,185 INFO: avg err:0.6112 | err:0.2604 | cougar_03 cougar_04
2026-06-24 17:30:51,464 INFO: avg err:0.6071 | err:0.4271 | cougar_03 hippo_01
2026-06-24 17:30:51,677 INFO: avg err:0.6034 | err:0.4394 | cougar_03 hippo_02
2026-06-24 17:30:51,963 INFO: avg err:0.6089 | err:0.8612 | cougar_03 hippo_03
2026-06-24 17:30:52,174 INFO: avg err:0.6033 | err:0.3386 | cougar_03 hippo_04
2026-06-24 17:30:52,454 INFO: avg err:0.5972 | err:0.3059 | cougar_03 hippo_05
2026-06-24 17:30:52,666 INFO: avg err:0.5956 | err:0.5146 | cougar_03 hippo_06
2026-06-24 17:30:52,950 INFO: avg err:0.5906 | err:0.3408 | cougar_03 horse_01
2026-06-24 17:30:53,167 INFO: avg err:0.5945 | err:0.7956 | cougar_03 horse_02
2026-06-24 17:30:53,437 INFO: avg err:0.5892 | err:0.3133 | cougar_03 horse_03
2026-06-24 17:30:53,649 INFO: avg err:0.5838 | err:0.2964 | cougar_03 horse_04
2026-06-24 17:30:53,925 INFO: avg err:0.5812 | err:0.4400 | cougar_03 horse_05
2026-06-24 17:30:54,142 INFO: avg err:0.5767 | err:0.3308 | cougar_03 horse_06
2026-06-24 17:30:54,421 INFO: avg err:0.5698 | err:0.1844 | cougar_03 horse_07
2026-06-24 17:30:54,634 INFO: avg err:0.5651 | err:0.2957 | cougar_03 horse_08
2026-06-24 17:30:54,913 INFO: avg err:0.5693 | err:0.8111 | cougar_03 horse_09
2026-06-24 17:30:55,125 INFO: avg err:0.5743 | err:0.8697 | cougar_03 horse_10
2026-06-24 17:30:55,414 INFO: avg err:0.5758 | err:0.6656 | cougar_04 cougar_01
2026-06-24 17:30:55,614 INFO: avg err:0.5783 | err:0.7329 | cougar_04 cougar_02
2026-06-24 17:30:55,901 INFO: avg err:0.5734 | err:0.2703 | cougar_04 cougar_03
2026-06-24 17:30:56,111 INFO: avg err:0.5645 | err:0.0000 | cougar_04 cougar_04
2026-06-24 17:30:56,400 INFO: avg err:0.5596 | err:0.2466 | cougar_04 hippo_01
2026-06-24 17:30:56,599 INFO: avg err:0.5548 | err:0.2463 | cougar_04 hippo_02
2026-06-24 17:30:56,893 INFO: avg err:0.5578 | err:0.7566 | cougar_04 hippo_03
2026-06-24 17:30:57,092 INFO: avg err:0.5536 | err:0.2733 | cougar_04 hippo_04
2026-06-24 17:30:57,384 INFO: avg err:0.5498 | err:0.2874 | cougar_04 hippo_05
2026-06-24 17:30:57,583 INFO: avg err:0.5474 | err:0.3803 | cougar_04 hippo_06
2026-06-24 17:30:57,874 INFO: avg err:0.5432 | err:0.2517 | cougar_04 horse_01
2026-06-24 17:30:58,073 INFO: avg err:0.5459 | err:0.7393 | cougar_04 horse_02
2026-06-24 17:30:58,371 INFO: avg err:0.5416 | err:0.2313 | cougar_04 horse_03
2026-06-24 17:30:58,570 INFO: avg err:0.5374 | err:0.2260 | cougar_04 horse_04
2026-06-24 17:30:58,863 INFO: avg err:0.5356 | err:0.4055 | cougar_04 horse_05
2026-06-24 17:30:59,063 INFO: avg err:0.5319 | err:0.2547 | cougar_04 horse_06
2026-06-24 17:30:59,354 INFO: avg err:0.5278 | err:0.2177 | cougar_04 horse_07
2026-06-24 17:30:59,554 INFO: avg err:0.5246 | err:0.2799 | cougar_04 horse_08
2026-06-24 17:30:59,848 INFO: avg err:0.5260 | err:0.6317 | cougar_04 horse_09
2026-06-24 17:31:00,047 INFO: avg err:0.5287 | err:0.7400 | cougar_04 horse_10
2026-06-24 17:31:00,346 INFO: avg err:0.5307 | err:0.6938 | hippo_01 cougar_01
2026-06-24 17:31:00,545 INFO: avg err:0.5326 | err:0.6849 | hippo_01 cougar_02
2026-06-24 17:31:00,827 INFO: avg err:0.5296 | err:0.2812 | hippo_01 cougar_03
2026-06-24 17:31:01,039 INFO: avg err:0.5256 | err:0.1930 | hippo_01 cougar_04
2026-06-24 17:31:01,323 INFO: avg err:0.5194 | err:0.0000 | hippo_01 hippo_01
2026-06-24 17:31:01,534 INFO: avg err:0.5150 | err:0.1467 | hippo_01 hippo_02
2026-06-24 17:31:01,815 INFO: avg err:0.5160 | err:0.5962 | hippo_01 hippo_03
2026-06-24 17:31:02,026 INFO: avg err:0.5110 | err:0.0788 | hippo_01 hippo_04
2026-06-24 17:31:02,318 INFO: avg err:0.5084 | err:0.2823 | hippo_01 hippo_05
2026-06-24 17:31:02,517 INFO: avg err:0.5044 | err:0.1475 | hippo_01 hippo_06
2026-06-24 17:31:02,811 INFO: avg err:0.5012 | err:0.2072 | hippo_01 horse_01
2026-06-24 17:31:03,010 INFO: avg err:0.5031 | err:0.6832 | hippo_01 horse_02
2026-06-24 17:31:03,303 INFO: avg err:0.5001 | err:0.2189 | hippo_01 horse_03
2026-06-24 17:31:03,504 INFO: avg err:0.4965 | err:0.1667 | hippo_01 horse_04
2026-06-24 17:31:03,795 INFO: avg err:0.4937 | err:0.2282 | hippo_01 horse_05
2026-06-24 17:31:03,995 INFO: avg err:0.4909 | err:0.2262 | hippo_01 horse_06
2026-06-24 17:31:04,275 INFO: avg err:0.4880 | err:0.2099 | hippo_01 horse_07
2026-06-24 17:31:04,485 INFO: avg err:0.4853 | err:0.2193 | hippo_01 horse_08
2026-06-24 17:31:04,769 INFO: avg err:0.4867 | err:0.6222 | hippo_01 horse_09
2026-06-24 17:31:04,980 INFO: avg err:0.4884 | err:0.6631 | hippo_01 horse_10
2026-06-24 17:31:05,260 INFO: avg err:0.4901 | err:0.6530 | hippo_02 cougar_01
2026-06-24 17:31:05,472 INFO: avg err:0.4918 | err:0.6706 | hippo_02 cougar_02
2026-06-24 17:31:05,751 INFO: avg err:0.4899 | err:0.2909 | hippo_02 cougar_03
2026-06-24 17:31:05,963 INFO: avg err:0.4866 | err:0.1453 | hippo_02 cougar_04
2026-06-24 17:31:06,239 INFO: avg err:0.4832 | err:0.1376 | hippo_02 hippo_01
2026-06-24 17:31:06,452 INFO: avg err:0.4787 | err:0.0000 | hippo_02 hippo_02
2026-06-24 17:31:06,730 INFO: avg err:0.4798 | err:0.6005 | hippo_02 hippo_03
2026-06-24 17:31:06,942 INFO: avg err:0.4770 | err:0.1707 | hippo_02 hippo_04
2026-06-24 17:31:07,219 INFO: avg err:0.4745 | err:0.2056 | hippo_02 hippo_05
2026-06-24 17:31:07,431 INFO: avg err:0.4719 | err:0.1885 | hippo_02 hippo_06
2026-06-24 17:31:07,709 INFO: avg err:0.4693 | err:0.1823 | hippo_02 horse_01
2026-06-24 17:31:07,921 INFO: avg err:0.4706 | err:0.6167 | hippo_02 horse_02
2026-06-24 17:31:08,195 INFO: avg err:0.4682 | err:0.2029 | hippo_02 horse_03
2026-06-24 17:31:08,408 INFO: avg err:0.4657 | err:0.1825 | hippo_02 horse_04
2026-06-24 17:31:08,688 INFO: avg err:0.4632 | err:0.1814 | hippo_02 horse_05
2026-06-24 17:31:08,901 INFO: avg err:0.4611 | err:0.2159 | hippo_02 horse_06
2026-06-24 17:31:09,178 INFO: avg err:0.4588 | err:0.1936 | hippo_02 horse_07
2026-06-24 17:31:09,390 INFO: avg err:0.4568 | err:0.2266 | hippo_02 horse_08
2026-06-24 17:31:09,669 INFO: avg err:0.4574 | err:0.5282 | hippo_02 horse_09
2026-06-24 17:31:09,883 INFO: avg err:0.4587 | err:0.6102 | hippo_02 horse_10
2026-06-24 17:31:10,158 INFO: avg err:0.4572 | err:0.2788 | hippo_03 cougar_01
2026-06-24 17:31:10,371 INFO: avg err:0.4554 | err:0.2299 | hippo_03 cougar_02
2026-06-24 17:31:10,646 INFO: avg err:0.4573 | err:0.6870 | hippo_03 cougar_03
2026-06-24 17:31:10,858 INFO: avg err:0.4571 | err:0.4401 | hippo_03 cougar_04
2026-06-24 17:31:11,140 INFO: avg err:0.4583 | err:0.6105 | hippo_03 hippo_01
2026-06-24 17:31:11,353 INFO: avg err:0.4590 | err:0.5428 | hippo_03 hippo_02
2026-06-24 17:31:11,635 INFO: avg err:0.4554 | err:0.0000 | hippo_03 hippo_03
2026-06-24 17:31:11,847 INFO: avg err:0.4567 | err:0.6251 | hippo_03 hippo_04
2026-06-24 17:31:12,120 INFO: avg err:0.4583 | err:0.6587 | hippo_03 hippo_05
2026-06-24 17:31:12,331 INFO: avg err:0.4578 | err:0.3886 | hippo_03 hippo_06
2026-06-24 17:31:12,615 INFO: avg err:0.4591 | err:0.6339 | hippo_03 horse_01
2026-06-24 17:31:12,828 INFO: avg err:0.4581 | err:0.3233 | hippo_03 horse_02
2026-06-24 17:31:13,109 INFO: avg err:0.4593 | err:0.6252 | hippo_03 horse_03
2026-06-24 17:31:13,321 INFO: avg err:0.4606 | err:0.6245 | hippo_03 horse_04
2026-06-24 17:31:13,594 INFO: avg err:0.4608 | err:0.4972 | hippo_03 horse_05
2026-06-24 17:31:13,808 INFO: avg err:0.4621 | err:0.6399 | hippo_03 horse_06
2026-06-24 17:31:14,083 INFO: avg err:0.4631 | err:0.5919 | hippo_03 horse_07
2026-06-24 17:31:14,294 INFO: avg err:0.4643 | err:0.6268 | hippo_03 horse_08
2026-06-24 17:31:14,576 INFO: avg err:0.4634 | err:0.3484 | hippo_03 horse_09
2026-06-24 17:31:14,789 INFO: avg err:0.4632 | err:0.4282 | hippo_03 horse_10
2026-06-24 17:31:15,070 INFO: avg err:0.4647 | err:0.6813 | hippo_04 cougar_01
2026-06-24 17:31:15,282 INFO: avg err:0.4662 | err:0.6699 | hippo_04 cougar_02
2026-06-24 17:31:15,558 INFO: avg err:0.4642 | err:0.1875 | hippo_04 cougar_03
2026-06-24 17:31:15,770 INFO: avg err:0.4625 | err:0.2071 | hippo_04 cougar_04
2026-06-24 17:31:16,050 INFO: avg err:0.4600 | err:0.1008 | hippo_04 hippo_01
2026-06-24 17:31:16,263 INFO: avg err:0.4582 | err:0.1978 | hippo_04 hippo_02
2026-06-24 17:31:16,538 INFO: avg err:0.4591 | err:0.5948 | hippo_04 hippo_03
2026-06-24 17:31:16,750 INFO: avg err:0.4560 | err:0.0000 | hippo_04 hippo_04
2026-06-24 17:31:17,034 INFO: avg err:0.4540 | err:0.1629 | hippo_04 hippo_05
2026-06-24 17:31:17,246 INFO: avg err:0.4526 | err:0.2450 | hippo_04 hippo_06
2026-06-24 17:31:17,526 INFO: avg err:0.4512 | err:0.2342 | hippo_04 horse_01
2026-06-24 17:31:17,737 INFO: avg err:0.4527 | err:0.6860 | hippo_04 horse_02
2026-06-24 17:31:18,022 INFO: avg err:0.4504 | err:0.0959 | hippo_04 horse_03
2026-06-24 17:31:18,233 INFO: avg err:0.4485 | err:0.1653 | hippo_04 horse_04
2026-06-24 17:31:18,512 INFO: avg err:0.4473 | err:0.2501 | hippo_04 horse_05
2026-06-24 17:31:18,724 INFO: avg err:0.4453 | err:0.1468 | hippo_04 horse_06
2026-06-24 17:31:19,004 INFO: avg err:0.4435 | err:0.1591 | hippo_04 horse_07
2026-06-24 17:31:19,214 INFO: avg err:0.4419 | err:0.1845 | hippo_04 horse_08
2026-06-24 17:31:19,503 INFO: avg err:0.4426 | err:0.5612 | hippo_04 horse_09
2026-06-24 17:31:19,715 INFO: avg err:0.4436 | err:0.6058 | hippo_04 horse_10
2026-06-24 17:31:20,004 INFO: avg err:0.4451 | err:0.6795 | hippo_05 cougar_01
2026-06-24 17:31:20,204 INFO: avg err:0.4466 | err:0.6852 | hippo_05 cougar_02
2026-06-24 17:31:20,483 INFO: avg err:0.4451 | err:0.2032 | hippo_05 cougar_03
2026-06-24 17:31:20,694 INFO: avg err:0.4436 | err:0.1957 | hippo_05 cougar_04
2026-06-24 17:31:20,989 INFO: avg err:0.4425 | err:0.2688 | hippo_05 hippo_01
2026-06-24 17:31:21,190 INFO: avg err:0.4410 | err:0.1852 | hippo_05 hippo_02
2026-06-24 17:31:21,471 INFO: avg err:0.4425 | err:0.7045 | hippo_05 hippo_03
2026-06-24 17:31:21,683 INFO: avg err:0.4411 | err:0.1980 | hippo_05 hippo_04
2026-06-24 17:31:21,977 INFO: avg err:0.4385 | err:0.0000 | hippo_05 hippo_05
2026-06-24 17:31:22,177 INFO: avg err:0.4383 | err:0.4065 | hippo_05 hippo_06
2026-06-24 17:31:22,480 INFO: avg err:0.4364 | err:0.1219 | hippo_05 horse_01
2026-06-24 17:31:22,680 INFO: avg err:0.4373 | err:0.5832 | hippo_05 horse_02
2026-06-24 17:31:22,973 INFO: avg err:0.4357 | err:0.1536 | hippo_05 horse_03
2026-06-24 17:31:23,173 INFO: avg err:0.4342 | err:0.1858 | hippo_05 horse_04
2026-06-24 17:31:23,464 INFO: avg err:0.4336 | err:0.3215 | hippo_05 horse_05
2026-06-24 17:31:23,665 INFO: avg err:0.4322 | err:0.1891 | hippo_05 horse_06
2026-06-24 17:31:23,951 INFO: avg err:0.4310 | err:0.2238 | hippo_05 horse_07
2026-06-24 17:31:24,152 INFO: avg err:0.4302 | err:0.2796 | hippo_05 horse_08
2026-06-24 17:31:24,449 INFO: avg err:0.4305 | err:0.4937 | hippo_05 horse_09
2026-06-24 17:31:24,650 INFO: avg err:0.4308 | err:0.4889 | hippo_05 horse_10
2026-06-24 17:31:24,937 INFO: avg err:0.4321 | err:0.6645 | hippo_06 cougar_01
2026-06-24 17:31:25,137 INFO: avg err:0.4336 | err:0.6991 | hippo_06 cougar_02
2026-06-24 17:31:25,426 INFO: avg err:0.4330 | err:0.3179 | hippo_06 cougar_03
2026-06-24 17:31:25,626 INFO: avg err:0.4316 | err:0.1911 | hippo_06 cougar_04
2026-06-24 17:31:25,915 INFO: avg err:0.4298 | err:0.0878 | hippo_06 hippo_01
2026-06-24 17:31:26,116 INFO: avg err:0.4284 | err:0.1694 | hippo_06 hippo_02
2026-06-24 17:31:26,406 INFO: avg err:0.4282 | err:0.3939 | hippo_06 hippo_03
2026-06-24 17:31:26,607 INFO: avg err:0.4273 | err:0.2545 | hippo_06 hippo_04
2026-06-24 17:31:26,895 INFO: avg err:0.4268 | err:0.3314 | hippo_06 hippo_05
2026-06-24 17:31:27,095 INFO: avg err:0.4245 | err:0.0000 | hippo_06 hippo_06
2026-06-24 17:31:27,389 INFO: avg err:0.4237 | err:0.2647 | hippo_06 horse_01
2026-06-24 17:31:27,589 INFO: avg err:0.4252 | err:0.7113 | hippo_06 horse_02
2026-06-24 17:31:27,882 INFO: avg err:0.4244 | err:0.2690 | hippo_06 horse_03
2026-06-24 17:31:28,083 INFO: avg err:0.4235 | err:0.2631 | hippo_06 horse_04
2026-06-24 17:31:28,359 INFO: avg err:0.4221 | err:0.1446 | hippo_06 horse_05
2026-06-24 17:31:28,571 INFO: avg err:0.4216 | err:0.3221 | hippo_06 horse_06
2026-06-24 17:31:28,872 INFO: avg err:0.4209 | err:0.2841 | hippo_06 horse_07
2026-06-24 17:31:29,073 INFO: avg err:0.4205 | err:0.3312 | hippo_06 horse_08
2026-06-24 17:31:29,357 INFO: avg err:0.4214 | err:0.6164 | hippo_06 horse_09
2026-06-24 17:31:29,557 INFO: avg err:0.4227 | err:0.6672 | hippo_06 horse_10
2026-06-24 17:31:29,851 INFO: avg err:0.4247 | err:0.8401 | horse_01 cougar_01
2026-06-24 17:31:30,051 INFO: avg err:0.4270 | err:0.8776 | horse_01 cougar_02
2026-06-24 17:31:30,343 INFO: avg err:0.4265 | err:0.3313 | horse_01 cougar_03
2026-06-24 17:31:30,543 INFO: avg err:0.4259 | err:0.2978 | horse_01 cougar_04
2026-06-24 17:31:30,825 INFO: avg err:0.4260 | err:0.4457 | horse_01 hippo_01
2026-06-24 17:31:31,038 INFO: avg err:0.4248 | err:0.1837 | horse_01 hippo_02
2026-06-24 17:31:31,329 INFO: avg err:0.4269 | err:0.8677 | horse_01 hippo_03
2026-06-24 17:31:31,530 INFO: avg err:0.4268 | err:0.3947 | horse_01 hippo_04
2026-06-24 17:31:31,812 INFO: avg err:0.4255 | err:0.1612 | horse_01 hippo_05
2026-06-24 17:31:32,013 INFO: avg err:0.4261 | err:0.5518 | horse_01 hippo_06
2026-06-24 17:31:32,307 INFO: avg err:0.4241 | err:0.0000 | horse_01 horse_01
2026-06-24 17:31:32,508 INFO: avg err:0.4250 | err:0.6181 | horse_01 horse_02
2026-06-24 17:31:32,805 INFO: avg err:0.4247 | err:0.3557 | horse_01 horse_03
2026-06-24 17:31:33,005 INFO: avg err:0.4235 | err:0.1645 | horse_01 horse_04
2026-06-24 17:31:33,280 INFO: avg err:0.4231 | err:0.3324 | horse_01 horse_05
2026-06-24 17:31:33,491 INFO: avg err:0.4228 | err:0.3610 | horse_01 horse_06
2026-06-24 17:31:33,773 INFO: avg err:0.4223 | err:0.3227 | horse_01 horse_07
2026-06-24 17:31:33,984 INFO: avg err:0.4215 | err:0.2501 | horse_01 horse_08
2026-06-24 17:31:34,278 INFO: avg err:0.4226 | err:0.6633 | horse_01 horse_09
2026-06-24 17:31:34,478 INFO: avg err:0.4237 | err:0.6674 | horse_01 horse_10
2026-06-24 17:31:34,769 INFO: avg err:0.4226 | err:0.1765 | horse_02 cougar_01
2026-06-24 17:31:34,969 INFO: avg err:0.4218 | err:0.2358 | horse_02 cougar_02
2026-06-24 17:31:35,250 INFO: avg err:0.4239 | err:0.8889 | horse_02 cougar_03
2026-06-24 17:31:35,460 INFO: avg err:0.4261 | err:0.9213 | horse_02 cougar_04
2026-06-24 17:31:35,750 INFO: avg err:0.4281 | err:0.8810 | horse_02 hippo_01
2026-06-24 17:31:35,950 INFO: avg err:0.4300 | err:0.8549 | horse_02 hippo_02
2026-06-24 17:31:36,247 INFO: avg err:0.4304 | err:0.5202 | horse_02 hippo_03
2026-06-24 17:31:36,447 INFO: avg err:0.4323 | err:0.8672 | horse_02 hippo_04
2026-06-24 17:31:36,733 INFO: avg err:0.4334 | err:0.6802 | horse_02 hippo_05
2026-06-24 17:31:36,933 INFO: avg err:0.4353 | err:0.8722 | horse_02 hippo_06
2026-06-24 17:31:37,228 INFO: avg err:0.4365 | err:0.7099 | horse_02 horse_01
2026-06-24 17:31:37,428 INFO: avg err:0.4346 | err:0.0000 | horse_02 horse_02
2026-06-24 17:31:37,722 INFO: avg err:0.4360 | err:0.7588 | horse_02 horse_03
2026-06-24 17:31:37,922 INFO: avg err:0.4375 | err:0.7982 | horse_02 horse_04
2026-06-24 17:31:38,212 INFO: avg err:0.4394 | err:0.8814 | horse_02 horse_05
2026-06-24 17:31:38,412 INFO: avg err:0.4407 | err:0.7418 | horse_02 horse_06
2026-06-24 17:31:38,713 INFO: avg err:0.4422 | err:0.7836 | horse_02 horse_07
2026-06-24 17:31:38,915 INFO: avg err:0.4428 | err:0.6048 | horse_02 horse_08
2026-06-24 17:31:39,200 INFO: avg err:0.4424 | err:0.3465 | horse_02 horse_09
2026-06-24 17:31:39,400 INFO: avg err:0.4417 | err:0.2738 | horse_02 horse_10
2026-06-24 17:31:39,681 INFO: avg err:0.4433 | err:0.8098 | horse_03 cougar_01
2026-06-24 17:31:39,892 INFO: avg err:0.4448 | err:0.8072 | horse_03 cougar_02
2026-06-24 17:31:40,174 INFO: avg err:0.4436 | err:0.1631 | horse_03 cougar_03
2026-06-24 17:31:40,386 INFO: avg err:0.4426 | err:0.2060 | horse_03 cougar_04
2026-06-24 17:31:40,676 INFO: avg err:0.4424 | err:0.3854 | horse_03 hippo_01
2026-06-24 17:31:40,876 INFO: avg err:0.4420 | err:0.3505 | horse_03 hippo_02
2026-06-24 17:31:41,165 INFO: avg err:0.4436 | err:0.8379 | horse_03 hippo_03
2026-06-24 17:31:41,365 INFO: avg err:0.4435 | err:0.4067 | horse_03 hippo_04
2026-06-24 17:31:41,662 INFO: avg err:0.4424 | err:0.1818 | horse_03 hippo_05
2026-06-24 17:31:41,863 INFO: avg err:0.4425 | err:0.4563 | horse_03 hippo_06
2026-06-24 17:31:42,156 INFO: avg err:0.4420 | err:0.3099 | horse_03 horse_01
2026-06-24 17:31:42,355 INFO: avg err:0.4432 | err:0.7498 | horse_03 horse_02
2026-06-24 17:31:42,653 INFO: avg err:0.4414 | err:0.0000 | horse_03 horse_03
2026-06-24 17:31:42,853 INFO: avg err:0.4401 | err:0.1112 | horse_03 horse_04
2026-06-24 17:31:43,138 INFO: avg err:0.4400 | err:0.4151 | horse_03 horse_05
2026-06-24 17:31:43,338 INFO: avg err:0.4385 | err:0.0445 | horse_03 horse_06
2026-06-24 17:31:43,629 INFO: avg err:0.4376 | err:0.2163 | horse_03 horse_07
2026-06-24 17:31:43,829 INFO: avg err:0.4370 | err:0.2888 | horse_03 horse_08
2026-06-24 17:31:44,120 INFO: avg err:0.4380 | err:0.6820 | horse_03 horse_09
2026-06-24 17:31:44,321 INFO: avg err:0.4385 | err:0.5696 | horse_03 horse_10
2026-06-24 17:31:44,615 INFO: avg err:0.4400 | err:0.8428 | horse_04 cougar_01
2026-06-24 17:31:44,816 INFO: avg err:0.4415 | err:0.8316 | horse_04 cougar_02
2026-06-24 17:31:45,107 INFO: avg err:0.4408 | err:0.2532 | horse_04 cougar_03
2026-06-24 17:31:45,307 INFO: avg err:0.4404 | err:0.3234 | horse_04 cougar_04
2026-06-24 17:31:45,596 INFO: avg err:0.4400 | err:0.3461 | horse_04 hippo_01
2026-06-24 17:31:45,797 INFO: avg err:0.4394 | err:0.2861 | horse_04 hippo_02
2026-06-24 17:31:46,096 INFO: avg err:0.4411 | err:0.8845 | horse_04 hippo_03
2026-06-24 17:31:46,296 INFO: avg err:0.4407 | err:0.3202 | horse_04 hippo_04
2026-06-24 17:31:46,592 INFO: avg err:0.4402 | err:0.3245 | horse_04 hippo_05
2026-06-24 17:31:46,792 INFO: avg err:0.4404 | err:0.4955 | horse_04 hippo_06
2026-06-24 17:31:47,084 INFO: avg err:0.4395 | err:0.1860 | horse_04 horse_01
2026-06-24 17:31:47,285 INFO: avg err:0.4408 | err:0.8004 | horse_04 horse_02
2026-06-24 17:31:47,582 INFO: avg err:0.4400 | err:0.2103 | horse_04 horse_03
2026-06-24 17:31:47,782 INFO: avg err:0.4384 | err:0.0000 | horse_04 horse_04
2026-06-24 17:31:48,074 INFO: avg err:0.4381 | err:0.3511 | horse_04 horse_05
2026-06-24 17:31:48,274 INFO: avg err:0.4373 | err:0.2223 | horse_04 horse_06
2026-06-24 17:31:48,582 INFO: avg err:0.4367 | err:0.2735 | horse_04 horse_07
2026-06-24 17:31:48,782 INFO: avg err:0.4364 | err:0.3584 | horse_04 horse_08
2026-06-24 17:31:49,058 INFO: avg err:0.4375 | err:0.7414 | horse_04 horse_09
2026-06-24 17:31:49,258 INFO: avg err:0.4385 | err:0.7095 | horse_04 horse_10
2026-06-24 17:31:49,551 INFO: avg err:0.4402 | err:0.9344 | horse_05 cougar_01
2026-06-24 17:31:49,751 INFO: avg err:0.4420 | err:0.9487 | horse_05 cougar_02
2026-06-24 17:31:50,044 INFO: avg err:0.4422 | err:0.4752 | horse_05 cougar_03
2026-06-24 17:31:50,246 INFO: avg err:0.4418 | err:0.3396 | horse_05 cougar_04
2026-06-24 17:31:50,534 INFO: avg err:0.4414 | err:0.3329 | horse_05 hippo_01
2026-06-24 17:31:50,734 INFO: avg err:0.4403 | err:0.1314 | horse_05 hippo_02
2026-06-24 17:31:51,029 INFO: avg err:0.4414 | err:0.7558 | horse_05 hippo_03
2026-06-24 17:31:51,229 INFO: avg err:0.4413 | err:0.4110 | horse_05 hippo_04
2026-06-24 17:31:51,524 INFO: avg err:0.4412 | err:0.3942 | horse_05 hippo_05
2026-06-24 17:31:51,725 INFO: avg err:0.4404 | err:0.2235 | horse_05 hippo_06
2026-06-24 17:31:52,015 INFO: avg err:0.4396 | err:0.2162 | horse_05 horse_01
2026-06-24 17:31:52,215 INFO: avg err:0.4413 | err:0.9166 | horse_05 horse_02
2026-06-24 17:31:52,507 INFO: avg err:0.4409 | err:0.3325 | horse_05 horse_03
2026-06-24 17:31:52,707 INFO: avg err:0.4404 | err:0.2894 | horse_05 horse_04
2026-06-24 17:31:53,003 INFO: avg err:0.4389 | err:0.0000 | horse_05 horse_05
2026-06-24 17:31:53,203 INFO: avg err:0.4389 | err:0.4472 | horse_05 horse_06
2026-06-24 17:31:53,497 INFO: avg err:0.4390 | err:0.4659 | horse_05 horse_07
2026-06-24 17:31:53,697 INFO: avg err:0.4388 | err:0.3823 | horse_05 horse_08
2026-06-24 17:31:53,990 INFO: avg err:0.4399 | err:0.7517 | horse_05 horse_09
2026-06-24 17:31:54,190 INFO: avg err:0.4412 | err:0.8426 | horse_05 horse_10
2026-06-24 17:31:54,486 INFO: avg err:0.4423 | err:0.7829 | horse_06 cougar_01
2026-06-24 17:31:54,686 INFO: avg err:0.4436 | err:0.8250 | horse_06 cougar_02
2026-06-24 17:31:54,979 INFO: avg err:0.4431 | err:0.2935 | horse_06 cougar_03
2026-06-24 17:31:55,179 INFO: avg err:0.4424 | err:0.2317 | horse_06 cougar_04
2026-06-24 17:31:55,478 INFO: avg err:0.4419 | err:0.2960 | horse_06 hippo_01
2026-06-24 17:31:55,678 INFO: avg err:0.4415 | err:0.2948 | horse_06 hippo_02
2026-06-24 17:31:55,967 INFO: avg err:0.4423 | err:0.7070 | horse_06 hippo_03
2026-06-24 17:31:56,167 INFO: avg err:0.4417 | err:0.2616 | horse_06 hippo_04
2026-06-24 17:31:56,462 INFO: avg err:0.4411 | err:0.2377 | horse_06 hippo_05
2026-06-24 17:31:56,662 INFO: avg err:0.4411 | err:0.4370 | horse_06 hippo_06
2026-06-24 17:31:56,948 INFO: avg err:0.4407 | err:0.3203 | horse_06 horse_01
2026-06-24 17:31:57,161 INFO: avg err:0.4415 | err:0.7080 | horse_06 horse_02
2026-06-24 17:31:57,439 INFO: avg err:0.4403 | err:0.0412 | horse_06 horse_03
2026-06-24 17:31:57,651 INFO: avg err:0.4394 | err:0.1883 | horse_06 horse_04
2026-06-24 17:31:57,936 INFO: avg err:0.4396 | err:0.4979 | horse_06 horse_05
2026-06-24 17:31:58,147 INFO: avg err:0.4382 | err:0.0000 | horse_06 horse_06
2026-06-24 17:31:58,426 INFO: avg err:0.4373 | err:0.1254 | horse_06 horse_07
2026-06-24 17:31:58,639 INFO: avg err:0.4368 | err:0.2820 | horse_06 horse_08
2026-06-24 17:31:58,918 INFO: avg err:0.4372 | err:0.5741 | horse_06 horse_09
2026-06-24 17:31:59,131 INFO: avg err:0.4378 | err:0.6355 | horse_06 horse_10
2026-06-24 17:31:59,406 INFO: avg err:0.4390 | err:0.8054 | horse_07 cougar_01
2026-06-24 17:31:59,619 INFO: avg err:0.4402 | err:0.8405 | horse_07 cougar_02
2026-06-24 17:31:59,900 INFO: avg err:0.4396 | err:0.2405 | horse_07 cougar_03
2026-06-24 17:32:00,113 INFO: avg err:0.4390 | err:0.2466 | horse_07 cougar_04
2026-06-24 17:32:00,386 INFO: avg err:0.4388 | err:0.3693 | horse_07 hippo_01
2026-06-24 17:32:00,597 INFO: avg err:0.4383 | err:0.2736 | horse_07 hippo_02
2026-06-24 17:32:00,886 INFO: avg err:0.4390 | err:0.6660 | horse_07 hippo_03
2026-06-24 17:32:01,107 INFO: avg err:0.4386 | err:0.3251 | horse_07 hippo_04
2026-06-24 17:32:01,375 INFO: avg err:0.4380 | err:0.2229 | horse_07 hippo_05
2026-06-24 17:32:01,589 INFO: avg err:0.4378 | err:0.3871 | horse_07 hippo_06
2026-06-24 17:32:01,868 INFO: avg err:0.4372 | err:0.2375 | horse_07 horse_01
2026-06-24 17:32:02,081 INFO: avg err:0.4382 | err:0.7548 | horse_07 horse_02
2026-06-24 17:32:02,362 INFO: avg err:0.4374 | err:0.1719 | horse_07 horse_03
2026-06-24 17:32:02,583 INFO: avg err:0.4366 | err:0.1655 | horse_07 horse_04
2026-06-24 17:32:02,867 INFO: avg err:0.4364 | err:0.3916 | horse_07 horse_05
2026-06-24 17:32:03,068 INFO: avg err:0.4353 | err:0.0696 | horse_07 horse_06
2026-06-24 17:32:03,356 INFO: avg err:0.4340 | err:0.0000 | horse_07 horse_07
2026-06-24 17:32:03,556 INFO: avg err:0.4333 | err:0.2011 | horse_07 horse_08
2026-06-24 17:32:03,839 INFO: avg err:0.4338 | err:0.5708 | horse_07 horse_09
2026-06-24 17:32:04,052 INFO: avg err:0.4350 | err:0.8540 | horse_07 horse_10
2026-06-24 17:32:04,328 INFO: avg err:0.4358 | err:0.6987 | horse_08 cougar_01
2026-06-24 17:32:04,541 INFO: avg err:0.4363 | err:0.6131 | horse_08 cougar_02
2026-06-24 17:32:04,825 INFO: avg err:0.4360 | err:0.3354 | horse_08 cougar_03
2026-06-24 17:32:05,026 INFO: avg err:0.4357 | err:0.3217 | horse_08 cougar_04
2026-06-24 17:32:05,314 INFO: avg err:0.4355 | err:0.3811 | horse_08 hippo_01
2026-06-24 17:32:05,516 INFO: avg err:0.4353 | err:0.3720 | horse_08 hippo_02
2026-06-24 17:32:05,806 INFO: avg err:0.4360 | err:0.6800 | horse_08 hippo_03
2026-06-24 17:32:06,007 INFO: avg err:0.4360 | err:0.4209 | horse_08 hippo_04
2026-06-24 17:32:06,298 INFO: avg err:0.4355 | err:0.2741 | horse_08 hippo_05
2026-06-24 17:32:06,500 INFO: avg err:0.4356 | err:0.4627 | horse_08 hippo_06
2026-06-24 17:32:06,776 INFO: avg err:0.4351 | err:0.2600 | horse_08 horse_01
2026-06-24 17:32:06,989 INFO: avg err:0.4359 | err:0.7159 | horse_08 horse_02
2026-06-24 17:32:07,263 INFO: avg err:0.4357 | err:0.3717 | horse_08 horse_03
2026-06-24 17:32:07,477 INFO: avg err:0.4355 | err:0.3512 | horse_08 horse_04
2026-06-24 17:32:07,752 INFO: avg err:0.4356 | err:0.4825 | horse_08 horse_05
2026-06-24 17:32:07,966 INFO: avg err:0.4352 | err:0.2849 | horse_08 horse_06
2026-06-24 17:32:08,247 INFO: avg err:0.4344 | err:0.1620 | horse_08 horse_07
2026-06-24 17:32:08,458 INFO: avg err:0.4332 | err:0.0000 | horse_08 horse_08
2026-06-24 17:32:08,735 INFO: avg err:0.4331 | err:0.4004 | horse_08 horse_09
2026-06-24 17:32:08,947 INFO: avg err:0.4335 | err:0.5863 | horse_08 horse_10
2026-06-24 17:32:09,222 INFO: avg err:0.4331 | err:0.2814 | horse_09 cougar_01
2026-06-24 17:32:09,433 INFO: avg err:0.4327 | err:0.2921 | horse_09 cougar_02
2026-06-24 17:32:09,710 INFO: avg err:0.4334 | err:0.6808 | horse_09 cougar_03
2026-06-24 17:32:09,923 INFO: avg err:0.4338 | err:0.5846 | horse_09 cougar_04
2026-06-24 17:32:10,239 INFO: avg err:0.4347 | err:0.7592 | horse_09 hippo_01
2026-06-24 17:32:10,441 INFO: avg err:0.4354 | err:0.6842 | horse_09 hippo_02
2026-06-24 17:32:10,731 INFO: avg err:0.4355 | err:0.4879 | horse_09 hippo_03
2026-06-24 17:32:10,931 INFO: avg err:0.4365 | err:0.7844 | horse_09 hippo_04
2026-06-24 17:32:11,225 INFO: avg err:0.4367 | err:0.5131 | horse_09 hippo_05
2026-06-24 17:32:11,427 INFO: avg err:0.4374 | err:0.6882 | horse_09 hippo_06
2026-06-24 17:32:11,717 INFO: avg err:0.4377 | err:0.5746 | horse_09 horse_01
2026-06-24 17:32:11,918 INFO: avg err:0.4376 | err:0.3736 | horse_09 horse_02
2026-06-24 17:32:12,205 INFO: avg err:0.4378 | err:0.5187 | horse_09 horse_03
2026-06-24 17:32:12,406 INFO: avg err:0.4387 | err:0.7843 | horse_09 horse_04
2026-06-24 17:32:12,701 INFO: avg err:0.4394 | err:0.6860 | horse_09 horse_05
2026-06-24 17:32:12,903 INFO: avg err:0.4395 | err:0.5069 | horse_09 horse_06
2026-06-24 17:32:13,192 INFO: avg err:0.4399 | err:0.5866 | horse_09 horse_07
2026-06-24 17:32:13,393 INFO: avg err:0.4399 | err:0.4133 | horse_09 horse_08
2026-06-24 17:32:13,683 INFO: avg err:0.4387 | err:0.0000 | horse_09 horse_09
2026-06-24 17:32:13,884 INFO: avg err:0.4382 | err:0.2491 | horse_09 horse_10
2026-06-24 17:32:14,170 INFO: avg err:0.4381 | err:0.3846 | horse_10 cougar_01
2026-06-24 17:32:14,384 INFO: avg err:0.4380 | err:0.4029 | horse_10 cougar_02
2026-06-24 17:32:14,664 INFO: avg err:0.4389 | err:0.7991 | horse_10 cougar_03
2026-06-24 17:32:14,878 INFO: avg err:0.4400 | err:0.8419 | horse_10 cougar_04
2026-06-24 17:32:15,163 INFO: avg err:0.4410 | err:0.8417 | horse_10 hippo_01
2026-06-24 17:32:15,365 INFO: avg err:0.4421 | err:0.8426 | horse_10 hippo_02
2026-06-24 17:32:15,656 INFO: avg err:0.4428 | err:0.7476 | horse_10 hippo_03
2026-06-24 17:32:15,858 INFO: avg err:0.4439 | err:0.8486 | horse_10 hippo_04
2026-06-24 17:32:16,142 INFO: avg err:0.4444 | err:0.6458 | horse_10 hippo_05
2026-06-24 17:32:16,355 INFO: avg err:0.4455 | err:0.8625 | horse_10 hippo_06
2026-06-24 17:32:16,639 INFO: avg err:0.4458 | err:0.5767 | horse_10 horse_01
2026-06-24 17:32:16,853 INFO: avg err:0.4454 | err:0.3008 | horse_10 horse_02
2026-06-24 17:32:17,131 INFO: avg err:0.4456 | err:0.5091 | horse_10 horse_03
2026-06-24 17:32:17,345 INFO: avg err:0.4464 | err:0.7518 | horse_10 horse_04
2026-06-24 17:32:17,630 INFO: avg err:0.4473 | err:0.8271 | horse_10 horse_05
2026-06-24 17:32:17,843 INFO: avg err:0.4477 | err:0.5739 | horse_10 horse_06
2026-06-24 17:32:18,111 INFO: avg err:0.4487 | err:0.8612 | horse_10 horse_07
2026-06-24 17:32:18,325 INFO: avg err:0.4494 | err:0.7094 | horse_10 horse_08
2026-06-24 17:32:18,586 INFO: avg err:0.4488 | err:0.2345 | horse_10 horse_09
2026-06-24 17:32:18,786 INFO: avg err:0.4477 | err:0.0000 | horse_10 horse_10
2026-06-24 17:32:18,820 INFO: Avg time: 0.0699
2026-06-24 17:32:19,197 INFO: Val auc: 0.2549
2026-06-24 17:32:19,200 INFO: Val avg error: 0.4477
2026-06-24 17:32:19,234 INFO: [ONB diag] max|Q-I|: mean=1.1279e-01 max=1.1719e-01 | max|Φ̃ᵀMΦ̃-I|: mean=7.2628e-07 max=9.5367e-07
2026-06-24 17:32:19,235 INFO: Save the best model.
