2026-06-29 23:07:07,086 INFO: 
Version Information: 
	Python: 3.10.20
	PyTorch: 2.3.0+cu121
	TorchVision: 0.18.0+cu121
2026-06-29 23:07:07,087 INFO: 
  backend: dp
  type: ONB_ULRSSM_Model
  num_gpu: 1
  manual_seed: 1234
  non-isometric: False
  partial: False
  path:[
    resume_state: None
    experiments_root: /home/ioana/cortex_project/LearningBasis/DeepShapeMatchingKit/experiments/ulrssm/smal_onb_wks_qreg10
    models: /home/ioana/cortex_project/LearningBasis/DeepShapeMatchingKit/experiments/ulrssm/smal_onb_wks_qreg10/models
    log: /home/ioana/cortex_project/LearningBasis/DeepShapeMatchingKit/experiments/ulrssm/smal_onb_wks_qreg10/log
  ]
  datasets:[
    train_dataset:[
      name: SmalTrain
      type: PairSmalDataset
      phase: train
      data_root: ../data/SMAL_r/
      category: True
      return_evecs: True
      return_faces: True
      num_evecs: 200
      return_corr: False
      return_dist: False
    ]
    test_dataset:[
      name: SmalVal
      type: PairSmalDataset
      phase: test
      data_root: ../data/SMAL_r/
      category: True
      return_evecs: True
      return_faces: True
      num_evecs: 200
      return_corr: True
      return_dist: True
    ]
    batch_size: 1
    num_worker: 1
  ]
  networks:[
    feature_extractor:[
      type: DiffusionNet_B
      in_channels: 128
      out_channels: 256
      input_type: wks
    ]
    onb_correction:[
      type: CayleyONBCorrection
      feature_dim: 256
      rank: 16
      num_steps: 20
      bypass: False
    ]
    fmap_net:[
      type: FasterRegularizedFMNet
      bidirectional: True
    ]
    permutation:[
      type: Similarity
      tau: 0.07
    ]
  ]
  train:[
    total_epochs: 20
    q_identity_reg_weight: 10.0
    optims:[
      feature_extractor:[
        type: Adam
        lr: 0.001
      ]
      onb_correction:[
        type: Adam
        lr: 0.001
      ]
    ]
    schedulers:[
      feature_extractor:[
        type: CosineAnnealingLR
        eta_min: 0.0001
        T_max: 20
      ]
      onb_correction:[
        type: CosineAnnealingLR
        eta_min: 0.0001
        T_max: 20
      ]
    ]
    losses:[
      surfmnet_loss:[
        type: SURFMNetLoss
        w_bij: 1.0
        w_orth: 1.0
        w_lap: 0.0
      ]
      align_loss:[
        type: SquaredFrobeniusLoss
        loss_weight: 1.0
      ]
    ]
  ]
  val:[
    val_freq: 2000
    metrics:[
      geo_error:[
        type: calculate_geodesic_error
      ]
      plot_pck:[
        type: plot_pck
      ]
    ]
  ]
  logger:[
    print_freq: 20
    save_checkpoint_freq: 2000
  ]
  name: smal_onb_wks_qreg10
  is_train: True
  dist: False
  rank: 0
  world_size: 1
  root_path: /home/ioana/cortex_project/LearningBasis/DeepShapeMatchingKit

2026-06-29 23:07:07,088 INFO: Dataset [PairSmalDataset]-[SmalTrain] is built.
2026-06-29 23:07:07,088 INFO: Dataset [PairSmalDataset]-[SmalVal] is built.
2026-06-29 23:07:07,088 INFO: Training statistics:
	Number of train images: 841
	Dataset enlarge ratio: 1
	Batch size: 1
	World size (gpu number): 1
	Require iter number per epoch: 841
	Total epochs: 20; iters: 16820.
2026-06-29 23:07:07,089 INFO: Validation statistics:
	Number of val images: 400
2026-06-29 23:07:07,117 INFO: Network [DiffusionNet_B] is created.
2026-06-29 23:07:07,119 INFO: Network [CayleyONBCorrection] is created.
2026-06-29 23:07:07,119 INFO: Network [FasterRegularizedFMNet] is created.
2026-06-29 23:07:07,119 INFO: Network [Similarity] is created.
2026-06-29 23:07:07,199 INFO: Network: DiffusionNet_B, with parameters: 510,336
2026-06-29 23:07:07,200 INFO: Network: CayleyONBCorrection, with parameters: 79,872
2026-06-29 23:07:07,200 INFO: Network: FasterRegularizedFMNet, with parameters: 0
2026-06-29 23:07:07,200 INFO: Network: Similarity, with parameters: 0
2026-06-29 23:07:07,200 INFO: Metric [function] is created.
2026-06-29 23:07:07,200 INFO: Metric [function] is created.
2026-06-29 23:07:07,201 INFO: Network fmap_net has no param to optimize. Ignore it.
2026-06-29 23:07:07,202 INFO: Network permutation has no param to optimize. Ignore it.
2026-06-29 23:07:07,202 INFO: Loss [SURFMNetLoss] is created.
2026-06-29 23:07:07,202 INFO: Loss [SquaredFrobeniusLoss] is created.
2026-06-29 23:07:07,208 INFO: Model [ONB_ULRSSM_Model] is created.
2026-06-29 23:07:07,208 INFO: Start training from epoch: 0, iter: 0
2026-06-29 23:07:14,279 INFO: [smal_..][epoch:  1, iter:      20, lr:(1.000e-03,1.000e-03,)][eta: 1:17:12, time (data): 0.353 (0.024)]l_bij: 2.8904e+02 l_orth: 2.7494e+02 l_align: 9.0187e+01 l_qreg: 3.7499e+00 l_total: 6.5792e+02 
2026-06-29 23:07:20,341 INFO: [smal_..][epoch:  1, iter:      40, lr:(1.000e-03,1.000e-03,)][eta: 1:20:51, time (data): 0.328 (0.019)]l_bij: 2.7943e+02 l_orth: 2.5980e+02 l_align: 1.0478e+02 l_qreg: 1.0748e+00 l_total: 6.4508e+02 
2026-06-29 23:07:26,436 INFO: [smal_..][epoch:  1, iter:      60, lr:(1.000e-03,1.000e-03,)][eta: 1:22:11, time (data): 0.320 (0.017)]l_bij: 2.6336e+02 l_orth: 2.4772e+02 l_align: 1.1675e+02 l_qreg: 1.2630e-01 l_total: 6.2795e+02 
2026-06-29 23:07:32,504 INFO: [smal_..][epoch:  1, iter:      80, lr:(1.000e-03,1.000e-03,)][eta: 1:22:43, time (data): 0.316 (0.016)]l_bij: 2.6157e+02 l_orth: 2.4404e+02 l_align: 1.2755e+02 l_qreg: 1.2886e-01 l_total: 6.3329e+02 
2026-06-29 23:07:38,695 INFO: [smal_..][epoch:  1, iter:     100, lr:(1.000e-03,1.000e-03,)][eta: 1:23:20, time (data): 0.315 (0.016)]l_bij: 2.5987e+02 l_orth: 2.4381e+02 l_align: 1.2235e+02 l_qreg: 6.7612e-02 l_total: 6.2609e+02 
2026-06-29 23:07:44,996 INFO: [smal_..][epoch:  1, iter:     120, lr:(1.000e-03,1.000e-03,)][eta: 1:23:58, time (data): 0.315 (0.015)]l_bij: 2.5640e+02 l_orth: 2.3763e+02 l_align: 1.1987e+02 l_qreg: 1.2770e-01 l_total: 6.1403e+02 
2026-06-29 23:07:51,369 INFO: [smal_..][epoch:  1, iter:     140, lr:(1.000e-03,1.000e-03,)][eta: 1:24:32, time (data): 0.315 (0.015)]l_bij: 2.5388e+02 l_orth: 2.3450e+02 l_align: 1.2496e+02 l_qreg: 1.3074e-01 l_total: 6.1347e+02 
2026-06-29 23:07:57,688 INFO: [smal_..][epoch:  1, iter:     160, lr:(1.000e-03,1.000e-03,)][eta: 1:24:50, time (data): 0.315 (0.015)]l_bij: 2.6054e+02 l_orth: 2.4210e+02 l_align: 1.2330e+02 l_qreg: 1.0957e-01 l_total: 6.2605e+02 
2026-06-29 23:08:03,976 INFO: [smal_..][epoch:  1, iter:     180, lr:(1.000e-03,1.000e-03,)][eta: 1:25:00, time (data): 0.315 (0.015)]l_bij: 2.5414e+02 l_orth: 2.3494e+02 l_align: 1.2119e+02 l_qreg: 9.1021e-02 l_total: 6.1036e+02 
2026-06-29 23:08:10,232 INFO: [smal_..][epoch:  1, iter:     200, lr:(1.000e-03,1.000e-03,)][eta: 1:25:05, time (data): 0.315 (0.015)]l_bij: 2.3114e+02 l_orth: 2.1826e+02 l_align: 1.3513e+02 l_qreg: 1.0100e-01 l_total: 5.8464e+02 
2026-06-29 23:08:16,647 INFO: [smal_..][epoch:  1, iter:     220, lr:(1.000e-03,1.000e-03,)][eta: 1:25:19, time (data): 0.321 (0.014)]l_bij: 2.4946e+02 l_orth: 2.3113e+02 l_align: 1.2229e+02 l_qreg: 5.2252e-02 l_total: 6.0293e+02 
2026-06-29 23:08:22,844 INFO: [smal_..][epoch:  1, iter:     240, lr:(1.000e-03,1.000e-03,)][eta: 1:25:15, time (data): 0.315 (0.014)]l_bij: 1.5811e+02 l_orth: 1.5598e+02 l_align: 1.7655e+02 l_qreg: 5.1533e-02 l_total: 4.9070e+02 
2026-06-29 23:08:29,063 INFO: [smal_..][epoch:  1, iter:     260, lr:(1.000e-03,1.000e-03,)][eta: 1:25:12, time (data): 0.314 (0.014)]l_bij: 2.3611e+02 l_orth: 2.1927e+02 l_align: 1.3455e+02 l_qreg: 1.0792e-01 l_total: 5.9004e+02 
2026-06-29 23:08:35,304 INFO: [smal_..][epoch:  1, iter:     280, lr:(1.000e-03,1.000e-03,)][eta: 1:25:09, time (data): 0.313 (0.014)]l_bij: 1.6056e+02 l_orth: 1.5518e+02 l_align: 1.6704e+02 l_qreg: 5.0481e-02 l_total: 4.8283e+02 
2026-06-29 23:08:41,465 INFO: [smal_..][epoch:  1, iter:     300, lr:(1.000e-03,1.000e-03,)][eta: 1:25:02, time (data): 0.312 (0.014)]l_bij: 2.2850e+02 l_orth: 2.1462e+02 l_align: 1.3079e+02 l_qreg: 1.9067e-02 l_total: 5.7392e+02 
2026-06-29 23:08:47,581 INFO: [smal_..][epoch:  1, iter:     320, lr:(1.000e-03,1.000e-03,)][eta: 1:24:53, time (data): 0.311 (0.014)]l_bij: 2.0233e+02 l_orth: 1.9202e+02 l_align: 1.3432e+02 l_qreg: 3.2956e-02 l_total: 5.2870e+02 
2026-06-29 23:08:53,802 INFO: [smal_..][epoch:  1, iter:     340, lr:(1.000e-03,1.000e-03,)][eta: 1:24:49, time (data): 0.311 (0.014)]l_bij: 2.1550e+02 l_orth: 2.0313e+02 l_align: 1.3429e+02 l_qreg: 2.7631e-02 l_total: 5.5295e+02 
2026-06-29 23:09:00,048 INFO: [smal_..][epoch:  1, iter:     360, lr:(1.000e-03,1.000e-03,)][eta: 1:24:46, time (data): 0.311 (0.014)]l_bij: 2.3889e+02 l_orth: 2.2055e+02 l_align: 1.3009e+02 l_qreg: 5.8432e-02 l_total: 5.8959e+02 
2026-06-29 23:09:06,217 INFO: [smal_..][epoch:  1, iter:     380, lr:(1.000e-03,1.000e-03,)][eta: 1:24:39, time (data): 0.311 (0.014)]l_bij: 2.0851e+02 l_orth: 1.9519e+02 l_align: 1.3897e+02 l_qreg: 1.2965e-02 l_total: 5.4268e+02 
2026-06-29 23:09:12,484 INFO: [smal_..][epoch:  1, iter:     400, lr:(1.000e-03,1.000e-03,)][eta: 1:24:37, time (data): 0.311 (0.014)]l_bij: 2.1215e+02 l_orth: 1.9969e+02 l_align: 1.3208e+02 l_qreg: 2.2518e-02 l_total: 5.4395e+02 
2026-06-29 23:09:18,582 INFO: [smal_..][epoch:  1, iter:     420, lr:(1.000e-03,1.000e-03,)][eta: 1:24:27, time (data): 0.305 (0.014)]l_bij: 2.2056e+02 l_orth: 2.0791e+02 l_align: 1.3651e+02 l_qreg: 9.3747e-03 l_total: 5.6499e+02 
2026-06-29 23:09:24,972 INFO: [smal_..][epoch:  1, iter:     440, lr:(1.000e-03,1.000e-03,)][eta: 1:24:29, time (data): 0.312 (0.014)]l_bij: 2.2543e+02 l_orth: 2.0815e+02 l_align: 1.4027e+02 l_qreg: 7.4750e-03 l_total: 5.7386e+02 
2026-06-29 23:09:31,196 INFO: [smal_..][epoch:  1, iter:     460, lr:(1.000e-03,1.000e-03,)][eta: 1:24:24, time (data): 0.312 (0.014)]l_bij: 1.9566e+02 l_orth: 1.8572e+02 l_align: 1.3832e+02 l_qreg: 1.1153e-02 l_total: 5.1970e+02 
2026-06-29 23:09:37,403 INFO: [smal_..][epoch:  1, iter:     480, lr:(1.000e-03,1.000e-03,)][eta: 1:24:18, time (data): 0.311 (0.014)]l_bij: 1.8775e+02 l_orth: 1.7756e+02 l_align: 1.3664e+02 l_qreg: 1.5753e-02 l_total: 5.0196e+02 
2026-06-29 23:09:43,541 INFO: [smal_..][epoch:  1, iter:     500, lr:(1.000e-03,1.000e-03,)][eta: 1:24:10, time (data): 0.310 (0.014)]l_bij: 2.1617e+02 l_orth: 2.0301e+02 l_align: 1.3720e+02 l_qreg: 2.5055e-02 l_total: 5.5641e+02 
2026-06-29 23:09:49,794 INFO: [smal_..][epoch:  1, iter:     520, lr:(1.000e-03,1.000e-03,)][eta: 1:24:06, time (data): 0.311 (0.014)]l_bij: 2.0906e+02 l_orth: 1.9673e+02 l_align: 1.3359e+02 l_qreg: 1.0747e-02 l_total: 5.3939e+02 
2026-06-29 23:09:55,999 INFO: [smal_..][epoch:  1, iter:     540, lr:(1.000e-03,1.000e-03,)][eta: 1:24:00, time (data): 0.311 (0.014)]l_bij: 1.7941e+02 l_orth: 1.7069e+02 l_align: 1.3410e+02 l_qreg: 1.0646e-02 l_total: 4.8421e+02 
2026-06-29 23:10:02,231 INFO: [smal_..][epoch:  1, iter:     560, lr:(1.000e-03,1.000e-03,)][eta: 1:23:55, time (data): 0.311 (0.014)]l_bij: 2.0400e+02 l_orth: 1.8938e+02 l_align: 1.3574e+02 l_qreg: 1.2133e-02 l_total: 5.2914e+02 
2026-06-29 23:10:08,438 INFO: [smal_..][epoch:  1, iter:     580, lr:(1.000e-03,1.000e-03,)][eta: 1:23:49, time (data): 0.311 (0.014)]l_bij: 1.8913e+02 l_orth: 1.8121e+02 l_align: 1.3659e+02 l_qreg: 1.2616e-02 l_total: 5.0695e+02 
2026-06-29 23:10:14,582 INFO: [smal_..][epoch:  1, iter:     600, lr:(1.000e-03,1.000e-03,)][eta: 1:23:42, time (data): 0.310 (0.014)]l_bij: 1.8050e+02 l_orth: 1.7145e+02 l_align: 1.2984e+02 l_qreg: 1.0764e-02 l_total: 4.8180e+02 
2026-06-29 23:10:20,860 INFO: [smal_..][epoch:  1, iter:     620, lr:(1.000e-03,1.000e-03,)][eta: 1:23:38, time (data): 0.315 (0.014)]l_bij: 2.0130e+02 l_orth: 1.9215e+02 l_align: 1.3128e+02 l_qreg: 1.0408e-02 l_total: 5.2474e+02 
2026-06-29 23:10:27,084 INFO: [smal_..][epoch:  1, iter:     640, lr:(1.000e-03,1.000e-03,)][eta: 1:23:32, time (data): 0.313 (0.014)]l_bij: 1.9110e+02 l_orth: 1.8036e+02 l_align: 1.3692e+02 l_qreg: 7.6231e-03 l_total: 5.0838e+02 
2026-06-29 23:10:33,199 INFO: [smal_..][epoch:  1, iter:     660, lr:(1.000e-03,1.000e-03,)][eta: 1:23:24, time (data): 0.310 (0.014)]l_bij: 1.8760e+02 l_orth: 1.8045e+02 l_align: 1.3618e+02 l_qreg: 7.7934e-03 l_total: 5.0424e+02 
2026-06-29 23:10:39,365 INFO: [smal_..][epoch:  1, iter:     680, lr:(1.000e-03,1.000e-03,)][eta: 1:23:17, time (data): 0.310 (0.014)]l_bij: 2.0117e+02 l_orth: 1.8739e+02 l_align: 1.2710e+02 l_qreg: 2.7058e-03 l_total: 5.1566e+02 
2026-06-29 23:10:45,649 INFO: [smal_..][epoch:  1, iter:     700, lr:(1.000e-03,1.000e-03,)][eta: 1:23:13, time (data): 0.311 (0.014)]l_bij: 1.7643e+02 l_orth: 1.6710e+02 l_align: 1.2557e+02 l_qreg: 4.9898e-03 l_total: 4.6910e+02 
2026-06-29 23:10:51,849 INFO: [smal_..][epoch:  1, iter:     720, lr:(1.000e-03,1.000e-03,)][eta: 1:23:07, time (data): 0.310 (0.014)]l_bij: 1.7996e+02 l_orth: 1.7111e+02 l_align: 1.2984e+02 l_qreg: 7.5045e-03 l_total: 4.8093e+02 
2026-06-29 23:10:58,252 INFO: [smal_..][epoch:  1, iter:     740, lr:(1.000e-03,1.000e-03,)][eta: 1:23:05, time (data): 0.312 (0.014)]l_bij: 1.9208e+02 l_orth: 1.7932e+02 l_align: 1.3180e+02 l_qreg: 8.0331e-03 l_total: 5.0320e+02 
2026-06-29 23:11:04,407 INFO: [smal_..][epoch:  1, iter:     760, lr:(1.000e-03,1.000e-03,)][eta: 1:22:58, time (data): 0.311 (0.014)]l_bij: 1.9045e+02 l_orth: 1.7879e+02 l_align: 1.3253e+02 l_qreg: 8.1978e-03 l_total: 5.0178e+02 
2026-06-29 23:11:10,845 INFO: [smal_..][epoch:  1, iter:     780, lr:(1.000e-03,1.000e-03,)][eta: 1:22:57, time (data): 0.312 (0.014)]l_bij: 1.9884e+02 l_orth: 1.8758e+02 l_align: 1.3168e+02 l_qreg: 8.9010e-03 l_total: 5.1811e+02 
2026-06-29 23:11:17,015 INFO: [smal_..][epoch:  1, iter:     800, lr:(1.000e-03,1.000e-03,)][eta: 1:22:50, time (data): 0.312 (0.014)]l_bij: 1.9178e+02 l_orth: 1.7950e+02 l_align: 1.3187e+02 l_qreg: 9.5642e-03 l_total: 5.0316e+02 
2026-06-29 23:11:23,334 INFO: [smal_..][epoch:  1, iter:     820, lr:(1.000e-03,1.000e-03,)][eta: 1:22:46, time (data): 0.318 (0.015)]l_bij: 1.7126e+02 l_orth: 1.6341e+02 l_align: 1.2506e+02 l_qreg: 8.7515e-03 l_total: 4.5974e+02 
2026-06-29 23:11:29,575 INFO: [smal_..][epoch:  1, iter:     840, lr:(1.000e-03,1.000e-03,)][eta: 1:22:40, time (data): 0.315 (0.014)]l_bij: 1.5570e+02 l_orth: 1.4972e+02 l_align: 1.2077e+02 l_qreg: 8.9911e-03 l_total: 4.2620e+02 
2026-06-29 23:11:36,272 INFO: [smal_..][epoch:  2, iter:     860, lr:(9.945e-04,9.945e-04,)][eta: 1:22:43, time (data): 0.322 (0.018)]l_bij: 1.7554e+02 l_orth: 1.6826e+02 l_align: 1.3161e+02 l_qreg: 1.2552e-02 l_total: 4.7542e+02 
2026-06-29 23:11:42,694 INFO: [smal_..][epoch:  2, iter:     880, lr:(9.945e-04,9.945e-04,)][eta: 1:22:40, time (data): 0.321 (0.018)]l_bij: 1.3124e+02 l_orth: 1.3366e+02 l_align: 1.2782e+02 l_qreg: 2.8140e-03 l_total: 3.9274e+02 
2026-06-29 23:11:48,862 INFO: [smal_..][epoch:  2, iter:     900, lr:(9.945e-04,9.945e-04,)][eta: 1:22:33, time (data): 0.319 (0.017)]l_bij: 1.8540e+02 l_orth: 1.7647e+02 l_align: 1.2605e+02 l_qreg: 4.8723e-03 l_total: 4.8793e+02 
2026-06-29 23:11:55,029 INFO: [smal_..][epoch:  2, iter:     920, lr:(9.945e-04,9.945e-04,)][eta: 1:22:26, time (data): 0.317 (0.017)]l_bij: 1.8101e+02 l_orth: 1.7090e+02 l_align: 1.2145e+02 l_qreg: 5.8767e-03 l_total: 4.7337e+02 
2026-06-29 23:12:01,243 INFO: [smal_..][epoch:  2, iter:     940, lr:(9.945e-04,9.945e-04,)][eta: 1:22:20, time (data): 0.316 (0.016)]l_bij: 1.7622e+02 l_orth: 1.6634e+02 l_align: 1.2182e+02 l_qreg: 1.3597e-02 l_total: 4.6439e+02 
2026-06-29 23:12:07,569 INFO: [smal_..][epoch:  2, iter:     960, lr:(9.945e-04,9.945e-04,)][eta: 1:22:15, time (data): 0.316 (0.016)]l_bij: 1.6601e+02 l_orth: 1.5888e+02 l_align: 1.2066e+02 l_qreg: 1.2665e-02 l_total: 4.4556e+02 
2026-06-29 23:12:13,885 INFO: [smal_..][epoch:  2, iter:     980, lr:(9.945e-04,9.945e-04,)][eta: 1:22:10, time (data): 0.316 (0.016)]l_bij: 1.6746e+02 l_orth: 1.6142e+02 l_align: 1.3159e+02 l_qreg: 1.5419e-02 l_total: 4.6048e+02 
2026-06-29 23:12:20,663 INFO: [smal_..][epoch:  2, iter:   1,000, lr:(9.945e-04,9.945e-04,)][eta: 1:22:13, time (data): 0.318 (0.016)]l_bij: 1.7465e+02 l_orth: 1.6651e+02 l_align: 1.2352e+02 l_qreg: 1.0468e-02 l_total: 4.6469e+02 
2026-06-29 23:12:27,089 INFO: [smal_..][epoch:  2, iter:   1,020, lr:(9.945e-04,9.945e-04,)][eta: 1:22:10, time (data): 0.321 (0.015)]l_bij: 1.6938e+02 l_orth: 1.6242e+02 l_align: 1.2609e+02 l_qreg: 1.1937e-02 l_total: 4.5790e+02 
2026-06-29 23:12:33,611 INFO: [smal_..][epoch:  2, iter:   1,040, lr:(9.945e-04,9.945e-04,)][eta: 1:22:08, time (data): 0.324 (0.015)]l_bij: 1.5689e+02 l_orth: 1.5135e+02 l_align: 1.2223e+02 l_qreg: 2.3081e-02 l_total: 4.3050e+02 
2026-06-29 23:12:40,063 INFO: [smal_..][epoch:  2, iter:   1,060, lr:(9.945e-04,9.945e-04,)][eta: 1:22:04, time (data): 0.323 (0.015)]l_bij: 1.4740e+02 l_orth: 1.4494e+02 l_align: 1.1170e+02 l_qreg: 5.3631e-03 l_total: 4.0405e+02 
2026-06-29 23:12:46,430 INFO: [smal_..][epoch:  2, iter:   1,080, lr:(9.945e-04,9.945e-04,)][eta: 1:22:00, time (data): 0.322 (0.015)]l_bij: 1.5137e+02 l_orth: 1.4705e+02 l_align: 1.1577e+02 l_qreg: 1.1032e-02 l_total: 4.1420e+02 
2026-06-29 23:12:52,714 INFO: [smal_..][epoch:  2, iter:   1,100, lr:(9.945e-04,9.945e-04,)][eta: 1:21:54, time (data): 0.320 (0.015)]l_bij: 1.6247e+02 l_orth: 1.5610e+02 l_align: 1.1738e+02 l_qreg: 2.3089e-02 l_total: 4.3597e+02 
2026-06-29 23:12:59,013 INFO: [smal_..][epoch:  2, iter:   1,120, lr:(9.945e-04,9.945e-04,)][eta: 1:21:48, time (data): 0.319 (0.015)]l_bij: 1.6109e+02 l_orth: 1.5510e+02 l_align: 1.2401e+02 l_qreg: 1.8329e-02 l_total: 4.4022e+02 
2026-06-29 23:13:05,328 INFO: [smal_..][epoch:  2, iter:   1,140, lr:(9.945e-04,9.945e-04,)][eta: 1:21:43, time (data): 0.319 (0.015)]l_bij: 1.4614e+02 l_orth: 1.4162e+02 l_align: 1.0942e+02 l_qreg: 1.6122e-02 l_total: 3.9720e+02 
2026-06-29 23:13:11,630 INFO: [smal_..][epoch:  2, iter:   1,160, lr:(9.945e-04,9.945e-04,)][eta: 1:21:37, time (data): 0.318 (0.015)]l_bij: 1.5745e+02 l_orth: 1.5215e+02 l_align: 1.2417e+02 l_qreg: 2.2926e-02 l_total: 4.3379e+02 
2026-06-29 23:13:17,904 INFO: [smal_..][epoch:  2, iter:   1,180, lr:(9.945e-04,9.945e-04,)][eta: 1:21:31, time (data): 0.318 (0.015)]l_bij: 1.2391e+02 l_orth: 1.2256e+02 l_align: 1.0980e+02 l_qreg: 2.7367e-02 l_total: 3.5631e+02 
2026-06-29 23:13:24,219 INFO: [smal_..][epoch:  2, iter:   1,200, lr:(9.945e-04,9.945e-04,)][eta: 1:21:26, time (data): 0.317 (0.015)]l_bij: 1.5721e+02 l_orth: 1.5054e+02 l_align: 1.1933e+02 l_qreg: 1.1432e-02 l_total: 4.2709e+02 
2026-06-29 23:13:30,641 INFO: [smal_..][epoch:  2, iter:   1,220, lr:(9.945e-04,9.945e-04,)][eta: 1:21:22, time (data): 0.321 (0.015)]l_bij: 1.5506e+02 l_orth: 1.4836e+02 l_align: 1.1173e+02 l_qreg: 1.4148e-02 l_total: 4.1517e+02 
2026-06-29 23:13:37,051 INFO: [smal_..][epoch:  2, iter:   1,240, lr:(9.945e-04,9.945e-04,)][eta: 1:21:17, time (data): 0.320 (0.015)]l_bij: 1.6588e+02 l_orth: 1.5845e+02 l_align: 1.1440e+02 l_qreg: 1.4085e-02 l_total: 4.3874e+02 
2026-06-29 23:13:43,326 INFO: [smal_..][epoch:  2, iter:   1,260, lr:(9.945e-04,9.945e-04,)][eta: 1:21:11, time (data): 0.318 (0.015)]l_bij: 1.4039e+02 l_orth: 1.3817e+02 l_align: 1.1049e+02 l_qreg: 2.2545e-02 l_total: 3.8907e+02 
2026-06-29 23:13:49,623 INFO: [smal_..][epoch:  2, iter:   1,280, lr:(9.945e-04,9.945e-04,)][eta: 1:21:05, time (data): 0.317 (0.015)]l_bij: 1.3216e+02 l_orth: 1.3277e+02 l_align: 1.0982e+02 l_qreg: 2.9343e-02 l_total: 3.7477e+02 
2026-06-29 23:13:55,950 INFO: [smal_..][epoch:  2, iter:   1,300, lr:(9.945e-04,9.945e-04,)][eta: 1:21:00, time (data): 0.317 (0.015)]l_bij: 1.5922e+02 l_orth: 1.5444e+02 l_align: 1.2457e+02 l_qreg: 1.9753e-02 l_total: 4.3824e+02 
2026-06-29 23:14:02,230 INFO: [smal_..][epoch:  2, iter:   1,320, lr:(9.945e-04,9.945e-04,)][eta: 1:20:54, time (data): 0.316 (0.015)]l_bij: 1.1997e+02 l_orth: 1.2448e+02 l_align: 1.1030e+02 l_qreg: 5.4385e-02 l_total: 3.5480e+02 
2026-06-29 23:14:08,515 INFO: [smal_..][epoch:  2, iter:   1,340, lr:(9.945e-04,9.945e-04,)][eta: 1:20:48, time (data): 0.316 (0.015)]l_bij: 1.5604e+02 l_orth: 1.5056e+02 l_align: 1.1756e+02 l_qreg: 2.2873e-02 l_total: 4.2419e+02 
2026-06-29 23:14:14,767 INFO: [smal_..][epoch:  2, iter:   1,360, lr:(9.945e-04,9.945e-04,)][eta: 1:20:41, time (data): 0.315 (0.015)]l_bij: 1.4718e+02 l_orth: 1.4272e+02 l_align: 1.1015e+02 l_qreg: 2.3631e-02 l_total: 4.0007e+02 
2026-06-29 23:14:21,155 INFO: [smal_..][epoch:  2, iter:   1,380, lr:(9.945e-04,9.945e-04,)][eta: 1:20:37, time (data): 0.316 (0.015)]l_bij: 1.7024e+02 l_orth: 1.6354e+02 l_align: 1.2281e+02 l_qreg: 4.2489e-02 l_total: 4.5662e+02 
2026-06-29 23:14:27,406 INFO: [smal_..][epoch:  2, iter:   1,400, lr:(9.945e-04,9.945e-04,)][eta: 1:20:30, time (data): 0.315 (0.015)]l_bij: 1.5121e+02 l_orth: 1.4510e+02 l_align: 1.1446e+02 l_qreg: 5.6651e-02 l_total: 4.1083e+02 
2026-06-29 23:14:33,707 INFO: [smal_..][epoch:  2, iter:   1,420, lr:(9.945e-04,9.945e-04,)][eta: 1:20:24, time (data): 0.319 (0.015)]l_bij: 1.4406e+02 l_orth: 1.4218e+02 l_align: 1.1305e+02 l_qreg: 3.0867e-02 l_total: 3.9931e+02 
2026-06-29 23:14:40,060 INFO: [smal_..][epoch:  2, iter:   1,440, lr:(9.945e-04,9.945e-04,)][eta: 1:20:19, time (data): 0.318 (0.015)]l_bij: 1.1902e+02 l_orth: 1.2113e+02 l_align: 1.1034e+02 l_qreg: 4.1130e-02 l_total: 3.5054e+02 
2026-06-29 23:14:46,419 INFO: [smal_..][epoch:  2, iter:   1,460, lr:(9.945e-04,9.945e-04,)][eta: 1:20:14, time (data): 0.318 (0.015)]l_bij: 1.3967e+02 l_orth: 1.3605e+02 l_align: 1.0896e+02 l_qreg: 5.9351e-02 l_total: 3.8474e+02 
2026-06-29 23:14:52,878 INFO: [smal_..][epoch:  2, iter:   1,480, lr:(9.945e-04,9.945e-04,)][eta: 1:20:09, time (data): 0.319 (0.015)]l_bij: 1.4382e+02 l_orth: 1.3832e+02 l_align: 1.1052e+02 l_qreg: 5.0178e-02 l_total: 3.9272e+02 
2026-06-29 23:14:59,209 INFO: [smal_..][epoch:  2, iter:   1,500, lr:(9.945e-04,9.945e-04,)][eta: 1:20:04, time (data): 0.319 (0.015)]l_bij: 1.0691e+02 l_orth: 1.1067e+02 l_align: 1.0079e+02 l_qreg: 2.3801e-02 l_total: 3.1839e+02 
2026-06-29 23:15:05,437 INFO: [smal_..][epoch:  2, iter:   1,520, lr:(9.945e-04,9.945e-04,)][eta: 1:19:57, time (data): 0.317 (0.015)]l_bij: 1.3165e+02 l_orth: 1.3280e+02 l_align: 1.1034e+02 l_qreg: 4.4793e-02 l_total: 3.7483e+02 
2026-06-29 23:15:11,680 INFO: [smal_..][epoch:  2, iter:   1,540, lr:(9.945e-04,9.945e-04,)][eta: 1:19:50, time (data): 0.316 (0.015)]l_bij: 1.3203e+02 l_orth: 1.3334e+02 l_align: 1.1063e+02 l_qreg: 5.5723e-02 l_total: 3.7607e+02 
2026-06-29 23:15:17,826 INFO: [smal_..][epoch:  2, iter:   1,560, lr:(9.945e-04,9.945e-04,)][eta: 1:19:43, time (data): 0.315 (0.015)]l_bij: 9.1267e+01 l_orth: 1.0117e+02 l_align: 1.0502e+02 l_qreg: 5.3931e-02 l_total: 2.9751e+02 
2026-06-29 23:15:23,929 INFO: [smal_..][epoch:  2, iter:   1,580, lr:(9.945e-04,9.945e-04,)][eta: 1:19:35, time (data): 0.314 (0.015)]l_bij: 1.3430e+02 l_orth: 1.3323e+02 l_align: 1.0662e+02 l_qreg: 7.4104e-02 l_total: 3.7422e+02 
2026-06-29 23:15:30,068 INFO: [smal_..][epoch:  2, iter:   1,600, lr:(9.945e-04,9.945e-04,)][eta: 1:19:27, time (data): 0.313 (0.015)]l_bij: 1.3443e+02 l_orth: 1.3375e+02 l_align: 1.1441e+02 l_qreg: 5.0267e-02 l_total: 3.8264e+02 
2026-06-29 23:15:36,267 INFO: [smal_..][epoch:  2, iter:   1,620, lr:(9.945e-04,9.945e-04,)][eta: 1:19:21, time (data): 0.311 (0.014)]l_bij: 1.6335e+02 l_orth: 1.5650e+02 l_align: 1.1855e+02 l_qreg: 1.1930e-01 l_total: 4.3852e+02 
2026-06-29 23:15:42,469 INFO: [smal_..][epoch:  2, iter:   1,640, lr:(9.945e-04,9.945e-04,)][eta: 1:19:14, time (data): 0.310 (0.015)]l_bij: 2.6820e+01 l_orth: 6.1581e+01 l_align: 1.3162e+02 l_qreg: 3.7461e-02 l_total: 2.2006e+02 
2026-06-29 23:15:48,634 INFO: [smal_..][epoch:  2, iter:   1,660, lr:(9.945e-04,9.945e-04,)][eta: 1:19:07, time (data): 0.309 (0.014)]l_bij: 1.1165e+02 l_orth: 1.1631e+02 l_align: 1.0950e+02 l_qreg: 7.4140e-02 l_total: 3.3754e+02 
2026-06-29 23:15:54,813 INFO: [smal_..][epoch:  2, iter:   1,680, lr:(9.945e-04,9.945e-04,)][eta: 1:19:00, time (data): 0.309 (0.014)]l_bij: 3.0758e+01 l_orth: 6.4297e+01 l_align: 1.3260e+02 l_qreg: 6.7941e-02 l_total: 2.2772e+02 
2026-06-29 23:16:01,245 INFO: [smal_..][epoch:  3, iter:   1,700, lr:(9.780e-04,9.780e-04,)][eta: 1:18:55, time (data): 0.312 (0.017)]l_bij: 1.3154e+02 l_orth: 1.3088e+02 l_align: 1.0828e+02 l_qreg: 7.6113e-02 l_total: 3.7078e+02 
2026-06-29 23:16:07,456 INFO: [smal_..][epoch:  3, iter:   1,720, lr:(9.780e-04,9.780e-04,)][eta: 1:18:48, time (data): 0.312 (0.017)]l_bij: 1.4893e+02 l_orth: 1.4382e+02 l_align: 1.1481e+02 l_qreg: 1.0655e-01 l_total: 4.0767e+02 
2026-06-29 23:16:13,592 INFO: [smal_..][epoch:  3, iter:   1,740, lr:(9.780e-04,9.780e-04,)][eta: 1:18:41, time (data): 0.311 (0.016)]l_bij: 1.4539e+02 l_orth: 1.4312e+02 l_align: 1.1795e+02 l_qreg: 8.2716e-02 l_total: 4.0654e+02 
2026-06-29 23:16:19,737 INFO: [smal_..][epoch:  3, iter:   1,760, lr:(9.780e-04,9.780e-04,)][eta: 1:18:33, time (data): 0.310 (0.016)]l_bij: 1.4892e+02 l_orth: 1.4412e+02 l_align: 1.1273e+02 l_qreg: 1.1278e-01 l_total: 4.0588e+02 
2026-06-29 23:16:25,889 INFO: [smal_..][epoch:  3, iter:   1,780, lr:(9.780e-04,9.780e-04,)][eta: 1:18:26, time (data): 0.310 (0.016)]l_bij: 1.4067e+02 l_orth: 1.3880e+02 l_align: 1.0788e+02 l_qreg: 9.7335e-02 l_total: 3.8745e+02 
2026-06-29 23:16:32,098 INFO: [smal_..][epoch:  3, iter:   1,800, lr:(9.780e-04,9.780e-04,)][eta: 1:18:20, time (data): 0.310 (0.016)]l_bij: 1.3950e+02 l_orth: 1.3677e+02 l_align: 1.1227e+02 l_qreg: 9.7105e-02 l_total: 3.8864e+02 
2026-06-29 23:16:38,323 INFO: [smal_..][epoch:  3, iter:   1,820, lr:(9.780e-04,9.780e-04,)][eta: 1:18:13, time (data): 0.311 (0.015)]l_bij: 1.3883e+02 l_orth: 1.3582e+02 l_align: 1.0702e+02 l_qreg: 9.7493e-02 l_total: 3.8177e+02 
2026-06-29 23:16:44,578 INFO: [smal_..][epoch:  3, iter:   1,840, lr:(9.780e-04,9.780e-04,)][eta: 1:18:07, time (data): 0.312 (0.015)]l_bij: 1.3420e+02 l_orth: 1.3566e+02 l_align: 1.1183e+02 l_qreg: 1.2178e-01 l_total: 3.8181e+02 
2026-06-29 23:16:50,892 INFO: [smal_..][epoch:  3, iter:   1,860, lr:(9.780e-04,9.780e-04,)][eta: 1:18:01, time (data): 0.313 (0.015)]l_bij: 1.3801e+02 l_orth: 1.3633e+02 l_align: 9.8285e+01 l_qreg: 7.6672e-02 l_total: 3.7270e+02 
2026-06-29 23:16:57,173 INFO: [smal_..][epoch:  3, iter:   1,880, lr:(9.780e-04,9.780e-04,)][eta: 1:17:55, time (data): 0.313 (0.015)]l_bij: 9.5488e+01 l_orth: 1.0534e+02 l_align: 1.0459e+02 l_qreg: 1.3706e-01 l_total: 3.0556e+02 
2026-06-29 23:17:03,467 INFO: [smal_..][epoch:  3, iter:   1,900, lr:(9.780e-04,9.780e-04,)][eta: 1:17:49, time (data): 0.314 (0.015)]l_bij: 1.2351e+02 l_orth: 1.2401e+02 l_align: 1.0220e+02 l_qreg: 1.1505e-01 l_total: 3.4984e+02 
2026-06-29 23:17:09,850 INFO: [smal_..][epoch:  3, iter:   1,920, lr:(9.780e-04,9.780e-04,)][eta: 1:17:44, time (data): 0.315 (0.015)]l_bij: 1.5542e+02 l_orth: 1.4958e+02 l_align: 1.1398e+02 l_qreg: 1.4199e-01 l_total: 4.1912e+02 
2026-06-29 23:17:16,174 INFO: [smal_..][epoch:  3, iter:   1,940, lr:(9.780e-04,9.780e-04,)][eta: 1:17:38, time (data): 0.315 (0.015)]l_bij: 1.1273e+02 l_orth: 1.1425e+02 l_align: 9.8436e+01 l_qreg: 9.6066e-02 l_total: 3.2551e+02 
2026-06-29 23:17:22,407 INFO: [smal_..][epoch:  3, iter:   1,960, lr:(9.780e-04,9.780e-04,)][eta: 1:17:31, time (data): 0.314 (0.015)]l_bij: 1.3390e+02 l_orth: 1.3270e+02 l_align: 1.0548e+02 l_qreg: 1.2328e-01 l_total: 3.7221e+02 
2026-06-29 23:17:28,555 INFO: [smal_..][epoch:  3, iter:   1,980, lr:(9.780e-04,9.780e-04,)][eta: 1:17:24, time (data): 0.313 (0.015)]l_bij: 9.2568e+01 l_orth: 1.0490e+02 l_align: 1.0549e+02 l_qreg: 1.2489e-01 l_total: 3.0308e+02 
2026-06-29 23:17:34,709 INFO: [smal_..][epoch:  3, iter:   2,000, lr:(9.780e-04,9.780e-04,)][eta: 1:17:17, time (data): 0.313 (0.015)]l_bij: 1.1554e+02 l_orth: 1.1727e+02 l_align: 1.0181e+02 l_qreg: 1.1018e-01 l_total: 3.3473e+02 
2026-06-29 23:17:34,710 INFO: Saving models and training states.
2026-06-29 23:17:34,736 INFO: Start validation.
2026-06-29 23:17:35,636 INFO: avg err:0.0000 | err:0.0000 | cougar_01 cougar_01
2026-06-29 23:17:35,872 INFO: avg err:0.0100 | err:0.0199 | cougar_01 cougar_02
2026-06-29 23:17:36,203 INFO: avg err:0.0119 | err:0.0159 | cougar_01 cougar_03
2026-06-29 23:17:36,445 INFO: avg err:0.0143 | err:0.0215 | cougar_01 cougar_04
2026-06-29 23:17:36,799 INFO: avg err:0.1777 | err:0.8312 | cougar_01 hippo_01
2026-06-29 23:17:37,008 INFO: avg err:0.2657 | err:0.7058 | cougar_01 hippo_02
2026-06-29 23:17:37,286 INFO: avg err:0.3268 | err:0.6934 | cougar_01 hippo_03
2026-06-29 23:17:37,545 INFO: avg err:0.3817 | err:0.7663 | cougar_01 hippo_04
2026-06-29 23:17:37,953 INFO: avg err:0.3893 | err:0.4497 | cougar_01 hippo_05
2026-06-29 23:17:38,154 INFO: avg err:0.4179 | err:0.6757 | cougar_01 hippo_06
2026-06-29 23:17:38,562 INFO: avg err:0.3830 | err:0.0337 | cougar_01 horse_01
2026-06-29 23:17:38,800 INFO: avg err:0.3538 | err:0.0327 | cougar_01 horse_02
2026-06-29 23:17:39,052 INFO: avg err:0.3290 | err:0.0312 | cougar_01 horse_03
2026-06-29 23:17:39,302 INFO: avg err:0.3081 | err:0.0362 | cougar_01 horse_04
2026-06-29 23:17:39,723 INFO: avg err:0.2899 | err:0.0347 | cougar_01 horse_05
2026-06-29 23:17:39,987 INFO: avg err:0.2741 | err:0.0373 | cougar_01 horse_06
2026-06-29 23:17:40,297 INFO: avg err:0.2600 | err:0.0354 | cougar_01 horse_07
2026-06-29 23:17:40,534 INFO: avg err:0.2474 | err:0.0330 | cougar_01 horse_08
2026-06-29 23:17:40,775 INFO: avg err:0.2387 | err:0.0811 | cougar_01 horse_09
2026-06-29 23:17:40,985 INFO: avg err:0.2338 | err:0.1405 | cougar_01 horse_10
2026-06-29 23:17:41,502 INFO: avg err:0.2235 | err:0.0185 | cougar_02 cougar_01
2026-06-29 23:17:41,743 INFO: avg err:0.2133 | err:0.0000 | cougar_02 cougar_02
2026-06-29 23:17:42,003 INFO: avg err:0.2048 | err:0.0166 | cougar_02 cougar_03
2026-06-29 23:17:42,295 INFO: avg err:0.1973 | err:0.0258 | cougar_02 cougar_04
2026-06-29 23:17:42,633 INFO: avg err:0.2272 | err:0.9439 | cougar_02 hippo_01
2026-06-29 23:17:42,972 INFO: avg err:0.2512 | err:0.8520 | cougar_02 hippo_02
2026-06-29 23:17:43,233 INFO: avg err:0.2712 | err:0.7904 | cougar_02 hippo_03
2026-06-29 23:17:43,470 INFO: avg err:0.2947 | err:0.9300 | cougar_02 hippo_04
2026-06-29 23:17:43,732 INFO: avg err:0.3044 | err:0.5744 | cougar_02 hippo_05
2026-06-29 23:17:43,980 INFO: avg err:0.3203 | err:0.7823 | cougar_02 hippo_06
2026-06-29 23:17:44,196 INFO: avg err:0.3115 | err:0.0486 | cougar_02 horse_01
2026-06-29 23:17:44,521 INFO: avg err:0.3034 | err:0.0511 | cougar_02 horse_02
2026-06-29 23:17:44,763 INFO: avg err:0.2957 | err:0.0503 | cougar_02 horse_03
2026-06-29 23:17:45,122 INFO: avg err:0.2884 | err:0.0458 | cougar_02 horse_04
2026-06-29 23:17:45,360 INFO: avg err:0.2814 | err:0.0437 | cougar_02 horse_05
2026-06-29 23:17:45,658 INFO: avg err:0.2750 | err:0.0513 | cougar_02 horse_06
2026-06-29 23:17:45,904 INFO: avg err:0.2689 | err:0.0478 | cougar_02 horse_07
2026-06-29 23:17:46,230 INFO: avg err:0.2630 | err:0.0453 | cougar_02 horse_08
2026-06-29 23:17:46,472 INFO: avg err:0.2595 | err:0.1265 | cougar_02 horse_09
2026-06-29 23:17:46,837 INFO: avg err:0.2577 | err:0.1869 | cougar_02 horse_10
2026-06-29 23:17:47,142 INFO: avg err:0.2517 | err:0.0150 | cougar_03 cougar_01
2026-06-29 23:17:47,543 INFO: avg err:0.2461 | err:0.0164 | cougar_03 cougar_02
2026-06-29 23:17:47,768 INFO: avg err:0.2404 | err:0.0000 | cougar_03 cougar_03
2026-06-29 23:17:48,021 INFO: avg err:0.2355 | err:0.0259 | cougar_03 cougar_04
2026-06-29 23:17:48,300 INFO: avg err:0.2505 | err:0.9090 | cougar_03 hippo_01
2026-06-29 23:17:48,589 INFO: avg err:0.2626 | err:0.8067 | cougar_03 hippo_02
2026-06-29 23:17:48,898 INFO: avg err:0.2725 | err:0.7279 | cougar_03 hippo_03
2026-06-29 23:17:49,183 INFO: avg err:0.2851 | err:0.8776 | cougar_03 hippo_04
2026-06-29 23:17:49,449 INFO: avg err:0.2893 | err:0.4889 | cougar_03 hippo_05
2026-06-29 23:17:49,740 INFO: avg err:0.2991 | err:0.7795 | cougar_03 hippo_06
2026-06-29 23:17:49,989 INFO: avg err:0.2940 | err:0.0435 | cougar_03 horse_01
2026-06-29 23:17:50,324 INFO: avg err:0.2891 | err:0.0348 | cougar_03 horse_02
2026-06-29 23:17:50,647 INFO: avg err:0.2843 | err:0.0360 | cougar_03 horse_03
2026-06-29 23:17:50,928 INFO: avg err:0.2797 | err:0.0384 | cougar_03 horse_04
2026-06-29 23:17:51,161 INFO: avg err:0.2753 | err:0.0380 | cougar_03 horse_05
2026-06-29 23:17:51,407 INFO: avg err:0.2712 | err:0.0434 | cougar_03 horse_06
2026-06-29 23:17:51,624 INFO: avg err:0.2671 | err:0.0397 | cougar_03 horse_07
2026-06-29 23:17:51,980 INFO: avg err:0.2632 | err:0.0368 | cougar_03 horse_08
2026-06-29 23:17:52,303 INFO: avg err:0.2597 | err:0.0604 | cougar_03 horse_09
2026-06-29 23:17:52,547 INFO: avg err:0.2584 | err:0.1781 | cougar_03 horse_10
2026-06-29 23:17:52,797 INFO: avg err:0.2545 | err:0.0222 | cougar_04 cougar_01
2026-06-29 23:17:53,025 INFO: avg err:0.2509 | err:0.0298 | cougar_04 cougar_02
2026-06-29 23:17:53,350 INFO: avg err:0.2473 | err:0.0256 | cougar_04 cougar_03
2026-06-29 23:17:53,579 INFO: avg err:0.2434 | err:0.0000 | cougar_04 cougar_04
2026-06-29 23:17:53,880 INFO: avg err:0.2512 | err:0.7464 | cougar_04 hippo_01
2026-06-29 23:17:54,147 INFO: avg err:0.2581 | err:0.7072 | cougar_04 hippo_02
2026-06-29 23:17:54,464 INFO: avg err:0.2639 | err:0.6458 | cougar_04 hippo_03
2026-06-29 23:17:54,750 INFO: avg err:0.2719 | err:0.8129 | cougar_04 hippo_04
2026-06-29 23:17:55,026 INFO: avg err:0.2749 | err:0.4734 | cougar_04 hippo_05
2026-06-29 23:17:55,340 INFO: avg err:0.2803 | err:0.6531 | cougar_04 hippo_06
2026-06-29 23:17:55,562 INFO: avg err:0.2768 | err:0.0331 | cougar_04 horse_01
2026-06-29 23:17:55,810 INFO: avg err:0.2735 | err:0.0385 | cougar_04 horse_02
2026-06-29 23:17:56,126 INFO: avg err:0.2702 | err:0.0350 | cougar_04 horse_03
2026-06-29 23:17:56,362 INFO: avg err:0.2672 | err:0.0449 | cougar_04 horse_04
2026-06-29 23:17:56,687 INFO: avg err:0.2641 | err:0.0366 | cougar_04 horse_05
2026-06-29 23:17:56,996 INFO: avg err:0.2611 | err:0.0404 | cougar_04 horse_06
2026-06-29 23:17:57,250 INFO: avg err:0.2582 | err:0.0349 | cougar_04 horse_07
2026-06-29 23:17:57,499 INFO: avg err:0.2554 | err:0.0388 | cougar_04 horse_08
2026-06-29 23:17:57,773 INFO: avg err:0.2531 | err:0.0754 | cougar_04 horse_09
2026-06-29 23:17:58,018 INFO: avg err:0.2519 | err:0.1526 | cougar_04 horse_10
2026-06-29 23:17:58,429 INFO: avg err:0.2556 | err:0.5578 | hippo_01 cougar_01
2026-06-29 23:17:58,741 INFO: avg err:0.2594 | err:0.5683 | hippo_01 cougar_02
2026-06-29 23:17:59,005 INFO: avg err:0.2632 | err:0.5748 | hippo_01 cougar_03
2026-06-29 23:17:59,230 INFO: avg err:0.2668 | err:0.5636 | hippo_01 cougar_04
2026-06-29 23:17:59,473 INFO: avg err:0.2637 | err:0.0000 | hippo_01 hippo_01
2026-06-29 23:17:59,735 INFO: avg err:0.2610 | err:0.0329 | hippo_01 hippo_02
2026-06-29 23:18:00,097 INFO: avg err:0.2595 | err:0.1282 | hippo_01 hippo_03
2026-06-29 23:18:00,324 INFO: avg err:0.2567 | err:0.0128 | hippo_01 hippo_04
2026-06-29 23:18:00,718 INFO: avg err:0.2554 | err:0.1424 | hippo_01 hippo_05
2026-06-29 23:18:00,962 INFO: avg err:0.2528 | err:0.0181 | hippo_01 hippo_06
2026-06-29 23:18:01,375 INFO: avg err:0.2563 | err:0.5778 | hippo_01 horse_01
2026-06-29 23:18:01,693 INFO: avg err:0.2599 | err:0.5808 | hippo_01 horse_02
2026-06-29 23:18:02,003 INFO: avg err:0.2633 | err:0.5794 | hippo_01 horse_03
2026-06-29 23:18:02,239 INFO: avg err:0.2667 | err:0.5829 | hippo_01 horse_04
2026-06-29 23:18:02,548 INFO: avg err:0.2703 | err:0.6056 | hippo_01 horse_05
2026-06-29 23:18:02,873 INFO: avg err:0.2734 | err:0.5691 | hippo_01 horse_06
2026-06-29 23:18:03,204 INFO: avg err:0.2764 | err:0.5702 | hippo_01 horse_07
2026-06-29 23:18:03,459 INFO: avg err:0.2794 | err:0.5653 | hippo_01 horse_08
2026-06-29 23:18:03,797 INFO: avg err:0.2820 | err:0.5351 | hippo_01 horse_09
2026-06-29 23:18:04,123 INFO: avg err:0.2841 | err:0.5002 | hippo_01 horse_10
2026-06-29 23:18:04,363 INFO: avg err:0.2859 | err:0.4670 | hippo_02 cougar_01
2026-06-29 23:18:04,605 INFO: avg err:0.2877 | err:0.4596 | hippo_02 cougar_02
2026-06-29 23:18:04,849 INFO: avg err:0.2895 | err:0.4758 | hippo_02 cougar_03
2026-06-29 23:18:05,095 INFO: avg err:0.2912 | err:0.4717 | hippo_02 cougar_04
2026-06-29 23:18:05,338 INFO: avg err:0.2888 | err:0.0364 | hippo_02 hippo_01
2026-06-29 23:18:05,594 INFO: avg err:0.2861 | err:0.0000 | hippo_02 hippo_02
2026-06-29 23:18:05,881 INFO: avg err:0.2841 | err:0.0747 | hippo_02 hippo_03
2026-06-29 23:18:06,106 INFO: avg err:0.2819 | err:0.0457 | hippo_02 hippo_04
2026-06-29 23:18:06,493 INFO: avg err:0.2806 | err:0.1448 | hippo_02 hippo_05
2026-06-29 23:18:06,783 INFO: avg err:0.2789 | err:0.0842 | hippo_02 hippo_06
2026-06-29 23:18:07,011 INFO: avg err:0.2806 | err:0.4772 | hippo_02 horse_01
2026-06-29 23:18:07,253 INFO: avg err:0.2825 | err:0.4862 | hippo_02 horse_02
2026-06-29 23:18:07,511 INFO: avg err:0.2843 | err:0.4877 | hippo_02 horse_03
2026-06-29 23:18:07,842 INFO: avg err:0.2860 | err:0.4749 | hippo_02 horse_04
2026-06-29 23:18:08,220 INFO: avg err:0.2877 | err:0.4842 | hippo_02 horse_05
2026-06-29 23:18:08,431 INFO: avg err:0.2894 | err:0.4862 | hippo_02 horse_06
2026-06-29 23:18:08,710 INFO: avg err:0.2910 | err:0.4821 | hippo_02 horse_07
2026-06-29 23:18:08,925 INFO: avg err:0.2927 | err:0.4811 | hippo_02 horse_08
2026-06-29 23:18:09,399 INFO: avg err:0.2942 | err:0.4762 | hippo_02 horse_09
2026-06-29 23:18:09,641 INFO: avg err:0.2955 | err:0.4554 | hippo_02 horse_10
2026-06-29 23:18:10,007 INFO: avg err:0.2967 | err:0.4313 | hippo_03 cougar_01
2026-06-29 23:18:10,326 INFO: avg err:0.2982 | err:0.4846 | hippo_03 cougar_02
2026-06-29 23:18:10,639 INFO: avg err:0.2992 | err:0.4266 | hippo_03 cougar_03
2026-06-29 23:18:10,859 INFO: avg err:0.3005 | err:0.4511 | hippo_03 cougar_04
2026-06-29 23:18:11,169 INFO: avg err:0.2987 | err:0.0778 | hippo_03 hippo_01
2026-06-29 23:18:11,497 INFO: avg err:0.2974 | err:0.1375 | hippo_03 hippo_02
2026-06-29 23:18:11,770 INFO: avg err:0.2951 | err:0.0000 | hippo_03 hippo_03
2026-06-29 23:18:11,980 INFO: avg err:0.2935 | err:0.0945 | hippo_03 hippo_04
2026-06-29 23:18:12,293 INFO: avg err:0.2929 | err:0.2164 | hippo_03 hippo_05
2026-06-29 23:18:12,536 INFO: avg err:0.2914 | err:0.1030 | hippo_03 hippo_06
2026-06-29 23:18:12,953 INFO: avg err:0.2928 | err:0.4717 | hippo_03 horse_01
2026-06-29 23:18:13,181 INFO: avg err:0.2945 | err:0.5155 | hippo_03 horse_02
2026-06-29 23:18:13,601 INFO: avg err:0.2960 | err:0.4899 | hippo_03 horse_03
2026-06-29 23:18:13,918 INFO: avg err:0.2976 | err:0.5075 | hippo_03 horse_04
2026-06-29 23:18:14,241 INFO: avg err:0.2988 | err:0.4703 | hippo_03 horse_05
2026-06-29 23:18:14,559 INFO: avg err:0.3003 | err:0.4969 | hippo_03 horse_06
2026-06-29 23:18:14,815 INFO: avg err:0.3015 | err:0.4592 | hippo_03 horse_07
2026-06-29 23:18:15,037 INFO: avg err:0.3029 | err:0.4996 | hippo_03 horse_08
2026-06-29 23:18:15,342 INFO: avg err:0.3041 | err:0.4759 | hippo_03 horse_09
2026-06-29 23:18:15,599 INFO: avg err:0.3052 | err:0.4599 | hippo_03 horse_10
2026-06-29 23:18:15,818 INFO: avg err:0.3069 | err:0.5349 | hippo_04 cougar_01
2026-06-29 23:18:16,087 INFO: avg err:0.3087 | err:0.5645 | hippo_04 cougar_02
2026-06-29 23:18:16,414 INFO: avg err:0.3104 | err:0.5591 | hippo_04 cougar_03
2026-06-29 23:18:16,736 INFO: avg err:0.3121 | err:0.5556 | hippo_04 cougar_04
2026-06-29 23:18:17,046 INFO: avg err:0.3101 | err:0.0132 | hippo_04 hippo_01
2026-06-29 23:18:17,375 INFO: avg err:0.3082 | err:0.0390 | hippo_04 hippo_02
2026-06-29 23:18:17,659 INFO: avg err:0.3069 | err:0.1084 | hippo_04 hippo_03
2026-06-29 23:18:17,954 INFO: avg err:0.3048 | err:0.0000 | hippo_04 hippo_04
2026-06-29 23:18:18,194 INFO: avg err:0.3040 | err:0.1807 | hippo_04 hippo_05
2026-06-29 23:18:18,458 INFO: avg err:0.3029 | err:0.1417 | hippo_04 hippo_06
2026-06-29 23:18:18,713 INFO: avg err:0.3047 | err:0.5808 | hippo_04 horse_01
2026-06-29 23:18:19,006 INFO: avg err:0.3064 | err:0.5661 | hippo_04 horse_02
2026-06-29 23:18:19,272 INFO: avg err:0.3081 | err:0.5638 | hippo_04 horse_03
2026-06-29 23:18:19,613 INFO: avg err:0.3097 | err:0.5544 | hippo_04 horse_04
2026-06-29 23:18:19,876 INFO: avg err:0.3115 | err:0.5877 | hippo_04 horse_05
2026-06-29 23:18:20,195 INFO: avg err:0.3131 | err:0.5529 | hippo_04 horse_06
2026-06-29 23:18:20,508 INFO: avg err:0.3145 | err:0.5464 | hippo_04 horse_07
2026-06-29 23:18:20,805 INFO: avg err:0.3162 | err:0.5698 | hippo_04 horse_08
2026-06-29 23:18:21,071 INFO: avg err:0.3174 | err:0.5175 | hippo_04 horse_09
2026-06-29 23:18:21,403 INFO: avg err:0.3186 | err:0.4988 | hippo_04 horse_10
2026-06-29 23:18:21,645 INFO: avg err:0.3184 | err:0.2855 | hippo_05 cougar_01
2026-06-29 23:18:21,905 INFO: avg err:0.3185 | err:0.3480 | hippo_05 cougar_02
2026-06-29 23:18:22,140 INFO: avg err:0.3184 | err:0.2893 | hippo_05 cougar_03
2026-06-29 23:18:22,393 INFO: avg err:0.3183 | err:0.3066 | hippo_05 cougar_04
2026-06-29 23:18:22,632 INFO: avg err:0.3173 | err:0.1537 | hippo_05 hippo_01
2026-06-29 23:18:22,859 INFO: avg err:0.3163 | err:0.1454 | hippo_05 hippo_02
2026-06-29 23:18:23,081 INFO: avg err:0.3158 | err:0.2410 | hippo_05 hippo_03
2026-06-29 23:18:23,481 INFO: avg err:0.3149 | err:0.1675 | hippo_05 hippo_04
2026-06-29 23:18:23,701 INFO: avg err:0.3131 | err:0.0000 | hippo_05 hippo_05
2026-06-29 23:18:23,953 INFO: avg err:0.3121 | err:0.1538 | hippo_05 hippo_06
2026-06-29 23:18:24,260 INFO: avg err:0.3119 | err:0.2750 | hippo_05 horse_01
2026-06-29 23:18:24,559 INFO: avg err:0.3119 | err:0.3105 | hippo_05 horse_02
2026-06-29 23:18:24,858 INFO: avg err:0.3120 | err:0.3281 | hippo_05 horse_03
2026-06-29 23:18:25,131 INFO: avg err:0.3122 | err:0.3574 | hippo_05 horse_04
2026-06-29 23:18:25,381 INFO: avg err:0.3123 | err:0.3258 | hippo_05 horse_05
2026-06-29 23:18:25,636 INFO: avg err:0.3126 | err:0.3546 | hippo_05 horse_06
2026-06-29 23:18:25,889 INFO: avg err:0.3127 | err:0.3366 | hippo_05 horse_07
2026-06-29 23:18:26,269 INFO: avg err:0.3128 | err:0.3260 | hippo_05 horse_08
2026-06-29 23:18:26,553 INFO: avg err:0.3130 | err:0.3508 | hippo_05 horse_09
2026-06-29 23:18:26,950 INFO: avg err:0.3131 | err:0.3281 | hippo_05 horse_10
2026-06-29 23:18:27,241 INFO: avg err:0.3139 | err:0.4561 | hippo_06 cougar_01
2026-06-29 23:18:27,549 INFO: avg err:0.3146 | err:0.4484 | hippo_06 cougar_02
2026-06-29 23:18:27,779 INFO: avg err:0.3155 | err:0.4817 | hippo_06 cougar_03
2026-06-29 23:18:28,091 INFO: avg err:0.3164 | err:0.4714 | hippo_06 cougar_04
2026-06-29 23:18:28,373 INFO: avg err:0.3148 | err:0.0197 | hippo_06 hippo_01
2026-06-29 23:18:28,628 INFO: avg err:0.3132 | err:0.0216 | hippo_06 hippo_02
2026-06-29 23:18:28,875 INFO: avg err:0.3122 | err:0.1267 | hippo_06 hippo_03
2026-06-29 23:18:29,375 INFO: avg err:0.3111 | err:0.1010 | hippo_06 hippo_04
2026-06-29 23:18:29,585 INFO: avg err:0.3101 | err:0.1298 | hippo_06 hippo_05
2026-06-29 23:18:29,951 INFO: avg err:0.3085 | err:0.0000 | hippo_06 hippo_06
2026-06-29 23:18:30,161 INFO: avg err:0.3094 | err:0.4869 | hippo_06 horse_01
2026-06-29 23:18:30,488 INFO: avg err:0.3102 | err:0.4674 | hippo_06 horse_02
2026-06-29 23:18:30,699 INFO: avg err:0.3111 | err:0.4768 | hippo_06 horse_03
2026-06-29 23:18:31,053 INFO: avg err:0.3120 | err:0.4957 | hippo_06 horse_04
2026-06-29 23:18:31,348 INFO: avg err:0.3131 | err:0.5141 | hippo_06 horse_05
2026-06-29 23:18:31,605 INFO: avg err:0.3139 | err:0.4793 | hippo_06 horse_06
2026-06-29 23:18:31,843 INFO: avg err:0.3147 | err:0.4571 | hippo_06 horse_07
2026-06-29 23:18:32,186 INFO: avg err:0.3154 | err:0.4614 | hippo_06 horse_08
2026-06-29 23:18:32,434 INFO: avg err:0.3161 | err:0.4633 | hippo_06 horse_09
2026-06-29 23:18:32,806 INFO: avg err:0.3169 | err:0.4592 | hippo_06 horse_10
2026-06-29 23:18:33,113 INFO: avg err:0.3155 | err:0.0388 | horse_01 cougar_01
2026-06-29 23:18:33,340 INFO: avg err:0.3141 | err:0.0461 | horse_01 cougar_02
2026-06-29 23:18:33,580 INFO: avg err:0.3128 | err:0.0388 | horse_01 cougar_03
2026-06-29 23:18:33,839 INFO: avg err:0.3114 | err:0.0389 | horse_01 cougar_04
2026-06-29 23:18:34,060 INFO: avg err:0.3136 | err:0.7594 | horse_01 hippo_01
2026-06-29 23:18:34,481 INFO: avg err:0.3153 | err:0.6515 | horse_01 hippo_02
2026-06-29 23:18:34,718 INFO: avg err:0.3171 | err:0.6926 | horse_01 hippo_03
2026-06-29 23:18:34,964 INFO: avg err:0.3194 | err:0.7974 | horse_01 hippo_04
2026-06-29 23:18:35,200 INFO: avg err:0.3199 | err:0.4176 | horse_01 hippo_05
2026-06-29 23:18:35,446 INFO: avg err:0.3217 | err:0.7128 | horse_01 hippo_06
2026-06-29 23:18:35,697 INFO: avg err:0.3202 | err:0.0000 | horse_01 horse_01
2026-06-29 23:18:35,991 INFO: avg err:0.3188 | err:0.0168 | horse_01 horse_02
2026-06-29 23:18:36,231 INFO: avg err:0.3173 | err:0.0127 | horse_01 horse_03
2026-06-29 23:18:36,662 INFO: avg err:0.3160 | err:0.0205 | horse_01 horse_04
2026-06-29 23:18:36,908 INFO: avg err:0.3146 | err:0.0246 | horse_01 horse_05
2026-06-29 23:18:37,199 INFO: avg err:0.3133 | err:0.0240 | horse_01 horse_06
2026-06-29 23:18:37,422 INFO: avg err:0.3119 | err:0.0224 | horse_01 horse_07
2026-06-29 23:18:38,054 INFO: avg err:0.3106 | err:0.0171 | horse_01 horse_08
2026-06-29 23:18:38,269 INFO: avg err:0.3093 | err:0.0282 | horse_01 horse_09
2026-06-29 23:18:38,786 INFO: avg err:0.3085 | err:0.1303 | horse_01 horse_10
2026-06-29 23:18:39,050 INFO: avg err:0.3072 | err:0.0307 | horse_02 cougar_01
2026-06-29 23:18:39,461 INFO: avg err:0.3060 | err:0.0445 | horse_02 cougar_02
2026-06-29 23:18:39,715 INFO: avg err:0.3048 | err:0.0372 | horse_02 cougar_03
2026-06-29 23:18:39,963 INFO: avg err:0.3036 | err:0.0420 | horse_02 cougar_04
2026-06-29 23:18:40,203 INFO: avg err:0.3060 | err:0.8275 | horse_02 hippo_01
2026-06-29 23:18:40,463 INFO: avg err:0.3080 | err:0.7626 | horse_02 hippo_02
2026-06-29 23:18:40,704 INFO: avg err:0.3098 | err:0.7139 | horse_02 hippo_03
2026-06-29 23:18:40,984 INFO: avg err:0.3120 | err:0.8263 | horse_02 hippo_04
2026-06-29 23:18:41,201 INFO: avg err:0.3124 | err:0.4035 | horse_02 hippo_05
2026-06-29 23:18:41,651 INFO: avg err:0.3142 | err:0.7196 | horse_02 hippo_06
2026-06-29 23:18:41,957 INFO: avg err:0.3129 | err:0.0170 | horse_02 horse_01
2026-06-29 23:18:42,350 INFO: avg err:0.3116 | err:0.0000 | horse_02 horse_02
2026-06-29 23:18:42,683 INFO: avg err:0.3103 | err:0.0136 | horse_02 horse_03
2026-06-29 23:18:43,008 INFO: avg err:0.3091 | err:0.0197 | horse_02 horse_04
2026-06-29 23:18:43,255 INFO: avg err:0.3078 | err:0.0241 | horse_02 horse_05
2026-06-29 23:18:43,557 INFO: avg err:0.3066 | err:0.0206 | horse_02 horse_06
2026-06-29 23:18:43,782 INFO: avg err:0.3054 | err:0.0245 | horse_02 horse_07
2026-06-29 23:18:43,996 INFO: avg err:0.3042 | err:0.0128 | horse_02 horse_08
2026-06-29 23:18:44,226 INFO: avg err:0.3030 | err:0.0156 | horse_02 horse_09
2026-06-29 23:18:44,496 INFO: avg err:0.3022 | err:0.1191 | horse_02 horse_10
2026-06-29 23:18:44,735 INFO: avg err:0.3011 | err:0.0304 | horse_03 cougar_01
2026-06-29 23:18:44,958 INFO: avg err:0.3000 | err:0.0450 | horse_03 cougar_02
2026-06-29 23:18:45,262 INFO: avg err:0.2990 | err:0.0387 | horse_03 cougar_03
2026-06-29 23:18:45,588 INFO: avg err:0.2979 | err:0.0400 | horse_03 cougar_04
2026-06-29 23:18:45,865 INFO: avg err:0.2998 | err:0.7594 | horse_03 hippo_01
2026-06-29 23:18:46,155 INFO: avg err:0.3014 | err:0.7060 | horse_03 hippo_02
2026-06-29 23:18:46,480 INFO: avg err:0.3030 | err:0.6787 | horse_03 hippo_03
2026-06-29 23:18:46,755 INFO: avg err:0.3048 | err:0.7605 | horse_03 hippo_04
2026-06-29 23:18:47,049 INFO: avg err:0.3052 | err:0.3910 | horse_03 hippo_05
2026-06-29 23:18:47,382 INFO: avg err:0.3068 | err:0.7040 | horse_03 hippo_06
2026-06-29 23:18:47,637 INFO: avg err:0.3056 | err:0.0137 | horse_03 horse_01
2026-06-29 23:18:47,915 INFO: avg err:0.3044 | err:0.0113 | horse_03 horse_02
2026-06-29 23:18:48,198 INFO: avg err:0.3032 | err:0.0000 | horse_03 horse_03
2026-06-29 23:18:48,458 INFO: avg err:0.3021 | err:0.0207 | horse_03 horse_04
2026-06-29 23:18:48,744 INFO: avg err:0.3010 | err:0.0259 | horse_03 horse_05
2026-06-29 23:18:49,007 INFO: avg err:0.2999 | err:0.0208 | horse_03 horse_06
2026-06-29 23:18:49,261 INFO: avg err:0.2989 | err:0.0235 | horse_03 horse_07
2026-06-29 23:18:49,481 INFO: avg err:0.2978 | err:0.0155 | horse_03 horse_08
2026-06-29 23:18:49,702 INFO: avg err:0.2967 | err:0.0216 | horse_03 horse_09
2026-06-29 23:18:49,922 INFO: avg err:0.2960 | err:0.1257 | horse_03 horse_10
2026-06-29 23:18:50,305 INFO: avg err:0.2950 | err:0.0337 | horse_04 cougar_01
2026-06-29 23:18:50,551 INFO: avg err:0.2941 | err:0.0416 | horse_04 cougar_02
2026-06-29 23:18:50,933 INFO: avg err:0.2931 | err:0.0380 | horse_04 cougar_03
2026-06-29 23:18:51,278 INFO: avg err:0.2921 | err:0.0416 | horse_04 cougar_04
2026-06-29 23:18:51,583 INFO: avg err:0.2940 | err:0.7832 | horse_04 hippo_01
2026-06-29 23:18:51,804 INFO: avg err:0.2957 | err:0.7529 | horse_04 hippo_02
2026-06-29 23:18:52,093 INFO: avg err:0.2974 | err:0.7368 | horse_04 hippo_03
2026-06-29 23:18:52,427 INFO: avg err:0.2993 | err:0.8186 | horse_04 hippo_04
2026-06-29 23:18:52,825 INFO: avg err:0.2998 | err:0.4443 | horse_04 hippo_05
2026-06-29 23:18:53,134 INFO: avg err:0.3014 | err:0.7216 | horse_04 hippo_06
2026-06-29 23:18:53,386 INFO: avg err:0.3004 | err:0.0194 | horse_04 horse_01
2026-06-29 23:18:53,614 INFO: avg err:0.2993 | err:0.0149 | horse_04 horse_02
2026-06-29 23:18:53,897 INFO: avg err:0.2983 | err:0.0196 | horse_04 horse_03
2026-06-29 23:18:54,140 INFO: avg err:0.2972 | err:0.0000 | horse_04 horse_04
2026-06-29 23:18:54,380 INFO: avg err:0.2962 | err:0.0260 | horse_04 horse_05
2026-06-29 23:18:54,667 INFO: avg err:0.2953 | err:0.0281 | horse_04 horse_06
2026-06-29 23:18:54,943 INFO: avg err:0.2943 | err:0.0249 | horse_04 horse_07
2026-06-29 23:18:55,171 INFO: avg err:0.2933 | err:0.0181 | horse_04 horse_08
2026-06-29 23:18:55,621 INFO: avg err:0.2923 | err:0.0212 | horse_04 horse_09
2026-06-29 23:18:55,918 INFO: avg err:0.2918 | err:0.1390 | horse_04 horse_10
2026-06-29 23:18:56,306 INFO: avg err:0.2909 | err:0.0372 | horse_05 cougar_01
2026-06-29 23:18:56,628 INFO: avg err:0.2900 | err:0.0554 | horse_05 cougar_02
2026-06-29 23:18:56,881 INFO: avg err:0.2891 | err:0.0350 | horse_05 cougar_03
2026-06-29 23:18:57,109 INFO: avg err:0.2882 | err:0.0388 | horse_05 cougar_04
2026-06-29 23:18:57,595 INFO: avg err:0.2899 | err:0.7562 | horse_05 hippo_01
2026-06-29 23:18:57,892 INFO: avg err:0.2916 | err:0.7751 | horse_05 hippo_02
2026-06-29 23:18:58,174 INFO: avg err:0.2930 | err:0.6965 | horse_05 hippo_03
2026-06-29 23:18:58,468 INFO: avg err:0.2949 | err:0.8316 | horse_05 hippo_04
2026-06-29 23:18:58,700 INFO: avg err:0.2954 | err:0.4540 | horse_05 hippo_05
2026-06-29 23:18:58,944 INFO: avg err:0.2969 | err:0.7389 | horse_05 hippo_06
2026-06-29 23:18:59,284 INFO: avg err:0.2960 | err:0.0226 | horse_05 horse_01
2026-06-29 23:18:59,525 INFO: avg err:0.2951 | err:0.0209 | horse_05 horse_02
2026-06-29 23:18:59,799 INFO: avg err:0.2941 | err:0.0198 | horse_05 horse_03
2026-06-29 23:19:00,055 INFO: avg err:0.2932 | err:0.0236 | horse_05 horse_04
2026-06-29 23:19:00,422 INFO: avg err:0.2922 | err:0.0000 | horse_05 horse_05
2026-06-29 23:19:00,630 INFO: avg err:0.2913 | err:0.0276 | horse_05 horse_06
2026-06-29 23:19:01,197 INFO: avg err:0.2904 | err:0.0278 | horse_05 horse_07
2026-06-29 23:19:01,500 INFO: avg err:0.2895 | err:0.0224 | horse_05 horse_08
2026-06-29 23:19:01,830 INFO: avg err:0.2887 | err:0.0352 | horse_05 horse_09
2026-06-29 23:19:02,079 INFO: avg err:0.2882 | err:0.1348 | horse_05 horse_10
2026-06-29 23:19:02,410 INFO: avg err:0.2873 | err:0.0337 | horse_06 cougar_01
2026-06-29 23:19:02,663 INFO: avg err:0.2865 | err:0.0445 | horse_06 cougar_02
2026-06-29 23:19:02,884 INFO: avg err:0.2857 | err:0.0407 | horse_06 cougar_03
2026-06-29 23:19:03,123 INFO: avg err:0.2849 | err:0.0346 | horse_06 cougar_04
2026-06-29 23:19:03,428 INFO: avg err:0.2868 | err:0.8735 | horse_06 hippo_01
2026-06-29 23:19:03,683 INFO: avg err:0.2884 | err:0.7894 | horse_06 hippo_02
2026-06-29 23:19:03,937 INFO: avg err:0.2898 | err:0.7183 | horse_06 hippo_03
2026-06-29 23:19:04,249 INFO: avg err:0.2917 | err:0.8699 | horse_06 hippo_04
2026-06-29 23:19:04,751 INFO: avg err:0.2924 | err:0.4909 | horse_06 hippo_05
2026-06-29 23:19:05,060 INFO: avg err:0.2939 | err:0.7625 | horse_06 hippo_06
2026-06-29 23:19:05,426 INFO: avg err:0.2930 | err:0.0198 | horse_06 horse_01
2026-06-29 23:19:05,718 INFO: avg err:0.2921 | err:0.0192 | horse_06 horse_02
2026-06-29 23:19:05,990 INFO: avg err:0.2913 | err:0.0184 | horse_06 horse_03
2026-06-29 23:19:06,227 INFO: avg err:0.2904 | err:0.0260 | horse_06 horse_04
2026-06-29 23:19:06,453 INFO: avg err:0.2896 | err:0.0285 | horse_06 horse_05
2026-06-29 23:19:06,676 INFO: avg err:0.2887 | err:0.0000 | horse_06 horse_06
2026-06-29 23:19:06,935 INFO: avg err:0.2878 | err:0.0172 | horse_06 horse_07
2026-06-29 23:19:07,207 INFO: avg err:0.2870 | err:0.0199 | horse_06 horse_08
2026-06-29 23:19:07,433 INFO: avg err:0.2862 | err:0.0299 | horse_06 horse_09
2026-06-29 23:19:07,702 INFO: avg err:0.2856 | err:0.1207 | horse_06 horse_10
2026-06-29 23:19:08,016 INFO: avg err:0.2848 | err:0.0321 | horse_07 cougar_01
2026-06-29 23:19:08,296 INFO: avg err:0.2841 | err:0.0424 | horse_07 cougar_02
2026-06-29 23:19:08,615 INFO: avg err:0.2833 | err:0.0386 | horse_07 cougar_03
2026-06-29 23:19:08,882 INFO: avg err:0.2826 | err:0.0310 | horse_07 cougar_04
2026-06-29 23:19:09,140 INFO: avg err:0.2843 | err:0.8428 | horse_07 hippo_01
2026-06-29 23:19:09,465 INFO: avg err:0.2858 | err:0.7928 | horse_07 hippo_02
2026-06-29 23:19:09,727 INFO: avg err:0.2872 | err:0.7287 | horse_07 hippo_03
2026-06-29 23:19:09,964 INFO: avg err:0.2890 | err:0.8784 | horse_07 hippo_04
2026-06-29 23:19:10,338 INFO: avg err:0.2894 | err:0.4214 | horse_07 hippo_05
2026-06-29 23:19:10,644 INFO: avg err:0.2908 | err:0.7588 | horse_07 hippo_06
2026-06-29 23:19:10,888 INFO: avg err:0.2900 | err:0.0204 | horse_07 horse_01
2026-06-29 23:19:11,216 INFO: avg err:0.2892 | err:0.0212 | horse_07 horse_02
2026-06-29 23:19:11,442 INFO: avg err:0.2884 | err:0.0218 | horse_07 horse_03
2026-06-29 23:19:11,738 INFO: avg err:0.2876 | err:0.0252 | horse_07 horse_04
2026-06-29 23:19:11,969 INFO: avg err:0.2868 | err:0.0285 | horse_07 horse_05
2026-06-29 23:19:12,508 INFO: avg err:0.2860 | err:0.0192 | horse_07 horse_06
2026-06-29 23:19:12,750 INFO: avg err:0.2852 | err:0.0000 | horse_07 horse_07
2026-06-29 23:19:13,111 INFO: avg err:0.2844 | err:0.0220 | horse_07 horse_08
2026-06-29 23:19:13,322 INFO: avg err:0.2837 | err:0.0299 | horse_07 horse_09
2026-06-29 23:19:13,660 INFO: avg err:0.2832 | err:0.1343 | horse_07 horse_10
2026-06-29 23:19:13,906 INFO: avg err:0.2825 | err:0.0322 | horse_08 cougar_01
2026-06-29 23:19:14,325 INFO: avg err:0.2818 | err:0.0432 | horse_08 cougar_02
2026-06-29 23:19:14,545 INFO: avg err:0.2811 | err:0.0381 | horse_08 cougar_03
2026-06-29 23:19:14,918 INFO: avg err:0.2804 | err:0.0379 | horse_08 cougar_04
2026-06-29 23:19:15,155 INFO: avg err:0.2820 | err:0.8345 | horse_08 hippo_01
2026-06-29 23:19:15,658 INFO: avg err:0.2834 | err:0.7676 | horse_08 hippo_02
2026-06-29 23:19:15,890 INFO: avg err:0.2845 | err:0.6725 | horse_08 hippo_03
2026-06-29 23:19:16,186 INFO: avg err:0.2860 | err:0.8112 | horse_08 hippo_04
2026-06-29 23:19:16,484 INFO: avg err:0.2864 | err:0.4375 | horse_08 hippo_05
2026-06-29 23:19:16,751 INFO: avg err:0.2877 | err:0.7170 | horse_08 hippo_06
2026-06-29 23:19:16,983 INFO: avg err:0.2869 | err:0.0172 | horse_08 horse_01
2026-06-29 23:19:17,226 INFO: avg err:0.2861 | err:0.0128 | horse_08 horse_02
2026-06-29 23:19:17,468 INFO: avg err:0.2854 | err:0.0174 | horse_08 horse_03
2026-06-29 23:19:17,718 INFO: avg err:0.2846 | err:0.0205 | horse_08 horse_04
2026-06-29 23:19:17,945 INFO: avg err:0.2839 | err:0.0268 | horse_08 horse_05
2026-06-29 23:19:18,352 INFO: avg err:0.2831 | err:0.0204 | horse_08 horse_06
2026-06-29 23:19:18,664 INFO: avg err:0.2824 | err:0.0238 | horse_08 horse_07
2026-06-29 23:19:19,009 INFO: avg err:0.2816 | err:0.0000 | horse_08 horse_08
2026-06-29 23:19:19,342 INFO: avg err:0.2809 | err:0.0177 | horse_08 horse_09
2026-06-29 23:19:19,661 INFO: avg err:0.2805 | err:0.1370 | horse_08 horse_10
2026-06-29 23:19:19,988 INFO: avg err:0.2798 | err:0.0395 | horse_09 cougar_01
2026-06-29 23:19:20,261 INFO: avg err:0.2792 | err:0.0548 | horse_09 cougar_02
2026-06-29 23:19:20,533 INFO: avg err:0.2786 | err:0.0471 | horse_09 cougar_03
2026-06-29 23:19:20,775 INFO: avg err:0.2779 | err:0.0443 | horse_09 cougar_04
2026-06-29 23:19:21,060 INFO: avg err:0.2791 | err:0.6973 | horse_09 hippo_01
2026-06-29 23:19:21,289 INFO: avg err:0.2801 | err:0.6557 | horse_09 hippo_02
2026-06-29 23:19:21,678 INFO: avg err:0.2811 | err:0.6284 | horse_09 hippo_03
2026-06-29 23:19:21,934 INFO: avg err:0.2824 | err:0.7619 | horse_09 hippo_04
2026-06-29 23:19:22,391 INFO: avg err:0.2827 | err:0.4259 | horse_09 hippo_05
2026-06-29 23:19:22,645 INFO: avg err:0.2836 | err:0.5859 | horse_09 hippo_06
2026-06-29 23:19:22,917 INFO: avg err:0.2828 | err:0.0168 | horse_09 horse_01
2026-06-29 23:19:23,144 INFO: avg err:0.2821 | err:0.0147 | horse_09 horse_02
2026-06-29 23:19:23,646 INFO: avg err:0.2814 | err:0.0171 | horse_09 horse_03
2026-06-29 23:19:23,881 INFO: avg err:0.2807 | err:0.0218 | horse_09 horse_04
2026-06-29 23:19:24,174 INFO: avg err:0.2800 | err:0.0281 | horse_09 horse_05
2026-06-29 23:19:24,440 INFO: avg err:0.2794 | err:0.0266 | horse_09 horse_06
2026-06-29 23:19:24,839 INFO: avg err:0.2787 | err:0.0259 | horse_09 horse_07
2026-06-29 23:19:25,079 INFO: avg err:0.2780 | err:0.0150 | horse_09 horse_08
2026-06-29 23:19:25,316 INFO: avg err:0.2773 | err:0.0000 | horse_09 horse_09
2026-06-29 23:19:25,548 INFO: avg err:0.2766 | err:0.0263 | horse_09 horse_10
2026-06-29 23:19:25,826 INFO: avg err:0.2763 | err:0.1448 | horse_10 cougar_01
2026-06-29 23:19:26,060 INFO: avg err:0.2758 | err:0.1179 | horse_10 cougar_02
2026-06-29 23:19:26,493 INFO: avg err:0.2755 | err:0.1438 | horse_10 cougar_03
2026-06-29 23:19:26,742 INFO: avg err:0.2751 | err:0.1161 | horse_10 cougar_04
2026-06-29 23:19:27,018 INFO: avg err:0.2762 | err:0.7032 | horse_10 hippo_01
2026-06-29 23:19:27,251 INFO: avg err:0.2771 | err:0.6421 | horse_10 hippo_02
2026-06-29 23:19:27,640 INFO: avg err:0.2782 | err:0.6697 | horse_10 hippo_03
2026-06-29 23:19:27,946 INFO: avg err:0.2790 | err:0.6127 | horse_10 hippo_04
2026-06-29 23:19:28,204 INFO: avg err:0.2796 | err:0.4873 | horse_10 hippo_05
2026-06-29 23:19:28,444 INFO: avg err:0.2804 | err:0.6226 | horse_10 hippo_06
2026-06-29 23:19:28,802 INFO: avg err:0.2799 | err:0.0791 | horse_10 horse_01
2026-06-29 23:19:29,123 INFO: avg err:0.2793 | err:0.0531 | horse_10 horse_02
2026-06-29 23:19:29,344 INFO: avg err:0.2788 | err:0.0571 | horse_10 horse_03
2026-06-29 23:19:29,668 INFO: avg err:0.2782 | err:0.0499 | horse_10 horse_04
2026-06-29 23:19:29,947 INFO: avg err:0.2776 | err:0.0505 | horse_10 horse_05
2026-06-29 23:19:30,282 INFO: avg err:0.2770 | err:0.0440 | horse_10 horse_06
2026-06-29 23:19:30,506 INFO: avg err:0.2765 | err:0.0696 | horse_10 horse_07
2026-06-29 23:19:30,977 INFO: avg err:0.2759 | err:0.0389 | horse_10 horse_08
2026-06-29 23:19:31,206 INFO: avg err:0.2753 | err:0.0478 | horse_10 horse_09
2026-06-29 23:19:31,492 INFO: avg err:0.2747 | err:0.0000 | horse_10 horse_10
2026-06-29 23:19:31,518 INFO: Avg time: 0.1009
2026-06-29 23:19:32,061 INFO: Val auc: 0.5371
2026-06-29 23:19:32,066 INFO: Val avg error: 0.2747
2026-06-29 23:19:32,071 INFO: Best model is updated, average geodesic error: 0.2747
2026-06-29 23:19:32,129 INFO: [ONB diag] max|Q-I|: mean=3.1488e-03 max=4.0010e-03 | max|Φ̃ᵀMΦ̃-I|: mean=7.5713e-07 max=9.5367e-07
2026-06-29 23:19:38,126 INFO: [smal_..][epoch:  3, iter:   2,020, lr:(9.780e-04,9.780e-04,)][eta: 1:31:29, time (data): 0.311 (0.014)]l_bij: 1.2192e+02 l_orth: 1.2416e+02 l_align: 1.0426e+02 l_qreg: 1.6383e-01 l_total: 3.5049e+02 
2026-06-29 23:19:44,280 INFO: [smal_..][epoch:  3, iter:   2,040, lr:(9.780e-04,9.780e-04,)][eta: 1:31:12, time (data): 0.309 (0.014)]l_bij: 1.3053e+02 l_orth: 1.3057e+02 l_align: 1.0678e+02 l_qreg: 1.8687e-01 l_total: 3.6807e+02 
2026-06-29 23:19:50,409 INFO: [smal_..][epoch:  3, iter:   2,060, lr:(9.780e-04,9.780e-04,)][eta: 1:30:56, time (data): 0.308 (0.014)]l_bij: 7.9832e+01 l_orth: 9.1043e+01 l_align: 9.7123e+01 l_qreg: 1.4806e-01 l_total: 2.6815e+02 
2026-06-29 23:19:56,515 INFO: [smal_..][epoch:  3, iter:   2,080, lr:(9.780e-04,9.780e-04,)][eta: 1:30:39, time (data): 0.307 (0.015)]l_bij: 1.3208e+02 l_orth: 1.3360e+02 l_align: 1.1398e+02 l_qreg: 2.1224e-01 l_total: 3.7987e+02 
2026-06-29 23:20:02,654 INFO: [smal_..][epoch:  3, iter:   2,100, lr:(9.780e-04,9.780e-04,)][eta: 1:30:23, time (data): 0.307 (0.014)]l_bij: 1.8552e+01 l_orth: 5.9728e+01 l_align: 1.3267e+02 l_qreg: 1.4255e-01 l_total: 2.1109e+02 
2026-06-29 23:20:08,782 INFO: [smal_..][epoch:  3, iter:   2,120, lr:(9.780e-04,9.780e-04,)][eta: 1:30:07, time (data): 0.307 (0.014)]l_bij: 1.5647e+02 l_orth: 1.5076e+02 l_align: 1.1266e+02 l_qreg: 9.1687e-02 l_total: 4.1999e+02 
2026-06-29 23:20:14,953 INFO: [smal_..][epoch:  3, iter:   2,140, lr:(9.780e-04,9.780e-04,)][eta: 1:29:52, time (data): 0.307 (0.014)]l_bij: 1.2310e+02 l_orth: 1.2780e+02 l_align: 9.3722e+01 l_qreg: 1.7633e-01 l_total: 3.4480e+02 
2026-06-29 23:20:21,082 INFO: [smal_..][epoch:  3, iter:   2,160, lr:(9.780e-04,9.780e-04,)][eta: 1:29:36, time (data): 0.307 (0.014)]l_bij: 1.2775e+02 l_orth: 1.2751e+02 l_align: 1.0118e+02 l_qreg: 1.1123e-01 l_total: 3.5655e+02 
2026-06-29 23:20:27,249 INFO: [smal_..][epoch:  3, iter:   2,180, lr:(9.780e-04,9.780e-04,)][eta: 1:29:21, time (data): 0.307 (0.014)]l_bij: 1.3223e+02 l_orth: 1.3209e+02 l_align: 1.0443e+02 l_qreg: 1.1908e-01 l_total: 3.6887e+02 
2026-06-29 23:20:33,393 INFO: [smal_..][epoch:  3, iter:   2,200, lr:(9.780e-04,9.780e-04,)][eta: 1:29:06, time (data): 0.307 (0.014)]l_bij: 1.1582e+02 l_orth: 1.1823e+02 l_align: 9.4275e+01 l_qreg: 2.1084e-01 l_total: 3.2854e+02 
2026-06-29 23:20:39,648 INFO: [smal_..][epoch:  3, iter:   2,220, lr:(9.780e-04,9.780e-04,)][eta: 1:28:51, time (data): 0.314 (0.015)]l_bij: 1.1741e+02 l_orth: 1.2297e+02 l_align: 9.5939e+01 l_qreg: 2.1303e-01 l_total: 3.3653e+02 
2026-06-29 23:20:45,780 INFO: [smal_..][epoch:  3, iter:   2,240, lr:(9.780e-04,9.780e-04,)][eta: 1:28:36, time (data): 0.309 (0.014)]l_bij: 8.3212e+01 l_orth: 9.8911e+01 l_align: 1.0047e+02 l_qreg: 1.6410e-01 l_total: 2.8276e+02 
2026-06-29 23:20:51,949 INFO: [smal_..][epoch:  3, iter:   2,260, lr:(9.780e-04,9.780e-04,)][eta: 1:28:22, time (data): 0.308 (0.014)]l_bij: 1.2656e+02 l_orth: 1.2567e+02 l_align: 9.1902e+01 l_qreg: 1.6150e-01 l_total: 3.4429e+02 
2026-06-29 23:20:58,165 INFO: [smal_..][epoch:  3, iter:   2,280, lr:(9.780e-04,9.780e-04,)][eta: 1:28:08, time (data): 0.309 (0.014)]l_bij: 1.1956e+02 l_orth: 1.2298e+02 l_align: 1.0454e+02 l_qreg: 2.1617e-01 l_total: 3.4729e+02 
2026-06-29 23:21:04,350 INFO: [smal_..][epoch:  3, iter:   2,300, lr:(9.780e-04,9.780e-04,)][eta: 1:27:54, time (data): 0.309 (0.014)]l_bij: 1.1725e+02 l_orth: 1.2260e+02 l_align: 9.9034e+01 l_qreg: 1.6766e-01 l_total: 3.3906e+02 
2026-06-29 23:21:10,525 INFO: [smal_..][epoch:  3, iter:   2,320, lr:(9.780e-04,9.780e-04,)][eta: 1:27:40, time (data): 0.309 (0.014)]l_bij: 1.2866e+02 l_orth: 1.2945e+02 l_align: 1.0321e+02 l_qreg: 1.5794e-01 l_total: 3.6147e+02 
2026-06-29 23:21:16,664 INFO: [smal_..][epoch:  3, iter:   2,340, lr:(9.780e-04,9.780e-04,)][eta: 1:27:25, time (data): 0.309 (0.014)]l_bij: 1.1850e+02 l_orth: 1.2148e+02 l_align: 9.7162e+01 l_qreg: 1.7308e-01 l_total: 3.3732e+02 
2026-06-29 23:21:22,840 INFO: [smal_..][epoch:  3, iter:   2,360, lr:(9.780e-04,9.780e-04,)][eta: 1:27:12, time (data): 0.309 (0.014)]l_bij: 9.1786e+01 l_orth: 1.0104e+02 l_align: 9.7022e+01 l_qreg: 1.8905e-01 l_total: 2.9004e+02 
2026-06-29 23:21:29,054 INFO: [smal_..][epoch:  3, iter:   2,380, lr:(9.780e-04,9.780e-04,)][eta: 1:26:58, time (data): 0.309 (0.014)]l_bij: 1.0381e+02 l_orth: 1.1152e+02 l_align: 1.0147e+02 l_qreg: 1.5949e-01 l_total: 3.1697e+02 
2026-06-29 23:21:35,183 INFO: [smal_..][epoch:  3, iter:   2,400, lr:(9.780e-04,9.780e-04,)][eta: 1:26:44, time (data): 0.309 (0.014)]l_bij: 1.3011e+02 l_orth: 1.3217e+02 l_align: 1.0118e+02 l_qreg: 1.6998e-01 l_total: 3.6362e+02 
2026-06-29 23:21:41,393 INFO: [smal_..][epoch:  3, iter:   2,420, lr:(9.780e-04,9.780e-04,)][eta: 1:26:31, time (data): 0.316 (0.014)]l_bij: 1.3100e+02 l_orth: 1.2916e+02 l_align: 1.0765e+02 l_qreg: 1.7773e-01 l_total: 3.6798e+02 
2026-06-29 23:21:47,548 INFO: [smal_..][epoch:  3, iter:   2,440, lr:(9.780e-04,9.780e-04,)][eta: 1:26:18, time (data): 0.310 (0.015)]l_bij: 9.7924e+01 l_orth: 1.0751e+02 l_align: 1.0425e+02 l_qreg: 1.2157e-01 l_total: 3.0981e+02 
2026-06-29 23:21:53,745 INFO: [smal_..][epoch:  3, iter:   2,460, lr:(9.780e-04,9.780e-04,)][eta: 1:26:05, time (data): 0.310 (0.015)]l_bij: 1.2558e+02 l_orth: 1.2836e+02 l_align: 1.0425e+02 l_qreg: 2.2382e-01 l_total: 3.5841e+02 
2026-06-29 23:22:00,010 INFO: [smal_..][epoch:  3, iter:   2,480, lr:(9.780e-04,9.780e-04,)][eta: 1:25:52, time (data): 0.311 (0.015)]l_bij: 1.3896e+02 l_orth: 1.3956e+02 l_align: 1.0927e+02 l_qreg: 1.7211e-01 l_total: 3.8796e+02 
2026-06-29 23:22:06,250 INFO: [smal_..][epoch:  3, iter:   2,500, lr:(9.780e-04,9.780e-04,)][eta: 1:25:39, time (data): 0.311 (0.015)]l_bij: 1.2667e+02 l_orth: 1.2807e+02 l_align: 1.0913e+02 l_qreg: 2.1198e-01 l_total: 3.6408e+02 
2026-06-29 23:22:12,593 INFO: [smal_..][epoch:  3, iter:   2,520, lr:(9.780e-04,9.780e-04,)][eta: 1:25:28, time (data): 0.312 (0.015)]l_bij: 1.3529e+02 l_orth: 1.3454e+02 l_align: 1.0123e+02 l_qreg: 1.8032e-01 l_total: 3.7125e+02 
2026-06-29 23:22:19,206 INFO: [smal_..][epoch:  4, iter:   2,540, lr:(9.510e-04,9.510e-04,)][eta: 1:25:17, time (data): 0.315 (0.017)]l_bij: 1.3224e+02 l_orth: 1.3092e+02 l_align: 9.4525e+01 l_qreg: 2.4714e-01 l_total: 3.5794e+02 
2026-06-29 23:22:25,531 INFO: [smal_..][epoch:  4, iter:   2,560, lr:(9.510e-04,9.510e-04,)][eta: 1:25:05, time (data): 0.315 (0.017)]l_bij: 1.3313e+02 l_orth: 1.3528e+02 l_align: 1.0809e+02 l_qreg: 2.7661e-01 l_total: 3.7677e+02 
2026-06-29 23:22:31,739 INFO: [smal_..][epoch:  4, iter:   2,580, lr:(9.510e-04,9.510e-04,)][eta: 1:24:53, time (data): 0.314 (0.016)]l_bij: 1.3637e+02 l_orth: 1.3531e+02 l_align: 1.0618e+02 l_qreg: 1.5800e-01 l_total: 3.7802e+02 
2026-06-29 23:22:38,327 INFO: [smal_..][epoch:  4, iter:   2,600, lr:(9.510e-04,9.510e-04,)][eta: 1:24:43, time (data): 0.316 (0.016)]l_bij: 8.3469e+01 l_orth: 9.4007e+01 l_align: 9.1719e+01 l_qreg: 2.9117e-01 l_total: 2.6948e+02 
2026-06-29 23:22:45,139 INFO: [smal_..][epoch:  4, iter:   2,620, lr:(9.510e-04,9.510e-04,)][eta: 1:24:34, time (data): 0.331 (0.014)]l_bij: 1.4137e+02 l_orth: 1.3695e+02 l_align: 9.9197e+01 l_qreg: 2.7710e-01 l_total: 3.7779e+02 
2026-06-29 23:22:51,426 INFO: [smal_..][epoch:  4, iter:   2,640, lr:(9.510e-04,9.510e-04,)][eta: 1:24:22, time (data): 0.318 (0.014)]l_bij: 1.2890e+02 l_orth: 1.2750e+02 l_align: 1.0233e+02 l_qreg: 2.1478e-01 l_total: 3.5895e+02 
2026-06-29 23:22:57,960 INFO: [smal_..][epoch:  4, iter:   2,660, lr:(9.510e-04,9.510e-04,)][eta: 1:24:12, time (data): 0.322 (0.014)]l_bij: 1.2951e+02 l_orth: 1.2798e+02 l_align: 1.0315e+02 l_qreg: 3.0261e-01 l_total: 3.6093e+02 
2026-06-29 23:23:04,249 INFO: [smal_..][epoch:  4, iter:   2,680, lr:(9.510e-04,9.510e-04,)][eta: 1:24:00, time (data): 0.320 (0.015)]l_bij: 1.1452e+02 l_orth: 1.1799e+02 l_align: 9.7790e+01 l_qreg: 2.3837e-01 l_total: 3.3054e+02 
2026-06-29 23:23:10,521 INFO: [smal_..][epoch:  4, iter:   2,700, lr:(9.510e-04,9.510e-04,)][eta: 1:23:48, time (data): 0.318 (0.015)]l_bij: 1.0484e+02 l_orth: 1.0999e+02 l_align: 1.0151e+02 l_qreg: 2.7664e-01 l_total: 3.1662e+02 
2026-06-29 23:23:16,801 INFO: [smal_..][epoch:  4, iter:   2,720, lr:(9.510e-04,9.510e-04,)][eta: 1:23:37, time (data): 0.317 (0.015)]l_bij: 1.2720e+02 l_orth: 1.2764e+02 l_align: 1.0374e+02 l_qreg: 2.4774e-01 l_total: 3.5883e+02 
2026-06-29 23:23:23,265 INFO: [smal_..][epoch:  4, iter:   2,740, lr:(9.510e-04,9.510e-04,)][eta: 1:23:26, time (data): 0.318 (0.015)]l_bij: 1.3276e+02 l_orth: 1.3406e+02 l_align: 1.0162e+02 l_qreg: 2.6472e-01 l_total: 3.6871e+02 
2026-06-29 23:23:29,596 INFO: [smal_..][epoch:  4, iter:   2,760, lr:(9.510e-04,9.510e-04,)][eta: 1:23:15, time (data): 0.318 (0.015)]l_bij: 1.3608e+02 l_orth: 1.3354e+02 l_align: 1.0287e+02 l_qreg: 5.4861e-01 l_total: 3.7304e+02 
2026-06-29 23:23:35,908 INFO: [smal_..][epoch:  4, iter:   2,780, lr:(9.510e-04,9.510e-04,)][eta: 1:23:04, time (data): 0.318 (0.015)]l_bij: 1.2042e+02 l_orth: 1.2284e+02 l_align: 9.4742e+01 l_qreg: 1.9569e-01 l_total: 3.3820e+02 
2026-06-29 23:23:42,287 INFO: [smal_..][epoch:  4, iter:   2,800, lr:(9.510e-04,9.510e-04,)][eta: 1:22:53, time (data): 0.318 (0.015)]l_bij: 1.2388e+02 l_orth: 1.2538e+02 l_align: 9.8816e+01 l_qreg: 2.1285e-01 l_total: 3.4829e+02 
2026-06-29 23:23:48,668 INFO: [smal_..][epoch:  4, iter:   2,820, lr:(9.510e-04,9.510e-04,)][eta: 1:22:43, time (data): 0.316 (0.015)]l_bij: 1.2101e+02 l_orth: 1.2175e+02 l_align: 1.0305e+02 l_qreg: 3.0131e-01 l_total: 3.4612e+02 
2026-06-29 23:23:55,032 INFO: [smal_..][epoch:  4, iter:   2,840, lr:(9.510e-04,9.510e-04,)][eta: 1:22:32, time (data): 0.317 (0.014)]l_bij: 1.1729e+02 l_orth: 1.2267e+02 l_align: 9.9884e+01 l_qreg: 2.2462e-01 l_total: 3.4007e+02 
2026-06-29 23:24:01,331 INFO: [smal_..][epoch:  4, iter:   2,860, lr:(9.510e-04,9.510e-04,)][eta: 1:22:21, time (data): 0.316 (0.015)]l_bij: 1.2511e+02 l_orth: 1.2390e+02 l_align: 9.1665e+01 l_qreg: 2.2812e-01 l_total: 3.4091e+02 
2026-06-29 23:24:07,615 INFO: [smal_..][epoch:  4, iter:   2,880, lr:(9.510e-04,9.510e-04,)][eta: 1:22:10, time (data): 0.315 (0.015)]l_bij: 1.4666e+02 l_orth: 1.4406e+02 l_align: 1.0608e+02 l_qreg: 3.0740e-01 l_total: 3.9711e+02 
2026-06-29 23:24:13,938 INFO: [smal_..][epoch:  4, iter:   2,900, lr:(9.510e-04,9.510e-04,)][eta: 1:22:00, time (data): 0.316 (0.014)]l_bij: 1.0489e+02 l_orth: 1.1240e+02 l_align: 9.2921e+01 l_qreg: 2.8859e-01 l_total: 3.1049e+02 
2026-06-29 23:24:20,264 INFO: [smal_..][epoch:  4, iter:   2,920, lr:(9.510e-04,9.510e-04,)][eta: 1:21:49, time (data): 0.316 (0.015)]l_bij: 2.0657e+01 l_orth: 5.3536e+01 l_align: 1.2011e+02 l_qreg: 2.7484e-01 l_total: 1.9458e+02 
2026-06-29 23:24:26,650 INFO: [smal_..][epoch:  4, iter:   2,940, lr:(9.510e-04,9.510e-04,)][eta: 1:21:39, time (data): 0.316 (0.014)]l_bij: 1.4605e+02 l_orth: 1.4118e+02 l_align: 1.0454e+02 l_qreg: 2.4482e-01 l_total: 3.9202e+02 
2026-06-29 23:24:32,944 INFO: [smal_..][epoch:  4, iter:   2,960, lr:(9.510e-04,9.510e-04,)][eta: 1:21:28, time (data): 0.316 (0.014)]l_bij: 1.2338e+02 l_orth: 1.2333e+02 l_align: 9.2315e+01 l_qreg: 2.2942e-01 l_total: 3.3926e+02 
2026-06-29 23:24:39,226 INFO: [smal_..][epoch:  4, iter:   2,980, lr:(9.510e-04,9.510e-04,)][eta: 1:21:17, time (data): 0.316 (0.014)]l_bij: 1.3397e+02 l_orth: 1.3272e+02 l_align: 1.0366e+02 l_qreg: 2.9258e-01 l_total: 3.7065e+02 
2026-06-29 23:24:45,541 INFO: [smal_..][epoch:  4, iter:   3,000, lr:(9.510e-04,9.510e-04,)][eta: 1:21:07, time (data): 0.316 (0.014)]l_bij: 1.1826e+02 l_orth: 1.2005e+02 l_align: 9.6158e+01 l_qreg: 3.4855e-01 l_total: 3.3481e+02 
2026-06-29 23:24:52,000 INFO: [smal_..][epoch:  4, iter:   3,020, lr:(9.510e-04,9.510e-04,)][eta: 1:20:57, time (data): 0.325 (0.014)]l_bij: 9.0656e+01 l_orth: 1.0259e+02 l_align: 9.6629e+01 l_qreg: 2.1983e-01 l_total: 2.9010e+02 
2026-06-29 23:24:58,365 INFO: [smal_..][epoch:  4, iter:   3,040, lr:(9.510e-04,9.510e-04,)][eta: 1:20:47, time (data): 0.319 (0.014)]l_bij: 1.1745e+02 l_orth: 1.2350e+02 l_align: 1.0301e+02 l_qreg: 3.2103e-01 l_total: 3.4427e+02 
2026-06-29 23:25:04,678 INFO: [smal_..][epoch:  4, iter:   3,060, lr:(9.510e-04,9.510e-04,)][eta: 1:20:37, time (data): 0.318 (0.014)]l_bij: 8.2125e+01 l_orth: 9.1831e+01 l_align: 8.9262e+01 l_qreg: 2.0592e-01 l_total: 2.6342e+02 
2026-06-29 23:25:10,974 INFO: [smal_..][epoch:  4, iter:   3,080, lr:(9.510e-04,9.510e-04,)][eta: 1:20:27, time (data): 0.317 (0.015)]l_bij: 1.3076e+02 l_orth: 1.2927e+02 l_align: 9.6041e+01 l_qreg: 3.0967e-01 l_total: 3.5638e+02 
2026-06-29 23:25:17,250 INFO: [smal_..][epoch:  4, iter:   3,100, lr:(9.510e-04,9.510e-04,)][eta: 1:20:16, time (data): 0.316 (0.015)]l_bij: 1.2981e+02 l_orth: 1.3110e+02 l_align: 9.6593e+01 l_qreg: 2.6272e-01 l_total: 3.5777e+02 
2026-06-29 23:25:23,559 INFO: [smal_..][epoch:  4, iter:   3,120, lr:(9.510e-04,9.510e-04,)][eta: 1:20:06, time (data): 0.316 (0.015)]l_bij: 1.2673e+02 l_orth: 1.2656e+02 l_align: 1.0032e+02 l_qreg: 3.1759e-01 l_total: 3.5392e+02 
2026-06-29 23:25:29,871 INFO: [smal_..][epoch:  4, iter:   3,140, lr:(9.510e-04,9.510e-04,)][eta: 1:19:56, time (data): 0.316 (0.015)]l_bij: 1.3037e+02 l_orth: 1.2929e+02 l_align: 9.3687e+01 l_qreg: 2.2057e-01 l_total: 3.5357e+02 
2026-06-29 23:25:36,083 INFO: [smal_..][epoch:  4, iter:   3,160, lr:(9.510e-04,9.510e-04,)][eta: 1:19:46, time (data): 0.315 (0.015)]l_bij: 1.1265e+02 l_orth: 1.1721e+02 l_align: 1.0223e+02 l_qreg: 3.1220e-01 l_total: 3.3240e+02 
2026-06-29 23:25:42,296 INFO: [smal_..][epoch:  4, iter:   3,180, lr:(9.510e-04,9.510e-04,)][eta: 1:19:35, time (data): 0.314 (0.015)]l_bij: 1.1981e+02 l_orth: 1.2119e+02 l_align: 9.2529e+01 l_qreg: 3.1960e-01 l_total: 3.3385e+02 
2026-06-29 23:25:48,521 INFO: [smal_..][epoch:  4, iter:   3,200, lr:(9.510e-04,9.510e-04,)][eta: 1:19:25, time (data): 0.314 (0.015)]l_bij: 1.0855e+02 l_orth: 1.1377e+02 l_align: 9.3782e+01 l_qreg: 2.4245e-01 l_total: 3.1634e+02 
2026-06-29 23:25:54,832 INFO: [smal_..][epoch:  4, iter:   3,220, lr:(9.510e-04,9.510e-04,)][eta: 1:19:15, time (data): 0.323 (0.014)]l_bij: 1.2632e+02 l_orth: 1.2911e+02 l_align: 1.0057e+02 l_qreg: 2.6598e-01 l_total: 3.5626e+02 
2026-06-29 23:26:01,246 INFO: [smal_..][epoch:  4, iter:   3,240, lr:(9.510e-04,9.510e-04,)][eta: 1:19:05, time (data): 0.321 (0.016)]l_bij: 1.3723e+01 l_orth: 4.8164e+01 l_align: 1.1490e+02 l_qreg: 2.8701e-01 l_total: 1.7708e+02 
2026-06-29 23:26:07,575 INFO: [smal_..][epoch:  4, iter:   3,260, lr:(9.510e-04,9.510e-04,)][eta: 1:18:56, time (data): 0.319 (0.015)]l_bij: 7.1227e+01 l_orth: 8.6258e+01 l_align: 9.5651e+01 l_qreg: 1.8808e-01 l_total: 2.5332e+02 
2026-06-29 23:26:13,932 INFO: [smal_..][epoch:  4, iter:   3,280, lr:(9.510e-04,9.510e-04,)][eta: 1:18:46, time (data): 0.318 (0.015)]l_bij: 8.5969e+01 l_orth: 9.5760e+01 l_align: 8.9458e+01 l_qreg: 3.2015e-01 l_total: 2.7151e+02 
2026-06-29 23:26:20,189 INFO: [smal_..][epoch:  4, iter:   3,300, lr:(9.510e-04,9.510e-04,)][eta: 1:18:36, time (data): 0.317 (0.015)]l_bij: 1.0314e+02 l_orth: 1.1134e+02 l_align: 9.6253e+01 l_qreg: 2.8039e-01 l_total: 3.1101e+02 
2026-06-29 23:26:26,502 INFO: [smal_..][epoch:  4, iter:   3,320, lr:(9.510e-04,9.510e-04,)][eta: 1:18:27, time (data): 0.317 (0.015)]l_bij: 1.1384e+02 l_orth: 1.1732e+02 l_align: 9.4138e+01 l_qreg: 3.2932e-01 l_total: 3.2562e+02 
2026-06-29 23:26:32,654 INFO: [smal_..][epoch:  4, iter:   3,340, lr:(9.510e-04,9.510e-04,)][eta: 1:18:16, time (data): 0.315 (0.015)]l_bij: 1.1078e+02 l_orth: 1.1687e+02 l_align: 9.7134e+01 l_qreg: 2.6648e-01 l_total: 3.2505e+02 
2026-06-29 23:26:38,950 INFO: [smal_..][epoch:  4, iter:   3,360, lr:(9.510e-04,9.510e-04,)][eta: 1:18:07, time (data): 0.315 (0.015)]l_bij: 1.3344e+02 l_orth: 1.3236e+02 l_align: 1.0033e+02 l_qreg: 3.4309e-01 l_total: 3.6648e+02 
2026-06-29 23:26:45,356 INFO: [smal_..][epoch:  5, iter:   3,380, lr:(9.141e-04,9.141e-04,)][eta: 1:17:57, time (data): 0.316 (0.016)]l_bij: 9.9894e+01 l_orth: 1.0520e+02 l_align: 7.9494e+01 l_qreg: 2.8855e-01 l_total: 2.8487e+02 
2026-06-29 23:26:51,521 INFO: [smal_..][epoch:  5, iter:   3,400, lr:(9.141e-04,9.141e-04,)][eta: 1:17:47, time (data): 0.315 (0.016)]l_bij: 6.7737e+00 l_orth: 4.1222e+01 l_align: 1.1351e+02 l_qreg: 3.3766e-01 l_total: 1.6185e+02 
2026-06-29 23:26:57,877 INFO: [smal_..][epoch:  5, iter:   3,420, lr:(9.141e-04,9.141e-04,)][eta: 1:17:38, time (data): 0.310 (0.013)]l_bij: 1.1939e+02 l_orth: 1.2122e+02 l_align: 9.3888e+01 l_qreg: 2.0582e-01 l_total: 3.3470e+02 
2026-06-29 23:27:04,168 INFO: [smal_..][epoch:  5, iter:   3,440, lr:(9.141e-04,9.141e-04,)][eta: 1:17:28, time (data): 0.314 (0.015)]l_bij: 1.2922e+02 l_orth: 1.3092e+02 l_align: 9.2988e+01 l_qreg: 3.1230e-01 l_total: 3.5345e+02 
2026-06-29 23:27:10,328 INFO: [smal_..][epoch:  5, iter:   3,460, lr:(9.141e-04,9.141e-04,)][eta: 1:17:18, time (data): 0.311 (0.014)]l_bij: 6.6639e+01 l_orth: 8.3082e+01 l_align: 9.3940e+01 l_qreg: 3.2142e-01 l_total: 2.4398e+02 
2026-06-29 23:27:16,829 INFO: [smal_..][epoch:  5, iter:   3,480, lr:(9.141e-04,9.141e-04,)][eta: 1:17:10, time (data): 0.315 (0.015)]l_bij: 1.3932e+02 l_orth: 1.3983e+02 l_align: 1.0422e+02 l_qreg: 3.3659e-01 l_total: 3.8370e+02 
2026-06-29 23:27:23,264 INFO: [smal_..][epoch:  5, iter:   3,500, lr:(9.141e-04,9.141e-04,)][eta: 1:17:01, time (data): 0.317 (0.015)]l_bij: 1.3110e+02 l_orth: 1.3062e+02 l_align: 1.0529e+02 l_qreg: 3.6927e-01 l_total: 3.6738e+02 
2026-06-29 23:27:29,388 INFO: [smal_..][epoch:  5, iter:   3,520, lr:(9.141e-04,9.141e-04,)][eta: 1:16:51, time (data): 0.315 (0.015)]l_bij: 1.1453e+02 l_orth: 1.1682e+02 l_align: 9.8101e+01 l_qreg: 3.5812e-01 l_total: 3.2981e+02 
2026-06-29 23:27:35,533 INFO: [smal_..][epoch:  5, iter:   3,540, lr:(9.141e-04,9.141e-04,)][eta: 1:16:41, time (data): 0.313 (0.015)]l_bij: 1.3008e+02 l_orth: 1.2790e+02 l_align: 1.0067e+02 l_qreg: 3.3452e-01 l_total: 3.5899e+02 
2026-06-29 23:27:41,767 INFO: [smal_..][epoch:  5, iter:   3,560, lr:(9.141e-04,9.141e-04,)][eta: 1:16:31, time (data): 0.313 (0.015)]l_bij: 1.2168e+02 l_orth: 1.2679e+02 l_align: 9.4927e+01 l_qreg: 3.8945e-01 l_total: 3.4378e+02 
2026-06-29 23:27:47,959 INFO: [smal_..][epoch:  5, iter:   3,580, lr:(9.141e-04,9.141e-04,)][eta: 1:16:22, time (data): 0.313 (0.015)]l_bij: 1.2260e+02 l_orth: 1.2532e+02 l_align: 9.1014e+01 l_qreg: 2.1214e-01 l_total: 3.3914e+02 
2026-06-29 23:27:54,115 INFO: [smal_..][epoch:  5, iter:   3,600, lr:(9.141e-04,9.141e-04,)][eta: 1:16:12, time (data): 0.312 (0.015)]l_bij: 8.0350e+01 l_orth: 9.2448e+01 l_align: 9.0547e+01 l_qreg: 4.8730e-01 l_total: 2.6383e+02 
2026-06-29 23:28:00,321 INFO: [smal_..][epoch:  5, iter:   3,620, lr:(9.141e-04,9.141e-04,)][eta: 1:16:03, time (data): 0.310 (0.015)]l_bij: 5.2783e+01 l_orth: 7.2981e+01 l_align: 9.1219e+01 l_qreg: 2.7146e-01 l_total: 2.1725e+02 
2026-06-29 23:28:06,441 INFO: [smal_..][epoch:  5, iter:   3,640, lr:(9.141e-04,9.141e-04,)][eta: 1:15:53, time (data): 0.306 (0.015)]l_bij: 1.2255e+02 l_orth: 1.2608e+02 l_align: 9.9409e+01 l_qreg: 3.8533e-01 l_total: 3.4842e+02 
2026-06-29 23:28:12,586 INFO: [smal_..][epoch:  5, iter:   3,660, lr:(9.141e-04,9.141e-04,)][eta: 1:15:43, time (data): 0.307 (0.015)]l_bij: 1.0232e+02 l_orth: 1.0884e+02 l_align: 9.4376e+01 l_qreg: 3.6622e-01 l_total: 3.0590e+02 
2026-06-29 23:28:18,736 INFO: [smal_..][epoch:  5, iter:   3,680, lr:(9.141e-04,9.141e-04,)][eta: 1:15:34, time (data): 0.307 (0.015)]l_bij: 7.6166e+01 l_orth: 9.1864e+01 l_align: 9.3202e+01 l_qreg: 3.6302e-01 l_total: 2.6160e+02 
2026-06-29 23:28:24,876 INFO: [smal_..][epoch:  5, iter:   3,700, lr:(9.141e-04,9.141e-04,)][eta: 1:15:24, time (data): 0.307 (0.015)]l_bij: 8.9295e+01 l_orth: 1.0309e+02 l_align: 9.2902e+01 l_qreg: 3.4047e-01 l_total: 2.8562e+02 
2026-06-29 23:28:31,000 INFO: [smal_..][epoch:  5, iter:   3,720, lr:(9.141e-04,9.141e-04,)][eta: 1:15:14, time (data): 0.307 (0.015)]l_bij: 1.1899e+02 l_orth: 1.2295e+02 l_align: 9.3416e+01 l_qreg: 3.0654e-01 l_total: 3.3567e+02 
2026-06-29 23:28:37,207 INFO: [smal_..][epoch:  5, iter:   3,740, lr:(9.141e-04,9.141e-04,)][eta: 1:15:05, time (data): 0.307 (0.015)]l_bij: 1.3957e+02 l_orth: 1.3967e+02 l_align: 1.0167e+02 l_qreg: 3.6938e-01 l_total: 3.8129e+02 
2026-06-29 23:28:43,510 INFO: [smal_..][epoch:  5, iter:   3,760, lr:(9.141e-04,9.141e-04,)][eta: 1:14:56, time (data): 0.308 (0.015)]l_bij: 1.1306e+02 l_orth: 1.1767e+02 l_align: 9.5113e+01 l_qreg: 4.1852e-01 l_total: 3.2626e+02 
2026-06-29 23:28:49,686 INFO: [smal_..][epoch:  5, iter:   3,780, lr:(9.141e-04,9.141e-04,)][eta: 1:14:47, time (data): 0.308 (0.015)]l_bij: 1.0383e+02 l_orth: 1.0764e+02 l_align: 8.8868e+01 l_qreg: 4.7785e-01 l_total: 3.0082e+02 
2026-06-29 23:28:55,865 INFO: [smal_..][epoch:  5, iter:   3,800, lr:(9.141e-04,9.141e-04,)][eta: 1:14:37, time (data): 0.308 (0.015)]l_bij: 1.0204e+02 l_orth: 1.0941e+02 l_align: 9.3355e+01 l_qreg: 2.5641e-01 l_total: 3.0506e+02 
2026-06-29 23:29:01,995 INFO: [smal_..][epoch:  5, iter:   3,820, lr:(9.141e-04,9.141e-04,)][eta: 1:14:28, time (data): 0.287 (0.014)]l_bij: 1.1075e+02 l_orth: 1.1477e+02 l_align: 9.1446e+01 l_qreg: 3.7521e-01 l_total: 3.1734e+02 
2026-06-29 23:29:08,106 INFO: [smal_..][epoch:  5, iter:   3,840, lr:(9.141e-04,9.141e-04,)][eta: 1:14:19, time (data): 0.304 (0.013)]l_bij: 7.0977e+01 l_orth: 8.5749e+01 l_align: 8.6550e+01 l_qreg: 3.9156e-01 l_total: 2.4367e+02 
2026-06-29 23:29:14,372 INFO: [smal_..][epoch:  5, iter:   3,860, lr:(9.141e-04,9.141e-04,)][eta: 1:14:10, time (data): 0.309 (0.014)]l_bij: 1.0935e+02 l_orth: 1.1115e+02 l_align: 8.4747e+01 l_qreg: 6.5366e-01 l_total: 3.0590e+02 
2026-06-29 23:29:20,713 INFO: [smal_..][epoch:  5, iter:   3,880, lr:(9.141e-04,9.141e-04,)][eta: 1:14:01, time (data): 0.311 (0.014)]l_bij: 1.1579e+02 l_orth: 1.1886e+02 l_align: 8.6435e+01 l_qreg: 3.2654e-01 l_total: 3.2141e+02 
2026-06-29 23:29:26,982 INFO: [smal_..][epoch:  5, iter:   3,900, lr:(9.141e-04,9.141e-04,)][eta: 1:13:52, time (data): 0.312 (0.014)]l_bij: 1.0949e+02 l_orth: 1.1345e+02 l_align: 9.4077e+01 l_qreg: 3.2286e-01 l_total: 3.1734e+02 
2026-06-29 23:29:33,133 INFO: [smal_..][epoch:  5, iter:   3,920, lr:(9.141e-04,9.141e-04,)][eta: 1:13:43, time (data): 0.311 (0.014)]l_bij: 1.2883e+02 l_orth: 1.2671e+02 l_align: 9.0681e+01 l_qreg: 5.4787e-01 l_total: 3.4676e+02 
2026-06-29 23:29:39,435 INFO: [smal_..][epoch:  5, iter:   3,940, lr:(9.141e-04,9.141e-04,)][eta: 1:13:34, time (data): 0.312 (0.014)]l_bij: 9.4510e+01 l_orth: 1.0480e+02 l_align: 8.8900e+01 l_qreg: 3.0751e-01 l_total: 2.8852e+02 
2026-06-29 23:29:45,633 INFO: [smal_..][epoch:  5, iter:   3,960, lr:(9.141e-04,9.141e-04,)][eta: 1:13:25, time (data): 0.311 (0.014)]l_bij: 1.1043e+02 l_orth: 1.1507e+02 l_align: 9.6284e+01 l_qreg: 3.3484e-01 l_total: 3.2212e+02 
2026-06-29 23:29:51,787 INFO: [smal_..][epoch:  5, iter:   3,980, lr:(9.141e-04,9.141e-04,)][eta: 1:13:16, time (data): 0.311 (0.014)]l_bij: 1.1008e+02 l_orth: 1.1466e+02 l_align: 9.0815e+01 l_qreg: 3.9257e-01 l_total: 3.1594e+02 
2026-06-29 23:29:57,911 INFO: [smal_..][epoch:  5, iter:   4,000, lr:(9.141e-04,9.141e-04,)][eta: 1:13:07, time (data): 0.310 (0.014)]l_bij: 1.2046e+02 l_orth: 1.2404e+02 l_align: 9.0701e+01 l_qreg: 2.5246e-01 l_total: 3.3545e+02 
2026-06-29 23:29:57,912 INFO: Saving models and training states.
2026-06-29 23:29:57,938 INFO: Start validation.
2026-06-29 23:29:58,830 INFO: avg err:0.0000 | err:0.0000 | cougar_01 cougar_01
2026-06-29 23:29:59,054 INFO: avg err:0.0109 | err:0.0218 | cougar_01 cougar_02
2026-06-29 23:29:59,307 INFO: avg err:0.0120 | err:0.0142 | cougar_01 cougar_03
2026-06-29 23:29:59,580 INFO: avg err:0.0145 | err:0.0219 | cougar_01 cougar_04
2026-06-29 23:29:59,836 INFO: avg err:0.1742 | err:0.8131 | cougar_01 hippo_01
2026-06-29 23:30:00,053 INFO: avg err:0.2727 | err:0.7655 | cougar_01 hippo_02
2026-06-29 23:30:00,298 INFO: avg err:0.3390 | err:0.7363 | cougar_01 hippo_03
2026-06-29 23:30:00,548 INFO: avg err:0.3903 | err:0.7495 | cougar_01 hippo_04
2026-06-29 23:30:00,814 INFO: avg err:0.4017 | err:0.4932 | cougar_01 hippo_05
2026-06-29 23:30:01,011 INFO: avg err:0.4298 | err:0.6827 | cougar_01 hippo_06
2026-06-29 23:30:01,318 INFO: avg err:0.3938 | err:0.0331 | cougar_01 horse_01
2026-06-29 23:30:01,551 INFO: avg err:0.3640 | err:0.0366 | cougar_01 horse_02
2026-06-29 23:30:01,838 INFO: avg err:0.3383 | err:0.0298 | cougar_01 horse_03
2026-06-29 23:30:02,083 INFO: avg err:0.3166 | err:0.0351 | cougar_01 horse_04
2026-06-29 23:30:02,448 INFO: avg err:0.2981 | err:0.0390 | cougar_01 horse_05
2026-06-29 23:30:02,754 INFO: avg err:0.2819 | err:0.0387 | cougar_01 horse_06
2026-06-29 23:30:03,015 INFO: avg err:0.2675 | err:0.0363 | cougar_01 horse_07
2026-06-29 23:30:03,264 INFO: avg err:0.2543 | err:0.0304 | cougar_01 horse_08
2026-06-29 23:30:03,603 INFO: avg err:0.2432 | err:0.0436 | cougar_01 horse_09
2026-06-29 23:30:03,842 INFO: avg err:0.2379 | err:0.1377 | cougar_01 horse_10
2026-06-29 23:30:04,164 INFO: avg err:0.2276 | err:0.0216 | cougar_02 cougar_01
2026-06-29 23:30:04,414 INFO: avg err:0.2173 | err:0.0000 | cougar_02 cougar_02
2026-06-29 23:30:04,671 INFO: avg err:0.2085 | err:0.0162 | cougar_02 cougar_03
2026-06-29 23:30:04,930 INFO: avg err:0.2011 | err:0.0293 | cougar_02 cougar_04
2026-06-29 23:30:05,193 INFO: avg err:0.2310 | err:0.9492 | cougar_02 hippo_01
2026-06-29 23:30:05,569 INFO: avg err:0.2553 | err:0.8626 | cougar_02 hippo_02
2026-06-29 23:30:05,785 INFO: avg err:0.2759 | err:0.8118 | cougar_02 hippo_03
2026-06-29 23:30:06,008 INFO: avg err:0.2965 | err:0.8539 | cougar_02 hippo_04
2026-06-29 23:30:06,379 INFO: avg err:0.3057 | err:0.5619 | cougar_02 hippo_05
2026-06-29 23:30:06,595 INFO: avg err:0.3233 | err:0.8346 | cougar_02 hippo_06
2026-06-29 23:30:06,980 INFO: avg err:0.3145 | err:0.0502 | cougar_02 horse_01
2026-06-29 23:30:07,285 INFO: avg err:0.3061 | err:0.0437 | cougar_02 horse_02
2026-06-29 23:30:07,502 INFO: avg err:0.2980 | err:0.0403 | cougar_02 horse_03
2026-06-29 23:30:07,776 INFO: avg err:0.2904 | err:0.0392 | cougar_02 horse_04
2026-06-29 23:30:08,122 INFO: avg err:0.2834 | err:0.0468 | cougar_02 horse_05
2026-06-29 23:30:08,358 INFO: avg err:0.2769 | err:0.0466 | cougar_02 horse_06
2026-06-29 23:30:08,574 INFO: avg err:0.2705 | err:0.0427 | cougar_02 horse_07
2026-06-29 23:30:08,872 INFO: avg err:0.2645 | err:0.0421 | cougar_02 horse_08
2026-06-29 23:30:09,216 INFO: avg err:0.2601 | err:0.0907 | cougar_02 horse_09
2026-06-29 23:30:09,503 INFO: avg err:0.2578 | err:0.1683 | cougar_02 horse_10
2026-06-29 23:30:09,798 INFO: avg err:0.2518 | err:0.0133 | cougar_03 cougar_01
2026-06-29 23:30:10,055 INFO: avg err:0.2462 | err:0.0171 | cougar_03 cougar_02
2026-06-29 23:30:10,322 INFO: avg err:0.2405 | err:0.0000 | cougar_03 cougar_03
2026-06-29 23:30:10,577 INFO: avg err:0.2355 | err:0.0218 | cougar_03 cougar_04
2026-06-29 23:30:10,871 INFO: avg err:0.2495 | err:0.8665 | cougar_03 hippo_01
2026-06-29 23:30:11,106 INFO: avg err:0.2616 | err:0.8022 | cougar_03 hippo_02
2026-06-29 23:30:11,362 INFO: avg err:0.2721 | err:0.7584 | cougar_03 hippo_03
2026-06-29 23:30:11,657 INFO: avg err:0.2835 | err:0.8163 | cougar_03 hippo_04
2026-06-29 23:30:11,984 INFO: avg err:0.2888 | err:0.5437 | cougar_03 hippo_05
2026-06-29 23:30:12,297 INFO: avg err:0.2982 | err:0.7587 | cougar_03 hippo_06
2026-06-29 23:30:12,536 INFO: avg err:0.2931 | err:0.0386 | cougar_03 horse_01
2026-06-29 23:30:12,812 INFO: avg err:0.2882 | err:0.0398 | cougar_03 horse_02
2026-06-29 23:30:13,043 INFO: avg err:0.2834 | err:0.0343 | cougar_03 horse_03
2026-06-29 23:30:13,470 INFO: avg err:0.2789 | err:0.0385 | cougar_03 horse_04
2026-06-29 23:30:13,698 INFO: avg err:0.2746 | err:0.0406 | cougar_03 horse_05
2026-06-29 23:30:13,953 INFO: avg err:0.2704 | err:0.0435 | cougar_03 horse_06
2026-06-29 23:30:14,265 INFO: avg err:0.2664 | err:0.0397 | cougar_03 horse_07
2026-06-29 23:30:14,707 INFO: avg err:0.2624 | err:0.0351 | cougar_03 horse_08
2026-06-29 23:30:14,992 INFO: avg err:0.2590 | err:0.0615 | cougar_03 horse_09
2026-06-29 23:30:15,259 INFO: avg err:0.2576 | err:0.1768 | cougar_03 horse_10
2026-06-29 23:30:15,485 INFO: avg err:0.2538 | err:0.0230 | cougar_04 cougar_01
2026-06-29 23:30:15,898 INFO: avg err:0.2503 | err:0.0362 | cougar_04 cougar_02
2026-06-29 23:30:16,130 INFO: avg err:0.2467 | err:0.0250 | cougar_04 cougar_03
2026-06-29 23:30:16,439 INFO: avg err:0.2428 | err:0.0000 | cougar_04 cougar_04
2026-06-29 23:30:16,650 INFO: avg err:0.2515 | err:0.8076 | cougar_04 hippo_01
2026-06-29 23:30:16,952 INFO: avg err:0.2593 | err:0.7630 | cougar_04 hippo_02
2026-06-29 23:30:17,191 INFO: avg err:0.2658 | err:0.6950 | cougar_04 hippo_03
2026-06-29 23:30:17,705 INFO: avg err:0.2728 | err:0.7407 | cougar_04 hippo_04
2026-06-29 23:30:17,963 INFO: avg err:0.2761 | err:0.5064 | cougar_04 hippo_05
2026-06-29 23:30:18,238 INFO: avg err:0.2820 | err:0.6856 | cougar_04 hippo_06
2026-06-29 23:30:18,463 INFO: avg err:0.2784 | err:0.0296 | cougar_04 horse_01
2026-06-29 23:30:18,710 INFO: avg err:0.2751 | err:0.0390 | cougar_04 horse_02
2026-06-29 23:30:18,934 INFO: avg err:0.2718 | err:0.0325 | cougar_04 horse_03
2026-06-29 23:30:19,277 INFO: avg err:0.2686 | err:0.0394 | cougar_04 horse_04
2026-06-29 23:30:19,534 INFO: avg err:0.2656 | err:0.0365 | cougar_04 horse_05
2026-06-29 23:30:19,810 INFO: avg err:0.2625 | err:0.0368 | cougar_04 horse_06
2026-06-29 23:30:20,054 INFO: avg err:0.2595 | err:0.0319 | cougar_04 horse_07
2026-06-29 23:30:20,294 INFO: avg err:0.2567 | err:0.0335 | cougar_04 horse_08
2026-06-29 23:30:20,505 INFO: avg err:0.2540 | err:0.0436 | cougar_04 horse_09
2026-06-29 23:30:20,876 INFO: avg err:0.2526 | err:0.1485 | cougar_04 horse_10
2026-06-29 23:30:21,104 INFO: avg err:0.2566 | err:0.5765 | hippo_01 cougar_01
2026-06-29 23:30:21,341 INFO: avg err:0.2607 | err:0.5877 | hippo_01 cougar_02
2026-06-29 23:30:21,580 INFO: avg err:0.2646 | err:0.5835 | hippo_01 cougar_03
2026-06-29 23:30:21,899 INFO: avg err:0.2684 | err:0.5911 | hippo_01 cougar_04
2026-06-29 23:30:22,147 INFO: avg err:0.2653 | err:0.0000 | hippo_01 hippo_01
2026-06-29 23:30:22,437 INFO: avg err:0.2628 | err:0.0547 | hippo_01 hippo_02
2026-06-29 23:30:22,716 INFO: avg err:0.2622 | err:0.2073 | hippo_01 hippo_03
2026-06-29 23:30:22,985 INFO: avg err:0.2594 | err:0.0135 | hippo_01 hippo_04
2026-06-29 23:30:23,264 INFO: avg err:0.2578 | err:0.1211 | hippo_01 hippo_05
2026-06-29 23:30:23,481 INFO: avg err:0.2556 | err:0.0610 | hippo_01 hippo_06
2026-06-29 23:30:24,014 INFO: avg err:0.2594 | err:0.6005 | hippo_01 horse_01
2026-06-29 23:30:24,240 INFO: avg err:0.2631 | err:0.5957 | hippo_01 horse_02
2026-06-29 23:30:24,574 INFO: avg err:0.2667 | err:0.5969 | hippo_01 horse_03
2026-06-29 23:30:24,830 INFO: avg err:0.2703 | err:0.6084 | hippo_01 horse_04
2026-06-29 23:30:25,182 INFO: avg err:0.2739 | err:0.6149 | hippo_01 horse_05
2026-06-29 23:30:25,416 INFO: avg err:0.2772 | err:0.5873 | hippo_01 horse_06
2026-06-29 23:30:25,764 INFO: avg err:0.2804 | err:0.5872 | hippo_01 horse_07
2026-06-29 23:30:26,010 INFO: avg err:0.2835 | err:0.5871 | hippo_01 horse_08
2026-06-29 23:30:26,264 INFO: avg err:0.2864 | err:0.5685 | hippo_01 horse_09
2026-06-29 23:30:26,539 INFO: avg err:0.2885 | err:0.4969 | hippo_01 horse_10
2026-06-29 23:30:26,811 INFO: avg err:0.2905 | err:0.4909 | hippo_02 cougar_01
2026-06-29 23:30:27,019 INFO: avg err:0.2925 | err:0.4929 | hippo_02 cougar_02
2026-06-29 23:30:27,377 INFO: avg err:0.2945 | err:0.5035 | hippo_02 cougar_03
2026-06-29 23:30:27,640 INFO: avg err:0.2967 | err:0.5165 | hippo_02 cougar_04
2026-06-29 23:30:27,977 INFO: avg err:0.2947 | err:0.0908 | hippo_02 hippo_01
2026-06-29 23:30:28,249 INFO: avg err:0.2919 | err:0.0000 | hippo_02 hippo_02
2026-06-29 23:30:28,530 INFO: avg err:0.2904 | err:0.1298 | hippo_02 hippo_03
2026-06-29 23:30:28,761 INFO: avg err:0.2886 | err:0.0964 | hippo_02 hippo_04
2026-06-29 23:30:29,089 INFO: avg err:0.2877 | err:0.1883 | hippo_02 hippo_05
2026-06-29 23:30:29,331 INFO: avg err:0.2853 | err:0.0198 | hippo_02 hippo_06
2026-06-29 23:30:29,867 INFO: avg err:0.2874 | err:0.5237 | hippo_02 horse_01
2026-06-29 23:30:30,084 INFO: avg err:0.2895 | err:0.5194 | hippo_02 horse_02
2026-06-29 23:30:30,477 INFO: avg err:0.2915 | err:0.5212 | hippo_02 horse_03
2026-06-29 23:30:30,803 INFO: avg err:0.2935 | err:0.5165 | hippo_02 horse_04
2026-06-29 23:30:31,137 INFO: avg err:0.2956 | err:0.5328 | hippo_02 horse_05
2026-06-29 23:30:31,395 INFO: avg err:0.2975 | err:0.5151 | hippo_02 horse_06
2026-06-29 23:30:31,723 INFO: avg err:0.2993 | err:0.5104 | hippo_02 horse_07
2026-06-29 23:30:31,991 INFO: avg err:0.3010 | err:0.5044 | hippo_02 horse_08
2026-06-29 23:30:32,256 INFO: avg err:0.3028 | err:0.5062 | hippo_02 horse_09
2026-06-29 23:30:32,524 INFO: avg err:0.3040 | err:0.4551 | hippo_02 horse_10
2026-06-29 23:30:32,808 INFO: avg err:0.3051 | err:0.4298 | hippo_03 cougar_01
2026-06-29 23:30:33,038 INFO: avg err:0.3065 | err:0.4746 | hippo_03 cougar_02
2026-06-29 23:30:33,312 INFO: avg err:0.3075 | err:0.4326 | hippo_03 cougar_03
2026-06-29 23:30:33,605 INFO: avg err:0.3086 | err:0.4391 | hippo_03 cougar_04
2026-06-29 23:30:33,824 INFO: avg err:0.3071 | err:0.1333 | hippo_03 hippo_01
2026-06-29 23:30:34,049 INFO: avg err:0.3056 | err:0.1175 | hippo_03 hippo_02
2026-06-29 23:30:34,333 INFO: avg err:0.3032 | err:0.0000 | hippo_03 hippo_03
2026-06-29 23:30:34,680 INFO: avg err:0.3019 | err:0.1286 | hippo_03 hippo_04
2026-06-29 23:30:34,987 INFO: avg err:0.3010 | err:0.1831 | hippo_03 hippo_05
2026-06-29 23:30:35,320 INFO: avg err:0.2998 | err:0.1564 | hippo_03 hippo_06
2026-06-29 23:30:35,646 INFO: avg err:0.3007 | err:0.4173 | hippo_03 horse_01
2026-06-29 23:30:35,873 INFO: avg err:0.3019 | err:0.4587 | hippo_03 horse_02
2026-06-29 23:30:36,156 INFO: avg err:0.3030 | err:0.4492 | hippo_03 horse_03
2026-06-29 23:30:36,426 INFO: avg err:0.3041 | err:0.4506 | hippo_03 horse_04
2026-06-29 23:30:36,737 INFO: avg err:0.3053 | err:0.4590 | hippo_03 horse_05
2026-06-29 23:30:36,989 INFO: avg err:0.3063 | err:0.4447 | hippo_03 horse_06
2026-06-29 23:30:37,248 INFO: avg err:0.3073 | err:0.4447 | hippo_03 horse_07
2026-06-29 23:30:37,784 INFO: avg err:0.3083 | err:0.4461 | hippo_03 horse_08
2026-06-29 23:30:38,122 INFO: avg err:0.3091 | err:0.4139 | hippo_03 horse_09
2026-06-29 23:30:38,389 INFO: avg err:0.3098 | err:0.4040 | hippo_03 horse_10
2026-06-29 23:30:38,643 INFO: avg err:0.3114 | err:0.5442 | hippo_04 cougar_01
2026-06-29 23:30:38,908 INFO: avg err:0.3132 | err:0.5624 | hippo_04 cougar_02
2026-06-29 23:30:39,196 INFO: avg err:0.3150 | err:0.5703 | hippo_04 cougar_03
2026-06-29 23:30:39,451 INFO: avg err:0.3171 | err:0.6165 | hippo_04 cougar_04
2026-06-29 23:30:39,697 INFO: avg err:0.3150 | err:0.0131 | hippo_04 hippo_01
2026-06-29 23:30:39,957 INFO: avg err:0.3138 | err:0.1350 | hippo_04 hippo_02
2026-06-29 23:30:40,205 INFO: avg err:0.3123 | err:0.1058 | hippo_04 hippo_03
2026-06-29 23:30:40,511 INFO: avg err:0.3102 | err:0.0000 | hippo_04 hippo_04
2026-06-29 23:30:40,783 INFO: avg err:0.3090 | err:0.1262 | hippo_04 hippo_05
2026-06-29 23:30:41,051 INFO: avg err:0.3077 | err:0.1198 | hippo_04 hippo_06
2026-06-29 23:30:41,421 INFO: avg err:0.3092 | err:0.5335 | hippo_04 horse_01
2026-06-29 23:30:41,637 INFO: avg err:0.3110 | err:0.5771 | hippo_04 horse_02
2026-06-29 23:30:42,189 INFO: avg err:0.3127 | err:0.5682 | hippo_04 horse_03
2026-06-29 23:30:42,424 INFO: avg err:0.3142 | err:0.5422 | hippo_04 horse_04
2026-06-29 23:30:42,745 INFO: avg err:0.3157 | err:0.5479 | hippo_04 horse_05
2026-06-29 23:30:42,970 INFO: avg err:0.3172 | err:0.5485 | hippo_04 horse_06
2026-06-29 23:30:43,355 INFO: avg err:0.3187 | err:0.5520 | hippo_04 horse_07
2026-06-29 23:30:43,565 INFO: avg err:0.3201 | err:0.5442 | hippo_04 horse_08
2026-06-29 23:30:44,030 INFO: avg err:0.3215 | err:0.5429 | hippo_04 horse_09
2026-06-29 23:30:44,359 INFO: avg err:0.3226 | err:0.4984 | hippo_04 horse_10
2026-06-29 23:30:44,692 INFO: avg err:0.3228 | err:0.3504 | hippo_05 cougar_01
2026-06-29 23:30:45,017 INFO: avg err:0.3231 | err:0.3807 | hippo_05 cougar_02
2026-06-29 23:30:45,349 INFO: avg err:0.3232 | err:0.3301 | hippo_05 cougar_03
2026-06-29 23:30:45,586 INFO: avg err:0.3233 | err:0.3482 | hippo_05 cougar_04
2026-06-29 23:30:45,922 INFO: avg err:0.3223 | err:0.1623 | hippo_05 hippo_01
2026-06-29 23:30:46,137 INFO: avg err:0.3218 | err:0.2249 | hippo_05 hippo_02
2026-06-29 23:30:46,454 INFO: avg err:0.3212 | err:0.2361 | hippo_05 hippo_03
2026-06-29 23:30:46,731 INFO: avg err:0.3203 | err:0.1678 | hippo_05 hippo_04
2026-06-29 23:30:46,952 INFO: avg err:0.3184 | err:0.0000 | hippo_05 hippo_05
2026-06-29 23:30:47,192 INFO: avg err:0.3175 | err:0.1512 | hippo_05 hippo_06
2026-06-29 23:30:47,475 INFO: avg err:0.3175 | err:0.3323 | hippo_05 horse_01
2026-06-29 23:30:47,753 INFO: avg err:0.3176 | err:0.3318 | hippo_05 horse_02
2026-06-29 23:30:48,084 INFO: avg err:0.3176 | err:0.3153 | hippo_05 horse_03
2026-06-29 23:30:48,354 INFO: avg err:0.3178 | err:0.3542 | hippo_05 horse_04
2026-06-29 23:30:48,630 INFO: avg err:0.3180 | err:0.3565 | hippo_05 horse_05
2026-06-29 23:30:48,997 INFO: avg err:0.3181 | err:0.3266 | hippo_05 horse_06
2026-06-29 23:30:49,253 INFO: avg err:0.3182 | err:0.3366 | hippo_05 horse_07
2026-06-29 23:30:49,622 INFO: avg err:0.3184 | err:0.3528 | hippo_05 horse_08
2026-06-29 23:30:49,941 INFO: avg err:0.3185 | err:0.3351 | hippo_05 horse_09
2026-06-29 23:30:50,222 INFO: avg err:0.3185 | err:0.3154 | hippo_05 horse_10
2026-06-29 23:30:50,485 INFO: avg err:0.3193 | err:0.4671 | hippo_06 cougar_01
2026-06-29 23:30:50,804 INFO: avg err:0.3201 | err:0.4624 | hippo_06 cougar_02
2026-06-29 23:30:51,047 INFO: avg err:0.3210 | err:0.4836 | hippo_06 cougar_03
2026-06-29 23:30:51,350 INFO: avg err:0.3219 | err:0.4957 | hippo_06 cougar_04
2026-06-29 23:30:51,605 INFO: avg err:0.3205 | err:0.0554 | hippo_06 hippo_01
2026-06-29 23:30:51,994 INFO: avg err:0.3189 | err:0.0194 | hippo_06 hippo_02
2026-06-29 23:30:52,231 INFO: avg err:0.3177 | err:0.0977 | hippo_06 hippo_03
2026-06-29 23:30:52,559 INFO: avg err:0.3165 | err:0.0939 | hippo_06 hippo_04
2026-06-29 23:30:52,768 INFO: avg err:0.3154 | err:0.1152 | hippo_06 hippo_05
2026-06-29 23:30:53,071 INFO: avg err:0.3138 | err:0.0000 | hippo_06 hippo_06
2026-06-29 23:30:53,336 INFO: avg err:0.3147 | err:0.4961 | hippo_06 horse_01
2026-06-29 23:30:53,668 INFO: avg err:0.3156 | err:0.4910 | hippo_06 horse_02
2026-06-29 23:30:53,880 INFO: avg err:0.3166 | err:0.5075 | hippo_06 horse_03
2026-06-29 23:30:54,222 INFO: avg err:0.3176 | err:0.4985 | hippo_06 horse_04
2026-06-29 23:30:54,470 INFO: avg err:0.3185 | err:0.5071 | hippo_06 horse_05
2026-06-29 23:30:54,818 INFO: avg err:0.3194 | err:0.4823 | hippo_06 horse_06
2026-06-29 23:30:55,074 INFO: avg err:0.3202 | err:0.4889 | hippo_06 horse_07
2026-06-29 23:30:55,346 INFO: avg err:0.3210 | err:0.4757 | hippo_06 horse_08
2026-06-29 23:30:55,565 INFO: avg err:0.3217 | err:0.4569 | hippo_06 horse_09
2026-06-29 23:30:55,918 INFO: avg err:0.3221 | err:0.4087 | hippo_06 horse_10
2026-06-29 23:30:56,274 INFO: avg err:0.3207 | err:0.0341 | horse_01 cougar_01
2026-06-29 23:30:56,503 INFO: avg err:0.3194 | err:0.0490 | horse_01 cougar_02
2026-06-29 23:30:56,719 INFO: avg err:0.3180 | err:0.0407 | horse_01 cougar_03
2026-06-29 23:30:57,002 INFO: avg err:0.3166 | err:0.0314 | horse_01 cougar_04
2026-06-29 23:30:57,289 INFO: avg err:0.3188 | err:0.7656 | horse_01 hippo_01
2026-06-29 23:30:57,615 INFO: avg err:0.3209 | err:0.7582 | horse_01 hippo_02
2026-06-29 23:30:57,950 INFO: avg err:0.3226 | err:0.6826 | horse_01 hippo_03
2026-06-29 23:30:58,292 INFO: avg err:0.3244 | err:0.6897 | horse_01 hippo_04
2026-06-29 23:30:58,600 INFO: avg err:0.3250 | err:0.4400 | horse_01 hippo_05
2026-06-29 23:30:58,906 INFO: avg err:0.3267 | err:0.6870 | horse_01 hippo_06
2026-06-29 23:30:59,250 INFO: avg err:0.3251 | err:0.0000 | horse_01 horse_01
2026-06-29 23:30:59,523 INFO: avg err:0.3237 | err:0.0198 | horse_01 horse_02
2026-06-29 23:30:59,784 INFO: avg err:0.3222 | err:0.0126 | horse_01 horse_03
2026-06-29 23:31:00,032 INFO: avg err:0.3208 | err:0.0206 | horse_01 horse_04
2026-06-29 23:31:00,358 INFO: avg err:0.3195 | err:0.0249 | horse_01 horse_05
2026-06-29 23:31:00,648 INFO: avg err:0.3181 | err:0.0212 | horse_01 horse_06
2026-06-29 23:31:00,925 INFO: avg err:0.3167 | err:0.0197 | horse_01 horse_07
2026-06-29 23:31:01,197 INFO: avg err:0.3153 | err:0.0175 | horse_01 horse_08
2026-06-29 23:31:01,417 INFO: avg err:0.3140 | err:0.0221 | horse_01 horse_09
2026-06-29 23:31:01,739 INFO: avg err:0.3130 | err:0.0888 | horse_01 horse_10
2026-06-29 23:31:02,008 INFO: avg err:0.3117 | err:0.0329 | horse_02 cougar_01
2026-06-29 23:31:02,261 INFO: avg err:0.3105 | err:0.0492 | horse_02 cougar_02
2026-06-29 23:31:02,513 INFO: avg err:0.3093 | err:0.0403 | horse_02 cougar_03
2026-06-29 23:31:02,758 INFO: avg err:0.3081 | err:0.0353 | horse_02 cougar_04
2026-06-29 23:31:03,263 INFO: avg err:0.3105 | err:0.8571 | horse_02 hippo_01
2026-06-29 23:31:03,564 INFO: avg err:0.3127 | err:0.7936 | horse_02 hippo_02
2026-06-29 23:31:03,831 INFO: avg err:0.3147 | err:0.7650 | horse_02 hippo_03
2026-06-29 23:31:04,046 INFO: avg err:0.3167 | err:0.7797 | horse_02 hippo_04
2026-06-29 23:31:04,407 INFO: avg err:0.3173 | err:0.4564 | horse_02 hippo_05
2026-06-29 23:31:04,692 INFO: avg err:0.3191 | err:0.7298 | horse_02 hippo_06
2026-06-29 23:31:04,955 INFO: avg err:0.3178 | err:0.0185 | horse_02 horse_01
2026-06-29 23:31:05,186 INFO: avg err:0.3164 | err:0.0000 | horse_02 horse_02
2026-06-29 23:31:05,444 INFO: avg err:0.3151 | err:0.0119 | horse_02 horse_03
2026-06-29 23:31:05,726 INFO: avg err:0.3138 | err:0.0160 | horse_02 horse_04
2026-06-29 23:31:06,031 INFO: avg err:0.3126 | err:0.0237 | horse_02 horse_05
2026-06-29 23:31:06,261 INFO: avg err:0.3114 | err:0.0200 | horse_02 horse_06
2026-06-29 23:31:06,545 INFO: avg err:0.3101 | err:0.0223 | horse_02 horse_07
2026-06-29 23:31:06,777 INFO: avg err:0.3089 | err:0.0139 | horse_02 horse_08
2026-06-29 23:31:07,191 INFO: avg err:0.3077 | err:0.0194 | horse_02 horse_09
2026-06-29 23:31:07,418 INFO: avg err:0.3071 | err:0.1650 | horse_02 horse_10
2026-06-29 23:31:07,752 INFO: avg err:0.3059 | err:0.0312 | horse_03 cougar_01
2026-06-29 23:31:08,007 INFO: avg err:0.3049 | err:0.0485 | horse_03 cougar_02
2026-06-29 23:31:08,258 INFO: avg err:0.3038 | err:0.0390 | horse_03 cougar_03
2026-06-29 23:31:08,521 INFO: avg err:0.3027 | err:0.0335 | horse_03 cougar_04
2026-06-29 23:31:08,817 INFO: avg err:0.3045 | err:0.7399 | horse_03 hippo_01
2026-06-29 23:31:09,049 INFO: avg err:0.3061 | err:0.7086 | horse_03 hippo_02
2026-06-29 23:31:09,383 INFO: avg err:0.3076 | err:0.6764 | horse_03 hippo_03
2026-06-29 23:31:09,609 INFO: avg err:0.3090 | err:0.6506 | horse_03 hippo_04
2026-06-29 23:31:10,148 INFO: avg err:0.3095 | err:0.4268 | horse_03 hippo_05
2026-06-29 23:31:10,399 INFO: avg err:0.3108 | err:0.6374 | horse_03 hippo_06
2026-06-29 23:31:10,715 INFO: avg err:0.3096 | err:0.0130 | horse_03 horse_01
2026-06-29 23:31:10,945 INFO: avg err:0.3084 | err:0.0115 | horse_03 horse_02
2026-06-29 23:31:11,416 INFO: avg err:0.3072 | err:0.0000 | horse_03 horse_03
2026-06-29 23:31:11,630 INFO: avg err:0.3061 | err:0.0208 | horse_03 horse_04
2026-06-29 23:31:11,990 INFO: avg err:0.3050 | err:0.0257 | horse_03 horse_05
2026-06-29 23:31:12,250 INFO: avg err:0.3039 | err:0.0223 | horse_03 horse_06
2026-06-29 23:31:12,609 INFO: avg err:0.3028 | err:0.0209 | horse_03 horse_07
2026-06-29 23:31:12,863 INFO: avg err:0.3016 | err:0.0152 | horse_03 horse_08
2026-06-29 23:31:13,195 INFO: avg err:0.3006 | err:0.0201 | horse_03 horse_09
2026-06-29 23:31:13,491 INFO: avg err:0.2999 | err:0.1320 | horse_03 horse_10
2026-06-29 23:31:13,814 INFO: avg err:0.2989 | err:0.0347 | horse_04 cougar_01
2026-06-29 23:31:14,056 INFO: avg err:0.2979 | err:0.0437 | horse_04 cougar_02
2026-06-29 23:31:14,407 INFO: avg err:0.2969 | err:0.0382 | horse_04 cougar_03
2026-06-29 23:31:14,651 INFO: avg err:0.2959 | err:0.0378 | horse_04 cougar_04
2026-06-29 23:31:14,892 INFO: avg err:0.2980 | err:0.8355 | horse_04 hippo_01
2026-06-29 23:31:15,124 INFO: avg err:0.2997 | err:0.7502 | horse_04 hippo_02
2026-06-29 23:31:15,392 INFO: avg err:0.3014 | err:0.7545 | horse_04 hippo_03
2026-06-29 23:31:15,629 INFO: avg err:0.3031 | err:0.7475 | horse_04 hippo_04
2026-06-29 23:31:15,876 INFO: avg err:0.3037 | err:0.4639 | horse_04 hippo_05
2026-06-29 23:31:16,107 INFO: avg err:0.3054 | err:0.7758 | horse_04 hippo_06
2026-06-29 23:31:16,341 INFO: avg err:0.3043 | err:0.0197 | horse_04 horse_01
2026-06-29 23:31:16,599 INFO: avg err:0.3033 | err:0.0122 | horse_04 horse_02
2026-06-29 23:31:16,966 INFO: avg err:0.3022 | err:0.0200 | horse_04 horse_03
2026-06-29 23:31:17,281 INFO: avg err:0.3011 | err:0.0000 | horse_04 horse_04
2026-06-29 23:31:17,562 INFO: avg err:0.3001 | err:0.0249 | horse_04 horse_05
2026-06-29 23:31:17,813 INFO: avg err:0.2991 | err:0.0270 | horse_04 horse_06
2026-06-29 23:31:18,141 INFO: avg err:0.2981 | err:0.0240 | horse_04 horse_07
2026-06-29 23:31:18,386 INFO: avg err:0.2971 | err:0.0192 | horse_04 horse_08
2026-06-29 23:31:18,681 INFO: avg err:0.2962 | err:0.0238 | horse_04 horse_09
2026-06-29 23:31:18,909 INFO: avg err:0.2955 | err:0.1055 | horse_04 horse_10
2026-06-29 23:31:19,127 INFO: avg err:0.2945 | err:0.0311 | horse_05 cougar_01
2026-06-29 23:31:19,385 INFO: avg err:0.2936 | err:0.0415 | horse_05 cougar_02
2026-06-29 23:31:19,893 INFO: avg err:0.2927 | err:0.0345 | horse_05 cougar_03
2026-06-29 23:31:20,144 INFO: avg err:0.2918 | err:0.0339 | horse_05 cougar_04
2026-06-29 23:31:20,469 INFO: avg err:0.2937 | err:0.8175 | horse_05 hippo_01
2026-06-29 23:31:20,710 INFO: avg err:0.2953 | err:0.7687 | horse_05 hippo_02
2026-06-29 23:31:21,128 INFO: avg err:0.2968 | err:0.7339 | horse_05 hippo_03
2026-06-29 23:31:21,477 INFO: avg err:0.2985 | err:0.7767 | horse_05 hippo_04
2026-06-29 23:31:21,723 INFO: avg err:0.2992 | err:0.4915 | horse_05 hippo_05
2026-06-29 23:31:21,968 INFO: avg err:0.3007 | err:0.7515 | horse_05 hippo_06
2026-06-29 23:31:22,238 INFO: avg err:0.2998 | err:0.0219 | horse_05 horse_01
2026-06-29 23:31:22,477 INFO: avg err:0.2988 | err:0.0200 | horse_05 horse_02
2026-06-29 23:31:22,702 INFO: avg err:0.2979 | err:0.0208 | horse_05 horse_03
2026-06-29 23:31:22,968 INFO: avg err:0.2969 | err:0.0222 | horse_05 horse_04
2026-06-29 23:31:23,333 INFO: avg err:0.2959 | err:0.0000 | horse_05 horse_05
2026-06-29 23:31:23,723 INFO: avg err:0.2950 | err:0.0270 | horse_05 horse_06
2026-06-29 23:31:23,964 INFO: avg err:0.2941 | err:0.0291 | horse_05 horse_07
2026-06-29 23:31:24,204 INFO: avg err:0.2932 | err:0.0210 | horse_05 horse_08
2026-06-29 23:31:24,550 INFO: avg err:0.2924 | err:0.0401 | horse_05 horse_09
2026-06-29 23:31:24,944 INFO: avg err:0.2918 | err:0.1279 | horse_05 horse_10
2026-06-29 23:31:25,238 INFO: avg err:0.2910 | err:0.0333 | horse_06 cougar_01
2026-06-29 23:31:25,482 INFO: avg err:0.2902 | err:0.0525 | horse_06 cougar_02
2026-06-29 23:31:25,777 INFO: avg err:0.2893 | err:0.0423 | horse_06 cougar_03
2026-06-29 23:31:26,100 INFO: avg err:0.2885 | err:0.0342 | horse_06 cougar_04
2026-06-29 23:31:26,364 INFO: avg err:0.2905 | err:0.8828 | horse_06 hippo_01
2026-06-29 23:31:26,643 INFO: avg err:0.2922 | err:0.8316 | horse_06 hippo_02
2026-06-29 23:31:26,927 INFO: avg err:0.2937 | err:0.7522 | horse_06 hippo_03
2026-06-29 23:31:27,251 INFO: avg err:0.2954 | err:0.8090 | horse_06 hippo_04
2026-06-29 23:31:27,549 INFO: avg err:0.2960 | err:0.4835 | horse_06 hippo_05
2026-06-29 23:31:27,867 INFO: avg err:0.2975 | err:0.7474 | horse_06 hippo_06
2026-06-29 23:31:28,113 INFO: avg err:0.2966 | err:0.0195 | horse_06 horse_01
2026-06-29 23:31:28,332 INFO: avg err:0.2957 | err:0.0196 | horse_06 horse_02
2026-06-29 23:31:28,708 INFO: avg err:0.2948 | err:0.0192 | horse_06 horse_03
2026-06-29 23:31:28,946 INFO: avg err:0.2939 | err:0.0251 | horse_06 horse_04
2026-06-29 23:31:29,194 INFO: avg err:0.2931 | err:0.0275 | horse_06 horse_05
2026-06-29 23:31:29,427 INFO: avg err:0.2922 | err:0.0000 | horse_06 horse_06
2026-06-29 23:31:29,844 INFO: avg err:0.2913 | err:0.0177 | horse_06 horse_07
2026-06-29 23:31:30,089 INFO: avg err:0.2904 | err:0.0206 | horse_06 horse_08
2026-06-29 23:31:30,333 INFO: avg err:0.2896 | err:0.0338 | horse_06 horse_09
2026-06-29 23:31:30,601 INFO: avg err:0.2892 | err:0.1348 | horse_06 horse_10
2026-06-29 23:31:30,889 INFO: avg err:0.2884 | err:0.0329 | horse_07 cougar_01
2026-06-29 23:31:31,105 INFO: avg err:0.2876 | err:0.0498 | horse_07 cougar_02
2026-06-29 23:31:31,467 INFO: avg err:0.2869 | err:0.0387 | horse_07 cougar_03
2026-06-29 23:31:31,738 INFO: avg err:0.2861 | err:0.0311 | horse_07 cougar_04
2026-06-29 23:31:32,102 INFO: avg err:0.2879 | err:0.8871 | horse_07 hippo_01
2026-06-29 23:31:32,431 INFO: avg err:0.2897 | err:0.8570 | horse_07 hippo_02
2026-06-29 23:31:32,748 INFO: avg err:0.2911 | err:0.7660 | horse_07 hippo_03
2026-06-29 23:31:33,002 INFO: avg err:0.2927 | err:0.8078 | horse_07 hippo_04
2026-06-29 23:31:33,252 INFO: avg err:0.2934 | err:0.5223 | horse_07 hippo_05
2026-06-29 23:31:33,489 INFO: avg err:0.2949 | err:0.7988 | horse_07 hippo_06
2026-06-29 23:31:33,727 INFO: avg err:0.2941 | err:0.0175 | horse_07 horse_01
2026-06-29 23:31:33,957 INFO: avg err:0.2933 | err:0.0198 | horse_07 horse_02
2026-06-29 23:31:34,219 INFO: avg err:0.2924 | err:0.0194 | horse_07 horse_03
2026-06-29 23:31:34,509 INFO: avg err:0.2916 | err:0.0243 | horse_07 horse_04
2026-06-29 23:31:34,746 INFO: avg err:0.2908 | err:0.0269 | horse_07 horse_05
2026-06-29 23:31:35,007 INFO: avg err:0.2900 | err:0.0170 | horse_07 horse_06
2026-06-29 23:31:35,300 INFO: avg err:0.2892 | err:0.0000 | horse_07 horse_07
2026-06-29 23:31:35,546 INFO: avg err:0.2884 | err:0.0194 | horse_07 horse_08
2026-06-29 23:31:35,849 INFO: avg err:0.2876 | err:0.0281 | horse_07 horse_09
2026-06-29 23:31:36,271 INFO: avg err:0.2873 | err:0.1793 | horse_07 horse_10
2026-06-29 23:31:36,518 INFO: avg err:0.2865 | err:0.0316 | horse_08 cougar_01
2026-06-29 23:31:36,741 INFO: avg err:0.2858 | err:0.0487 | horse_08 cougar_02
2026-06-29 23:31:36,974 INFO: avg err:0.2851 | err:0.0383 | horse_08 cougar_03
2026-06-29 23:31:37,296 INFO: avg err:0.2844 | err:0.0339 | horse_08 cougar_04
2026-06-29 23:31:37,695 INFO: avg err:0.2861 | err:0.8703 | horse_08 hippo_01
2026-06-29 23:31:37,981 INFO: avg err:0.2876 | err:0.8176 | horse_08 hippo_02
2026-06-29 23:31:38,239 INFO: avg err:0.2890 | err:0.7605 | horse_08 hippo_03
2026-06-29 23:31:38,519 INFO: avg err:0.2904 | err:0.7792 | horse_08 hippo_04
2026-06-29 23:31:38,829 INFO: avg err:0.2911 | err:0.5443 | horse_08 hippo_05
2026-06-29 23:31:39,198 INFO: avg err:0.2925 | err:0.7832 | horse_08 hippo_06
2026-06-29 23:31:39,448 INFO: avg err:0.2917 | err:0.0185 | horse_08 horse_01
2026-06-29 23:31:39,715 INFO: avg err:0.2909 | err:0.0136 | horse_08 horse_02
2026-06-29 23:31:40,029 INFO: avg err:0.2902 | err:0.0181 | horse_08 horse_03
2026-06-29 23:31:40,302 INFO: avg err:0.2894 | err:0.0195 | horse_08 horse_04
2026-06-29 23:31:40,555 INFO: avg err:0.2887 | err:0.0257 | horse_08 horse_05
2026-06-29 23:31:40,887 INFO: avg err:0.2879 | err:0.0218 | horse_08 horse_06
2026-06-29 23:31:41,162 INFO: avg err:0.2872 | err:0.0246 | horse_08 horse_07
2026-06-29 23:31:41,498 INFO: avg err:0.2864 | err:0.0000 | horse_08 horse_08
2026-06-29 23:31:41,808 INFO: avg err:0.2856 | err:0.0210 | horse_08 horse_09
2026-06-29 23:31:42,055 INFO: avg err:0.2852 | err:0.1273 | horse_08 horse_10
2026-06-29 23:31:42,294 INFO: avg err:0.2845 | err:0.0452 | horse_09 cougar_01
2026-06-29 23:31:42,710 INFO: avg err:0.2839 | err:0.0552 | horse_09 cougar_02
2026-06-29 23:31:42,953 INFO: avg err:0.2833 | err:0.0478 | horse_09 cougar_03
2026-06-29 23:31:43,304 INFO: avg err:0.2826 | err:0.0437 | horse_09 cougar_04
2026-06-29 23:31:43,601 INFO: avg err:0.2837 | err:0.6743 | horse_09 hippo_01
2026-06-29 23:31:43,884 INFO: avg err:0.2848 | err:0.6811 | horse_09 hippo_02
2026-06-29 23:31:44,130 INFO: avg err:0.2857 | err:0.6161 | horse_09 hippo_03
2026-06-29 23:31:44,389 INFO: avg err:0.2866 | err:0.6503 | horse_09 hippo_04
2026-06-29 23:31:44,609 INFO: avg err:0.2872 | err:0.4958 | horse_09 hippo_05
2026-06-29 23:31:44,926 INFO: avg err:0.2882 | err:0.6496 | horse_09 hippo_06
2026-06-29 23:31:45,164 INFO: avg err:0.2875 | err:0.0223 | horse_09 horse_01
2026-06-29 23:31:45,459 INFO: avg err:0.2868 | err:0.0181 | horse_09 horse_02
2026-06-29 23:31:45,699 INFO: avg err:0.2860 | err:0.0206 | horse_09 horse_03
2026-06-29 23:31:45,954 INFO: avg err:0.2853 | err:0.0246 | horse_09 horse_04
2026-06-29 23:31:46,202 INFO: avg err:0.2847 | err:0.0309 | horse_09 horse_05
2026-06-29 23:31:46,511 INFO: avg err:0.2840 | err:0.0304 | horse_09 horse_06
2026-06-29 23:31:46,812 INFO: avg err:0.2833 | err:0.0310 | horse_09 horse_07
2026-06-29 23:31:47,077 INFO: avg err:0.2826 | err:0.0225 | horse_09 horse_08
2026-06-29 23:31:47,314 INFO: avg err:0.2819 | err:0.0000 | horse_09 horse_09
2026-06-29 23:31:47,610 INFO: avg err:0.2814 | err:0.1083 | horse_09 horse_10
2026-06-29 23:31:47,880 INFO: avg err:0.2810 | err:0.1084 | horse_10 cougar_01
2026-06-29 23:31:48,247 INFO: avg err:0.2807 | err:0.1977 | horse_10 cougar_02
2026-06-29 23:31:48,588 INFO: avg err:0.2804 | err:0.1575 | horse_10 cougar_03
2026-06-29 23:31:48,855 INFO: avg err:0.2801 | err:0.1502 | horse_10 cougar_04
2026-06-29 23:31:49,082 INFO: avg err:0.2810 | err:0.6383 | horse_10 hippo_01
2026-06-29 23:31:49,380 INFO: avg err:0.2819 | err:0.6217 | horse_10 hippo_02
2026-06-29 23:31:49,626 INFO: avg err:0.2825 | err:0.5108 | horse_10 hippo_03
2026-06-29 23:31:49,875 INFO: avg err:0.2834 | err:0.6392 | horse_10 hippo_04
2026-06-29 23:31:50,113 INFO: avg err:0.2840 | err:0.5196 | horse_10 hippo_05
2026-06-29 23:31:50,630 INFO: avg err:0.2847 | err:0.5492 | horse_10 hippo_06
2026-06-29 23:31:50,881 INFO: avg err:0.2842 | err:0.0835 | horse_10 horse_01
2026-06-29 23:31:51,258 INFO: avg err:0.2837 | err:0.1039 | horse_10 horse_02
2026-06-29 23:31:51,487 INFO: avg err:0.2832 | err:0.0902 | horse_10 horse_03
2026-06-29 23:31:51,799 INFO: avg err:0.2827 | err:0.0702 | horse_10 horse_04
2026-06-29 23:31:52,007 INFO: avg err:0.2822 | err:0.0701 | horse_10 horse_05
2026-06-29 23:31:52,373 INFO: avg err:0.2817 | err:0.0858 | horse_10 horse_06
2026-06-29 23:31:52,603 INFO: avg err:0.2812 | err:0.0809 | horse_10 horse_07
2026-06-29 23:31:52,866 INFO: avg err:0.2807 | err:0.0820 | horse_10 horse_08
2026-06-29 23:31:53,090 INFO: avg err:0.2801 | err:0.0787 | horse_10 horse_09
2026-06-29 23:31:53,413 INFO: avg err:0.2794 | err:0.0000 | horse_10 horse_10
2026-06-29 23:31:53,446 INFO: Avg time: 0.1036
2026-06-29 23:31:53,934 INFO: Val auc: 0.5360
2026-06-29 23:31:53,942 INFO: Val avg error: 0.2794
2026-06-29 23:31:53,985 INFO: [ONB diag] max|Q-I|: mean=4.3276e-03 max=5.0497e-03 | max|Φ̃ᵀMΦ̃-I|: mean=7.0110e-07 max=8.3447e-07
2026-06-29 23:32:00,048 INFO: [smal_..][epoch:  5, iter:   4,020, lr:(9.141e-04,9.141e-04,)][eta: 1:19:07, time (data): 0.310 (0.014)]l_bij: 1.2677e+02 l_orth: 1.2632e+02 l_align: 9.6624e+01 l_qreg: 3.9748e-01 l_total: 3.5011e+02 
2026-06-29 23:32:06,402 INFO: [smal_..][epoch:  5, iter:   4,040, lr:(9.141e-04,9.141e-04,)][eta: 1:18:56, time (data): 0.317 (0.015)]l_bij: 1.0758e+02 l_orth: 1.1307e+02 l_align: 8.7983e+01 l_qreg: 4.2746e-01 l_total: 3.0906e+02 
2026-06-29 23:32:12,698 INFO: [smal_..][epoch:  5, iter:   4,060, lr:(9.141e-04,9.141e-04,)][eta: 1:18:45, time (data): 0.316 (0.015)]l_bij: 8.3916e+01 l_orth: 9.3294e+01 l_align: 8.6806e+01 l_qreg: 4.0936e-01 l_total: 2.6443e+02 
2026-06-29 23:32:19,029 INFO: [smal_..][epoch:  5, iter:   4,080, lr:(9.141e-04,9.141e-04,)][eta: 1:18:35, time (data): 0.316 (0.015)]l_bij: 8.0341e+01 l_orth: 9.0121e+01 l_align: 8.3766e+01 l_qreg: 2.7655e-01 l_total: 2.5451e+02 
2026-06-29 23:32:25,218 INFO: [smal_..][epoch:  5, iter:   4,100, lr:(9.141e-04,9.141e-04,)][eta: 1:18:24, time (data): 0.314 (0.015)]l_bij: 1.0160e+02 l_orth: 1.0860e+02 l_align: 8.6514e+01 l_qreg: 3.1046e-01 l_total: 2.9702e+02 
2026-06-29 23:32:31,405 INFO: [smal_..][epoch:  5, iter:   4,120, lr:(9.141e-04,9.141e-04,)][eta: 1:18:12, time (data): 0.313 (0.015)]l_bij: 9.2318e+01 l_orth: 1.0138e+02 l_align: 8.6352e+01 l_qreg: 3.2494e-01 l_total: 2.8037e+02 
2026-06-29 23:32:37,579 INFO: [smal_..][epoch:  5, iter:   4,140, lr:(9.141e-04,9.141e-04,)][eta: 1:18:01, time (data): 0.312 (0.015)]l_bij: 1.1302e+02 l_orth: 1.1945e+02 l_align: 9.2966e+01 l_qreg: 4.8865e-01 l_total: 3.2592e+02 
2026-06-29 23:32:43,782 INFO: [smal_..][epoch:  5, iter:   4,160, lr:(9.141e-04,9.141e-04,)][eta: 1:17:50, time (data): 0.312 (0.015)]l_bij: 8.8467e+01 l_orth: 9.8112e+01 l_align: 8.6941e+01 l_qreg: 3.5978e-01 l_total: 2.7388e+02 
2026-06-29 23:32:49,952 INFO: [smal_..][epoch:  5, iter:   4,180, lr:(9.141e-04,9.141e-04,)][eta: 1:17:39, time (data): 0.312 (0.015)]l_bij: 8.9283e+01 l_orth: 9.8144e+01 l_align: 8.2359e+01 l_qreg: 2.9603e-01 l_total: 2.7008e+02 
2026-06-29 23:32:56,150 INFO: [smal_..][epoch:  5, iter:   4,200, lr:(9.141e-04,9.141e-04,)][eta: 1:17:28, time (data): 0.311 (0.015)]l_bij: 1.1040e+02 l_orth: 1.1424e+02 l_align: 8.9813e+01 l_qreg: 2.4355e-01 l_total: 3.1470e+02 
2026-06-29 23:33:02,604 INFO: [smal_..][epoch:  6, iter:   4,220, lr:(8.682e-04,8.682e-04,)][eta: 1:17:18, time (data): 0.313 (0.016)]l_bij: 8.5893e+01 l_orth: 9.5843e+01 l_align: 8.9811e+01 l_qreg: 5.2570e-01 l_total: 2.7207e+02 
2026-06-29 23:33:09,421 INFO: [smal_..][epoch:  6, iter:   4,240, lr:(8.682e-04,8.682e-04,)][eta: 1:17:09, time (data): 0.342 (0.016)]l_bij: 1.1294e+02 l_orth: 1.1455e+02 l_align: 9.1726e+01 l_qreg: 3.2028e-01 l_total: 3.1954e+02 
2026-06-29 23:33:15,895 INFO: [smal_..][epoch:  6, iter:   4,260, lr:(8.682e-04,8.682e-04,)][eta: 1:16:59, time (data): 0.332 (0.015)]l_bij: 9.4583e+01 l_orth: 1.0368e+02 l_align: 9.0897e+01 l_qreg: 3.6123e-01 l_total: 2.8952e+02 
2026-06-29 23:33:22,227 INFO: [smal_..][epoch:  6, iter:   4,280, lr:(8.682e-04,8.682e-04,)][eta: 1:16:49, time (data): 0.327 (0.015)]l_bij: 1.0236e+02 l_orth: 1.0845e+02 l_align: 9.1710e+01 l_qreg: 5.3728e-01 l_total: 3.0306e+02 
2026-06-29 23:33:28,506 INFO: [smal_..][epoch:  6, iter:   4,300, lr:(8.682e-04,8.682e-04,)][eta: 1:16:38, time (data): 0.324 (0.015)]l_bij: 1.0467e+02 l_orth: 1.0941e+02 l_align: 8.7339e+01 l_qreg: 3.5904e-01 l_total: 3.0178e+02 
2026-06-29 23:33:34,847 INFO: [smal_..][epoch:  6, iter:   4,320, lr:(8.682e-04,8.682e-04,)][eta: 1:16:28, time (data): 0.322 (0.015)]l_bij: 1.1244e+02 l_orth: 1.1768e+02 l_align: 9.6148e+01 l_qreg: 3.4603e-01 l_total: 3.2662e+02 
2026-06-29 23:33:41,199 INFO: [smal_..][epoch:  6, iter:   4,340, lr:(8.682e-04,8.682e-04,)][eta: 1:16:18, time (data): 0.321 (0.015)]l_bij: 1.0294e+02 l_orth: 1.1139e+02 l_align: 9.1131e+01 l_qreg: 4.9329e-01 l_total: 3.0596e+02 
2026-06-29 23:33:47,577 INFO: [smal_..][epoch:  6, iter:   4,360, lr:(8.682e-04,8.682e-04,)][eta: 1:16:08, time (data): 0.321 (0.015)]l_bij: 9.4842e+01 l_orth: 1.0581e+02 l_align: 8.4063e+01 l_qreg: 3.1508e-01 l_total: 2.8503e+02 
2026-06-29 23:33:54,088 INFO: [smal_..][epoch:  6, iter:   4,380, lr:(8.682e-04,8.682e-04,)][eta: 1:15:58, time (data): 0.322 (0.015)]l_bij: 1.1328e+02 l_orth: 1.1667e+02 l_align: 9.1196e+01 l_qreg: 3.0984e-01 l_total: 3.2146e+02 
2026-06-29 23:34:00,527 INFO: [smal_..][epoch:  6, iter:   4,400, lr:(8.682e-04,8.682e-04,)][eta: 1:15:48, time (data): 0.322 (0.015)]l_bij: 5.1741e+01 l_orth: 7.3710e+01 l_align: 9.2043e+01 l_qreg: 3.6917e-01 l_total: 2.1786e+02 
2026-06-29 23:34:06,830 INFO: [smal_..][epoch:  6, iter:   4,420, lr:(8.682e-04,8.682e-04,)][eta: 1:15:38, time (data): 0.321 (0.015)]l_bij: 1.1193e+02 l_orth: 1.1484e+02 l_align: 9.1665e+01 l_qreg: 4.9012e-01 l_total: 3.1893e+02 
2026-06-29 23:34:13,278 INFO: [smal_..][epoch:  6, iter:   4,440, lr:(8.682e-04,8.682e-04,)][eta: 1:15:28, time (data): 0.323 (0.015)]l_bij: 1.0603e+02 l_orth: 1.1401e+02 l_align: 9.0802e+01 l_qreg: 3.5216e-01 l_total: 3.1120e+02 
2026-06-29 23:34:19,610 INFO: [smal_..][epoch:  6, iter:   4,460, lr:(8.682e-04,8.682e-04,)][eta: 1:15:18, time (data): 0.320 (0.015)]l_bij: 9.5181e+01 l_orth: 1.0436e+02 l_align: 8.9725e+01 l_qreg: 3.9561e-01 l_total: 2.8967e+02 
2026-06-29 23:34:25,928 INFO: [smal_..][epoch:  6, iter:   4,480, lr:(8.682e-04,8.682e-04,)][eta: 1:15:08, time (data): 0.318 (0.015)]l_bij: 9.2171e+01 l_orth: 1.0146e+02 l_align: 8.5281e+01 l_qreg: 3.1849e-01 l_total: 2.7923e+02 
2026-06-29 23:34:32,291 INFO: [smal_..][epoch:  6, iter:   4,500, lr:(8.682e-04,8.682e-04,)][eta: 1:14:59, time (data): 0.318 (0.015)]l_bij: 1.2475e+02 l_orth: 1.2495e+02 l_align: 9.4503e+01 l_qreg: 4.4067e-01 l_total: 3.4464e+02 
2026-06-29 23:34:38,571 INFO: [smal_..][epoch:  6, iter:   4,520, lr:(8.682e-04,8.682e-04,)][eta: 1:14:48, time (data): 0.317 (0.015)]l_bij: 8.6521e+01 l_orth: 9.5053e+01 l_align: 7.8375e+01 l_qreg: 3.2965e-01 l_total: 2.6028e+02 
2026-06-29 23:34:44,919 INFO: [smal_..][epoch:  6, iter:   4,540, lr:(8.682e-04,8.682e-04,)][eta: 1:14:39, time (data): 0.317 (0.015)]l_bij: 1.1965e+02 l_orth: 1.2008e+02 l_align: 9.1997e+01 l_qreg: 5.9349e-01 l_total: 3.3232e+02 
2026-06-29 23:34:51,247 INFO: [smal_..][epoch:  6, iter:   4,560, lr:(8.682e-04,8.682e-04,)][eta: 1:14:29, time (data): 0.317 (0.015)]l_bij: 1.0894e+02 l_orth: 1.1274e+02 l_align: 9.5643e+01 l_qreg: 3.6802e-01 l_total: 3.1769e+02 
2026-06-29 23:34:57,633 INFO: [smal_..][epoch:  6, iter:   4,580, lr:(8.682e-04,8.682e-04,)][eta: 1:14:19, time (data): 0.317 (0.015)]l_bij: 1.0550e+02 l_orth: 1.1122e+02 l_align: 8.7029e+01 l_qreg: 4.8223e-01 l_total: 3.0423e+02 
2026-06-29 23:35:03,969 INFO: [smal_..][epoch:  6, iter:   4,600, lr:(8.682e-04,8.682e-04,)][eta: 1:14:09, time (data): 0.317 (0.015)]l_bij: 1.1860e+02 l_orth: 1.2061e+02 l_align: 9.6945e+01 l_qreg: 5.1671e-01 l_total: 3.3668e+02 
2026-06-29 23:35:10,245 INFO: [smal_..][epoch:  6, iter:   4,620, lr:(8.682e-04,8.682e-04,)][eta: 1:13:59, time (data): 0.317 (0.015)]l_bij: 1.0077e+02 l_orth: 1.0671e+02 l_align: 8.7400e+01 l_qreg: 3.7551e-01 l_total: 2.9525e+02 
2026-06-29 23:35:16,522 INFO: [smal_..][epoch:  6, iter:   4,640, lr:(8.682e-04,8.682e-04,)][eta: 1:13:49, time (data): 0.314 (0.015)]l_bij: 9.9011e+01 l_orth: 1.0369e+02 l_align: 8.5004e+01 l_qreg: 6.7343e-01 l_total: 2.8838e+02 
2026-06-29 23:35:22,754 INFO: [smal_..][epoch:  6, iter:   4,660, lr:(8.682e-04,8.682e-04,)][eta: 1:13:39, time (data): 0.313 (0.015)]l_bij: 7.8184e+01 l_orth: 8.8643e+01 l_align: 7.8372e+01 l_qreg: 3.6412e-01 l_total: 2.4556e+02 
2026-06-29 23:35:29,135 INFO: [smal_..][epoch:  6, iter:   4,680, lr:(8.682e-04,8.682e-04,)][eta: 1:13:30, time (data): 0.315 (0.015)]l_bij: 1.1128e+02 l_orth: 1.1708e+02 l_align: 9.2949e+01 l_qreg: 3.8136e-01 l_total: 3.2169e+02 
2026-06-29 23:35:35,623 INFO: [smal_..][epoch:  6, iter:   4,700, lr:(8.682e-04,8.682e-04,)][eta: 1:13:20, time (data): 0.317 (0.015)]l_bij: 1.1755e+02 l_orth: 1.2106e+02 l_align: 9.1663e+01 l_qreg: 4.2861e-01 l_total: 3.3070e+02 
2026-06-29 23:35:41,973 INFO: [smal_..][epoch:  6, iter:   4,720, lr:(8.682e-04,8.682e-04,)][eta: 1:13:11, time (data): 0.317 (0.015)]l_bij: 1.1324e+02 l_orth: 1.1778e+02 l_align: 9.0464e+01 l_qreg: 3.5886e-01 l_total: 3.2184e+02 
2026-06-29 23:35:48,285 INFO: [smal_..][epoch:  6, iter:   4,740, lr:(8.682e-04,8.682e-04,)][eta: 1:13:01, time (data): 0.317 (0.015)]l_bij: 6.9028e+01 l_orth: 8.5230e+01 l_align: 8.5247e+01 l_qreg: 4.4721e-01 l_total: 2.3995e+02 
2026-06-29 23:35:54,520 INFO: [smal_..][epoch:  6, iter:   4,760, lr:(8.682e-04,8.682e-04,)][eta: 1:12:51, time (data): 0.316 (0.015)]l_bij: 1.2698e+02 l_orth: 1.2477e+02 l_align: 8.9093e+01 l_qreg: 5.0319e-01 l_total: 3.4134e+02 
2026-06-29 23:36:00,694 INFO: [smal_..][epoch:  6, iter:   4,780, lr:(8.682e-04,8.682e-04,)][eta: 1:12:41, time (data): 0.315 (0.015)]l_bij: 9.5749e+01 l_orth: 1.0243e+02 l_align: 8.6972e+01 l_qreg: 3.1428e-01 l_total: 2.8547e+02 
2026-06-29 23:36:06,998 INFO: [smal_..][epoch:  6, iter:   4,800, lr:(8.682e-04,8.682e-04,)][eta: 1:12:32, time (data): 0.315 (0.015)]l_bij: 1.1518e+02 l_orth: 1.1773e+02 l_align: 9.2882e+01 l_qreg: 5.0027e-01 l_total: 3.2629e+02 
2026-06-29 23:36:13,231 INFO: [smal_..][epoch:  6, iter:   4,820, lr:(8.682e-04,8.682e-04,)][eta: 1:12:22, time (data): 0.315 (0.015)]l_bij: 1.1365e+02 l_orth: 1.1785e+02 l_align: 8.7962e+01 l_qreg: 3.5358e-01 l_total: 3.1982e+02 
2026-06-29 23:36:19,418 INFO: [smal_..][epoch:  6, iter:   4,840, lr:(8.682e-04,8.682e-04,)][eta: 1:12:12, time (data): 0.309 (0.014)]l_bij: 1.2353e+02 l_orth: 1.2405e+02 l_align: 8.9675e+01 l_qreg: 3.2749e-01 l_total: 3.3758e+02 
2026-06-29 23:36:25,653 INFO: [smal_..][epoch:  6, iter:   4,860, lr:(8.682e-04,8.682e-04,)][eta: 1:12:02, time (data): 0.311 (0.014)]l_bij: 7.1050e+01 l_orth: 8.6454e+01 l_align: 8.5374e+01 l_qreg: 4.1859e-01 l_total: 2.4330e+02 
2026-06-29 23:36:32,002 INFO: [smal_..][epoch:  6, iter:   4,880, lr:(8.682e-04,8.682e-04,)][eta: 1:11:53, time (data): 0.313 (0.014)]l_bij: 1.2933e+02 l_orth: 1.3005e+02 l_align: 9.6544e+01 l_qreg: 4.7103e-01 l_total: 3.5639e+02 
2026-06-29 23:36:38,190 INFO: [smal_..][epoch:  6, iter:   4,900, lr:(8.682e-04,8.682e-04,)][eta: 1:11:43, time (data): 0.312 (0.015)]l_bij: 8.2538e+01 l_orth: 9.1855e+01 l_align: 8.0881e+01 l_qreg: 4.0543e-01 l_total: 2.5568e+02 
2026-06-29 23:36:44,404 INFO: [smal_..][epoch:  6, iter:   4,920, lr:(8.682e-04,8.682e-04,)][eta: 1:11:34, time (data): 0.312 (0.015)]l_bij: 8.6721e+01 l_orth: 1.0867e+02 l_align: 9.3569e+01 l_qreg: 4.9996e-01 l_total: 2.8945e+02 
2026-06-29 23:36:50,651 INFO: [smal_..][epoch:  6, iter:   4,940, lr:(8.682e-04,8.682e-04,)][eta: 1:11:24, time (data): 0.312 (0.015)]l_bij: 1.0883e+02 l_orth: 1.1265e+02 l_align: 8.9527e+01 l_qreg: 3.9524e-01 l_total: 3.1140e+02 
2026-06-29 23:36:56,987 INFO: [smal_..][epoch:  6, iter:   4,960, lr:(8.682e-04,8.682e-04,)][eta: 1:11:15, time (data): 0.312 (0.015)]l_bij: 7.3423e+01 l_orth: 8.7758e+01 l_align: 8.3922e+01 l_qreg: 4.3189e-01 l_total: 2.4554e+02 
2026-06-29 23:37:03,362 INFO: [smal_..][epoch:  6, iter:   4,980, lr:(8.682e-04,8.682e-04,)][eta: 1:11:06, time (data): 0.313 (0.015)]l_bij: 1.0201e+02 l_orth: 1.0956e+02 l_align: 8.6491e+01 l_qreg: 3.2992e-01 l_total: 2.9839e+02 
2026-06-29 23:37:09,609 INFO: [smal_..][epoch:  6, iter:   5,000, lr:(8.682e-04,8.682e-04,)][eta: 1:10:56, time (data): 0.313 (0.015)]l_bij: 1.2270e+02 l_orth: 1.2403e+02 l_align: 9.4417e+01 l_qreg: 5.3891e-01 l_total: 3.4169e+02 
2026-06-29 23:37:15,816 INFO: [smal_..][epoch:  6, iter:   5,020, lr:(8.682e-04,8.682e-04,)][eta: 1:10:47, time (data): 0.313 (0.015)]l_bij: 1.0318e+02 l_orth: 1.0552e+02 l_align: 8.1842e+01 l_qreg: 5.0140e-01 l_total: 2.9104e+02 
2026-06-29 23:37:22,031 INFO: [smal_..][epoch:  6, iter:   5,040, lr:(8.682e-04,8.682e-04,)][eta: 1:10:37, time (data): 0.311 (0.014)]l_bij: 1.0628e+02 l_orth: 1.1211e+02 l_align: 8.7828e+01 l_qreg: 6.2127e-01 l_total: 3.0684e+02 
2026-06-29 23:37:28,391 INFO: [smal_..][epoch:  7, iter:   5,060, lr:(8.145e-04,8.145e-04,)][eta: 1:10:28, time (data): 0.315 (0.020)]l_bij: 1.0467e+02 l_orth: 1.1176e+02 l_align: 8.8016e+01 l_qreg: 3.4644e-01 l_total: 3.0479e+02 
2026-06-29 23:37:34,599 INFO: [smal_..][epoch:  7, iter:   5,080, lr:(8.145e-04,8.145e-04,)][eta: 1:10:18, time (data): 0.313 (0.018)]l_bij: 2.4983e+01 l_orth: 5.9500e+01 l_align: 1.0920e+02 l_qreg: 4.0067e-01 l_total: 1.9408e+02 
2026-06-29 23:37:40,752 INFO: [smal_..][epoch:  7, iter:   5,100, lr:(8.145e-04,8.145e-04,)][eta: 1:10:09, time (data): 0.312 (0.017)]l_bij: 8.0638e+01 l_orth: 9.3100e+01 l_align: 8.3173e+01 l_qreg: 4.4456e-01 l_total: 2.5736e+02 
2026-06-29 23:37:46,854 INFO: [smal_..][epoch:  7, iter:   5,120, lr:(8.145e-04,8.145e-04,)][eta: 1:09:59, time (data): 0.310 (0.017)]l_bij: 8.8211e+00 l_orth: 4.2326e+01 l_align: 1.0246e+02 l_qreg: 4.5416e-01 l_total: 1.5406e+02 
2026-06-29 23:37:53,008 INFO: [smal_..][epoch:  7, iter:   5,140, lr:(8.145e-04,8.145e-04,)][eta: 1:09:50, time (data): 0.310 (0.016)]l_bij: 9.7595e+01 l_orth: 1.0180e+02 l_align: 8.3940e+01 l_qreg: 3.7588e-01 l_total: 2.8372e+02 
2026-06-29 23:37:59,249 INFO: [smal_..][epoch:  7, iter:   5,160, lr:(8.145e-04,8.145e-04,)][eta: 1:09:40, time (data): 0.310 (0.016)]l_bij: 1.1749e+02 l_orth: 1.1835e+02 l_align: 9.0553e+01 l_qreg: 5.1653e-01 l_total: 3.2692e+02 
2026-06-29 23:38:05,501 INFO: [smal_..][epoch:  7, iter:   5,180, lr:(8.145e-04,8.145e-04,)][eta: 1:09:31, time (data): 0.310 (0.016)]l_bij: 8.8850e+01 l_orth: 1.0054e+02 l_align: 8.4679e+01 l_qreg: 4.8944e-01 l_total: 2.7456e+02 
2026-06-29 23:38:12,049 INFO: [smal_..][epoch:  7, iter:   5,200, lr:(8.145e-04,8.145e-04,)][eta: 1:09:23, time (data): 0.312 (0.016)]l_bij: 8.9679e+01 l_orth: 9.8930e+01 l_align: 8.3836e+01 l_qreg: 5.1245e-01 l_total: 2.7296e+02 
2026-06-29 23:38:18,310 INFO: [smal_..][epoch:  7, iter:   5,220, lr:(8.145e-04,8.145e-04,)][eta: 1:09:14, time (data): 0.312 (0.016)]l_bij: 1.2181e+02 l_orth: 1.2680e+02 l_align: 8.4946e+01 l_qreg: 4.3016e-01 l_total: 3.3399e+02 
2026-06-29 23:38:24,696 INFO: [smal_..][epoch:  7, iter:   5,240, lr:(8.145e-04,8.145e-04,)][eta: 1:09:05, time (data): 0.317 (0.015)]l_bij: 1.1819e+02 l_orth: 1.1950e+02 l_align: 9.2430e+01 l_qreg: 6.0548e-01 l_total: 3.3072e+02 
2026-06-29 23:38:30,961 INFO: [smal_..][epoch:  7, iter:   5,260, lr:(8.145e-04,8.145e-04,)][eta: 1:08:56, time (data): 0.315 (0.015)]l_bij: 5.6923e+01 l_orth: 8.5145e+01 l_align: 9.4952e+01 l_qreg: 6.3084e-01 l_total: 2.3765e+02 
2026-06-29 23:38:37,177 INFO: [smal_..][epoch:  7, iter:   5,280, lr:(8.145e-04,8.145e-04,)][eta: 1:08:46, time (data): 0.313 (0.015)]l_bij: 1.2059e+02 l_orth: 1.2473e+02 l_align: 9.3101e+01 l_qreg: 3.9853e-01 l_total: 3.3882e+02 
2026-06-29 23:38:43,549 INFO: [smal_..][epoch:  7, iter:   5,300, lr:(8.145e-04,8.145e-04,)][eta: 1:08:37, time (data): 0.315 (0.015)]l_bij: 9.6308e+01 l_orth: 1.0544e+02 l_align: 8.1833e+01 l_qreg: 4.6572e-01 l_total: 2.8405e+02 
2026-06-29 23:38:49,890 INFO: [smal_..][epoch:  7, iter:   5,320, lr:(8.145e-04,8.145e-04,)][eta: 1:08:29, time (data): 0.315 (0.015)]l_bij: 1.1438e+02 l_orth: 1.1633e+02 l_align: 8.7077e+01 l_qreg: 5.5564e-01 l_total: 3.1834e+02 
2026-06-29 23:38:56,203 INFO: [smal_..][epoch:  7, iter:   5,340, lr:(8.145e-04,8.145e-04,)][eta: 1:08:20, time (data): 0.315 (0.015)]l_bij: 4.3867e+01 l_orth: 6.5485e+01 l_align: 8.3391e+01 l_qreg: 4.7910e-01 l_total: 1.9322e+02 
2026-06-29 23:39:02,498 INFO: [smal_..][epoch:  7, iter:   5,360, lr:(8.145e-04,8.145e-04,)][eta: 1:08:11, time (data): 0.315 (0.015)]l_bij: 6.0695e+01 l_orth: 7.7429e+01 l_align: 8.8248e+01 l_qreg: 6.4044e-01 l_total: 2.2701e+02 
2026-06-29 23:39:08,791 INFO: [smal_..][epoch:  7, iter:   5,380, lr:(8.145e-04,8.145e-04,)][eta: 1:08:02, time (data): 0.315 (0.015)]l_bij: 1.0721e+02 l_orth: 1.1061e+02 l_align: 9.1463e+01 l_qreg: 5.6719e-01 l_total: 3.0985e+02 
2026-06-29 23:39:15,078 INFO: [smal_..][epoch:  7, iter:   5,400, lr:(8.145e-04,8.145e-04,)][eta: 1:07:53, time (data): 0.315 (0.015)]l_bij: 5.6104e+01 l_orth: 7.6276e+01 l_align: 8.9803e+01 l_qreg: 5.9030e-01 l_total: 2.2277e+02 
2026-06-29 23:39:21,296 INFO: [smal_..][epoch:  7, iter:   5,420, lr:(8.145e-04,8.145e-04,)][eta: 1:07:44, time (data): 0.314 (0.015)]l_bij: 1.1083e+02 l_orth: 1.1563e+02 l_align: 9.4682e+01 l_qreg: 6.2421e-01 l_total: 3.2177e+02 
2026-06-29 23:39:27,651 INFO: [smal_..][epoch:  7, iter:   5,440, lr:(8.145e-04,8.145e-04,)][eta: 1:07:35, time (data): 0.315 (0.015)]l_bij: 6.9743e+01 l_orth: 8.7184e+01 l_align: 8.4017e+01 l_qreg: 2.7687e-01 l_total: 2.4122e+02 
2026-06-29 23:39:33,798 INFO: [smal_..][epoch:  7, iter:   5,460, lr:(8.145e-04,8.145e-04,)][eta: 1:07:26, time (data): 0.310 (0.015)]l_bij: 1.2363e+02 l_orth: 1.2338e+02 l_align: 9.1748e+01 l_qreg: 5.5802e-01 l_total: 3.3932e+02 
2026-06-29 23:39:39,985 INFO: [smal_..][epoch:  7, iter:   5,480, lr:(8.145e-04,8.145e-04,)][eta: 1:07:17, time (data): 0.310 (0.014)]l_bij: 1.1138e+02 l_orth: 1.1480e+02 l_align: 9.4259e+01 l_qreg: 7.5412e-01 l_total: 3.2120e+02 
2026-06-29 23:39:46,191 INFO: [smal_..][epoch:  7, iter:   5,500, lr:(8.145e-04,8.145e-04,)][eta: 1:07:08, time (data): 0.310 (0.015)]l_bij: 1.0024e+02 l_orth: 1.0496e+02 l_align: 8.1107e+01 l_qreg: 4.5030e-01 l_total: 2.8676e+02 
2026-06-29 23:39:52,392 INFO: [smal_..][epoch:  7, iter:   5,520, lr:(8.145e-04,8.145e-04,)][eta: 1:06:59, time (data): 0.310 (0.014)]l_bij: 8.4625e+01 l_orth: 9.4793e+01 l_align: 7.5141e+01 l_qreg: 4.7523e-01 l_total: 2.5503e+02 
2026-06-29 23:39:58,586 INFO: [smal_..][epoch:  7, iter:   5,540, lr:(8.145e-04,8.145e-04,)][eta: 1:06:50, time (data): 0.310 (0.014)]l_bij: 1.0291e+02 l_orth: 1.0983e+02 l_align: 8.4542e+01 l_qreg: 4.2947e-01 l_total: 2.9771e+02 
2026-06-29 23:40:04,732 INFO: [smal_..][epoch:  7, iter:   5,560, lr:(8.145e-04,8.145e-04,)][eta: 1:06:41, time (data): 0.309 (0.014)]l_bij: 1.2556e+02 l_orth: 1.2467e+02 l_align: 9.1320e+01 l_qreg: 5.0021e-01 l_total: 3.4205e+02 
2026-06-29 23:40:10,878 INFO: [smal_..][epoch:  7, iter:   5,580, lr:(8.145e-04,8.145e-04,)][eta: 1:06:32, time (data): 0.309 (0.014)]l_bij: 9.1543e+01 l_orth: 9.9987e+01 l_align: 8.6173e+01 l_qreg: 3.8998e-01 l_total: 2.7809e+02 
2026-06-29 23:40:17,120 INFO: [smal_..][epoch:  7, iter:   5,600, lr:(8.145e-04,8.145e-04,)][eta: 1:06:23, time (data): 0.309 (0.014)]l_bij: 1.0623e+02 l_orth: 1.1383e+02 l_align: 8.8396e+01 l_qreg: 5.5592e-01 l_total: 3.0901e+02 
2026-06-29 23:40:23,290 INFO: [smal_..][epoch:  7, iter:   5,620, lr:(8.145e-04,8.145e-04,)][eta: 1:06:14, time (data): 0.309 (0.014)]l_bij: 1.0627e+02 l_orth: 1.0920e+02 l_align: 8.9125e+01 l_qreg: 5.4737e-01 l_total: 3.0514e+02 
2026-06-29 23:40:29,579 INFO: [smal_..][epoch:  7, iter:   5,640, lr:(8.145e-04,8.145e-04,)][eta: 1:06:05, time (data): 0.315 (0.015)]l_bij: 1.0511e+02 l_orth: 1.0865e+02 l_align: 8.7823e+01 l_qreg: 4.9977e-01 l_total: 3.0208e+02 
2026-06-29 23:40:35,951 INFO: [smal_..][epoch:  7, iter:   5,660, lr:(8.145e-04,8.145e-04,)][eta: 1:05:57, time (data): 0.317 (0.015)]l_bij: 1.1461e+02 l_orth: 1.2098e+02 l_align: 8.8564e+01 l_qreg: 4.9577e-01 l_total: 3.2465e+02 
2026-06-29 23:40:42,183 INFO: [smal_..][epoch:  7, iter:   5,680, lr:(8.145e-04,8.145e-04,)][eta: 1:05:48, time (data): 0.315 (0.015)]l_bij: 1.0479e+02 l_orth: 1.1176e+02 l_align: 8.7365e+01 l_qreg: 3.9548e-01 l_total: 3.0431e+02 
2026-06-29 23:40:48,437 INFO: [smal_..][epoch:  7, iter:   5,700, lr:(8.145e-04,8.145e-04,)][eta: 1:05:39, time (data): 0.314 (0.015)]l_bij: 9.2556e+01 l_orth: 1.0471e+02 l_align: 8.3692e+01 l_qreg: 4.9160e-01 l_total: 2.8145e+02 
2026-06-29 23:40:54,665 INFO: [smal_..][epoch:  7, iter:   5,720, lr:(8.145e-04,8.145e-04,)][eta: 1:05:30, time (data): 0.314 (0.015)]l_bij: 8.2271e+01 l_orth: 9.6332e+01 l_align: 8.7066e+01 l_qreg: 5.5310e-01 l_total: 2.6622e+02 
2026-06-29 23:41:01,003 INFO: [smal_..][epoch:  7, iter:   5,740, lr:(8.145e-04,8.145e-04,)][eta: 1:05:22, time (data): 0.314 (0.015)]l_bij: 7.2077e+01 l_orth: 9.0134e+01 l_align: 8.8171e+01 l_qreg: 4.0675e-01 l_total: 2.5079e+02 
2026-06-29 23:41:07,344 INFO: [smal_..][epoch:  7, iter:   5,760, lr:(8.145e-04,8.145e-04,)][eta: 1:05:13, time (data): 0.314 (0.015)]l_bij: 7.1251e+01 l_orth: 8.3975e+01 l_align: 7.6114e+01 l_qreg: 4.1774e-01 l_total: 2.3176e+02 
2026-06-29 23:41:13,531 INFO: [smal_..][epoch:  7, iter:   5,780, lr:(8.145e-04,8.145e-04,)][eta: 1:05:05, time (data): 0.314 (0.015)]l_bij: 1.1857e+02 l_orth: 1.2171e+02 l_align: 9.5426e+01 l_qreg: 4.8479e-01 l_total: 3.3619e+02 
2026-06-29 23:41:19,919 INFO: [smal_..][epoch:  7, iter:   5,800, lr:(8.145e-04,8.145e-04,)][eta: 1:04:56, time (data): 0.314 (0.015)]l_bij: 1.0527e+02 l_orth: 1.0839e+02 l_align: 8.8257e+01 l_qreg: 5.3216e-01 l_total: 3.0245e+02 
2026-06-29 23:41:26,104 INFO: [smal_..][epoch:  7, iter:   5,820, lr:(8.145e-04,8.145e-04,)][eta: 1:04:47, time (data): 0.314 (0.015)]l_bij: 8.1269e+01 l_orth: 9.7251e+01 l_align: 8.7257e+01 l_qreg: 4.9352e-01 l_total: 2.6627e+02 
2026-06-29 23:41:32,245 INFO: [smal_..][epoch:  7, iter:   5,840, lr:(8.145e-04,8.145e-04,)][eta: 1:04:39, time (data): 0.308 (0.016)]l_bij: 9.4568e+01 l_orth: 1.0238e+02 l_align: 8.7938e+01 l_qreg: 4.6435e-01 l_total: 2.8535e+02 
2026-06-29 23:41:38,506 INFO: [smal_..][epoch:  7, iter:   5,860, lr:(8.145e-04,8.145e-04,)][eta: 1:04:30, time (data): 0.311 (0.015)]l_bij: 7.6212e+01 l_orth: 8.7088e+01 l_align: 7.6375e+01 l_qreg: 4.5464e-01 l_total: 2.4013e+02 
2026-06-29 23:41:44,742 INFO: [smal_..][epoch:  7, iter:   5,880, lr:(8.145e-04,8.145e-04,)][eta: 1:04:21, time (data): 0.311 (0.015)]l_bij: 1.0305e+02 l_orth: 1.1070e+02 l_align: 8.7235e+01 l_qreg: 5.6425e-01 l_total: 3.0155e+02 
2026-06-29 23:41:51,331 INFO: [smal_..][epoch:  8, iter:   5,900, lr:(7.543e-04,7.543e-04,)][eta: 1:04:14, time (data): 0.316 (0.019)]l_bij: 1.0514e+02 l_orth: 1.0844e+02 l_align: 8.4331e+01 l_qreg: 5.2120e-01 l_total: 2.9843e+02 
2026-06-29 23:41:57,648 INFO: [smal_..][epoch:  8, iter:   5,920, lr:(7.543e-04,7.543e-04,)][eta: 1:04:05, time (data): 0.316 (0.018)]l_bij: 8.2809e+01 l_orth: 9.2337e+01 l_align: 8.0523e+01 l_qreg: 5.4640e-01 l_total: 2.5622e+02 
2026-06-29 23:42:03,872 INFO: [smal_..][epoch:  8, iter:   5,940, lr:(7.543e-04,7.543e-04,)][eta: 1:03:57, time (data): 0.315 (0.017)]l_bij: 7.4074e+01 l_orth: 8.5509e+01 l_align: 7.9524e+01 l_qreg: 4.0505e-01 l_total: 2.3951e+02 
2026-06-29 23:42:10,153 INFO: [smal_..][epoch:  8, iter:   5,960, lr:(7.543e-04,7.543e-04,)][eta: 1:03:48, time (data): 0.315 (0.017)]l_bij: 1.1684e+02 l_orth: 1.2046e+02 l_align: 8.8683e+01 l_qreg: 5.3767e-01 l_total: 3.2652e+02 
2026-06-29 23:42:16,304 INFO: [smal_..][epoch:  8, iter:   5,980, lr:(7.543e-04,7.543e-04,)][eta: 1:03:39, time (data): 0.314 (0.016)]l_bij: 1.1201e+02 l_orth: 1.1407e+02 l_align: 8.7024e+01 l_qreg: 1.0532e+00 l_total: 3.1416e+02 
2026-06-29 23:42:22,631 INFO: [smal_..][epoch:  8, iter:   6,000, lr:(7.543e-04,7.543e-04,)][eta: 1:03:31, time (data): 0.314 (0.016)]l_bij: 9.8831e+01 l_orth: 1.0506e+02 l_align: 8.5276e+01 l_qreg: 3.5152e-01 l_total: 2.8952e+02 
2026-06-29 23:42:22,632 INFO: Saving models and training states.
2026-06-29 23:42:22,657 INFO: Start validation.
2026-06-29 23:42:23,504 INFO: avg err:0.0000 | err:0.0000 | cougar_01 cougar_01
2026-06-29 23:42:23,775 INFO: avg err:0.0137 | err:0.0274 | cougar_01 cougar_02
2026-06-29 23:42:24,054 INFO: avg err:0.0142 | err:0.0151 | cougar_01 cougar_03
2026-06-29 23:42:24,301 INFO: avg err:0.0161 | err:0.0220 | cougar_01 cougar_04
2026-06-29 23:42:24,594 INFO: avg err:0.1616 | err:0.7436 | cougar_01 hippo_01
2026-06-29 23:42:24,853 INFO: avg err:0.2588 | err:0.7449 | cougar_01 hippo_02
2026-06-29 23:42:25,072 INFO: avg err:0.3261 | err:0.7294 | cougar_01 hippo_03
2026-06-29 23:42:25,278 INFO: avg err:0.3814 | err:0.7685 | cougar_01 hippo_04
2026-06-29 23:42:25,564 INFO: avg err:0.3755 | err:0.3288 | cougar_01 hippo_05
2026-06-29 23:42:25,803 INFO: avg err:0.4100 | err:0.7204 | cougar_01 hippo_06
2026-06-29 23:42:26,186 INFO: avg err:0.3759 | err:0.0342 | cougar_01 horse_01
2026-06-29 23:42:26,430 INFO: avg err:0.3474 | err:0.0343 | cougar_01 horse_02
2026-06-29 23:42:26,685 INFO: avg err:0.3231 | err:0.0311 | cougar_01 horse_03
2026-06-29 23:42:26,926 INFO: avg err:0.3024 | err:0.0341 | cougar_01 horse_04
2026-06-29 23:42:27,271 INFO: avg err:0.2850 | err:0.0410 | cougar_01 horse_05
2026-06-29 23:42:27,543 INFO: avg err:0.2698 | err:0.0423 | cougar_01 horse_06
2026-06-29 23:42:27,802 INFO: avg err:0.2561 | err:0.0358 | cougar_01 horse_07
2026-06-29 23:42:28,039 INFO: avg err:0.2436 | err:0.0310 | cougar_01 horse_08
2026-06-29 23:42:28,334 INFO: avg err:0.2332 | err:0.0460 | cougar_01 horse_09
2026-06-29 23:42:28,600 INFO: avg err:0.2264 | err:0.0980 | cougar_01 horse_10
2026-06-29 23:42:28,875 INFO: avg err:0.2166 | err:0.0207 | cougar_02 cougar_01
2026-06-29 23:42:29,247 INFO: avg err:0.2068 | err:0.0000 | cougar_02 cougar_02
2026-06-29 23:42:29,492 INFO: avg err:0.1986 | err:0.0180 | cougar_02 cougar_03
2026-06-29 23:42:29,751 INFO: avg err:0.1916 | err:0.0314 | cougar_02 cougar_04
2026-06-29 23:42:30,089 INFO: avg err:0.2193 | err:0.8832 | cougar_02 hippo_01
2026-06-29 23:42:30,417 INFO: avg err:0.2446 | err:0.8785 | cougar_02 hippo_02
2026-06-29 23:42:30,678 INFO: avg err:0.2663 | err:0.8299 | cougar_02 hippo_03
2026-06-29 23:42:30,972 INFO: avg err:0.2891 | err:0.9056 | cougar_02 hippo_04
2026-06-29 23:42:31,218 INFO: avg err:0.2929 | err:0.3976 | cougar_02 hippo_05
2026-06-29 23:42:31,537 INFO: avg err:0.3083 | err:0.7554 | cougar_02 hippo_06
2026-06-29 23:42:31,793 INFO: avg err:0.3003 | err:0.0621 | cougar_02 horse_01
2026-06-29 23:42:32,242 INFO: avg err:0.2924 | err:0.0461 | cougar_02 horse_02
2026-06-29 23:42:32,564 INFO: avg err:0.2853 | err:0.0599 | cougar_02 horse_03
2026-06-29 23:42:32,830 INFO: avg err:0.2783 | err:0.0470 | cougar_02 horse_04
2026-06-29 23:42:33,111 INFO: avg err:0.2719 | err:0.0516 | cougar_02 horse_05
2026-06-29 23:42:33,438 INFO: avg err:0.2657 | err:0.0496 | cougar_02 horse_06
2026-06-29 23:42:33,675 INFO: avg err:0.2598 | err:0.0491 | cougar_02 horse_07
2026-06-29 23:42:33,996 INFO: avg err:0.2541 | err:0.0429 | cougar_02 horse_08
2026-06-29 23:42:34,224 INFO: avg err:0.2507 | err:0.1194 | cougar_02 horse_09
2026-06-29 23:42:34,562 INFO: avg err:0.2479 | err:0.1404 | cougar_02 horse_10
2026-06-29 23:42:34,846 INFO: avg err:0.2422 | err:0.0143 | cougar_03 cougar_01
2026-06-29 23:42:35,191 INFO: avg err:0.2369 | err:0.0188 | cougar_03 cougar_02
2026-06-29 23:42:35,485 INFO: avg err:0.2314 | err:0.0000 | cougar_03 cougar_03
2026-06-29 23:42:35,814 INFO: avg err:0.2266 | err:0.0224 | cougar_03 cougar_04
2026-06-29 23:42:36,064 INFO: avg err:0.2402 | err:0.8387 | cougar_03 hippo_01
2026-06-29 23:42:36,304 INFO: avg err:0.2530 | err:0.8255 | cougar_03 hippo_02
2026-06-29 23:42:36,545 INFO: avg err:0.2636 | err:0.7545 | cougar_03 hippo_03
2026-06-29 23:42:36,791 INFO: avg err:0.2755 | err:0.8329 | cougar_03 hippo_04
2026-06-29 23:42:37,048 INFO: avg err:0.2772 | err:0.3580 | cougar_03 hippo_05
2026-06-29 23:42:37,306 INFO: avg err:0.2859 | err:0.7110 | cougar_03 hippo_06
2026-06-29 23:42:37,579 INFO: avg err:0.2811 | err:0.0424 | cougar_03 horse_01
2026-06-29 23:42:37,844 INFO: avg err:0.2764 | err:0.0370 | cougar_03 horse_02
2026-06-29 23:42:38,080 INFO: avg err:0.2719 | err:0.0373 | cougar_03 horse_03
2026-06-29 23:42:38,316 INFO: avg err:0.2675 | err:0.0382 | cougar_03 horse_04
2026-06-29 23:42:38,604 INFO: avg err:0.2635 | err:0.0433 | cougar_03 horse_05
2026-06-29 23:42:38,971 INFO: avg err:0.2596 | err:0.0448 | cougar_03 horse_06
2026-06-29 23:42:39,288 INFO: avg err:0.2557 | err:0.0405 | cougar_03 horse_07
2026-06-29 23:42:39,661 INFO: avg err:0.2519 | err:0.0338 | cougar_03 horse_08
2026-06-29 23:42:39,979 INFO: avg err:0.2486 | err:0.0550 | cougar_03 horse_09
2026-06-29 23:42:40,270 INFO: avg err:0.2470 | err:0.1567 | cougar_03 horse_10
2026-06-29 23:42:40,624 INFO: avg err:0.2433 | err:0.0215 | cougar_04 cougar_01
2026-06-29 23:42:40,943 INFO: avg err:0.2400 | err:0.0361 | cougar_04 cougar_02
2026-06-29 23:42:41,217 INFO: avg err:0.2365 | err:0.0227 | cougar_04 cougar_03
2026-06-29 23:42:41,473 INFO: avg err:0.2328 | err:0.0000 | cougar_04 cougar_04
2026-06-29 23:42:41,713 INFO: avg err:0.2407 | err:0.7428 | cougar_04 hippo_01
2026-06-29 23:42:41,964 INFO: avg err:0.2477 | err:0.7017 | cougar_04 hippo_02
2026-06-29 23:42:42,400 INFO: avg err:0.2542 | err:0.6862 | cougar_04 hippo_03
2026-06-29 23:42:42,615 INFO: avg err:0.2618 | err:0.7714 | cougar_04 hippo_04
2026-06-29 23:42:42,870 INFO: avg err:0.2629 | err:0.3387 | cougar_04 hippo_05
2026-06-29 23:42:43,136 INFO: avg err:0.2684 | err:0.6475 | cougar_04 hippo_06
2026-06-29 23:42:43,444 INFO: avg err:0.2650 | err:0.0282 | cougar_04 horse_01
2026-06-29 23:42:43,651 INFO: avg err:0.2618 | err:0.0336 | cougar_04 horse_02
2026-06-29 23:42:43,964 INFO: avg err:0.2587 | err:0.0299 | cougar_04 horse_03
2026-06-29 23:42:44,206 INFO: avg err:0.2557 | err:0.0403 | cougar_04 horse_04
2026-06-29 23:42:44,514 INFO: avg err:0.2529 | err:0.0417 | cougar_04 horse_05
2026-06-29 23:42:44,725 INFO: avg err:0.2500 | err:0.0368 | cougar_04 horse_06
2026-06-29 23:42:45,136 INFO: avg err:0.2472 | err:0.0325 | cougar_04 horse_07
2026-06-29 23:42:45,381 INFO: avg err:0.2444 | err:0.0324 | cougar_04 horse_08
2026-06-29 23:42:45,684 INFO: avg err:0.2419 | err:0.0408 | cougar_04 horse_09
2026-06-29 23:42:45,940 INFO: avg err:0.2405 | err:0.1357 | cougar_04 horse_10
2026-06-29 23:42:46,249 INFO: avg err:0.2448 | err:0.5888 | hippo_01 cougar_01
2026-06-29 23:42:46,458 INFO: avg err:0.2494 | err:0.6226 | hippo_01 cougar_02
2026-06-29 23:42:46,702 INFO: avg err:0.2537 | err:0.6048 | hippo_01 cougar_03
2026-06-29 23:42:46,938 INFO: avg err:0.2578 | err:0.5928 | hippo_01 cougar_04
2026-06-29 23:42:47,266 INFO: avg err:0.2547 | err:0.0000 | hippo_01 hippo_01
2026-06-29 23:42:47,482 INFO: avg err:0.2523 | err:0.0506 | hippo_01 hippo_02
2026-06-29 23:42:48,008 INFO: avg err:0.2510 | err:0.1321 | hippo_01 hippo_03
2026-06-29 23:42:48,318 INFO: avg err:0.2483 | err:0.0136 | hippo_01 hippo_04
2026-06-29 23:42:48,645 INFO: avg err:0.2471 | err:0.1444 | hippo_01 hippo_05
2026-06-29 23:42:48,889 INFO: avg err:0.2450 | err:0.0576 | hippo_01 hippo_06
2026-06-29 23:42:49,166 INFO: avg err:0.2487 | err:0.5858 | hippo_01 horse_01
2026-06-29 23:42:49,377 INFO: avg err:0.2524 | err:0.5838 | hippo_01 horse_02
2026-06-29 23:42:49,741 INFO: avg err:0.2560 | err:0.5849 | hippo_01 horse_03
2026-06-29 23:42:49,952 INFO: avg err:0.2595 | err:0.5862 | hippo_01 horse_04
2026-06-29 23:42:50,294 INFO: avg err:0.2631 | err:0.6031 | hippo_01 horse_05
2026-06-29 23:42:50,521 INFO: avg err:0.2662 | err:0.5641 | hippo_01 horse_06
2026-06-29 23:42:50,911 INFO: avg err:0.2695 | err:0.5810 | hippo_01 horse_07
2026-06-29 23:42:51,129 INFO: avg err:0.2726 | err:0.5795 | hippo_01 horse_08
2026-06-29 23:42:51,371 INFO: avg err:0.2756 | err:0.5664 | hippo_01 horse_09
2026-06-29 23:42:51,605 INFO: avg err:0.2782 | err:0.5353 | hippo_01 horse_10
2026-06-29 23:42:51,933 INFO: avg err:0.2803 | err:0.4917 | hippo_02 cougar_01
2026-06-29 23:42:52,227 INFO: avg err:0.2827 | err:0.5270 | hippo_02 cougar_02
2026-06-29 23:42:52,503 INFO: avg err:0.2848 | err:0.4947 | hippo_02 cougar_03
2026-06-29 23:42:52,778 INFO: avg err:0.2868 | err:0.4974 | hippo_02 cougar_04
2026-06-29 23:42:53,067 INFO: avg err:0.2845 | err:0.0454 | hippo_02 hippo_01
2026-06-29 23:42:53,273 INFO: avg err:0.2818 | err:0.0000 | hippo_02 hippo_02
2026-06-29 23:42:53,556 INFO: avg err:0.2806 | err:0.1439 | hippo_02 hippo_03
2026-06-29 23:42:53,803 INFO: avg err:0.2787 | err:0.0763 | hippo_02 hippo_04
2026-06-29 23:42:54,113 INFO: avg err:0.2775 | err:0.1534 | hippo_02 hippo_05
2026-06-29 23:42:54,338 INFO: avg err:0.2752 | err:0.0204 | hippo_02 hippo_06
2026-06-29 23:42:54,613 INFO: avg err:0.2775 | err:0.5271 | hippo_02 horse_01
2026-06-29 23:42:54,857 INFO: avg err:0.2798 | err:0.5451 | hippo_02 horse_02
2026-06-29 23:42:55,348 INFO: avg err:0.2821 | err:0.5298 | hippo_02 horse_03
2026-06-29 23:42:55,673 INFO: avg err:0.2843 | err:0.5374 | hippo_02 horse_04
2026-06-29 23:42:56,012 INFO: avg err:0.2865 | err:0.5394 | hippo_02 horse_05
2026-06-29 23:42:56,248 INFO: avg err:0.2885 | err:0.5192 | hippo_02 horse_06
2026-06-29 23:42:56,487 INFO: avg err:0.2906 | err:0.5289 | hippo_02 horse_07
2026-06-29 23:42:56,767 INFO: avg err:0.2926 | err:0.5312 | hippo_02 horse_08
2026-06-29 23:42:57,091 INFO: avg err:0.2944 | err:0.5026 | hippo_02 horse_09
2026-06-29 23:42:57,363 INFO: avg err:0.2960 | err:0.4903 | hippo_02 horse_10
2026-06-29 23:42:57,701 INFO: avg err:0.2974 | err:0.4702 | hippo_03 cougar_01
2026-06-29 23:42:57,973 INFO: avg err:0.2993 | err:0.5228 | hippo_03 cougar_02
2026-06-29 23:42:58,220 INFO: avg err:0.3005 | err:0.4426 | hippo_03 cougar_03
2026-06-29 23:42:58,442 INFO: avg err:0.3018 | err:0.4689 | hippo_03 cougar_04
2026-06-29 23:42:58,708 INFO: avg err:0.3007 | err:0.1659 | hippo_03 hippo_01
2026-06-29 23:42:58,967 INFO: avg err:0.2995 | err:0.1471 | hippo_03 hippo_02
2026-06-29 23:42:59,196 INFO: avg err:0.2972 | err:0.0000 | hippo_03 hippo_03
2026-06-29 23:42:59,434 INFO: avg err:0.2961 | err:0.1676 | hippo_03 hippo_04
2026-06-29 23:42:59,747 INFO: avg err:0.2953 | err:0.1835 | hippo_03 hippo_05
2026-06-29 23:43:00,085 INFO: avg err:0.2941 | err:0.1461 | hippo_03 hippo_06
2026-06-29 23:43:00,312 INFO: avg err:0.2953 | err:0.4525 | hippo_03 horse_01
2026-06-29 23:43:00,572 INFO: avg err:0.2967 | err:0.4818 | hippo_03 horse_02
2026-06-29 23:43:01,027 INFO: avg err:0.2980 | err:0.4583 | hippo_03 horse_03
2026-06-29 23:43:01,247 INFO: avg err:0.2991 | err:0.4524 | hippo_03 horse_04
2026-06-29 23:43:01,483 INFO: avg err:0.3003 | err:0.4585 | hippo_03 horse_05
2026-06-29 23:43:01,749 INFO: avg err:0.3012 | err:0.4291 | hippo_03 horse_06
2026-06-29 23:43:02,156 INFO: avg err:0.3024 | err:0.4568 | hippo_03 horse_07
2026-06-29 23:43:02,368 INFO: avg err:0.3035 | err:0.4531 | hippo_03 horse_08
2026-06-29 23:43:02,862 INFO: avg err:0.3044 | err:0.4351 | hippo_03 horse_09
2026-06-29 23:43:03,079 INFO: avg err:0.3053 | err:0.4336 | hippo_03 horse_10
2026-06-29 23:43:03,431 INFO: avg err:0.3073 | err:0.5884 | hippo_04 cougar_01
2026-06-29 23:43:03,670 INFO: avg err:0.3099 | err:0.6651 | hippo_04 cougar_02
2026-06-29 23:43:03,983 INFO: avg err:0.3119 | err:0.6048 | hippo_04 cougar_03
2026-06-29 23:43:04,232 INFO: avg err:0.3140 | err:0.6172 | hippo_04 cougar_04
2026-06-29 23:43:04,541 INFO: avg err:0.3120 | err:0.0137 | hippo_04 hippo_01
2026-06-29 23:43:04,771 INFO: avg err:0.3102 | err:0.0499 | hippo_04 hippo_02
2026-06-29 23:43:05,110 INFO: avg err:0.3089 | err:0.1191 | hippo_04 hippo_03
2026-06-29 23:43:05,368 INFO: avg err:0.3068 | err:0.0000 | hippo_04 hippo_04
2026-06-29 23:43:05,659 INFO: avg err:0.3063 | err:0.2343 | hippo_04 hippo_05
2026-06-29 23:43:05,878 INFO: avg err:0.3054 | err:0.1671 | hippo_04 hippo_06
2026-06-29 23:43:06,124 INFO: avg err:0.3074 | err:0.6082 | hippo_04 horse_01
2026-06-29 23:43:06,364 INFO: avg err:0.3093 | err:0.5987 | hippo_04 horse_02
2026-06-29 23:43:06,710 INFO: avg err:0.3112 | err:0.6066 | hippo_04 horse_03
2026-06-29 23:43:06,986 INFO: avg err:0.3132 | err:0.6129 | hippo_04 horse_04
2026-06-29 23:43:07,220 INFO: avg err:0.3151 | err:0.6150 | hippo_04 horse_05
2026-06-29 23:43:07,458 INFO: avg err:0.3170 | err:0.6005 | hippo_04 horse_06
2026-06-29 23:43:07,787 INFO: avg err:0.3188 | err:0.6005 | hippo_04 horse_07
2026-06-29 23:43:08,046 INFO: avg err:0.3205 | err:0.5973 | hippo_04 horse_08
2026-06-29 23:43:08,429 INFO: avg err:0.3221 | err:0.5702 | hippo_04 horse_09
2026-06-29 23:43:08,735 INFO: avg err:0.3234 | err:0.5303 | hippo_04 horse_10
2026-06-29 23:43:08,997 INFO: avg err:0.3231 | err:0.2737 | hippo_05 cougar_01
2026-06-29 23:43:09,252 INFO: avg err:0.3230 | err:0.3029 | hippo_05 cougar_02
2026-06-29 23:43:09,532 INFO: avg err:0.3225 | err:0.2444 | hippo_05 cougar_03
2026-06-29 23:43:09,745 INFO: avg err:0.3221 | err:0.2557 | hippo_05 cougar_04
2026-06-29 23:43:10,107 INFO: avg err:0.3211 | err:0.1589 | hippo_05 hippo_01
2026-06-29 23:43:10,429 INFO: avg err:0.3202 | err:0.1735 | hippo_05 hippo_02
2026-06-29 23:43:10,693 INFO: avg err:0.3196 | err:0.2150 | hippo_05 hippo_03
2026-06-29 23:43:10,918 INFO: avg err:0.3188 | err:0.1915 | hippo_05 hippo_04
2026-06-29 23:43:11,223 INFO: avg err:0.3169 | err:0.0000 | hippo_05 hippo_05
2026-06-29 23:43:11,550 INFO: avg err:0.3157 | err:0.1141 | hippo_05 hippo_06
2026-06-29 23:43:11,802 INFO: avg err:0.3156 | err:0.2850 | hippo_05 horse_01
2026-06-29 23:43:12,130 INFO: avg err:0.3153 | err:0.2643 | hippo_05 horse_02
2026-06-29 23:43:12,374 INFO: avg err:0.3149 | err:0.2537 | hippo_05 horse_03
2026-06-29 23:43:12,615 INFO: avg err:0.3148 | err:0.2967 | hippo_05 horse_04
2026-06-29 23:43:12,935 INFO: avg err:0.3147 | err:0.2880 | hippo_05 horse_05
2026-06-29 23:43:13,211 INFO: avg err:0.3144 | err:0.2664 | hippo_05 horse_06
2026-06-29 23:43:13,561 INFO: avg err:0.3141 | err:0.2656 | hippo_05 horse_07
2026-06-29 23:43:13,765 INFO: avg err:0.3139 | err:0.2783 | hippo_05 horse_08
2026-06-29 23:43:14,095 INFO: avg err:0.3136 | err:0.2631 | hippo_05 horse_09
2026-06-29 23:43:14,355 INFO: avg err:0.3134 | err:0.2814 | hippo_05 horse_10
2026-06-29 23:43:14,658 INFO: avg err:0.3143 | err:0.4645 | hippo_06 cougar_01
2026-06-29 23:43:15,000 INFO: avg err:0.3152 | err:0.4880 | hippo_06 cougar_02
2026-06-29 23:43:15,434 INFO: avg err:0.3160 | err:0.4593 | hippo_06 cougar_03
2026-06-29 23:43:15,703 INFO: avg err:0.3170 | err:0.4966 | hippo_06 cougar_04
2026-06-29 23:43:15,959 INFO: avg err:0.3156 | err:0.0549 | hippo_06 hippo_01
2026-06-29 23:43:16,215 INFO: avg err:0.3140 | err:0.0188 | hippo_06 hippo_02
2026-06-29 23:43:16,444 INFO: avg err:0.3131 | err:0.1511 | hippo_06 hippo_03
2026-06-29 23:43:16,702 INFO: avg err:0.3124 | err:0.1854 | hippo_06 hippo_04
2026-06-29 23:43:17,086 INFO: avg err:0.3116 | err:0.1564 | hippo_06 hippo_05
2026-06-29 23:43:17,326 INFO: avg err:0.3100 | err:0.0000 | hippo_06 hippo_06
2026-06-29 23:43:17,637 INFO: avg err:0.3108 | err:0.4737 | hippo_06 horse_01
2026-06-29 23:43:17,927 INFO: avg err:0.3117 | err:0.4820 | hippo_06 horse_02
2026-06-29 23:43:18,247 INFO: avg err:0.3126 | err:0.4792 | hippo_06 horse_03
2026-06-29 23:43:18,585 INFO: avg err:0.3135 | err:0.4878 | hippo_06 horse_04
2026-06-29 23:43:18,847 INFO: avg err:0.3145 | err:0.5042 | hippo_06 horse_05
2026-06-29 23:43:19,129 INFO: avg err:0.3152 | err:0.4538 | hippo_06 horse_06
2026-06-29 23:43:19,441 INFO: avg err:0.3160 | err:0.4697 | hippo_06 horse_07
2026-06-29 23:43:19,698 INFO: avg err:0.3167 | err:0.4703 | hippo_06 horse_08
2026-06-29 23:43:19,962 INFO: avg err:0.3175 | err:0.4669 | hippo_06 horse_09
2026-06-29 23:43:20,268 INFO: avg err:0.3182 | err:0.4669 | hippo_06 horse_10
2026-06-29 23:43:20,581 INFO: avg err:0.3168 | err:0.0348 | horse_01 cougar_01
2026-06-29 23:43:20,844 INFO: avg err:0.3155 | err:0.0518 | horse_01 cougar_02
2026-06-29 23:43:21,156 INFO: avg err:0.3142 | err:0.0389 | horse_01 cougar_03
2026-06-29 23:43:21,425 INFO: avg err:0.3128 | err:0.0304 | horse_01 cougar_04
2026-06-29 23:43:21,674 INFO: avg err:0.3148 | err:0.7219 | horse_01 hippo_01
2026-06-29 23:43:21,891 INFO: avg err:0.3165 | err:0.6710 | horse_01 hippo_02
2026-06-29 23:43:22,283 INFO: avg err:0.3187 | err:0.7668 | horse_01 hippo_03
2026-06-29 23:43:22,538 INFO: avg err:0.3206 | err:0.7231 | horse_01 hippo_04
2026-06-29 23:43:22,934 INFO: avg err:0.3205 | err:0.3022 | horse_01 hippo_05
2026-06-29 23:43:23,209 INFO: avg err:0.3225 | err:0.7345 | horse_01 hippo_06
2026-06-29 23:43:23,547 INFO: avg err:0.3210 | err:0.0000 | horse_01 horse_01
2026-06-29 23:43:23,805 INFO: avg err:0.3195 | err:0.0185 | horse_01 horse_02
2026-06-29 23:43:24,134 INFO: avg err:0.3181 | err:0.0123 | horse_01 horse_03
2026-06-29 23:43:24,401 INFO: avg err:0.3167 | err:0.0198 | horse_01 horse_04
2026-06-29 23:43:24,656 INFO: avg err:0.3153 | err:0.0247 | horse_01 horse_05
2026-06-29 23:43:24,907 INFO: avg err:0.3140 | err:0.0201 | horse_01 horse_06
2026-06-29 23:43:25,184 INFO: avg err:0.3126 | err:0.0200 | horse_01 horse_07
2026-06-29 23:43:25,492 INFO: avg err:0.3113 | err:0.0166 | horse_01 horse_08
2026-06-29 23:43:25,745 INFO: avg err:0.3099 | err:0.0193 | horse_01 horse_09
2026-06-29 23:43:26,002 INFO: avg err:0.3088 | err:0.0701 | horse_01 horse_10
2026-06-29 23:43:26,321 INFO: avg err:0.3076 | err:0.0324 | horse_02 cougar_01
2026-06-29 23:43:26,584 INFO: avg err:0.3064 | err:0.0539 | horse_02 cougar_02
2026-06-29 23:43:26,826 INFO: avg err:0.3052 | err:0.0355 | horse_02 cougar_03
2026-06-29 23:43:27,087 INFO: avg err:0.3040 | err:0.0328 | horse_02 cougar_04
2026-06-29 23:43:27,344 INFO: avg err:0.3061 | err:0.7815 | horse_02 hippo_01
2026-06-29 23:43:27,575 INFO: avg err:0.3082 | err:0.7621 | horse_02 hippo_02
2026-06-29 23:43:28,024 INFO: avg err:0.3099 | err:0.7138 | horse_02 hippo_03
2026-06-29 23:43:28,235 INFO: avg err:0.3122 | err:0.8223 | horse_02 hippo_04
2026-06-29 23:43:28,590 INFO: avg err:0.3122 | err:0.3050 | horse_02 hippo_05
2026-06-29 23:43:28,805 INFO: avg err:0.3139 | err:0.7098 | horse_02 hippo_06
2026-06-29 23:43:29,131 INFO: avg err:0.3126 | err:0.0173 | horse_02 horse_01
2026-06-29 23:43:29,420 INFO: avg err:0.3113 | err:0.0000 | horse_02 horse_02
2026-06-29 23:43:29,707 INFO: avg err:0.3100 | err:0.0121 | horse_02 horse_03
2026-06-29 23:43:29,955 INFO: avg err:0.3087 | err:0.0142 | horse_02 horse_04
2026-06-29 23:43:30,255 INFO: avg err:0.3075 | err:0.0249 | horse_02 horse_05
2026-06-29 23:43:30,500 INFO: avg err:0.3063 | err:0.0225 | horse_02 horse_06
2026-06-29 23:43:31,037 INFO: avg err:0.3051 | err:0.0246 | horse_02 horse_07
2026-06-29 23:43:31,362 INFO: avg err:0.3039 | err:0.0120 | horse_02 horse_08
2026-06-29 23:43:31,759 INFO: avg err:0.3027 | err:0.0177 | horse_02 horse_09
2026-06-29 23:43:31,981 INFO: avg err:0.3017 | err:0.0649 | horse_02 horse_10
2026-06-29 23:43:32,283 INFO: avg err:0.3006 | err:0.0306 | horse_03 cougar_01
2026-06-29 23:43:32,557 INFO: avg err:0.2995 | err:0.0543 | horse_03 cougar_02
2026-06-29 23:43:32,843 INFO: avg err:0.2985 | err:0.0343 | horse_03 cougar_03
2026-06-29 23:43:33,104 INFO: avg err:0.2974 | err:0.0308 | horse_03 cougar_04
2026-06-29 23:43:33,400 INFO: avg err:0.2988 | err:0.6633 | horse_03 hippo_01
2026-06-29 23:43:33,644 INFO: avg err:0.3004 | err:0.6872 | horse_03 hippo_02
2026-06-29 23:43:34,034 INFO: avg err:0.3023 | err:0.7717 | horse_03 hippo_03
2026-06-29 23:43:34,368 INFO: avg err:0.3039 | err:0.6809 | horse_03 hippo_04
2026-06-29 23:43:34,707 INFO: avg err:0.3038 | err:0.2932 | horse_03 hippo_05
2026-06-29 23:43:35,058 INFO: avg err:0.3054 | err:0.6905 | horse_03 hippo_06
2026-06-29 23:43:35,388 INFO: avg err:0.3042 | err:0.0122 | horse_03 horse_01
2026-06-29 23:43:35,659 INFO: avg err:0.3030 | err:0.0127 | horse_03 horse_02
2026-06-29 23:43:35,941 INFO: avg err:0.3018 | err:0.0000 | horse_03 horse_03
2026-06-29 23:43:36,232 INFO: avg err:0.3007 | err:0.0200 | horse_03 horse_04
2026-06-29 23:43:36,516 INFO: avg err:0.2997 | err:0.0250 | horse_03 horse_05
2026-06-29 23:43:36,768 INFO: avg err:0.2986 | err:0.0194 | horse_03 horse_06
2026-06-29 23:43:37,206 INFO: avg err:0.2975 | err:0.0226 | horse_03 horse_07
2026-06-29 23:43:37,443 INFO: avg err:0.2964 | err:0.0140 | horse_03 horse_08
2026-06-29 23:43:37,808 INFO: avg err:0.2953 | err:0.0215 | horse_03 horse_09
2026-06-29 23:43:38,033 INFO: avg err:0.2944 | err:0.0658 | horse_03 horse_10
2026-06-29 23:43:38,452 INFO: avg err:0.2934 | err:0.0329 | horse_04 cougar_01
2026-06-29 23:43:38,697 INFO: avg err:0.2925 | err:0.0472 | horse_04 cougar_02
2026-06-29 23:43:38,961 INFO: avg err:0.2915 | err:0.0342 | horse_04 cougar_03
2026-06-29 23:43:39,217 INFO: avg err:0.2906 | err:0.0392 | horse_04 cougar_04
2026-06-29 23:43:39,648 INFO: avg err:0.2923 | err:0.7392 | horse_04 hippo_01
2026-06-29 23:43:39,872 INFO: avg err:0.2939 | err:0.7271 | horse_04 hippo_02
2026-06-29 23:43:40,313 INFO: avg err:0.2958 | err:0.7910 | horse_04 hippo_03
2026-06-29 23:43:40,547 INFO: avg err:0.2976 | err:0.7864 | horse_04 hippo_04
2026-06-29 23:43:40,814 INFO: avg err:0.2978 | err:0.3503 | horse_04 hippo_05
2026-06-29 23:43:41,127 INFO: avg err:0.2995 | err:0.7533 | horse_04 hippo_06
2026-06-29 23:43:41,465 INFO: avg err:0.2984 | err:0.0192 | horse_04 horse_01
2026-06-29 23:43:41,772 INFO: avg err:0.2974 | err:0.0132 | horse_04 horse_02
2026-06-29 23:43:42,101 INFO: avg err:0.2964 | err:0.0199 | horse_04 horse_03
2026-06-29 23:43:42,362 INFO: avg err:0.2953 | err:0.0000 | horse_04 horse_04
2026-06-29 23:43:42,713 INFO: avg err:0.2943 | err:0.0232 | horse_04 horse_05
2026-06-29 23:43:43,027 INFO: avg err:0.2933 | err:0.0244 | horse_04 horse_06
2026-06-29 23:43:43,367 INFO: avg err:0.2923 | err:0.0241 | horse_04 horse_07
2026-06-29 23:43:43,627 INFO: avg err:0.2914 | err:0.0164 | horse_04 horse_08
2026-06-29 23:43:43,914 INFO: avg err:0.2904 | err:0.0238 | horse_04 horse_09
2026-06-29 23:43:44,154 INFO: avg err:0.2896 | err:0.0641 | horse_04 horse_10
2026-06-29 23:43:44,426 INFO: avg err:0.2887 | err:0.0334 | horse_05 cougar_01
2026-06-29 23:43:44,725 INFO: avg err:0.2878 | err:0.0514 | horse_05 cougar_02
2026-06-29 23:43:45,019 INFO: avg err:0.2869 | err:0.0335 | horse_05 cougar_03
2026-06-29 23:43:45,310 INFO: avg err:0.2860 | err:0.0358 | horse_05 cougar_04
2026-06-29 23:43:45,560 INFO: avg err:0.2876 | err:0.7210 | horse_05 hippo_01
2026-06-29 23:43:45,789 INFO: avg err:0.2893 | err:0.7820 | horse_05 hippo_02
2026-06-29 23:43:46,037 INFO: avg err:0.2908 | err:0.7160 | horse_05 hippo_03
2026-06-29 23:43:46,302 INFO: avg err:0.2926 | err:0.8196 | horse_05 hippo_04
2026-06-29 23:43:46,633 INFO: avg err:0.2928 | err:0.3413 | horse_05 hippo_05
2026-06-29 23:43:46,911 INFO: avg err:0.2944 | err:0.7664 | horse_05 hippo_06
2026-06-29 23:43:47,219 INFO: avg err:0.2935 | err:0.0218 | horse_05 horse_01
2026-06-29 23:43:47,453 INFO: avg err:0.2926 | err:0.0198 | horse_05 horse_02
2026-06-29 23:43:47,762 INFO: avg err:0.2916 | err:0.0239 | horse_05 horse_03
2026-06-29 23:43:48,001 INFO: avg err:0.2907 | err:0.0204 | horse_05 horse_04
2026-06-29 23:43:48,547 INFO: avg err:0.2897 | err:0.0000 | horse_05 horse_05
2026-06-29 23:43:48,825 INFO: avg err:0.2888 | err:0.0291 | horse_05 horse_06
2026-06-29 23:43:49,161 INFO: avg err:0.2880 | err:0.0244 | horse_05 horse_07
2026-06-29 23:43:49,435 INFO: avg err:0.2871 | err:0.0206 | horse_05 horse_08
2026-06-29 23:43:49,731 INFO: avg err:0.2862 | err:0.0315 | horse_05 horse_09
2026-06-29 23:43:49,965 INFO: avg err:0.2855 | err:0.0766 | horse_05 horse_10
2026-06-29 23:43:50,334 INFO: avg err:0.2847 | err:0.0346 | horse_06 cougar_01
2026-06-29 23:43:50,665 INFO: avg err:0.2839 | err:0.0497 | horse_06 cougar_02
2026-06-29 23:43:50,936 INFO: avg err:0.2831 | err:0.0405 | horse_06 cougar_03
2026-06-29 23:43:51,200 INFO: avg err:0.2823 | err:0.0359 | horse_06 cougar_04
2026-06-29 23:43:51,463 INFO: avg err:0.2841 | err:0.8254 | horse_06 hippo_01
2026-06-29 23:43:51,758 INFO: avg err:0.2859 | err:0.8606 | horse_06 hippo_02
2026-06-29 23:43:52,040 INFO: avg err:0.2874 | err:0.7345 | horse_06 hippo_03
2026-06-29 23:43:52,343 INFO: avg err:0.2893 | err:0.8788 | horse_06 hippo_04
2026-06-29 23:43:52,621 INFO: avg err:0.2896 | err:0.3776 | horse_06 hippo_05
2026-06-29 23:43:52,890 INFO: avg err:0.2911 | err:0.7547 | horse_06 hippo_06
2026-06-29 23:43:53,152 INFO: avg err:0.2902 | err:0.0172 | horse_06 horse_01
2026-06-29 23:43:53,409 INFO: avg err:0.2894 | err:0.0190 | horse_06 horse_02
2026-06-29 23:43:53,835 INFO: avg err:0.2885 | err:0.0180 | horse_06 horse_03
2026-06-29 23:43:54,074 INFO: avg err:0.2877 | err:0.0242 | horse_06 horse_04
2026-06-29 23:43:54,414 INFO: avg err:0.2868 | err:0.0281 | horse_06 horse_05
2026-06-29 23:43:54,668 INFO: avg err:0.2859 | err:0.0000 | horse_06 horse_06
2026-06-29 23:43:54,966 INFO: avg err:0.2851 | err:0.0150 | horse_06 horse_07
2026-06-29 23:43:55,230 INFO: avg err:0.2842 | err:0.0203 | horse_06 horse_08
2026-06-29 23:43:55,535 INFO: avg err:0.2835 | err:0.0363 | horse_06 horse_09
2026-06-29 23:43:55,796 INFO: avg err:0.2828 | err:0.0750 | horse_06 horse_10
2026-06-29 23:43:56,069 INFO: avg err:0.2820 | err:0.0337 | horse_07 cougar_01
2026-06-29 23:43:56,319 INFO: avg err:0.2813 | err:0.0484 | horse_07 cougar_02
2026-06-29 23:43:56,597 INFO: avg err:0.2805 | err:0.0371 | horse_07 cougar_03
2026-06-29 23:43:56,833 INFO: avg err:0.2798 | err:0.0322 | horse_07 cougar_04
2026-06-29 23:43:57,141 INFO: avg err:0.2813 | err:0.7658 | horse_07 hippo_01
2026-06-29 23:43:57,372 INFO: avg err:0.2829 | err:0.8199 | horse_07 hippo_02
2026-06-29 23:43:57,711 INFO: avg err:0.2845 | err:0.8123 | horse_07 hippo_03
2026-06-29 23:43:57,960 INFO: avg err:0.2862 | err:0.8371 | horse_07 hippo_04
2026-06-29 23:43:58,215 INFO: avg err:0.2865 | err:0.3753 | horse_07 hippo_05
2026-06-29 23:43:58,541 INFO: avg err:0.2880 | err:0.7857 | horse_07 hippo_06
2026-06-29 23:43:58,868 INFO: avg err:0.2872 | err:0.0166 | horse_07 horse_01
2026-06-29 23:43:59,219 INFO: avg err:0.2864 | err:0.0203 | horse_07 horse_02
2026-06-29 23:43:59,516 INFO: avg err:0.2856 | err:0.0204 | horse_07 horse_03
2026-06-29 23:43:59,822 INFO: avg err:0.2848 | err:0.0241 | horse_07 horse_04
2026-06-29 23:44:00,129 INFO: avg err:0.2840 | err:0.0248 | horse_07 horse_05
2026-06-29 23:44:00,394 INFO: avg err:0.2832 | err:0.0178 | horse_07 horse_06
2026-06-29 23:44:00,667 INFO: avg err:0.2824 | err:0.0000 | horse_07 horse_07
2026-06-29 23:44:00,908 INFO: avg err:0.2816 | err:0.0198 | horse_07 horse_08
2026-06-29 23:44:01,165 INFO: avg err:0.2809 | err:0.0267 | horse_07 horse_09
2026-06-29 23:44:01,406 INFO: avg err:0.2803 | err:0.0744 | horse_07 horse_10
2026-06-29 23:44:01,951 INFO: avg err:0.2795 | err:0.0313 | horse_08 cougar_01
2026-06-29 23:44:02,266 INFO: avg err:0.2789 | err:0.0467 | horse_08 cougar_02
2026-06-29 23:44:02,617 INFO: avg err:0.2781 | err:0.0335 | horse_08 cougar_03
2026-06-29 23:44:02,909 INFO: avg err:0.2774 | err:0.0324 | horse_08 cougar_04
2026-06-29 23:44:03,289 INFO: avg err:0.2789 | err:0.7706 | horse_08 hippo_01
2026-06-29 23:44:03,533 INFO: avg err:0.2802 | err:0.7498 | horse_08 hippo_02
2026-06-29 23:44:03,834 INFO: avg err:0.2815 | err:0.7400 | horse_08 hippo_03
2026-06-29 23:44:04,059 INFO: avg err:0.2832 | err:0.8518 | horse_08 hippo_04
2026-06-29 23:44:04,366 INFO: avg err:0.2833 | err:0.3258 | horse_08 hippo_05
2026-06-29 23:44:04,611 INFO: avg err:0.2847 | err:0.7566 | horse_08 hippo_06
2026-06-29 23:44:04,918 INFO: avg err:0.2839 | err:0.0161 | horse_08 horse_01
2026-06-29 23:44:05,169 INFO: avg err:0.2831 | err:0.0114 | horse_08 horse_02
2026-06-29 23:44:05,452 INFO: avg err:0.2824 | err:0.0152 | horse_08 horse_03
2026-06-29 23:44:05,688 INFO: avg err:0.2816 | err:0.0188 | horse_08 horse_04
2026-06-29 23:44:06,281 INFO: avg err:0.2809 | err:0.0219 | horse_08 horse_05
2026-06-29 23:44:06,533 INFO: avg err:0.2802 | err:0.0243 | horse_08 horse_06
2026-06-29 23:44:06,872 INFO: avg err:0.2794 | err:0.0229 | horse_08 horse_07
2026-06-29 23:44:07,110 INFO: avg err:0.2787 | err:0.0000 | horse_08 horse_08
2026-06-29 23:44:07,387 INFO: avg err:0.2779 | err:0.0206 | horse_08 horse_09
2026-06-29 23:44:07,610 INFO: avg err:0.2774 | err:0.0695 | horse_08 horse_10
2026-06-29 23:44:07,886 INFO: avg err:0.2767 | err:0.0384 | horse_09 cougar_01
2026-06-29 23:44:08,149 INFO: avg err:0.2761 | err:0.0719 | horse_09 cougar_02
2026-06-29 23:44:08,595 INFO: avg err:0.2755 | err:0.0424 | horse_09 cougar_03
2026-06-29 23:44:08,907 INFO: avg err:0.2748 | err:0.0372 | horse_09 cougar_04
2026-06-29 23:44:09,347 INFO: avg err:0.2760 | err:0.6919 | horse_09 hippo_01
2026-06-29 23:44:09,658 INFO: avg err:0.2772 | err:0.7380 | horse_09 hippo_02
2026-06-29 23:44:09,919 INFO: avg err:0.2783 | err:0.6649 | horse_09 hippo_03
2026-06-29 23:44:10,205 INFO: avg err:0.2795 | err:0.7404 | horse_09 hippo_04
2026-06-29 23:44:10,513 INFO: avg err:0.2797 | err:0.3225 | horse_09 hippo_05
2026-06-29 23:44:10,752 INFO: avg err:0.2806 | err:0.6326 | horse_09 hippo_06
2026-06-29 23:44:11,028 INFO: avg err:0.2799 | err:0.0189 | horse_09 horse_01
2026-06-29 23:44:11,350 INFO: avg err:0.2792 | err:0.0168 | horse_09 horse_02
2026-06-29 23:44:11,696 INFO: avg err:0.2785 | err:0.0175 | horse_09 horse_03
2026-06-29 23:44:11,964 INFO: avg err:0.2778 | err:0.0213 | horse_09 horse_04
2026-06-29 23:44:12,227 INFO: avg err:0.2772 | err:0.0292 | horse_09 horse_05
2026-06-29 23:44:12,487 INFO: avg err:0.2765 | err:0.0291 | horse_09 horse_06
2026-06-29 23:44:12,765 INFO: avg err:0.2758 | err:0.0300 | horse_09 horse_07
2026-06-29 23:44:13,008 INFO: avg err:0.2752 | err:0.0197 | horse_09 horse_08
2026-06-29 23:44:13,391 INFO: avg err:0.2744 | err:0.0000 | horse_09 horse_09
2026-06-29 23:44:13,621 INFO: avg err:0.2738 | err:0.0400 | horse_09 horse_10
2026-06-29 23:44:13,873 INFO: avg err:0.2734 | err:0.0985 | horse_10 cougar_01
2026-06-29 23:44:14,124 INFO: avg err:0.2730 | err:0.1375 | horse_10 cougar_02
2026-06-29 23:44:14,573 INFO: avg err:0.2725 | err:0.0919 | horse_10 cougar_03
2026-06-29 23:44:14,890 INFO: avg err:0.2721 | err:0.0988 | horse_10 cougar_04
2026-06-29 23:44:15,167 INFO: avg err:0.2732 | err:0.7202 | horse_10 hippo_01
2026-06-29 23:44:15,414 INFO: avg err:0.2743 | err:0.6697 | horse_10 hippo_02
2026-06-29 23:44:15,826 INFO: avg err:0.2751 | err:0.6097 | horse_10 hippo_03
2026-06-29 23:44:16,136 INFO: avg err:0.2763 | err:0.7388 | horse_10 hippo_04
2026-06-29 23:44:16,467 INFO: avg err:0.2766 | err:0.3765 | horse_10 hippo_05
2026-06-29 23:44:16,709 INFO: avg err:0.2777 | err:0.6971 | horse_10 hippo_06
2026-06-29 23:44:17,082 INFO: avg err:0.2771 | err:0.0448 | horse_10 horse_01
2026-06-29 23:44:17,389 INFO: avg err:0.2765 | err:0.0447 | horse_10 horse_02
2026-06-29 23:44:17,736 INFO: avg err:0.2759 | err:0.0446 | horse_10 horse_03
2026-06-29 23:44:17,969 INFO: avg err:0.2753 | err:0.0415 | horse_10 horse_04
2026-06-29 23:44:18,204 INFO: avg err:0.2747 | err:0.0455 | horse_10 horse_05
2026-06-29 23:44:18,442 INFO: avg err:0.2741 | err:0.0440 | horse_10 horse_06
2026-06-29 23:44:18,681 INFO: avg err:0.2736 | err:0.0497 | horse_10 horse_07
2026-06-29 23:44:18,949 INFO: avg err:0.2730 | err:0.0473 | horse_10 horse_08
2026-06-29 23:44:19,195 INFO: avg err:0.2724 | err:0.0253 | horse_10 horse_09
2026-06-29 23:44:19,447 INFO: avg err:0.2717 | err:0.0000 | horse_10 horse_10
2026-06-29 23:44:19,481 INFO: Avg time: 0.1059
2026-06-29 23:44:19,982 INFO: Val auc: 0.5441
2026-06-29 23:44:19,990 INFO: Val avg error: 0.2717
2026-06-29 23:44:19,998 INFO: Best model is updated, average geodesic error: 0.2717
2026-06-29 23:44:20,075 INFO: [ONB diag] max|Q-I|: mean=5.5463e-03 max=6.6842e-03 | max|Φ̃ᵀMΦ̃-I|: mean=7.1213e-07 max=9.5367e-07
2026-06-29 23:44:26,115 INFO: [smal_..][epoch:  8, iter:   6,020, lr:(7.543e-04,7.543e-04,)][eta: 1:06:53, time (data): 0.313 (0.016)]l_bij: 9.0458e+01 l_orth: 1.0115e+02 l_align: 8.3032e+01 l_qreg: 6.1660e-01 l_total: 2.7526e+02 
2026-06-29 23:44:32,400 INFO: [smal_..][epoch:  8, iter:   6,040, lr:(7.543e-04,7.543e-04,)][eta: 1:06:43, time (data): 0.313 (0.015)]l_bij: 1.2862e+02 l_orth: 1.2768e+02 l_align: 8.7092e+01 l_qreg: 4.4239e-01 l_total: 3.4384e+02 
2026-06-29 23:44:38,728 INFO: [smal_..][epoch:  8, iter:   6,060, lr:(7.543e-04,7.543e-04,)][eta: 1:06:34, time (data): 0.315 (0.014)]l_bij: 9.2319e+01 l_orth: 1.0033e+02 l_align: 8.3426e+01 l_qreg: 5.4545e-01 l_total: 2.7662e+02 
2026-06-29 23:44:44,989 INFO: [smal_..][epoch:  8, iter:   6,080, lr:(7.543e-04,7.543e-04,)][eta: 1:06:24, time (data): 0.314 (0.015)]l_bij: 6.2845e+01 l_orth: 8.3379e+01 l_align: 8.9800e+01 l_qreg: 5.9464e-01 l_total: 2.3662e+02 
2026-06-29 23:44:51,257 INFO: [smal_..][epoch:  8, iter:   6,100, lr:(7.543e-04,7.543e-04,)][eta: 1:06:15, time (data): 0.314 (0.015)]l_bij: 1.2944e+02 l_orth: 1.2719e+02 l_align: 8.5903e+01 l_qreg: 4.0481e-01 l_total: 3.4293e+02 
2026-06-29 23:44:57,555 INFO: [smal_..][epoch:  8, iter:   6,120, lr:(7.543e-04,7.543e-04,)][eta: 1:06:06, time (data): 0.314 (0.015)]l_bij: 9.6284e+01 l_orth: 1.0374e+02 l_align: 8.3136e+01 l_qreg: 6.1652e-01 l_total: 2.8378e+02 
2026-06-29 23:45:03,815 INFO: [smal_..][epoch:  8, iter:   6,140, lr:(7.543e-04,7.543e-04,)][eta: 1:05:56, time (data): 0.314 (0.015)]l_bij: 1.1682e+02 l_orth: 1.1853e+02 l_align: 9.1735e+01 l_qreg: 5.5870e-01 l_total: 3.2765e+02 
2026-06-29 23:45:10,168 INFO: [smal_..][epoch:  8, iter:   6,160, lr:(7.543e-04,7.543e-04,)][eta: 1:05:47, time (data): 0.314 (0.015)]l_bij: 1.0056e+02 l_orth: 1.0493e+02 l_align: 8.2022e+01 l_qreg: 4.8675e-01 l_total: 2.8799e+02 
2026-06-29 23:45:16,567 INFO: [smal_..][epoch:  8, iter:   6,180, lr:(7.543e-04,7.543e-04,)][eta: 1:05:38, time (data): 0.315 (0.015)]l_bij: 1.0327e+02 l_orth: 1.1018e+02 l_align: 8.6301e+01 l_qreg: 4.9493e-01 l_total: 3.0025e+02 
2026-06-29 23:45:22,994 INFO: [smal_..][epoch:  8, iter:   6,200, lr:(7.543e-04,7.543e-04,)][eta: 1:05:29, time (data): 0.316 (0.015)]l_bij: 1.1183e+02 l_orth: 1.1284e+02 l_align: 8.3256e+01 l_qreg: 8.3018e-01 l_total: 3.0876e+02 
2026-06-29 23:45:29,420 INFO: [smal_..][epoch:  8, iter:   6,220, lr:(7.543e-04,7.543e-04,)][eta: 1:05:20, time (data): 0.316 (0.015)]l_bij: 9.2532e+01 l_orth: 9.9320e+01 l_align: 8.2802e+01 l_qreg: 5.7631e-01 l_total: 2.7523e+02 
2026-06-29 23:45:35,762 INFO: [smal_..][epoch:  8, iter:   6,240, lr:(7.543e-04,7.543e-04,)][eta: 1:05:11, time (data): 0.310 (0.015)]l_bij: 1.1548e+02 l_orth: 1.1892e+02 l_align: 8.8945e+01 l_qreg: 5.2329e-01 l_total: 3.2386e+02 
2026-06-29 23:45:42,028 INFO: [smal_..][epoch:  8, iter:   6,260, lr:(7.543e-04,7.543e-04,)][eta: 1:05:01, time (data): 0.312 (0.015)]l_bij: 9.1238e+01 l_orth: 1.0016e+02 l_align: 8.3746e+01 l_qreg: 5.2404e-01 l_total: 2.7567e+02 
2026-06-29 23:45:48,410 INFO: [smal_..][epoch:  8, iter:   6,280, lr:(7.543e-04,7.543e-04,)][eta: 1:04:52, time (data): 0.315 (0.015)]l_bij: 9.3523e+01 l_orth: 1.0272e+02 l_align: 8.5468e+01 l_qreg: 5.5464e-01 l_total: 2.8227e+02 
2026-06-29 23:45:54,729 INFO: [smal_..][epoch:  8, iter:   6,300, lr:(7.543e-04,7.543e-04,)][eta: 1:04:43, time (data): 0.315 (0.015)]l_bij: 1.0512e+02 l_orth: 1.1044e+02 l_align: 9.0709e+01 l_qreg: 7.3341e-01 l_total: 3.0700e+02 
2026-06-29 23:46:01,030 INFO: [smal_..][epoch:  8, iter:   6,320, lr:(7.543e-04,7.543e-04,)][eta: 1:04:34, time (data): 0.315 (0.015)]l_bij: 3.0881e+01 l_orth: 6.2812e+01 l_align: 9.5369e+01 l_qreg: 5.7803e-01 l_total: 1.8964e+02 
2026-06-29 23:46:07,321 INFO: [smal_..][epoch:  8, iter:   6,340, lr:(7.543e-04,7.543e-04,)][eta: 1:04:25, time (data): 0.315 (0.015)]l_bij: 6.0201e+01 l_orth: 7.7056e+01 l_align: 8.1791e+01 l_qreg: 3.3874e-01 l_total: 2.1939e+02 
2026-06-29 23:46:13,611 INFO: [smal_..][epoch:  8, iter:   6,360, lr:(7.543e-04,7.543e-04,)][eta: 1:04:15, time (data): 0.315 (0.015)]l_bij: 8.9053e+01 l_orth: 9.9585e+01 l_align: 8.1370e+01 l_qreg: 5.3208e-01 l_total: 2.7054e+02 
2026-06-29 23:46:19,850 INFO: [smal_..][epoch:  8, iter:   6,380, lr:(7.543e-04,7.543e-04,)][eta: 1:04:06, time (data): 0.314 (0.015)]l_bij: 1.1120e+02 l_orth: 1.1431e+02 l_align: 9.3959e+01 l_qreg: 6.2184e-01 l_total: 3.2008e+02 
2026-06-29 23:46:26,069 INFO: [smal_..][epoch:  8, iter:   6,400, lr:(7.543e-04,7.543e-04,)][eta: 1:03:57, time (data): 0.314 (0.015)]l_bij: 8.8559e+01 l_orth: 9.9959e+01 l_align: 8.5786e+01 l_qreg: 5.0369e-01 l_total: 2.7481e+02 
2026-06-29 23:46:32,317 INFO: [smal_..][epoch:  8, iter:   6,420, lr:(7.543e-04,7.543e-04,)][eta: 1:03:48, time (data): 0.314 (0.015)]l_bij: 1.0462e+02 l_orth: 1.0798e+02 l_align: 9.0178e+01 l_qreg: 4.3417e-01 l_total: 3.0321e+02 
2026-06-29 23:46:38,753 INFO: [smal_..][epoch:  8, iter:   6,440, lr:(7.543e-04,7.543e-04,)][eta: 1:03:39, time (data): 0.313 (0.016)]l_bij: 1.0430e+02 l_orth: 1.0799e+02 l_align: 8.7056e+01 l_qreg: 5.3895e-01 l_total: 2.9988e+02 
2026-06-29 23:46:45,097 INFO: [smal_..][epoch:  8, iter:   6,460, lr:(7.543e-04,7.543e-04,)][eta: 1:03:30, time (data): 0.316 (0.015)]l_bij: 9.7235e+01 l_orth: 1.0347e+02 l_align: 8.1059e+01 l_qreg: 5.6457e-01 l_total: 2.8233e+02 
2026-06-29 23:46:51,414 INFO: [smal_..][epoch:  8, iter:   6,480, lr:(7.543e-04,7.543e-04,)][eta: 1:03:21, time (data): 0.316 (0.015)]l_bij: 9.2332e+01 l_orth: 9.8046e+01 l_align: 7.9810e+01 l_qreg: 5.8219e-01 l_total: 2.7077e+02 
2026-06-29 23:46:57,671 INFO: [smal_..][epoch:  8, iter:   6,500, lr:(7.543e-04,7.543e-04,)][eta: 1:03:12, time (data): 0.315 (0.015)]l_bij: 7.7972e+01 l_orth: 9.0115e+01 l_align: 7.7499e+01 l_qreg: 3.6470e-01 l_total: 2.4595e+02 
2026-06-29 23:47:03,901 INFO: [smal_..][epoch:  8, iter:   6,520, lr:(7.543e-04,7.543e-04,)][eta: 1:03:03, time (data): 0.314 (0.015)]l_bij: 9.4420e+01 l_orth: 1.0197e+02 l_align: 8.5945e+01 l_qreg: 5.7255e-01 l_total: 2.8290e+02 
2026-06-29 23:47:10,112 INFO: [smal_..][epoch:  8, iter:   6,540, lr:(7.543e-04,7.543e-04,)][eta: 1:02:54, time (data): 0.313 (0.015)]l_bij: 1.1915e+02 l_orth: 1.2054e+02 l_align: 8.6724e+01 l_qreg: 4.6301e-01 l_total: 3.2687e+02 
2026-06-29 23:47:16,298 INFO: [smal_..][epoch:  8, iter:   6,560, lr:(7.543e-04,7.543e-04,)][eta: 1:02:44, time (data): 0.313 (0.015)]l_bij: 1.0999e+01 l_orth: 4.7144e+01 l_align: 9.9208e+01 l_qreg: 4.6031e-01 l_total: 1.5781e+02 
2026-06-29 23:47:22,451 INFO: [smal_..][epoch:  8, iter:   6,580, lr:(7.543e-04,7.543e-04,)][eta: 1:02:35, time (data): 0.312 (0.015)]l_bij: 9.2851e+01 l_orth: 1.0063e+02 l_align: 8.3768e+01 l_qreg: 4.2235e-01 l_total: 2.7767e+02 
2026-06-29 23:47:28,816 INFO: [smal_..][epoch:  8, iter:   6,600, lr:(7.543e-04,7.543e-04,)][eta: 1:02:26, time (data): 0.313 (0.015)]l_bij: 7.7595e+01 l_orth: 9.0693e+01 l_align: 7.3155e+01 l_qreg: 3.3044e-01 l_total: 2.4177e+02 
2026-06-29 23:47:35,145 INFO: [smal_..][epoch:  8, iter:   6,620, lr:(7.543e-04,7.543e-04,)][eta: 1:02:18, time (data): 0.313 (0.015)]l_bij: 1.1960e+02 l_orth: 1.2031e+02 l_align: 8.7922e+01 l_qreg: 6.8326e-01 l_total: 3.2852e+02 
2026-06-29 23:47:41,513 INFO: [smal_..][epoch:  8, iter:   6,640, lr:(7.543e-04,7.543e-04,)][eta: 1:02:09, time (data): 0.319 (0.016)]l_bij: 1.0411e+02 l_orth: 1.1065e+02 l_align: 8.7634e+01 l_qreg: 5.4074e-01 l_total: 3.0294e+02 
2026-06-29 23:47:47,863 INFO: [smal_..][epoch:  8, iter:   6,660, lr:(7.543e-04,7.543e-04,)][eta: 1:02:00, time (data): 0.318 (0.015)]l_bij: 7.6052e+01 l_orth: 8.8479e+01 l_align: 7.9981e+01 l_qreg: 5.3936e-01 l_total: 2.4505e+02 
2026-06-29 23:47:54,058 INFO: [smal_..][epoch:  8, iter:   6,680, lr:(7.543e-04,7.543e-04,)][eta: 1:01:51, time (data): 0.314 (0.015)]l_bij: 8.5444e+01 l_orth: 9.3010e+01 l_align: 8.0278e+01 l_qreg: 5.0406e-01 l_total: 2.5924e+02 
2026-06-29 23:48:00,444 INFO: [smal_..][epoch:  8, iter:   6,700, lr:(7.543e-04,7.543e-04,)][eta: 1:01:42, time (data): 0.316 (0.015)]l_bij: 9.0168e+01 l_orth: 9.7994e+01 l_align: 8.5059e+01 l_qreg: 5.2996e-01 l_total: 2.7375e+02 
2026-06-29 23:48:06,790 INFO: [smal_..][epoch:  8, iter:   6,720, lr:(7.543e-04,7.543e-04,)][eta: 1:01:33, time (data): 0.316 (0.015)]l_bij: 1.0421e+02 l_orth: 1.0824e+02 l_align: 8.4340e+01 l_qreg: 5.9029e-01 l_total: 2.9738e+02 
2026-06-29 23:48:13,339 INFO: [smal_..][epoch:  9, iter:   6,740, lr:(6.891e-04,6.891e-04,)][eta: 1:01:25, time (data): 0.318 (0.017)]l_bij: 9.6498e+01 l_orth: 1.0291e+02 l_align: 8.4756e+01 l_qreg: 4.8981e-01 l_total: 2.8466e+02 
2026-06-29 23:48:19,499 INFO: [smal_..][epoch:  9, iter:   6,760, lr:(6.891e-04,6.891e-04,)][eta: 1:01:16, time (data): 0.316 (0.017)]l_bij: 6.6090e+01 l_orth: 8.4178e+01 l_align: 8.2321e+01 l_qreg: 6.8780e-01 l_total: 2.3328e+02 
2026-06-29 23:48:25,691 INFO: [smal_..][epoch:  9, iter:   6,780, lr:(6.891e-04,6.891e-04,)][eta: 1:01:07, time (data): 0.315 (0.017)]l_bij: 7.3380e+01 l_orth: 8.7381e+01 l_align: 8.6247e+01 l_qreg: 6.7473e-01 l_total: 2.4768e+02 
2026-06-29 23:48:31,881 INFO: [smal_..][epoch:  9, iter:   6,800, lr:(6.891e-04,6.891e-04,)][eta: 1:00:58, time (data): 0.315 (0.016)]l_bij: 9.5848e+01 l_orth: 1.0345e+02 l_align: 8.3469e+01 l_qreg: 5.1669e-01 l_total: 2.8328e+02 
2026-06-29 23:48:37,998 INFO: [smal_..][epoch:  9, iter:   6,820, lr:(6.891e-04,6.891e-04,)][eta: 1:00:49, time (data): 0.314 (0.016)]l_bij: 6.0002e+01 l_orth: 7.6390e+01 l_align: 7.5147e+01 l_qreg: 4.2439e-01 l_total: 2.1196e+02 
2026-06-29 23:48:44,198 INFO: [smal_..][epoch:  9, iter:   6,840, lr:(6.891e-04,6.891e-04,)][eta: 1:00:40, time (data): 0.316 (0.014)]l_bij: 1.2197e+02 l_orth: 1.2271e+02 l_align: 8.6326e+01 l_qreg: 7.7738e-01 l_total: 3.3178e+02 
2026-06-29 23:48:50,442 INFO: [smal_..][epoch:  9, iter:   6,860, lr:(6.891e-04,6.891e-04,)][eta: 1:00:31, time (data): 0.313 (0.015)]l_bij: 9.0915e+01 l_orth: 9.8790e+01 l_align: 8.3715e+01 l_qreg: 4.8704e-01 l_total: 2.7391e+02 
2026-06-29 23:48:56,747 INFO: [smal_..][epoch:  9, iter:   6,880, lr:(6.891e-04,6.891e-04,)][eta: 1:00:22, time (data): 0.314 (0.014)]l_bij: 9.7681e+01 l_orth: 1.0508e+02 l_align: 8.4586e+01 l_qreg: 5.0193e-01 l_total: 2.8785e+02 
2026-06-29 23:49:02,996 INFO: [smal_..][epoch:  9, iter:   6,900, lr:(6.891e-04,6.891e-04,)][eta: 1:00:14, time (data): 0.313 (0.015)]l_bij: 9.1304e+01 l_orth: 9.9887e+01 l_align: 7.9365e+01 l_qreg: 4.0978e-01 l_total: 2.7097e+02 
2026-06-29 23:49:09,263 INFO: [smal_..][epoch:  9, iter:   6,920, lr:(6.891e-04,6.891e-04,)][eta: 1:00:05, time (data): 0.313 (0.015)]l_bij: 1.0794e+02 l_orth: 1.1313e+02 l_align: 9.0130e+01 l_qreg: 4.8555e-01 l_total: 3.1169e+02 
2026-06-29 23:49:15,607 INFO: [smal_..][epoch:  9, iter:   6,940, lr:(6.891e-04,6.891e-04,)][eta: 0:59:56, time (data): 0.314 (0.015)]l_bij: 7.3909e+01 l_orth: 8.7355e+01 l_align: 7.9397e+01 l_qreg: 4.6214e-01 l_total: 2.4112e+02 
2026-06-29 23:49:21,941 INFO: [smal_..][epoch:  9, iter:   6,960, lr:(6.891e-04,6.891e-04,)][eta: 0:59:48, time (data): 0.314 (0.015)]l_bij: 1.0755e+02 l_orth: 1.1092e+02 l_align: 8.4810e+01 l_qreg: 6.2455e-01 l_total: 3.0390e+02 
2026-06-29 23:49:28,153 INFO: [smal_..][epoch:  9, iter:   6,980, lr:(6.891e-04,6.891e-04,)][eta: 0:59:39, time (data): 0.314 (0.015)]l_bij: 9.3640e+01 l_orth: 1.0060e+02 l_align: 7.8170e+01 l_qreg: 4.9058e-01 l_total: 2.7290e+02 
2026-06-29 23:49:34,476 INFO: [smal_..][epoch:  9, iter:   7,000, lr:(6.891e-04,6.891e-04,)][eta: 0:59:30, time (data): 0.314 (0.015)]l_bij: 4.8887e+01 l_orth: 6.7574e+01 l_align: 7.9267e+01 l_qreg: 3.9977e-01 l_total: 1.9613e+02 
2026-06-29 23:49:40,806 INFO: [smal_..][epoch:  9, iter:   7,020, lr:(6.891e-04,6.891e-04,)][eta: 0:59:22, time (data): 0.314 (0.015)]l_bij: 1.1114e+02 l_orth: 1.1259e+02 l_align: 9.1785e+01 l_qreg: 5.4717e-01 l_total: 3.1606e+02 
2026-06-29 23:49:46,992 INFO: [smal_..][epoch:  9, iter:   7,040, lr:(6.891e-04,6.891e-04,)][eta: 0:59:13, time (data): 0.306 (0.015)]l_bij: 8.8987e+01 l_orth: 9.9130e+01 l_align: 7.8029e+01 l_qreg: 4.4610e-01 l_total: 2.6659e+02 
2026-06-29 23:49:53,217 INFO: [smal_..][epoch:  9, iter:   7,060, lr:(6.891e-04,6.891e-04,)][eta: 0:59:04, time (data): 0.310 (0.014)]l_bij: 9.7004e+01 l_orth: 1.0029e+02 l_align: 8.2158e+01 l_qreg: 4.4720e-01 l_total: 2.7990e+02 
2026-06-29 23:49:59,554 INFO: [smal_..][epoch:  9, iter:   7,080, lr:(6.891e-04,6.891e-04,)][eta: 0:58:56, time (data): 0.313 (0.014)]l_bij: 9.7455e+01 l_orth: 1.0494e+02 l_align: 8.4346e+01 l_qreg: 6.1591e-01 l_total: 2.8736e+02 
2026-06-29 23:50:05,736 INFO: [smal_..][epoch:  9, iter:   7,100, lr:(6.891e-04,6.891e-04,)][eta: 0:58:47, time (data): 0.312 (0.015)]l_bij: 1.2412e+02 l_orth: 1.2836e+02 l_align: 9.4291e+01 l_qreg: 5.9982e-01 l_total: 3.4736e+02 
2026-06-29 23:50:12,040 INFO: [smal_..][epoch:  9, iter:   7,120, lr:(6.891e-04,6.891e-04,)][eta: 0:58:38, time (data): 0.312 (0.015)]l_bij: 8.2677e+01 l_orth: 9.7132e+01 l_align: 8.2487e+01 l_qreg: 5.5342e-01 l_total: 2.6285e+02 
2026-06-29 23:50:18,376 INFO: [smal_..][epoch:  9, iter:   7,140, lr:(6.891e-04,6.891e-04,)][eta: 0:58:30, time (data): 0.313 (0.015)]l_bij: 8.5833e+01 l_orth: 9.4408e+01 l_align: 7.6785e+01 l_qreg: 3.7226e-01 l_total: 2.5740e+02 
2026-06-29 23:50:24,494 INFO: [smal_..][epoch:  9, iter:   7,160, lr:(6.891e-04,6.891e-04,)][eta: 0:58:21, time (data): 0.312 (0.015)]l_bij: 9.1522e+01 l_orth: 9.7954e+01 l_align: 7.4451e+01 l_qreg: 4.5418e-01 l_total: 2.6438e+02 
2026-06-29 23:50:30,680 INFO: [smal_..][epoch:  9, iter:   7,180, lr:(6.891e-04,6.891e-04,)][eta: 0:58:12, time (data): 0.312 (0.015)]l_bij: 9.1495e+01 l_orth: 1.0113e+02 l_align: 8.5787e+01 l_qreg: 5.8527e-01 l_total: 2.7900e+02 
2026-06-29 23:50:37,028 INFO: [smal_..][epoch:  9, iter:   7,200, lr:(6.891e-04,6.891e-04,)][eta: 0:58:04, time (data): 0.312 (0.015)]l_bij: 1.2894e+02 l_orth: 1.2891e+02 l_align: 8.4934e+01 l_qreg: 6.5003e-01 l_total: 3.4344e+02 
2026-06-29 23:50:43,283 INFO: [smal_..][epoch:  9, iter:   7,220, lr:(6.891e-04,6.891e-04,)][eta: 0:57:55, time (data): 0.312 (0.015)]l_bij: 9.6451e+01 l_orth: 1.0462e+02 l_align: 7.9783e+01 l_qreg: 6.2960e-01 l_total: 2.8148e+02 
2026-06-29 23:50:49,647 INFO: [smal_..][epoch:  9, iter:   7,240, lr:(6.891e-04,6.891e-04,)][eta: 0:57:47, time (data): 0.318 (0.014)]l_bij: 1.2256e+02 l_orth: 1.2203e+02 l_align: 9.1879e+01 l_qreg: 5.8008e-01 l_total: 3.3705e+02 
2026-06-29 23:50:55,817 INFO: [smal_..][epoch:  9, iter:   7,260, lr:(6.891e-04,6.891e-04,)][eta: 0:57:38, time (data): 0.310 (0.015)]l_bij: 1.1449e+02 l_orth: 1.2038e+02 l_align: 8.7658e+01 l_qreg: 6.1199e-01 l_total: 3.2314e+02 
2026-06-29 23:51:02,001 INFO: [smal_..][epoch:  9, iter:   7,280, lr:(6.891e-04,6.891e-04,)][eta: 0:57:30, time (data): 0.309 (0.015)]l_bij: 1.1553e+02 l_orth: 1.2100e+02 l_align: 8.9198e+01 l_qreg: 5.7797e-01 l_total: 3.2631e+02 
2026-06-29 23:51:08,269 INFO: [smal_..][epoch:  9, iter:   7,300, lr:(6.891e-04,6.891e-04,)][eta: 0:57:21, time (data): 0.311 (0.015)]l_bij: 8.0165e+01 l_orth: 9.2881e+01 l_align: 7.8003e+01 l_qreg: 5.6197e-01 l_total: 2.5161e+02 
2026-06-29 23:51:14,596 INFO: [smal_..][epoch:  9, iter:   7,320, lr:(6.891e-04,6.891e-04,)][eta: 0:57:13, time (data): 0.312 (0.015)]l_bij: 8.8892e+01 l_orth: 9.8740e+01 l_align: 7.7945e+01 l_qreg: 4.7984e-01 l_total: 2.6606e+02 
2026-06-29 23:51:20,962 INFO: [smal_..][epoch:  9, iter:   7,340, lr:(6.891e-04,6.891e-04,)][eta: 0:57:04, time (data): 0.313 (0.015)]l_bij: 7.7957e+01 l_orth: 8.8427e+01 l_align: 7.9392e+01 l_qreg: 4.4892e-01 l_total: 2.4622e+02 
2026-06-29 23:51:27,230 INFO: [smal_..][epoch:  9, iter:   7,360, lr:(6.891e-04,6.891e-04,)][eta: 0:56:56, time (data): 0.313 (0.015)]l_bij: 8.5293e+01 l_orth: 9.8906e+01 l_align: 8.2135e+01 l_qreg: 5.8512e-01 l_total: 2.6692e+02 
2026-06-29 23:51:33,468 INFO: [smal_..][epoch:  9, iter:   7,380, lr:(6.891e-04,6.891e-04,)][eta: 0:56:48, time (data): 0.313 (0.015)]l_bij: 1.2278e+02 l_orth: 1.3051e+02 l_align: 9.3915e+01 l_qreg: 6.5508e-01 l_total: 3.4786e+02 
2026-06-29 23:51:39,606 INFO: [smal_..][epoch:  9, iter:   7,400, lr:(6.891e-04,6.891e-04,)][eta: 0:56:39, time (data): 0.312 (0.015)]l_bij: 9.7730e+01 l_orth: 1.0312e+02 l_align: 8.2706e+01 l_qreg: 4.6429e-01 l_total: 2.8402e+02 
2026-06-29 23:51:45,770 INFO: [smal_..][epoch:  9, iter:   7,420, lr:(6.891e-04,6.891e-04,)][eta: 0:56:30, time (data): 0.312 (0.015)]l_bij: 1.1344e+02 l_orth: 1.1590e+02 l_align: 8.8183e+01 l_qreg: 5.9156e-01 l_total: 3.1811e+02 
2026-06-29 23:51:51,901 INFO: [smal_..][epoch:  9, iter:   7,440, lr:(6.891e-04,6.891e-04,)][eta: 0:56:22, time (data): 0.308 (0.016)]l_bij: 8.0680e+00 l_orth: 5.3816e+01 l_align: 1.0482e+02 l_qreg: 1.0299e+00 l_total: 1.6774e+02 
2026-06-29 23:51:58,116 INFO: [smal_..][epoch:  9, iter:   7,460, lr:(6.891e-04,6.891e-04,)][eta: 0:56:13, time (data): 0.310 (0.014)]l_bij: 6.4564e+01 l_orth: 8.2224e+01 l_align: 7.9759e+01 l_qreg: 7.1943e-01 l_total: 2.2727e+02 
2026-06-29 23:52:04,459 INFO: [smal_..][epoch:  9, iter:   7,480, lr:(6.891e-04,6.891e-04,)][eta: 0:56:05, time (data): 0.313 (0.015)]l_bij: 9.1596e+01 l_orth: 9.9556e+01 l_align: 8.3234e+01 l_qreg: 6.2608e-01 l_total: 2.7501e+02 
2026-06-29 23:52:10,696 INFO: [smal_..][epoch:  9, iter:   7,500, lr:(6.891e-04,6.891e-04,)][eta: 0:55:57, time (data): 0.313 (0.015)]l_bij: 1.0578e+02 l_orth: 1.1305e+02 l_align: 8.4248e+01 l_qreg: 5.2016e-01 l_total: 3.0360e+02 
2026-06-29 23:52:16,828 INFO: [smal_..][epoch:  9, iter:   7,520, lr:(6.891e-04,6.891e-04,)][eta: 0:55:48, time (data): 0.311 (0.014)]l_bij: 1.1726e+02 l_orth: 1.1940e+02 l_align: 8.9276e+01 l_qreg: 6.3502e-01 l_total: 3.2657e+02 
2026-06-29 23:52:22,971 INFO: [smal_..][epoch:  9, iter:   7,540, lr:(6.891e-04,6.891e-04,)][eta: 0:55:40, time (data): 0.310 (0.014)]l_bij: 9.9831e+01 l_orth: 1.0650e+02 l_align: 8.1904e+01 l_qreg: 6.7340e-01 l_total: 2.8890e+02 
2026-06-29 23:52:29,102 INFO: [smal_..][epoch:  9, iter:   7,560, lr:(6.891e-04,6.891e-04,)][eta: 0:55:31, time (data): 0.310 (0.014)]l_bij: 4.8336e+01 l_orth: 7.0089e+01 l_align: 8.0881e+01 l_qreg: 9.5812e-01 l_total: 2.0026e+02 
2026-06-29 23:52:35,510 INFO: [smal_..][epoch: 10, iter:   7,580, lr:(6.204e-04,6.204e-04,)][eta: 0:55:23, time (data): 0.311 (0.016)]l_bij: 1.1159e+01 l_orth: 5.8099e+01 l_align: 9.6597e+01 l_qreg: 3.6836e-01 l_total: 1.6622e+02 
2026-06-29 23:52:41,631 INFO: [smal_..][epoch: 10, iter:   7,600, lr:(6.204e-04,6.204e-04,)][eta: 0:55:14, time (data): 0.310 (0.016)]l_bij: 8.6588e+01 l_orth: 9.5442e+01 l_align: 8.1508e+01 l_qreg: 5.0652e-01 l_total: 2.6405e+02 
2026-06-29 23:52:47,754 INFO: [smal_..][epoch: 10, iter:   7,620, lr:(6.204e-04,6.204e-04,)][eta: 0:55:06, time (data): 0.310 (0.016)]l_bij: 9.0079e+01 l_orth: 9.8333e+01 l_align: 7.9508e+01 l_qreg: 6.7776e-01 l_total: 2.6860e+02 
2026-06-29 23:52:54,017 INFO: [smal_..][epoch: 10, iter:   7,640, lr:(6.204e-04,6.204e-04,)][eta: 0:54:58, time (data): 0.314 (0.013)]l_bij: 8.1281e+01 l_orth: 9.2462e+01 l_align: 7.6560e+01 l_qreg: 4.1841e-01 l_total: 2.5072e+02 
2026-06-29 23:53:00,305 INFO: [smal_..][epoch: 10, iter:   7,660, lr:(6.204e-04,6.204e-04,)][eta: 0:54:49, time (data): 0.314 (0.015)]l_bij: 5.7398e+01 l_orth: 7.7626e+01 l_align: 7.3854e+01 l_qreg: 3.8370e-01 l_total: 2.0926e+02 
2026-06-29 23:53:06,552 INFO: [smal_..][epoch: 10, iter:   7,680, lr:(6.204e-04,6.204e-04,)][eta: 0:54:41, time (data): 0.313 (0.014)]l_bij: 9.0391e+01 l_orth: 9.6553e+01 l_align: 7.9122e+01 l_qreg: 6.0250e-01 l_total: 2.6667e+02 
2026-06-29 23:53:12,613 INFO: [smal_..][epoch: 10, iter:   7,700, lr:(6.204e-04,6.204e-04,)][eta: 0:54:33, time (data): 0.310 (0.014)]l_bij: 7.3599e+01 l_orth: 8.9759e+01 l_align: 7.9554e+01 l_qreg: 5.9057e-01 l_total: 2.4350e+02 
2026-06-29 23:53:19,031 INFO: [smal_..][epoch: 10, iter:   7,720, lr:(6.204e-04,6.204e-04,)][eta: 0:54:25, time (data): 0.312 (0.014)]l_bij: 8.9235e+01 l_orth: 9.6461e+01 l_align: 8.0592e+01 l_qreg: 4.2820e-01 l_total: 2.6672e+02 
2026-06-29 23:53:25,394 INFO: [smal_..][epoch: 10, iter:   7,740, lr:(6.204e-04,6.204e-04,)][eta: 0:54:16, time (data): 0.314 (0.014)]l_bij: 1.0194e+02 l_orth: 1.0643e+02 l_align: 8.9578e+01 l_qreg: 5.4635e-01 l_total: 2.9849e+02 
2026-06-29 23:53:31,607 INFO: [smal_..][epoch: 10, iter:   7,760, lr:(6.204e-04,6.204e-04,)][eta: 0:54:08, time (data): 0.313 (0.015)]l_bij: 4.4318e+01 l_orth: 7.4477e+01 l_align: 9.1909e+01 l_qreg: 8.0167e-01 l_total: 2.1151e+02 
2026-06-29 23:53:37,969 INFO: [smal_..][epoch: 10, iter:   7,780, lr:(6.204e-04,6.204e-04,)][eta: 0:54:00, time (data): 0.314 (0.015)]l_bij: 8.8114e+01 l_orth: 9.7661e+01 l_align: 8.1574e+01 l_qreg: 4.9977e-01 l_total: 2.6785e+02 
2026-06-29 23:53:44,918 INFO: [smal_..][epoch: 10, iter:   7,800, lr:(6.204e-04,6.204e-04,)][eta: 0:53:53, time (data): 0.318 (0.015)]l_bij: 1.0484e+02 l_orth: 1.0934e+02 l_align: 8.4388e+01 l_qreg: 4.8477e-01 l_total: 2.9905e+02 
2026-06-29 23:53:51,283 INFO: [smal_..][epoch: 10, iter:   7,820, lr:(6.204e-04,6.204e-04,)][eta: 0:53:44, time (data): 0.318 (0.015)]l_bij: 9.8338e+01 l_orth: 1.0108e+02 l_align: 7.9761e+01 l_qreg: 8.2266e-01 l_total: 2.8000e+02 
2026-06-29 23:53:57,634 INFO: [smal_..][epoch: 10, iter:   7,840, lr:(6.204e-04,6.204e-04,)][eta: 0:53:36, time (data): 0.318 (0.016)]l_bij: 8.6365e+01 l_orth: 9.5245e+01 l_align: 7.9585e+01 l_qreg: 5.9449e-01 l_total: 2.6179e+02 
2026-06-29 23:54:04,091 INFO: [smal_..][epoch: 10, iter:   7,860, lr:(6.204e-04,6.204e-04,)][eta: 0:53:28, time (data): 0.322 (0.015)]l_bij: 1.1052e+02 l_orth: 1.1305e+02 l_align: 8.9143e+01 l_qreg: 6.4853e-01 l_total: 3.1336e+02 
2026-06-29 23:54:10,534 INFO: [smal_..][epoch: 10, iter:   7,880, lr:(6.204e-04,6.204e-04,)][eta: 0:53:20, time (data): 0.322 (0.015)]l_bij: 9.4477e+01 l_orth: 1.0150e+02 l_align: 8.3674e+01 l_qreg: 6.3627e-01 l_total: 2.8029e+02 
2026-06-29 23:54:16,928 INFO: [smal_..][epoch: 10, iter:   7,900, lr:(6.204e-04,6.204e-04,)][eta: 0:53:12, time (data): 0.321 (0.015)]l_bij: 7.0336e+01 l_orth: 8.2710e+01 l_align: 7.3394e+01 l_qreg: 4.0084e-01 l_total: 2.2684e+02 
2026-06-29 23:54:23,313 INFO: [smal_..][epoch: 10, iter:   7,920, lr:(6.204e-04,6.204e-04,)][eta: 0:53:04, time (data): 0.321 (0.015)]l_bij: 1.0138e+02 l_orth: 1.0625e+02 l_align: 8.4017e+01 l_qreg: 4.8606e-01 l_total: 2.9214e+02 
2026-06-29 23:54:29,757 INFO: [smal_..][epoch: 10, iter:   7,940, lr:(6.204e-04,6.204e-04,)][eta: 0:52:56, time (data): 0.321 (0.015)]l_bij: 9.3851e+01 l_orth: 1.0331e+02 l_align: 8.2334e+01 l_qreg: 5.8503e-01 l_total: 2.8008e+02 
2026-06-29 23:54:36,099 INFO: [smal_..][epoch: 10, iter:   7,960, lr:(6.204e-04,6.204e-04,)][eta: 0:52:48, time (data): 0.320 (0.015)]l_bij: 1.0782e+02 l_orth: 1.1145e+02 l_align: 8.2811e+01 l_qreg: 5.4416e-01 l_total: 3.0263e+02 
2026-06-29 23:54:42,371 INFO: [smal_..][epoch: 10, iter:   7,980, lr:(6.204e-04,6.204e-04,)][eta: 0:52:40, time (data): 0.319 (0.015)]l_bij: 4.5148e+01 l_orth: 7.2224e+01 l_align: 8.3970e+01 l_qreg: 6.0271e-01 l_total: 2.0194e+02 
2026-06-29 23:54:48,782 INFO: [smal_..][epoch: 10, iter:   8,000, lr:(6.204e-04,6.204e-04,)][eta: 0:52:32, time (data): 0.319 (0.015)]l_bij: 5.2218e+01 l_orth: 7.2113e+01 l_align: 8.0589e+01 l_qreg: 3.8861e-01 l_total: 2.0531e+02 
2026-06-29 23:54:48,784 INFO: Saving models and training states.
2026-06-29 23:54:48,808 INFO: Start validation.
2026-06-29 23:54:49,688 INFO: avg err:0.0000 | err:0.0000 | cougar_01 cougar_01
2026-06-29 23:54:49,954 INFO: avg err:0.0251 | err:0.0501 | cougar_01 cougar_02
2026-06-29 23:54:50,289 INFO: avg err:0.0217 | err:0.0151 | cougar_01 cougar_03
2026-06-29 23:54:50,544 INFO: avg err:0.0218 | err:0.0221 | cougar_01 cougar_04
2026-06-29 23:54:50,826 INFO: avg err:0.1709 | err:0.7672 | cougar_01 hippo_01
2026-06-29 23:54:51,079 INFO: avg err:0.2562 | err:0.6830 | cougar_01 hippo_02
2026-06-29 23:54:51,373 INFO: avg err:0.3155 | err:0.6709 | cougar_01 hippo_03
2026-06-29 23:54:51,653 INFO: avg err:0.3781 | err:0.8162 | cougar_01 hippo_04
2026-06-29 23:54:51,927 INFO: avg err:0.3748 | err:0.3487 | cougar_01 hippo_05
2026-06-29 23:54:52,131 INFO: avg err:0.4047 | err:0.6735 | cougar_01 hippo_06
2026-06-29 23:54:52,408 INFO: avg err:0.3708 | err:0.0325 | cougar_01 horse_01
2026-06-29 23:54:52,605 INFO: avg err:0.3426 | err:0.0316 | cougar_01 horse_02
2026-06-29 23:54:52,992 INFO: avg err:0.3185 | err:0.0293 | cougar_01 horse_03
2026-06-29 23:54:53,227 INFO: avg err:0.2981 | err:0.0335 | cougar_01 horse_04
2026-06-29 23:54:53,575 INFO: avg err:0.2809 | err:0.0402 | cougar_01 horse_05
2026-06-29 23:54:53,805 INFO: avg err:0.2655 | err:0.0348 | cougar_01 horse_06
2026-06-29 23:54:54,113 INFO: avg err:0.2520 | err:0.0353 | cougar_01 horse_07
2026-06-29 23:54:54,342 INFO: avg err:0.2397 | err:0.0301 | cougar_01 horse_08
2026-06-29 23:54:54,727 INFO: avg err:0.2290 | err:0.0372 | cougar_01 horse_09
2026-06-29 23:54:54,995 INFO: avg err:0.2214 | err:0.0777 | cougar_01 horse_10
2026-06-29 23:54:55,298 INFO: avg err:0.2122 | err:0.0272 | cougar_02 cougar_01
2026-06-29 23:54:55,622 INFO: avg err:0.2026 | err:0.0000 | cougar_02 cougar_02
2026-06-29 23:54:55,941 INFO: avg err:0.1945 | err:0.0181 | cougar_02 cougar_03
2026-06-29 23:54:56,221 INFO: avg err:0.1877 | err:0.0296 | cougar_02 cougar_04
2026-06-29 23:54:56,510 INFO: avg err:0.2172 | err:0.9264 | cougar_02 hippo_01
2026-06-29 23:54:56,832 INFO: avg err:0.2422 | err:0.8677 | cougar_02 hippo_02
2026-06-29 23:54:57,077 INFO: avg err:0.2599 | err:0.7207 | cougar_02 hippo_03
2026-06-29 23:54:57,344 INFO: avg err:0.2847 | err:0.9528 | cougar_02 hippo_04
2026-06-29 23:54:57,557 INFO: avg err:0.2878 | err:0.3748 | cougar_02 hippo_05
2026-06-29 23:54:57,833 INFO: avg err:0.3029 | err:0.7400 | cougar_02 hippo_06
2026-06-29 23:54:58,130 INFO: avg err:0.2950 | err:0.0577 | cougar_02 horse_01
2026-06-29 23:54:58,387 INFO: avg err:0.2872 | err:0.0477 | cougar_02 horse_02
2026-06-29 23:54:58,743 INFO: avg err:0.2801 | err:0.0521 | cougar_02 horse_03
2026-06-29 23:54:59,063 INFO: avg err:0.2733 | err:0.0486 | cougar_02 horse_04
2026-06-29 23:54:59,418 INFO: avg err:0.2670 | err:0.0540 | cougar_02 horse_05
2026-06-29 23:54:59,658 INFO: avg err:0.2609 | err:0.0474 | cougar_02 horse_06
2026-06-29 23:54:59,903 INFO: avg err:0.2552 | err:0.0494 | cougar_02 horse_07
2026-06-29 23:55:00,139 INFO: avg err:0.2496 | err:0.0423 | cougar_02 horse_08
2026-06-29 23:55:00,396 INFO: avg err:0.2450 | err:0.0692 | cougar_02 horse_09
2026-06-29 23:55:00,669 INFO: avg err:0.2434 | err:0.1810 | cougar_02 horse_10
2026-06-29 23:55:00,922 INFO: avg err:0.2378 | err:0.0145 | cougar_03 cougar_01
2026-06-29 23:55:01,191 INFO: avg err:0.2326 | err:0.0193 | cougar_03 cougar_02
2026-06-29 23:55:01,446 INFO: avg err:0.2272 | err:0.0000 | cougar_03 cougar_03
2026-06-29 23:55:01,705 INFO: avg err:0.2225 | err:0.0221 | cougar_03 cougar_04
2026-06-29 23:55:02,202 INFO: avg err:0.2356 | err:0.8125 | cougar_03 hippo_01
2026-06-29 23:55:02,470 INFO: avg err:0.2472 | err:0.7693 | cougar_03 hippo_02
2026-06-29 23:55:02,729 INFO: avg err:0.2573 | err:0.7205 | cougar_03 hippo_03
2026-06-29 23:55:02,965 INFO: avg err:0.2702 | err:0.8763 | cougar_03 hippo_04
2026-06-29 23:55:03,213 INFO: avg err:0.2731 | err:0.4100 | cougar_03 hippo_05
2026-06-29 23:55:03,576 INFO: avg err:0.2819 | err:0.7156 | cougar_03 hippo_06
2026-06-29 23:55:03,819 INFO: avg err:0.2773 | err:0.0443 | cougar_03 horse_01
2026-06-29 23:55:04,139 INFO: avg err:0.2726 | err:0.0338 | cougar_03 horse_02
2026-06-29 23:55:04,495 INFO: avg err:0.2681 | err:0.0381 | cougar_03 horse_03
2026-06-29 23:55:04,827 INFO: avg err:0.2639 | err:0.0366 | cougar_03 horse_04
2026-06-29 23:55:05,164 INFO: avg err:0.2599 | err:0.0445 | cougar_03 horse_05
2026-06-29 23:55:05,478 INFO: avg err:0.2559 | err:0.0399 | cougar_03 horse_06
2026-06-29 23:55:05,725 INFO: avg err:0.2522 | err:0.0399 | cougar_03 horse_07
2026-06-29 23:55:05,969 INFO: avg err:0.2484 | err:0.0324 | cougar_03 horse_08
2026-06-29 23:55:06,270 INFO: avg err:0.2450 | err:0.0509 | cougar_03 horse_09
2026-06-29 23:55:06,525 INFO: avg err:0.2431 | err:0.1305 | cougar_03 horse_10
2026-06-29 23:55:06,909 INFO: avg err:0.2395 | err:0.0215 | cougar_04 cougar_01
2026-06-29 23:55:07,183 INFO: avg err:0.2369 | err:0.0823 | cougar_04 cougar_02
2026-06-29 23:55:07,445 INFO: avg err:0.2335 | err:0.0219 | cougar_04 cougar_03
2026-06-29 23:55:07,677 INFO: avg err:0.2299 | err:0.0000 | cougar_04 cougar_04
2026-06-29 23:55:08,047 INFO: avg err:0.2367 | err:0.6752 | cougar_04 hippo_01
2026-06-29 23:55:08,291 INFO: avg err:0.2435 | err:0.6859 | cougar_04 hippo_02
2026-06-29 23:55:08,674 INFO: avg err:0.2495 | err:0.6402 | cougar_04 hippo_03
2026-06-29 23:55:08,964 INFO: avg err:0.2572 | err:0.7781 | cougar_04 hippo_04
2026-06-29 23:55:09,239 INFO: avg err:0.2584 | err:0.3408 | cougar_04 hippo_05
2026-06-29 23:55:09,468 INFO: avg err:0.2643 | err:0.6682 | cougar_04 hippo_06
2026-06-29 23:55:09,732 INFO: avg err:0.2610 | err:0.0271 | cougar_04 horse_01
2026-06-29 23:55:09,947 INFO: avg err:0.2578 | err:0.0341 | cougar_04 horse_02
2026-06-29 23:55:10,374 INFO: avg err:0.2547 | err:0.0284 | cougar_04 horse_03
2026-06-29 23:55:10,650 INFO: avg err:0.2517 | err:0.0387 | cougar_04 horse_04
2026-06-29 23:55:10,941 INFO: avg err:0.2489 | err:0.0398 | cougar_04 horse_05
2026-06-29 23:55:11,157 INFO: avg err:0.2461 | err:0.0370 | cougar_04 horse_06
2026-06-29 23:55:11,446 INFO: avg err:0.2433 | err:0.0294 | cougar_04 horse_07
2026-06-29 23:55:11,681 INFO: avg err:0.2406 | err:0.0331 | cougar_04 horse_08
2026-06-29 23:55:12,042 INFO: avg err:0.2380 | err:0.0343 | cougar_04 horse_09
2026-06-29 23:55:12,351 INFO: avg err:0.2360 | err:0.0741 | cougar_04 horse_10
2026-06-29 23:55:12,629 INFO: avg err:0.2403 | err:0.5891 | hippo_01 cougar_01
2026-06-29 23:55:12,866 INFO: avg err:0.2441 | err:0.5503 | hippo_01 cougar_02
2026-06-29 23:55:13,273 INFO: avg err:0.2484 | err:0.6013 | hippo_01 cougar_03
2026-06-29 23:55:13,522 INFO: avg err:0.2526 | err:0.5994 | hippo_01 cougar_04
2026-06-29 23:55:13,941 INFO: avg err:0.2496 | err:0.0000 | hippo_01 hippo_01
2026-06-29 23:55:14,171 INFO: avg err:0.2473 | err:0.0554 | hippo_01 hippo_02
2026-06-29 23:55:14,638 INFO: avg err:0.2460 | err:0.1294 | hippo_01 hippo_03
2026-06-29 23:55:14,867 INFO: avg err:0.2434 | err:0.0142 | hippo_01 hippo_04
2026-06-29 23:55:15,195 INFO: avg err:0.2425 | err:0.1698 | hippo_01 hippo_05
2026-06-29 23:55:15,496 INFO: avg err:0.2406 | err:0.0680 | hippo_01 hippo_06
2026-06-29 23:55:15,834 INFO: avg err:0.2442 | err:0.5729 | hippo_01 horse_01
2026-06-29 23:55:16,086 INFO: avg err:0.2478 | err:0.5721 | hippo_01 horse_02
2026-06-29 23:55:16,335 INFO: avg err:0.2514 | err:0.5864 | hippo_01 horse_03
2026-06-29 23:55:16,566 INFO: avg err:0.2552 | err:0.6015 | hippo_01 horse_04
2026-06-29 23:55:16,934 INFO: avg err:0.2588 | err:0.6018 | hippo_01 horse_05
2026-06-29 23:55:17,206 INFO: avg err:0.2619 | err:0.5574 | hippo_01 horse_06
2026-06-29 23:55:17,564 INFO: avg err:0.2651 | err:0.5696 | hippo_01 horse_07
2026-06-29 23:55:17,813 INFO: avg err:0.2682 | err:0.5694 | hippo_01 horse_08
2026-06-29 23:55:18,245 INFO: avg err:0.2714 | err:0.5799 | hippo_01 horse_09
2026-06-29 23:55:18,491 INFO: avg err:0.2739 | err:0.5242 | hippo_01 horse_10
2026-06-29 23:55:18,783 INFO: avg err:0.2759 | err:0.4822 | hippo_02 cougar_01
2026-06-29 23:55:19,004 INFO: avg err:0.2780 | err:0.4827 | hippo_02 cougar_02
2026-06-29 23:55:19,488 INFO: avg err:0.2801 | err:0.4980 | hippo_02 cougar_03
2026-06-29 23:55:19,806 INFO: avg err:0.2821 | err:0.4822 | hippo_02 cougar_04
2026-06-29 23:55:20,103 INFO: avg err:0.2799 | err:0.0595 | hippo_02 hippo_01
2026-06-29 23:55:20,359 INFO: avg err:0.2773 | err:0.0000 | hippo_02 hippo_02
2026-06-29 23:55:20,681 INFO: avg err:0.2756 | err:0.0923 | hippo_02 hippo_03
2026-06-29 23:55:20,906 INFO: avg err:0.2737 | err:0.0779 | hippo_02 hippo_04
2026-06-29 23:55:21,308 INFO: avg err:0.2729 | err:0.1776 | hippo_02 hippo_05
2026-06-29 23:55:21,532 INFO: avg err:0.2707 | err:0.0407 | hippo_02 hippo_06
2026-06-29 23:55:22,037 INFO: avg err:0.2727 | err:0.4903 | hippo_02 horse_01
2026-06-29 23:55:22,321 INFO: avg err:0.2749 | err:0.5212 | hippo_02 horse_02
2026-06-29 23:55:22,594 INFO: avg err:0.2770 | err:0.5083 | hippo_02 horse_03
2026-06-29 23:55:22,848 INFO: avg err:0.2791 | err:0.5151 | hippo_02 horse_04
2026-06-29 23:55:23,123 INFO: avg err:0.2811 | err:0.5087 | hippo_02 horse_05
2026-06-29 23:55:23,373 INFO: avg err:0.2831 | err:0.5130 | hippo_02 horse_06
2026-06-29 23:55:23,851 INFO: avg err:0.2850 | err:0.5054 | hippo_02 horse_07
2026-06-29 23:55:24,086 INFO: avg err:0.2868 | err:0.5041 | hippo_02 horse_08
2026-06-29 23:55:24,358 INFO: avg err:0.2887 | err:0.5050 | hippo_02 horse_09
2026-06-29 23:55:24,602 INFO: avg err:0.2903 | err:0.4817 | hippo_02 horse_10
2026-06-29 23:55:25,008 INFO: avg err:0.2919 | err:0.4837 | hippo_03 cougar_01
2026-06-29 23:55:25,294 INFO: avg err:0.2936 | err:0.4983 | hippo_03 cougar_02
2026-06-29 23:55:25,566 INFO: avg err:0.2949 | err:0.4583 | hippo_03 cougar_03
2026-06-29 23:55:25,805 INFO: avg err:0.2963 | err:0.4670 | hippo_03 cougar_04
2026-06-29 23:55:26,257 INFO: avg err:0.2949 | err:0.1210 | hippo_03 hippo_01
2026-06-29 23:55:26,482 INFO: avg err:0.2935 | err:0.1187 | hippo_03 hippo_02
2026-06-29 23:55:26,880 INFO: avg err:0.2912 | err:0.0000 | hippo_03 hippo_03
2026-06-29 23:55:27,116 INFO: avg err:0.2899 | err:0.1285 | hippo_03 hippo_04
2026-06-29 23:55:27,364 INFO: avg err:0.2892 | err:0.2023 | hippo_03 hippo_05
2026-06-29 23:55:27,609 INFO: avg err:0.2878 | err:0.1055 | hippo_03 hippo_06
2026-06-29 23:55:27,935 INFO: avg err:0.2892 | err:0.4710 | hippo_03 horse_01
2026-06-29 23:55:28,165 INFO: avg err:0.2906 | err:0.4663 | hippo_03 horse_02
2026-06-29 23:55:28,535 INFO: avg err:0.2919 | err:0.4640 | hippo_03 horse_03
2026-06-29 23:55:28,873 INFO: avg err:0.2933 | err:0.4811 | hippo_03 horse_04
2026-06-29 23:55:29,225 INFO: avg err:0.2947 | err:0.4800 | hippo_03 horse_05
2026-06-29 23:55:29,480 INFO: avg err:0.2960 | err:0.4811 | hippo_03 horse_06
2026-06-29 23:55:29,837 INFO: avg err:0.2973 | err:0.4658 | hippo_03 horse_07
2026-06-29 23:55:30,087 INFO: avg err:0.2986 | err:0.4860 | hippo_03 horse_08
2026-06-29 23:55:30,419 INFO: avg err:0.2999 | err:0.4731 | hippo_03 horse_09
2026-06-29 23:55:30,651 INFO: avg err:0.3008 | err:0.4309 | hippo_03 horse_10
2026-06-29 23:55:31,112 INFO: avg err:0.3030 | err:0.6033 | hippo_04 cougar_01
2026-06-29 23:55:31,365 INFO: avg err:0.3050 | err:0.5922 | hippo_04 cougar_02
2026-06-29 23:55:31,652 INFO: avg err:0.3072 | err:0.6167 | hippo_04 cougar_03
2026-06-29 23:55:31,869 INFO: avg err:0.3093 | err:0.6163 | hippo_04 cougar_04
2026-06-29 23:55:32,249 INFO: avg err:0.3073 | err:0.0133 | hippo_04 hippo_01
2026-06-29 23:55:32,476 INFO: avg err:0.3056 | err:0.0526 | hippo_04 hippo_02
2026-06-29 23:55:33,038 INFO: avg err:0.3041 | err:0.0896 | hippo_04 hippo_03
2026-06-29 23:55:33,280 INFO: avg err:0.3020 | err:0.0000 | hippo_04 hippo_04
2026-06-29 23:55:33,568 INFO: avg err:0.3013 | err:0.1933 | hippo_04 hippo_05
2026-06-29 23:55:33,773 INFO: avg err:0.3003 | err:0.1486 | hippo_04 hippo_06
2026-06-29 23:55:34,075 INFO: avg err:0.3023 | err:0.6036 | hippo_04 horse_01
2026-06-29 23:55:34,369 INFO: avg err:0.3043 | err:0.6055 | hippo_04 horse_02
2026-06-29 23:55:34,674 INFO: avg err:0.3062 | err:0.6012 | hippo_04 horse_03
2026-06-29 23:55:34,909 INFO: avg err:0.3081 | err:0.5959 | hippo_04 horse_04
2026-06-29 23:55:35,180 INFO: avg err:0.3099 | err:0.5869 | hippo_04 horse_05
2026-06-29 23:55:35,434 INFO: avg err:0.3118 | err:0.5995 | hippo_04 horse_06
2026-06-29 23:55:35,899 INFO: avg err:0.3135 | err:0.5911 | hippo_04 horse_07
2026-06-29 23:55:36,163 INFO: avg err:0.3154 | err:0.6044 | hippo_04 horse_08
2026-06-29 23:55:36,477 INFO: avg err:0.3171 | err:0.5887 | hippo_04 horse_09
2026-06-29 23:55:36,682 INFO: avg err:0.3183 | err:0.5113 | hippo_04 horse_10
2026-06-29 23:55:37,172 INFO: avg err:0.3181 | err:0.2836 | hippo_05 cougar_01
2026-06-29 23:55:37,495 INFO: avg err:0.3180 | err:0.3042 | hippo_05 cougar_02
2026-06-29 23:55:37,749 INFO: avg err:0.3177 | err:0.2730 | hippo_05 cougar_03
2026-06-29 23:55:38,037 INFO: avg err:0.3173 | err:0.2423 | hippo_05 cougar_04
2026-06-29 23:55:38,357 INFO: avg err:0.3163 | err:0.1622 | hippo_05 hippo_01
2026-06-29 23:55:38,607 INFO: avg err:0.3158 | err:0.2219 | hippo_05 hippo_02
2026-06-29 23:55:38,881 INFO: avg err:0.3149 | err:0.1741 | hippo_05 hippo_03
2026-06-29 23:55:39,208 INFO: avg err:0.3141 | err:0.1838 | hippo_05 hippo_04
2026-06-29 23:55:39,526 INFO: avg err:0.3123 | err:0.0000 | hippo_05 hippo_05
2026-06-29 23:55:39,757 INFO: avg err:0.3112 | err:0.1355 | hippo_05 hippo_06
2026-06-29 23:55:40,122 INFO: avg err:0.3109 | err:0.2599 | hippo_05 horse_01
2026-06-29 23:55:40,421 INFO: avg err:0.3107 | err:0.2666 | hippo_05 horse_02
2026-06-29 23:55:40,688 INFO: avg err:0.3103 | err:0.2420 | hippo_05 horse_03
2026-06-29 23:55:40,924 INFO: avg err:0.3101 | err:0.2829 | hippo_05 horse_04
2026-06-29 23:55:41,336 INFO: avg err:0.3100 | err:0.2908 | hippo_05 horse_05
2026-06-29 23:55:41,570 INFO: avg err:0.3098 | err:0.2687 | hippo_05 horse_06
2026-06-29 23:55:42,055 INFO: avg err:0.3096 | err:0.2710 | hippo_05 horse_07
2026-06-29 23:55:42,280 INFO: avg err:0.3094 | err:0.2724 | hippo_05 horse_08
2026-06-29 23:55:42,716 INFO: avg err:0.3092 | err:0.2812 | hippo_05 horse_09
2026-06-29 23:55:42,942 INFO: avg err:0.3091 | err:0.2927 | hippo_05 horse_10
2026-06-29 23:55:43,294 INFO: avg err:0.3098 | err:0.4255 | hippo_06 cougar_01
2026-06-29 23:55:43,579 INFO: avg err:0.3104 | err:0.4319 | hippo_06 cougar_02
2026-06-29 23:55:43,838 INFO: avg err:0.3111 | err:0.4258 | hippo_06 cougar_03
2026-06-29 23:55:44,055 INFO: avg err:0.3118 | err:0.4397 | hippo_06 cougar_04
2026-06-29 23:55:44,510 INFO: avg err:0.3102 | err:0.0204 | hippo_06 hippo_01
2026-06-29 23:55:44,811 INFO: avg err:0.3087 | err:0.0297 | hippo_06 hippo_02
2026-06-29 23:55:45,187 INFO: avg err:0.3078 | err:0.1376 | hippo_06 hippo_03
2026-06-29 23:55:45,509 INFO: avg err:0.3068 | err:0.1227 | hippo_06 hippo_04
2026-06-29 23:55:45,740 INFO: avg err:0.3059 | err:0.1467 | hippo_06 hippo_05
2026-06-29 23:55:45,976 INFO: avg err:0.3043 | err:0.0000 | hippo_06 hippo_06
2026-06-29 23:55:46,382 INFO: avg err:0.3050 | err:0.4348 | hippo_06 horse_01
2026-06-29 23:55:46,689 INFO: avg err:0.3057 | err:0.4349 | hippo_06 horse_02
2026-06-29 23:55:47,066 INFO: avg err:0.3064 | err:0.4380 | hippo_06 horse_03
2026-06-29 23:55:47,374 INFO: avg err:0.3071 | err:0.4445 | hippo_06 horse_04
2026-06-29 23:55:47,694 INFO: avg err:0.3078 | err:0.4482 | hippo_06 horse_05
2026-06-29 23:55:47,949 INFO: avg err:0.3084 | err:0.4241 | hippo_06 horse_06
2026-06-29 23:55:48,221 INFO: avg err:0.3090 | err:0.4367 | hippo_06 horse_07
2026-06-29 23:55:48,475 INFO: avg err:0.3097 | err:0.4385 | hippo_06 horse_08
2026-06-29 23:55:48,720 INFO: avg err:0.3102 | err:0.4172 | hippo_06 horse_09
2026-06-29 23:55:48,986 INFO: avg err:0.3106 | err:0.3795 | hippo_06 horse_10
2026-06-29 23:55:49,350 INFO: avg err:0.3092 | err:0.0337 | horse_01 cougar_01
2026-06-29 23:55:49,591 INFO: avg err:0.3080 | err:0.0589 | horse_01 cougar_02
2026-06-29 23:55:50,187 INFO: avg err:0.3066 | err:0.0375 | horse_01 cougar_03
2026-06-29 23:55:50,499 INFO: avg err:0.3053 | err:0.0295 | horse_01 cougar_04
2026-06-29 23:55:50,841 INFO: avg err:0.3070 | err:0.6567 | horse_01 hippo_01
2026-06-29 23:55:51,155 INFO: avg err:0.3086 | err:0.6463 | horse_01 hippo_02
2026-06-29 23:55:51,508 INFO: avg err:0.3102 | err:0.6236 | horse_01 hippo_03
2026-06-29 23:55:51,803 INFO: avg err:0.3125 | err:0.7936 | horse_01 hippo_04
2026-06-29 23:55:52,162 INFO: avg err:0.3127 | err:0.3606 | horse_01 hippo_05
2026-06-29 23:55:52,410 INFO: avg err:0.3143 | err:0.6440 | horse_01 hippo_06
2026-06-29 23:55:52,677 INFO: avg err:0.3128 | err:0.0000 | horse_01 horse_01
2026-06-29 23:55:52,931 INFO: avg err:0.3114 | err:0.0173 | horse_01 horse_02
2026-06-29 23:55:53,242 INFO: avg err:0.3100 | err:0.0114 | horse_01 horse_03
2026-06-29 23:55:53,496 INFO: avg err:0.3086 | err:0.0204 | horse_01 horse_04
2026-06-29 23:55:53,960 INFO: avg err:0.3073 | err:0.0238 | horse_01 horse_05
2026-06-29 23:55:54,205 INFO: avg err:0.3060 | err:0.0215 | horse_01 horse_06
2026-06-29 23:55:54,489 INFO: avg err:0.3047 | err:0.0184 | horse_01 horse_07
2026-06-29 23:55:54,719 INFO: avg err:0.3033 | err:0.0160 | horse_01 horse_08
2026-06-29 23:55:55,085 INFO: avg err:0.3020 | err:0.0173 | horse_01 horse_09
2026-06-29 23:55:55,404 INFO: avg err:0.3011 | err:0.1044 | horse_01 horse_10
2026-06-29 23:55:55,736 INFO: avg err:0.2999 | err:0.0297 | horse_02 cougar_01
2026-06-29 23:55:56,013 INFO: avg err:0.2988 | err:0.0528 | horse_02 cougar_02
2026-06-29 23:55:56,236 INFO: avg err:0.2976 | err:0.0320 | horse_02 cougar_03
2026-06-29 23:55:56,482 INFO: avg err:0.2964 | err:0.0346 | horse_02 cougar_04
2026-06-29 23:55:56,735 INFO: avg err:0.2983 | err:0.7065 | horse_02 hippo_01
2026-06-29 23:55:56,990 INFO: avg err:0.3002 | err:0.7449 | horse_02 hippo_02
2026-06-29 23:55:57,381 INFO: avg err:0.3019 | err:0.6833 | horse_02 hippo_03
2026-06-29 23:55:57,662 INFO: avg err:0.3041 | err:0.8105 | horse_02 hippo_04
2026-06-29 23:55:58,054 INFO: avg err:0.3045 | err:0.3958 | horse_02 hippo_05
2026-06-29 23:55:58,359 INFO: avg err:0.3062 | err:0.6774 | horse_02 hippo_06
2026-06-29 23:55:58,601 INFO: avg err:0.3049 | err:0.0170 | horse_02 horse_01
2026-06-29 23:55:58,858 INFO: avg err:0.3036 | err:0.0000 | horse_02 horse_02
2026-06-29 23:55:59,171 INFO: avg err:0.3024 | err:0.0119 | horse_02 horse_03
2026-06-29 23:55:59,400 INFO: avg err:0.3011 | err:0.0142 | horse_02 horse_04
2026-06-29 23:55:59,701 INFO: avg err:0.2999 | err:0.0216 | horse_02 horse_05
2026-06-29 23:55:59,929 INFO: avg err:0.2987 | err:0.0214 | horse_02 horse_06
2026-06-29 23:56:00,248 INFO: avg err:0.2976 | err:0.0236 | horse_02 horse_07
2026-06-29 23:56:00,507 INFO: avg err:0.2964 | err:0.0122 | horse_02 horse_08
2026-06-29 23:56:00,938 INFO: avg err:0.2952 | err:0.0157 | horse_02 horse_09
2026-06-29 23:56:01,270 INFO: avg err:0.2943 | err:0.0716 | horse_02 horse_10
2026-06-29 23:56:01,635 INFO: avg err:0.2932 | err:0.0307 | horse_03 cougar_01
2026-06-29 23:56:01,943 INFO: avg err:0.2922 | err:0.0579 | horse_03 cougar_02
2026-06-29 23:56:02,296 INFO: avg err:0.2912 | err:0.0344 | horse_03 cougar_03
2026-06-29 23:56:02,631 INFO: avg err:0.2901 | err:0.0298 | horse_03 cougar_04
2026-06-29 23:56:02,944 INFO: avg err:0.2914 | err:0.6064 | horse_03 hippo_01
2026-06-29 23:56:03,277 INFO: avg err:0.2927 | err:0.6076 | horse_03 hippo_02
2026-06-29 23:56:03,528 INFO: avg err:0.2942 | err:0.6622 | horse_03 hippo_03
2026-06-29 23:56:03,768 INFO: avg err:0.2958 | err:0.6933 | horse_03 hippo_04
2026-06-29 23:56:04,018 INFO: avg err:0.2959 | err:0.3339 | horse_03 hippo_05
2026-06-29 23:56:04,256 INFO: avg err:0.2973 | err:0.6321 | horse_03 hippo_06
2026-06-29 23:56:04,519 INFO: avg err:0.2961 | err:0.0115 | horse_03 horse_01
2026-06-29 23:56:04,761 INFO: avg err:0.2950 | err:0.0119 | horse_03 horse_02
2026-06-29 23:56:05,022 INFO: avg err:0.2938 | err:0.0000 | horse_03 horse_03
2026-06-29 23:56:05,322 INFO: avg err:0.2927 | err:0.0184 | horse_03 horse_04
2026-06-29 23:56:05,599 INFO: avg err:0.2917 | err:0.0220 | horse_03 horse_05
2026-06-29 23:56:05,914 INFO: avg err:0.2906 | err:0.0226 | horse_03 horse_06
2026-06-29 23:56:06,185 INFO: avg err:0.2896 | err:0.0232 | horse_03 horse_07
2026-06-29 23:56:06,425 INFO: avg err:0.2885 | err:0.0142 | horse_03 horse_08
2026-06-29 23:56:06,918 INFO: avg err:0.2875 | err:0.0171 | horse_03 horse_09
2026-06-29 23:56:07,201 INFO: avg err:0.2867 | err:0.0814 | horse_03 horse_10
2026-06-29 23:56:07,502 INFO: avg err:0.2857 | err:0.0324 | horse_04 cougar_01
2026-06-29 23:56:07,791 INFO: avg err:0.2849 | err:0.0654 | horse_04 cougar_02
2026-06-29 23:56:08,187 INFO: avg err:0.2839 | err:0.0348 | horse_04 cougar_03
2026-06-29 23:56:08,475 INFO: avg err:0.2830 | err:0.0384 | horse_04 cougar_04
2026-06-29 23:56:08,720 INFO: avg err:0.2848 | err:0.7745 | horse_04 hippo_01
2026-06-29 23:56:08,970 INFO: avg err:0.2868 | err:0.8064 | horse_04 hippo_02
2026-06-29 23:56:09,284 INFO: avg err:0.2885 | err:0.7304 | horse_04 hippo_03
2026-06-29 23:56:09,578 INFO: avg err:0.2907 | err:0.8768 | horse_04 hippo_04
2026-06-29 23:56:09,880 INFO: avg err:0.2909 | err:0.3468 | horse_04 hippo_05
2026-06-29 23:56:10,126 INFO: avg err:0.2925 | err:0.7220 | horse_04 hippo_06
2026-06-29 23:56:10,367 INFO: avg err:0.2915 | err:0.0203 | horse_04 horse_01
2026-06-29 23:56:10,653 INFO: avg err:0.2904 | err:0.0138 | horse_04 horse_02
2026-06-29 23:56:10,916 INFO: avg err:0.2894 | err:0.0177 | horse_04 horse_03
2026-06-29 23:56:11,158 INFO: avg err:0.2884 | err:0.0000 | horse_04 horse_04
2026-06-29 23:56:11,588 INFO: avg err:0.2874 | err:0.0225 | horse_04 horse_05
2026-06-29 23:56:11,824 INFO: avg err:0.2865 | err:0.0252 | horse_04 horse_06
2026-06-29 23:56:12,263 INFO: avg err:0.2855 | err:0.0230 | horse_04 horse_07
2026-06-29 23:56:12,605 INFO: avg err:0.2846 | err:0.0179 | horse_04 horse_08
2026-06-29 23:56:12,943 INFO: avg err:0.2836 | err:0.0178 | horse_04 horse_09
2026-06-29 23:56:13,295 INFO: avg err:0.2829 | err:0.0843 | horse_04 horse_10
2026-06-29 23:56:13,585 INFO: avg err:0.2820 | err:0.0336 | horse_05 cougar_01
2026-06-29 23:56:13,805 INFO: avg err:0.2812 | err:0.0572 | horse_05 cougar_02
2026-06-29 23:56:14,038 INFO: avg err:0.2803 | err:0.0357 | horse_05 cougar_03
2026-06-29 23:56:14,295 INFO: avg err:0.2795 | err:0.0365 | horse_05 cougar_04
2026-06-29 23:56:14,588 INFO: avg err:0.2813 | err:0.7945 | horse_05 hippo_01
2026-06-29 23:56:14,846 INFO: avg err:0.2832 | err:0.8409 | horse_05 hippo_02
2026-06-29 23:56:15,091 INFO: avg err:0.2847 | err:0.7044 | horse_05 hippo_03
2026-06-29 23:56:15,385 INFO: avg err:0.2867 | err:0.8636 | horse_05 hippo_04
2026-06-29 23:56:15,653 INFO: avg err:0.2869 | err:0.3305 | horse_05 hippo_05
2026-06-29 23:56:15,933 INFO: avg err:0.2884 | err:0.7303 | horse_05 hippo_06
2026-06-29 23:56:16,200 INFO: avg err:0.2875 | err:0.0242 | horse_05 horse_01
2026-06-29 23:56:16,434 INFO: avg err:0.2866 | err:0.0219 | horse_05 horse_02
2026-06-29 23:56:16,753 INFO: avg err:0.2857 | err:0.0210 | horse_05 horse_03
2026-06-29 23:56:17,096 INFO: avg err:0.2848 | err:0.0210 | horse_05 horse_04
2026-06-29 23:56:17,446 INFO: avg err:0.2838 | err:0.0000 | horse_05 horse_05
2026-06-29 23:56:17,780 INFO: avg err:0.2829 | err:0.0246 | horse_05 horse_06
2026-06-29 23:56:18,125 INFO: avg err:0.2821 | err:0.0247 | horse_05 horse_07
2026-06-29 23:56:18,470 INFO: avg err:0.2812 | err:0.0237 | horse_05 horse_08
2026-06-29 23:56:18,802 INFO: avg err:0.2803 | err:0.0266 | horse_05 horse_09
2026-06-29 23:56:19,052 INFO: avg err:0.2796 | err:0.0645 | horse_05 horse_10
2026-06-29 23:56:19,418 INFO: avg err:0.2788 | err:0.0348 | horse_06 cougar_01
2026-06-29 23:56:19,667 INFO: avg err:0.2782 | err:0.0907 | horse_06 cougar_02
2026-06-29 23:56:20,000 INFO: avg err:0.2774 | err:0.0377 | horse_06 cougar_03
2026-06-29 23:56:20,270 INFO: avg err:0.2766 | err:0.0361 | horse_06 cougar_04
2026-06-29 23:56:20,525 INFO: avg err:0.2783 | err:0.7876 | horse_06 hippo_01
2026-06-29 23:56:20,772 INFO: avg err:0.2799 | err:0.7870 | horse_06 hippo_02
2026-06-29 23:56:21,083 INFO: avg err:0.2813 | err:0.6992 | horse_06 hippo_03
2026-06-29 23:56:21,318 INFO: avg err:0.2831 | err:0.8281 | horse_06 hippo_04
2026-06-29 23:56:21,624 INFO: avg err:0.2836 | err:0.4491 | horse_06 hippo_05
2026-06-29 23:56:21,847 INFO: avg err:0.2850 | err:0.6968 | horse_06 hippo_06
2026-06-29 23:56:22,139 INFO: avg err:0.2841 | err:0.0178 | horse_06 horse_01
2026-06-29 23:56:22,386 INFO: avg err:0.2833 | err:0.0207 | horse_06 horse_02
2026-06-29 23:56:22,649 INFO: avg err:0.2824 | err:0.0185 | horse_06 horse_03
2026-06-29 23:56:22,899 INFO: avg err:0.2816 | err:0.0268 | horse_06 horse_04
2026-06-29 23:56:23,313 INFO: avg err:0.2808 | err:0.0275 | horse_06 horse_05
2026-06-29 23:56:23,622 INFO: avg err:0.2799 | err:0.0000 | horse_06 horse_06
2026-06-29 23:56:23,896 INFO: avg err:0.2791 | err:0.0162 | horse_06 horse_07
2026-06-29 23:56:24,129 INFO: avg err:0.2782 | err:0.0198 | horse_06 horse_08
2026-06-29 23:56:24,497 INFO: avg err:0.2775 | err:0.0263 | horse_06 horse_09
2026-06-29 23:56:24,735 INFO: avg err:0.2769 | err:0.0903 | horse_06 horse_10
2026-06-29 23:56:25,122 INFO: avg err:0.2761 | err:0.0328 | horse_07 cougar_01
2026-06-29 23:56:25,433 INFO: avg err:0.2755 | err:0.0712 | horse_07 cougar_02
2026-06-29 23:56:25,698 INFO: avg err:0.2747 | err:0.0358 | horse_07 cougar_03
2026-06-29 23:56:25,953 INFO: avg err:0.2740 | err:0.0292 | horse_07 cougar_04
2026-06-29 23:56:26,208 INFO: avg err:0.2755 | err:0.7662 | horse_07 hippo_01
2026-06-29 23:56:26,445 INFO: avg err:0.2770 | err:0.7821 | horse_07 hippo_02
2026-06-29 23:56:26,700 INFO: avg err:0.2784 | err:0.7097 | horse_07 hippo_03
2026-06-29 23:56:26,920 INFO: avg err:0.2801 | err:0.8396 | horse_07 hippo_04
2026-06-29 23:56:27,329 INFO: avg err:0.2804 | err:0.3728 | horse_07 hippo_05
2026-06-29 23:56:27,612 INFO: avg err:0.2818 | err:0.7412 | horse_07 hippo_06
2026-06-29 23:56:27,867 INFO: avg err:0.2810 | err:0.0168 | horse_07 horse_01
2026-06-29 23:56:28,190 INFO: avg err:0.2802 | err:0.0207 | horse_07 horse_02
2026-06-29 23:56:28,546 INFO: avg err:0.2794 | err:0.0170 | horse_07 horse_03
2026-06-29 23:56:28,825 INFO: avg err:0.2786 | err:0.0233 | horse_07 horse_04
2026-06-29 23:56:29,091 INFO: avg err:0.2779 | err:0.0245 | horse_07 horse_05
2026-06-29 23:56:29,341 INFO: avg err:0.2771 | err:0.0176 | horse_07 horse_06
2026-06-29 23:56:29,600 INFO: avg err:0.2763 | err:0.0000 | horse_07 horse_07
2026-06-29 23:56:29,839 INFO: avg err:0.2755 | err:0.0183 | horse_07 horse_08
2026-06-29 23:56:30,269 INFO: avg err:0.2748 | err:0.0222 | horse_07 horse_09
2026-06-29 23:56:30,507 INFO: avg err:0.2741 | err:0.0481 | horse_07 horse_10
2026-06-29 23:56:30,869 INFO: avg err:0.2734 | err:0.0288 | horse_08 cougar_01
2026-06-29 23:56:31,116 INFO: avg err:0.2729 | err:0.1016 | horse_08 cougar_02
2026-06-29 23:56:31,619 INFO: avg err:0.2722 | err:0.0308 | horse_08 cougar_03
2026-06-29 23:56:31,846 INFO: avg err:0.2715 | err:0.0320 | horse_08 cougar_04
2026-06-29 23:56:32,186 INFO: avg err:0.2728 | err:0.7205 | horse_08 hippo_01
2026-06-29 23:56:32,452 INFO: avg err:0.2741 | err:0.7491 | horse_08 hippo_02
2026-06-29 23:56:32,766 INFO: avg err:0.2754 | err:0.6977 | horse_08 hippo_03
2026-06-29 23:56:33,073 INFO: avg err:0.2770 | err:0.8303 | horse_08 hippo_04
2026-06-29 23:56:33,348 INFO: avg err:0.2772 | err:0.3743 | horse_08 hippo_05
2026-06-29 23:56:33,568 INFO: avg err:0.2784 | err:0.6796 | horse_08 hippo_06
2026-06-29 23:56:33,858 INFO: avg err:0.2776 | err:0.0162 | horse_08 horse_01
2026-06-29 23:56:34,084 INFO: avg err:0.2769 | err:0.0117 | horse_08 horse_02
2026-06-29 23:56:34,440 INFO: avg err:0.2761 | err:0.0149 | horse_08 horse_03
2026-06-29 23:56:34,663 INFO: avg err:0.2754 | err:0.0179 | horse_08 horse_04
2026-06-29 23:56:35,021 INFO: avg err:0.2747 | err:0.0224 | horse_08 horse_05
2026-06-29 23:56:35,238 INFO: avg err:0.2740 | err:0.0217 | horse_08 horse_06
2026-06-29 23:56:35,744 INFO: avg err:0.2733 | err:0.0199 | horse_08 horse_07
2026-06-29 23:56:35,992 INFO: avg err:0.2725 | err:0.0000 | horse_08 horse_08
2026-06-29 23:56:36,387 INFO: avg err:0.2718 | err:0.0183 | horse_08 horse_09
2026-06-29 23:56:36,639 INFO: avg err:0.2712 | err:0.0559 | horse_08 horse_10
2026-06-29 23:56:36,908 INFO: avg err:0.2706 | err:0.0380 | horse_09 cougar_01
2026-06-29 23:56:37,169 INFO: avg err:0.2700 | err:0.0702 | horse_09 cougar_02
2026-06-29 23:56:37,586 INFO: avg err:0.2694 | err:0.0384 | horse_09 cougar_03
2026-06-29 23:56:37,831 INFO: avg err:0.2687 | err:0.0381 | horse_09 cougar_04
2026-06-29 23:56:38,197 INFO: avg err:0.2698 | err:0.6661 | horse_09 hippo_01
2026-06-29 23:56:38,429 INFO: avg err:0.2709 | err:0.6618 | horse_09 hippo_02
2026-06-29 23:56:38,947 INFO: avg err:0.2719 | err:0.6520 | horse_09 hippo_03
2026-06-29 23:56:39,274 INFO: avg err:0.2731 | err:0.7150 | horse_09 hippo_04
2026-06-29 23:56:39,649 INFO: avg err:0.2735 | err:0.4081 | horse_09 hippo_05
2026-06-29 23:56:39,975 INFO: avg err:0.2743 | err:0.5826 | horse_09 hippo_06
2026-06-29 23:56:40,269 INFO: avg err:0.2736 | err:0.0151 | horse_09 horse_01
2026-06-29 23:56:40,482 INFO: avg err:0.2729 | err:0.0137 | horse_09 horse_02
2026-06-29 23:56:40,746 INFO: avg err:0.2722 | err:0.0157 | horse_09 horse_03
2026-06-29 23:56:40,978 INFO: avg err:0.2716 | err:0.0189 | horse_09 horse_04
2026-06-29 23:56:41,491 INFO: avg err:0.2709 | err:0.0287 | horse_09 horse_05
2026-06-29 23:56:41,736 INFO: avg err:0.2703 | err:0.0291 | horse_09 horse_06
2026-06-29 23:56:42,097 INFO: avg err:0.2696 | err:0.0265 | horse_09 horse_07
2026-06-29 23:56:42,331 INFO: avg err:0.2690 | err:0.0176 | horse_09 horse_08
2026-06-29 23:56:42,740 INFO: avg err:0.2683 | err:0.0000 | horse_09 horse_09
2026-06-29 23:56:42,976 INFO: avg err:0.2677 | err:0.0486 | horse_09 horse_10
2026-06-29 23:56:43,227 INFO: avg err:0.2671 | err:0.0668 | horse_10 cougar_01
2026-06-29 23:56:43,437 INFO: avg err:0.2667 | err:0.1146 | horse_10 cougar_02
2026-06-29 23:56:43,742 INFO: avg err:0.2662 | err:0.0677 | horse_10 cougar_03
2026-06-29 23:56:43,991 INFO: avg err:0.2657 | err:0.0693 | horse_10 cougar_04
2026-06-29 23:56:44,274 INFO: avg err:0.2670 | err:0.7507 | horse_10 hippo_01
2026-06-29 23:56:44,508 INFO: avg err:0.2680 | err:0.6805 | horse_10 hippo_02
2026-06-29 23:56:44,813 INFO: avg err:0.2689 | err:0.5818 | horse_10 hippo_03
2026-06-29 23:56:45,086 INFO: avg err:0.2699 | err:0.6921 | horse_10 hippo_04
2026-06-29 23:56:45,390 INFO: avg err:0.2703 | err:0.4131 | horse_10 hippo_05
2026-06-29 23:56:45,598 INFO: avg err:0.2712 | err:0.6253 | horse_10 hippo_06
2026-06-29 23:56:46,149 INFO: avg err:0.2706 | err:0.0354 | horse_10 horse_01
2026-06-29 23:56:46,415 INFO: avg err:0.2700 | err:0.0271 | horse_10 horse_02
2026-06-29 23:56:46,734 INFO: avg err:0.2694 | err:0.0273 | horse_10 horse_03
2026-06-29 23:56:47,017 INFO: avg err:0.2688 | err:0.0362 | horse_10 horse_04
2026-06-29 23:56:47,345 INFO: avg err:0.2682 | err:0.0409 | horse_10 horse_05
2026-06-29 23:56:47,654 INFO: avg err:0.2676 | err:0.0353 | horse_10 horse_06
2026-06-29 23:56:48,004 INFO: avg err:0.2671 | err:0.0390 | horse_10 horse_07
2026-06-29 23:56:48,243 INFO: avg err:0.2665 | err:0.0364 | horse_10 horse_08
2026-06-29 23:56:48,466 INFO: avg err:0.2659 | err:0.0233 | horse_10 horse_09
2026-06-29 23:56:48,708 INFO: avg err:0.2652 | err:0.0000 | horse_10 horse_10
2026-06-29 23:56:48,736 INFO: Avg time: 0.1078
2026-06-29 23:56:49,212 INFO: Val auc: 0.5495
2026-06-29 23:56:49,217 INFO: Val avg error: 0.2652
2026-06-29 23:56:49,224 INFO: Best model is updated, average geodesic error: 0.2652
2026-06-29 23:56:49,299 INFO: [ONB diag] max|Q-I|: mean=7.8683e-03 max=1.0814e-02 | max|Φ̃ᵀMΦ̃-I|: mean=7.1019e-07 max=8.3447e-07
2026-06-29 23:56:55,270 INFO: [smal_..][epoch: 10, iter:   8,020, lr:(6.204e-04,6.204e-04,)][eta: 0:54:36, time (data): 0.317 (0.015)]l_bij: 8.1204e+01 l_orth: 9.3378e+01 l_align: 8.0626e+01 l_qreg: 5.5710e-01 l_total: 2.5577e+02 
2026-06-29 23:57:01,355 INFO: [smal_..][epoch: 10, iter:   8,040, lr:(6.204e-04,6.204e-04,)][eta: 0:54:27, time (data): 0.316 (0.015)]l_bij: 1.2980e+02 l_orth: 1.2750e+02 l_align: 8.9787e+01 l_qreg: 8.8328e-01 l_total: 3.4797e+02 
2026-06-29 23:57:07,466 INFO: [smal_..][epoch: 10, iter:   8,060, lr:(6.204e-04,6.204e-04,)][eta: 0:54:18, time (data): 0.305 (0.014)]l_bij: 9.0266e+01 l_orth: 9.7420e+01 l_align: 7.6910e+01 l_qreg: 4.8173e-01 l_total: 2.6508e+02 
2026-06-29 23:57:13,591 INFO: [smal_..][epoch: 10, iter:   8,080, lr:(6.204e-04,6.204e-04,)][eta: 0:54:09, time (data): 0.306 (0.014)]l_bij: 5.2686e+01 l_orth: 7.6328e+01 l_align: 8.6119e+01 l_qreg: 8.5613e-01 l_total: 2.1599e+02 
2026-06-29 23:57:19,763 INFO: [smal_..][epoch: 10, iter:   8,100, lr:(6.204e-04,6.204e-04,)][eta: 0:54:00, time (data): 0.307 (0.015)]l_bij: 1.0230e+02 l_orth: 1.0491e+02 l_align: 8.5927e+01 l_qreg: 1.0395e+00 l_total: 2.9417e+02 
2026-06-29 23:57:25,893 INFO: [smal_..][epoch: 10, iter:   8,120, lr:(6.204e-04,6.204e-04,)][eta: 0:53:52, time (data): 0.306 (0.015)]l_bij: 1.0032e+02 l_orth: 1.0402e+02 l_align: 8.2550e+01 l_qreg: 5.6505e-01 l_total: 2.8745e+02 
2026-06-29 23:57:32,054 INFO: [smal_..][epoch: 10, iter:   8,140, lr:(6.204e-04,6.204e-04,)][eta: 0:53:43, time (data): 0.307 (0.015)]l_bij: 5.3129e+01 l_orth: 6.9908e+01 l_align: 7.2897e+01 l_qreg: 4.0446e-01 l_total: 1.9634e+02 
2026-06-29 23:57:38,173 INFO: [smal_..][epoch: 10, iter:   8,160, lr:(6.204e-04,6.204e-04,)][eta: 0:53:34, time (data): 0.307 (0.015)]l_bij: 8.3693e+01 l_orth: 9.5030e+01 l_align: 8.5200e+01 l_qreg: 4.9964e-01 l_total: 2.6442e+02 
2026-06-29 23:57:44,327 INFO: [smal_..][epoch: 10, iter:   8,180, lr:(6.204e-04,6.204e-04,)][eta: 0:53:25, time (data): 0.307 (0.015)]l_bij: 8.2427e+01 l_orth: 9.3840e+01 l_align: 8.0173e+01 l_qreg: 4.2034e-01 l_total: 2.5686e+02 
2026-06-29 23:57:50,578 INFO: [smal_..][epoch: 10, iter:   8,200, lr:(6.204e-04,6.204e-04,)][eta: 0:53:17, time (data): 0.307 (0.015)]l_bij: 7.5373e+01 l_orth: 8.8631e+01 l_align: 7.4986e+01 l_qreg: 4.5008e-01 l_total: 2.3944e+02 
2026-06-29 23:57:56,877 INFO: [smal_..][epoch: 10, iter:   8,220, lr:(6.204e-04,6.204e-04,)][eta: 0:53:08, time (data): 0.308 (0.014)]l_bij: 1.0973e+02 l_orth: 1.1491e+02 l_align: 8.1123e+01 l_qreg: 6.3153e-01 l_total: 3.0639e+02 
2026-06-29 23:58:03,164 INFO: [smal_..][epoch: 10, iter:   8,240, lr:(6.204e-04,6.204e-04,)][eta: 0:52:59, time (data): 0.309 (0.015)]l_bij: 1.2296e+02 l_orth: 1.2250e+02 l_align: 8.9471e+01 l_qreg: 5.2643e-01 l_total: 3.3546e+02 
2026-06-29 23:58:09,438 INFO: [smal_..][epoch: 10, iter:   8,260, lr:(6.204e-04,6.204e-04,)][eta: 0:52:51, time (data): 0.314 (0.016)]l_bij: 1.1625e+02 l_orth: 1.1789e+02 l_align: 8.7334e+01 l_qreg: 7.0544e-01 l_total: 3.2218e+02 
2026-06-29 23:58:15,663 INFO: [smal_..][epoch: 10, iter:   8,280, lr:(6.204e-04,6.204e-04,)][eta: 0:52:42, time (data): 0.313 (0.015)]l_bij: 6.6884e+01 l_orth: 7.9498e+01 l_align: 7.1847e+01 l_qreg: 4.5353e-01 l_total: 2.1868e+02 
2026-06-29 23:58:22,014 INFO: [smal_..][epoch: 10, iter:   8,300, lr:(6.204e-04,6.204e-04,)][eta: 0:52:34, time (data): 0.314 (0.015)]l_bij: 6.8840e+01 l_orth: 8.2521e+01 l_align: 7.5482e+01 l_qreg: 3.9978e-01 l_total: 2.2724e+02 
2026-06-29 23:58:28,273 INFO: [smal_..][epoch: 10, iter:   8,320, lr:(6.204e-04,6.204e-04,)][eta: 0:52:25, time (data): 0.314 (0.015)]l_bij: 1.0974e+02 l_orth: 1.1269e+02 l_align: 8.6424e+01 l_qreg: 6.1059e-01 l_total: 3.0947e+02 
2026-06-29 23:58:34,636 INFO: [smal_..][epoch: 10, iter:   8,340, lr:(6.204e-04,6.204e-04,)][eta: 0:52:17, time (data): 0.315 (0.015)]l_bij: 4.2723e+01 l_orth: 7.0426e+01 l_align: 8.7718e+01 l_qreg: 6.4694e-01 l_total: 2.0151e+02 
2026-06-29 23:58:40,975 INFO: [smal_..][epoch: 10, iter:   8,360, lr:(6.204e-04,6.204e-04,)][eta: 0:52:08, time (data): 0.315 (0.015)]l_bij: 7.7287e+01 l_orth: 8.8455e+01 l_align: 7.8022e+01 l_qreg: 6.3880e-01 l_total: 2.4440e+02 
2026-06-29 23:58:47,310 INFO: [smal_..][epoch: 10, iter:   8,380, lr:(6.204e-04,6.204e-04,)][eta: 0:52:00, time (data): 0.315 (0.015)]l_bij: 8.4696e+01 l_orth: 9.5645e+01 l_align: 7.9786e+01 l_qreg: 6.8471e-01 l_total: 2.6081e+02 
2026-06-29 23:58:53,567 INFO: [smal_..][epoch: 10, iter:   8,400, lr:(6.204e-04,6.204e-04,)][eta: 0:51:51, time (data): 0.315 (0.015)]l_bij: 1.2200e+01 l_orth: 5.2805e+01 l_align: 9.6262e+01 l_qreg: 5.6234e-01 l_total: 1.6183e+02 
2026-06-29 23:59:00,119 INFO: [smal_..][epoch: 11, iter:   8,420, lr:(5.500e-04,5.500e-04,)][eta: 0:51:43, time (data): 0.316 (0.016)]l_bij: 7.6317e+01 l_orth: 8.8521e+01 l_align: 8.0731e+01 l_qreg: 4.8582e-01 l_total: 2.4605e+02 
2026-06-29 23:59:06,336 INFO: [smal_..][epoch: 11, iter:   8,440, lr:(5.500e-04,5.500e-04,)][eta: 0:51:34, time (data): 0.316 (0.016)]l_bij: 9.9328e+01 l_orth: 1.0566e+02 l_align: 8.2142e+01 l_qreg: 5.9708e-01 l_total: 2.8772e+02 
2026-06-29 23:59:12,610 INFO: [smal_..][epoch: 11, iter:   8,460, lr:(5.500e-04,5.500e-04,)][eta: 0:51:26, time (data): 0.314 (0.015)]l_bij: 9.5511e+01 l_orth: 1.0105e+02 l_align: 8.2431e+01 l_qreg: 5.3596e-01 l_total: 2.7953e+02 
2026-06-29 23:59:18,863 INFO: [smal_..][epoch: 11, iter:   8,480, lr:(5.500e-04,5.500e-04,)][eta: 0:51:17, time (data): 0.313 (0.015)]l_bij: 1.2150e+02 l_orth: 1.2037e+02 l_align: 8.9290e+01 l_qreg: 6.1943e-01 l_total: 3.3178e+02 
2026-06-29 23:59:25,046 INFO: [smal_..][epoch: 11, iter:   8,500, lr:(5.500e-04,5.500e-04,)][eta: 0:51:09, time (data): 0.312 (0.015)]l_bij: 7.6175e+01 l_orth: 8.8332e+01 l_align: 7.0244e+01 l_qreg: 4.8682e-01 l_total: 2.3524e+02 
2026-06-29 23:59:31,239 INFO: [smal_..][epoch: 11, iter:   8,520, lr:(5.500e-04,5.500e-04,)][eta: 0:51:00, time (data): 0.311 (0.015)]l_bij: 1.0053e+02 l_orth: 1.0705e+02 l_align: 8.8694e+01 l_qreg: 6.4162e-01 l_total: 2.9692e+02 
2026-06-29 23:59:37,414 INFO: [smal_..][epoch: 11, iter:   8,540, lr:(5.500e-04,5.500e-04,)][eta: 0:50:52, time (data): 0.311 (0.014)]l_bij: 9.1396e+01 l_orth: 9.9770e+01 l_align: 8.2083e+01 l_qreg: 4.3757e-01 l_total: 2.7369e+02 
2026-06-29 23:59:43,661 INFO: [smal_..][epoch: 11, iter:   8,560, lr:(5.500e-04,5.500e-04,)][eta: 0:50:43, time (data): 0.311 (0.014)]l_bij: 1.0165e+02 l_orth: 1.0688e+02 l_align: 8.0322e+01 l_qreg: 5.7917e-01 l_total: 2.8943e+02 
2026-06-29 23:59:49,882 INFO: [smal_..][epoch: 11, iter:   8,580, lr:(5.500e-04,5.500e-04,)][eta: 0:50:35, time (data): 0.311 (0.015)]l_bij: 1.0445e+02 l_orth: 1.0631e+02 l_align: 8.1361e+01 l_qreg: 7.7311e-01 l_total: 2.9290e+02 
2026-06-29 23:59:56,130 INFO: [smal_..][epoch: 11, iter:   8,600, lr:(5.500e-04,5.500e-04,)][eta: 0:50:26, time (data): 0.311 (0.015)]l_bij: 8.5767e+01 l_orth: 9.6798e+01 l_align: 8.2729e+01 l_qreg: 5.3743e-01 l_total: 2.6583e+02 
2026-06-30 00:00:02,463 INFO: [smal_..][epoch: 11, iter:   8,620, lr:(5.500e-04,5.500e-04,)][eta: 0:50:18, time (data): 0.312 (0.015)]l_bij: 8.8111e+01 l_orth: 9.6396e+01 l_align: 8.1782e+01 l_qreg: 5.4900e-01 l_total: 2.6684e+02 
2026-06-30 00:00:08,766 INFO: [smal_..][epoch: 11, iter:   8,640, lr:(5.500e-04,5.500e-04,)][eta: 0:50:10, time (data): 0.312 (0.015)]l_bij: 9.9977e+01 l_orth: 1.0758e+02 l_align: 8.4005e+01 l_qreg: 6.2118e-01 l_total: 2.9218e+02 
2026-06-30 00:00:14,934 INFO: [smal_..][epoch: 11, iter:   8,660, lr:(5.500e-04,5.500e-04,)][eta: 0:50:01, time (data): 0.309 (0.014)]l_bij: 5.5637e+01 l_orth: 7.3742e+01 l_align: 7.4124e+01 l_qreg: 6.1430e-01 l_total: 2.0412e+02 
2026-06-30 00:00:21,218 INFO: [smal_..][epoch: 11, iter:   8,680, lr:(5.500e-04,5.500e-04,)][eta: 0:49:53, time (data): 0.312 (0.014)]l_bij: 1.1109e+02 l_orth: 1.1778e+02 l_align: 8.8009e+01 l_qreg: 6.1323e-01 l_total: 3.1749e+02 
2026-06-30 00:00:27,370 INFO: [smal_..][epoch: 11, iter:   8,700, lr:(5.500e-04,5.500e-04,)][eta: 0:49:44, time (data): 0.310 (0.014)]l_bij: 3.7242e+01 l_orth: 6.6197e+01 l_align: 8.5813e+01 l_qreg: 7.2137e-01 l_total: 1.8997e+02 
2026-06-30 00:00:33,584 INFO: [smal_..][epoch: 11, iter:   8,720, lr:(5.500e-04,5.500e-04,)][eta: 0:49:36, time (data): 0.310 (0.014)]l_bij: 9.2401e+01 l_orth: 9.8574e+01 l_align: 8.1481e+01 l_qreg: 6.3531e-01 l_total: 2.7309e+02 
2026-06-30 00:00:39,735 INFO: [smal_..][epoch: 11, iter:   8,740, lr:(5.500e-04,5.500e-04,)][eta: 0:49:28, time (data): 0.310 (0.014)]l_bij: 8.3019e+01 l_orth: 9.2664e+01 l_align: 8.0094e+01 l_qreg: 5.4688e-01 l_total: 2.5632e+02 
2026-06-30 00:00:45,991 INFO: [smal_..][epoch: 11, iter:   8,760, lr:(5.500e-04,5.500e-04,)][eta: 0:49:19, time (data): 0.310 (0.014)]l_bij: 5.4745e+01 l_orth: 7.5258e+01 l_align: 7.9679e+01 l_qreg: 8.6724e-01 l_total: 2.1055e+02 
2026-06-30 00:00:52,243 INFO: [smal_..][epoch: 11, iter:   8,780, lr:(5.500e-04,5.500e-04,)][eta: 0:49:11, time (data): 0.310 (0.015)]l_bij: 8.4559e+00 l_orth: 4.8955e+01 l_align: 9.0136e+01 l_qreg: 5.0864e-01 l_total: 1.4806e+02 
2026-06-30 00:00:58,498 INFO: [smal_..][epoch: 11, iter:   8,800, lr:(5.500e-04,5.500e-04,)][eta: 0:49:03, time (data): 0.311 (0.015)]l_bij: 6.9780e+01 l_orth: 8.3391e+01 l_align: 7.3594e+01 l_qreg: 4.2092e-01 l_total: 2.2719e+02 
2026-06-30 00:01:04,893 INFO: [smal_..][epoch: 11, iter:   8,820, lr:(5.500e-04,5.500e-04,)][eta: 0:48:54, time (data): 0.312 (0.015)]l_bij: 9.7236e+01 l_orth: 1.0133e+02 l_align: 7.6330e+01 l_qreg: 5.4473e-01 l_total: 2.7544e+02 
2026-06-30 00:01:11,056 INFO: [smal_..][epoch: 11, iter:   8,840, lr:(5.500e-04,5.500e-04,)][eta: 0:48:46, time (data): 0.311 (0.015)]l_bij: 1.2282e+02 l_orth: 1.2176e+02 l_align: 8.5291e+01 l_qreg: 6.9309e-01 l_total: 3.3056e+02 
2026-06-30 00:01:17,202 INFO: [smal_..][epoch: 11, iter:   8,860, lr:(5.500e-04,5.500e-04,)][eta: 0:48:38, time (data): 0.308 (0.014)]l_bij: 6.8792e+01 l_orth: 8.6251e+01 l_align: 7.7023e+01 l_qreg: 5.0990e-01 l_total: 2.3258e+02 
2026-06-30 00:01:23,371 INFO: [smal_..][epoch: 11, iter:   8,880, lr:(5.500e-04,5.500e-04,)][eta: 0:48:29, time (data): 0.308 (0.015)]l_bij: 6.2600e+01 l_orth: 7.7075e+01 l_align: 7.4072e+01 l_qreg: 5.6611e-01 l_total: 2.1431e+02 
2026-06-30 00:01:29,523 INFO: [smal_..][epoch: 11, iter:   8,900, lr:(5.500e-04,5.500e-04,)][eta: 0:48:21, time (data): 0.308 (0.015)]l_bij: 9.4701e+01 l_orth: 9.8980e+01 l_align: 8.0188e+01 l_qreg: 6.3759e-01 l_total: 2.7451e+02 
2026-06-30 00:01:35,697 INFO: [smal_..][epoch: 11, iter:   8,920, lr:(5.500e-04,5.500e-04,)][eta: 0:48:12, time (data): 0.308 (0.015)]l_bij: 9.8475e+01 l_orth: 1.0643e+02 l_align: 8.4722e+01 l_qreg: 6.1511e-01 l_total: 2.9024e+02 
2026-06-30 00:01:42,121 INFO: [smal_..][epoch: 11, iter:   8,940, lr:(5.500e-04,5.500e-04,)][eta: 0:48:04, time (data): 0.311 (0.015)]l_bij: 6.4471e+01 l_orth: 8.5631e+01 l_align: 7.7075e+01 l_qreg: 6.2486e-01 l_total: 2.2780e+02 
2026-06-30 00:01:48,419 INFO: [smal_..][epoch: 11, iter:   8,960, lr:(5.500e-04,5.500e-04,)][eta: 0:47:56, time (data): 0.311 (0.015)]l_bij: 9.3307e+01 l_orth: 9.9836e+01 l_align: 7.2752e+01 l_qreg: 5.1239e-01 l_total: 2.6641e+02 
2026-06-30 00:01:54,597 INFO: [smal_..][epoch: 11, iter:   8,980, lr:(5.500e-04,5.500e-04,)][eta: 0:47:48, time (data): 0.311 (0.015)]l_bij: 1.0657e+02 l_orth: 1.1176e+02 l_align: 8.8252e+01 l_qreg: 7.1877e-01 l_total: 3.0731e+02 
2026-06-30 00:02:00,892 INFO: [smal_..][epoch: 11, iter:   9,000, lr:(5.500e-04,5.500e-04,)][eta: 0:47:40, time (data): 0.311 (0.015)]l_bij: 7.1768e+01 l_orth: 8.5384e+01 l_align: 7.0504e+01 l_qreg: 4.6969e-01 l_total: 2.2813e+02 
2026-06-30 00:02:07,039 INFO: [smal_..][epoch: 11, iter:   9,020, lr:(5.500e-04,5.500e-04,)][eta: 0:47:31, time (data): 0.311 (0.015)]l_bij: 1.0348e+02 l_orth: 1.0921e+02 l_align: 8.8382e+01 l_qreg: 7.4972e-01 l_total: 3.0182e+02 
2026-06-30 00:02:13,224 INFO: [smal_..][epoch: 11, iter:   9,040, lr:(5.500e-04,5.500e-04,)][eta: 0:47:23, time (data): 0.311 (0.015)]l_bij: 9.2994e+01 l_orth: 1.0293e+02 l_align: 8.3370e+01 l_qreg: 6.0224e-01 l_total: 2.7989e+02 
2026-06-30 00:02:19,457 INFO: [smal_..][epoch: 11, iter:   9,060, lr:(5.500e-04,5.500e-04,)][eta: 0:47:15, time (data): 0.312 (0.015)]l_bij: 9.5413e+01 l_orth: 1.0220e+02 l_align: 8.2918e+01 l_qreg: 6.1881e-01 l_total: 2.8115e+02 
2026-06-30 00:02:25,675 INFO: [smal_..][epoch: 11, iter:   9,080, lr:(5.500e-04,5.500e-04,)][eta: 0:47:06, time (data): 0.311 (0.015)]l_bij: 8.0942e+01 l_orth: 9.2612e+01 l_align: 7.6488e+01 l_qreg: 3.3935e-01 l_total: 2.5038e+02 
2026-06-30 00:02:31,837 INFO: [smal_..][epoch: 11, iter:   9,100, lr:(5.500e-04,5.500e-04,)][eta: 0:46:58, time (data): 0.310 (0.014)]l_bij: 1.0654e+02 l_orth: 1.1143e+02 l_align: 7.8994e+01 l_qreg: 5.4376e-01 l_total: 2.9751e+02 
2026-06-30 00:02:37,975 INFO: [smal_..][epoch: 11, iter:   9,120, lr:(5.500e-04,5.500e-04,)][eta: 0:46:50, time (data): 0.309 (0.014)]l_bij: 1.0046e+02 l_orth: 1.0330e+02 l_align: 8.4430e+01 l_qreg: 6.9126e-01 l_total: 2.8888e+02 
2026-06-30 00:02:44,143 INFO: [smal_..][epoch: 11, iter:   9,140, lr:(5.500e-04,5.500e-04,)][eta: 0:46:42, time (data): 0.309 (0.014)]l_bij: 9.3946e+01 l_orth: 1.0320e+02 l_align: 8.6712e+01 l_qreg: 5.4349e-01 l_total: 2.8440e+02 
2026-06-30 00:02:50,291 INFO: [smal_..][epoch: 11, iter:   9,160, lr:(5.500e-04,5.500e-04,)][eta: 0:46:33, time (data): 0.309 (0.014)]l_bij: 5.5160e+01 l_orth: 7.7502e+01 l_align: 8.4675e+01 l_qreg: 1.1065e+00 l_total: 2.1844e+02 
2026-06-30 00:02:56,445 INFO: [smal_..][epoch: 11, iter:   9,180, lr:(5.500e-04,5.500e-04,)][eta: 0:46:25, time (data): 0.308 (0.015)]l_bij: 6.1326e+01 l_orth: 7.9626e+01 l_align: 7.3829e+01 l_qreg: 4.1974e-01 l_total: 2.1520e+02 
2026-06-30 00:03:02,579 INFO: [smal_..][epoch: 11, iter:   9,200, lr:(5.500e-04,5.500e-04,)][eta: 0:46:17, time (data): 0.308 (0.014)]l_bij: 8.3596e+01 l_orth: 9.5022e+01 l_align: 8.1566e+01 l_qreg: 5.3769e-01 l_total: 2.6072e+02 
2026-06-30 00:03:08,748 INFO: [smal_..][epoch: 11, iter:   9,220, lr:(5.500e-04,5.500e-04,)][eta: 0:46:09, time (data): 0.308 (0.015)]l_bij: 6.0999e+01 l_orth: 7.9219e+01 l_align: 7.5135e+01 l_qreg: 4.4042e-01 l_total: 2.1579e+02 
2026-06-30 00:03:14,918 INFO: [smal_..][epoch: 11, iter:   9,240, lr:(5.500e-04,5.500e-04,)][eta: 0:46:00, time (data): 0.308 (0.015)]l_bij: 9.9043e+01 l_orth: 1.0536e+02 l_align: 8.5860e+01 l_qreg: 6.3002e-01 l_total: 2.9089e+02 
2026-06-30 00:03:21,344 INFO: [smal_..][epoch: 12, iter:   9,260, lr:(4.796e-04,4.796e-04,)][eta: 0:45:52, time (data): 0.328 (0.033)]l_bij: 8.4812e+01 l_orth: 9.2534e+01 l_align: 7.6122e+01 l_qreg: 4.9946e-01 l_total: 2.5397e+02 
2026-06-30 00:03:27,643 INFO: [smal_..][epoch: 12, iter:   9,280, lr:(4.796e-04,4.796e-04,)][eta: 0:45:44, time (data): 0.320 (0.022)]l_bij: 8.9329e+01 l_orth: 9.7361e+01 l_align: 8.3906e+01 l_qreg: 5.4978e-01 l_total: 2.7115e+02 
2026-06-30 00:03:33,921 INFO: [smal_..][epoch: 12, iter:   9,300, lr:(4.796e-04,4.796e-04,)][eta: 0:45:36, time (data): 0.318 (0.019)]l_bij: 8.4624e+01 l_orth: 9.3337e+01 l_align: 8.2251e+01 l_qreg: 6.9329e-01 l_total: 2.6091e+02 
2026-06-30 00:03:40,077 INFO: [smal_..][epoch: 12, iter:   9,320, lr:(4.796e-04,4.796e-04,)][eta: 0:45:28, time (data): 0.315 (0.018)]l_bij: 4.5701e+01 l_orth: 7.0846e+01 l_align: 7.9538e+01 l_qreg: 1.1854e+00 l_total: 1.9727e+02 
2026-06-30 00:03:46,297 INFO: [smal_..][epoch: 12, iter:   9,340, lr:(4.796e-04,4.796e-04,)][eta: 0:45:20, time (data): 0.314 (0.017)]l_bij: 8.4351e+01 l_orth: 9.6545e+01 l_align: 8.2124e+01 l_qreg: 6.5335e-01 l_total: 2.6367e+02 
2026-06-30 00:03:52,529 INFO: [smal_..][epoch: 12, iter:   9,360, lr:(4.796e-04,4.796e-04,)][eta: 0:45:12, time (data): 0.314 (0.017)]l_bij: 7.4729e+01 l_orth: 8.5576e+01 l_align: 7.5992e+01 l_qreg: 6.1909e-01 l_total: 2.3692e+02 
2026-06-30 00:03:58,721 INFO: [smal_..][epoch: 12, iter:   9,380, lr:(4.796e-04,4.796e-04,)][eta: 0:45:04, time (data): 0.313 (0.016)]l_bij: 9.3260e+01 l_orth: 1.0204e+02 l_align: 7.9863e+01 l_qreg: 6.0950e-01 l_total: 2.7577e+02 
2026-06-30 00:04:05,074 INFO: [smal_..][epoch: 12, iter:   9,400, lr:(4.796e-04,4.796e-04,)][eta: 0:44:56, time (data): 0.314 (0.016)]l_bij: 9.9738e+01 l_orth: 1.0747e+02 l_align: 8.2347e+01 l_qreg: 7.0885e-01 l_total: 2.9027e+02 
2026-06-30 00:04:11,879 INFO: [smal_..][epoch: 12, iter:   9,420, lr:(4.796e-04,4.796e-04,)][eta: 0:44:48, time (data): 0.317 (0.016)]l_bij: 9.8544e+01 l_orth: 1.0386e+02 l_align: 8.1427e+01 l_qreg: 7.6791e-01 l_total: 2.8460e+02 
2026-06-30 00:04:18,159 INFO: [smal_..][epoch: 12, iter:   9,440, lr:(4.796e-04,4.796e-04,)][eta: 0:44:40, time (data): 0.316 (0.016)]l_bij: 8.4336e+01 l_orth: 9.0951e+01 l_align: 7.7096e+01 l_qreg: 5.0832e-01 l_total: 2.5289e+02 
2026-06-30 00:04:24,486 INFO: [smal_..][epoch: 12, iter:   9,460, lr:(4.796e-04,4.796e-04,)][eta: 0:44:32, time (data): 0.313 (0.014)]l_bij: 8.5905e+01 l_orth: 9.4896e+01 l_align: 7.7232e+01 l_qreg: 5.7902e-01 l_total: 2.5861e+02 
2026-06-30 00:04:30,866 INFO: [smal_..][epoch: 12, iter:   9,480, lr:(4.796e-04,4.796e-04,)][eta: 0:44:24, time (data): 0.316 (0.015)]l_bij: 6.5256e+01 l_orth: 8.4205e+01 l_align: 7.8839e+01 l_qreg: 7.2996e-01 l_total: 2.2903e+02 
2026-06-30 00:04:37,141 INFO: [smal_..][epoch: 12, iter:   9,500, lr:(4.796e-04,4.796e-04,)][eta: 0:44:16, time (data): 0.315 (0.015)]l_bij: 1.1002e+02 l_orth: 1.1282e+02 l_align: 7.8017e+01 l_qreg: 5.4185e-01 l_total: 3.0140e+02 
2026-06-30 00:04:43,449 INFO: [smal_..][epoch: 12, iter:   9,520, lr:(4.796e-04,4.796e-04,)][eta: 0:44:08, time (data): 0.315 (0.015)]l_bij: 9.3578e+01 l_orth: 1.0258e+02 l_align: 8.1433e+01 l_qreg: 4.8869e-01 l_total: 2.7808e+02 
2026-06-30 00:04:49,703 INFO: [smal_..][epoch: 12, iter:   9,540, lr:(4.796e-04,4.796e-04,)][eta: 0:44:00, time (data): 0.315 (0.015)]l_bij: 1.0047e+02 l_orth: 1.0557e+02 l_align: 8.5076e+01 l_qreg: 7.1494e-01 l_total: 2.9183e+02 
2026-06-30 00:04:55,973 INFO: [smal_..][epoch: 12, iter:   9,560, lr:(4.796e-04,4.796e-04,)][eta: 0:43:52, time (data): 0.314 (0.015)]l_bij: 1.1092e+02 l_orth: 1.1217e+02 l_align: 8.1447e+01 l_qreg: 6.9600e-01 l_total: 3.0523e+02 
2026-06-30 00:05:02,315 INFO: [smal_..][epoch: 12, iter:   9,580, lr:(4.796e-04,4.796e-04,)][eta: 0:43:44, time (data): 0.315 (0.015)]l_bij: 9.8786e+01 l_orth: 1.0471e+02 l_align: 8.3181e+01 l_qreg: 5.5928e-01 l_total: 2.8724e+02 
2026-06-30 00:05:08,631 INFO: [smal_..][epoch: 12, iter:   9,600, lr:(4.796e-04,4.796e-04,)][eta: 0:43:36, time (data): 0.315 (0.015)]l_bij: 8.6353e+01 l_orth: 9.7024e+01 l_align: 8.0218e+01 l_qreg: 6.6753e-01 l_total: 2.6426e+02 
2026-06-30 00:05:14,875 INFO: [smal_..][epoch: 12, iter:   9,620, lr:(4.796e-04,4.796e-04,)][eta: 0:43:28, time (data): 0.315 (0.015)]l_bij: 9.3426e+01 l_orth: 1.0062e+02 l_align: 8.1184e+01 l_qreg: 5.7756e-01 l_total: 2.7581e+02 
2026-06-30 00:05:21,141 INFO: [smal_..][epoch: 12, iter:   9,640, lr:(4.796e-04,4.796e-04,)][eta: 0:43:20, time (data): 0.314 (0.015)]l_bij: 9.3846e+01 l_orth: 9.9731e+01 l_align: 8.3761e+01 l_qreg: 1.0305e+00 l_total: 2.7837e+02 
2026-06-30 00:05:27,477 INFO: [smal_..][epoch: 12, iter:   9,660, lr:(4.796e-04,4.796e-04,)][eta: 0:43:12, time (data): 0.319 (0.015)]l_bij: 5.8504e+01 l_orth: 7.6369e+01 l_align: 7.5987e+01 l_qreg: 4.8148e-01 l_total: 2.1134e+02 
2026-06-30 00:05:33,750 INFO: [smal_..][epoch: 12, iter:   9,680, lr:(4.796e-04,4.796e-04,)][eta: 0:43:04, time (data): 0.315 (0.015)]l_bij: 8.6149e+01 l_orth: 9.5670e+01 l_align: 7.8234e+01 l_qreg: 7.4832e-01 l_total: 2.6080e+02 
2026-06-30 00:05:40,076 INFO: [smal_..][epoch: 12, iter:   9,700, lr:(4.796e-04,4.796e-04,)][eta: 0:42:56, time (data): 0.316 (0.015)]l_bij: 6.3257e+01 l_orth: 8.0165e+01 l_align: 7.6669e+01 l_qreg: 9.5968e-01 l_total: 2.2105e+02 
2026-06-30 00:05:46,381 INFO: [smal_..][epoch: 12, iter:   9,720, lr:(4.796e-04,4.796e-04,)][eta: 0:42:49, time (data): 0.315 (0.015)]l_bij: 1.0846e+02 l_orth: 1.1283e+02 l_align: 8.5977e+01 l_qreg: 4.5337e-01 l_total: 3.0772e+02 
2026-06-30 00:05:52,608 INFO: [smal_..][epoch: 12, iter:   9,740, lr:(4.796e-04,4.796e-04,)][eta: 0:42:41, time (data): 0.314 (0.014)]l_bij: 9.7677e+01 l_orth: 1.0268e+02 l_align: 8.3370e+01 l_qreg: 5.4254e-01 l_total: 2.8427e+02 
2026-06-30 00:05:58,896 INFO: [smal_..][epoch: 12, iter:   9,760, lr:(4.796e-04,4.796e-04,)][eta: 0:42:33, time (data): 0.314 (0.014)]l_bij: 8.4674e+01 l_orth: 9.5956e+01 l_align: 8.0629e+01 l_qreg: 6.6966e-01 l_total: 2.6193e+02 
2026-06-30 00:06:05,224 INFO: [smal_..][epoch: 12, iter:   9,780, lr:(4.796e-04,4.796e-04,)][eta: 0:42:25, time (data): 0.315 (0.014)]l_bij: 1.0195e+02 l_orth: 1.0678e+02 l_align: 7.8647e+01 l_qreg: 4.4866e-01 l_total: 2.8782e+02 
2026-06-30 00:06:11,482 INFO: [smal_..][epoch: 12, iter:   9,800, lr:(4.796e-04,4.796e-04,)][eta: 0:42:17, time (data): 0.314 (0.014)]l_bij: 7.1989e+01 l_orth: 8.5201e+01 l_align: 7.2574e+01 l_qreg: 4.1192e-01 l_total: 2.3018e+02 
2026-06-30 00:06:17,755 INFO: [smal_..][epoch: 12, iter:   9,820, lr:(4.796e-04,4.796e-04,)][eta: 0:42:09, time (data): 0.314 (0.014)]l_bij: 9.1577e+01 l_orth: 9.6642e+01 l_align: 7.2259e+01 l_qreg: 6.0268e-01 l_total: 2.6108e+02 
2026-06-30 00:06:24,058 INFO: [smal_..][epoch: 12, iter:   9,840, lr:(4.796e-04,4.796e-04,)][eta: 0:42:01, time (data): 0.314 (0.014)]l_bij: 8.5932e+01 l_orth: 9.4629e+01 l_align: 7.5969e+01 l_qreg: 5.1091e-01 l_total: 2.5704e+02 
2026-06-30 00:06:30,284 INFO: [smal_..][epoch: 12, iter:   9,860, lr:(4.796e-04,4.796e-04,)][eta: 0:41:53, time (data): 0.312 (0.015)]l_bij: 8.9084e+01 l_orth: 9.9583e+01 l_align: 8.1396e+01 l_qreg: 6.0282e-01 l_total: 2.7067e+02 
2026-06-30 00:06:36,582 INFO: [smal_..][epoch: 12, iter:   9,880, lr:(4.796e-04,4.796e-04,)][eta: 0:41:45, time (data): 0.314 (0.014)]l_bij: 8.2646e+01 l_orth: 9.2831e+01 l_align: 7.7323e+01 l_qreg: 9.4778e-01 l_total: 2.5375e+02 
2026-06-30 00:06:42,854 INFO: [smal_..][epoch: 12, iter:   9,900, lr:(4.796e-04,4.796e-04,)][eta: 0:41:37, time (data): 0.313 (0.014)]l_bij: 1.0901e+02 l_orth: 1.1238e+02 l_align: 7.9715e+01 l_qreg: 5.2951e-01 l_total: 3.0163e+02 
2026-06-30 00:06:49,255 INFO: [smal_..][epoch: 12, iter:   9,920, lr:(4.796e-04,4.796e-04,)][eta: 0:41:30, time (data): 0.315 (0.015)]l_bij: 9.8285e+01 l_orth: 1.0767e+02 l_align: 8.4189e+01 l_qreg: 5.8664e-01 l_total: 2.9073e+02 
2026-06-30 00:06:55,652 INFO: [smal_..][epoch: 12, iter:   9,940, lr:(4.796e-04,4.796e-04,)][eta: 0:41:22, time (data): 0.316 (0.015)]l_bij: 9.0571e+01 l_orth: 9.7987e+01 l_align: 7.8562e+01 l_qreg: 6.6522e-01 l_total: 2.6778e+02 
2026-06-30 00:07:01,955 INFO: [smal_..][epoch: 12, iter:   9,960, lr:(4.796e-04,4.796e-04,)][eta: 0:41:14, time (data): 0.316 (0.015)]l_bij: 9.9659e+01 l_orth: 1.0693e+02 l_align: 8.2342e+01 l_qreg: 5.2981e-01 l_total: 2.8946e+02 
2026-06-30 00:07:08,114 INFO: [smal_..][epoch: 12, iter:   9,980, lr:(4.796e-04,4.796e-04,)][eta: 0:41:06, time (data): 0.315 (0.015)]l_bij: 5.7008e+01 l_orth: 7.9895e+01 l_align: 8.1151e+01 l_qreg: 1.0480e+00 l_total: 2.1910e+02 
2026-06-30 00:07:14,262 INFO: [smal_..][epoch: 12, iter:  10,000, lr:(4.796e-04,4.796e-04,)][eta: 0:40:58, time (data): 0.314 (0.015)]l_bij: 9.2768e+01 l_orth: 9.9014e+01 l_align: 7.6729e+01 l_qreg: 5.6525e-01 l_total: 2.6908e+02 
2026-06-30 00:07:14,263 INFO: Saving models and training states.
2026-06-30 00:07:14,288 INFO: Start validation.
2026-06-30 00:07:15,168 INFO: avg err:0.0000 | err:0.0000 | cougar_01 cougar_01
2026-06-30 00:07:15,387 INFO: avg err:0.0120 | err:0.0240 | cougar_01 cougar_02
2026-06-30 00:07:15,642 INFO: avg err:0.0129 | err:0.0149 | cougar_01 cougar_03
2026-06-30 00:07:15,897 INFO: avg err:0.0153 | err:0.0223 | cougar_01 cougar_04
2026-06-30 00:07:16,190 INFO: avg err:0.1622 | err:0.7499 | cougar_01 hippo_01
2026-06-30 00:07:16,466 INFO: avg err:0.2623 | err:0.7629 | cougar_01 hippo_02
2026-06-30 00:07:16,684 INFO: avg err:0.3301 | err:0.7364 | cougar_01 hippo_03
2026-06-30 00:07:16,914 INFO: avg err:0.3927 | err:0.8314 | cougar_01 hippo_04
2026-06-30 00:07:17,196 INFO: avg err:0.3973 | err:0.4341 | cougar_01 hippo_05
2026-06-30 00:07:17,467 INFO: avg err:0.4253 | err:0.6768 | cougar_01 hippo_06
2026-06-30 00:07:17,799 INFO: avg err:0.3895 | err:0.0319 | cougar_01 horse_01
2026-06-30 00:07:18,045 INFO: avg err:0.3595 | err:0.0291 | cougar_01 horse_02
2026-06-30 00:07:18,353 INFO: avg err:0.3339 | err:0.0275 | cougar_01 horse_03
2026-06-30 00:07:18,685 INFO: avg err:0.3124 | err:0.0324 | cougar_01 horse_04
2026-06-30 00:07:18,974 INFO: avg err:0.2942 | err:0.0401 | cougar_01 horse_05
2026-06-30 00:07:19,208 INFO: avg err:0.2781 | err:0.0355 | cougar_01 horse_06
2026-06-30 00:07:19,454 INFO: avg err:0.2638 | err:0.0358 | cougar_01 horse_07
2026-06-30 00:07:19,711 INFO: avg err:0.2507 | err:0.0281 | cougar_01 horse_08
2026-06-30 00:07:20,154 INFO: avg err:0.2425 | err:0.0940 | cougar_01 horse_09
2026-06-30 00:07:20,494 INFO: avg err:0.2379 | err:0.1512 | cougar_01 horse_10
2026-06-30 00:07:20,787 INFO: avg err:0.2276 | err:0.0210 | cougar_02 cougar_01
2026-06-30 00:07:21,036 INFO: avg err:0.2172 | err:0.0000 | cougar_02 cougar_02
2026-06-30 00:07:21,273 INFO: avg err:0.2085 | err:0.0173 | cougar_02 cougar_03
2026-06-30 00:07:21,513 INFO: avg err:0.2011 | err:0.0307 | cougar_02 cougar_04
2026-06-30 00:07:21,811 INFO: avg err:0.2315 | err:0.9598 | cougar_02 hippo_01
2026-06-30 00:07:22,061 INFO: avg err:0.2561 | err:0.8715 | cougar_02 hippo_02
2026-06-30 00:07:22,336 INFO: avg err:0.2742 | err:0.7456 | cougar_02 hippo_03
2026-06-30 00:07:22,655 INFO: avg err:0.3000 | err:0.9965 | cougar_02 hippo_04
2026-06-30 00:07:23,021 INFO: avg err:0.3027 | err:0.3774 | cougar_02 hippo_05
2026-06-30 00:07:23,296 INFO: avg err:0.3157 | err:0.6942 | cougar_02 hippo_06
2026-06-30 00:07:23,625 INFO: avg err:0.3077 | err:0.0671 | cougar_02 horse_01
2026-06-30 00:07:23,866 INFO: avg err:0.2995 | err:0.0457 | cougar_02 horse_02
2026-06-30 00:07:24,175 INFO: avg err:0.2924 | err:0.0639 | cougar_02 horse_03
2026-06-30 00:07:24,458 INFO: avg err:0.2852 | err:0.0478 | cougar_02 horse_04
2026-06-30 00:07:24,722 INFO: avg err:0.2787 | err:0.0564 | cougar_02 horse_05
2026-06-30 00:07:24,992 INFO: avg err:0.2733 | err:0.0865 | cougar_02 horse_06
2026-06-30 00:07:25,240 INFO: avg err:0.2671 | err:0.0427 | cougar_02 horse_07
2026-06-30 00:07:25,461 INFO: avg err:0.2610 | err:0.0363 | cougar_02 horse_08
2026-06-30 00:07:25,684 INFO: avg err:0.2587 | err:0.1704 | cougar_02 horse_09
2026-06-30 00:07:26,219 INFO: avg err:0.2587 | err:0.2605 | cougar_02 horse_10
2026-06-30 00:07:26,509 INFO: avg err:0.2528 | err:0.0138 | cougar_03 cougar_01
2026-06-30 00:07:26,789 INFO: avg err:0.2472 | err:0.0178 | cougar_03 cougar_02
2026-06-30 00:07:27,030 INFO: avg err:0.2414 | err:0.0000 | cougar_03 cougar_03
2026-06-30 00:07:27,360 INFO: avg err:0.2365 | err:0.0227 | cougar_03 cougar_04
2026-06-30 00:07:27,605 INFO: avg err:0.2506 | err:0.8732 | cougar_03 hippo_01
2026-06-30 00:07:27,847 INFO: avg err:0.2623 | err:0.7873 | cougar_03 hippo_02
2026-06-30 00:07:28,181 INFO: avg err:0.2714 | err:0.6926 | cougar_03 hippo_03
2026-06-30 00:07:28,471 INFO: avg err:0.2835 | err:0.8518 | cougar_03 hippo_04
2026-06-30 00:07:28,743 INFO: avg err:0.2877 | err:0.4899 | cougar_03 hippo_05
2026-06-30 00:07:28,970 INFO: avg err:0.2969 | err:0.7457 | cougar_03 hippo_06
2026-06-30 00:07:29,213 INFO: avg err:0.2919 | err:0.0431 | cougar_03 horse_01
2026-06-30 00:07:29,478 INFO: avg err:0.2870 | err:0.0344 | cougar_03 horse_02
2026-06-30 00:07:29,806 INFO: avg err:0.2823 | err:0.0409 | cougar_03 horse_03
2026-06-30 00:07:30,136 INFO: avg err:0.2777 | err:0.0356 | cougar_03 horse_04
2026-06-30 00:07:30,502 INFO: avg err:0.2735 | err:0.0441 | cougar_03 horse_05
2026-06-30 00:07:30,800 INFO: avg err:0.2693 | err:0.0409 | cougar_03 horse_06
2026-06-30 00:07:31,023 INFO: avg err:0.2653 | err:0.0388 | cougar_03 horse_07
2026-06-30 00:07:31,267 INFO: avg err:0.2613 | err:0.0306 | cougar_03 horse_08
2026-06-30 00:07:31,601 INFO: avg err:0.2587 | err:0.1090 | cougar_03 horse_09
2026-06-30 00:07:31,859 INFO: avg err:0.2573 | err:0.1735 | cougar_03 horse_10
2026-06-30 00:07:32,104 INFO: avg err:0.2534 | err:0.0221 | cougar_04 cougar_01
2026-06-30 00:07:32,327 INFO: avg err:0.2499 | err:0.0341 | cougar_04 cougar_02
2026-06-30 00:07:32,586 INFO: avg err:0.2463 | err:0.0227 | cougar_04 cougar_03
2026-06-30 00:07:32,818 INFO: avg err:0.2424 | err:0.0000 | cougar_04 cougar_04
2026-06-30 00:07:33,249 INFO: avg err:0.2497 | err:0.7142 | cougar_04 hippo_01
2026-06-30 00:07:33,555 INFO: avg err:0.2570 | err:0.7311 | cougar_04 hippo_02
2026-06-30 00:07:33,979 INFO: avg err:0.2638 | err:0.7159 | cougar_04 hippo_03
2026-06-30 00:07:34,244 INFO: avg err:0.2715 | err:0.7844 | cougar_04 hippo_04
2026-06-30 00:07:34,482 INFO: avg err:0.2737 | err:0.4233 | cougar_04 hippo_05
2026-06-30 00:07:34,695 INFO: avg err:0.2796 | err:0.6880 | cougar_04 hippo_06
2026-06-30 00:07:35,219 INFO: avg err:0.2760 | err:0.0276 | cougar_04 horse_01
2026-06-30 00:07:35,454 INFO: avg err:0.2727 | err:0.0338 | cougar_04 horse_02
2026-06-30 00:07:35,733 INFO: avg err:0.2693 | err:0.0283 | cougar_04 horse_03
2026-06-30 00:07:35,998 INFO: avg err:0.2662 | err:0.0378 | cougar_04 horse_04
2026-06-30 00:07:36,498 INFO: avg err:0.2631 | err:0.0372 | cougar_04 horse_05
2026-06-30 00:07:36,755 INFO: avg err:0.2602 | err:0.0383 | cougar_04 horse_06
2026-06-30 00:07:37,016 INFO: avg err:0.2572 | err:0.0315 | cougar_04 horse_07
2026-06-30 00:07:37,279 INFO: avg err:0.2543 | err:0.0321 | cougar_04 horse_08
2026-06-30 00:07:37,531 INFO: avg err:0.2522 | err:0.0885 | cougar_04 horse_09
2026-06-30 00:07:37,821 INFO: avg err:0.2509 | err:0.1474 | cougar_04 horse_10
2026-06-30 00:07:38,243 INFO: avg err:0.2546 | err:0.5521 | hippo_01 cougar_01
2026-06-30 00:07:38,478 INFO: avg err:0.2588 | err:0.5926 | hippo_01 cougar_02
2026-06-30 00:07:38,839 INFO: avg err:0.2624 | err:0.5591 | hippo_01 cougar_03
2026-06-30 00:07:39,139 INFO: avg err:0.2662 | err:0.5851 | hippo_01 cougar_04
2026-06-30 00:07:39,466 INFO: avg err:0.2631 | err:0.0000 | hippo_01 hippo_01
2026-06-30 00:07:39,774 INFO: avg err:0.2613 | err:0.1067 | hippo_01 hippo_02
2026-06-30 00:07:40,096 INFO: avg err:0.2602 | err:0.1703 | hippo_01 hippo_03
2026-06-30 00:07:40,373 INFO: avg err:0.2574 | err:0.0131 | hippo_01 hippo_04
2026-06-30 00:07:40,625 INFO: avg err:0.2563 | err:0.1608 | hippo_01 hippo_05
2026-06-30 00:07:40,845 INFO: avg err:0.2545 | err:0.0947 | hippo_01 hippo_06
2026-06-30 00:07:41,089 INFO: avg err:0.2579 | err:0.5589 | hippo_01 horse_01
2026-06-30 00:07:41,346 INFO: avg err:0.2610 | err:0.5411 | hippo_01 horse_02
2026-06-30 00:07:41,594 INFO: avg err:0.2642 | err:0.5655 | hippo_01 horse_03
2026-06-30 00:07:41,810 INFO: avg err:0.2672 | err:0.5466 | hippo_01 horse_04
2026-06-30 00:07:42,044 INFO: avg err:0.2704 | err:0.5670 | hippo_01 horse_05
2026-06-30 00:07:42,307 INFO: avg err:0.2732 | err:0.5448 | hippo_01 horse_06
2026-06-30 00:07:42,553 INFO: avg err:0.2759 | err:0.5328 | hippo_01 horse_07
2026-06-30 00:07:42,778 INFO: avg err:0.2788 | err:0.5539 | hippo_01 horse_08
2026-06-30 00:07:43,176 INFO: avg err:0.2807 | err:0.4731 | hippo_01 horse_09
2026-06-30 00:07:43,509 INFO: avg err:0.2822 | err:0.4266 | hippo_01 horse_10
2026-06-30 00:07:43,834 INFO: avg err:0.2841 | err:0.4754 | hippo_02 cougar_01
2026-06-30 00:07:44,170 INFO: avg err:0.2860 | err:0.4790 | hippo_02 cougar_02
2026-06-30 00:07:44,500 INFO: avg err:0.2878 | err:0.4733 | hippo_02 cougar_03
2026-06-30 00:07:44,734 INFO: avg err:0.2897 | err:0.4834 | hippo_02 cougar_04
2026-06-30 00:07:44,968 INFO: avg err:0.2876 | err:0.0633 | hippo_02 hippo_01
2026-06-30 00:07:45,214 INFO: avg err:0.2848 | err:0.0000 | hippo_02 hippo_02
2026-06-30 00:07:45,519 INFO: avg err:0.2831 | err:0.0965 | hippo_02 hippo_03
2026-06-30 00:07:45,759 INFO: avg err:0.2809 | err:0.0474 | hippo_02 hippo_04
2026-06-30 00:07:45,990 INFO: avg err:0.2802 | err:0.2043 | hippo_02 hippo_05
2026-06-30 00:07:46,222 INFO: avg err:0.2783 | err:0.0667 | hippo_02 hippo_06
2026-06-30 00:07:46,564 INFO: avg err:0.2802 | err:0.4894 | hippo_02 horse_01
2026-06-30 00:07:46,796 INFO: avg err:0.2821 | err:0.4937 | hippo_02 horse_02
2026-06-30 00:07:47,046 INFO: avg err:0.2840 | err:0.4983 | hippo_02 horse_03
2026-06-30 00:07:47,461 INFO: avg err:0.2859 | err:0.4987 | hippo_02 horse_04
2026-06-30 00:07:47,668 INFO: avg err:0.2877 | err:0.5032 | hippo_02 horse_05
2026-06-30 00:07:48,206 INFO: avg err:0.2895 | err:0.4899 | hippo_02 horse_06
2026-06-30 00:07:48,462 INFO: avg err:0.2911 | err:0.4799 | hippo_02 horse_07
2026-06-30 00:07:48,769 INFO: avg err:0.2928 | err:0.4896 | hippo_02 horse_08
2026-06-30 00:07:49,060 INFO: avg err:0.2942 | err:0.4578 | hippo_02 horse_09
2026-06-30 00:07:49,350 INFO: avg err:0.2956 | err:0.4652 | hippo_02 horse_10
2026-06-30 00:07:49,601 INFO: avg err:0.2968 | err:0.4418 | hippo_03 cougar_01
2026-06-30 00:07:49,874 INFO: avg err:0.2983 | err:0.4720 | hippo_03 cougar_02
2026-06-30 00:07:50,102 INFO: avg err:0.2995 | err:0.4469 | hippo_03 cougar_03
2026-06-30 00:07:50,457 INFO: avg err:0.3007 | err:0.4474 | hippo_03 cougar_04
2026-06-30 00:07:50,723 INFO: avg err:0.2993 | err:0.1323 | hippo_03 hippo_01
2026-06-30 00:07:50,965 INFO: avg err:0.2978 | err:0.1088 | hippo_03 hippo_02
2026-06-30 00:07:51,217 INFO: avg err:0.2955 | err:0.0000 | hippo_03 hippo_03
2026-06-30 00:07:51,462 INFO: avg err:0.2943 | err:0.1498 | hippo_03 hippo_04
2026-06-30 00:07:51,712 INFO: avg err:0.2937 | err:0.2196 | hippo_03 hippo_05
2026-06-30 00:07:51,961 INFO: avg err:0.2926 | err:0.1398 | hippo_03 hippo_06
2026-06-30 00:07:52,198 INFO: avg err:0.2934 | err:0.3980 | hippo_03 horse_01
2026-06-30 00:07:52,438 INFO: avg err:0.2942 | err:0.4045 | hippo_03 horse_02
2026-06-30 00:07:52,693 INFO: avg err:0.2951 | err:0.4146 | hippo_03 horse_03
2026-06-30 00:07:52,937 INFO: avg err:0.2960 | err:0.4120 | hippo_03 horse_04
2026-06-30 00:07:53,161 INFO: avg err:0.2971 | err:0.4497 | hippo_03 horse_05
2026-06-30 00:07:53,588 INFO: avg err:0.2983 | err:0.4568 | hippo_03 horse_06
2026-06-30 00:07:53,794 INFO: avg err:0.2992 | err:0.4170 | hippo_03 horse_07
2026-06-30 00:07:54,376 INFO: avg err:0.3002 | err:0.4427 | hippo_03 horse_08
2026-06-30 00:07:54,605 INFO: avg err:0.3010 | err:0.4150 | hippo_03 horse_09
2026-06-30 00:07:54,861 INFO: avg err:0.3017 | err:0.3993 | hippo_03 horse_10
2026-06-30 00:07:55,128 INFO: avg err:0.3037 | err:0.5740 | hippo_04 cougar_01
2026-06-30 00:07:55,408 INFO: avg err:0.3056 | err:0.5828 | hippo_04 cougar_02
2026-06-30 00:07:55,655 INFO: avg err:0.3077 | err:0.5982 | hippo_04 cougar_03
2026-06-30 00:07:55,898 INFO: avg err:0.3095 | err:0.5741 | hippo_04 cougar_04
2026-06-30 00:07:56,209 INFO: avg err:0.3075 | err:0.0147 | hippo_04 hippo_01
2026-06-30 00:07:56,457 INFO: avg err:0.3057 | err:0.0509 | hippo_04 hippo_02
2026-06-30 00:07:56,669 INFO: avg err:0.3044 | err:0.1131 | hippo_04 hippo_03
2026-06-30 00:07:57,101 INFO: avg err:0.3024 | err:0.0000 | hippo_04 hippo_04
2026-06-30 00:07:57,439 INFO: avg err:0.3014 | err:0.1577 | hippo_04 hippo_05
2026-06-30 00:07:57,791 INFO: avg err:0.3004 | err:0.1460 | hippo_04 hippo_06
2026-06-30 00:07:58,063 INFO: avg err:0.3022 | err:0.5726 | hippo_04 horse_01
2026-06-30 00:07:58,513 INFO: avg err:0.3037 | err:0.5403 | hippo_04 horse_02
2026-06-30 00:07:58,761 INFO: avg err:0.3054 | err:0.5573 | hippo_04 horse_03
2026-06-30 00:07:59,112 INFO: avg err:0.3070 | err:0.5490 | hippo_04 horse_04
2026-06-30 00:07:59,421 INFO: avg err:0.3087 | err:0.5747 | hippo_04 horse_05
2026-06-30 00:07:59,672 INFO: avg err:0.3101 | err:0.5368 | hippo_04 horse_06
2026-06-30 00:07:59,936 INFO: avg err:0.3116 | err:0.5376 | hippo_04 horse_07
2026-06-30 00:08:00,219 INFO: avg err:0.3132 | err:0.5690 | hippo_04 horse_08
2026-06-30 00:08:00,472 INFO: avg err:0.3141 | err:0.4466 | hippo_04 horse_09
2026-06-30 00:08:00,764 INFO: avg err:0.3146 | err:0.4014 | hippo_04 horse_10
2026-06-30 00:08:01,062 INFO: avg err:0.3143 | err:0.2642 | hippo_05 cougar_01
2026-06-30 00:08:01,327 INFO: avg err:0.3143 | err:0.3222 | hippo_05 cougar_02
2026-06-30 00:08:01,549 INFO: avg err:0.3140 | err:0.2507 | hippo_05 cougar_03
2026-06-30 00:08:01,833 INFO: avg err:0.3137 | err:0.2759 | hippo_05 cougar_04
2026-06-30 00:08:02,071 INFO: avg err:0.3127 | err:0.1504 | hippo_05 hippo_01
2026-06-30 00:08:02,413 INFO: avg err:0.3121 | err:0.2085 | hippo_05 hippo_02
2026-06-30 00:08:02,660 INFO: avg err:0.3116 | err:0.2238 | hippo_05 hippo_03
2026-06-30 00:08:02,913 INFO: avg err:0.3108 | err:0.1877 | hippo_05 hippo_04
2026-06-30 00:08:03,153 INFO: avg err:0.3090 | err:0.0000 | hippo_05 hippo_05
2026-06-30 00:08:03,398 INFO: avg err:0.3081 | err:0.1536 | hippo_05 hippo_06
2026-06-30 00:08:03,624 INFO: avg err:0.3079 | err:0.2842 | hippo_05 horse_01
2026-06-30 00:08:03,862 INFO: avg err:0.3079 | err:0.3048 | hippo_05 horse_02
2026-06-30 00:08:04,110 INFO: avg err:0.3079 | err:0.2974 | hippo_05 horse_03
2026-06-30 00:08:04,353 INFO: avg err:0.3078 | err:0.2909 | hippo_05 horse_04
2026-06-30 00:08:04,594 INFO: avg err:0.3078 | err:0.3104 | hippo_05 horse_05
2026-06-30 00:08:04,815 INFO: avg err:0.3078 | err:0.3068 | hippo_05 horse_06
2026-06-30 00:08:05,124 INFO: avg err:0.3076 | err:0.2729 | hippo_05 horse_07
2026-06-30 00:08:05,348 INFO: avg err:0.3075 | err:0.2959 | hippo_05 horse_08
2026-06-30 00:08:05,631 INFO: avg err:0.3072 | err:0.2583 | hippo_05 horse_09
2026-06-30 00:08:05,870 INFO: avg err:0.3070 | err:0.2694 | hippo_05 horse_10
2026-06-30 00:08:06,145 INFO: avg err:0.3075 | err:0.3976 | hippo_06 cougar_01
2026-06-30 00:08:06,507 INFO: avg err:0.3084 | err:0.4719 | hippo_06 cougar_02
2026-06-30 00:08:06,785 INFO: avg err:0.3090 | err:0.4071 | hippo_06 cougar_03
2026-06-30 00:08:07,033 INFO: avg err:0.3095 | err:0.3973 | hippo_06 cougar_04
2026-06-30 00:08:07,401 INFO: avg err:0.3080 | err:0.0442 | hippo_06 hippo_01
2026-06-30 00:08:07,650 INFO: avg err:0.3067 | err:0.0592 | hippo_06 hippo_02
2026-06-30 00:08:07,909 INFO: avg err:0.3059 | err:0.1583 | hippo_06 hippo_03
2026-06-30 00:08:08,214 INFO: avg err:0.3051 | err:0.1505 | hippo_06 hippo_04
2026-06-30 00:08:08,471 INFO: avg err:0.3041 | err:0.1187 | hippo_06 hippo_05
2026-06-30 00:08:08,764 INFO: avg err:0.3025 | err:0.0000 | hippo_06 hippo_06
2026-06-30 00:08:09,072 INFO: avg err:0.3031 | err:0.4240 | hippo_06 horse_01
2026-06-30 00:08:09,356 INFO: avg err:0.3039 | err:0.4529 | hippo_06 horse_02
2026-06-30 00:08:09,601 INFO: avg err:0.3046 | err:0.4410 | hippo_06 horse_03
2026-06-30 00:08:09,948 INFO: avg err:0.3052 | err:0.4296 | hippo_06 horse_04
2026-06-30 00:08:10,255 INFO: avg err:0.3060 | err:0.4448 | hippo_06 horse_05
2026-06-30 00:08:10,507 INFO: avg err:0.3067 | err:0.4464 | hippo_06 horse_06
2026-06-30 00:08:10,745 INFO: avg err:0.3073 | err:0.4209 | hippo_06 horse_07
2026-06-30 00:08:11,063 INFO: avg err:0.3078 | err:0.4166 | hippo_06 horse_08
2026-06-30 00:08:11,309 INFO: avg err:0.3082 | err:0.3760 | hippo_06 horse_09
2026-06-30 00:08:11,631 INFO: avg err:0.3085 | err:0.3725 | hippo_06 horse_10
2026-06-30 00:08:12,030 INFO: avg err:0.3071 | err:0.0332 | horse_01 cougar_01
2026-06-30 00:08:12,250 INFO: avg err:0.3058 | err:0.0460 | horse_01 cougar_02
2026-06-30 00:08:12,491 INFO: avg err:0.3045 | err:0.0375 | horse_01 cougar_03
2026-06-30 00:08:12,745 INFO: avg err:0.3031 | err:0.0288 | horse_01 cougar_04
2026-06-30 00:08:13,071 INFO: avg err:0.3054 | err:0.7601 | horse_01 hippo_01
2026-06-30 00:08:13,295 INFO: avg err:0.3073 | err:0.7091 | horse_01 hippo_02
2026-06-30 00:08:13,574 INFO: avg err:0.3091 | err:0.6707 | horse_01 hippo_03
2026-06-30 00:08:13,834 INFO: avg err:0.3114 | err:0.7941 | horse_01 hippo_04
2026-06-30 00:08:14,104 INFO: avg err:0.3121 | err:0.4466 | horse_01 hippo_05
2026-06-30 00:08:14,375 INFO: avg err:0.3139 | err:0.6880 | horse_01 hippo_06
2026-06-30 00:08:14,763 INFO: avg err:0.3124 | err:0.0000 | horse_01 horse_01
2026-06-30 00:08:15,021 INFO: avg err:0.3110 | err:0.0177 | horse_01 horse_02
2026-06-30 00:08:15,333 INFO: avg err:0.3096 | err:0.0127 | horse_01 horse_03
2026-06-30 00:08:15,578 INFO: avg err:0.3082 | err:0.0205 | horse_01 horse_04
2026-06-30 00:08:16,017 INFO: avg err:0.3069 | err:0.0223 | horse_01 horse_05
2026-06-30 00:08:16,256 INFO: avg err:0.3056 | err:0.0219 | horse_01 horse_06
2026-06-30 00:08:16,634 INFO: avg err:0.3043 | err:0.0187 | horse_01 horse_07
2026-06-30 00:08:16,959 INFO: avg err:0.3029 | err:0.0171 | horse_01 horse_08
2026-06-30 00:08:17,317 INFO: avg err:0.3019 | err:0.0799 | horse_01 horse_09
2026-06-30 00:08:17,529 INFO: avg err:0.3011 | err:0.1276 | horse_01 horse_10
2026-06-30 00:08:17,940 INFO: avg err:0.2999 | err:0.0305 | horse_02 cougar_01
2026-06-30 00:08:18,213 INFO: avg err:0.2987 | err:0.0421 | horse_02 cougar_02
2026-06-30 00:08:18,538 INFO: avg err:0.2975 | err:0.0326 | horse_02 cougar_03
2026-06-30 00:08:18,779 INFO: avg err:0.2964 | err:0.0340 | horse_02 cougar_04
2026-06-30 00:08:19,047 INFO: avg err:0.2986 | err:0.7894 | horse_02 hippo_01
2026-06-30 00:08:19,285 INFO: avg err:0.3006 | err:0.7525 | horse_02 hippo_02
2026-06-30 00:08:19,594 INFO: avg err:0.3022 | err:0.6726 | horse_02 hippo_03
2026-06-30 00:08:19,824 INFO: avg err:0.3044 | err:0.7906 | horse_02 hippo_04
2026-06-30 00:08:20,133 INFO: avg err:0.3050 | err:0.4616 | horse_02 hippo_05
2026-06-30 00:08:20,445 INFO: avg err:0.3067 | err:0.6935 | horse_02 hippo_06
2026-06-30 00:08:20,786 INFO: avg err:0.3055 | err:0.0183 | horse_02 horse_01
2026-06-30 00:08:20,998 INFO: avg err:0.3042 | err:0.0000 | horse_02 horse_02
2026-06-30 00:08:21,245 INFO: avg err:0.3029 | err:0.0122 | horse_02 horse_03
2026-06-30 00:08:21,508 INFO: avg err:0.3017 | err:0.0137 | horse_02 horse_04
2026-06-30 00:08:21,924 INFO: avg err:0.3005 | err:0.0218 | horse_02 horse_05
2026-06-30 00:08:22,193 INFO: avg err:0.2993 | err:0.0205 | horse_02 horse_06
2026-06-30 00:08:22,509 INFO: avg err:0.2981 | err:0.0247 | horse_02 horse_07
2026-06-30 00:08:22,733 INFO: avg err:0.2969 | err:0.0126 | horse_02 horse_08
2026-06-30 00:08:23,127 INFO: avg err:0.2960 | err:0.0818 | horse_02 horse_09
2026-06-30 00:08:23,386 INFO: avg err:0.2954 | err:0.1413 | horse_02 horse_10
2026-06-30 00:08:23,818 INFO: avg err:0.2943 | err:0.0288 | horse_03 cougar_01
2026-06-30 00:08:24,056 INFO: avg err:0.2932 | err:0.0426 | horse_03 cougar_02
2026-06-30 00:08:24,530 INFO: avg err:0.2922 | err:0.0332 | horse_03 cougar_03
2026-06-30 00:08:24,782 INFO: avg err:0.2911 | err:0.0310 | horse_03 cougar_04
2026-06-30 00:08:25,096 INFO: avg err:0.2927 | err:0.6826 | horse_03 hippo_01
2026-06-30 00:08:25,375 INFO: avg err:0.2944 | err:0.7200 | horse_03 hippo_02
2026-06-30 00:08:25,658 INFO: avg err:0.2958 | err:0.6272 | horse_03 hippo_03
2026-06-30 00:08:25,965 INFO: avg err:0.2976 | err:0.7347 | horse_03 hippo_04
2026-06-30 00:08:26,299 INFO: avg err:0.2981 | err:0.4376 | horse_03 hippo_05
2026-06-30 00:08:26,616 INFO: avg err:0.2998 | err:0.7083 | horse_03 hippo_06
2026-06-30 00:08:26,965 INFO: avg err:0.2986 | err:0.0127 | horse_03 horse_01
2026-06-30 00:08:27,217 INFO: avg err:0.2975 | err:0.0126 | horse_03 horse_02
2026-06-30 00:08:27,523 INFO: avg err:0.2963 | err:0.0000 | horse_03 horse_03
2026-06-30 00:08:27,753 INFO: avg err:0.2952 | err:0.0172 | horse_03 horse_04
2026-06-30 00:08:27,981 INFO: avg err:0.2941 | err:0.0204 | horse_03 horse_05
2026-06-30 00:08:28,261 INFO: avg err:0.2931 | err:0.0201 | horse_03 horse_06
2026-06-30 00:08:28,602 INFO: avg err:0.2920 | err:0.0234 | horse_03 horse_07
2026-06-30 00:08:28,913 INFO: avg err:0.2909 | err:0.0132 | horse_03 horse_08
2026-06-30 00:08:29,178 INFO: avg err:0.2901 | err:0.0767 | horse_03 horse_09
2026-06-30 00:08:29,433 INFO: avg err:0.2895 | err:0.1334 | horse_03 horse_10
2026-06-30 00:08:29,661 INFO: avg err:0.2885 | err:0.0326 | horse_04 cougar_01
2026-06-30 00:08:29,876 INFO: avg err:0.2876 | err:0.0429 | horse_04 cougar_02
2026-06-30 00:08:30,143 INFO: avg err:0.2866 | err:0.0347 | horse_04 cougar_03
2026-06-30 00:08:30,389 INFO: avg err:0.2857 | err:0.0375 | horse_04 cougar_04
2026-06-30 00:08:30,634 INFO: avg err:0.2876 | err:0.7965 | horse_04 hippo_01
2026-06-30 00:08:30,890 INFO: avg err:0.2895 | err:0.8028 | horse_04 hippo_02
2026-06-30 00:08:31,174 INFO: avg err:0.2915 | err:0.8049 | horse_04 hippo_03
2026-06-30 00:08:31,426 INFO: avg err:0.2936 | err:0.8520 | horse_04 hippo_04
2026-06-30 00:08:31,650 INFO: avg err:0.2941 | err:0.4398 | horse_04 hippo_05
2026-06-30 00:08:31,952 INFO: avg err:0.2956 | err:0.6978 | horse_04 hippo_06
2026-06-30 00:08:32,208 INFO: avg err:0.2946 | err:0.0192 | horse_04 horse_01
2026-06-30 00:08:32,491 INFO: avg err:0.2935 | err:0.0137 | horse_04 horse_02
2026-06-30 00:08:32,754 INFO: avg err:0.2925 | err:0.0162 | horse_04 horse_03
2026-06-30 00:08:33,146 INFO: avg err:0.2915 | err:0.0000 | horse_04 horse_04
2026-06-30 00:08:33,354 INFO: avg err:0.2905 | err:0.0220 | horse_04 horse_05
2026-06-30 00:08:33,634 INFO: avg err:0.2895 | err:0.0241 | horse_04 horse_06
2026-06-30 00:08:33,892 INFO: avg err:0.2886 | err:0.0256 | horse_04 horse_07
2026-06-30 00:08:34,314 INFO: avg err:0.2876 | err:0.0175 | horse_04 horse_08
2026-06-30 00:08:34,521 INFO: avg err:0.2868 | err:0.0677 | horse_04 horse_09
2026-06-30 00:08:35,020 INFO: avg err:0.2863 | err:0.1429 | horse_04 horse_10
2026-06-30 00:08:35,254 INFO: avg err:0.2854 | err:0.0338 | horse_05 cougar_01
2026-06-30 00:08:35,597 INFO: avg err:0.2845 | err:0.0406 | horse_05 cougar_02
2026-06-30 00:08:35,914 INFO: avg err:0.2836 | err:0.0341 | horse_05 cougar_03
2026-06-30 00:08:36,148 INFO: avg err:0.2828 | err:0.0343 | horse_05 cougar_04
2026-06-30 00:08:36,368 INFO: avg err:0.2845 | err:0.7877 | horse_05 hippo_01
2026-06-30 00:08:36,677 INFO: avg err:0.2862 | err:0.7734 | horse_05 hippo_02
2026-06-30 00:08:36,972 INFO: avg err:0.2877 | err:0.7197 | horse_05 hippo_03
2026-06-30 00:08:37,221 INFO: avg err:0.2895 | err:0.8052 | horse_05 hippo_04
2026-06-30 00:08:37,458 INFO: avg err:0.2900 | err:0.4129 | horse_05 hippo_05
2026-06-30 00:08:37,791 INFO: avg err:0.2913 | err:0.6856 | horse_05 hippo_06
2026-06-30 00:08:38,002 INFO: avg err:0.2904 | err:0.0207 | horse_05 horse_01
2026-06-30 00:08:38,393 INFO: avg err:0.2895 | err:0.0198 | horse_05 horse_02
2026-06-30 00:08:38,713 INFO: avg err:0.2886 | err:0.0185 | horse_05 horse_03
2026-06-30 00:08:38,986 INFO: avg err:0.2876 | err:0.0206 | horse_05 horse_04
2026-06-30 00:08:39,212 INFO: avg err:0.2867 | err:0.0000 | horse_05 horse_05
2026-06-30 00:08:39,460 INFO: avg err:0.2858 | err:0.0254 | horse_05 horse_06
2026-06-30 00:08:39,710 INFO: avg err:0.2849 | err:0.0264 | horse_05 horse_07
2026-06-30 00:08:39,958 INFO: avg err:0.2840 | err:0.0202 | horse_05 horse_08
2026-06-30 00:08:40,180 INFO: avg err:0.2833 | err:0.0703 | horse_05 horse_09
2026-06-30 00:08:40,470 INFO: avg err:0.2829 | err:0.1502 | horse_05 horse_10
2026-06-30 00:08:40,832 INFO: avg err:0.2820 | err:0.0341 | horse_06 cougar_01
2026-06-30 00:08:41,077 INFO: avg err:0.2812 | err:0.0416 | horse_06 cougar_02
2026-06-30 00:08:41,321 INFO: avg err:0.2804 | err:0.0364 | horse_06 cougar_03
2026-06-30 00:08:41,578 INFO: avg err:0.2796 | err:0.0355 | horse_06 cougar_04
2026-06-30 00:08:42,051 INFO: avg err:0.2815 | err:0.8440 | horse_06 hippo_01
2026-06-30 00:08:42,338 INFO: avg err:0.2834 | err:0.8552 | horse_06 hippo_02
2026-06-30 00:08:42,616 INFO: avg err:0.2846 | err:0.6752 | horse_06 hippo_03
2026-06-30 00:08:42,846 INFO: avg err:0.2865 | err:0.8610 | horse_06 hippo_04
2026-06-30 00:08:43,183 INFO: avg err:0.2867 | err:0.3543 | horse_06 hippo_05
2026-06-30 00:08:43,529 INFO: avg err:0.2878 | err:0.6339 | horse_06 hippo_06
2026-06-30 00:08:43,855 INFO: avg err:0.2870 | err:0.0235 | horse_06 horse_01
2026-06-30 00:08:44,087 INFO: avg err:0.2861 | err:0.0182 | horse_06 horse_02
2026-06-30 00:08:44,564 INFO: avg err:0.2853 | err:0.0179 | horse_06 horse_03
2026-06-30 00:08:44,775 INFO: avg err:0.2844 | err:0.0238 | horse_06 horse_04
2026-06-30 00:08:45,174 INFO: avg err:0.2836 | err:0.0261 | horse_06 horse_05
2026-06-30 00:08:45,420 INFO: avg err:0.2827 | err:0.0000 | horse_06 horse_06
2026-06-30 00:08:45,866 INFO: avg err:0.2819 | err:0.0179 | horse_06 horse_07
2026-06-30 00:08:46,080 INFO: avg err:0.2811 | err:0.0189 | horse_06 horse_08
2026-06-30 00:08:46,429 INFO: avg err:0.2804 | err:0.0633 | horse_06 horse_09
2026-06-30 00:08:46,689 INFO: avg err:0.2802 | err:0.2176 | horse_06 horse_10
2026-06-30 00:08:47,032 INFO: avg err:0.2794 | err:0.0339 | horse_07 cougar_01
2026-06-30 00:08:47,288 INFO: avg err:0.2787 | err:0.0437 | horse_07 cougar_02
2026-06-30 00:08:47,622 INFO: avg err:0.2779 | err:0.0360 | horse_07 cougar_03
2026-06-30 00:08:47,874 INFO: avg err:0.2772 | err:0.0296 | horse_07 cougar_04
2026-06-30 00:08:48,121 INFO: avg err:0.2787 | err:0.7886 | horse_07 hippo_01
2026-06-30 00:08:48,347 INFO: avg err:0.2805 | err:0.8374 | horse_07 hippo_02
2026-06-30 00:08:48,712 INFO: avg err:0.2817 | err:0.6981 | horse_07 hippo_03
2026-06-30 00:08:49,009 INFO: avg err:0.2835 | err:0.8647 | horse_07 hippo_04
2026-06-30 00:08:49,273 INFO: avg err:0.2842 | err:0.5067 | horse_07 hippo_05
2026-06-30 00:08:49,504 INFO: avg err:0.2858 | err:0.8127 | horse_07 hippo_06
2026-06-30 00:08:49,780 INFO: avg err:0.2850 | err:0.0173 | horse_07 horse_01
2026-06-30 00:08:50,042 INFO: avg err:0.2842 | err:0.0220 | horse_07 horse_02
2026-06-30 00:08:50,391 INFO: avg err:0.2834 | err:0.0226 | horse_07 horse_03
2026-06-30 00:08:50,666 INFO: avg err:0.2826 | err:0.0241 | horse_07 horse_04
2026-06-30 00:08:50,969 INFO: avg err:0.2819 | err:0.0256 | horse_07 horse_05
2026-06-30 00:08:51,232 INFO: avg err:0.2811 | err:0.0188 | horse_07 horse_06
2026-06-30 00:08:51,461 INFO: avg err:0.2802 | err:0.0000 | horse_07 horse_07
2026-06-30 00:08:51,695 INFO: avg err:0.2795 | err:0.0206 | horse_07 horse_08
2026-06-30 00:08:51,976 INFO: avg err:0.2788 | err:0.0569 | horse_07 horse_09
2026-06-30 00:08:52,213 INFO: avg err:0.2784 | err:0.1498 | horse_07 horse_10
2026-06-30 00:08:52,468 INFO: avg err:0.2777 | err:0.0286 | horse_08 cougar_01
2026-06-30 00:08:52,722 INFO: avg err:0.2770 | err:0.0385 | horse_08 cougar_02
2026-06-30 00:08:53,065 INFO: avg err:0.2763 | err:0.0321 | horse_08 cougar_03
2026-06-30 00:08:53,328 INFO: avg err:0.2756 | err:0.0324 | horse_08 cougar_04
2026-06-30 00:08:53,598 INFO: avg err:0.2769 | err:0.7414 | horse_08 hippo_01
2026-06-30 00:08:53,933 INFO: avg err:0.2784 | err:0.7970 | horse_08 hippo_02
2026-06-30 00:08:54,215 INFO: avg err:0.2798 | err:0.7554 | horse_08 hippo_03
2026-06-30 00:08:54,510 INFO: avg err:0.2814 | err:0.8220 | horse_08 hippo_04
2026-06-30 00:08:54,786 INFO: avg err:0.2819 | err:0.4566 | horse_08 hippo_05
2026-06-30 00:08:55,033 INFO: avg err:0.2831 | err:0.7003 | horse_08 hippo_06
2026-06-30 00:08:55,306 INFO: avg err:0.2823 | err:0.0172 | horse_08 horse_01
2026-06-30 00:08:55,549 INFO: avg err:0.2815 | err:0.0122 | horse_08 horse_02
2026-06-30 00:08:56,062 INFO: avg err:0.2808 | err:0.0138 | horse_08 horse_03
2026-06-30 00:08:56,336 INFO: avg err:0.2800 | err:0.0183 | horse_08 horse_04
2026-06-30 00:08:56,610 INFO: avg err:0.2793 | err:0.0222 | horse_08 horse_05
2026-06-30 00:08:56,883 INFO: avg err:0.2786 | err:0.0216 | horse_08 horse_06
2026-06-30 00:08:57,114 INFO: avg err:0.2779 | err:0.0230 | horse_08 horse_07
2026-06-30 00:08:57,401 INFO: avg err:0.2771 | err:0.0000 | horse_08 horse_08
2026-06-30 00:08:57,890 INFO: avg err:0.2765 | err:0.0667 | horse_08 horse_09
2026-06-30 00:08:58,120 INFO: avg err:0.2761 | err:0.1349 | horse_08 horse_10
2026-06-30 00:08:58,407 INFO: avg err:0.2755 | err:0.0398 | horse_09 cougar_01
2026-06-30 00:08:58,701 INFO: avg err:0.2749 | err:0.0603 | horse_09 cougar_02
2026-06-30 00:08:58,945 INFO: avg err:0.2742 | err:0.0440 | horse_09 cougar_03
2026-06-30 00:08:59,164 INFO: avg err:0.2736 | err:0.0414 | horse_09 cougar_04
2026-06-30 00:08:59,435 INFO: avg err:0.2744 | err:0.5655 | horse_09 hippo_01
2026-06-30 00:08:59,695 INFO: avg err:0.2755 | err:0.6837 | horse_09 hippo_02
2026-06-30 00:09:00,201 INFO: avg err:0.2763 | err:0.5835 | horse_09 hippo_03
2026-06-30 00:09:00,544 INFO: avg err:0.2775 | err:0.6906 | horse_09 hippo_04
2026-06-30 00:09:00,939 INFO: avg err:0.2779 | err:0.4164 | horse_09 hippo_05
2026-06-30 00:09:01,181 INFO: avg err:0.2787 | err:0.5866 | horse_09 hippo_06
2026-06-30 00:09:01,475 INFO: avg err:0.2780 | err:0.0189 | horse_09 horse_01
2026-06-30 00:09:01,685 INFO: avg err:0.2773 | err:0.0164 | horse_09 horse_02
2026-06-30 00:09:01,941 INFO: avg err:0.2766 | err:0.0166 | horse_09 horse_03
2026-06-30 00:09:02,215 INFO: avg err:0.2759 | err:0.0219 | horse_09 horse_04
2026-06-30 00:09:02,480 INFO: avg err:0.2752 | err:0.0253 | horse_09 horse_05
2026-06-30 00:09:02,720 INFO: avg err:0.2746 | err:0.0383 | horse_09 horse_06
2026-06-30 00:09:02,969 INFO: avg err:0.2740 | err:0.0286 | horse_09 horse_07
2026-06-30 00:09:03,213 INFO: avg err:0.2733 | err:0.0212 | horse_09 horse_08
2026-06-30 00:09:03,610 INFO: avg err:0.2726 | err:0.0000 | horse_09 horse_09
2026-06-30 00:09:03,931 INFO: avg err:0.2721 | err:0.0945 | horse_09 horse_10
2026-06-30 00:09:04,269 INFO: avg err:0.2718 | err:0.1449 | horse_10 cougar_01
2026-06-30 00:09:04,518 INFO: avg err:0.2715 | err:0.1788 | horse_10 cougar_02
2026-06-30 00:09:04,780 INFO: avg err:0.2712 | err:0.1639 | horse_10 cougar_03
2026-06-30 00:09:05,029 INFO: avg err:0.2710 | err:0.1634 | horse_10 cougar_04
2026-06-30 00:09:05,244 INFO: avg err:0.2719 | err:0.6214 | horse_10 hippo_01
2026-06-30 00:09:05,714 INFO: avg err:0.2728 | err:0.6337 | horse_10 hippo_02
2026-06-30 00:09:05,968 INFO: avg err:0.2735 | err:0.5571 | horse_10 hippo_03
2026-06-30 00:09:06,200 INFO: avg err:0.2744 | err:0.5974 | horse_10 hippo_04
2026-06-30 00:09:06,436 INFO: avg err:0.2748 | err:0.4305 | horse_10 hippo_05
2026-06-30 00:09:06,701 INFO: avg err:0.2755 | err:0.5716 | horse_10 hippo_06
2026-06-30 00:09:06,986 INFO: avg err:0.2749 | err:0.0424 | horse_10 horse_01
2026-06-30 00:09:07,302 INFO: avg err:0.2746 | err:0.1285 | horse_10 horse_02
2026-06-30 00:09:07,651 INFO: avg err:0.2742 | err:0.1140 | horse_10 horse_03
2026-06-30 00:09:07,949 INFO: avg err:0.2736 | err:0.0632 | horse_10 horse_04
2026-06-30 00:09:08,181 INFO: avg err:0.2732 | err:0.1122 | horse_10 horse_05
2026-06-30 00:09:08,465 INFO: avg err:0.2728 | err:0.1114 | horse_10 horse_06
2026-06-30 00:09:08,787 INFO: avg err:0.2723 | err:0.0570 | horse_10 horse_07
2026-06-30 00:09:09,016 INFO: avg err:0.2718 | err:0.0733 | horse_10 horse_08
2026-06-30 00:09:09,242 INFO: avg err:0.2714 | err:0.1115 | horse_10 horse_09
2026-06-30 00:09:09,557 INFO: avg err:0.2707 | err:0.0000 | horse_10 horse_10
2026-06-30 00:09:09,584 INFO: Avg time: 0.1028
2026-06-30 00:09:10,055 INFO: Val auc: 0.5440
2026-06-30 00:09:10,062 INFO: Val avg error: 0.2707
2026-06-30 00:09:10,106 INFO: [ONB diag] max|Q-I|: mean=8.0149e-03 max=9.6128e-03 | max|Φ̃ᵀMΦ̃-I|: mean=7.1302e-07 max=8.3447e-07
2026-06-30 00:09:16,259 INFO: [smal_..][epoch: 12, iter:  10,020, lr:(4.796e-04,4.796e-04,)][eta: 0:42:09, time (data): 0.313 (0.015)]l_bij: 8.1088e+01 l_orth: 9.1798e+01 l_align: 8.0592e+01 l_qreg: 5.7838e-01 l_total: 2.5406e+02 
2026-06-30 00:09:22,499 INFO: [smal_..][epoch: 12, iter:  10,040, lr:(4.796e-04,4.796e-04,)][eta: 0:42:00, time (data): 0.313 (0.015)]l_bij: 6.2859e+01 l_orth: 7.8538e+01 l_align: 7.3482e+01 l_qreg: 5.3018e-01 l_total: 2.1541e+02 
2026-06-30 00:09:28,761 INFO: [smal_..][epoch: 12, iter:  10,060, lr:(4.796e-04,4.796e-04,)][eta: 0:41:52, time (data): 0.312 (0.015)]l_bij: 1.0944e+02 l_orth: 1.1228e+02 l_align: 8.7009e+01 l_qreg: 9.7171e-01 l_total: 3.0970e+02 
2026-06-30 00:09:34,933 INFO: [smal_..][epoch: 12, iter:  10,080, lr:(4.796e-04,4.796e-04,)][eta: 0:41:44, time (data): 0.310 (0.015)]l_bij: 1.0820e+02 l_orth: 1.1026e+02 l_align: 8.5190e+01 l_qreg: 1.2610e+00 l_total: 3.0491e+02 
2026-06-30 00:09:41,374 INFO: [smal_..][epoch: 13, iter:  10,100, lr:(4.109e-04,4.109e-04,)][eta: 0:41:36, time (data): 0.314 (0.020)]l_bij: 8.4011e+01 l_orth: 9.3594e+01 l_align: 7.5192e+01 l_qreg: 4.9080e-01 l_total: 2.5329e+02 
2026-06-30 00:09:47,569 INFO: [smal_..][epoch: 13, iter:  10,120, lr:(4.109e-04,4.109e-04,)][eta: 0:41:28, time (data): 0.313 (0.018)]l_bij: 6.4191e+00 l_orth: 4.6561e+01 l_align: 9.1551e+01 l_qreg: 5.2155e-01 l_total: 1.4505e+02 
2026-06-30 00:09:53,718 INFO: [smal_..][epoch: 13, iter:  10,140, lr:(4.109e-04,4.109e-04,)][eta: 0:41:19, time (data): 0.312 (0.017)]l_bij: 8.7497e+01 l_orth: 9.8185e+01 l_align: 7.9788e+01 l_qreg: 6.2459e-01 l_total: 2.6610e+02 
2026-06-30 00:10:00,238 INFO: [smal_..][epoch: 13, iter:  10,160, lr:(4.109e-04,4.109e-04,)][eta: 0:41:11, time (data): 0.314 (0.017)]l_bij: 4.4064e+01 l_orth: 6.9180e+01 l_align: 8.3691e+01 l_qreg: 8.3690e-01 l_total: 1.9777e+02 
2026-06-30 00:10:06,515 INFO: [smal_..][epoch: 13, iter:  10,180, lr:(4.109e-04,4.109e-04,)][eta: 0:41:03, time (data): 0.314 (0.017)]l_bij: 1.0217e+02 l_orth: 1.0614e+02 l_align: 7.3002e+01 l_qreg: 4.4108e-01 l_total: 2.8175e+02 
2026-06-30 00:10:12,714 INFO: [smal_..][epoch: 13, iter:  10,200, lr:(4.109e-04,4.109e-04,)][eta: 0:40:55, time (data): 0.314 (0.016)]l_bij: 7.6876e+01 l_orth: 8.7350e+01 l_align: 6.8535e+01 l_qreg: 4.6246e-01 l_total: 2.3322e+02 
2026-06-30 00:10:18,873 INFO: [smal_..][epoch: 13, iter:  10,220, lr:(4.109e-04,4.109e-04,)][eta: 0:40:47, time (data): 0.313 (0.016)]l_bij: 7.3058e+01 l_orth: 8.7285e+01 l_align: 7.3597e+01 l_qreg: 5.1991e-01 l_total: 2.3446e+02 
2026-06-30 00:10:25,007 INFO: [smal_..][epoch: 13, iter:  10,240, lr:(4.109e-04,4.109e-04,)][eta: 0:40:38, time (data): 0.312 (0.016)]l_bij: 8.1803e+01 l_orth: 9.3135e+01 l_align: 7.5645e+01 l_qreg: 5.2387e-01 l_total: 2.5111e+02 
2026-06-30 00:10:31,357 INFO: [smal_..][epoch: 13, iter:  10,260, lr:(4.109e-04,4.109e-04,)][eta: 0:40:30, time (data): 0.323 (0.016)]l_bij: 9.0371e+01 l_orth: 9.9001e+01 l_align: 7.8018e+01 l_qreg: 7.2857e-01 l_total: 2.6812e+02 
2026-06-30 00:10:37,536 INFO: [smal_..][epoch: 13, iter:  10,280, lr:(4.109e-04,4.109e-04,)][eta: 0:40:22, time (data): 0.313 (0.015)]l_bij: 4.8591e+01 l_orth: 7.2398e+01 l_align: 7.5102e+01 l_qreg: 5.1368e-01 l_total: 1.9661e+02 
2026-06-30 00:10:43,705 INFO: [smal_..][epoch: 13, iter:  10,300, lr:(4.109e-04,4.109e-04,)][eta: 0:40:14, time (data): 0.311 (0.015)]l_bij: 9.7677e+01 l_orth: 1.0341e+02 l_align: 8.6470e+01 l_qreg: 6.6650e-01 l_total: 2.8822e+02 
2026-06-30 00:10:49,882 INFO: [smal_..][epoch: 13, iter:  10,320, lr:(4.109e-04,4.109e-04,)][eta: 0:40:06, time (data): 0.310 (0.015)]l_bij: 7.3317e+01 l_orth: 8.2798e+01 l_align: 7.8891e+01 l_qreg: 7.5178e-01 l_total: 2.3576e+02 
2026-06-30 00:10:56,051 INFO: [smal_..][epoch: 13, iter:  10,340, lr:(4.109e-04,4.109e-04,)][eta: 0:39:58, time (data): 0.310 (0.015)]l_bij: 6.9410e+01 l_orth: 8.4182e+01 l_align: 7.0680e+01 l_qreg: 5.2519e-01 l_total: 2.2480e+02 
2026-06-30 00:11:02,265 INFO: [smal_..][epoch: 13, iter:  10,360, lr:(4.109e-04,4.109e-04,)][eta: 0:39:49, time (data): 0.310 (0.015)]l_bij: 1.1252e+02 l_orth: 1.1874e+02 l_align: 9.0141e+01 l_qreg: 8.9472e-01 l_total: 3.2230e+02 
2026-06-30 00:11:08,471 INFO: [smal_..][epoch: 13, iter:  10,380, lr:(4.109e-04,4.109e-04,)][eta: 0:39:41, time (data): 0.310 (0.015)]l_bij: 1.1536e+02 l_orth: 1.1814e+02 l_align: 8.7415e+01 l_qreg: 6.6146e-01 l_total: 3.2157e+02 
2026-06-30 00:11:14,657 INFO: [smal_..][epoch: 13, iter:  10,400, lr:(4.109e-04,4.109e-04,)][eta: 0:39:33, time (data): 0.310 (0.015)]l_bij: 6.1643e+01 l_orth: 7.8090e+01 l_align: 7.5514e+01 l_qreg: 6.7891e-01 l_total: 2.1593e+02 
2026-06-30 00:11:20,813 INFO: [smal_..][epoch: 13, iter:  10,420, lr:(4.109e-04,4.109e-04,)][eta: 0:39:25, time (data): 0.310 (0.014)]l_bij: 1.0184e+02 l_orth: 1.0617e+02 l_align: 8.1594e+01 l_qreg: 6.8049e-01 l_total: 2.9028e+02 
2026-06-30 00:11:27,102 INFO: [smal_..][epoch: 13, iter:  10,440, lr:(4.109e-04,4.109e-04,)][eta: 0:39:17, time (data): 0.310 (0.014)]l_bij: 6.2486e+01 l_orth: 8.1927e+01 l_align: 7.8711e+01 l_qreg: 1.0142e+00 l_total: 2.2414e+02 
2026-06-30 00:11:33,393 INFO: [smal_..][epoch: 13, iter:  10,460, lr:(4.109e-04,4.109e-04,)][eta: 0:39:09, time (data): 0.317 (0.015)]l_bij: 7.6647e+01 l_orth: 8.8689e+01 l_align: 7.3741e+01 l_qreg: 9.7910e-01 l_total: 2.4006e+02 
2026-06-30 00:11:39,720 INFO: [smal_..][epoch: 13, iter:  10,480, lr:(4.109e-04,4.109e-04,)][eta: 0:39:01, time (data): 0.316 (0.015)]l_bij: 1.0017e+02 l_orth: 1.0451e+02 l_align: 8.0073e+01 l_qreg: 7.1622e-01 l_total: 2.8547e+02 
2026-06-30 00:11:45,911 INFO: [smal_..][epoch: 13, iter:  10,500, lr:(4.109e-04,4.109e-04,)][eta: 0:38:53, time (data): 0.313 (0.015)]l_bij: 1.0694e+02 l_orth: 1.1059e+02 l_align: 8.3270e+01 l_qreg: 7.2354e-01 l_total: 3.0152e+02 
2026-06-30 00:11:52,327 INFO: [smal_..][epoch: 13, iter:  10,520, lr:(4.109e-04,4.109e-04,)][eta: 0:38:45, time (data): 0.315 (0.015)]l_bij: 6.5397e+01 l_orth: 8.2259e+01 l_align: 7.8291e+01 l_qreg: 7.8019e-01 l_total: 2.2673e+02 
2026-06-30 00:11:58,686 INFO: [smal_..][epoch: 13, iter:  10,540, lr:(4.109e-04,4.109e-04,)][eta: 0:38:37, time (data): 0.316 (0.015)]l_bij: 8.8268e+01 l_orth: 9.5415e+01 l_align: 7.9786e+01 l_qreg: 5.3574e-01 l_total: 2.6400e+02 
2026-06-30 00:12:05,041 INFO: [smal_..][epoch: 13, iter:  10,560, lr:(4.109e-04,4.109e-04,)][eta: 0:38:29, time (data): 0.316 (0.015)]l_bij: 1.0600e+02 l_orth: 1.1183e+02 l_align: 8.3179e+01 l_qreg: 8.7349e-01 l_total: 3.0188e+02 
2026-06-30 00:12:11,366 INFO: [smal_..][epoch: 13, iter:  10,580, lr:(4.109e-04,4.109e-04,)][eta: 0:38:21, time (data): 0.316 (0.015)]l_bij: 5.3064e+01 l_orth: 7.5295e+01 l_align: 7.8458e+01 l_qreg: 9.8163e-01 l_total: 2.0780e+02 
2026-06-30 00:12:17,705 INFO: [smal_..][epoch: 13, iter:  10,600, lr:(4.109e-04,4.109e-04,)][eta: 0:38:13, time (data): 0.316 (0.015)]l_bij: 7.6080e+01 l_orth: 8.6170e+01 l_align: 7.9465e+01 l_qreg: 8.0160e-01 l_total: 2.4252e+02 
2026-06-30 00:12:23,959 INFO: [smal_..][epoch: 13, iter:  10,620, lr:(4.109e-04,4.109e-04,)][eta: 0:38:05, time (data): 0.316 (0.015)]l_bij: 3.6822e+01 l_orth: 6.7433e+01 l_align: 8.4451e+01 l_qreg: 5.7190e-01 l_total: 1.8928e+02 
2026-06-30 00:12:30,270 INFO: [smal_..][epoch: 13, iter:  10,640, lr:(4.109e-04,4.109e-04,)][eta: 0:37:57, time (data): 0.316 (0.015)]l_bij: 5.5013e+01 l_orth: 7.2984e+01 l_align: 7.3387e+01 l_qreg: 5.4063e-01 l_total: 2.0192e+02 
2026-06-30 00:12:36,564 INFO: [smal_..][epoch: 13, iter:  10,660, lr:(4.109e-04,4.109e-04,)][eta: 0:37:49, time (data): 0.314 (0.016)]l_bij: 9.4452e+01 l_orth: 1.0350e+02 l_align: 8.2502e+01 l_qreg: 5.5403e-01 l_total: 2.8101e+02 
2026-06-30 00:12:42,934 INFO: [smal_..][epoch: 13, iter:  10,680, lr:(4.109e-04,4.109e-04,)][eta: 0:37:41, time (data): 0.317 (0.015)]l_bij: 6.4253e+01 l_orth: 7.8033e+01 l_align: 6.7761e+01 l_qreg: 4.4450e-01 l_total: 2.1049e+02 
2026-06-30 00:12:49,305 INFO: [smal_..][epoch: 13, iter:  10,700, lr:(4.109e-04,4.109e-04,)][eta: 0:37:33, time (data): 0.318 (0.015)]l_bij: 8.2651e+01 l_orth: 9.0632e+01 l_align: 7.2783e+01 l_qreg: 5.2844e-01 l_total: 2.4659e+02 
2026-06-30 00:12:55,496 INFO: [smal_..][epoch: 13, iter:  10,720, lr:(4.109e-04,4.109e-04,)][eta: 0:37:25, time (data): 0.315 (0.015)]l_bij: 7.8664e+01 l_orth: 9.0099e+01 l_align: 7.5979e+01 l_qreg: 5.7305e-01 l_total: 2.4531e+02 
2026-06-30 00:13:01,642 INFO: [smal_..][epoch: 13, iter:  10,740, lr:(4.109e-04,4.109e-04,)][eta: 0:37:17, time (data): 0.313 (0.015)]l_bij: 9.2170e+01 l_orth: 1.0077e+02 l_align: 7.8084e+01 l_qreg: 5.6945e-01 l_total: 2.7159e+02 
2026-06-30 00:13:07,809 INFO: [smal_..][epoch: 13, iter:  10,760, lr:(4.109e-04,4.109e-04,)][eta: 0:37:09, time (data): 0.312 (0.015)]l_bij: 8.6062e+01 l_orth: 9.1750e+01 l_align: 8.1680e+01 l_qreg: 8.8074e-01 l_total: 2.6037e+02 
2026-06-30 00:13:14,161 INFO: [smal_..][epoch: 13, iter:  10,780, lr:(4.109e-04,4.109e-04,)][eta: 0:37:01, time (data): 0.313 (0.015)]l_bij: 8.7891e+01 l_orth: 9.5678e+01 l_align: 7.8520e+01 l_qreg: 4.7284e-01 l_total: 2.6256e+02 
2026-06-30 00:13:20,320 INFO: [smal_..][epoch: 13, iter:  10,800, lr:(4.109e-04,4.109e-04,)][eta: 0:36:53, time (data): 0.312 (0.015)]l_bij: 7.5243e+01 l_orth: 8.8344e+01 l_align: 7.6566e+01 l_qreg: 5.8481e-01 l_total: 2.4074e+02 
2026-06-30 00:13:26,498 INFO: [smal_..][epoch: 13, iter:  10,820, lr:(4.109e-04,4.109e-04,)][eta: 0:36:45, time (data): 0.312 (0.015)]l_bij: 7.8420e+01 l_orth: 9.2508e+01 l_align: 7.8379e+01 l_qreg: 7.7037e-01 l_total: 2.5008e+02 
2026-06-30 00:13:32,639 INFO: [smal_..][epoch: 13, iter:  10,840, lr:(4.109e-04,4.109e-04,)][eta: 0:36:37, time (data): 0.311 (0.015)]l_bij: 6.5518e+01 l_orth: 8.5336e+01 l_align: 8.0436e+01 l_qreg: 5.4784e-01 l_total: 2.3184e+02 
2026-06-30 00:13:38,784 INFO: [smal_..][epoch: 13, iter:  10,860, lr:(4.109e-04,4.109e-04,)][eta: 0:36:29, time (data): 0.305 (0.014)]l_bij: 7.9455e+01 l_orth: 9.1318e+01 l_align: 7.7683e+01 l_qreg: 6.1829e-01 l_total: 2.4907e+02 
2026-06-30 00:13:45,004 INFO: [smal_..][epoch: 13, iter:  10,880, lr:(4.109e-04,4.109e-04,)][eta: 0:36:21, time (data): 0.309 (0.014)]l_bij: 3.5677e+01 l_orth: 6.3008e+01 l_align: 7.5482e+01 l_qreg: 5.9341e-01 l_total: 1.7476e+02 
2026-06-30 00:13:51,120 INFO: [smal_..][epoch: 13, iter:  10,900, lr:(4.109e-04,4.109e-04,)][eta: 0:36:13, time (data): 0.308 (0.014)]l_bij: 1.0177e+02 l_orth: 1.0611e+02 l_align: 8.2275e+01 l_qreg: 8.4246e-01 l_total: 2.9100e+02 
2026-06-30 00:13:57,264 INFO: [smal_..][epoch: 13, iter:  10,920, lr:(4.109e-04,4.109e-04,)][eta: 0:36:05, time (data): 0.307 (0.014)]l_bij: 8.8651e+01 l_orth: 9.6543e+01 l_align: 7.9237e+01 l_qreg: 6.9698e-01 l_total: 2.6513e+02 
2026-06-30 00:14:03,762 INFO: [smal_..][epoch: 14, iter:  10,940, lr:(3.457e-04,3.457e-04,)][eta: 0:35:57, time (data): 0.311 (0.017)]l_bij: 6.4009e+01 l_orth: 7.7732e+01 l_align: 7.2183e+01 l_qreg: 5.3169e-01 l_total: 2.1446e+02 
2026-06-30 00:14:09,939 INFO: [smal_..][epoch: 14, iter:  10,960, lr:(3.457e-04,3.457e-04,)][eta: 0:35:49, time (data): 0.311 (0.017)]l_bij: 6.6333e+01 l_orth: 8.2202e+01 l_align: 7.4994e+01 l_qreg: 5.7984e-01 l_total: 2.2411e+02 
2026-06-30 00:14:16,222 INFO: [smal_..][epoch: 14, iter:  10,980, lr:(3.457e-04,3.457e-04,)][eta: 0:35:41, time (data): 0.311 (0.016)]l_bij: 7.6137e+01 l_orth: 8.8006e+01 l_align: 7.6319e+01 l_qreg: 6.0569e-01 l_total: 2.4107e+02 
2026-06-30 00:14:22,570 INFO: [smal_..][epoch: 14, iter:  11,000, lr:(3.457e-04,3.457e-04,)][eta: 0:35:33, time (data): 0.312 (0.016)]l_bij: 9.1372e+01 l_orth: 9.9126e+01 l_align: 8.0206e+01 l_qreg: 5.5546e-01 l_total: 2.7126e+02 
2026-06-30 00:14:28,798 INFO: [smal_..][epoch: 14, iter:  11,020, lr:(3.457e-04,3.457e-04,)][eta: 0:35:25, time (data): 0.312 (0.016)]l_bij: 6.5651e+01 l_orth: 7.7659e+01 l_align: 6.9532e+01 l_qreg: 4.9587e-01 l_total: 2.1334e+02 
2026-06-30 00:14:35,275 INFO: [smal_..][epoch: 14, iter:  11,040, lr:(3.457e-04,3.457e-04,)][eta: 0:35:18, time (data): 0.313 (0.016)]l_bij: 1.0246e+02 l_orth: 1.0639e+02 l_align: 7.6727e+01 l_qreg: 6.5345e-01 l_total: 2.8623e+02 
2026-06-30 00:14:41,689 INFO: [smal_..][epoch: 14, iter:  11,060, lr:(3.457e-04,3.457e-04,)][eta: 0:35:10, time (data): 0.313 (0.015)]l_bij: 8.6270e+01 l_orth: 9.4793e+01 l_align: 7.5951e+01 l_qreg: 6.2552e-01 l_total: 2.5764e+02 
2026-06-30 00:14:48,217 INFO: [smal_..][epoch: 14, iter:  11,080, lr:(3.457e-04,3.457e-04,)][eta: 0:35:02, time (data): 0.324 (0.015)]l_bij: 7.9661e+01 l_orth: 9.1671e+01 l_align: 8.0372e+01 l_qreg: 5.8781e-01 l_total: 2.5229e+02 
2026-06-30 00:14:54,624 INFO: [smal_..][epoch: 14, iter:  11,100, lr:(3.457e-04,3.457e-04,)][eta: 0:34:54, time (data): 0.322 (0.015)]l_bij: 8.6769e+01 l_orth: 9.5837e+01 l_align: 7.9959e+01 l_qreg: 5.4709e-01 l_total: 2.6311e+02 
2026-06-30 00:15:01,103 INFO: [smal_..][epoch: 14, iter:  11,120, lr:(3.457e-04,3.457e-04,)][eta: 0:34:47, time (data): 0.323 (0.015)]l_bij: 4.6044e+01 l_orth: 6.7332e+01 l_align: 7.0104e+01 l_qreg: 6.3039e-01 l_total: 1.8411e+02 
2026-06-30 00:15:07,450 INFO: [smal_..][epoch: 14, iter:  11,140, lr:(3.457e-04,3.457e-04,)][eta: 0:34:39, time (data): 0.321 (0.015)]l_bij: 1.0700e+02 l_orth: 1.1271e+02 l_align: 8.4203e+01 l_qreg: 7.7960e-01 l_total: 3.0469e+02 
2026-06-30 00:15:13,771 INFO: [smal_..][epoch: 14, iter:  11,160, lr:(3.457e-04,3.457e-04,)][eta: 0:34:31, time (data): 0.320 (0.015)]l_bij: 8.0259e+01 l_orth: 8.7060e+01 l_align: 6.9813e+01 l_qreg: 7.3927e-01 l_total: 2.3787e+02 
2026-06-30 00:15:20,023 INFO: [smal_..][epoch: 14, iter:  11,180, lr:(3.457e-04,3.457e-04,)][eta: 0:34:23, time (data): 0.319 (0.015)]l_bij: 9.1049e+01 l_orth: 9.9091e+01 l_align: 7.9414e+01 l_qreg: 4.6535e-01 l_total: 2.7002e+02 
2026-06-30 00:15:26,280 INFO: [smal_..][epoch: 14, iter:  11,200, lr:(3.457e-04,3.457e-04,)][eta: 0:34:15, time (data): 0.318 (0.015)]l_bij: 7.0824e+01 l_orth: 8.5062e+01 l_align: 7.5779e+01 l_qreg: 5.3334e-01 l_total: 2.3220e+02 
2026-06-30 00:15:32,669 INFO: [smal_..][epoch: 14, iter:  11,220, lr:(3.457e-04,3.457e-04,)][eta: 0:34:07, time (data): 0.318 (0.015)]l_bij: 1.0645e+02 l_orth: 1.1301e+02 l_align: 8.3463e+01 l_qreg: 6.2735e-01 l_total: 3.0355e+02 
2026-06-30 00:15:38,912 INFO: [smal_..][epoch: 14, iter:  11,240, lr:(3.457e-04,3.457e-04,)][eta: 0:34:00, time (data): 0.318 (0.015)]l_bij: 8.2199e+01 l_orth: 9.1489e+01 l_align: 7.8938e+01 l_qreg: 6.5230e-01 l_total: 2.5328e+02 
2026-06-30 00:15:45,330 INFO: [smal_..][epoch: 14, iter:  11,260, lr:(3.457e-04,3.457e-04,)][eta: 0:33:52, time (data): 0.330 (0.015)]l_bij: 8.4837e+01 l_orth: 9.1782e+01 l_align: 7.3807e+01 l_qreg: 7.0111e-01 l_total: 2.5113e+02 
2026-06-30 00:15:51,775 INFO: [smal_..][epoch: 14, iter:  11,280, lr:(3.457e-04,3.457e-04,)][eta: 0:33:44, time (data): 0.323 (0.015)]l_bij: 7.7538e+01 l_orth: 8.6453e+01 l_align: 7.4722e+01 l_qreg: 5.5460e-01 l_total: 2.3927e+02 
2026-06-30 00:15:58,244 INFO: [smal_..][epoch: 14, iter:  11,300, lr:(3.457e-04,3.457e-04,)][eta: 0:33:36, time (data): 0.323 (0.015)]l_bij: 7.8918e+01 l_orth: 8.9085e+01 l_align: 8.1447e+01 l_qreg: 5.3568e-01 l_total: 2.4999e+02 
2026-06-30 00:16:04,683 INFO: [smal_..][epoch: 14, iter:  11,320, lr:(3.457e-04,3.457e-04,)][eta: 0:33:29, time (data): 0.323 (0.015)]l_bij: 7.4240e+00 l_orth: 5.2826e+01 l_align: 9.1127e+01 l_qreg: 8.1319e-01 l_total: 1.5219e+02 
2026-06-30 00:16:11,002 INFO: [smal_..][epoch: 14, iter:  11,340, lr:(3.457e-04,3.457e-04,)][eta: 0:33:21, time (data): 0.321 (0.015)]l_bij: 7.6973e+01 l_orth: 8.8095e+01 l_align: 8.1210e+01 l_qreg: 6.2076e-01 l_total: 2.4690e+02 
2026-06-30 00:16:17,344 INFO: [smal_..][epoch: 14, iter:  11,360, lr:(3.457e-04,3.457e-04,)][eta: 0:33:13, time (data): 0.320 (0.015)]l_bij: 5.4731e+01 l_orth: 7.3543e+01 l_align: 7.5283e+01 l_qreg: 9.4442e-01 l_total: 2.0450e+02 
2026-06-30 00:16:23,675 INFO: [smal_..][epoch: 14, iter:  11,380, lr:(3.457e-04,3.457e-04,)][eta: 0:33:05, time (data): 0.320 (0.015)]l_bij: 8.0501e+01 l_orth: 9.1529e+01 l_align: 7.4393e+01 l_qreg: 8.2639e-01 l_total: 2.4725e+02 
2026-06-30 00:16:29,952 INFO: [smal_..][epoch: 14, iter:  11,400, lr:(3.457e-04,3.457e-04,)][eta: 0:32:57, time (data): 0.319 (0.015)]l_bij: 7.5468e+01 l_orth: 9.1343e+01 l_align: 7.8856e+01 l_qreg: 8.4123e-01 l_total: 2.4651e+02 
2026-06-30 00:16:36,238 INFO: [smal_..][epoch: 14, iter:  11,420, lr:(3.457e-04,3.457e-04,)][eta: 0:32:50, time (data): 0.318 (0.015)]l_bij: 9.3234e+01 l_orth: 9.9275e+01 l_align: 7.8958e+01 l_qreg: 5.7747e-01 l_total: 2.7204e+02 
2026-06-30 00:16:42,547 INFO: [smal_..][epoch: 14, iter:  11,440, lr:(3.457e-04,3.457e-04,)][eta: 0:32:42, time (data): 0.318 (0.015)]l_bij: 9.9028e+01 l_orth: 1.0440e+02 l_align: 7.7488e+01 l_qreg: 6.7053e-01 l_total: 2.8158e+02 
2026-06-30 00:16:49,075 INFO: [smal_..][epoch: 14, iter:  11,460, lr:(3.457e-04,3.457e-04,)][eta: 0:32:34, time (data): 0.316 (0.014)]l_bij: 9.5418e+01 l_orth: 1.0256e+02 l_align: 8.4319e+01 l_qreg: 9.2568e-01 l_total: 2.8322e+02 
2026-06-30 00:16:55,499 INFO: [smal_..][epoch: 14, iter:  11,480, lr:(3.457e-04,3.457e-04,)][eta: 0:32:27, time (data): 0.320 (0.016)]l_bij: 9.2769e+01 l_orth: 1.0109e+02 l_align: 8.1825e+01 l_qreg: 8.9899e-01 l_total: 2.7659e+02 
2026-06-30 00:17:01,758 INFO: [smal_..][epoch: 14, iter:  11,500, lr:(3.457e-04,3.457e-04,)][eta: 0:32:19, time (data): 0.317 (0.015)]l_bij: 8.1725e+01 l_orth: 9.0920e+01 l_align: 7.8372e+01 l_qreg: 8.8624e-01 l_total: 2.5190e+02 
2026-06-30 00:17:08,032 INFO: [smal_..][epoch: 14, iter:  11,520, lr:(3.457e-04,3.457e-04,)][eta: 0:32:11, time (data): 0.316 (0.015)]l_bij: 8.1852e+01 l_orth: 9.2705e+01 l_align: 7.6916e+01 l_qreg: 6.0369e-01 l_total: 2.5208e+02 
2026-06-30 00:17:14,524 INFO: [smal_..][epoch: 14, iter:  11,540, lr:(3.457e-04,3.457e-04,)][eta: 0:32:03, time (data): 0.318 (0.015)]l_bij: 8.1232e+01 l_orth: 8.8617e+01 l_align: 7.3276e+01 l_qreg: 5.3999e-01 l_total: 2.4367e+02 
2026-06-30 00:17:20,942 INFO: [smal_..][epoch: 14, iter:  11,560, lr:(3.457e-04,3.457e-04,)][eta: 0:31:56, time (data): 0.318 (0.015)]l_bij: 9.4866e+01 l_orth: 1.0391e+02 l_align: 8.0235e+01 l_qreg: 7.8749e-01 l_total: 2.7980e+02 
2026-06-30 00:17:27,268 INFO: [smal_..][epoch: 14, iter:  11,580, lr:(3.457e-04,3.457e-04,)][eta: 0:31:48, time (data): 0.318 (0.015)]l_bij: 4.8165e+01 l_orth: 7.2909e+01 l_align: 8.1646e+01 l_qreg: 1.1343e+00 l_total: 2.0385e+02 
2026-06-30 00:17:33,594 INFO: [smal_..][epoch: 14, iter:  11,600, lr:(3.457e-04,3.457e-04,)][eta: 0:31:40, time (data): 0.318 (0.015)]l_bij: 5.2286e+01 l_orth: 7.0329e+01 l_align: 7.3795e+01 l_qreg: 6.1759e-01 l_total: 1.9703e+02 
2026-06-30 00:17:39,863 INFO: [smal_..][epoch: 14, iter:  11,620, lr:(3.457e-04,3.457e-04,)][eta: 0:31:33, time (data): 0.317 (0.015)]l_bij: 7.9846e+01 l_orth: 9.0791e+01 l_align: 7.5841e+01 l_qreg: 7.7308e-01 l_total: 2.4725e+02 
2026-06-30 00:17:46,143 INFO: [smal_..][epoch: 14, iter:  11,640, lr:(3.457e-04,3.457e-04,)][eta: 0:31:25, time (data): 0.317 (0.015)]l_bij: 7.3743e+01 l_orth: 8.8221e+01 l_align: 8.4592e+01 l_qreg: 8.2598e-01 l_total: 2.4738e+02 
2026-06-30 00:17:52,440 INFO: [smal_..][epoch: 14, iter:  11,660, lr:(3.457e-04,3.457e-04,)][eta: 0:31:17, time (data): 0.305 (0.014)]l_bij: 8.2579e+01 l_orth: 9.4471e+01 l_align: 7.9561e+01 l_qreg: 6.4165e-01 l_total: 2.5725e+02 
2026-06-30 00:17:58,680 INFO: [smal_..][epoch: 14, iter:  11,680, lr:(3.457e-04,3.457e-04,)][eta: 0:31:09, time (data): 0.311 (0.015)]l_bij: 8.1943e+01 l_orth: 9.0682e+01 l_align: 7.3965e+01 l_qreg: 6.4570e-01 l_total: 2.4724e+02 
2026-06-30 00:18:04,921 INFO: [smal_..][epoch: 14, iter:  11,700, lr:(3.457e-04,3.457e-04,)][eta: 0:31:02, time (data): 0.311 (0.015)]l_bij: 1.0073e+02 l_orth: 1.0497e+02 l_align: 7.9451e+01 l_qreg: 6.5992e-01 l_total: 2.8581e+02 
2026-06-30 00:18:11,230 INFO: [smal_..][epoch: 14, iter:  11,720, lr:(3.457e-04,3.457e-04,)][eta: 0:30:54, time (data): 0.313 (0.015)]l_bij: 1.0401e+02 l_orth: 1.0866e+02 l_align: 8.4699e+01 l_qreg: 1.0430e+00 l_total: 2.9841e+02 
2026-06-30 00:18:17,603 INFO: [smal_..][epoch: 14, iter:  11,740, lr:(3.457e-04,3.457e-04,)][eta: 0:30:46, time (data): 0.314 (0.015)]l_bij: 8.9359e+01 l_orth: 9.6042e+01 l_align: 7.6848e+01 l_qreg: 7.3100e-01 l_total: 2.6298e+02 
2026-06-30 00:18:23,809 INFO: [smal_..][epoch: 14, iter:  11,760, lr:(3.457e-04,3.457e-04,)][eta: 0:30:39, time (data): 0.313 (0.015)]l_bij: 7.6870e+01 l_orth: 8.8690e+01 l_align: 7.7839e+01 l_qreg: 5.1310e-01 l_total: 2.4391e+02 
2026-06-30 00:18:30,356 INFO: [smal_..][epoch: 15, iter:  11,780, lr:(2.855e-04,2.855e-04,)][eta: 0:30:31, time (data): 0.315 (0.017)]l_bij: 6.6092e+01 l_orth: 8.2482e+01 l_align: 7.3647e+01 l_qreg: 6.2065e-01 l_total: 2.2284e+02 
2026-06-30 00:18:36,485 INFO: [smal_..][epoch: 15, iter:  11,800, lr:(2.855e-04,2.855e-04,)][eta: 0:30:23, time (data): 0.314 (0.016)]l_bij: 4.8823e+01 l_orth: 7.0717e+01 l_align: 6.9782e+01 l_qreg: 4.8704e-01 l_total: 1.8981e+02 
2026-06-30 00:18:42,623 INFO: [smal_..][epoch: 15, iter:  11,820, lr:(2.855e-04,2.855e-04,)][eta: 0:30:15, time (data): 0.313 (0.016)]l_bij: 6.2293e+01 l_orth: 7.7549e+01 l_align: 7.2488e+01 l_qreg: 5.2733e-01 l_total: 2.1286e+02 
2026-06-30 00:18:48,826 INFO: [smal_..][epoch: 15, iter:  11,840, lr:(2.855e-04,2.855e-04,)][eta: 0:30:08, time (data): 0.313 (0.016)]l_bij: 5.9443e+00 l_orth: 4.6610e+01 l_align: 8.5046e+01 l_qreg: 5.2207e-01 l_total: 1.3812e+02 
2026-06-30 00:18:54,971 INFO: [smal_..][epoch: 15, iter:  11,860, lr:(2.855e-04,2.855e-04,)][eta: 0:30:00, time (data): 0.296 (0.013)]l_bij: 6.6992e+01 l_orth: 8.3119e+01 l_align: 7.9233e+01 l_qreg: 1.0289e+00 l_total: 2.3037e+02 
2026-06-30 00:19:01,306 INFO: [smal_..][epoch: 15, iter:  11,880, lr:(2.855e-04,2.855e-04,)][eta: 0:29:52, time (data): 0.316 (0.015)]l_bij: 8.0224e+01 l_orth: 8.9072e+01 l_align: 6.8668e+01 l_qreg: 5.9448e-01 l_total: 2.3856e+02 
2026-06-30 00:19:07,608 INFO: [smal_..][epoch: 15, iter:  11,900, lr:(2.855e-04,2.855e-04,)][eta: 0:29:45, time (data): 0.315 (0.016)]l_bij: 9.4352e+01 l_orth: 1.0273e+02 l_align: 7.8044e+01 l_qreg: 6.7107e-01 l_total: 2.7580e+02 
2026-06-30 00:19:13,863 INFO: [smal_..][epoch: 15, iter:  11,920, lr:(2.855e-04,2.855e-04,)][eta: 0:29:37, time (data): 0.314 (0.016)]l_bij: 8.5170e+01 l_orth: 9.4822e+01 l_align: 7.3793e+01 l_qreg: 6.6534e-01 l_total: 2.5445e+02 
2026-06-30 00:19:20,178 INFO: [smal_..][epoch: 15, iter:  11,940, lr:(2.855e-04,2.855e-04,)][eta: 0:29:29, time (data): 0.315 (0.016)]l_bij: 8.9689e+01 l_orth: 9.7978e+01 l_align: 8.3217e+01 l_qreg: 8.4884e-01 l_total: 2.7173e+02 
2026-06-30 00:19:26,485 INFO: [smal_..][epoch: 15, iter:  11,960, lr:(2.855e-04,2.855e-04,)][eta: 0:29:22, time (data): 0.315 (0.016)]l_bij: 1.0547e+02 l_orth: 1.0858e+02 l_align: 8.3104e+01 l_qreg: 7.0638e-01 l_total: 2.9786e+02 
2026-06-30 00:19:32,589 INFO: [smal_..][epoch: 15, iter:  11,980, lr:(2.855e-04,2.855e-04,)][eta: 0:29:14, time (data): 0.313 (0.015)]l_bij: 1.0176e+02 l_orth: 1.0351e+02 l_align: 8.2973e+01 l_qreg: 8.2664e-01 l_total: 2.8907e+02 
2026-06-30 00:19:38,834 INFO: [smal_..][epoch: 15, iter:  12,000, lr:(2.855e-04,2.855e-04,)][eta: 0:29:06, time (data): 0.313 (0.015)]l_bij: 5.0352e+01 l_orth: 6.8233e+01 l_align: 6.8162e+01 l_qreg: 4.6285e-01 l_total: 1.8721e+02 
2026-06-30 00:19:38,837 INFO: Saving models and training states.
2026-06-30 00:19:38,862 INFO: Start validation.
2026-06-30 00:19:39,730 INFO: avg err:0.0000 | err:0.0000 | cougar_01 cougar_01
2026-06-30 00:19:39,992 INFO: avg err:0.0174 | err:0.0348 | cougar_01 cougar_02
2026-06-30 00:19:40,251 INFO: avg err:0.0165 | err:0.0145 | cougar_01 cougar_03
2026-06-30 00:19:40,495 INFO: avg err:0.0179 | err:0.0224 | cougar_01 cougar_04
2026-06-30 00:19:40,741 INFO: avg err:0.1531 | err:0.6936 | cougar_01 hippo_01
2026-06-30 00:19:40,992 INFO: avg err:0.2508 | err:0.7396 | cougar_01 hippo_02
2026-06-30 00:19:41,225 INFO: avg err:0.3089 | err:0.6577 | cougar_01 hippo_03
2026-06-30 00:19:41,435 INFO: avg err:0.3742 | err:0.8307 | cougar_01 hippo_04
2026-06-30 00:19:41,839 INFO: avg err:0.3868 | err:0.4878 | cougar_01 hippo_05
2026-06-30 00:19:42,112 INFO: avg err:0.4184 | err:0.7031 | cougar_01 hippo_06
2026-06-30 00:19:42,487 INFO: avg err:0.3833 | err:0.0319 | cougar_01 horse_01
2026-06-30 00:19:42,700 INFO: avg err:0.3538 | err:0.0299 | cougar_01 horse_02
2026-06-30 00:19:43,058 INFO: avg err:0.3287 | err:0.0270 | cougar_01 horse_03
2026-06-30 00:19:43,277 INFO: avg err:0.3075 | err:0.0324 | cougar_01 horse_04
2026-06-30 00:19:43,792 INFO: avg err:0.2894 | err:0.0353 | cougar_01 horse_05
2026-06-30 00:19:44,040 INFO: avg err:0.2743 | err:0.0475 | cougar_01 horse_06
2026-06-30 00:19:44,449 INFO: avg err:0.2601 | err:0.0342 | cougar_01 horse_07
2026-06-30 00:19:44,690 INFO: avg err:0.2472 | err:0.0279 | cougar_01 horse_08
2026-06-30 00:19:44,973 INFO: avg err:0.2392 | err:0.0953 | cougar_01 horse_09
2026-06-30 00:19:45,175 INFO: avg err:0.2341 | err:0.1360 | cougar_01 horse_10
2026-06-30 00:19:45,435 INFO: avg err:0.2242 | err:0.0261 | cougar_02 cougar_01
2026-06-30 00:19:45,662 INFO: avg err:0.2140 | err:0.0000 | cougar_02 cougar_02
2026-06-30 00:19:45,997 INFO: avg err:0.2056 | err:0.0211 | cougar_02 cougar_03
2026-06-30 00:19:46,204 INFO: avg err:0.1988 | err:0.0421 | cougar_02 cougar_04
2026-06-30 00:19:46,561 INFO: avg err:0.2276 | err:0.9196 | cougar_02 hippo_01
2026-06-30 00:19:46,796 INFO: avg err:0.2521 | err:0.8639 | cougar_02 hippo_02
2026-06-30 00:19:47,095 INFO: avg err:0.2724 | err:0.8004 | cougar_02 hippo_03
2026-06-30 00:19:47,321 INFO: avg err:0.2976 | err:0.9790 | cougar_02 hippo_04
2026-06-30 00:19:47,653 INFO: avg err:0.3024 | err:0.4372 | cougar_02 hippo_05
2026-06-30 00:19:47,978 INFO: avg err:0.3170 | err:0.7401 | cougar_02 hippo_06
2026-06-30 00:19:48,237 INFO: avg err:0.3085 | err:0.0537 | cougar_02 horse_01
2026-06-30 00:19:48,468 INFO: avg err:0.3003 | err:0.0463 | cougar_02 horse_02
2026-06-30 00:19:48,920 INFO: avg err:0.2927 | err:0.0487 | cougar_02 horse_03
2026-06-30 00:19:49,185 INFO: avg err:0.2855 | err:0.0469 | cougar_02 horse_04
2026-06-30 00:19:49,456 INFO: avg err:0.2788 | err:0.0519 | cougar_02 horse_05
2026-06-30 00:19:49,783 INFO: avg err:0.2727 | err:0.0576 | cougar_02 horse_06
2026-06-30 00:19:50,131 INFO: avg err:0.2667 | err:0.0534 | cougar_02 horse_07
2026-06-30 00:19:50,438 INFO: avg err:0.2608 | err:0.0423 | cougar_02 horse_08
2026-06-30 00:19:50,709 INFO: avg err:0.2579 | err:0.1466 | cougar_02 horse_09
2026-06-30 00:19:50,938 INFO: avg err:0.2571 | err:0.2255 | cougar_02 horse_10
2026-06-30 00:19:51,165 INFO: avg err:0.2512 | err:0.0135 | cougar_03 cougar_01
2026-06-30 00:19:51,407 INFO: avg err:0.2457 | err:0.0200 | cougar_03 cougar_02
2026-06-30 00:19:51,765 INFO: avg err:0.2399 | err:0.0000 | cougar_03 cougar_03
2026-06-30 00:19:51,983 INFO: avg err:0.2350 | err:0.0229 | cougar_03 cougar_04
2026-06-30 00:19:52,392 INFO: avg err:0.2496 | err:0.8913 | cougar_03 hippo_01
2026-06-30 00:19:52,649 INFO: avg err:0.2605 | err:0.7511 | cougar_03 hippo_02
2026-06-30 00:19:52,926 INFO: avg err:0.2703 | err:0.7220 | cougar_03 hippo_03
2026-06-30 00:19:53,139 INFO: avg err:0.2830 | err:0.8803 | cougar_03 hippo_04
2026-06-30 00:19:53,442 INFO: avg err:0.2876 | err:0.5053 | cougar_03 hippo_05
2026-06-30 00:19:53,689 INFO: avg err:0.2971 | err:0.7654 | cougar_03 hippo_06
2026-06-30 00:19:54,159 INFO: avg err:0.2920 | err:0.0375 | cougar_03 horse_01
2026-06-30 00:19:54,411 INFO: avg err:0.2870 | err:0.0310 | cougar_03 horse_02
2026-06-30 00:19:54,720 INFO: avg err:0.2822 | err:0.0333 | cougar_03 horse_03
2026-06-30 00:19:55,013 INFO: avg err:0.2776 | err:0.0331 | cougar_03 horse_04
2026-06-30 00:19:55,334 INFO: avg err:0.2733 | err:0.0414 | cougar_03 horse_05
2026-06-30 00:19:55,567 INFO: avg err:0.2694 | err:0.0558 | cougar_03 horse_06
2026-06-30 00:19:55,917 INFO: avg err:0.2653 | err:0.0359 | cougar_03 horse_07
2026-06-30 00:19:56,163 INFO: avg err:0.2613 | err:0.0298 | cougar_03 horse_08
2026-06-30 00:19:56,410 INFO: avg err:0.2586 | err:0.1060 | cougar_03 horse_09
2026-06-30 00:19:56,635 INFO: avg err:0.2570 | err:0.1610 | cougar_03 horse_10
2026-06-30 00:19:57,028 INFO: avg err:0.2532 | err:0.0219 | cougar_04 cougar_01
2026-06-30 00:19:57,233 INFO: avg err:0.2505 | err:0.0871 | cougar_04 cougar_02
2026-06-30 00:19:57,592 INFO: avg err:0.2469 | err:0.0227 | cougar_04 cougar_03
2026-06-30 00:19:57,910 INFO: avg err:0.2430 | err:0.0000 | cougar_04 cougar_04
2026-06-30 00:19:58,196 INFO: avg err:0.2501 | err:0.7068 | cougar_04 hippo_01
2026-06-30 00:19:58,419 INFO: avg err:0.2565 | err:0.6684 | cougar_04 hippo_02
2026-06-30 00:19:58,768 INFO: avg err:0.2630 | err:0.6924 | cougar_04 hippo_03
2026-06-30 00:19:58,984 INFO: avg err:0.2709 | err:0.7987 | cougar_04 hippo_04
2026-06-30 00:19:59,472 INFO: avg err:0.2743 | err:0.5090 | cougar_04 hippo_05
2026-06-30 00:19:59,701 INFO: avg err:0.2799 | err:0.6678 | cougar_04 hippo_06
2026-06-30 00:19:59,950 INFO: avg err:0.2764 | err:0.0267 | cougar_04 horse_01
2026-06-30 00:20:00,180 INFO: avg err:0.2730 | err:0.0339 | cougar_04 horse_02
2026-06-30 00:20:00,529 INFO: avg err:0.2697 | err:0.0290 | cougar_04 horse_03
2026-06-30 00:20:00,776 INFO: avg err:0.2665 | err:0.0379 | cougar_04 horse_04
2026-06-30 00:20:01,113 INFO: avg err:0.2635 | err:0.0379 | cougar_04 horse_05
2026-06-30 00:20:01,373 INFO: avg err:0.2606 | err:0.0451 | cougar_04 horse_06
2026-06-30 00:20:01,734 INFO: avg err:0.2576 | err:0.0297 | cougar_04 horse_07
2026-06-30 00:20:02,059 INFO: avg err:0.2547 | err:0.0323 | cougar_04 horse_08
2026-06-30 00:20:02,395 INFO: avg err:0.2527 | err:0.0947 | cougar_04 horse_09
2026-06-30 00:20:02,615 INFO: avg err:0.2514 | err:0.1470 | cougar_04 horse_10
2026-06-30 00:20:02,846 INFO: avg err:0.2551 | err:0.5529 | hippo_01 cougar_01
2026-06-30 00:20:03,094 INFO: avg err:0.2590 | err:0.5728 | hippo_01 cougar_02
2026-06-30 00:20:03,366 INFO: avg err:0.2626 | err:0.5590 | hippo_01 cougar_03
2026-06-30 00:20:03,602 INFO: avg err:0.2664 | err:0.5836 | hippo_01 cougar_04
2026-06-30 00:20:03,873 INFO: avg err:0.2633 | err:0.0000 | hippo_01 hippo_01
2026-06-30 00:20:04,106 INFO: avg err:0.2615 | err:0.1137 | hippo_01 hippo_02
2026-06-30 00:20:04,424 INFO: avg err:0.2604 | err:0.1609 | hippo_01 hippo_03
2026-06-30 00:20:04,657 INFO: avg err:0.2576 | err:0.0138 | hippo_01 hippo_04
2026-06-30 00:20:04,983 INFO: avg err:0.2561 | err:0.1286 | hippo_01 hippo_05
2026-06-30 00:20:05,292 INFO: avg err:0.2542 | err:0.0822 | hippo_01 hippo_06
2026-06-30 00:20:05,594 INFO: avg err:0.2574 | err:0.5506 | hippo_01 horse_01
2026-06-30 00:20:05,909 INFO: avg err:0.2606 | err:0.5447 | hippo_01 horse_02
2026-06-30 00:20:06,209 INFO: avg err:0.2638 | err:0.5591 | hippo_01 horse_03
2026-06-30 00:20:06,455 INFO: avg err:0.2670 | err:0.5687 | hippo_01 horse_04
2026-06-30 00:20:06,681 INFO: avg err:0.2703 | err:0.5805 | hippo_01 horse_05
2026-06-30 00:20:06,959 INFO: avg err:0.2733 | err:0.5601 | hippo_01 horse_06
2026-06-30 00:20:07,288 INFO: avg err:0.2762 | err:0.5502 | hippo_01 horse_07
2026-06-30 00:20:07,535 INFO: avg err:0.2791 | err:0.5613 | hippo_01 horse_08
2026-06-30 00:20:07,889 INFO: avg err:0.2813 | err:0.4945 | hippo_01 horse_09
2026-06-30 00:20:08,135 INFO: avg err:0.2831 | err:0.4677 | hippo_01 horse_10
2026-06-30 00:20:08,532 INFO: avg err:0.2853 | err:0.5030 | hippo_02 cougar_01
2026-06-30 00:20:08,797 INFO: avg err:0.2872 | err:0.4781 | hippo_02 cougar_02
2026-06-30 00:20:09,045 INFO: avg err:0.2892 | err:0.4971 | hippo_02 cougar_03
2026-06-30 00:20:09,284 INFO: avg err:0.2912 | err:0.4927 | hippo_02 cougar_04
2026-06-30 00:20:09,501 INFO: avg err:0.2894 | err:0.0998 | hippo_02 hippo_01
2026-06-30 00:20:09,765 INFO: avg err:0.2867 | err:0.0000 | hippo_02 hippo_02
2026-06-30 00:20:10,046 INFO: avg err:0.2847 | err:0.0798 | hippo_02 hippo_03
2026-06-30 00:20:10,276 INFO: avg err:0.2825 | err:0.0471 | hippo_02 hippo_04
2026-06-30 00:20:10,566 INFO: avg err:0.2814 | err:0.1602 | hippo_02 hippo_05
2026-06-30 00:20:10,898 INFO: avg err:0.2791 | err:0.0262 | hippo_02 hippo_06
2026-06-30 00:20:11,181 INFO: avg err:0.2808 | err:0.4743 | hippo_02 horse_01
2026-06-30 00:20:11,478 INFO: avg err:0.2826 | err:0.4823 | hippo_02 horse_02
2026-06-30 00:20:11,749 INFO: avg err:0.2845 | err:0.4895 | hippo_02 horse_03
2026-06-30 00:20:12,009 INFO: avg err:0.2863 | err:0.4890 | hippo_02 horse_04
2026-06-30 00:20:12,294 INFO: avg err:0.2881 | err:0.5013 | hippo_02 horse_05
2026-06-30 00:20:12,629 INFO: avg err:0.2900 | err:0.4997 | hippo_02 horse_06
2026-06-30 00:20:12,929 INFO: avg err:0.2917 | err:0.4964 | hippo_02 horse_07
2026-06-30 00:20:13,158 INFO: avg err:0.2934 | err:0.4916 | hippo_02 horse_08
2026-06-30 00:20:13,596 INFO: avg err:0.2948 | err:0.4590 | hippo_02 horse_09
2026-06-30 00:20:13,839 INFO: avg err:0.2959 | err:0.4215 | hippo_02 horse_10
2026-06-30 00:20:14,243 INFO: avg err:0.2970 | err:0.4309 | hippo_03 cougar_01
2026-06-30 00:20:14,553 INFO: avg err:0.2983 | err:0.4554 | hippo_03 cougar_02
2026-06-30 00:20:14,843 INFO: avg err:0.2992 | err:0.4179 | hippo_03 cougar_03
2026-06-30 00:20:15,048 INFO: avg err:0.3003 | err:0.4330 | hippo_03 cougar_04
2026-06-30 00:20:15,472 INFO: avg err:0.2993 | err:0.1672 | hippo_03 hippo_01
2026-06-30 00:20:15,724 INFO: avg err:0.2977 | err:0.0996 | hippo_03 hippo_02
2026-06-30 00:20:16,072 INFO: avg err:0.2953 | err:0.0000 | hippo_03 hippo_03
2026-06-30 00:20:16,310 INFO: avg err:0.2943 | err:0.1626 | hippo_03 hippo_04
2026-06-30 00:20:16,621 INFO: avg err:0.2935 | err:0.1888 | hippo_03 hippo_05
2026-06-30 00:20:16,881 INFO: avg err:0.2922 | err:0.1212 | hippo_03 hippo_06
2026-06-30 00:20:17,134 INFO: avg err:0.2931 | err:0.4156 | hippo_03 horse_01
2026-06-30 00:20:17,354 INFO: avg err:0.2939 | err:0.3997 | hippo_03 horse_02
2026-06-30 00:20:17,760 INFO: avg err:0.2949 | err:0.4227 | hippo_03 horse_03
2026-06-30 00:20:18,103 INFO: avg err:0.2958 | err:0.4214 | hippo_03 horse_04
2026-06-30 00:20:18,436 INFO: avg err:0.2967 | err:0.4209 | hippo_03 horse_05
2026-06-30 00:20:18,752 INFO: avg err:0.2975 | err:0.4050 | hippo_03 horse_06
2026-06-30 00:20:19,020 INFO: avg err:0.2984 | err:0.4149 | hippo_03 horse_07
2026-06-30 00:20:19,254 INFO: avg err:0.2992 | err:0.4036 | hippo_03 horse_08
2026-06-30 00:20:19,535 INFO: avg err:0.2997 | err:0.3700 | hippo_03 horse_09
2026-06-30 00:20:19,836 INFO: avg err:0.3003 | err:0.3825 | hippo_03 horse_10
2026-06-30 00:20:20,136 INFO: avg err:0.3021 | err:0.5605 | hippo_04 cougar_01
2026-06-30 00:20:20,462 INFO: avg err:0.3042 | err:0.5993 | hippo_04 cougar_02
2026-06-30 00:20:20,710 INFO: avg err:0.3061 | err:0.5814 | hippo_04 cougar_03
2026-06-30 00:20:20,932 INFO: avg err:0.3082 | err:0.5984 | hippo_04 cougar_04
2026-06-30 00:20:21,172 INFO: avg err:0.3061 | err:0.0154 | hippo_04 hippo_01
2026-06-30 00:20:21,422 INFO: avg err:0.3045 | err:0.0697 | hippo_04 hippo_02
2026-06-30 00:20:21,747 INFO: avg err:0.3032 | err:0.1112 | hippo_04 hippo_03
2026-06-30 00:20:21,972 INFO: avg err:0.3012 | err:0.0000 | hippo_04 hippo_04
2026-06-30 00:20:22,299 INFO: avg err:0.3002 | err:0.1505 | hippo_04 hippo_05
2026-06-30 00:20:22,575 INFO: avg err:0.2989 | err:0.1070 | hippo_04 hippo_06
2026-06-30 00:20:22,887 INFO: avg err:0.3007 | err:0.5786 | hippo_04 horse_01
2026-06-30 00:20:23,102 INFO: avg err:0.3024 | err:0.5620 | hippo_04 horse_02
2026-06-30 00:20:23,635 INFO: avg err:0.3041 | err:0.5632 | hippo_04 horse_03
2026-06-30 00:20:23,861 INFO: avg err:0.3060 | err:0.5857 | hippo_04 horse_04
2026-06-30 00:20:24,144 INFO: avg err:0.3078 | err:0.5963 | hippo_04 horse_05
2026-06-30 00:20:24,410 INFO: avg err:0.3095 | err:0.5589 | hippo_04 horse_06
2026-06-30 00:20:24,752 INFO: avg err:0.3111 | err:0.5645 | hippo_04 horse_07
2026-06-30 00:20:24,965 INFO: avg err:0.3129 | err:0.5935 | hippo_04 horse_08
2026-06-30 00:20:25,250 INFO: avg err:0.3137 | err:0.4528 | hippo_04 horse_09
2026-06-30 00:20:25,544 INFO: avg err:0.3147 | err:0.4631 | hippo_04 horse_10
2026-06-30 00:20:25,819 INFO: avg err:0.3145 | err:0.2902 | hippo_05 cougar_01
2026-06-30 00:20:26,134 INFO: avg err:0.3148 | err:0.3541 | hippo_05 cougar_02
2026-06-30 00:20:26,454 INFO: avg err:0.3145 | err:0.2655 | hippo_05 cougar_03
2026-06-30 00:20:26,680 INFO: avg err:0.3143 | err:0.2885 | hippo_05 cougar_04
2026-06-30 00:20:26,924 INFO: avg err:0.3133 | err:0.1504 | hippo_05 hippo_01
2026-06-30 00:20:27,279 INFO: avg err:0.3124 | err:0.1667 | hippo_05 hippo_02
2026-06-30 00:20:27,615 INFO: avg err:0.3122 | err:0.2670 | hippo_05 hippo_03
2026-06-30 00:20:27,880 INFO: avg err:0.3113 | err:0.1724 | hippo_05 hippo_04
2026-06-30 00:20:28,158 INFO: avg err:0.3095 | err:0.0000 | hippo_05 hippo_05
2026-06-30 00:20:28,403 INFO: avg err:0.3088 | err:0.1933 | hippo_05 hippo_06
2026-06-30 00:20:28,784 INFO: avg err:0.3089 | err:0.3192 | hippo_05 horse_01
2026-06-30 00:20:29,112 INFO: avg err:0.3089 | err:0.3157 | hippo_05 horse_02
2026-06-30 00:20:29,418 INFO: avg err:0.3091 | err:0.3412 | hippo_05 horse_03
2026-06-30 00:20:29,677 INFO: avg err:0.3091 | err:0.3075 | hippo_05 horse_04
2026-06-30 00:20:29,921 INFO: avg err:0.3092 | err:0.3303 | hippo_05 horse_05
2026-06-30 00:20:30,156 INFO: avg err:0.3091 | err:0.2905 | hippo_05 horse_06
2026-06-30 00:20:30,601 INFO: avg err:0.3091 | err:0.3049 | hippo_05 horse_07
2026-06-30 00:20:30,843 INFO: avg err:0.3093 | err:0.3416 | hippo_05 horse_08
2026-06-30 00:20:31,106 INFO: avg err:0.3094 | err:0.3438 | hippo_05 horse_09
2026-06-30 00:20:31,349 INFO: avg err:0.3096 | err:0.3421 | hippo_05 horse_10
2026-06-30 00:20:31,669 INFO: avg err:0.3103 | err:0.4240 | hippo_06 cougar_01
2026-06-30 00:20:31,884 INFO: avg err:0.3108 | err:0.4038 | hippo_06 cougar_02
2026-06-30 00:20:32,143 INFO: avg err:0.3113 | err:0.4112 | hippo_06 cougar_03
2026-06-30 00:20:32,412 INFO: avg err:0.3121 | err:0.4632 | hippo_06 cougar_04
2026-06-30 00:20:32,688 INFO: avg err:0.3106 | err:0.0312 | hippo_06 hippo_01
2026-06-30 00:20:32,981 INFO: avg err:0.3091 | err:0.0208 | hippo_06 hippo_02
2026-06-30 00:20:33,224 INFO: avg err:0.3082 | err:0.1403 | hippo_06 hippo_03
2026-06-30 00:20:33,468 INFO: avg err:0.3073 | err:0.1461 | hippo_06 hippo_04
2026-06-30 00:20:33,836 INFO: avg err:0.3063 | err:0.1158 | hippo_06 hippo_05
2026-06-30 00:20:34,082 INFO: avg err:0.3047 | err:0.0000 | hippo_06 hippo_06
2026-06-30 00:20:34,401 INFO: avg err:0.3056 | err:0.4709 | hippo_06 horse_01
2026-06-30 00:20:34,661 INFO: avg err:0.3064 | err:0.4619 | hippo_06 horse_02
2026-06-30 00:20:34,980 INFO: avg err:0.3072 | err:0.4631 | hippo_06 horse_03
2026-06-30 00:20:35,211 INFO: avg err:0.3080 | err:0.4656 | hippo_06 horse_04
2026-06-30 00:20:35,494 INFO: avg err:0.3088 | err:0.4737 | hippo_06 horse_05
2026-06-30 00:20:35,761 INFO: avg err:0.3096 | err:0.4584 | hippo_06 horse_06
2026-06-30 00:20:36,113 INFO: avg err:0.3105 | err:0.4797 | hippo_06 horse_07
2026-06-30 00:20:36,356 INFO: avg err:0.3112 | err:0.4617 | hippo_06 horse_08
2026-06-30 00:20:36,720 INFO: avg err:0.3119 | err:0.4394 | hippo_06 horse_09
2026-06-30 00:20:36,939 INFO: avg err:0.3124 | err:0.4224 | hippo_06 horse_10
2026-06-30 00:20:37,350 INFO: avg err:0.3110 | err:0.0319 | horse_01 cougar_01
2026-06-30 00:20:37,627 INFO: avg err:0.3098 | err:0.0574 | horse_01 cougar_02
2026-06-30 00:20:38,000 INFO: avg err:0.3084 | err:0.0357 | horse_01 cougar_03
2026-06-30 00:20:38,205 INFO: avg err:0.3071 | err:0.0284 | horse_01 cougar_04
2026-06-30 00:20:38,474 INFO: avg err:0.3090 | err:0.7129 | horse_01 hippo_01
2026-06-30 00:20:38,744 INFO: avg err:0.3111 | err:0.7298 | horse_01 hippo_02
2026-06-30 00:20:39,041 INFO: avg err:0.3129 | err:0.6886 | horse_01 hippo_03
2026-06-30 00:20:39,299 INFO: avg err:0.3153 | err:0.8173 | horse_01 hippo_04
2026-06-30 00:20:39,649 INFO: avg err:0.3162 | err:0.5058 | horse_01 hippo_05
2026-06-30 00:20:39,866 INFO: avg err:0.3180 | err:0.6813 | horse_01 hippo_06
2026-06-30 00:20:40,202 INFO: avg err:0.3165 | err:0.0000 | horse_01 horse_01
2026-06-30 00:20:40,517 INFO: avg err:0.3151 | err:0.0173 | horse_01 horse_02
2026-06-30 00:20:40,886 INFO: avg err:0.3136 | err:0.0129 | horse_01 horse_03
2026-06-30 00:20:41,099 INFO: avg err:0.3123 | err:0.0197 | horse_01 horse_04
2026-06-30 00:20:41,422 INFO: avg err:0.3109 | err:0.0223 | horse_01 horse_05
2026-06-30 00:20:41,667 INFO: avg err:0.3096 | err:0.0340 | horse_01 horse_06
2026-06-30 00:20:41,889 INFO: avg err:0.3083 | err:0.0198 | horse_01 horse_07
2026-06-30 00:20:42,129 INFO: avg err:0.3070 | err:0.0163 | horse_01 horse_08
2026-06-30 00:20:42,397 INFO: avg err:0.3058 | err:0.0598 | horse_01 horse_09
2026-06-30 00:20:42,687 INFO: avg err:0.3050 | err:0.1243 | horse_01 horse_10
2026-06-30 00:20:42,930 INFO: avg err:0.3038 | err:0.0292 | horse_02 cougar_01
2026-06-30 00:20:43,202 INFO: avg err:0.3026 | err:0.0560 | horse_02 cougar_02
2026-06-30 00:20:43,542 INFO: avg err:0.3014 | err:0.0313 | horse_02 cougar_03
2026-06-30 00:20:43,799 INFO: avg err:0.3002 | err:0.0350 | horse_02 cougar_04
2026-06-30 00:20:44,051 INFO: avg err:0.3024 | err:0.7931 | horse_02 hippo_01
2026-06-30 00:20:44,351 INFO: avg err:0.3043 | err:0.7345 | horse_02 hippo_02
2026-06-30 00:20:44,603 INFO: avg err:0.3063 | err:0.7487 | horse_02 hippo_03
2026-06-30 00:20:44,913 INFO: avg err:0.3086 | err:0.8360 | horse_02 hippo_04
2026-06-30 00:20:45,333 INFO: avg err:0.3092 | err:0.4319 | horse_02 hippo_05
2026-06-30 00:20:45,638 INFO: avg err:0.3109 | err:0.7001 | horse_02 hippo_06
2026-06-30 00:20:45,891 INFO: avg err:0.3096 | err:0.0181 | horse_02 horse_01
2026-06-30 00:20:46,114 INFO: avg err:0.3083 | err:0.0000 | horse_02 horse_02
2026-06-30 00:20:46,631 INFO: avg err:0.3070 | err:0.0131 | horse_02 horse_03
2026-06-30 00:20:46,950 INFO: avg err:0.3057 | err:0.0134 | horse_02 horse_04
2026-06-30 00:20:47,281 INFO: avg err:0.3045 | err:0.0224 | horse_02 horse_05
2026-06-30 00:20:47,562 INFO: avg err:0.3033 | err:0.0205 | horse_02 horse_06
2026-06-30 00:20:47,793 INFO: avg err:0.3022 | err:0.0249 | horse_02 horse_07
2026-06-30 00:20:48,001 INFO: avg err:0.3009 | err:0.0128 | horse_02 horse_08
2026-06-30 00:20:48,381 INFO: avg err:0.3000 | err:0.0797 | horse_02 horse_09
2026-06-30 00:20:48,648 INFO: avg err:0.2994 | err:0.1461 | horse_02 horse_10
2026-06-30 00:20:49,075 INFO: avg err:0.2982 | err:0.0290 | horse_03 cougar_01
2026-06-30 00:20:49,297 INFO: avg err:0.2974 | err:0.0848 | horse_03 cougar_02
2026-06-30 00:20:49,684 INFO: avg err:0.2963 | err:0.0327 | horse_03 cougar_03
2026-06-30 00:20:49,893 INFO: avg err:0.2952 | err:0.0316 | horse_03 cougar_04
2026-06-30 00:20:50,277 INFO: avg err:0.2967 | err:0.6756 | horse_03 hippo_01
2026-06-30 00:20:50,585 INFO: avg err:0.2983 | err:0.6905 | horse_03 hippo_02
2026-06-30 00:20:50,910 INFO: avg err:0.2999 | err:0.6881 | horse_03 hippo_03
2026-06-30 00:20:51,137 INFO: avg err:0.3018 | err:0.7609 | horse_03 hippo_04
2026-06-30 00:20:51,418 INFO: avg err:0.3024 | err:0.4517 | horse_03 hippo_05
2026-06-30 00:20:51,687 INFO: avg err:0.3038 | err:0.6545 | horse_03 hippo_06
2026-06-30 00:20:52,006 INFO: avg err:0.3026 | err:0.0125 | horse_03 horse_01
2026-06-30 00:20:52,308 INFO: avg err:0.3015 | err:0.0124 | horse_03 horse_02
2026-06-30 00:20:52,667 INFO: avg err:0.3003 | err:0.0000 | horse_03 horse_03
2026-06-30 00:20:52,874 INFO: avg err:0.2992 | err:0.0180 | horse_03 horse_04
2026-06-30 00:20:53,346 INFO: avg err:0.2981 | err:0.0203 | horse_03 horse_05
2026-06-30 00:20:53,581 INFO: avg err:0.2970 | err:0.0207 | horse_03 horse_06
2026-06-30 00:20:53,814 INFO: avg err:0.2959 | err:0.0224 | horse_03 horse_07
2026-06-30 00:20:54,056 INFO: avg err:0.2948 | err:0.0134 | horse_03 horse_08
2026-06-30 00:20:54,374 INFO: avg err:0.2940 | err:0.0800 | horse_03 horse_09
2026-06-30 00:20:54,580 INFO: avg err:0.2934 | err:0.1326 | horse_03 horse_10
2026-06-30 00:20:55,067 INFO: avg err:0.2924 | err:0.0322 | horse_04 cougar_01
2026-06-30 00:20:55,344 INFO: avg err:0.2916 | err:0.0862 | horse_04 cougar_02
2026-06-30 00:20:55,638 INFO: avg err:0.2906 | err:0.0335 | horse_04 cougar_03
2026-06-30 00:20:55,855 INFO: avg err:0.2897 | err:0.0374 | horse_04 cougar_04
2026-06-30 00:20:56,211 INFO: avg err:0.2915 | err:0.7796 | horse_04 hippo_01
2026-06-30 00:20:56,433 INFO: avg err:0.2933 | err:0.7599 | horse_04 hippo_02
2026-06-30 00:20:56,713 INFO: avg err:0.2951 | err:0.7850 | horse_04 hippo_03
2026-06-30 00:20:57,022 INFO: avg err:0.2973 | err:0.8787 | horse_04 hippo_04
2026-06-30 00:20:57,326 INFO: avg err:0.2978 | err:0.4259 | horse_04 hippo_05
2026-06-30 00:20:57,546 INFO: avg err:0.2994 | err:0.7370 | horse_04 hippo_06
2026-06-30 00:20:57,862 INFO: avg err:0.2984 | err:0.0197 | horse_04 horse_01
2026-06-30 00:20:58,140 INFO: avg err:0.2973 | err:0.0135 | horse_04 horse_02
2026-06-30 00:20:58,433 INFO: avg err:0.2963 | err:0.0171 | horse_04 horse_03
2026-06-30 00:20:58,669 INFO: avg err:0.2952 | err:0.0000 | horse_04 horse_04
2026-06-30 00:20:58,916 INFO: avg err:0.2942 | err:0.0225 | horse_04 horse_05
2026-06-30 00:20:59,151 INFO: avg err:0.2932 | err:0.0256 | horse_04 horse_06
2026-06-30 00:20:59,427 INFO: avg err:0.2923 | err:0.0261 | horse_04 horse_07
2026-06-30 00:20:59,650 INFO: avg err:0.2913 | err:0.0184 | horse_04 horse_08
2026-06-30 00:20:59,963 INFO: avg err:0.2905 | err:0.0632 | horse_04 horse_09
2026-06-30 00:21:00,194 INFO: avg err:0.2899 | err:0.1374 | horse_04 horse_10
2026-06-30 00:21:00,611 INFO: avg err:0.2890 | err:0.0335 | horse_05 cougar_01
2026-06-30 00:21:00,872 INFO: avg err:0.2882 | err:0.0713 | horse_05 cougar_02
2026-06-30 00:21:01,123 INFO: avg err:0.2873 | err:0.0343 | horse_05 cougar_03
2026-06-30 00:21:01,350 INFO: avg err:0.2865 | err:0.0343 | horse_05 cougar_04
2026-06-30 00:21:01,783 INFO: avg err:0.2881 | err:0.7580 | horse_05 hippo_01
2026-06-30 00:21:02,026 INFO: avg err:0.2897 | err:0.7395 | horse_05 hippo_02
2026-06-30 00:21:02,432 INFO: avg err:0.2914 | err:0.7732 | horse_05 hippo_03
2026-06-30 00:21:02,665 INFO: avg err:0.2933 | err:0.8480 | horse_05 hippo_04
2026-06-30 00:21:03,027 INFO: avg err:0.2939 | err:0.4795 | horse_05 hippo_05
2026-06-30 00:21:03,292 INFO: avg err:0.2954 | err:0.7270 | horse_05 hippo_06
2026-06-30 00:21:03,558 INFO: avg err:0.2945 | err:0.0224 | horse_05 horse_01
2026-06-30 00:21:03,780 INFO: avg err:0.2936 | err:0.0203 | horse_05 horse_02
2026-06-30 00:21:04,091 INFO: avg err:0.2926 | err:0.0188 | horse_05 horse_03
2026-06-30 00:21:04,319 INFO: avg err:0.2917 | err:0.0225 | horse_05 horse_04
2026-06-30 00:21:04,836 INFO: avg err:0.2907 | err:0.0000 | horse_05 horse_05
2026-06-30 00:21:05,089 INFO: avg err:0.2898 | err:0.0246 | horse_05 horse_06
2026-06-30 00:21:05,363 INFO: avg err:0.2889 | err:0.0260 | horse_05 horse_07
2026-06-30 00:21:05,601 INFO: avg err:0.2880 | err:0.0208 | horse_05 horse_08
2026-06-30 00:21:05,830 INFO: avg err:0.2874 | err:0.0997 | horse_05 horse_09
2026-06-30 00:21:06,143 INFO: avg err:0.2870 | err:0.1674 | horse_05 horse_10
2026-06-30 00:21:06,459 INFO: avg err:0.2862 | err:0.0318 | horse_06 cougar_01
2026-06-30 00:21:06,714 INFO: avg err:0.2854 | err:0.0703 | horse_06 cougar_02
2026-06-30 00:21:07,022 INFO: avg err:0.2846 | err:0.0345 | horse_06 cougar_03
2026-06-30 00:21:07,285 INFO: avg err:0.2838 | err:0.0361 | horse_06 cougar_04
2026-06-30 00:21:07,606 INFO: avg err:0.2856 | err:0.8414 | horse_06 hippo_01
2026-06-30 00:21:07,879 INFO: avg err:0.2873 | err:0.7843 | horse_06 hippo_02
2026-06-30 00:21:08,284 INFO: avg err:0.2888 | err:0.7572 | horse_06 hippo_03
2026-06-30 00:21:08,594 INFO: avg err:0.2907 | err:0.8901 | horse_06 hippo_04
2026-06-30 00:21:08,952 INFO: avg err:0.2911 | err:0.4097 | horse_06 hippo_05
2026-06-30 00:21:09,260 INFO: avg err:0.2925 | err:0.7124 | horse_06 hippo_06
2026-06-30 00:21:09,542 INFO: avg err:0.2916 | err:0.0201 | horse_06 horse_01
2026-06-30 00:21:09,753 INFO: avg err:0.2907 | err:0.0205 | horse_06 horse_02
2026-06-30 00:21:10,092 INFO: avg err:0.2899 | err:0.0185 | horse_06 horse_03
2026-06-30 00:21:10,394 INFO: avg err:0.2890 | err:0.0242 | horse_06 horse_04
2026-06-30 00:21:10,733 INFO: avg err:0.2882 | err:0.0244 | horse_06 horse_05
2026-06-30 00:21:11,062 INFO: avg err:0.2873 | err:0.0000 | horse_06 horse_06
2026-06-30 00:21:11,398 INFO: avg err:0.2864 | err:0.0202 | horse_06 horse_07
2026-06-30 00:21:11,708 INFO: avg err:0.2856 | err:0.0175 | horse_06 horse_08
2026-06-30 00:21:12,047 INFO: avg err:0.2850 | err:0.0920 | horse_06 horse_09
2026-06-30 00:21:12,357 INFO: avg err:0.2846 | err:0.1758 | horse_06 horse_10
2026-06-30 00:21:12,676 INFO: avg err:0.2838 | err:0.0329 | horse_07 cougar_01
2026-06-30 00:21:12,992 INFO: avg err:0.2832 | err:0.0800 | horse_07 cougar_02
2026-06-30 00:21:13,259 INFO: avg err:0.2824 | err:0.0351 | horse_07 cougar_03
2026-06-30 00:21:13,482 INFO: avg err:0.2817 | err:0.0286 | horse_07 cougar_04
2026-06-30 00:21:13,759 INFO: avg err:0.2832 | err:0.7870 | horse_07 hippo_01
2026-06-30 00:21:14,007 INFO: avg err:0.2847 | err:0.7746 | horse_07 hippo_02
2026-06-30 00:21:14,235 INFO: avg err:0.2863 | err:0.7865 | horse_07 hippo_03
2026-06-30 00:21:14,456 INFO: avg err:0.2881 | err:0.8841 | horse_07 hippo_04
2026-06-30 00:21:14,730 INFO: avg err:0.2887 | err:0.4772 | horse_07 hippo_05
2026-06-30 00:21:14,984 INFO: avg err:0.2901 | err:0.7560 | horse_07 hippo_06
2026-06-30 00:21:15,376 INFO: avg err:0.2892 | err:0.0172 | horse_07 horse_01
2026-06-30 00:21:15,669 INFO: avg err:0.2884 | err:0.0223 | horse_07 horse_02
2026-06-30 00:21:16,099 INFO: avg err:0.2876 | err:0.0195 | horse_07 horse_03
2026-06-30 00:21:16,381 INFO: avg err:0.2869 | err:0.0255 | horse_07 horse_04
2026-06-30 00:21:16,742 INFO: avg err:0.2861 | err:0.0255 | horse_07 horse_05
2026-06-30 00:21:17,004 INFO: avg err:0.2853 | err:0.0182 | horse_07 horse_06
2026-06-30 00:21:17,364 INFO: avg err:0.2844 | err:0.0000 | horse_07 horse_07
2026-06-30 00:21:17,578 INFO: avg err:0.2836 | err:0.0212 | horse_07 horse_08
2026-06-30 00:21:17,961 INFO: avg err:0.2830 | err:0.0630 | horse_07 horse_09
2026-06-30 00:21:18,230 INFO: avg err:0.2826 | err:0.1506 | horse_07 horse_10
2026-06-30 00:21:18,474 INFO: avg err:0.2819 | err:0.0281 | horse_08 cougar_01
2026-06-30 00:21:18,697 INFO: avg err:0.2813 | err:0.0833 | horse_08 cougar_02
2026-06-30 00:21:19,082 INFO: avg err:0.2805 | err:0.0300 | horse_08 cougar_03
2026-06-30 00:21:19,326 INFO: avg err:0.2798 | err:0.0333 | horse_08 cougar_04
2026-06-30 00:21:19,810 INFO: avg err:0.2812 | err:0.7460 | horse_08 hippo_01
2026-06-30 00:21:20,105 INFO: avg err:0.2826 | err:0.7813 | horse_08 hippo_02
2026-06-30 00:21:20,449 INFO: avg err:0.2839 | err:0.7244 | horse_08 hippo_03
2026-06-30 00:21:20,745 INFO: avg err:0.2854 | err:0.8207 | horse_08 hippo_04
2026-06-30 00:21:21,101 INFO: avg err:0.2859 | err:0.4591 | horse_08 hippo_05
2026-06-30 00:21:21,314 INFO: avg err:0.2872 | err:0.7212 | horse_08 hippo_06
2026-06-30 00:21:21,540 INFO: avg err:0.2864 | err:0.0180 | horse_08 horse_01
2026-06-30 00:21:21,765 INFO: avg err:0.2856 | err:0.0127 | horse_08 horse_02
2026-06-30 00:21:22,067 INFO: avg err:0.2849 | err:0.0145 | horse_08 horse_03
2026-06-30 00:21:22,289 INFO: avg err:0.2841 | err:0.0184 | horse_08 horse_04
2026-06-30 00:21:22,672 INFO: avg err:0.2834 | err:0.0214 | horse_08 horse_05
2026-06-30 00:21:22,994 INFO: avg err:0.2826 | err:0.0209 | horse_08 horse_06
2026-06-30 00:21:23,318 INFO: avg err:0.2819 | err:0.0227 | horse_08 horse_07
2026-06-30 00:21:23,626 INFO: avg err:0.2811 | err:0.0000 | horse_08 horse_08
2026-06-30 00:21:23,952 INFO: avg err:0.2805 | err:0.0708 | horse_08 horse_09
2026-06-30 00:21:24,294 INFO: avg err:0.2801 | err:0.1284 | horse_08 horse_10
2026-06-30 00:21:24,615 INFO: avg err:0.2795 | err:0.0402 | horse_09 cougar_01
2026-06-30 00:21:24,965 INFO: avg err:0.2790 | err:0.1335 | horse_09 cougar_02
2026-06-30 00:21:25,286 INFO: avg err:0.2784 | err:0.0427 | horse_09 cougar_03
2026-06-30 00:21:25,616 INFO: avg err:0.2777 | err:0.0409 | horse_09 cougar_04
2026-06-30 00:21:25,972 INFO: avg err:0.2787 | err:0.6364 | horse_09 hippo_01
2026-06-30 00:21:26,249 INFO: avg err:0.2798 | err:0.6716 | horse_09 hippo_02
2026-06-30 00:21:26,567 INFO: avg err:0.2808 | err:0.6458 | horse_09 hippo_03
2026-06-30 00:21:26,823 INFO: avg err:0.2820 | err:0.7068 | horse_09 hippo_04
2026-06-30 00:21:27,075 INFO: avg err:0.2824 | err:0.4576 | horse_09 hippo_05
2026-06-30 00:21:27,309 INFO: avg err:0.2833 | err:0.6169 | horse_09 hippo_06
2026-06-30 00:21:27,564 INFO: avg err:0.2826 | err:0.0204 | horse_09 horse_01
2026-06-30 00:21:27,831 INFO: avg err:0.2819 | err:0.0178 | horse_09 horse_02
2026-06-30 00:21:28,061 INFO: avg err:0.2812 | err:0.0185 | horse_09 horse_03
2026-06-30 00:21:28,304 INFO: avg err:0.2805 | err:0.0197 | horse_09 horse_04
2026-06-30 00:21:28,578 INFO: avg err:0.2798 | err:0.0265 | horse_09 horse_05
2026-06-30 00:21:28,920 INFO: avg err:0.2794 | err:0.1106 | horse_09 horse_06
2026-06-30 00:21:29,263 INFO: avg err:0.2787 | err:0.0255 | horse_09 horse_07
2026-06-30 00:21:29,538 INFO: avg err:0.2780 | err:0.0201 | horse_09 horse_08
2026-06-30 00:21:29,815 INFO: avg err:0.2773 | err:0.0000 | horse_09 horse_09
2026-06-30 00:21:30,080 INFO: avg err:0.2768 | err:0.1061 | horse_09 horse_10
2026-06-30 00:21:30,329 INFO: avg err:0.2765 | err:0.1497 | horse_10 cougar_01
2026-06-30 00:21:30,654 INFO: avg err:0.2763 | err:0.2045 | horse_10 cougar_02
2026-06-30 00:21:30,987 INFO: avg err:0.2761 | err:0.1748 | horse_10 cougar_03
2026-06-30 00:21:31,214 INFO: avg err:0.2757 | err:0.1372 | horse_10 cougar_04
2026-06-30 00:21:31,442 INFO: avg err:0.2768 | err:0.6998 | horse_10 hippo_01
2026-06-30 00:21:31,677 INFO: avg err:0.2778 | err:0.6745 | horse_10 hippo_02
2026-06-30 00:21:31,932 INFO: avg err:0.2787 | err:0.6199 | horse_10 hippo_03
2026-06-30 00:21:32,147 INFO: avg err:0.2798 | err:0.7203 | horse_10 hippo_04
2026-06-30 00:21:32,407 INFO: avg err:0.2806 | err:0.5666 | horse_10 hippo_05
2026-06-30 00:21:32,699 INFO: avg err:0.2816 | err:0.6601 | horse_10 hippo_06
2026-06-30 00:21:32,992 INFO: avg err:0.2810 | err:0.0555 | horse_10 horse_01
2026-06-30 00:21:33,278 INFO: avg err:0.2804 | err:0.0621 | horse_10 horse_02
2026-06-30 00:21:33,542 INFO: avg err:0.2800 | err:0.1068 | horse_10 horse_03
2026-06-30 00:21:33,903 INFO: avg err:0.2794 | err:0.0497 | horse_10 horse_04
2026-06-30 00:21:34,233 INFO: avg err:0.2789 | err:0.0727 | horse_10 horse_05
2026-06-30 00:21:34,557 INFO: avg err:0.2783 | err:0.0654 | horse_10 horse_06
2026-06-30 00:21:34,920 INFO: avg err:0.2778 | err:0.0811 | horse_10 horse_07
2026-06-30 00:21:35,131 INFO: avg err:0.2773 | err:0.0655 | horse_10 horse_08
2026-06-30 00:21:35,354 INFO: avg err:0.2767 | err:0.0273 | horse_10 horse_09
2026-06-30 00:21:35,566 INFO: avg err:0.2760 | err:0.0000 | horse_10 horse_10
2026-06-30 00:21:35,597 INFO: Avg time: 0.1048
2026-06-30 00:21:36,107 INFO: Val auc: 0.5336
2026-06-30 00:21:36,112 INFO: Val avg error: 0.2760
2026-06-30 00:21:36,150 INFO: [ONB diag] max|Q-I|: mean=8.3495e-03 max=9.6686e-03 | max|Φ̃ᵀMΦ̃-I|: mean=7.3731e-07 max=9.5367e-07
2026-06-30 00:21:42,172 INFO: [smal_..][epoch: 15, iter:  12,020, lr:(2.855e-04,2.855e-04,)][eta: 0:29:45, time (data): 0.311 (0.015)]l_bij: 8.2589e+01 l_orth: 9.1225e+01 l_align: 7.3394e+01 l_qreg: 6.4304e-01 l_total: 2.4785e+02 
2026-06-30 00:21:48,252 INFO: [smal_..][epoch: 15, iter:  12,040, lr:(2.855e-04,2.855e-04,)][eta: 0:29:37, time (data): 0.311 (0.015)]l_bij: 7.8393e+01 l_orth: 8.7426e+01 l_align: 7.7266e+01 l_qreg: 6.2330e-01 l_total: 2.4371e+02 
2026-06-30 00:21:54,385 INFO: [smal_..][epoch: 15, iter:  12,060, lr:(2.855e-04,2.855e-04,)][eta: 0:29:30, time (data): 0.310 (0.015)]l_bij: 8.5549e+01 l_orth: 9.7033e+01 l_align: 7.9195e+01 l_qreg: 6.6249e-01 l_total: 2.6244e+02 
2026-06-30 00:22:00,669 INFO: [smal_..][epoch: 15, iter:  12,080, lr:(2.855e-04,2.855e-04,)][eta: 0:29:22, time (data): 0.314 (0.016)]l_bij: 7.5938e+01 l_orth: 8.6121e+01 l_align: 7.0265e+01 l_qreg: 7.9619e-01 l_total: 2.3312e+02 
2026-06-30 00:22:06,965 INFO: [smal_..][epoch: 15, iter:  12,100, lr:(2.855e-04,2.855e-04,)][eta: 0:29:14, time (data): 0.314 (0.016)]l_bij: 1.1552e+02 l_orth: 1.1804e+02 l_align: 8.7951e+01 l_qreg: 7.8748e-01 l_total: 3.2229e+02 
2026-06-30 00:22:13,222 INFO: [smal_..][epoch: 15, iter:  12,120, lr:(2.855e-04,2.855e-04,)][eta: 0:29:06, time (data): 0.314 (0.016)]l_bij: 6.7973e+01 l_orth: 8.4792e+01 l_align: 7.8991e+01 l_qreg: 6.3475e-01 l_total: 2.3239e+02 
2026-06-30 00:22:19,344 INFO: [smal_..][epoch: 15, iter:  12,140, lr:(2.855e-04,2.855e-04,)][eta: 0:28:58, time (data): 0.312 (0.015)]l_bij: 3.4710e+01 l_orth: 5.9531e+01 l_align: 7.4657e+01 l_qreg: 6.5674e-01 l_total: 1.6955e+02 
2026-06-30 00:22:25,503 INFO: [smal_..][epoch: 15, iter:  12,160, lr:(2.855e-04,2.855e-04,)][eta: 0:28:50, time (data): 0.311 (0.015)]l_bij: 6.5183e+01 l_orth: 7.8004e+01 l_align: 6.6805e+01 l_qreg: 5.8433e-01 l_total: 2.1058e+02 
2026-06-30 00:22:31,663 INFO: [smal_..][epoch: 15, iter:  12,180, lr:(2.855e-04,2.855e-04,)][eta: 0:28:42, time (data): 0.310 (0.015)]l_bij: 6.8938e+01 l_orth: 8.3441e+01 l_align: 7.3522e+01 l_qreg: 6.0733e-01 l_total: 2.2651e+02 
2026-06-30 00:22:37,843 INFO: [smal_..][epoch: 15, iter:  12,200, lr:(2.855e-04,2.855e-04,)][eta: 0:28:34, time (data): 0.310 (0.015)]l_bij: 9.4478e+01 l_orth: 1.0077e+02 l_align: 8.2357e+01 l_qreg: 6.6319e-01 l_total: 2.7827e+02 
2026-06-30 00:22:44,027 INFO: [smal_..][epoch: 15, iter:  12,220, lr:(2.855e-04,2.855e-04,)][eta: 0:28:26, time (data): 0.310 (0.015)]l_bij: 9.6669e+01 l_orth: 1.0247e+02 l_align: 8.1143e+01 l_qreg: 6.9407e-01 l_total: 2.8098e+02 
2026-06-30 00:22:50,194 INFO: [smal_..][epoch: 15, iter:  12,240, lr:(2.855e-04,2.855e-04,)][eta: 0:28:18, time (data): 0.310 (0.015)]l_bij: 5.5162e+01 l_orth: 8.0831e+01 l_align: 7.7102e+01 l_qreg: 7.6244e-01 l_total: 2.1386e+02 
2026-06-30 00:22:56,381 INFO: [smal_..][epoch: 15, iter:  12,260, lr:(2.855e-04,2.855e-04,)][eta: 0:28:11, time (data): 0.310 (0.015)]l_bij: 5.1175e+01 l_orth: 7.0439e+01 l_align: 7.0020e+01 l_qreg: 5.4016e-01 l_total: 1.9217e+02 
2026-06-30 00:23:02,570 INFO: [smal_..][epoch: 15, iter:  12,280, lr:(2.855e-04,2.855e-04,)][eta: 0:28:03, time (data): 0.310 (0.015)]l_bij: 8.4087e+01 l_orth: 9.6941e+01 l_align: 7.9662e+01 l_qreg: 6.9084e-01 l_total: 2.6138e+02 
2026-06-30 00:23:08,754 INFO: [smal_..][epoch: 15, iter:  12,300, lr:(2.855e-04,2.855e-04,)][eta: 0:27:55, time (data): 0.309 (0.015)]l_bij: 7.9356e+01 l_orth: 8.8553e+01 l_align: 7.5630e+01 l_qreg: 6.9533e-01 l_total: 2.4423e+02 
2026-06-30 00:23:14,934 INFO: [smal_..][epoch: 15, iter:  12,320, lr:(2.855e-04,2.855e-04,)][eta: 0:27:47, time (data): 0.309 (0.014)]l_bij: 5.4256e+01 l_orth: 7.2915e+01 l_align: 6.7271e+01 l_qreg: 6.2249e-01 l_total: 1.9507e+02 
2026-06-30 00:23:21,271 INFO: [smal_..][epoch: 15, iter:  12,340, lr:(2.855e-04,2.855e-04,)][eta: 0:27:39, time (data): 0.311 (0.015)]l_bij: 9.4095e+01 l_orth: 9.9152e+01 l_align: 7.8567e+01 l_qreg: 8.4978e-01 l_total: 2.7266e+02 
2026-06-30 00:23:27,585 INFO: [smal_..][epoch: 15, iter:  12,360, lr:(2.855e-04,2.855e-04,)][eta: 0:27:31, time (data): 0.312 (0.015)]l_bij: 3.7052e+01 l_orth: 6.4645e+01 l_align: 7.9648e+01 l_qreg: 7.2696e-01 l_total: 1.8207e+02 
2026-06-30 00:23:33,809 INFO: [smal_..][epoch: 15, iter:  12,380, lr:(2.855e-04,2.855e-04,)][eta: 0:27:23, time (data): 0.312 (0.015)]l_bij: 2.1197e+01 l_orth: 5.6729e+01 l_align: 8.4579e+01 l_qreg: 8.1253e-01 l_total: 1.6332e+02 
2026-06-30 00:23:40,184 INFO: [smal_..][epoch: 15, iter:  12,400, lr:(2.855e-04,2.855e-04,)][eta: 0:27:16, time (data): 0.313 (0.015)]l_bij: 4.7925e+00 l_orth: 4.8204e+01 l_align: 8.9816e+01 l_qreg: 6.5322e-01 l_total: 1.4347e+02 
2026-06-30 00:23:46,415 INFO: [smal_..][epoch: 15, iter:  12,420, lr:(2.855e-04,2.855e-04,)][eta: 0:27:08, time (data): 0.313 (0.015)]l_bij: 9.2664e+01 l_orth: 1.0181e+02 l_align: 7.8549e+01 l_qreg: 5.7995e-01 l_total: 2.7360e+02 
2026-06-30 00:23:52,640 INFO: [smal_..][epoch: 15, iter:  12,440, lr:(2.855e-04,2.855e-04,)][eta: 0:27:00, time (data): 0.312 (0.015)]l_bij: 7.8771e+01 l_orth: 9.0952e+01 l_align: 7.7504e+01 l_qreg: 5.9151e-01 l_total: 2.4782e+02 
2026-06-30 00:23:58,784 INFO: [smal_..][epoch: 15, iter:  12,460, lr:(2.855e-04,2.855e-04,)][eta: 0:26:52, time (data): 0.312 (0.015)]l_bij: 8.2645e+01 l_orth: 8.9404e+01 l_align: 7.4875e+01 l_qreg: 5.3427e-01 l_total: 2.4746e+02 
2026-06-30 00:24:04,949 INFO: [smal_..][epoch: 15, iter:  12,480, lr:(2.855e-04,2.855e-04,)][eta: 0:26:44, time (data): 0.305 (0.014)]l_bij: 7.1465e+01 l_orth: 8.3102e+01 l_align: 6.8426e+01 l_qreg: 5.4441e-01 l_total: 2.2354e+02 
2026-06-30 00:24:11,127 INFO: [smal_..][epoch: 15, iter:  12,500, lr:(2.855e-04,2.855e-04,)][eta: 0:26:37, time (data): 0.307 (0.015)]l_bij: 5.1190e+01 l_orth: 7.3156e+01 l_align: 7.6313e+01 l_qreg: 1.0119e+00 l_total: 2.0167e+02 
2026-06-30 00:24:17,365 INFO: [smal_..][epoch: 15, iter:  12,520, lr:(2.855e-04,2.855e-04,)][eta: 0:26:29, time (data): 0.309 (0.015)]l_bij: 8.7402e+01 l_orth: 9.4178e+01 l_align: 7.8026e+01 l_qreg: 9.2682e-01 l_total: 2.6053e+02 
2026-06-30 00:24:23,631 INFO: [smal_..][epoch: 15, iter:  12,540, lr:(2.855e-04,2.855e-04,)][eta: 0:26:21, time (data): 0.310 (0.015)]l_bij: 9.7741e+01 l_orth: 1.0102e+02 l_align: 8.2578e+01 l_qreg: 8.5710e-01 l_total: 2.8220e+02 
2026-06-30 00:24:30,035 INFO: [smal_..][epoch: 15, iter:  12,560, lr:(2.855e-04,2.855e-04,)][eta: 0:26:13, time (data): 0.312 (0.015)]l_bij: 8.5180e+01 l_orth: 9.5143e+01 l_align: 8.0663e+01 l_qreg: 7.0642e-01 l_total: 2.6169e+02 
2026-06-30 00:24:36,348 INFO: [smal_..][epoch: 15, iter:  12,580, lr:(2.855e-04,2.855e-04,)][eta: 0:26:06, time (data): 0.312 (0.015)]l_bij: 7.6053e+01 l_orth: 8.6913e+01 l_align: 7.2035e+01 l_qreg: 5.7174e-01 l_total: 2.3557e+02 
2026-06-30 00:24:42,627 INFO: [smal_..][epoch: 15, iter:  12,600, lr:(2.855e-04,2.855e-04,)][eta: 0:25:58, time (data): 0.313 (0.015)]l_bij: 1.0841e+02 l_orth: 1.1085e+02 l_align: 8.5482e+01 l_qreg: 7.4476e-01 l_total: 3.0549e+02 
2026-06-30 00:24:49,104 INFO: [smal_..][epoch: 16, iter:  12,620, lr:(2.318e-04,2.318e-04,)][eta: 0:25:50, time (data): 0.314 (0.017)]l_bij: 6.5465e+01 l_orth: 8.1754e+01 l_align: 7.7418e+01 l_qreg: 8.5959e-01 l_total: 2.2550e+02 
2026-06-30 00:24:55,422 INFO: [smal_..][epoch: 16, iter:  12,640, lr:(2.318e-04,2.318e-04,)][eta: 0:25:42, time (data): 0.314 (0.016)]l_bij: 7.5437e+01 l_orth: 8.7802e+01 l_align: 7.5161e+01 l_qreg: 6.3629e-01 l_total: 2.3904e+02 
2026-06-30 00:25:02,185 INFO: [smal_..][epoch: 16, iter:  12,660, lr:(2.318e-04,2.318e-04,)][eta: 0:25:35, time (data): 0.317 (0.016)]l_bij: 8.3977e+01 l_orth: 9.1783e+01 l_align: 7.1006e+01 l_qreg: 5.7770e-01 l_total: 2.4734e+02 
2026-06-30 00:25:08,513 INFO: [smal_..][epoch: 16, iter:  12,680, lr:(2.318e-04,2.318e-04,)][eta: 0:25:27, time (data): 0.317 (0.016)]l_bij: 5.0035e+00 l_orth: 4.4710e+01 l_align: 8.1537e+01 l_qreg: 6.2257e-01 l_total: 1.3187e+02 
2026-06-30 00:25:15,162 INFO: [smal_..][epoch: 16, iter:  12,700, lr:(2.318e-04,2.318e-04,)][eta: 0:25:19, time (data): 0.325 (0.016)]l_bij: 5.1664e+01 l_orth: 7.0520e+01 l_align: 6.9143e+01 l_qreg: 5.6116e-01 l_total: 1.9189e+02 
2026-06-30 00:25:21,510 INFO: [smal_..][epoch: 16, iter:  12,720, lr:(2.318e-04,2.318e-04,)][eta: 0:25:12, time (data): 0.322 (0.016)]l_bij: 9.7135e+01 l_orth: 1.0112e+02 l_align: 8.5416e+01 l_qreg: 9.9189e-01 l_total: 2.8466e+02 
2026-06-30 00:25:27,835 INFO: [smal_..][epoch: 16, iter:  12,740, lr:(2.318e-04,2.318e-04,)][eta: 0:25:04, time (data): 0.321 (0.016)]l_bij: 1.0154e+02 l_orth: 1.0457e+02 l_align: 8.3169e+01 l_qreg: 7.2770e-01 l_total: 2.9001e+02 
2026-06-30 00:25:34,130 INFO: [smal_..][epoch: 16, iter:  12,760, lr:(2.318e-04,2.318e-04,)][eta: 0:24:56, time (data): 0.319 (0.015)]l_bij: 7.8919e+01 l_orth: 9.0294e+01 l_align: 7.3288e+01 l_qreg: 6.0990e-01 l_total: 2.4311e+02 
2026-06-30 00:25:40,418 INFO: [smal_..][epoch: 16, iter:  12,780, lr:(2.318e-04,2.318e-04,)][eta: 0:24:49, time (data): 0.318 (0.015)]l_bij: 8.8362e+01 l_orth: 9.5407e+01 l_align: 7.6939e+01 l_qreg: 8.6750e-01 l_total: 2.6158e+02 
2026-06-30 00:25:46,871 INFO: [smal_..][epoch: 16, iter:  12,800, lr:(2.318e-04,2.318e-04,)][eta: 0:24:41, time (data): 0.319 (0.015)]l_bij: 8.0387e+01 l_orth: 8.9257e+01 l_align: 7.4182e+01 l_qreg: 6.7924e-01 l_total: 2.4450e+02 
2026-06-30 00:25:53,210 INFO: [smal_..][epoch: 16, iter:  12,820, lr:(2.318e-04,2.318e-04,)][eta: 0:24:33, time (data): 0.319 (0.015)]l_bij: 7.8166e+01 l_orth: 8.5101e+01 l_align: 7.0501e+01 l_qreg: 5.9894e-01 l_total: 2.3437e+02 
2026-06-30 00:25:59,463 INFO: [smal_..][epoch: 16, iter:  12,840, lr:(2.318e-04,2.318e-04,)][eta: 0:24:25, time (data): 0.318 (0.015)]l_bij: 4.3886e+01 l_orth: 6.2335e+01 l_align: 6.8671e+01 l_qreg: 4.9069e-01 l_total: 1.7538e+02 
2026-06-30 00:26:05,836 INFO: [smal_..][epoch: 16, iter:  12,860, lr:(2.318e-04,2.318e-04,)][eta: 0:24:18, time (data): 0.318 (0.015)]l_bij: 7.9015e+01 l_orth: 8.7067e+01 l_align: 7.3038e+01 l_qreg: 6.5017e-01 l_total: 2.3977e+02 
2026-06-30 00:26:12,137 INFO: [smal_..][epoch: 16, iter:  12,880, lr:(2.318e-04,2.318e-04,)][eta: 0:24:10, time (data): 0.316 (0.014)]l_bij: 9.9646e+01 l_orth: 1.0217e+02 l_align: 8.2163e+01 l_qreg: 8.2725e-01 l_total: 2.8481e+02 
2026-06-30 00:26:18,433 INFO: [smal_..][epoch: 16, iter:  12,900, lr:(2.318e-04,2.318e-04,)][eta: 0:24:02, time (data): 0.315 (0.015)]l_bij: 8.3978e+01 l_orth: 9.2770e+01 l_align: 7.3308e+01 l_qreg: 6.4598e-01 l_total: 2.5070e+02 
2026-06-30 00:26:24,709 INFO: [smal_..][epoch: 16, iter:  12,920, lr:(2.318e-04,2.318e-04,)][eta: 0:23:55, time (data): 0.315 (0.015)]l_bij: 1.0454e+02 l_orth: 1.0640e+02 l_align: 8.1570e+01 l_qreg: 8.9462e-01 l_total: 2.9340e+02 
2026-06-30 00:26:31,145 INFO: [smal_..][epoch: 16, iter:  12,940, lr:(2.318e-04,2.318e-04,)][eta: 0:23:47, time (data): 0.316 (0.015)]l_bij: 5.2039e+01 l_orth: 7.0755e+01 l_align: 7.4225e+01 l_qreg: 5.9668e-01 l_total: 1.9762e+02 
2026-06-30 00:26:37,652 INFO: [smal_..][epoch: 16, iter:  12,960, lr:(2.318e-04,2.318e-04,)][eta: 0:23:39, time (data): 0.318 (0.015)]l_bij: 7.5450e+01 l_orth: 8.7744e+01 l_align: 8.3363e+01 l_qreg: 6.5023e-01 l_total: 2.4721e+02 
2026-06-30 00:26:44,016 INFO: [smal_..][epoch: 16, iter:  12,980, lr:(2.318e-04,2.318e-04,)][eta: 0:23:32, time (data): 0.318 (0.015)]l_bij: 5.7549e+00 l_orth: 4.3595e+01 l_align: 8.9316e+01 l_qreg: 9.5402e-01 l_total: 1.3962e+02 
2026-06-30 00:26:50,426 INFO: [smal_..][epoch: 16, iter:  13,000, lr:(2.318e-04,2.318e-04,)][eta: 0:23:24, time (data): 0.318 (0.015)]l_bij: 5.2051e+01 l_orth: 7.2735e+01 l_align: 7.3811e+01 l_qreg: 5.9729e-01 l_total: 1.9919e+02 
2026-06-30 00:26:56,737 INFO: [smal_..][epoch: 16, iter:  13,020, lr:(2.318e-04,2.318e-04,)][eta: 0:23:17, time (data): 0.318 (0.015)]l_bij: 9.7706e+01 l_orth: 1.0217e+02 l_align: 7.3471e+01 l_qreg: 6.6699e-01 l_total: 2.7401e+02 
2026-06-30 00:27:03,159 INFO: [smal_..][epoch: 16, iter:  13,040, lr:(2.318e-04,2.318e-04,)][eta: 0:23:09, time (data): 0.318 (0.015)]l_bij: 7.3993e+01 l_orth: 8.5391e+01 l_align: 7.3242e+01 l_qreg: 6.2384e-01 l_total: 2.3325e+02 
2026-06-30 00:27:09,445 INFO: [smal_..][epoch: 16, iter:  13,060, lr:(2.318e-04,2.318e-04,)][eta: 0:23:01, time (data): 0.318 (0.015)]l_bij: 1.0448e+02 l_orth: 1.0678e+02 l_align: 8.1888e+01 l_qreg: 9.7442e-01 l_total: 2.9412e+02 
2026-06-30 00:27:15,866 INFO: [smal_..][epoch: 16, iter:  13,080, lr:(2.318e-04,2.318e-04,)][eta: 0:22:54, time (data): 0.321 (0.015)]l_bij: 9.4059e+01 l_orth: 1.0412e+02 l_align: 7.5912e+01 l_qreg: 6.1359e-01 l_total: 2.7470e+02 
2026-06-30 00:27:22,198 INFO: [smal_..][epoch: 16, iter:  13,100, lr:(2.318e-04,2.318e-04,)][eta: 0:22:46, time (data): 0.318 (0.015)]l_bij: 8.6548e+01 l_orth: 9.2576e+01 l_align: 8.0458e+01 l_qreg: 7.6036e-01 l_total: 2.6034e+02 
2026-06-30 00:27:28,578 INFO: [smal_..][epoch: 16, iter:  13,120, lr:(2.318e-04,2.318e-04,)][eta: 0:22:38, time (data): 0.318 (0.014)]l_bij: 9.2906e+01 l_orth: 9.8627e+01 l_align: 8.0436e+01 l_qreg: 6.9030e-01 l_total: 2.7266e+02 
2026-06-30 00:27:34,842 INFO: [smal_..][epoch: 16, iter:  13,140, lr:(2.318e-04,2.318e-04,)][eta: 0:22:31, time (data): 0.317 (0.015)]l_bij: 1.0380e+02 l_orth: 1.0774e+02 l_align: 8.1341e+01 l_qreg: 9.1632e-01 l_total: 2.9380e+02 
2026-06-30 00:27:41,082 INFO: [smal_..][epoch: 16, iter:  13,160, lr:(2.318e-04,2.318e-04,)][eta: 0:22:23, time (data): 0.316 (0.015)]l_bij: 8.1128e+01 l_orth: 9.0295e+01 l_align: 7.7593e+01 l_qreg: 9.3637e-01 l_total: 2.4995e+02 
2026-06-30 00:27:47,303 INFO: [smal_..][epoch: 16, iter:  13,180, lr:(2.318e-04,2.318e-04,)][eta: 0:22:15, time (data): 0.315 (0.015)]l_bij: 8.8149e+01 l_orth: 9.5164e+01 l_align: 7.2907e+01 l_qreg: 6.9403e-01 l_total: 2.5691e+02 
2026-06-30 00:27:53,620 INFO: [smal_..][epoch: 16, iter:  13,200, lr:(2.318e-04,2.318e-04,)][eta: 0:22:08, time (data): 0.315 (0.015)]l_bij: 8.9115e+01 l_orth: 9.5489e+01 l_align: 7.3369e+01 l_qreg: 6.7442e-01 l_total: 2.5865e+02 
2026-06-30 00:27:59,929 INFO: [smal_..][epoch: 16, iter:  13,220, lr:(2.318e-04,2.318e-04,)][eta: 0:22:00, time (data): 0.315 (0.015)]l_bij: 9.1173e+01 l_orth: 9.6259e+01 l_align: 7.9151e+01 l_qreg: 1.0797e+00 l_total: 2.6766e+02 
2026-06-30 00:28:06,154 INFO: [smal_..][epoch: 16, iter:  13,240, lr:(2.318e-04,2.318e-04,)][eta: 0:21:53, time (data): 0.315 (0.015)]l_bij: 8.9851e+01 l_orth: 9.5958e+01 l_align: 7.2583e+01 l_qreg: 8.0821e-01 l_total: 2.5920e+02 
2026-06-30 00:28:12,298 INFO: [smal_..][epoch: 16, iter:  13,260, lr:(2.318e-04,2.318e-04,)][eta: 0:21:45, time (data): 0.314 (0.015)]l_bij: 8.2949e+01 l_orth: 8.8432e+01 l_align: 7.6357e+01 l_qreg: 7.0841e-01 l_total: 2.4845e+02 
2026-06-30 00:28:18,444 INFO: [smal_..][epoch: 16, iter:  13,280, lr:(2.318e-04,2.318e-04,)][eta: 0:21:37, time (data): 0.310 (0.014)]l_bij: 8.7977e+01 l_orth: 9.4068e+01 l_align: 7.8840e+01 l_qreg: 8.0729e-01 l_total: 2.6169e+02 
2026-06-30 00:28:24,555 INFO: [smal_..][epoch: 16, iter:  13,300, lr:(2.318e-04,2.318e-04,)][eta: 0:21:30, time (data): 0.307 (0.014)]l_bij: 9.2359e+01 l_orth: 9.6555e+01 l_align: 8.1946e+01 l_qreg: 8.1373e-01 l_total: 2.7167e+02 
2026-06-30 00:28:30,706 INFO: [smal_..][epoch: 16, iter:  13,320, lr:(2.318e-04,2.318e-04,)][eta: 0:21:22, time (data): 0.307 (0.014)]l_bij: 5.0998e+01 l_orth: 7.5936e+01 l_align: 7.9930e+01 l_qreg: 1.2164e+00 l_total: 2.0808e+02 
2026-06-30 00:28:36,882 INFO: [smal_..][epoch: 16, iter:  13,340, lr:(2.318e-04,2.318e-04,)][eta: 0:21:14, time (data): 0.308 (0.014)]l_bij: 5.7544e+01 l_orth: 7.5775e+01 l_align: 7.3685e+01 l_qreg: 8.2200e-01 l_total: 2.0783e+02 
2026-06-30 00:28:42,993 INFO: [smal_..][epoch: 16, iter:  13,360, lr:(2.318e-04,2.318e-04,)][eta: 0:21:07, time (data): 0.307 (0.014)]l_bij: 8.5775e+01 l_orth: 9.4404e+01 l_align: 7.9680e+01 l_qreg: 7.2455e-01 l_total: 2.6058e+02 
2026-06-30 00:28:49,155 INFO: [smal_..][epoch: 16, iter:  13,380, lr:(2.318e-04,2.318e-04,)][eta: 0:20:59, time (data): 0.307 (0.014)]l_bij: 9.6740e+01 l_orth: 1.0097e+02 l_align: 7.4092e+01 l_qreg: 6.6360e-01 l_total: 2.7247e+02 
2026-06-30 00:28:55,295 INFO: [smal_..][epoch: 16, iter:  13,400, lr:(2.318e-04,2.318e-04,)][eta: 0:20:51, time (data): 0.307 (0.014)]l_bij: 8.2100e+01 l_orth: 9.1741e+01 l_align: 7.3646e+01 l_qreg: 7.2127e-01 l_total: 2.4821e+02 
2026-06-30 00:29:01,457 INFO: [smal_..][epoch: 16, iter:  13,420, lr:(2.318e-04,2.318e-04,)][eta: 0:20:44, time (data): 0.307 (0.014)]l_bij: 7.7807e+01 l_orth: 9.0883e+01 l_align: 7.7706e+01 l_qreg: 5.5832e-01 l_total: 2.4695e+02 
2026-06-30 00:29:07,854 INFO: [smal_..][epoch: 16, iter:  13,440, lr:(2.318e-04,2.318e-04,)][eta: 0:20:36, time (data): 0.309 (0.014)]l_bij: 9.0962e+01 l_orth: 9.8767e+01 l_align: 7.6052e+01 l_qreg: 7.4913e-01 l_total: 2.6653e+02 
2026-06-30 00:29:14,361 INFO: [smal_..][epoch: 17, iter:  13,460, lr:(1.859e-04,1.859e-04,)][eta: 0:20:29, time (data): 0.310 (0.016)]l_bij: 5.1589e+01 l_orth: 7.0810e+01 l_align: 7.6141e+01 l_qreg: 4.8390e-01 l_total: 1.9902e+02 
2026-06-30 00:29:20,613 INFO: [smal_..][epoch: 17, iter:  13,480, lr:(1.859e-04,1.859e-04,)][eta: 0:20:21, time (data): 0.316 (0.014)]l_bij: 6.2735e+01 l_orth: 7.9995e+01 l_align: 7.2796e+01 l_qreg: 5.6285e-01 l_total: 2.1609e+02 
2026-06-30 00:29:26,919 INFO: [smal_..][epoch: 17, iter:  13,500, lr:(1.859e-04,1.859e-04,)][eta: 0:20:14, time (data): 0.315 (0.015)]l_bij: 9.3247e+01 l_orth: 9.9034e+01 l_align: 8.3027e+01 l_qreg: 7.8039e-01 l_total: 2.7609e+02 
2026-06-30 00:29:33,184 INFO: [smal_..][epoch: 17, iter:  13,520, lr:(1.859e-04,1.859e-04,)][eta: 0:20:06, time (data): 0.314 (0.015)]l_bij: 9.4985e+01 l_orth: 9.9736e+01 l_align: 8.0937e+01 l_qreg: 9.7264e-01 l_total: 2.7663e+02 
2026-06-30 00:29:39,483 INFO: [smal_..][epoch: 17, iter:  13,540, lr:(1.859e-04,1.859e-04,)][eta: 0:19:58, time (data): 0.314 (0.015)]l_bij: 9.3083e+01 l_orth: 9.9107e+01 l_align: 8.0915e+01 l_qreg: 7.8980e-01 l_total: 2.7389e+02 
2026-06-30 00:29:45,748 INFO: [smal_..][epoch: 17, iter:  13,560, lr:(1.859e-04,1.859e-04,)][eta: 0:19:51, time (data): 0.314 (0.015)]l_bij: 5.1154e+01 l_orth: 7.5572e+01 l_align: 8.0574e+01 l_qreg: 1.2620e+00 l_total: 2.0856e+02 
2026-06-30 00:29:51,939 INFO: [smal_..][epoch: 17, iter:  13,580, lr:(1.859e-04,1.859e-04,)][eta: 0:19:43, time (data): 0.313 (0.015)]l_bij: 5.3208e+01 l_orth: 7.3491e+01 l_align: 7.5137e+01 l_qreg: 8.8194e-01 l_total: 2.0272e+02 
2026-06-30 00:29:58,286 INFO: [smal_..][epoch: 17, iter:  13,600, lr:(1.859e-04,1.859e-04,)][eta: 0:19:36, time (data): 0.314 (0.015)]l_bij: 8.3647e+01 l_orth: 9.2680e+01 l_align: 7.4660e+01 l_qreg: 6.3478e-01 l_total: 2.5162e+02 
2026-06-30 00:30:04,651 INFO: [smal_..][epoch: 17, iter:  13,620, lr:(1.859e-04,1.859e-04,)][eta: 0:19:28, time (data): 0.314 (0.015)]l_bij: 6.9648e+01 l_orth: 8.0392e+01 l_align: 6.8473e+01 l_qreg: 6.2135e-01 l_total: 2.1913e+02 
2026-06-30 00:30:10,988 INFO: [smal_..][epoch: 17, iter:  13,640, lr:(1.859e-04,1.859e-04,)][eta: 0:19:21, time (data): 0.315 (0.015)]l_bij: 8.1593e+01 l_orth: 8.9065e+01 l_align: 7.8442e+01 l_qreg: 7.9791e-01 l_total: 2.4990e+02 
2026-06-30 00:30:17,187 INFO: [smal_..][epoch: 17, iter:  13,660, lr:(1.859e-04,1.859e-04,)][eta: 0:19:13, time (data): 0.314 (0.015)]l_bij: 9.6773e+01 l_orth: 1.0230e+02 l_align: 8.0553e+01 l_qreg: 7.2789e-01 l_total: 2.8035e+02 
2026-06-30 00:30:23,422 INFO: [smal_..][epoch: 17, iter:  13,680, lr:(1.859e-04,1.859e-04,)][eta: 0:19:06, time (data): 0.313 (0.015)]l_bij: 5.6317e+01 l_orth: 7.6408e+01 l_align: 7.2243e+01 l_qreg: 6.8111e-01 l_total: 2.0565e+02 
2026-06-30 00:30:29,728 INFO: [smal_..][epoch: 17, iter:  13,700, lr:(1.859e-04,1.859e-04,)][eta: 0:18:58, time (data): 0.314 (0.015)]l_bij: 8.4604e+01 l_orth: 9.2303e+01 l_align: 7.2597e+01 l_qreg: 6.1098e-01 l_total: 2.5012e+02 
2026-06-30 00:30:36,142 INFO: [smal_..][epoch: 17, iter:  13,720, lr:(1.859e-04,1.859e-04,)][eta: 0:18:51, time (data): 0.316 (0.015)]l_bij: 8.9930e+01 l_orth: 9.7239e+01 l_align: 7.9417e+01 l_qreg: 8.7982e-01 l_total: 2.6747e+02 
2026-06-30 00:30:42,544 INFO: [smal_..][epoch: 17, iter:  13,740, lr:(1.859e-04,1.859e-04,)][eta: 0:18:43, time (data): 0.317 (0.015)]l_bij: 5.9285e+01 l_orth: 7.4096e+01 l_align: 7.4336e+01 l_qreg: 6.6712e-01 l_total: 2.0838e+02 
2026-06-30 00:30:48,857 INFO: [smal_..][epoch: 17, iter:  13,760, lr:(1.859e-04,1.859e-04,)][eta: 0:18:36, time (data): 0.317 (0.015)]l_bij: 6.5287e+01 l_orth: 7.9488e+01 l_align: 7.1270e+01 l_qreg: 6.4815e-01 l_total: 2.1669e+02 
2026-06-30 00:30:55,076 INFO: [smal_..][epoch: 17, iter:  13,780, lr:(1.859e-04,1.859e-04,)][eta: 0:18:28, time (data): 0.316 (0.015)]l_bij: 5.9927e+01 l_orth: 7.5273e+01 l_align: 6.9327e+01 l_qreg: 5.6085e-01 l_total: 2.0509e+02 
2026-06-30 00:31:01,271 INFO: [smal_..][epoch: 17, iter:  13,800, lr:(1.859e-04,1.859e-04,)][eta: 0:18:20, time (data): 0.315 (0.015)]l_bij: 1.0149e+02 l_orth: 1.0426e+02 l_align: 8.1309e+01 l_qreg: 7.8061e-01 l_total: 2.8785e+02 
2026-06-30 00:31:07,390 INFO: [smal_..][epoch: 17, iter:  13,820, lr:(1.859e-04,1.859e-04,)][eta: 0:18:13, time (data): 0.314 (0.015)]l_bij: 6.0784e+01 l_orth: 8.0228e+01 l_align: 7.9534e+01 l_qreg: 1.1369e+00 l_total: 2.2168e+02 
2026-06-30 00:31:13,526 INFO: [smal_..][epoch: 17, iter:  13,840, lr:(1.859e-04,1.859e-04,)][eta: 0:18:05, time (data): 0.313 (0.015)]l_bij: 7.8755e+01 l_orth: 8.8506e+01 l_align: 7.5001e+01 l_qreg: 7.8462e-01 l_total: 2.4305e+02 
2026-06-30 00:31:19,704 INFO: [smal_..][epoch: 17, iter:  13,860, lr:(1.859e-04,1.859e-04,)][eta: 0:17:58, time (data): 0.312 (0.015)]l_bij: 8.5740e+01 l_orth: 9.1742e+01 l_align: 7.7197e+01 l_qreg: 8.0308e-01 l_total: 2.5548e+02 
2026-06-30 00:31:25,963 INFO: [smal_..][epoch: 17, iter:  13,880, lr:(1.859e-04,1.859e-04,)][eta: 0:17:50, time (data): 0.313 (0.014)]l_bij: 7.8362e+01 l_orth: 9.1043e+01 l_align: 7.5456e+01 l_qreg: 7.2034e-01 l_total: 2.4558e+02 
2026-06-30 00:31:32,122 INFO: [smal_..][epoch: 17, iter:  13,900, lr:(1.859e-04,1.859e-04,)][eta: 0:17:43, time (data): 0.309 (0.014)]l_bij: 7.9280e+01 l_orth: 9.0903e+01 l_align: 7.2193e+01 l_qreg: 5.9916e-01 l_total: 2.4297e+02 
2026-06-30 00:31:38,329 INFO: [smal_..][epoch: 17, iter:  13,920, lr:(1.859e-04,1.859e-04,)][eta: 0:17:35, time (data): 0.310 (0.014)]l_bij: 8.2309e+01 l_orth: 9.1353e+01 l_align: 7.2455e+01 l_qreg: 5.4121e-01 l_total: 2.4666e+02 
2026-06-30 00:31:44,540 INFO: [smal_..][epoch: 17, iter:  13,940, lr:(1.859e-04,1.859e-04,)][eta: 0:17:28, time (data): 0.310 (0.015)]l_bij: 9.4109e+01 l_orth: 9.9173e+01 l_align: 8.1984e+01 l_qreg: 7.6458e-01 l_total: 2.7603e+02 
2026-06-30 00:31:50,790 INFO: [smal_..][epoch: 17, iter:  13,960, lr:(1.859e-04,1.859e-04,)][eta: 0:17:20, time (data): 0.310 (0.015)]l_bij: 5.0861e+01 l_orth: 7.3146e+01 l_align: 7.4801e+01 l_qreg: 9.5020e-01 l_total: 1.9976e+02 
2026-06-30 00:31:56,937 INFO: [smal_..][epoch: 17, iter:  13,980, lr:(1.859e-04,1.859e-04,)][eta: 0:17:13, time (data): 0.310 (0.015)]l_bij: 8.0527e+01 l_orth: 9.1016e+01 l_align: 7.8854e+01 l_qreg: 7.6269e-01 l_total: 2.5116e+02 
2026-06-30 00:32:03,286 INFO: [smal_..][epoch: 17, iter:  14,000, lr:(1.859e-04,1.859e-04,)][eta: 0:17:05, time (data): 0.311 (0.015)]l_bij: 6.5882e+01 l_orth: 7.8956e+01 l_align: 6.8580e+01 l_qreg: 5.8881e-01 l_total: 2.1401e+02 
2026-06-30 00:32:03,287 INFO: Saving models and training states.
2026-06-30 00:32:03,311 INFO: Start validation.
2026-06-30 00:32:04,198 INFO: avg err:0.0000 | err:0.0000 | cougar_01 cougar_01
2026-06-30 00:32:04,446 INFO: avg err:0.0126 | err:0.0251 | cougar_01 cougar_02
2026-06-30 00:32:04,742 INFO: avg err:0.0133 | err:0.0148 | cougar_01 cougar_03
2026-06-30 00:32:04,959 INFO: avg err:0.0155 | err:0.0222 | cougar_01 cougar_04
2026-06-30 00:32:05,242 INFO: avg err:0.1492 | err:0.6840 | cougar_01 hippo_01
2026-06-30 00:32:05,477 INFO: avg err:0.2482 | err:0.7431 | cougar_01 hippo_02
2026-06-30 00:32:05,875 INFO: avg err:0.3082 | err:0.6678 | cougar_01 hippo_03
2026-06-30 00:32:06,163 INFO: avg err:0.3724 | err:0.8219 | cougar_01 hippo_04
2026-06-30 00:32:06,418 INFO: avg err:0.3780 | err:0.4230 | cougar_01 hippo_05
2026-06-30 00:32:06,690 INFO: avg err:0.4080 | err:0.6781 | cougar_01 hippo_06
2026-06-30 00:32:06,998 INFO: avg err:0.3739 | err:0.0324 | cougar_01 horse_01
2026-06-30 00:32:07,341 INFO: avg err:0.3452 | err:0.0304 | cougar_01 horse_02
2026-06-30 00:32:07,679 INFO: avg err:0.3208 | err:0.0277 | cougar_01 horse_03
2026-06-30 00:32:07,921 INFO: avg err:0.3002 | err:0.0327 | cougar_01 horse_04
2026-06-30 00:32:08,197 INFO: avg err:0.2826 | err:0.0358 | cougar_01 horse_05
2026-06-30 00:32:08,458 INFO: avg err:0.2672 | err:0.0364 | cougar_01 horse_06
2026-06-30 00:32:08,700 INFO: avg err:0.2536 | err:0.0357 | cougar_01 horse_07
2026-06-30 00:32:08,974 INFO: avg err:0.2411 | err:0.0280 | cougar_01 horse_08
2026-06-30 00:32:09,235 INFO: avg err:0.2343 | err:0.1127 | cougar_01 horse_09
2026-06-30 00:32:09,467 INFO: avg err:0.2295 | err:0.1373 | cougar_01 horse_10
2026-06-30 00:32:09,734 INFO: avg err:0.2196 | err:0.0225 | cougar_02 cougar_01
2026-06-30 00:32:10,067 INFO: avg err:0.2096 | err:0.0000 | cougar_02 cougar_02
2026-06-30 00:32:10,391 INFO: avg err:0.2013 | err:0.0187 | cougar_02 cougar_03
2026-06-30 00:32:10,752 INFO: avg err:0.1943 | err:0.0323 | cougar_02 cougar_04
2026-06-30 00:32:10,974 INFO: avg err:0.2216 | err:0.8772 | cougar_02 hippo_01
2026-06-30 00:32:11,214 INFO: avg err:0.2469 | err:0.8789 | cougar_02 hippo_02
2026-06-30 00:32:11,546 INFO: avg err:0.2638 | err:0.7043 | cougar_02 hippo_03
2026-06-30 00:32:11,812 INFO: avg err:0.2891 | err:0.9707 | cougar_02 hippo_04
2026-06-30 00:32:12,042 INFO: avg err:0.2958 | err:0.4843 | cougar_02 hippo_05
2026-06-30 00:32:12,257 INFO: avg err:0.3067 | err:0.6236 | cougar_02 hippo_06
2026-06-30 00:32:12,540 INFO: avg err:0.2986 | err:0.0547 | cougar_02 horse_01
2026-06-30 00:32:12,839 INFO: avg err:0.2906 | err:0.0429 | cougar_02 horse_02
2026-06-30 00:32:13,092 INFO: avg err:0.2832 | err:0.0465 | cougar_02 horse_03
2026-06-30 00:32:13,420 INFO: avg err:0.2762 | err:0.0434 | cougar_02 horse_04
2026-06-30 00:32:13,763 INFO: avg err:0.2697 | err:0.0509 | cougar_02 horse_05
2026-06-30 00:32:14,079 INFO: avg err:0.2644 | err:0.0785 | cougar_02 horse_06
2026-06-30 00:32:14,404 INFO: avg err:0.2588 | err:0.0571 | cougar_02 horse_07
2026-06-30 00:32:14,650 INFO: avg err:0.2531 | err:0.0414 | cougar_02 horse_08
2026-06-30 00:32:14,916 INFO: avg err:0.2512 | err:0.1801 | cougar_02 horse_09
2026-06-30 00:32:15,196 INFO: avg err:0.2507 | err:0.2302 | cougar_02 horse_10
2026-06-30 00:32:15,503 INFO: avg err:0.2449 | err:0.0139 | cougar_03 cougar_01
2026-06-30 00:32:15,794 INFO: avg err:0.2395 | err:0.0190 | cougar_03 cougar_02
2026-06-30 00:32:16,022 INFO: avg err:0.2340 | err:0.0000 | cougar_03 cougar_03
2026-06-30 00:32:16,269 INFO: avg err:0.2292 | err:0.0222 | cougar_03 cougar_04
2026-06-30 00:32:16,522 INFO: avg err:0.2432 | err:0.8622 | cougar_03 hippo_01
2026-06-30 00:32:16,805 INFO: avg err:0.2548 | err:0.7777 | cougar_03 hippo_02
2026-06-30 00:32:17,123 INFO: avg err:0.2636 | err:0.6659 | cougar_03 hippo_03
2026-06-30 00:32:17,347 INFO: avg err:0.2763 | err:0.8756 | cougar_03 hippo_04
2026-06-30 00:32:17,814 INFO: avg err:0.2804 | err:0.4762 | cougar_03 hippo_05
2026-06-30 00:32:18,081 INFO: avg err:0.2885 | err:0.6831 | cougar_03 hippo_06
2026-06-30 00:32:18,333 INFO: avg err:0.2836 | err:0.0394 | cougar_03 horse_01
2026-06-30 00:32:18,633 INFO: avg err:0.2788 | err:0.0327 | cougar_03 horse_02
2026-06-30 00:32:18,888 INFO: avg err:0.2741 | err:0.0345 | cougar_03 horse_03
2026-06-30 00:32:19,181 INFO: avg err:0.2697 | err:0.0349 | cougar_03 horse_04
2026-06-30 00:32:19,469 INFO: avg err:0.2656 | err:0.0451 | cougar_03 horse_05
2026-06-30 00:32:19,769 INFO: avg err:0.2620 | err:0.0598 | cougar_03 horse_06
2026-06-30 00:32:20,029 INFO: avg err:0.2581 | err:0.0398 | cougar_03 horse_07
2026-06-30 00:32:20,292 INFO: avg err:0.2541 | err:0.0305 | cougar_03 horse_08
2026-06-30 00:32:20,517 INFO: avg err:0.2520 | err:0.1273 | cougar_03 horse_09
2026-06-30 00:32:20,794 INFO: avg err:0.2505 | err:0.1606 | cougar_03 horse_10
2026-06-30 00:32:21,033 INFO: avg err:0.2467 | err:0.0218 | cougar_04 cougar_01
2026-06-30 00:32:21,406 INFO: avg err:0.2433 | err:0.0368 | cougar_04 cougar_02
2026-06-30 00:32:21,666 INFO: avg err:0.2398 | err:0.0220 | cougar_04 cougar_03
2026-06-30 00:32:21,986 INFO: avg err:0.2361 | err:0.0000 | cougar_04 cougar_04
2026-06-30 00:32:22,241 INFO: avg err:0.2436 | err:0.7223 | cougar_04 hippo_01
2026-06-30 00:32:22,709 INFO: avg err:0.2504 | err:0.6937 | cougar_04 hippo_02
2026-06-30 00:32:22,961 INFO: avg err:0.2564 | err:0.6532 | cougar_04 hippo_03
2026-06-30 00:32:23,236 INFO: avg err:0.2646 | err:0.8128 | cougar_04 hippo_04
2026-06-30 00:32:23,482 INFO: avg err:0.2666 | err:0.4042 | cougar_04 hippo_05
2026-06-30 00:32:23,769 INFO: avg err:0.2719 | err:0.6369 | cougar_04 hippo_06
2026-06-30 00:32:23,991 INFO: avg err:0.2684 | err:0.0279 | cougar_04 horse_01
2026-06-30 00:32:24,332 INFO: avg err:0.2652 | err:0.0340 | cougar_04 horse_02
2026-06-30 00:32:24,548 INFO: avg err:0.2619 | err:0.0286 | cougar_04 horse_03
2026-06-30 00:32:25,017 INFO: avg err:0.2589 | err:0.0379 | cougar_04 horse_04
2026-06-30 00:32:25,267 INFO: avg err:0.2560 | err:0.0402 | cougar_04 horse_05
2026-06-30 00:32:25,562 INFO: avg err:0.2531 | err:0.0392 | cougar_04 horse_06
2026-06-30 00:32:25,803 INFO: avg err:0.2503 | err:0.0307 | cougar_04 horse_07
2026-06-30 00:32:26,144 INFO: avg err:0.2475 | err:0.0316 | cougar_04 horse_08
2026-06-30 00:32:26,366 INFO: avg err:0.2458 | err:0.1179 | cougar_04 horse_09
2026-06-30 00:32:26,639 INFO: avg err:0.2445 | err:0.1422 | cougar_04 horse_10
2026-06-30 00:32:26,869 INFO: avg err:0.2487 | err:0.5839 | hippo_01 cougar_01
2026-06-30 00:32:27,309 INFO: avg err:0.2523 | err:0.5470 | hippo_01 cougar_02
2026-06-30 00:32:27,544 INFO: avg err:0.2562 | err:0.5735 | hippo_01 cougar_03
2026-06-30 00:32:27,949 INFO: avg err:0.2601 | err:0.5795 | hippo_01 cougar_04
2026-06-30 00:32:28,189 INFO: avg err:0.2570 | err:0.0000 | hippo_01 hippo_01
2026-06-30 00:32:28,513 INFO: avg err:0.2556 | err:0.1374 | hippo_01 hippo_02
2026-06-30 00:32:28,740 INFO: avg err:0.2550 | err:0.2001 | hippo_01 hippo_03
2026-06-30 00:32:29,191 INFO: avg err:0.2523 | err:0.0152 | hippo_01 hippo_04
2026-06-30 00:32:29,536 INFO: avg err:0.2512 | err:0.1609 | hippo_01 hippo_05
2026-06-30 00:32:29,861 INFO: avg err:0.2497 | err:0.1113 | hippo_01 hippo_06
2026-06-30 00:32:30,109 INFO: avg err:0.2531 | err:0.5582 | hippo_01 horse_01
2026-06-30 00:32:30,537 INFO: avg err:0.2564 | err:0.5631 | hippo_01 horse_02
2026-06-30 00:32:30,770 INFO: avg err:0.2599 | err:0.5805 | hippo_01 horse_03
2026-06-30 00:32:31,019 INFO: avg err:0.2631 | err:0.5599 | hippo_01 horse_04
2026-06-30 00:32:31,231 INFO: avg err:0.2664 | err:0.5724 | hippo_01 horse_05
2026-06-30 00:32:31,516 INFO: avg err:0.2694 | err:0.5594 | hippo_01 horse_06
2026-06-30 00:32:31,750 INFO: avg err:0.2721 | err:0.5274 | hippo_01 horse_07
2026-06-30 00:32:32,219 INFO: avg err:0.2752 | err:0.5765 | hippo_01 horse_08
2026-06-30 00:32:32,540 INFO: avg err:0.2772 | err:0.4727 | hippo_01 horse_09
2026-06-30 00:32:32,865 INFO: avg err:0.2791 | err:0.4684 | hippo_01 horse_10
2026-06-30 00:32:33,183 INFO: avg err:0.2811 | err:0.4778 | hippo_02 cougar_01
2026-06-30 00:32:33,455 INFO: avg err:0.2829 | err:0.4712 | hippo_02 cougar_02
2026-06-30 00:32:33,755 INFO: avg err:0.2848 | err:0.4718 | hippo_02 cougar_03
2026-06-30 00:32:33,996 INFO: avg err:0.2862 | err:0.4329 | hippo_02 cougar_04
2026-06-30 00:32:34,248 INFO: avg err:0.2845 | err:0.1051 | hippo_02 hippo_01
2026-06-30 00:32:34,563 INFO: avg err:0.2818 | err:0.0000 | hippo_02 hippo_02
2026-06-30 00:32:34,792 INFO: avg err:0.2799 | err:0.0797 | hippo_02 hippo_03
2026-06-30 00:32:35,015 INFO: avg err:0.2780 | err:0.0807 | hippo_02 hippo_04
2026-06-30 00:32:35,373 INFO: avg err:0.2773 | err:0.1998 | hippo_02 hippo_05
2026-06-30 00:32:35,633 INFO: avg err:0.2753 | err:0.0512 | hippo_02 hippo_06
2026-06-30 00:32:35,896 INFO: avg err:0.2766 | err:0.4218 | hippo_02 horse_01
2026-06-30 00:32:36,198 INFO: avg err:0.2783 | err:0.4706 | hippo_02 horse_02
2026-06-30 00:32:36,492 INFO: avg err:0.2797 | err:0.4306 | hippo_02 horse_03
2026-06-30 00:32:36,816 INFO: avg err:0.2812 | err:0.4602 | hippo_02 horse_04
2026-06-30 00:32:37,113 INFO: avg err:0.2829 | err:0.4724 | hippo_02 horse_05
2026-06-30 00:32:37,403 INFO: avg err:0.2847 | err:0.4878 | hippo_02 horse_06
2026-06-30 00:32:37,629 INFO: avg err:0.2861 | err:0.4532 | hippo_02 horse_07
2026-06-30 00:32:37,883 INFO: avg err:0.2877 | err:0.4762 | hippo_02 horse_08
2026-06-30 00:32:38,139 INFO: avg err:0.2892 | err:0.4601 | hippo_02 horse_09
2026-06-30 00:32:38,356 INFO: avg err:0.2904 | err:0.4305 | hippo_02 horse_10
2026-06-30 00:32:38,580 INFO: avg err:0.2914 | err:0.4152 | hippo_03 cougar_01
2026-06-30 00:32:38,858 INFO: avg err:0.2923 | err:0.3992 | hippo_03 cougar_02
2026-06-30 00:32:39,119 INFO: avg err:0.2931 | err:0.3965 | hippo_03 cougar_03
2026-06-30 00:32:39,403 INFO: avg err:0.2941 | err:0.4176 | hippo_03 cougar_04
2026-06-30 00:32:39,732 INFO: avg err:0.2931 | err:0.1698 | hippo_03 hippo_01
2026-06-30 00:32:40,045 INFO: avg err:0.2917 | err:0.1177 | hippo_03 hippo_02
2026-06-30 00:32:40,354 INFO: avg err:0.2894 | err:0.0000 | hippo_03 hippo_03
2026-06-30 00:32:40,633 INFO: avg err:0.2886 | err:0.1783 | hippo_03 hippo_04
2026-06-30 00:32:40,851 INFO: avg err:0.2880 | err:0.2108 | hippo_03 hippo_05
2026-06-30 00:32:41,121 INFO: avg err:0.2870 | err:0.1588 | hippo_03 hippo_06
2026-06-30 00:32:41,434 INFO: avg err:0.2878 | err:0.3932 | hippo_03 horse_01
2026-06-30 00:32:41,677 INFO: avg err:0.2884 | err:0.3702 | hippo_03 horse_02
2026-06-30 00:32:41,911 INFO: avg err:0.2892 | err:0.3893 | hippo_03 horse_03
2026-06-30 00:32:42,156 INFO: avg err:0.2898 | err:0.3717 | hippo_03 horse_04
2026-06-30 00:32:42,612 INFO: avg err:0.2906 | err:0.4048 | hippo_03 horse_05
2026-06-30 00:32:42,892 INFO: avg err:0.2912 | err:0.3659 | hippo_03 horse_06
2026-06-30 00:32:43,143 INFO: avg err:0.2919 | err:0.3900 | hippo_03 horse_07
2026-06-30 00:32:43,394 INFO: avg err:0.2925 | err:0.3762 | hippo_03 horse_08
2026-06-30 00:32:43,722 INFO: avg err:0.2931 | err:0.3704 | hippo_03 horse_09
2026-06-30 00:32:43,981 INFO: avg err:0.2939 | err:0.4078 | hippo_03 horse_10
2026-06-30 00:32:44,327 INFO: avg err:0.2958 | err:0.5571 | hippo_04 cougar_01
2026-06-30 00:32:44,571 INFO: avg err:0.2979 | err:0.6033 | hippo_04 cougar_02
2026-06-30 00:32:44,925 INFO: avg err:0.3000 | err:0.5884 | hippo_04 cougar_03
2026-06-30 00:32:45,268 INFO: avg err:0.3019 | err:0.5780 | hippo_04 cougar_04
2026-06-30 00:32:45,538 INFO: avg err:0.2999 | err:0.0156 | hippo_04 hippo_01
2026-06-30 00:32:45,773 INFO: avg err:0.2988 | err:0.1337 | hippo_04 hippo_02
2026-06-30 00:32:46,023 INFO: avg err:0.2980 | err:0.1782 | hippo_04 hippo_03
2026-06-30 00:32:46,277 INFO: avg err:0.2959 | err:0.0000 | hippo_04 hippo_04
2026-06-30 00:32:46,710 INFO: avg err:0.2951 | err:0.1758 | hippo_04 hippo_05
2026-06-30 00:32:46,999 INFO: avg err:0.2946 | err:0.2165 | hippo_04 hippo_06
2026-06-30 00:32:47,258 INFO: avg err:0.2965 | err:0.5785 | hippo_04 horse_01
2026-06-30 00:32:47,499 INFO: avg err:0.2981 | err:0.5398 | hippo_04 horse_02
2026-06-30 00:32:47,789 INFO: avg err:0.2999 | err:0.5676 | hippo_04 horse_03
2026-06-30 00:32:48,138 INFO: avg err:0.3015 | err:0.5591 | hippo_04 horse_04
2026-06-30 00:32:48,379 INFO: avg err:0.3035 | err:0.6036 | hippo_04 horse_05
2026-06-30 00:32:48,599 INFO: avg err:0.3051 | err:0.5522 | hippo_04 horse_06
2026-06-30 00:32:48,832 INFO: avg err:0.3065 | err:0.5248 | hippo_04 horse_07
2026-06-30 00:32:49,150 INFO: avg err:0.3082 | err:0.5724 | hippo_04 horse_08
2026-06-30 00:32:49,374 INFO: avg err:0.3090 | err:0.4345 | hippo_04 horse_09
2026-06-30 00:32:49,673 INFO: avg err:0.3096 | err:0.4050 | hippo_04 horse_10
2026-06-30 00:32:49,930 INFO: avg err:0.3093 | err:0.2693 | hippo_05 cougar_01
2026-06-30 00:32:50,337 INFO: avg err:0.3093 | err:0.3129 | hippo_05 cougar_02
2026-06-30 00:32:50,566 INFO: avg err:0.3090 | err:0.2542 | hippo_05 cougar_03
2026-06-30 00:32:50,898 INFO: avg err:0.3087 | err:0.2591 | hippo_05 cougar_04
2026-06-30 00:32:51,115 INFO: avg err:0.3078 | err:0.1690 | hippo_05 hippo_01
2026-06-30 00:32:51,488 INFO: avg err:0.3070 | err:0.1677 | hippo_05 hippo_02
2026-06-30 00:32:51,764 INFO: avg err:0.3067 | err:0.2547 | hippo_05 hippo_03
2026-06-30 00:32:52,097 INFO: avg err:0.3060 | err:0.1879 | hippo_05 hippo_04
2026-06-30 00:32:52,321 INFO: avg err:0.3042 | err:0.0000 | hippo_05 hippo_05
2026-06-30 00:32:52,565 INFO: avg err:0.3035 | err:0.1927 | hippo_05 hippo_06
2026-06-30 00:32:52,843 INFO: avg err:0.3031 | err:0.2388 | hippo_05 horse_01
2026-06-30 00:32:53,062 INFO: avg err:0.3030 | err:0.2825 | hippo_05 horse_02
2026-06-30 00:32:53,280 INFO: avg err:0.3029 | err:0.2843 | hippo_05 horse_03
2026-06-30 00:32:53,628 INFO: avg err:0.3027 | err:0.2602 | hippo_05 horse_04
2026-06-30 00:32:53,965 INFO: avg err:0.3026 | err:0.2933 | hippo_05 horse_05
2026-06-30 00:32:54,309 INFO: avg err:0.3023 | err:0.2529 | hippo_05 horse_06
2026-06-30 00:32:54,665 INFO: avg err:0.3023 | err:0.3033 | hippo_05 horse_07
2026-06-30 00:32:54,998 INFO: avg err:0.3020 | err:0.2464 | hippo_05 horse_08
2026-06-30 00:32:55,320 INFO: avg err:0.3018 | err:0.2569 | hippo_05 horse_09
2026-06-30 00:32:55,679 INFO: avg err:0.3017 | err:0.2853 | hippo_05 horse_10
2026-06-30 00:32:55,998 INFO: avg err:0.3023 | err:0.4184 | hippo_06 cougar_01
2026-06-30 00:32:56,332 INFO: avg err:0.3030 | err:0.4342 | hippo_06 cougar_02
2026-06-30 00:32:56,660 INFO: avg err:0.3036 | err:0.4040 | hippo_06 cougar_03
2026-06-30 00:32:57,008 INFO: avg err:0.3042 | err:0.4192 | hippo_06 cougar_04
2026-06-30 00:32:57,326 INFO: avg err:0.3033 | err:0.1373 | hippo_06 hippo_01
2026-06-30 00:32:57,572 INFO: avg err:0.3018 | err:0.0274 | hippo_06 hippo_02
2026-06-30 00:32:57,816 INFO: avg err:0.3010 | err:0.1532 | hippo_06 hippo_03
2026-06-30 00:32:58,085 INFO: avg err:0.3004 | err:0.1815 | hippo_06 hippo_04
2026-06-30 00:32:58,346 INFO: avg err:0.2997 | err:0.1614 | hippo_06 hippo_05
2026-06-30 00:32:58,596 INFO: avg err:0.2981 | err:0.0000 | hippo_06 hippo_06
2026-06-30 00:32:58,817 INFO: avg err:0.2988 | err:0.4423 | hippo_06 horse_01
2026-06-30 00:32:59,038 INFO: avg err:0.2995 | err:0.4273 | hippo_06 horse_02
2026-06-30 00:32:59,290 INFO: avg err:0.3003 | err:0.4478 | hippo_06 horse_03
2026-06-30 00:32:59,559 INFO: avg err:0.3009 | err:0.4288 | hippo_06 horse_04
2026-06-30 00:32:59,800 INFO: avg err:0.3016 | err:0.4324 | hippo_06 horse_05
2026-06-30 00:33:00,044 INFO: avg err:0.3023 | err:0.4318 | hippo_06 horse_06
2026-06-30 00:33:00,355 INFO: avg err:0.3031 | err:0.4632 | hippo_06 horse_07
2026-06-30 00:33:00,653 INFO: avg err:0.3039 | err:0.4571 | hippo_06 horse_08
2026-06-30 00:33:00,881 INFO: avg err:0.3044 | err:0.4086 | hippo_06 horse_09
2026-06-30 00:33:01,121 INFO: avg err:0.3050 | err:0.4146 | hippo_06 horse_10
2026-06-30 00:33:01,461 INFO: avg err:0.3036 | err:0.0340 | horse_01 cougar_01
2026-06-30 00:33:01,723 INFO: avg err:0.3024 | err:0.0494 | horse_01 cougar_02
2026-06-30 00:33:01,955 INFO: avg err:0.3011 | err:0.0387 | horse_01 cougar_03
2026-06-30 00:33:02,218 INFO: avg err:0.2997 | err:0.0299 | horse_01 cougar_04
2026-06-30 00:33:02,517 INFO: avg err:0.3018 | err:0.7222 | horse_01 hippo_01
2026-06-30 00:33:02,750 INFO: avg err:0.3039 | err:0.7418 | horse_01 hippo_02
2026-06-30 00:33:03,046 INFO: avg err:0.3057 | err:0.6724 | horse_01 hippo_03
2026-06-30 00:33:03,329 INFO: avg err:0.3081 | err:0.8108 | horse_01 hippo_04
2026-06-30 00:33:03,665 INFO: avg err:0.3087 | err:0.4378 | horse_01 hippo_05
2026-06-30 00:33:03,932 INFO: avg err:0.3106 | err:0.6941 | horse_01 hippo_06
2026-06-30 00:33:04,306 INFO: avg err:0.3091 | err:0.0000 | horse_01 horse_01
2026-06-30 00:33:04,597 INFO: avg err:0.3077 | err:0.0178 | horse_01 horse_02
2026-06-30 00:33:04,828 INFO: avg err:0.3064 | err:0.0130 | horse_01 horse_03
2026-06-30 00:33:05,171 INFO: avg err:0.3050 | err:0.0196 | horse_01 horse_04
2026-06-30 00:33:05,404 INFO: avg err:0.3037 | err:0.0215 | horse_01 horse_05
2026-06-30 00:33:05,837 INFO: avg err:0.3024 | err:0.0228 | horse_01 horse_06
2026-06-30 00:33:06,101 INFO: avg err:0.3011 | err:0.0204 | horse_01 horse_07
2026-06-30 00:33:06,533 INFO: avg err:0.2998 | err:0.0168 | horse_01 horse_08
2026-06-30 00:33:06,837 INFO: avg err:0.2989 | err:0.1027 | horse_01 horse_09
2026-06-30 00:33:07,088 INFO: avg err:0.2981 | err:0.1248 | horse_01 horse_10
2026-06-30 00:33:07,373 INFO: avg err:0.2969 | err:0.0301 | horse_02 cougar_01
2026-06-30 00:33:07,698 INFO: avg err:0.2958 | err:0.0460 | horse_02 cougar_02
2026-06-30 00:33:07,915 INFO: avg err:0.2946 | err:0.0325 | horse_02 cougar_03
2026-06-30 00:33:08,193 INFO: avg err:0.2934 | err:0.0355 | horse_02 cougar_04
2026-06-30 00:33:08,426 INFO: avg err:0.2955 | err:0.7603 | horse_02 hippo_01
2026-06-30 00:33:08,669 INFO: avg err:0.2975 | err:0.7385 | horse_02 hippo_02
2026-06-30 00:33:08,944 INFO: avg err:0.2992 | err:0.6860 | horse_02 hippo_03
2026-06-30 00:33:09,297 INFO: avg err:0.3016 | err:0.8426 | horse_02 hippo_04
2026-06-30 00:33:09,560 INFO: avg err:0.3020 | err:0.4027 | horse_02 hippo_05
2026-06-30 00:33:09,851 INFO: avg err:0.3034 | err:0.6235 | horse_02 hippo_06
2026-06-30 00:33:10,124 INFO: avg err:0.3022 | err:0.0178 | horse_02 horse_01
2026-06-30 00:33:10,495 INFO: avg err:0.3009 | err:0.0000 | horse_02 horse_02
2026-06-30 00:33:10,709 INFO: avg err:0.2996 | err:0.0127 | horse_02 horse_03
2026-06-30 00:33:11,061 INFO: avg err:0.2984 | err:0.0132 | horse_02 horse_04
2026-06-30 00:33:11,290 INFO: avg err:0.2972 | err:0.0211 | horse_02 horse_05
2026-06-30 00:33:11,620 INFO: avg err:0.2960 | err:0.0214 | horse_02 horse_06
2026-06-30 00:33:11,839 INFO: avg err:0.2949 | err:0.0243 | horse_02 horse_07
2026-06-30 00:33:12,314 INFO: avg err:0.2937 | err:0.0122 | horse_02 horse_08
2026-06-30 00:33:12,528 INFO: avg err:0.2930 | err:0.1153 | horse_02 horse_09
2026-06-30 00:33:12,834 INFO: avg err:0.2923 | err:0.1364 | horse_02 horse_10
2026-06-30 00:33:13,073 INFO: avg err:0.2912 | err:0.0305 | horse_03 cougar_01
2026-06-30 00:33:13,453 INFO: avg err:0.2902 | err:0.0489 | horse_03 cougar_02
2026-06-30 00:33:13,793 INFO: avg err:0.2892 | err:0.0329 | horse_03 cougar_03
2026-06-30 00:33:14,098 INFO: avg err:0.2881 | err:0.0317 | horse_03 cougar_04
2026-06-30 00:33:14,307 INFO: avg err:0.2898 | err:0.6991 | horse_03 hippo_01
2026-06-30 00:33:14,625 INFO: avg err:0.2916 | err:0.7402 | horse_03 hippo_02
2026-06-30 00:33:14,870 INFO: avg err:0.2929 | err:0.6140 | horse_03 hippo_03
2026-06-30 00:33:15,224 INFO: avg err:0.2948 | err:0.7662 | horse_03 hippo_04
2026-06-30 00:33:15,427 INFO: avg err:0.2954 | err:0.4253 | horse_03 hippo_05
2026-06-30 00:33:15,826 INFO: avg err:0.2969 | err:0.6858 | horse_03 hippo_06
2026-06-30 00:33:16,081 INFO: avg err:0.2958 | err:0.0125 | horse_03 horse_01
2026-06-30 00:33:16,334 INFO: avg err:0.2947 | err:0.0124 | horse_03 horse_02
2026-06-30 00:33:16,582 INFO: avg err:0.2935 | err:0.0000 | horse_03 horse_03
2026-06-30 00:33:16,922 INFO: avg err:0.2924 | err:0.0179 | horse_03 horse_04
2026-06-30 00:33:17,158 INFO: avg err:0.2913 | err:0.0200 | horse_03 horse_05
2026-06-30 00:33:17,385 INFO: avg err:0.2903 | err:0.0202 | horse_03 horse_06
2026-06-30 00:33:17,633 INFO: avg err:0.2892 | err:0.0229 | horse_03 horse_07
2026-06-30 00:33:17,890 INFO: avg err:0.2882 | err:0.0137 | horse_03 horse_08
2026-06-30 00:33:18,113 INFO: avg err:0.2875 | err:0.1086 | horse_03 horse_09
2026-06-30 00:33:18,427 INFO: avg err:0.2869 | err:0.1277 | horse_03 horse_10
2026-06-30 00:33:18,683 INFO: avg err:0.2859 | err:0.0329 | horse_04 cougar_01
2026-06-30 00:33:19,226 INFO: avg err:0.2850 | err:0.0457 | horse_04 cougar_02
2026-06-30 00:33:19,525 INFO: avg err:0.2840 | err:0.0354 | horse_04 cougar_03
2026-06-30 00:33:19,788 INFO: avg err:0.2831 | err:0.0374 | horse_04 cougar_04
2026-06-30 00:33:20,028 INFO: avg err:0.2848 | err:0.7487 | horse_04 hippo_01
2026-06-30 00:33:20,279 INFO: avg err:0.2867 | err:0.7813 | horse_04 hippo_02
2026-06-30 00:33:20,521 INFO: avg err:0.2883 | err:0.7101 | horse_04 hippo_03
2026-06-30 00:33:20,892 INFO: avg err:0.2906 | err:0.8944 | horse_04 hippo_04
2026-06-30 00:33:21,104 INFO: avg err:0.2909 | err:0.3921 | horse_04 hippo_05
2026-06-30 00:33:21,456 INFO: avg err:0.2923 | err:0.6580 | horse_04 hippo_06
2026-06-30 00:33:21,676 INFO: avg err:0.2913 | err:0.0196 | horse_04 horse_01
2026-06-30 00:33:22,048 INFO: avg err:0.2903 | err:0.0139 | horse_04 horse_02
2026-06-30 00:33:22,343 INFO: avg err:0.2893 | err:0.0170 | horse_04 horse_03
2026-06-30 00:33:22,591 INFO: avg err:0.2882 | err:0.0000 | horse_04 horse_04
2026-06-30 00:33:22,855 INFO: avg err:0.2872 | err:0.0222 | horse_04 horse_05
2026-06-30 00:33:23,258 INFO: avg err:0.2863 | err:0.0251 | horse_04 horse_06
2026-06-30 00:33:23,480 INFO: avg err:0.2854 | err:0.0266 | horse_04 horse_07
2026-06-30 00:33:23,985 INFO: avg err:0.2844 | err:0.0181 | horse_04 horse_08
2026-06-30 00:33:24,283 INFO: avg err:0.2837 | err:0.0905 | horse_04 horse_09
2026-06-30 00:33:24,598 INFO: avg err:0.2832 | err:0.1299 | horse_04 horse_10
2026-06-30 00:33:24,878 INFO: avg err:0.2823 | err:0.0343 | horse_05 cougar_01
2026-06-30 00:33:25,123 INFO: avg err:0.2814 | err:0.0459 | horse_05 cougar_02
2026-06-30 00:33:25,347 INFO: avg err:0.2806 | err:0.0356 | horse_05 cougar_03
2026-06-30 00:33:25,629 INFO: avg err:0.2797 | err:0.0353 | horse_05 cougar_04
2026-06-30 00:33:25,857 INFO: avg err:0.2814 | err:0.7606 | horse_05 hippo_01
2026-06-30 00:33:26,265 INFO: avg err:0.2832 | err:0.7891 | horse_05 hippo_02
2026-06-30 00:33:26,530 INFO: avg err:0.2847 | err:0.7099 | horse_05 hippo_03
2026-06-30 00:33:26,776 INFO: avg err:0.2866 | err:0.8478 | horse_05 hippo_04
2026-06-30 00:33:27,018 INFO: avg err:0.2868 | err:0.3545 | horse_05 hippo_05
2026-06-30 00:33:27,283 INFO: avg err:0.2878 | err:0.5788 | horse_05 hippo_06
2026-06-30 00:33:27,530 INFO: avg err:0.2869 | err:0.0196 | horse_05 horse_01
2026-06-30 00:33:27,790 INFO: avg err:0.2860 | err:0.0200 | horse_05 horse_02
2026-06-30 00:33:28,061 INFO: avg err:0.2851 | err:0.0191 | horse_05 horse_03
2026-06-30 00:33:28,389 INFO: avg err:0.2842 | err:0.0217 | horse_05 horse_04
2026-06-30 00:33:28,722 INFO: avg err:0.2832 | err:0.0000 | horse_05 horse_05
2026-06-30 00:33:29,057 INFO: avg err:0.2824 | err:0.0259 | horse_05 horse_06
2026-06-30 00:33:29,360 INFO: avg err:0.2815 | err:0.0260 | horse_05 horse_07
2026-06-30 00:33:29,723 INFO: avg err:0.2806 | err:0.0200 | horse_05 horse_08
2026-06-30 00:33:30,051 INFO: avg err:0.2801 | err:0.1225 | horse_05 horse_09
2026-06-30 00:33:30,373 INFO: avg err:0.2796 | err:0.1363 | horse_05 horse_10
2026-06-30 00:33:30,683 INFO: avg err:0.2788 | err:0.0334 | horse_06 cougar_01
2026-06-30 00:33:30,923 INFO: avg err:0.2781 | err:0.0627 | horse_06 cougar_02
2026-06-30 00:33:31,224 INFO: avg err:0.2773 | err:0.0371 | horse_06 cougar_03
2026-06-30 00:33:31,488 INFO: avg err:0.2765 | err:0.0378 | horse_06 cougar_04
2026-06-30 00:33:31,796 INFO: avg err:0.2782 | err:0.8003 | horse_06 hippo_01
2026-06-30 00:33:32,115 INFO: avg err:0.2800 | err:0.8313 | horse_06 hippo_02
2026-06-30 00:33:32,370 INFO: avg err:0.2814 | err:0.6926 | horse_06 hippo_03
2026-06-30 00:33:32,591 INFO: avg err:0.2832 | err:0.8409 | horse_06 hippo_04
2026-06-30 00:33:32,863 INFO: avg err:0.2838 | err:0.4601 | horse_06 hippo_05
2026-06-30 00:33:33,132 INFO: avg err:0.2849 | err:0.6429 | horse_06 hippo_06
2026-06-30 00:33:33,364 INFO: avg err:0.2841 | err:0.0206 | horse_06 horse_01
2026-06-30 00:33:33,600 INFO: avg err:0.2832 | err:0.0210 | horse_06 horse_02
2026-06-30 00:33:33,880 INFO: avg err:0.2824 | err:0.0190 | horse_06 horse_03
2026-06-30 00:33:34,147 INFO: avg err:0.2816 | err:0.0233 | horse_06 horse_04
2026-06-30 00:33:34,397 INFO: avg err:0.2807 | err:0.0246 | horse_06 horse_05
2026-06-30 00:33:34,649 INFO: avg err:0.2799 | err:0.0000 | horse_06 horse_06
2026-06-30 00:33:34,920 INFO: avg err:0.2790 | err:0.0179 | horse_06 horse_07
2026-06-30 00:33:35,143 INFO: avg err:0.2782 | err:0.0185 | horse_06 horse_08
2026-06-30 00:33:35,664 INFO: avg err:0.2777 | err:0.1019 | horse_06 horse_09
2026-06-30 00:33:35,971 INFO: avg err:0.2773 | err:0.1474 | horse_06 horse_10
2026-06-30 00:33:36,313 INFO: avg err:0.2765 | err:0.0334 | horse_07 cougar_01
2026-06-30 00:33:36,530 INFO: avg err:0.2758 | err:0.0700 | horse_07 cougar_02
2026-06-30 00:33:36,774 INFO: avg err:0.2751 | err:0.0361 | horse_07 cougar_03
2026-06-30 00:33:37,015 INFO: avg err:0.2743 | err:0.0292 | horse_07 cougar_04
2026-06-30 00:33:37,390 INFO: avg err:0.2758 | err:0.7602 | horse_07 hippo_01
2026-06-30 00:33:37,607 INFO: avg err:0.2775 | err:0.8159 | horse_07 hippo_02
2026-06-30 00:33:37,984 INFO: avg err:0.2788 | err:0.7014 | horse_07 hippo_03
2026-06-30 00:33:38,208 INFO: avg err:0.2805 | err:0.8482 | horse_07 hippo_04
2026-06-30 00:33:38,487 INFO: avg err:0.2813 | err:0.5308 | horse_07 hippo_05
2026-06-30 00:33:38,716 INFO: avg err:0.2826 | err:0.7282 | horse_07 hippo_06
2026-06-30 00:33:39,096 INFO: avg err:0.2818 | err:0.0177 | horse_07 horse_01
2026-06-30 00:33:39,430 INFO: avg err:0.2811 | err:0.0218 | horse_07 horse_02
2026-06-30 00:33:39,779 INFO: avg err:0.2803 | err:0.0219 | horse_07 horse_03
2026-06-30 00:33:40,013 INFO: avg err:0.2795 | err:0.0245 | horse_07 horse_04
2026-06-30 00:33:40,363 INFO: avg err:0.2788 | err:0.0265 | horse_07 horse_05
2026-06-30 00:33:40,658 INFO: avg err:0.2780 | err:0.0189 | horse_07 horse_06
2026-06-30 00:33:40,928 INFO: avg err:0.2772 | err:0.0000 | horse_07 horse_07
2026-06-30 00:33:41,165 INFO: avg err:0.2764 | err:0.0208 | horse_07 horse_08
2026-06-30 00:33:41,403 INFO: avg err:0.2758 | err:0.0737 | horse_07 horse_09
2026-06-30 00:33:41,659 INFO: avg err:0.2752 | err:0.0563 | horse_07 horse_10
2026-06-30 00:33:41,954 INFO: avg err:0.2744 | err:0.0289 | horse_08 cougar_01
2026-06-30 00:33:42,205 INFO: avg err:0.2738 | err:0.0463 | horse_08 cougar_02
2026-06-30 00:33:42,465 INFO: avg err:0.2731 | err:0.0319 | horse_08 cougar_03
2026-06-30 00:33:42,704 INFO: avg err:0.2724 | err:0.0322 | horse_08 cougar_04
2026-06-30 00:33:42,960 INFO: avg err:0.2737 | err:0.7401 | horse_08 hippo_01
2026-06-30 00:33:43,277 INFO: avg err:0.2751 | err:0.7479 | horse_08 hippo_02
2026-06-30 00:33:43,575 INFO: avg err:0.2764 | err:0.7223 | horse_08 hippo_03
2026-06-30 00:33:43,836 INFO: avg err:0.2780 | err:0.8552 | horse_08 hippo_04
2026-06-30 00:33:44,057 INFO: avg err:0.2785 | err:0.4200 | horse_08 hippo_05
2026-06-30 00:33:44,286 INFO: avg err:0.2795 | err:0.6427 | horse_08 hippo_06
2026-06-30 00:33:44,573 INFO: avg err:0.2787 | err:0.0173 | horse_08 horse_01
2026-06-30 00:33:44,833 INFO: avg err:0.2780 | err:0.0124 | horse_08 horse_02
2026-06-30 00:33:45,300 INFO: avg err:0.2772 | err:0.0144 | horse_08 horse_03
2026-06-30 00:33:45,558 INFO: avg err:0.2765 | err:0.0177 | horse_08 horse_04
2026-06-30 00:33:45,833 INFO: avg err:0.2758 | err:0.0211 | horse_08 horse_05
2026-06-30 00:33:46,125 INFO: avg err:0.2751 | err:0.0227 | horse_08 horse_06
2026-06-30 00:33:46,488 INFO: avg err:0.2744 | err:0.0227 | horse_08 horse_07
2026-06-30 00:33:46,797 INFO: avg err:0.2736 | err:0.0000 | horse_08 horse_08
2026-06-30 00:33:47,048 INFO: avg err:0.2732 | err:0.1180 | horse_08 horse_09
2026-06-30 00:33:47,275 INFO: avg err:0.2728 | err:0.1360 | horse_08 horse_10
2026-06-30 00:33:47,539 INFO: avg err:0.2723 | err:0.1001 | horse_09 cougar_01
2026-06-30 00:33:47,762 INFO: avg err:0.2720 | err:0.1506 | horse_09 cougar_02
2026-06-30 00:33:48,014 INFO: avg err:0.2715 | err:0.0983 | horse_09 cougar_03
2026-06-30 00:33:48,254 INFO: avg err:0.2710 | err:0.1003 | horse_09 cougar_04
2026-06-30 00:33:48,507 INFO: avg err:0.2720 | err:0.6128 | horse_09 hippo_01
2026-06-30 00:33:48,761 INFO: avg err:0.2730 | err:0.6453 | horse_09 hippo_02
2026-06-30 00:33:49,146 INFO: avg err:0.2739 | err:0.6023 | horse_09 hippo_03
2026-06-30 00:33:49,470 INFO: avg err:0.2750 | err:0.6678 | horse_09 hippo_04
2026-06-30 00:33:49,836 INFO: avg err:0.2755 | err:0.4694 | horse_09 hippo_05
2026-06-30 00:33:50,167 INFO: avg err:0.2765 | err:0.6383 | horse_09 hippo_06
2026-06-30 00:33:50,497 INFO: avg err:0.2760 | err:0.0869 | horse_09 horse_01
2026-06-30 00:33:50,900 INFO: avg err:0.2754 | err:0.0538 | horse_09 horse_02
2026-06-30 00:33:51,112 INFO: avg err:0.2748 | err:0.0668 | horse_09 horse_03
2026-06-30 00:33:51,471 INFO: avg err:0.2743 | err:0.0732 | horse_09 horse_04
2026-06-30 00:33:51,749 INFO: avg err:0.2737 | err:0.0641 | horse_09 horse_05
2026-06-30 00:33:52,178 INFO: avg err:0.2733 | err:0.1107 | horse_09 horse_06
2026-06-30 00:33:52,423 INFO: avg err:0.2727 | err:0.0479 | horse_09 horse_07
2026-06-30 00:33:52,803 INFO: avg err:0.2721 | err:0.0731 | horse_09 horse_08
2026-06-30 00:33:53,030 INFO: avg err:0.2714 | err:0.0000 | horse_09 horse_09
2026-06-30 00:33:53,358 INFO: avg err:0.2711 | err:0.1517 | horse_09 horse_10
2026-06-30 00:33:53,625 INFO: avg err:0.2707 | err:0.1309 | horse_10 cougar_01
2026-06-30 00:33:53,887 INFO: avg err:0.2706 | err:0.2020 | horse_10 cougar_02
2026-06-30 00:33:54,155 INFO: avg err:0.2702 | err:0.1235 | horse_10 cougar_03
2026-06-30 00:33:54,505 INFO: avg err:0.2698 | err:0.1153 | horse_10 cougar_04
2026-06-30 00:33:54,798 INFO: avg err:0.2709 | err:0.7225 | horse_10 hippo_01
2026-06-30 00:33:55,040 INFO: avg err:0.2720 | err:0.6668 | horse_10 hippo_02
2026-06-30 00:33:55,307 INFO: avg err:0.2728 | err:0.6036 | horse_10 hippo_03
2026-06-30 00:33:55,677 INFO: avg err:0.2741 | err:0.7565 | horse_10 hippo_04
2026-06-30 00:33:55,911 INFO: avg err:0.2747 | err:0.5025 | horse_10 hippo_05
2026-06-30 00:33:56,342 INFO: avg err:0.2755 | err:0.6198 | horse_10 hippo_06
2026-06-30 00:33:56,574 INFO: avg err:0.2750 | err:0.0727 | horse_10 horse_01
2026-06-30 00:33:56,896 INFO: avg err:0.2745 | err:0.0791 | horse_10 horse_02
2026-06-30 00:33:57,111 INFO: avg err:0.2740 | err:0.0836 | horse_10 horse_03
2026-06-30 00:33:57,537 INFO: avg err:0.2735 | err:0.0661 | horse_10 horse_04
2026-06-30 00:33:57,769 INFO: avg err:0.2731 | err:0.1264 | horse_10 horse_05
2026-06-30 00:33:58,100 INFO: avg err:0.2726 | err:0.0701 | horse_10 horse_06
2026-06-30 00:33:58,398 INFO: avg err:0.2721 | err:0.0510 | horse_10 horse_07
2026-06-30 00:33:58,793 INFO: avg err:0.2716 | err:0.0888 | horse_10 horse_08
2026-06-30 00:33:58,999 INFO: avg err:0.2713 | err:0.1475 | horse_10 horse_09
2026-06-30 00:33:59,313 INFO: avg err:0.2706 | err:0.0000 | horse_10 horse_10
2026-06-30 00:33:59,343 INFO: Avg time: 0.1037
2026-06-30 00:33:59,833 INFO: Val auc: 0.5390
2026-06-30 00:33:59,840 INFO: Val avg error: 0.2706
2026-06-30 00:33:59,879 INFO: [ONB diag] max|Q-I|: mean=9.5971e-03 max=1.1339e-02 | max|Φ̃ᵀMΦ̃-I|: mean=7.5474e-07 max=8.3447e-07
2026-06-30 00:34:06,034 INFO: [smal_..][epoch: 17, iter:  14,020, lr:(1.859e-04,1.859e-04,)][eta: 0:17:21, time (data): 0.310 (0.015)]l_bij: 5.7341e+01 l_orth: 7.4913e+01 l_align: 7.1664e+01 l_qreg: 5.7100e-01 l_total: 2.0449e+02 
2026-06-30 00:34:12,410 INFO: [smal_..][epoch: 17, iter:  14,040, lr:(1.859e-04,1.859e-04,)][eta: 0:17:13, time (data): 0.311 (0.015)]l_bij: 7.5011e+01 l_orth: 8.8045e+01 l_align: 7.4073e+01 l_qreg: 8.7342e-01 l_total: 2.3800e+02 
2026-06-30 00:34:18,660 INFO: [smal_..][epoch: 17, iter:  14,060, lr:(1.859e-04,1.859e-04,)][eta: 0:17:06, time (data): 0.312 (0.015)]l_bij: 8.9004e+01 l_orth: 9.4560e+01 l_align: 7.9922e+01 l_qreg: 8.3053e-01 l_total: 2.6432e+02 
2026-06-30 00:34:24,929 INFO: [smal_..][epoch: 17, iter:  14,080, lr:(1.859e-04,1.859e-04,)][eta: 0:16:58, time (data): 0.317 (0.015)]l_bij: 8.1573e+01 l_orth: 8.9247e+01 l_align: 7.7257e+01 l_qreg: 7.5718e-01 l_total: 2.4883e+02 
2026-06-30 00:34:31,203 INFO: [smal_..][epoch: 17, iter:  14,100, lr:(1.859e-04,1.859e-04,)][eta: 0:16:50, time (data): 0.315 (0.014)]l_bij: 1.0089e+02 l_orth: 1.0432e+02 l_align: 8.4398e+01 l_qreg: 7.2355e-01 l_total: 2.9033e+02 
2026-06-30 00:34:37,496 INFO: [smal_..][epoch: 17, iter:  14,120, lr:(1.859e-04,1.859e-04,)][eta: 0:16:43, time (data): 0.314 (0.015)]l_bij: 8.2788e+01 l_orth: 9.1925e+01 l_align: 7.8108e+01 l_qreg: 5.9532e-01 l_total: 2.5342e+02 
2026-06-30 00:34:43,873 INFO: [smal_..][epoch: 17, iter:  14,140, lr:(1.859e-04,1.859e-04,)][eta: 0:16:35, time (data): 0.316 (0.015)]l_bij: 8.0447e+01 l_orth: 8.8455e+01 l_align: 6.9990e+01 l_qreg: 6.6698e-01 l_total: 2.3956e+02 
2026-06-30 00:34:50,139 INFO: [smal_..][epoch: 17, iter:  14,160, lr:(1.859e-04,1.859e-04,)][eta: 0:16:27, time (data): 0.315 (0.015)]l_bij: 9.0507e+01 l_orth: 9.7860e+01 l_align: 7.9487e+01 l_qreg: 7.6978e-01 l_total: 2.6862e+02 
2026-06-30 00:34:56,315 INFO: [smal_..][epoch: 17, iter:  14,180, lr:(1.859e-04,1.859e-04,)][eta: 0:16:20, time (data): 0.314 (0.015)]l_bij: 5.8461e+01 l_orth: 7.4396e+01 l_align: 7.0853e+01 l_qreg: 6.0109e-01 l_total: 2.0431e+02 
2026-06-30 00:35:02,481 INFO: [smal_..][epoch: 17, iter:  14,200, lr:(1.859e-04,1.859e-04,)][eta: 0:16:12, time (data): 0.313 (0.015)]l_bij: 1.0649e+02 l_orth: 1.0904e+02 l_align: 8.2283e+01 l_qreg: 9.0012e-01 l_total: 2.9872e+02 
2026-06-30 00:35:08,717 INFO: [smal_..][epoch: 17, iter:  14,220, lr:(1.859e-04,1.859e-04,)][eta: 0:16:05, time (data): 0.313 (0.015)]l_bij: 6.3437e+01 l_orth: 7.7714e+01 l_align: 6.8184e+01 l_qreg: 6.3584e-01 l_total: 2.0997e+02 
2026-06-30 00:35:14,987 INFO: [smal_..][epoch: 17, iter:  14,240, lr:(1.859e-04,1.859e-04,)][eta: 0:15:57, time (data): 0.313 (0.015)]l_bij: 7.4838e+01 l_orth: 8.4016e+01 l_align: 6.9118e+01 l_qreg: 6.2845e-01 l_total: 2.2860e+02 
2026-06-30 00:35:21,324 INFO: [smal_..][epoch: 17, iter:  14,260, lr:(1.859e-04,1.859e-04,)][eta: 0:15:49, time (data): 0.313 (0.015)]l_bij: 7.7366e+01 l_orth: 8.9499e+01 l_align: 7.3282e+01 l_qreg: 5.5769e-01 l_total: 2.4070e+02 
2026-06-30 00:35:27,909 INFO: [smal_..][epoch: 17, iter:  14,280, lr:(1.859e-04,1.859e-04,)][eta: 0:15:42, time (data): 0.339 (0.015)]l_bij: 8.9486e+01 l_orth: 9.8251e+01 l_align: 7.9959e+01 l_qreg: 6.8546e-01 l_total: 2.6838e+02 
2026-06-30 00:35:34,771 INFO: [smal_..][epoch: 18, iter:  14,300, lr:(1.490e-04,1.490e-04,)][eta: 0:15:34, time (data): 0.341 (0.024)]l_bij: 9.0422e+01 l_orth: 9.6834e+01 l_align: 7.5241e+01 l_qreg: 6.4720e-01 l_total: 2.6314e+02 
2026-06-30 00:35:41,107 INFO: [smal_..][epoch: 18, iter:  14,320, lr:(1.490e-04,1.490e-04,)][eta: 0:15:27, time (data): 0.331 (0.020)]l_bij: 5.1598e+01 l_orth: 7.6815e+01 l_align: 7.8791e+01 l_qreg: 1.0007e+00 l_total: 2.0820e+02 
2026-06-30 00:35:47,517 INFO: [smal_..][epoch: 18, iter:  14,340, lr:(1.490e-04,1.490e-04,)][eta: 0:15:19, time (data): 0.328 (0.018)]l_bij: 7.2270e+01 l_orth: 8.6608e+01 l_align: 7.3456e+01 l_qreg: 5.9739e-01 l_total: 2.3293e+02 
2026-06-30 00:35:53,844 INFO: [smal_..][epoch: 18, iter:  14,360, lr:(1.490e-04,1.490e-04,)][eta: 0:15:11, time (data): 0.325 (0.018)]l_bij: 2.0941e+01 l_orth: 5.3543e+01 l_align: 8.2191e+01 l_qreg: 9.3922e-01 l_total: 1.5761e+02 
2026-06-30 00:36:00,180 INFO: [smal_..][epoch: 18, iter:  14,380, lr:(1.490e-04,1.490e-04,)][eta: 0:15:04, time (data): 0.324 (0.017)]l_bij: 6.5195e+01 l_orth: 8.1300e+01 l_align: 6.7730e+01 l_qreg: 5.5707e-01 l_total: 2.1478e+02 
2026-06-30 00:36:06,738 INFO: [smal_..][epoch: 18, iter:  14,400, lr:(1.490e-04,1.490e-04,)][eta: 0:14:56, time (data): 0.324 (0.017)]l_bij: 8.3070e+01 l_orth: 9.3656e+01 l_align: 7.3580e+01 l_qreg: 5.5976e-01 l_total: 2.5087e+02 
2026-06-30 00:36:13,058 INFO: [smal_..][epoch: 18, iter:  14,420, lr:(1.490e-04,1.490e-04,)][eta: 0:14:49, time (data): 0.323 (0.017)]l_bij: 7.5476e+01 l_orth: 8.5166e+01 l_align: 7.5892e+01 l_qreg: 6.3192e-01 l_total: 2.3717e+02 
2026-06-30 00:36:19,339 INFO: [smal_..][epoch: 18, iter:  14,440, lr:(1.490e-04,1.490e-04,)][eta: 0:14:41, time (data): 0.322 (0.016)]l_bij: 7.5016e+01 l_orth: 8.6179e+01 l_align: 7.7150e+01 l_qreg: 7.2922e-01 l_total: 2.3907e+02 
2026-06-30 00:36:25,687 INFO: [smal_..][epoch: 18, iter:  14,460, lr:(1.490e-04,1.490e-04,)][eta: 0:14:33, time (data): 0.322 (0.016)]l_bij: 5.8879e+01 l_orth: 7.8285e+01 l_align: 7.5827e+01 l_qreg: 5.8425e-01 l_total: 2.1358e+02 
2026-06-30 00:36:32,043 INFO: [smal_..][epoch: 18, iter:  14,480, lr:(1.490e-04,1.490e-04,)][eta: 0:14:26, time (data): 0.320 (0.016)]l_bij: 5.8162e+01 l_orth: 7.4211e+01 l_align: 6.9616e+01 l_qreg: 6.5600e-01 l_total: 2.0264e+02 
2026-06-30 00:36:38,352 INFO: [smal_..][epoch: 18, iter:  14,500, lr:(1.490e-04,1.490e-04,)][eta: 0:14:18, time (data): 0.317 (0.015)]l_bij: 6.9928e+01 l_orth: 8.1254e+01 l_align: 6.5863e+01 l_qreg: 5.2225e-01 l_total: 2.1757e+02 
2026-06-30 00:36:44,649 INFO: [smal_..][epoch: 18, iter:  14,520, lr:(1.490e-04,1.490e-04,)][eta: 0:14:11, time (data): 0.316 (0.014)]l_bij: 7.9193e+01 l_orth: 8.7950e+01 l_align: 7.6948e+01 l_qreg: 9.9154e-01 l_total: 2.4508e+02 
2026-06-30 00:36:50,927 INFO: [smal_..][epoch: 18, iter:  14,540, lr:(1.490e-04,1.490e-04,)][eta: 0:14:03, time (data): 0.315 (0.015)]l_bij: 5.2837e+01 l_orth: 8.1972e+01 l_align: 8.0962e+01 l_qreg: 1.1628e+00 l_total: 2.1693e+02 
2026-06-30 00:36:57,245 INFO: [smal_..][epoch: 18, iter:  14,560, lr:(1.490e-04,1.490e-04,)][eta: 0:13:56, time (data): 0.315 (0.015)]l_bij: 8.0507e+01 l_orth: 9.0068e+01 l_align: 7.2680e+01 l_qreg: 7.5098e-01 l_total: 2.4401e+02 
2026-06-30 00:37:03,485 INFO: [smal_..][epoch: 18, iter:  14,580, lr:(1.490e-04,1.490e-04,)][eta: 0:13:48, time (data): 0.315 (0.015)]l_bij: 9.0899e+01 l_orth: 9.8542e+01 l_align: 8.3191e+01 l_qreg: 6.5002e-01 l_total: 2.7328e+02 
2026-06-30 00:37:09,779 INFO: [smal_..][epoch: 18, iter:  14,600, lr:(1.490e-04,1.490e-04,)][eta: 0:13:40, time (data): 0.315 (0.015)]l_bij: 7.3885e+01 l_orth: 8.4532e+01 l_align: 6.9941e+01 l_qreg: 6.1606e-01 l_total: 2.2897e+02 
2026-06-30 00:37:16,113 INFO: [smal_..][epoch: 18, iter:  14,620, lr:(1.490e-04,1.490e-04,)][eta: 0:13:33, time (data): 0.315 (0.015)]l_bij: 7.2877e+01 l_orth: 8.2902e+01 l_align: 6.9822e+01 l_qreg: 6.1044e-01 l_total: 2.2621e+02 
2026-06-30 00:37:22,426 INFO: [smal_..][epoch: 18, iter:  14,640, lr:(1.490e-04,1.490e-04,)][eta: 0:13:25, time (data): 0.315 (0.015)]l_bij: 7.9336e+01 l_orth: 8.8658e+01 l_align: 7.3229e+01 l_qreg: 8.1585e-01 l_total: 2.4204e+02 
2026-06-30 00:37:28,809 INFO: [smal_..][epoch: 18, iter:  14,660, lr:(1.490e-04,1.490e-04,)][eta: 0:13:18, time (data): 0.315 (0.015)]l_bij: 9.5897e+01 l_orth: 1.0053e+02 l_align: 8.1625e+01 l_qreg: 8.4973e-01 l_total: 2.7890e+02 
2026-06-30 00:37:35,217 INFO: [smal_..][epoch: 18, iter:  14,680, lr:(1.490e-04,1.490e-04,)][eta: 0:13:10, time (data): 0.322 (0.016)]l_bij: 8.8541e+01 l_orth: 9.4908e+01 l_align: 7.7868e+01 l_qreg: 8.6980e-01 l_total: 2.6219e+02 
2026-06-30 00:37:41,649 INFO: [smal_..][epoch: 18, iter:  14,700, lr:(1.490e-04,1.490e-04,)][eta: 0:13:03, time (data): 0.322 (0.015)]l_bij: 5.2259e+01 l_orth: 6.8394e+01 l_align: 6.5204e+01 l_qreg: 5.8171e-01 l_total: 1.8644e+02 
2026-06-30 00:37:48,031 INFO: [smal_..][epoch: 18, iter:  14,720, lr:(1.490e-04,1.490e-04,)][eta: 0:12:55, time (data): 0.320 (0.015)]l_bij: 5.7070e+01 l_orth: 7.5324e+01 l_align: 7.5278e+01 l_qreg: 9.0398e-01 l_total: 2.0858e+02 
2026-06-30 00:37:54,323 INFO: [smal_..][epoch: 18, iter:  14,740, lr:(1.490e-04,1.490e-04,)][eta: 0:12:48, time (data): 0.319 (0.015)]l_bij: 6.4357e+01 l_orth: 7.8742e+01 l_align: 7.2192e+01 l_qreg: 7.8068e-01 l_total: 2.1607e+02 
2026-06-30 00:38:00,534 INFO: [smal_..][epoch: 18, iter:  14,760, lr:(1.490e-04,1.490e-04,)][eta: 0:12:40, time (data): 0.317 (0.015)]l_bij: 8.2052e+01 l_orth: 9.0436e+01 l_align: 7.3658e+01 l_qreg: 7.5320e-01 l_total: 2.4690e+02 
2026-06-30 00:38:06,818 INFO: [smal_..][epoch: 18, iter:  14,780, lr:(1.490e-04,1.490e-04,)][eta: 0:12:32, time (data): 0.316 (0.015)]l_bij: 8.8704e+01 l_orth: 9.4525e+01 l_align: 7.8699e+01 l_qreg: 8.7819e-01 l_total: 2.6281e+02 
2026-06-30 00:38:13,199 INFO: [smal_..][epoch: 18, iter:  14,800, lr:(1.490e-04,1.490e-04,)][eta: 0:12:25, time (data): 0.317 (0.015)]l_bij: 7.6494e+01 l_orth: 8.5504e+01 l_align: 7.3408e+01 l_qreg: 6.4900e-01 l_total: 2.3606e+02 
2026-06-30 00:38:19,349 INFO: [smal_..][epoch: 18, iter:  14,820, lr:(1.490e-04,1.490e-04,)][eta: 0:12:17, time (data): 0.315 (0.015)]l_bij: 3.6593e+01 l_orth: 6.4235e+01 l_align: 8.0718e+01 l_qreg: 1.2484e+00 l_total: 1.8279e+02 
2026-06-30 00:38:25,514 INFO: [smal_..][epoch: 18, iter:  14,840, lr:(1.490e-04,1.490e-04,)][eta: 0:12:10, time (data): 0.314 (0.015)]l_bij: 3.2601e+01 l_orth: 6.1319e+01 l_align: 7.9447e+01 l_qreg: 9.4169e-01 l_total: 1.7431e+02 
2026-06-30 00:38:31,653 INFO: [smal_..][epoch: 18, iter:  14,860, lr:(1.490e-04,1.490e-04,)][eta: 0:12:02, time (data): 0.314 (0.015)]l_bij: 9.7438e+01 l_orth: 1.0266e+02 l_align: 8.2301e+01 l_qreg: 9.0762e-01 l_total: 2.8331e+02 
2026-06-30 00:38:37,813 INFO: [smal_..][epoch: 18, iter:  14,880, lr:(1.490e-04,1.490e-04,)][eta: 0:11:55, time (data): 0.306 (0.015)]l_bij: 6.9756e+01 l_orth: 8.4642e+01 l_align: 7.1604e+01 l_qreg: 6.7520e-01 l_total: 2.2668e+02 
2026-06-30 00:38:43,966 INFO: [smal_..][epoch: 18, iter:  14,900, lr:(1.490e-04,1.490e-04,)][eta: 0:11:47, time (data): 0.307 (0.014)]l_bij: 6.6132e+01 l_orth: 8.0741e+01 l_align: 7.5216e+01 l_qreg: 9.1294e-01 l_total: 2.2300e+02 
2026-06-30 00:38:50,056 INFO: [smal_..][epoch: 18, iter:  14,920, lr:(1.490e-04,1.490e-04,)][eta: 0:11:40, time (data): 0.306 (0.014)]l_bij: 4.9557e+01 l_orth: 7.5702e+01 l_align: 7.8329e+01 l_qreg: 1.0309e+00 l_total: 2.0462e+02 
2026-06-30 00:38:56,221 INFO: [smal_..][epoch: 18, iter:  14,940, lr:(1.490e-04,1.490e-04,)][eta: 0:11:32, time (data): 0.306 (0.015)]l_bij: 8.7129e+01 l_orth: 9.2692e+01 l_align: 7.7868e+01 l_qreg: 7.0706e-01 l_total: 2.5840e+02 
2026-06-30 00:39:02,425 INFO: [smal_..][epoch: 18, iter:  14,960, lr:(1.490e-04,1.490e-04,)][eta: 0:11:25, time (data): 0.307 (0.015)]l_bij: 6.6970e+01 l_orth: 8.0089e+01 l_align: 6.9609e+01 l_qreg: 6.0278e-01 l_total: 2.1727e+02 
2026-06-30 00:39:08,620 INFO: [smal_..][epoch: 18, iter:  14,980, lr:(1.490e-04,1.490e-04,)][eta: 0:11:17, time (data): 0.308 (0.015)]l_bij: 7.6326e+01 l_orth: 8.6439e+01 l_align: 7.2686e+01 l_qreg: 6.9927e-01 l_total: 2.3615e+02 
2026-06-30 00:39:14,793 INFO: [smal_..][epoch: 18, iter:  15,000, lr:(1.490e-04,1.490e-04,)][eta: 0:11:10, time (data): 0.308 (0.015)]l_bij: 7.2104e+01 l_orth: 8.7092e+01 l_align: 7.2175e+01 l_qreg: 1.1137e+00 l_total: 2.3249e+02 
2026-06-30 00:39:20,949 INFO: [smal_..][epoch: 18, iter:  15,020, lr:(1.490e-04,1.490e-04,)][eta: 0:11:02, time (data): 0.308 (0.015)]l_bij: 6.2877e+01 l_orth: 7.7907e+01 l_align: 7.3438e+01 l_qreg: 7.8376e-01 l_total: 2.1501e+02 
2026-06-30 00:39:27,334 INFO: [smal_..][epoch: 18, iter:  15,040, lr:(1.490e-04,1.490e-04,)][eta: 0:10:55, time (data): 0.309 (0.015)]l_bij: 6.0979e+01 l_orth: 7.6123e+01 l_align: 6.6978e+01 l_qreg: 5.0088e-01 l_total: 2.0458e+02 
2026-06-30 00:39:33,545 INFO: [smal_..][epoch: 18, iter:  15,060, lr:(1.490e-04,1.490e-04,)][eta: 0:10:47, time (data): 0.309 (0.015)]l_bij: 8.2399e+01 l_orth: 9.2152e+01 l_align: 8.1692e+01 l_qreg: 9.2497e-01 l_total: 2.5717e+02 
2026-06-30 00:39:39,813 INFO: [smal_..][epoch: 18, iter:  15,080, lr:(1.490e-04,1.490e-04,)][eta: 0:10:40, time (data): 0.308 (0.014)]l_bij: 3.7617e+00 l_orth: 4.0645e+01 l_align: 8.2109e+01 l_qreg: 7.0986e-01 l_total: 1.2723e+02 
2026-06-30 00:39:45,966 INFO: [smal_..][epoch: 18, iter:  15,100, lr:(1.490e-04,1.490e-04,)][eta: 0:10:32, time (data): 0.307 (0.014)]l_bij: 9.9950e+01 l_orth: 1.0320e+02 l_align: 8.2208e+01 l_qreg: 9.9402e-01 l_total: 2.8635e+02 
2026-06-30 00:39:52,101 INFO: [smal_..][epoch: 18, iter:  15,120, lr:(1.490e-04,1.490e-04,)][eta: 0:10:25, time (data): 0.307 (0.015)]l_bij: 6.4637e+01 l_orth: 7.8512e+01 l_align: 7.3280e+01 l_qreg: 7.0176e-01 l_total: 2.1713e+02 
2026-06-30 00:39:58,469 INFO: [smal_..][epoch: 19, iter:  15,140, lr:(1.220e-04,1.220e-04,)][eta: 0:10:17, time (data): 0.310 (0.018)]l_bij: 8.7714e+01 l_orth: 9.7525e+01 l_align: 7.9475e+01 l_qreg: 7.7586e-01 l_total: 2.6549e+02 
2026-06-30 00:40:04,620 INFO: [smal_..][epoch: 19, iter:  15,160, lr:(1.220e-04,1.220e-04,)][eta: 0:10:10, time (data): 0.310 (0.017)]l_bij: 1.1604e+02 l_orth: 1.1340e+02 l_align: 8.1955e+01 l_qreg: 9.4078e-01 l_total: 3.1233e+02 
2026-06-30 00:40:10,831 INFO: [smal_..][epoch: 19, iter:  15,180, lr:(1.220e-04,1.220e-04,)][eta: 0:10:02, time (data): 0.310 (0.017)]l_bij: 9.3875e+01 l_orth: 9.9270e+01 l_align: 7.9304e+01 l_qreg: 1.0080e+00 l_total: 2.7346e+02 
2026-06-30 00:40:17,046 INFO: [smal_..][epoch: 19, iter:  15,200, lr:(1.220e-04,1.220e-04,)][eta: 0:09:55, time (data): 0.310 (0.017)]l_bij: 7.5525e+01 l_orth: 8.8217e+01 l_align: 7.9017e+01 l_qreg: 7.6664e-01 l_total: 2.4353e+02 
2026-06-30 00:40:23,164 INFO: [smal_..][epoch: 19, iter:  15,220, lr:(1.220e-04,1.220e-04,)][eta: 0:09:47, time (data): 0.309 (0.016)]l_bij: 5.5643e+01 l_orth: 7.6886e+01 l_align: 7.4089e+01 l_qreg: 9.0641e-01 l_total: 2.0752e+02 
2026-06-30 00:40:29,655 INFO: [smal_..][epoch: 19, iter:  15,240, lr:(1.220e-04,1.220e-04,)][eta: 0:09:40, time (data): 0.311 (0.016)]l_bij: 6.7951e+01 l_orth: 8.4033e+01 l_align: 7.3344e+01 l_qreg: 7.2504e-01 l_total: 2.2605e+02 
2026-06-30 00:40:35,838 INFO: [smal_..][epoch: 19, iter:  15,260, lr:(1.220e-04,1.220e-04,)][eta: 0:09:32, time (data): 0.311 (0.016)]l_bij: 3.1508e+00 l_orth: 3.9608e+01 l_align: 7.7496e+01 l_qreg: 7.3723e-01 l_total: 1.2099e+02 
2026-06-30 00:40:42,012 INFO: [smal_..][epoch: 19, iter:  15,280, lr:(1.220e-04,1.220e-04,)][eta: 0:09:25, time (data): 0.308 (0.014)]l_bij: 8.4118e+01 l_orth: 9.5302e+01 l_align: 7.7400e+01 l_qreg: 6.2277e-01 l_total: 2.5744e+02 
2026-06-30 00:40:48,165 INFO: [smal_..][epoch: 19, iter:  15,300, lr:(1.220e-04,1.220e-04,)][eta: 0:09:17, time (data): 0.307 (0.015)]l_bij: 8.0523e+01 l_orth: 8.9145e+01 l_align: 7.2686e+01 l_qreg: 7.0454e-01 l_total: 2.4306e+02 
2026-06-30 00:40:54,330 INFO: [smal_..][epoch: 19, iter:  15,320, lr:(1.220e-04,1.220e-04,)][eta: 0:09:10, time (data): 0.308 (0.015)]l_bij: 8.4483e+01 l_orth: 9.0730e+01 l_align: 7.6334e+01 l_qreg: 9.9702e-01 l_total: 2.5254e+02 
2026-06-30 00:41:00,550 INFO: [smal_..][epoch: 19, iter:  15,340, lr:(1.220e-04,1.220e-04,)][eta: 0:09:02, time (data): 0.309 (0.015)]l_bij: 7.9701e+01 l_orth: 8.9836e+01 l_align: 7.1985e+01 l_qreg: 6.6338e-01 l_total: 2.4218e+02 
2026-06-30 00:41:06,665 INFO: [smal_..][epoch: 19, iter:  15,360, lr:(1.220e-04,1.220e-04,)][eta: 0:08:55, time (data): 0.308 (0.015)]l_bij: 3.9759e+01 l_orth: 6.4190e+01 l_align: 7.0066e+01 l_qreg: 4.8634e-01 l_total: 1.7450e+02 
2026-06-30 00:41:12,821 INFO: [smal_..][epoch: 19, iter:  15,380, lr:(1.220e-04,1.220e-04,)][eta: 0:08:48, time (data): 0.308 (0.015)]l_bij: 7.0158e+01 l_orth: 8.4139e+01 l_align: 7.1732e+01 l_qreg: 6.7563e-01 l_total: 2.2670e+02 
2026-06-30 00:41:18,949 INFO: [smal_..][epoch: 19, iter:  15,400, lr:(1.220e-04,1.220e-04,)][eta: 0:08:40, time (data): 0.308 (0.015)]l_bij: 8.6674e+01 l_orth: 9.7045e+01 l_align: 7.7567e+01 l_qreg: 7.2328e-01 l_total: 2.6201e+02 
2026-06-30 00:41:25,380 INFO: [smal_..][epoch: 19, iter:  15,420, lr:(1.220e-04,1.220e-04,)][eta: 0:08:33, time (data): 0.309 (0.015)]l_bij: 6.3140e+01 l_orth: 7.5165e+01 l_align: 7.2975e+01 l_qreg: 6.8926e-01 l_total: 2.1197e+02 
2026-06-30 00:41:31,567 INFO: [smal_..][epoch: 19, iter:  15,440, lr:(1.220e-04,1.220e-04,)][eta: 0:08:25, time (data): 0.309 (0.015)]l_bij: 7.6662e+01 l_orth: 8.9150e+01 l_align: 7.3739e+01 l_qreg: 6.9247e-01 l_total: 2.4024e+02 
2026-06-30 00:41:37,817 INFO: [smal_..][epoch: 19, iter:  15,460, lr:(1.220e-04,1.220e-04,)][eta: 0:08:18, time (data): 0.310 (0.015)]l_bij: 9.6167e+01 l_orth: 1.0166e+02 l_align: 7.5075e+01 l_qreg: 7.9652e-01 l_total: 2.7370e+02 
2026-06-30 00:41:44,155 INFO: [smal_..][epoch: 19, iter:  15,480, lr:(1.220e-04,1.220e-04,)][eta: 0:08:10, time (data): 0.303 (0.016)]l_bij: 9.0858e+01 l_orth: 9.8562e+01 l_align: 7.9816e+01 l_qreg: 1.1258e+00 l_total: 2.7036e+02 
2026-06-30 00:41:50,498 INFO: [smal_..][epoch: 19, iter:  15,500, lr:(1.220e-04,1.220e-04,)][eta: 0:08:03, time (data): 0.315 (0.015)]l_bij: 8.1702e+01 l_orth: 9.0993e+01 l_align: 7.4653e+01 l_qreg: 7.4990e-01 l_total: 2.4810e+02 
2026-06-30 00:41:56,815 INFO: [smal_..][epoch: 19, iter:  15,520, lr:(1.220e-04,1.220e-04,)][eta: 0:07:56, time (data): 0.315 (0.015)]l_bij: 6.0697e+01 l_orth: 7.4541e+01 l_align: 6.6664e+01 l_qreg: 5.2229e-01 l_total: 2.0242e+02 
2026-06-30 00:42:02,976 INFO: [smal_..][epoch: 19, iter:  15,540, lr:(1.220e-04,1.220e-04,)][eta: 0:07:48, time (data): 0.313 (0.015)]l_bij: 7.1527e+01 l_orth: 8.2614e+01 l_align: 7.3481e+01 l_qreg: 6.6361e-01 l_total: 2.2829e+02 
2026-06-30 00:42:09,164 INFO: [smal_..][epoch: 19, iter:  15,560, lr:(1.220e-04,1.220e-04,)][eta: 0:07:41, time (data): 0.312 (0.015)]l_bij: 7.7137e+01 l_orth: 8.5591e+01 l_align: 7.2664e+01 l_qreg: 8.1956e-01 l_total: 2.3621e+02 
2026-06-30 00:42:15,351 INFO: [smal_..][epoch: 19, iter:  15,580, lr:(1.220e-04,1.220e-04,)][eta: 0:07:33, time (data): 0.311 (0.015)]l_bij: 6.4647e+01 l_orth: 7.7640e+01 l_align: 6.5831e+01 l_qreg: 5.4416e-01 l_total: 2.0866e+02 
2026-06-30 00:42:21,555 INFO: [smal_..][epoch: 19, iter:  15,600, lr:(1.220e-04,1.220e-04,)][eta: 0:07:26, time (data): 0.311 (0.015)]l_bij: 8.1651e+01 l_orth: 9.0125e+01 l_align: 7.7350e+01 l_qreg: 6.0615e-01 l_total: 2.4973e+02 
2026-06-30 00:42:27,704 INFO: [smal_..][epoch: 19, iter:  15,620, lr:(1.220e-04,1.220e-04,)][eta: 0:07:18, time (data): 0.311 (0.015)]l_bij: 8.0417e+01 l_orth: 8.9241e+01 l_align: 7.1003e+01 l_qreg: 5.7981e-01 l_total: 2.4124e+02 
2026-06-30 00:42:33,880 INFO: [smal_..][epoch: 19, iter:  15,640, lr:(1.220e-04,1.220e-04,)][eta: 0:07:11, time (data): 0.310 (0.015)]l_bij: 7.0286e+01 l_orth: 8.0964e+01 l_align: 7.4276e+01 l_qreg: 6.4508e-01 l_total: 2.2617e+02 
2026-06-30 00:42:40,078 INFO: [smal_..][epoch: 19, iter:  15,660, lr:(1.220e-04,1.220e-04,)][eta: 0:07:04, time (data): 0.310 (0.015)]l_bij: 8.1885e+01 l_orth: 8.9216e+01 l_align: 7.4859e+01 l_qreg: 6.6469e-01 l_total: 2.4662e+02 
2026-06-30 00:42:46,199 INFO: [smal_..][epoch: 19, iter:  15,680, lr:(1.220e-04,1.220e-04,)][eta: 0:06:56, time (data): 0.296 (0.013)]l_bij: 8.1407e+01 l_orth: 9.0499e+01 l_align: 7.9170e+01 l_qreg: 7.5103e-01 l_total: 2.5183e+02 
2026-06-30 00:42:52,333 INFO: [smal_..][epoch: 19, iter:  15,700, lr:(1.220e-04,1.220e-04,)][eta: 0:06:49, time (data): 0.306 (0.014)]l_bij: 7.1607e+01 l_orth: 8.7585e+01 l_align: 8.1344e+01 l_qreg: 8.3956e-01 l_total: 2.4138e+02 
2026-06-30 00:42:58,477 INFO: [smal_..][epoch: 19, iter:  15,720, lr:(1.220e-04,1.220e-04,)][eta: 0:06:41, time (data): 0.306 (0.014)]l_bij: 6.2768e+01 l_orth: 7.9761e+01 l_align: 6.7319e+01 l_qreg: 6.8274e-01 l_total: 2.1053e+02 
2026-06-30 00:43:04,689 INFO: [smal_..][epoch: 19, iter:  15,740, lr:(1.220e-04,1.220e-04,)][eta: 0:06:34, time (data): 0.308 (0.014)]l_bij: 7.1508e+01 l_orth: 8.2719e+01 l_align: 7.6896e+01 l_qreg: 7.5605e-01 l_total: 2.3188e+02 
2026-06-30 00:43:10,964 INFO: [smal_..][epoch: 19, iter:  15,760, lr:(1.220e-04,1.220e-04,)][eta: 0:06:27, time (data): 0.309 (0.014)]l_bij: 3.3216e+01 l_orth: 5.5679e+01 l_align: 7.1305e+01 l_qreg: 7.8182e-01 l_total: 1.6098e+02 
2026-06-30 00:43:17,393 INFO: [smal_..][epoch: 19, iter:  15,780, lr:(1.220e-04,1.220e-04,)][eta: 0:06:19, time (data): 0.311 (0.014)]l_bij: 9.1075e+01 l_orth: 9.8811e+01 l_align: 8.1650e+01 l_qreg: 7.9470e-01 l_total: 2.7233e+02 
2026-06-30 00:43:23,758 INFO: [smal_..][epoch: 19, iter:  15,800, lr:(1.220e-04,1.220e-04,)][eta: 0:06:12, time (data): 0.312 (0.015)]l_bij: 4.8613e+01 l_orth: 7.3549e+01 l_align: 7.4517e+01 l_qreg: 9.9354e-01 l_total: 1.9767e+02 
2026-06-30 00:43:30,045 INFO: [smal_..][epoch: 19, iter:  15,820, lr:(1.220e-04,1.220e-04,)][eta: 0:06:05, time (data): 0.313 (0.015)]l_bij: 7.5843e+01 l_orth: 8.5323e+01 l_align: 7.0643e+01 l_qreg: 6.1036e-01 l_total: 2.3242e+02 
2026-06-30 00:43:36,287 INFO: [smal_..][epoch: 19, iter:  15,840, lr:(1.220e-04,1.220e-04,)][eta: 0:05:57, time (data): 0.313 (0.015)]l_bij: 1.0542e+02 l_orth: 1.0930e+02 l_align: 7.7038e+01 l_qreg: 6.3948e-01 l_total: 2.9239e+02 
2026-06-30 00:43:42,554 INFO: [smal_..][epoch: 19, iter:  15,860, lr:(1.220e-04,1.220e-04,)][eta: 0:05:50, time (data): 0.313 (0.015)]l_bij: 7.9489e+01 l_orth: 8.9140e+01 l_align: 7.4940e+01 l_qreg: 5.6957e-01 l_total: 2.4414e+02 
2026-06-30 00:43:48,745 INFO: [smal_..][epoch: 19, iter:  15,880, lr:(1.220e-04,1.220e-04,)][eta: 0:05:42, time (data): 0.316 (0.019)]l_bij: 7.6560e+01 l_orth: 8.7729e+01 l_align: 6.7765e+01 l_qreg: 6.8107e-01 l_total: 2.3273e+02 
2026-06-30 00:43:55,021 INFO: [smal_..][epoch: 19, iter:  15,900, lr:(1.220e-04,1.220e-04,)][eta: 0:05:35, time (data): 0.314 (0.015)]l_bij: 3.2736e+01 l_orth: 6.0445e+01 l_align: 7.8058e+01 l_qreg: 8.9851e-01 l_total: 1.7214e+02 
2026-06-30 00:44:01,323 INFO: [smal_..][epoch: 19, iter:  15,920, lr:(1.220e-04,1.220e-04,)][eta: 0:05:28, time (data): 0.314 (0.015)]l_bij: 7.8747e+01 l_orth: 8.6176e+01 l_align: 7.4900e+01 l_qreg: 7.7421e-01 l_total: 2.4060e+02 
2026-06-30 00:44:07,514 INFO: [smal_..][epoch: 19, iter:  15,940, lr:(1.220e-04,1.220e-04,)][eta: 0:05:20, time (data): 0.313 (0.015)]l_bij: 9.0777e+01 l_orth: 9.9904e+01 l_align: 8.3540e+01 l_qreg: 9.1962e-01 l_total: 2.7514e+02 
2026-06-30 00:44:13,653 INFO: [smal_..][epoch: 19, iter:  15,960, lr:(1.220e-04,1.220e-04,)][eta: 0:05:13, time (data): 0.311 (0.015)]l_bij: 5.4710e+00 l_orth: 5.0494e+01 l_align: 9.0941e+01 l_qreg: 9.0958e-01 l_total: 1.4781e+02 
2026-06-30 00:44:20,036 INFO: [smal_..][epoch: 20, iter:  15,980, lr:(1.055e-04,1.055e-04,)][eta: 0:05:06, time (data): 0.313 (0.017)]l_bij: 7.3260e+01 l_orth: 8.4483e+01 l_align: 6.9168e+01 l_qreg: 6.4963e-01 l_total: 2.2756e+02 
2026-06-30 00:44:26,194 INFO: [smal_..][epoch: 20, iter:  16,000, lr:(1.055e-04,1.055e-04,)][eta: 0:04:58, time (data): 0.312 (0.017)]l_bij: 1.1418e+02 l_orth: 1.1520e+02 l_align: 8.6449e+01 l_qreg: 8.4270e-01 l_total: 3.1667e+02 
2026-06-30 00:44:26,195 INFO: Saving models and training states.
2026-06-30 00:44:26,219 INFO: Start validation.
2026-06-30 00:44:27,110 INFO: avg err:0.0000 | err:0.0000 | cougar_01 cougar_01
2026-06-30 00:44:27,345 INFO: avg err:0.0137 | err:0.0274 | cougar_01 cougar_02
2026-06-30 00:44:27,636 INFO: avg err:0.0140 | err:0.0145 | cougar_01 cougar_03
2026-06-30 00:44:27,843 INFO: avg err:0.0161 | err:0.0225 | cougar_01 cougar_04
2026-06-30 00:44:28,159 INFO: avg err:0.1453 | err:0.6623 | cougar_01 hippo_01
2026-06-30 00:44:28,372 INFO: avg err:0.2303 | err:0.6552 | cougar_01 hippo_02
2026-06-30 00:44:28,762 INFO: avg err:0.2829 | err:0.5985 | cougar_01 hippo_03
2026-06-30 00:44:29,077 INFO: avg err:0.3497 | err:0.8175 | cougar_01 hippo_04
2026-06-30 00:44:29,410 INFO: avg err:0.3577 | err:0.4212 | cougar_01 hippo_05
2026-06-30 00:44:29,743 INFO: avg err:0.3912 | err:0.6930 | cougar_01 hippo_06
2026-06-30 00:44:30,070 INFO: avg err:0.3586 | err:0.0322 | cougar_01 horse_01
2026-06-30 00:44:30,382 INFO: avg err:0.3311 | err:0.0292 | cougar_01 horse_02
2026-06-30 00:44:30,659 INFO: avg err:0.3077 | err:0.0272 | cougar_01 horse_03
2026-06-30 00:44:30,867 INFO: avg err:0.2881 | err:0.0321 | cougar_01 horse_04
2026-06-30 00:44:31,188 INFO: avg err:0.2712 | err:0.0360 | cougar_01 horse_05
2026-06-30 00:44:31,504 INFO: avg err:0.2571 | err:0.0455 | cougar_01 horse_06
2026-06-30 00:44:31,776 INFO: avg err:0.2441 | err:0.0349 | cougar_01 horse_07
2026-06-30 00:44:32,024 INFO: avg err:0.2321 | err:0.0278 | cougar_01 horse_08
2026-06-30 00:44:32,356 INFO: avg err:0.2257 | err:0.1122 | cougar_01 horse_09
2026-06-30 00:44:32,608 INFO: avg err:0.2214 | err:0.1392 | cougar_01 horse_10
2026-06-30 00:44:32,847 INFO: avg err:0.2119 | err:0.0225 | cougar_02 cougar_01
2026-06-30 00:44:33,096 INFO: avg err:0.2023 | err:0.0000 | cougar_02 cougar_02
2026-06-30 00:44:33,374 INFO: avg err:0.1943 | err:0.0181 | cougar_02 cougar_03
2026-06-30 00:44:33,656 INFO: avg err:0.1876 | err:0.0334 | cougar_02 cougar_04
2026-06-30 00:44:33,948 INFO: avg err:0.2149 | err:0.8703 | cougar_02 hippo_01
2026-06-30 00:44:34,223 INFO: avg err:0.2345 | err:0.7246 | cougar_02 hippo_02
2026-06-30 00:44:34,500 INFO: avg err:0.2527 | err:0.7248 | cougar_02 hippo_03
2026-06-30 00:44:34,730 INFO: avg err:0.2773 | err:0.9434 | cougar_02 hippo_04
2026-06-30 00:44:34,969 INFO: avg err:0.2813 | err:0.3936 | cougar_02 hippo_05
2026-06-30 00:44:35,398 INFO: avg err:0.2926 | err:0.6202 | cougar_02 hippo_06
2026-06-30 00:44:35,695 INFO: avg err:0.2847 | err:0.0475 | cougar_02 horse_01
2026-06-30 00:44:35,998 INFO: avg err:0.2771 | err:0.0416 | cougar_02 horse_02
2026-06-30 00:44:36,353 INFO: avg err:0.2700 | err:0.0423 | cougar_02 horse_03
2026-06-30 00:44:36,691 INFO: avg err:0.2634 | err:0.0433 | cougar_02 horse_04
2026-06-30 00:44:36,939 INFO: avg err:0.2572 | err:0.0490 | cougar_02 horse_05
2026-06-30 00:44:37,292 INFO: avg err:0.2523 | err:0.0814 | cougar_02 horse_06
2026-06-30 00:44:37,511 INFO: avg err:0.2469 | err:0.0518 | cougar_02 horse_07
2026-06-30 00:44:37,940 INFO: avg err:0.2415 | err:0.0405 | cougar_02 horse_08
2026-06-30 00:44:38,158 INFO: avg err:0.2398 | err:0.1771 | cougar_02 horse_09
2026-06-30 00:44:38,425 INFO: avg err:0.2393 | err:0.2163 | cougar_02 horse_10
2026-06-30 00:44:38,646 INFO: avg err:0.2338 | err:0.0137 | cougar_03 cougar_01
2026-06-30 00:44:38,908 INFO: avg err:0.2286 | err:0.0187 | cougar_03 cougar_02
2026-06-30 00:44:39,127 INFO: avg err:0.2233 | err:0.0000 | cougar_03 cougar_03
2026-06-30 00:44:39,446 INFO: avg err:0.2188 | err:0.0226 | cougar_03 cougar_04
2026-06-30 00:44:39,675 INFO: avg err:0.2322 | err:0.8217 | cougar_03 hippo_01
2026-06-30 00:44:39,966 INFO: avg err:0.2436 | err:0.7574 | cougar_03 hippo_02
2026-06-30 00:44:40,199 INFO: avg err:0.2530 | err:0.6848 | cougar_03 hippo_03
2026-06-30 00:44:40,522 INFO: avg err:0.2649 | err:0.8256 | cougar_03 hippo_04
2026-06-30 00:44:40,725 INFO: avg err:0.2690 | err:0.4657 | cougar_03 hippo_05
2026-06-30 00:44:41,043 INFO: avg err:0.2778 | err:0.7097 | cougar_03 hippo_06
2026-06-30 00:44:41,284 INFO: avg err:0.2731 | err:0.0398 | cougar_03 horse_01
2026-06-30 00:44:41,624 INFO: avg err:0.2685 | err:0.0307 | cougar_03 horse_02
2026-06-30 00:44:41,871 INFO: avg err:0.2641 | err:0.0362 | cougar_03 horse_03
2026-06-30 00:44:42,226 INFO: avg err:0.2598 | err:0.0332 | cougar_03 horse_04
2026-06-30 00:44:42,478 INFO: avg err:0.2559 | err:0.0423 | cougar_03 horse_05
2026-06-30 00:44:42,727 INFO: avg err:0.2525 | err:0.0692 | cougar_03 horse_06
2026-06-30 00:44:42,979 INFO: avg err:0.2487 | err:0.0367 | cougar_03 horse_07
2026-06-30 00:44:43,378 INFO: avg err:0.2450 | err:0.0304 | cougar_03 horse_08
2026-06-30 00:44:43,586 INFO: avg err:0.2428 | err:0.1185 | cougar_03 horse_09
2026-06-30 00:44:44,051 INFO: avg err:0.2417 | err:0.1752 | cougar_03 horse_10
2026-06-30 00:44:44,313 INFO: avg err:0.2381 | err:0.0219 | cougar_04 cougar_01
2026-06-30 00:44:44,641 INFO: avg err:0.2353 | err:0.0619 | cougar_04 cougar_02
2026-06-30 00:44:44,883 INFO: avg err:0.2319 | err:0.0220 | cougar_04 cougar_03
2026-06-30 00:44:45,248 INFO: avg err:0.2283 | err:0.0000 | cougar_04 cougar_04
2026-06-30 00:44:45,570 INFO: avg err:0.2356 | err:0.7059 | cougar_04 hippo_01
2026-06-30 00:44:45,902 INFO: avg err:0.2419 | err:0.6489 | cougar_04 hippo_02
2026-06-30 00:44:46,200 INFO: avg err:0.2475 | err:0.6212 | cougar_04 hippo_03
2026-06-30 00:44:46,476 INFO: avg err:0.2561 | err:0.8287 | cougar_04 hippo_04
2026-06-30 00:44:46,704 INFO: avg err:0.2586 | err:0.4295 | cougar_04 hippo_05
2026-06-30 00:44:46,963 INFO: avg err:0.2640 | err:0.6359 | cougar_04 hippo_06
2026-06-30 00:44:47,226 INFO: avg err:0.2606 | err:0.0271 | cougar_04 horse_01
2026-06-30 00:44:47,531 INFO: avg err:0.2575 | err:0.0333 | cougar_04 horse_02
2026-06-30 00:44:47,767 INFO: avg err:0.2543 | err:0.0287 | cougar_04 horse_03
2026-06-30 00:44:48,094 INFO: avg err:0.2514 | err:0.0376 | cougar_04 horse_04
2026-06-30 00:44:48,381 INFO: avg err:0.2486 | err:0.0370 | cougar_04 horse_05
2026-06-30 00:44:48,702 INFO: avg err:0.2459 | err:0.0457 | cougar_04 horse_06
2026-06-30 00:44:48,915 INFO: avg err:0.2431 | err:0.0301 | cougar_04 horse_07
2026-06-30 00:44:49,282 INFO: avg err:0.2404 | err:0.0318 | cougar_04 horse_08
2026-06-30 00:44:49,525 INFO: avg err:0.2388 | err:0.1155 | cougar_04 horse_09
2026-06-30 00:44:50,004 INFO: avg err:0.2377 | err:0.1538 | cougar_04 horse_10
2026-06-30 00:44:50,315 INFO: avg err:0.2417 | err:0.5621 | hippo_01 cougar_01
2026-06-30 00:44:50,662 INFO: avg err:0.2453 | err:0.5344 | hippo_01 cougar_02
2026-06-30 00:44:50,876 INFO: avg err:0.2493 | err:0.5747 | hippo_01 cougar_03
2026-06-30 00:44:51,110 INFO: avg err:0.2532 | err:0.5783 | hippo_01 cougar_04
2026-06-30 00:44:51,412 INFO: avg err:0.2502 | err:0.0000 | hippo_01 hippo_01
2026-06-30 00:44:51,648 INFO: avg err:0.2487 | err:0.1210 | hippo_01 hippo_02
2026-06-30 00:44:51,908 INFO: avg err:0.2477 | err:0.1589 | hippo_01 hippo_03
2026-06-30 00:44:52,184 INFO: avg err:0.2450 | err:0.0145 | hippo_01 hippo_04
2026-06-30 00:44:52,429 INFO: avg err:0.2441 | err:0.1612 | hippo_01 hippo_05
2026-06-30 00:44:52,730 INFO: avg err:0.2423 | err:0.0799 | hippo_01 hippo_06
2026-06-30 00:44:52,988 INFO: avg err:0.2456 | err:0.5465 | hippo_01 horse_01
2026-06-30 00:44:53,247 INFO: avg err:0.2492 | err:0.5750 | hippo_01 horse_02
2026-06-30 00:44:53,470 INFO: avg err:0.2527 | err:0.5781 | hippo_01 horse_03
2026-06-30 00:44:53,851 INFO: avg err:0.2562 | err:0.5754 | hippo_01 horse_04
2026-06-30 00:44:54,110 INFO: avg err:0.2596 | err:0.5818 | hippo_01 horse_05
2026-06-30 00:44:54,360 INFO: avg err:0.2628 | err:0.5713 | hippo_01 horse_06
2026-06-30 00:44:54,586 INFO: avg err:0.2660 | err:0.5710 | hippo_01 horse_07
2026-06-30 00:44:54,887 INFO: avg err:0.2691 | err:0.5712 | hippo_01 horse_08
2026-06-30 00:44:55,160 INFO: avg err:0.2712 | err:0.4713 | hippo_01 horse_09
2026-06-30 00:44:55,434 INFO: avg err:0.2734 | err:0.4940 | hippo_01 horse_10
2026-06-30 00:44:55,687 INFO: avg err:0.2752 | err:0.4586 | hippo_02 cougar_01
2026-06-30 00:44:55,916 INFO: avg err:0.2770 | err:0.4546 | hippo_02 cougar_02
2026-06-30 00:44:56,183 INFO: avg err:0.2787 | err:0.4574 | hippo_02 cougar_03
2026-06-30 00:44:56,606 INFO: avg err:0.2804 | err:0.4482 | hippo_02 cougar_04
2026-06-30 00:44:56,892 INFO: avg err:0.2788 | err:0.1116 | hippo_02 hippo_01
2026-06-30 00:44:57,142 INFO: avg err:0.2761 | err:0.0000 | hippo_02 hippo_02
2026-06-30 00:44:57,377 INFO: avg err:0.2744 | err:0.0893 | hippo_02 hippo_03
2026-06-30 00:44:57,602 INFO: avg err:0.2725 | err:0.0756 | hippo_02 hippo_04
2026-06-30 00:44:58,002 INFO: avg err:0.2714 | err:0.1497 | hippo_02 hippo_05
2026-06-30 00:44:58,333 INFO: avg err:0.2695 | err:0.0599 | hippo_02 hippo_06
2026-06-30 00:44:58,732 INFO: avg err:0.2711 | err:0.4490 | hippo_02 horse_01
2026-06-30 00:44:59,063 INFO: avg err:0.2729 | err:0.4676 | hippo_02 horse_02
2026-06-30 00:44:59,310 INFO: avg err:0.2745 | err:0.4596 | hippo_02 horse_03
2026-06-30 00:44:59,597 INFO: avg err:0.2763 | err:0.4737 | hippo_02 horse_04
2026-06-30 00:44:59,850 INFO: avg err:0.2780 | err:0.4811 | hippo_02 horse_05
2026-06-30 00:45:00,119 INFO: avg err:0.2795 | err:0.4506 | hippo_02 horse_06
2026-06-30 00:45:00,366 INFO: avg err:0.2809 | err:0.4445 | hippo_02 horse_07
2026-06-30 00:45:00,655 INFO: avg err:0.2826 | err:0.4721 | hippo_02 horse_08
2026-06-30 00:45:01,089 INFO: avg err:0.2839 | err:0.4361 | hippo_02 horse_09
2026-06-30 00:45:01,389 INFO: avg err:0.2850 | err:0.4201 | hippo_02 horse_10
2026-06-30 00:45:01,649 INFO: avg err:0.2860 | err:0.4047 | hippo_03 cougar_01
2026-06-30 00:45:01,922 INFO: avg err:0.2869 | err:0.3953 | hippo_03 cougar_02
2026-06-30 00:45:02,274 INFO: avg err:0.2879 | err:0.4136 | hippo_03 cougar_03
2026-06-30 00:45:02,490 INFO: avg err:0.2888 | err:0.4043 | hippo_03 cougar_04
2026-06-30 00:45:02,738 INFO: avg err:0.2876 | err:0.1388 | hippo_03 hippo_01
2026-06-30 00:45:02,990 INFO: avg err:0.2863 | err:0.1245 | hippo_03 hippo_02
2026-06-30 00:45:03,243 INFO: avg err:0.2841 | err:0.0000 | hippo_03 hippo_03
2026-06-30 00:45:03,480 INFO: avg err:0.2831 | err:0.1571 | hippo_03 hippo_04
2026-06-30 00:45:03,723 INFO: avg err:0.2827 | err:0.2285 | hippo_03 hippo_05
2026-06-30 00:45:03,975 INFO: avg err:0.2815 | err:0.1341 | hippo_03 hippo_06
2026-06-30 00:45:04,236 INFO: avg err:0.2825 | err:0.4070 | hippo_03 horse_01
2026-06-30 00:45:04,476 INFO: avg err:0.2834 | err:0.3978 | hippo_03 horse_02
2026-06-30 00:45:04,858 INFO: avg err:0.2842 | err:0.3898 | hippo_03 horse_03
2026-06-30 00:45:05,085 INFO: avg err:0.2852 | err:0.4270 | hippo_03 horse_04
2026-06-30 00:45:05,475 INFO: avg err:0.2862 | err:0.4223 | hippo_03 horse_05
2026-06-30 00:45:05,730 INFO: avg err:0.2873 | err:0.4236 | hippo_03 horse_06
2026-06-30 00:45:05,978 INFO: avg err:0.2880 | err:0.3880 | hippo_03 horse_07
2026-06-30 00:45:06,221 INFO: avg err:0.2887 | err:0.3833 | hippo_03 horse_08
2026-06-30 00:45:06,466 INFO: avg err:0.2893 | err:0.3774 | hippo_03 horse_09
2026-06-30 00:45:06,704 INFO: avg err:0.2901 | err:0.3964 | hippo_03 horse_10
2026-06-30 00:45:07,190 INFO: avg err:0.2919 | err:0.5503 | hippo_04 cougar_01
2026-06-30 00:45:07,538 INFO: avg err:0.2938 | err:0.5598 | hippo_04 cougar_02
2026-06-30 00:45:07,908 INFO: avg err:0.2958 | err:0.5799 | hippo_04 cougar_03
2026-06-30 00:45:08,213 INFO: avg err:0.2977 | err:0.5678 | hippo_04 cougar_04
2026-06-30 00:45:08,617 INFO: avg err:0.2958 | err:0.0155 | hippo_04 hippo_01
2026-06-30 00:45:08,846 INFO: avg err:0.2944 | err:0.0951 | hippo_04 hippo_02
2026-06-30 00:45:09,101 INFO: avg err:0.2936 | err:0.1739 | hippo_04 hippo_03
2026-06-30 00:45:09,349 INFO: avg err:0.2916 | err:0.0000 | hippo_04 hippo_04
2026-06-30 00:45:09,650 INFO: avg err:0.2910 | err:0.2107 | hippo_04 hippo_05
2026-06-30 00:45:09,875 INFO: avg err:0.2902 | err:0.1631 | hippo_04 hippo_06
2026-06-30 00:45:10,181 INFO: avg err:0.2921 | err:0.5718 | hippo_04 horse_01
2026-06-30 00:45:10,480 INFO: avg err:0.2938 | err:0.5524 | hippo_04 horse_02
2026-06-30 00:45:10,818 INFO: avg err:0.2955 | err:0.5639 | hippo_04 horse_03
2026-06-30 00:45:11,097 INFO: avg err:0.2973 | err:0.5673 | hippo_04 horse_04
2026-06-30 00:45:11,529 INFO: avg err:0.2993 | err:0.6004 | hippo_04 horse_05
2026-06-30 00:45:11,807 INFO: avg err:0.3010 | err:0.5643 | hippo_04 horse_06
2026-06-30 00:45:12,044 INFO: avg err:0.3025 | err:0.5468 | hippo_04 horse_07
2026-06-30 00:45:12,249 INFO: avg err:0.3042 | err:0.5716 | hippo_04 horse_08
2026-06-30 00:45:12,489 INFO: avg err:0.3050 | err:0.4291 | hippo_04 horse_09
2026-06-30 00:45:12,732 INFO: avg err:0.3058 | err:0.4319 | hippo_04 horse_10
2026-06-30 00:45:13,009 INFO: avg err:0.3054 | err:0.2439 | hippo_05 cougar_01
2026-06-30 00:45:13,247 INFO: avg err:0.3054 | err:0.3087 | hippo_05 cougar_02
2026-06-30 00:45:13,521 INFO: avg err:0.3049 | err:0.2160 | hippo_05 cougar_03
2026-06-30 00:45:13,804 INFO: avg err:0.3046 | err:0.2502 | hippo_05 cougar_04
2026-06-30 00:45:14,159 INFO: avg err:0.3037 | err:0.1662 | hippo_05 hippo_01
2026-06-30 00:45:14,444 INFO: avg err:0.3030 | err:0.1933 | hippo_05 hippo_02
2026-06-30 00:45:14,749 INFO: avg err:0.3029 | err:0.2791 | hippo_05 hippo_03
2026-06-30 00:45:14,989 INFO: avg err:0.3023 | err:0.1934 | hippo_05 hippo_04
2026-06-30 00:45:15,338 INFO: avg err:0.3005 | err:0.0000 | hippo_05 hippo_05
2026-06-30 00:45:15,602 INFO: avg err:0.2998 | err:0.1846 | hippo_05 hippo_06
2026-06-30 00:45:15,914 INFO: avg err:0.2994 | err:0.2393 | hippo_05 horse_01
2026-06-30 00:45:16,209 INFO: avg err:0.2991 | err:0.2464 | hippo_05 horse_02
2026-06-30 00:45:16,519 INFO: avg err:0.2987 | err:0.2343 | hippo_05 horse_03
2026-06-30 00:45:16,769 INFO: avg err:0.2984 | err:0.2391 | hippo_05 horse_04
2026-06-30 00:45:17,032 INFO: avg err:0.2982 | err:0.2635 | hippo_05 horse_05
2026-06-30 00:45:17,270 INFO: avg err:0.2979 | err:0.2452 | hippo_05 horse_06
2026-06-30 00:45:17,600 INFO: avg err:0.2977 | err:0.2638 | hippo_05 horse_07
2026-06-30 00:45:17,879 INFO: avg err:0.2974 | err:0.2498 | hippo_05 horse_08
2026-06-30 00:45:18,237 INFO: avg err:0.2971 | err:0.2332 | hippo_05 horse_09
2026-06-30 00:45:18,538 INFO: avg err:0.2971 | err:0.3065 | hippo_05 horse_10
2026-06-30 00:45:18,885 INFO: avg err:0.2978 | err:0.4193 | hippo_06 cougar_01
2026-06-30 00:45:19,224 INFO: avg err:0.2983 | err:0.3866 | hippo_06 cougar_02
2026-06-30 00:45:19,491 INFO: avg err:0.2989 | err:0.4030 | hippo_06 cougar_03
2026-06-30 00:45:19,696 INFO: avg err:0.2994 | err:0.3948 | hippo_06 cougar_04
2026-06-30 00:45:19,947 INFO: avg err:0.2982 | err:0.0828 | hippo_06 hippo_01
2026-06-30 00:45:20,219 INFO: avg err:0.2968 | err:0.0364 | hippo_06 hippo_02
2026-06-30 00:45:20,551 INFO: avg err:0.2960 | err:0.1501 | hippo_06 hippo_03
2026-06-30 00:45:20,808 INFO: avg err:0.2955 | err:0.1916 | hippo_06 hippo_04
2026-06-30 00:45:21,056 INFO: avg err:0.2946 | err:0.1353 | hippo_06 hippo_05
2026-06-30 00:45:21,296 INFO: avg err:0.2931 | err:0.0000 | hippo_06 hippo_06
2026-06-30 00:45:21,536 INFO: avg err:0.2937 | err:0.4125 | hippo_06 horse_01
2026-06-30 00:45:21,773 INFO: avg err:0.2942 | err:0.3884 | hippo_06 horse_02
2026-06-30 00:45:22,028 INFO: avg err:0.2948 | err:0.4168 | hippo_06 horse_03
2026-06-30 00:45:22,269 INFO: avg err:0.2955 | err:0.4266 | hippo_06 horse_04
2026-06-30 00:45:22,563 INFO: avg err:0.2960 | err:0.3998 | hippo_06 horse_05
2026-06-30 00:45:22,822 INFO: avg err:0.2967 | err:0.4215 | hippo_06 horse_06
2026-06-30 00:45:23,115 INFO: avg err:0.2973 | err:0.4274 | hippo_06 horse_07
2026-06-30 00:45:23,359 INFO: avg err:0.2979 | err:0.4127 | hippo_06 horse_08
2026-06-30 00:45:23,727 INFO: avg err:0.2984 | err:0.3842 | hippo_06 horse_09
2026-06-30 00:45:24,001 INFO: avg err:0.2988 | err:0.3942 | hippo_06 horse_10
2026-06-30 00:45:24,277 INFO: avg err:0.2975 | err:0.0329 | horse_01 cougar_01
2026-06-30 00:45:24,522 INFO: avg err:0.2964 | err:0.0794 | horse_01 cougar_02
2026-06-30 00:45:24,805 INFO: avg err:0.2952 | err:0.0376 | horse_01 cougar_03
2026-06-30 00:45:25,261 INFO: avg err:0.2939 | err:0.0288 | horse_01 cougar_04
2026-06-30 00:45:25,519 INFO: avg err:0.2957 | err:0.6763 | horse_01 hippo_01
2026-06-30 00:45:25,835 INFO: avg err:0.2976 | err:0.6793 | horse_01 hippo_02
2026-06-30 00:45:26,106 INFO: avg err:0.2993 | err:0.6515 | horse_01 hippo_03
2026-06-30 00:45:26,331 INFO: avg err:0.3017 | err:0.7949 | horse_01 hippo_04
2026-06-30 00:45:26,581 INFO: avg err:0.3022 | err:0.4201 | horse_01 hippo_05
2026-06-30 00:45:26,851 INFO: avg err:0.3040 | err:0.6675 | horse_01 hippo_06
2026-06-30 00:45:27,072 INFO: avg err:0.3025 | err:0.0000 | horse_01 horse_01
2026-06-30 00:45:27,301 INFO: avg err:0.3012 | err:0.0178 | horse_01 horse_02
2026-06-30 00:45:27,579 INFO: avg err:0.2998 | err:0.0126 | horse_01 horse_03
2026-06-30 00:45:27,858 INFO: avg err:0.2985 | err:0.0195 | horse_01 horse_04
2026-06-30 00:45:28,149 INFO: avg err:0.2972 | err:0.0223 | horse_01 horse_05
2026-06-30 00:45:28,376 INFO: avg err:0.2960 | err:0.0347 | horse_01 horse_06
2026-06-30 00:45:28,595 INFO: avg err:0.2948 | err:0.0187 | horse_01 horse_07
2026-06-30 00:45:28,840 INFO: avg err:0.2935 | err:0.0164 | horse_01 horse_08
2026-06-30 00:45:29,195 INFO: avg err:0.2926 | err:0.1044 | horse_01 horse_09
2026-06-30 00:45:29,519 INFO: avg err:0.2918 | err:0.1218 | horse_01 horse_10
2026-06-30 00:45:29,882 INFO: avg err:0.2907 | err:0.0290 | horse_02 cougar_01
2026-06-30 00:45:30,155 INFO: avg err:0.2896 | err:0.0531 | horse_02 cougar_02
2026-06-30 00:45:30,395 INFO: avg err:0.2884 | err:0.0323 | horse_02 cougar_03
2026-06-30 00:45:30,608 INFO: avg err:0.2873 | err:0.0351 | horse_02 cougar_04
2026-06-30 00:45:30,883 INFO: avg err:0.2891 | err:0.6997 | horse_02 hippo_01
2026-06-30 00:45:31,124 INFO: avg err:0.2909 | err:0.6959 | horse_02 hippo_02
2026-06-30 00:45:31,430 INFO: avg err:0.2927 | err:0.6934 | horse_02 hippo_03
2026-06-30 00:45:31,740 INFO: avg err:0.2951 | err:0.8322 | horse_02 hippo_04
2026-06-30 00:45:32,030 INFO: avg err:0.2955 | err:0.4025 | horse_02 hippo_05
2026-06-30 00:45:32,334 INFO: avg err:0.2970 | err:0.6341 | horse_02 hippo_06
2026-06-30 00:45:32,604 INFO: avg err:0.2958 | err:0.0185 | horse_02 horse_01
2026-06-30 00:45:32,890 INFO: avg err:0.2945 | err:0.0000 | horse_02 horse_02
2026-06-30 00:45:33,153 INFO: avg err:0.2933 | err:0.0128 | horse_02 horse_03
2026-06-30 00:45:33,429 INFO: avg err:0.2921 | err:0.0132 | horse_02 horse_04
2026-06-30 00:45:33,660 INFO: avg err:0.2910 | err:0.0213 | horse_02 horse_05
2026-06-30 00:45:33,914 INFO: avg err:0.2898 | err:0.0204 | horse_02 horse_06
2026-06-30 00:45:34,213 INFO: avg err:0.2887 | err:0.0240 | horse_02 horse_07
2026-06-30 00:45:34,460 INFO: avg err:0.2875 | err:0.0128 | horse_02 horse_08
2026-06-30 00:45:34,698 INFO: avg err:0.2868 | err:0.1146 | horse_02 horse_09
2026-06-30 00:45:34,964 INFO: avg err:0.2862 | err:0.1363 | horse_02 horse_10
2026-06-30 00:45:35,267 INFO: avg err:0.2851 | err:0.0303 | horse_03 cougar_01
2026-06-30 00:45:35,594 INFO: avg err:0.2843 | err:0.0865 | horse_03 cougar_02
2026-06-30 00:45:35,894 INFO: avg err:0.2833 | err:0.0331 | horse_03 cougar_03
2026-06-30 00:45:36,309 INFO: avg err:0.2822 | err:0.0320 | horse_03 cougar_04
2026-06-30 00:45:36,552 INFO: avg err:0.2836 | err:0.6229 | horse_03 hippo_01
2026-06-30 00:45:36,953 INFO: avg err:0.2854 | err:0.7158 | horse_03 hippo_02
2026-06-30 00:45:37,183 INFO: avg err:0.2869 | err:0.6645 | horse_03 hippo_03
2026-06-30 00:45:37,483 INFO: avg err:0.2889 | err:0.7686 | horse_03 hippo_04
2026-06-30 00:45:37,698 INFO: avg err:0.2895 | err:0.4567 | horse_03 hippo_05
2026-06-30 00:45:38,112 INFO: avg err:0.2911 | err:0.6761 | horse_03 hippo_06
2026-06-30 00:45:38,377 INFO: avg err:0.2900 | err:0.0130 | horse_03 horse_01
2026-06-30 00:45:38,721 INFO: avg err:0.2889 | err:0.0121 | horse_03 horse_02
2026-06-30 00:45:38,937 INFO: avg err:0.2877 | err:0.0000 | horse_03 horse_03
2026-06-30 00:45:39,353 INFO: avg err:0.2867 | err:0.0175 | horse_03 horse_04
2026-06-30 00:45:39,601 INFO: avg err:0.2856 | err:0.0200 | horse_03 horse_05
2026-06-30 00:45:39,977 INFO: avg err:0.2846 | err:0.0300 | horse_03 horse_06
2026-06-30 00:45:40,204 INFO: avg err:0.2836 | err:0.0234 | horse_03 horse_07
2026-06-30 00:45:40,565 INFO: avg err:0.2826 | err:0.0127 | horse_03 horse_08
2026-06-30 00:45:40,773 INFO: avg err:0.2819 | err:0.1038 | horse_03 horse_09
2026-06-30 00:45:41,088 INFO: avg err:0.2813 | err:0.1313 | horse_03 horse_10
2026-06-30 00:45:41,318 INFO: avg err:0.2803 | err:0.0319 | horse_04 cougar_01
2026-06-30 00:45:41,790 INFO: avg err:0.2796 | err:0.0773 | horse_04 cougar_02
2026-06-30 00:45:42,081 INFO: avg err:0.2786 | err:0.0342 | horse_04 cougar_03
2026-06-30 00:45:42,354 INFO: avg err:0.2777 | err:0.0372 | horse_04 cougar_04
2026-06-30 00:45:42,583 INFO: avg err:0.2794 | err:0.7318 | horse_04 hippo_01
2026-06-30 00:45:42,930 INFO: avg err:0.2811 | err:0.7316 | horse_04 hippo_02
2026-06-30 00:45:43,180 INFO: avg err:0.2829 | err:0.7543 | horse_04 hippo_03
2026-06-30 00:45:43,516 INFO: avg err:0.2851 | err:0.8731 | horse_04 hippo_04
2026-06-30 00:45:43,771 INFO: avg err:0.2856 | err:0.4145 | horse_04 hippo_05
2026-06-30 00:45:44,192 INFO: avg err:0.2871 | err:0.7000 | horse_04 hippo_06
2026-06-30 00:45:44,492 INFO: avg err:0.2861 | err:0.0200 | horse_04 horse_01
2026-06-30 00:45:44,739 INFO: avg err:0.2851 | err:0.0137 | horse_04 horse_02
2026-06-30 00:45:44,982 INFO: avg err:0.2841 | err:0.0170 | horse_04 horse_03
2026-06-30 00:45:45,371 INFO: avg err:0.2831 | err:0.0000 | horse_04 horse_04
2026-06-30 00:45:45,698 INFO: avg err:0.2822 | err:0.0218 | horse_04 horse_05
2026-06-30 00:45:46,050 INFO: avg err:0.2813 | err:0.0320 | horse_04 horse_06
2026-06-30 00:45:46,363 INFO: avg err:0.2803 | err:0.0263 | horse_04 horse_07
2026-06-30 00:45:46,674 INFO: avg err:0.2794 | err:0.0178 | horse_04 horse_08
2026-06-30 00:45:46,917 INFO: avg err:0.2787 | err:0.0932 | horse_04 horse_09
2026-06-30 00:45:47,231 INFO: avg err:0.2782 | err:0.1413 | horse_04 horse_10
2026-06-30 00:45:47,447 INFO: avg err:0.2774 | err:0.0329 | horse_05 cougar_01
2026-06-30 00:45:47,683 INFO: avg err:0.2765 | err:0.0462 | horse_05 cougar_02
2026-06-30 00:45:48,009 INFO: avg err:0.2757 | err:0.0341 | horse_05 cougar_03
2026-06-30 00:45:48,354 INFO: avg err:0.2748 | err:0.0332 | horse_05 cougar_04
2026-06-30 00:45:48,686 INFO: avg err:0.2763 | err:0.6887 | horse_05 hippo_01
2026-06-30 00:45:49,051 INFO: avg err:0.2779 | err:0.7451 | horse_05 hippo_02
2026-06-30 00:45:49,290 INFO: avg err:0.2795 | err:0.7437 | horse_05 hippo_03
2026-06-30 00:45:49,627 INFO: avg err:0.2815 | err:0.8298 | horse_05 hippo_04
2026-06-30 00:45:49,937 INFO: avg err:0.2818 | err:0.3828 | horse_05 hippo_05
2026-06-30 00:45:50,170 INFO: avg err:0.2829 | err:0.6093 | horse_05 hippo_06
2026-06-30 00:45:50,396 INFO: avg err:0.2820 | err:0.0210 | horse_05 horse_01
2026-06-30 00:45:50,636 INFO: avg err:0.2811 | err:0.0200 | horse_05 horse_02
2026-06-30 00:45:50,897 INFO: avg err:0.2802 | err:0.0183 | horse_05 horse_03
2026-06-30 00:45:51,233 INFO: avg err:0.2794 | err:0.0213 | horse_05 horse_04
2026-06-30 00:45:51,574 INFO: avg err:0.2784 | err:0.0000 | horse_05 horse_05
2026-06-30 00:45:51,906 INFO: avg err:0.2776 | err:0.0250 | horse_05 horse_06
2026-06-30 00:45:52,210 INFO: avg err:0.2767 | err:0.0249 | horse_05 horse_07
2026-06-30 00:45:52,468 INFO: avg err:0.2758 | err:0.0201 | horse_05 horse_08
2026-06-30 00:45:52,684 INFO: avg err:0.2753 | err:0.1019 | horse_05 horse_09
2026-06-30 00:45:52,940 INFO: avg err:0.2748 | err:0.1511 | horse_05 horse_10
2026-06-30 00:45:53,190 INFO: avg err:0.2740 | err:0.0343 | horse_06 cougar_01
2026-06-30 00:45:53,467 INFO: avg err:0.2735 | err:0.1001 | horse_06 cougar_02
2026-06-30 00:45:53,702 INFO: avg err:0.2727 | err:0.0376 | horse_06 cougar_03
2026-06-30 00:45:54,278 INFO: avg err:0.2719 | err:0.0375 | horse_06 cougar_04
2026-06-30 00:45:54,504 INFO: avg err:0.2737 | err:0.8074 | horse_06 hippo_01
2026-06-30 00:45:54,762 INFO: avg err:0.2751 | err:0.7228 | horse_06 hippo_02
2026-06-30 00:45:55,007 INFO: avg err:0.2766 | err:0.7356 | horse_06 hippo_03
2026-06-30 00:45:55,279 INFO: avg err:0.2787 | err:0.8953 | horse_06 hippo_04
2026-06-30 00:45:55,506 INFO: avg err:0.2791 | err:0.4083 | horse_06 hippo_05
2026-06-30 00:45:55,833 INFO: avg err:0.2803 | err:0.6735 | horse_06 hippo_06
2026-06-30 00:45:56,170 INFO: avg err:0.2795 | err:0.0200 | horse_06 horse_01
2026-06-30 00:45:56,480 INFO: avg err:0.2787 | err:0.0217 | horse_06 horse_02
2026-06-30 00:45:56,711 INFO: avg err:0.2779 | err:0.0193 | horse_06 horse_03
2026-06-30 00:45:57,061 INFO: avg err:0.2770 | err:0.0243 | horse_06 horse_04
2026-06-30 00:45:57,318 INFO: avg err:0.2762 | err:0.0258 | horse_06 horse_05
2026-06-30 00:45:57,688 INFO: avg err:0.2754 | err:0.0000 | horse_06 horse_06
2026-06-30 00:45:58,017 INFO: avg err:0.2746 | err:0.0173 | horse_06 horse_07
2026-06-30 00:45:58,292 INFO: avg err:0.2738 | err:0.0194 | horse_06 horse_08
2026-06-30 00:45:58,516 INFO: avg err:0.2733 | err:0.1189 | horse_06 horse_09
2026-06-30 00:45:58,797 INFO: avg err:0.2730 | err:0.1880 | horse_06 horse_10
2026-06-30 00:45:59,030 INFO: avg err:0.2723 | err:0.0340 | horse_07 cougar_01
2026-06-30 00:45:59,328 INFO: avg err:0.2717 | err:0.0867 | horse_07 cougar_02
2026-06-30 00:45:59,567 INFO: avg err:0.2710 | err:0.0356 | horse_07 cougar_03
2026-06-30 00:45:59,917 INFO: avg err:0.2702 | err:0.0285 | horse_07 cougar_04
2026-06-30 00:46:00,165 INFO: avg err:0.2717 | err:0.7433 | horse_07 hippo_01
2026-06-30 00:46:00,689 INFO: avg err:0.2732 | err:0.7597 | horse_07 hippo_02
2026-06-30 00:46:00,975 INFO: avg err:0.2746 | err:0.7504 | horse_07 hippo_03
2026-06-30 00:46:01,238 INFO: avg err:0.2764 | err:0.8666 | horse_07 hippo_04
2026-06-30 00:46:01,489 INFO: avg err:0.2769 | err:0.4415 | horse_07 hippo_05
2026-06-30 00:46:01,766 INFO: avg err:0.2783 | err:0.7179 | horse_07 hippo_06
2026-06-30 00:46:02,030 INFO: avg err:0.2775 | err:0.0176 | horse_07 horse_01
2026-06-30 00:46:02,395 INFO: avg err:0.2767 | err:0.0221 | horse_07 horse_02
2026-06-30 00:46:02,716 INFO: avg err:0.2759 | err:0.0203 | horse_07 horse_03
2026-06-30 00:46:03,098 INFO: avg err:0.2752 | err:0.0247 | horse_07 horse_04
2026-06-30 00:46:03,400 INFO: avg err:0.2744 | err:0.0255 | horse_07 horse_05
2026-06-30 00:46:03,744 INFO: avg err:0.2737 | err:0.0266 | horse_07 horse_06
2026-06-30 00:46:03,993 INFO: avg err:0.2729 | err:0.0000 | horse_07 horse_07
2026-06-30 00:46:04,288 INFO: avg err:0.2721 | err:0.0197 | horse_07 horse_08
2026-06-30 00:46:04,556 INFO: avg err:0.2717 | err:0.1087 | horse_07 horse_09
2026-06-30 00:46:04,818 INFO: avg err:0.2713 | err:0.1387 | horse_07 horse_10
2026-06-30 00:46:05,095 INFO: avg err:0.2706 | err:0.0281 | horse_08 cougar_01
2026-06-30 00:46:05,367 INFO: avg err:0.2699 | err:0.0542 | horse_08 cougar_02
2026-06-30 00:46:05,587 INFO: avg err:0.2692 | err:0.0310 | horse_08 cougar_03
2026-06-30 00:46:06,008 INFO: avg err:0.2685 | err:0.0320 | horse_08 cougar_04
2026-06-30 00:46:06,317 INFO: avg err:0.2698 | err:0.6925 | horse_08 hippo_01
2026-06-30 00:46:06,591 INFO: avg err:0.2710 | err:0.6820 | horse_08 hippo_02
2026-06-30 00:46:06,854 INFO: avg err:0.2721 | err:0.6795 | horse_08 hippo_03
2026-06-30 00:46:07,281 INFO: avg err:0.2737 | err:0.8021 | horse_08 hippo_04
2026-06-30 00:46:07,535 INFO: avg err:0.2741 | err:0.4252 | horse_08 hippo_05
2026-06-30 00:46:07,875 INFO: avg err:0.2753 | err:0.6964 | horse_08 hippo_06
2026-06-30 00:46:08,167 INFO: avg err:0.2746 | err:0.0171 | horse_08 horse_01
2026-06-30 00:46:08,413 INFO: avg err:0.2738 | err:0.0123 | horse_08 horse_02
2026-06-30 00:46:08,681 INFO: avg err:0.2731 | err:0.0139 | horse_08 horse_03
2026-06-30 00:46:08,999 INFO: avg err:0.2724 | err:0.0182 | horse_08 horse_04
2026-06-30 00:46:09,248 INFO: avg err:0.2716 | err:0.0201 | horse_08 horse_05
2026-06-30 00:46:09,605 INFO: avg err:0.2710 | err:0.0312 | horse_08 horse_06
2026-06-30 00:46:09,911 INFO: avg err:0.2703 | err:0.0223 | horse_08 horse_07
2026-06-30 00:46:10,139 INFO: avg err:0.2695 | err:0.0000 | horse_08 horse_08
2026-06-30 00:46:10,410 INFO: avg err:0.2691 | err:0.1115 | horse_08 horse_09
2026-06-30 00:46:10,746 INFO: avg err:0.2687 | err:0.1372 | horse_08 horse_10
2026-06-30 00:46:10,998 INFO: avg err:0.2681 | err:0.0468 | horse_09 cougar_01
2026-06-30 00:46:11,297 INFO: avg err:0.2676 | err:0.1048 | horse_09 cougar_02
2026-06-30 00:46:11,548 INFO: avg err:0.2670 | err:0.0468 | horse_09 cougar_03
2026-06-30 00:46:11,814 INFO: avg err:0.2664 | err:0.0414 | horse_09 cougar_04
2026-06-30 00:46:12,064 INFO: avg err:0.2673 | err:0.6008 | horse_09 hippo_01
2026-06-30 00:46:12,462 INFO: avg err:0.2685 | err:0.6781 | horse_09 hippo_02
2026-06-30 00:46:12,714 INFO: avg err:0.2694 | err:0.6004 | horse_09 hippo_03
2026-06-30 00:46:12,985 INFO: avg err:0.2707 | err:0.7622 | horse_09 hippo_04
2026-06-30 00:46:13,353 INFO: avg err:0.2712 | err:0.4647 | horse_09 hippo_05
2026-06-30 00:46:13,659 INFO: avg err:0.2722 | err:0.6208 | horse_09 hippo_06
2026-06-30 00:46:13,909 INFO: avg err:0.2715 | err:0.0249 | horse_09 horse_01
2026-06-30 00:46:14,182 INFO: avg err:0.2708 | err:0.0167 | horse_09 horse_02
2026-06-30 00:46:14,453 INFO: avg err:0.2702 | err:0.0218 | horse_09 horse_03
2026-06-30 00:46:14,689 INFO: avg err:0.2695 | err:0.0205 | horse_09 horse_04
2026-06-30 00:46:15,054 INFO: avg err:0.2688 | err:0.0276 | horse_09 horse_05
2026-06-30 00:46:15,302 INFO: avg err:0.2685 | err:0.1299 | horse_09 horse_06
2026-06-30 00:46:15,753 INFO: avg err:0.2678 | err:0.0270 | horse_09 horse_07
2026-06-30 00:46:16,022 INFO: avg err:0.2672 | err:0.0243 | horse_09 horse_08
2026-06-30 00:46:16,261 INFO: avg err:0.2665 | err:0.0000 | horse_09 horse_09
2026-06-30 00:46:16,568 INFO: avg err:0.2661 | err:0.1363 | horse_09 horse_10
2026-06-30 00:46:16,984 INFO: avg err:0.2659 | err:0.1805 | horse_10 cougar_01
2026-06-30 00:46:17,301 INFO: avg err:0.2660 | err:0.3014 | horse_10 cougar_02
2026-06-30 00:46:17,550 INFO: avg err:0.2658 | err:0.1908 | horse_10 cougar_03
2026-06-30 00:46:17,814 INFO: avg err:0.2657 | err:0.2119 | horse_10 cougar_04
2026-06-30 00:46:18,143 INFO: avg err:0.2665 | err:0.6015 | horse_10 hippo_01
2026-06-30 00:46:18,475 INFO: avg err:0.2673 | err:0.5732 | horse_10 hippo_02
2026-06-30 00:46:18,733 INFO: avg err:0.2681 | err:0.5503 | horse_10 hippo_03
2026-06-30 00:46:19,017 INFO: avg err:0.2690 | err:0.6308 | horse_10 hippo_04
2026-06-30 00:46:19,353 INFO: avg err:0.2696 | err:0.4957 | horse_10 hippo_05
2026-06-30 00:46:19,616 INFO: avg err:0.2703 | err:0.5563 | horse_10 hippo_06
2026-06-30 00:46:19,856 INFO: avg err:0.2699 | err:0.1085 | horse_10 horse_01
2026-06-30 00:46:20,134 INFO: avg err:0.2696 | err:0.1545 | horse_10 horse_02
2026-06-30 00:46:20,445 INFO: avg err:0.2693 | err:0.1629 | horse_10 horse_03
2026-06-30 00:46:20,769 INFO: avg err:0.2689 | err:0.1132 | horse_10 horse_04
2026-06-30 00:46:21,097 INFO: avg err:0.2686 | err:0.1359 | horse_10 horse_05
2026-06-30 00:46:21,331 INFO: avg err:0.2683 | err:0.1528 | horse_10 horse_06
2026-06-30 00:46:21,584 INFO: avg err:0.2680 | err:0.1550 | horse_10 horse_07
2026-06-30 00:46:21,826 INFO: avg err:0.2677 | err:0.1299 | horse_10 horse_08
2026-06-30 00:46:22,083 INFO: avg err:0.2672 | err:0.0815 | horse_10 horse_09
2026-06-30 00:46:22,332 INFO: avg err:0.2665 | err:0.0000 | horse_10 horse_10
2026-06-30 00:46:22,363 INFO: Avg time: 0.1059
2026-06-30 00:46:22,864 INFO: Val auc: 0.5423
2026-06-30 00:46:22,867 INFO: Val avg error: 0.2665
2026-06-30 00:46:22,906 INFO: [ONB diag] max|Q-I|: mean=1.0139e-02 max=1.2978e-02 | max|Φ̃ᵀMΦ̃-I|: mean=7.5698e-07 max=9.5367e-07
2026-06-30 00:46:28,875 INFO: [smal_..][epoch: 20, iter:  16,020, lr:(1.055e-04,1.055e-04,)][eta: 0:04:57, time (data): 0.310 (0.017)]l_bij: 1.0270e+02 l_orth: 1.1094e+02 l_align: 8.4531e+01 l_qreg: 8.4975e-01 l_total: 2.9902e+02 
2026-06-30 00:46:35,132 INFO: [smal_..][epoch: 20, iter:  16,040, lr:(1.055e-04,1.055e-04,)][eta: 0:04:49, time (data): 0.310 (0.016)]l_bij: 4.3303e+01 l_orth: 6.6061e+01 l_align: 7.3500e+01 l_qreg: 1.0236e+00 l_total: 1.8389e+02 
2026-06-30 00:46:41,431 INFO: [smal_..][epoch: 20, iter:  16,060, lr:(1.055e-04,1.055e-04,)][eta: 0:04:42, time (data): 0.311 (0.016)]l_bij: 8.7784e+01 l_orth: 9.4695e+01 l_align: 7.7486e+01 l_qreg: 8.7419e-01 l_total: 2.6084e+02 
2026-06-30 00:46:47,724 INFO: [smal_..][epoch: 20, iter:  16,080, lr:(1.055e-04,1.055e-04,)][eta: 0:04:34, time (data): 0.311 (0.016)]l_bij: 7.5007e+01 l_orth: 8.5567e+01 l_align: 7.5881e+01 l_qreg: 8.9168e-01 l_total: 2.3735e+02 
2026-06-30 00:46:53,999 INFO: [smal_..][epoch: 20, iter:  16,100, lr:(1.055e-04,1.055e-04,)][eta: 0:04:27, time (data): 0.313 (0.015)]l_bij: 5.0734e+01 l_orth: 7.3451e+01 l_align: 7.2446e+01 l_qreg: 6.2347e-01 l_total: 1.9725e+02 
2026-06-30 00:47:00,285 INFO: [smal_..][epoch: 20, iter:  16,120, lr:(1.055e-04,1.055e-04,)][eta: 0:04:19, time (data): 0.314 (0.015)]l_bij: 1.0216e+02 l_orth: 1.0788e+02 l_align: 8.4499e+01 l_qreg: 7.6394e-01 l_total: 2.9531e+02 
2026-06-30 00:47:06,574 INFO: [smal_..][epoch: 20, iter:  16,140, lr:(1.055e-04,1.055e-04,)][eta: 0:04:12, time (data): 0.314 (0.015)]l_bij: 9.8364e+01 l_orth: 1.0303e+02 l_align: 8.2647e+01 l_qreg: 1.3263e+00 l_total: 2.8537e+02 
2026-06-30 00:47:12,866 INFO: [smal_..][epoch: 20, iter:  16,160, lr:(1.055e-04,1.055e-04,)][eta: 0:04:04, time (data): 0.314 (0.015)]l_bij: 9.0922e+01 l_orth: 9.8092e+01 l_align: 7.9460e+01 l_qreg: 8.4432e-01 l_total: 2.6932e+02 
2026-06-30 00:47:19,196 INFO: [smal_..][epoch: 20, iter:  16,180, lr:(1.055e-04,1.055e-04,)][eta: 0:03:57, time (data): 0.314 (0.015)]l_bij: 9.3232e+01 l_orth: 9.6974e+01 l_align: 7.5674e+01 l_qreg: 1.0114e+00 l_total: 2.6689e+02 
2026-06-30 00:47:25,554 INFO: [smal_..][epoch: 20, iter:  16,200, lr:(1.055e-04,1.055e-04,)][eta: 0:03:49, time (data): 0.315 (0.015)]l_bij: 9.0595e+01 l_orth: 9.8869e+01 l_align: 8.0339e+01 l_qreg: 7.8856e-01 l_total: 2.7059e+02 
2026-06-30 00:47:31,987 INFO: [smal_..][epoch: 20, iter:  16,220, lr:(1.055e-04,1.055e-04,)][eta: 0:03:42, time (data): 0.316 (0.015)]l_bij: 8.9649e+01 l_orth: 9.6509e+01 l_align: 7.6901e+01 l_qreg: 8.1068e-01 l_total: 2.6387e+02 
2026-06-30 00:47:38,308 INFO: [smal_..][epoch: 20, iter:  16,240, lr:(1.055e-04,1.055e-04,)][eta: 0:03:34, time (data): 0.316 (0.015)]l_bij: 9.2795e+01 l_orth: 9.8910e+01 l_align: 7.9154e+01 l_qreg: 6.9025e-01 l_total: 2.7155e+02 
2026-06-30 00:47:44,647 INFO: [smal_..][epoch: 20, iter:  16,260, lr:(1.055e-04,1.055e-04,)][eta: 0:03:27, time (data): 0.316 (0.015)]l_bij: 7.8100e+01 l_orth: 8.8014e+01 l_align: 7.0871e+01 l_qreg: 7.0434e-01 l_total: 2.3769e+02 
2026-06-30 00:47:51,071 INFO: [smal_..][epoch: 20, iter:  16,280, lr:(1.055e-04,1.055e-04,)][eta: 0:03:20, time (data): 0.316 (0.015)]l_bij: 7.6810e+01 l_orth: 8.6078e+01 l_align: 7.7223e+01 l_qreg: 6.8943e-01 l_total: 2.4080e+02 
2026-06-30 00:47:57,520 INFO: [smal_..][epoch: 20, iter:  16,300, lr:(1.055e-04,1.055e-04,)][eta: 0:03:12, time (data): 0.322 (0.016)]l_bij: 6.1435e+01 l_orth: 7.5993e+01 l_align: 7.0295e+01 l_qreg: 6.0700e-01 l_total: 2.0833e+02 
2026-06-30 00:48:04,015 INFO: [smal_..][epoch: 20, iter:  16,320, lr:(1.055e-04,1.055e-04,)][eta: 0:03:05, time (data): 0.323 (0.016)]l_bij: 6.0997e+01 l_orth: 7.6357e+01 l_align: 7.1328e+01 l_qreg: 5.8491e-01 l_total: 2.0927e+02 
2026-06-30 00:48:10,465 INFO: [smal_..][epoch: 20, iter:  16,340, lr:(1.055e-04,1.055e-04,)][eta: 0:02:57, time (data): 0.323 (0.016)]l_bij: 7.2657e+01 l_orth: 8.3205e+01 l_align: 7.1344e+01 l_qreg: 6.3242e-01 l_total: 2.2784e+02 
2026-06-30 00:48:16,844 INFO: [smal_..][epoch: 20, iter:  16,360, lr:(1.055e-04,1.055e-04,)][eta: 0:02:50, time (data): 0.322 (0.016)]l_bij: 9.1368e+01 l_orth: 1.0097e+02 l_align: 7.8942e+01 l_qreg: 7.5188e-01 l_total: 2.7203e+02 
2026-06-30 00:48:23,159 INFO: [smal_..][epoch: 20, iter:  16,380, lr:(1.055e-04,1.055e-04,)][eta: 0:02:42, time (data): 0.321 (0.015)]l_bij: 7.7752e+01 l_orth: 9.1117e+01 l_align: 7.3185e+01 l_qreg: 6.5143e-01 l_total: 2.4271e+02 
2026-06-30 00:48:29,497 INFO: [smal_..][epoch: 20, iter:  16,400, lr:(1.055e-04,1.055e-04,)][eta: 0:02:35, time (data): 0.320 (0.015)]l_bij: 8.5495e+01 l_orth: 9.3054e+01 l_align: 7.3329e+01 l_qreg: 7.8591e-01 l_total: 2.5266e+02 
2026-06-30 00:48:35,877 INFO: [smal_..][epoch: 20, iter:  16,420, lr:(1.055e-04,1.055e-04,)][eta: 0:02:27, time (data): 0.320 (0.015)]l_bij: 8.2030e+01 l_orth: 9.0834e+01 l_align: 7.8071e+01 l_qreg: 8.5515e-01 l_total: 2.5179e+02 
2026-06-30 00:48:42,090 INFO: [smal_..][epoch: 20, iter:  16,440, lr:(1.055e-04,1.055e-04,)][eta: 0:02:20, time (data): 0.319 (0.015)]l_bij: 1.0568e+02 l_orth: 1.0926e+02 l_align: 8.4321e+01 l_qreg: 8.1299e-01 l_total: 3.0008e+02 
2026-06-30 00:48:48,246 INFO: [smal_..][epoch: 20, iter:  16,460, lr:(1.055e-04,1.055e-04,)][eta: 0:02:13, time (data): 0.317 (0.015)]l_bij: 5.2552e+01 l_orth: 6.9905e+01 l_align: 7.0104e+01 l_qreg: 5.2698e-01 l_total: 1.9309e+02 
2026-06-30 00:48:54,671 INFO: [smal_..][epoch: 20, iter:  16,480, lr:(1.055e-04,1.055e-04,)][eta: 0:02:05, time (data): 0.318 (0.015)]l_bij: 9.1040e+01 l_orth: 9.9769e+01 l_align: 7.5433e+01 l_qreg: 7.1406e-01 l_total: 2.6696e+02 
2026-06-30 00:49:01,030 INFO: [smal_..][epoch: 20, iter:  16,500, lr:(1.055e-04,1.055e-04,)][eta: 0:01:58, time (data): 0.317 (0.016)]l_bij: 6.8083e+01 l_orth: 8.4666e+01 l_align: 7.4752e+01 l_qreg: 6.4314e-01 l_total: 2.2814e+02 
2026-06-30 00:49:07,356 INFO: [smal_..][epoch: 20, iter:  16,520, lr:(1.055e-04,1.055e-04,)][eta: 0:01:50, time (data): 0.316 (0.015)]l_bij: 8.4467e+01 l_orth: 9.0938e+01 l_align: 7.2071e+01 l_qreg: 7.3055e-01 l_total: 2.4821e+02 
2026-06-30 00:49:13,625 INFO: [smal_..][epoch: 20, iter:  16,540, lr:(1.055e-04,1.055e-04,)][eta: 0:01:43, time (data): 0.315 (0.015)]l_bij: 9.5281e+01 l_orth: 1.0029e+02 l_align: 7.9339e+01 l_qreg: 8.2135e-01 l_total: 2.7574e+02 
2026-06-30 00:49:20,057 INFO: [smal_..][epoch: 20, iter:  16,560, lr:(1.055e-04,1.055e-04,)][eta: 0:01:35, time (data): 0.317 (0.015)]l_bij: 8.4323e+01 l_orth: 9.1966e+01 l_align: 7.5297e+01 l_qreg: 6.9219e-01 l_total: 2.5228e+02 
2026-06-30 00:49:26,323 INFO: [smal_..][epoch: 20, iter:  16,580, lr:(1.055e-04,1.055e-04,)][eta: 0:01:28, time (data): 0.316 (0.015)]l_bij: 7.8402e+01 l_orth: 8.7690e+01 l_align: 7.2776e+01 l_qreg: 8.8282e-01 l_total: 2.3975e+02 
2026-06-30 00:49:32,473 INFO: [smal_..][epoch: 20, iter:  16,600, lr:(1.055e-04,1.055e-04,)][eta: 0:01:21, time (data): 0.315 (0.015)]l_bij: 6.9612e+01 l_orth: 8.0795e+01 l_align: 7.3036e+01 l_qreg: 6.1393e-01 l_total: 2.2406e+02 
2026-06-30 00:49:38,690 INFO: [smal_..][epoch: 20, iter:  16,620, lr:(1.055e-04,1.055e-04,)][eta: 0:01:13, time (data): 0.314 (0.015)]l_bij: 5.0973e+01 l_orth: 6.9053e+01 l_align: 7.4674e+01 l_qreg: 5.9532e-01 l_total: 1.9530e+02 
2026-06-30 00:49:44,974 INFO: [smal_..][epoch: 20, iter:  16,640, lr:(1.055e-04,1.055e-04,)][eta: 0:01:06, time (data): 0.314 (0.015)]l_bij: 7.4218e+01 l_orth: 8.3021e+01 l_align: 7.4448e+01 l_qreg: 7.3820e-01 l_total: 2.3242e+02 
2026-06-30 00:49:51,237 INFO: [smal_..][epoch: 20, iter:  16,660, lr:(1.055e-04,1.055e-04,)][eta: 0:00:58, time (data): 0.314 (0.015)]l_bij: 9.6102e+01 l_orth: 1.0075e+02 l_align: 8.0154e+01 l_qreg: 8.5271e-01 l_total: 2.7786e+02 
2026-06-30 00:49:57,419 INFO: [smal_..][epoch: 20, iter:  16,680, lr:(1.055e-04,1.055e-04,)][eta: 0:00:51, time (data): 0.313 (0.015)]l_bij: 9.8772e+01 l_orth: 1.0190e+02 l_align: 7.4071e+01 l_qreg: 6.9940e-01 l_total: 2.7544e+02 
2026-06-30 00:50:03,644 INFO: [smal_..][epoch: 20, iter:  16,700, lr:(1.055e-04,1.055e-04,)][eta: 0:00:43, time (data): 0.309 (0.014)]l_bij: 8.6588e+01 l_orth: 9.4769e+01 l_align: 8.1198e+01 l_qreg: 1.0246e+00 l_total: 2.6358e+02 
2026-06-30 00:50:09,965 INFO: [smal_..][epoch: 20, iter:  16,720, lr:(1.055e-04,1.055e-04,)][eta: 0:00:36, time (data): 0.313 (0.015)]l_bij: 1.0290e+02 l_orth: 1.0825e+02 l_align: 8.2651e+01 l_qreg: 7.3470e-01 l_total: 2.9453e+02 
2026-06-30 00:50:16,286 INFO: [smal_..][epoch: 20, iter:  16,740, lr:(1.055e-04,1.055e-04,)][eta: 0:00:29, time (data): 0.314 (0.015)]l_bij: 9.1639e+01 l_orth: 9.9563e+01 l_align: 8.1085e+01 l_qreg: 8.6834e-01 l_total: 2.7315e+02 
2026-06-30 00:50:22,517 INFO: [smal_..][epoch: 20, iter:  16,760, lr:(1.055e-04,1.055e-04,)][eta: 0:00:21, time (data): 0.313 (0.015)]l_bij: 7.6509e+01 l_orth: 8.8032e+01 l_align: 7.6074e+01 l_qreg: 7.6890e-01 l_total: 2.4138e+02 
2026-06-30 00:50:28,725 INFO: [smal_..][epoch: 20, iter:  16,780, lr:(1.055e-04,1.055e-04,)][eta: 0:00:14, time (data): 0.313 (0.015)]l_bij: 6.6262e+01 l_orth: 8.0516e+01 l_align: 7.4252e+01 l_qreg: 6.3884e-01 l_total: 2.2167e+02 
2026-06-30 00:50:34,871 INFO: [smal_..][epoch: 20, iter:  16,800, lr:(1.055e-04,1.055e-04,)][eta: 0:00:07, time (data): 0.312 (0.015)]l_bij: 8.9095e+01 l_orth: 9.5400e+01 l_align: 8.2421e+01 l_qreg: 7.2578e-01 l_total: 2.6764e+02 
2026-06-30 00:50:41,103 INFO: [smal_..][epoch: 20, iter:  16,820, lr:(1.055e-04,1.055e-04,)][eta: 0:00:00, time (data): 0.312 (0.015)]l_bij: 8.7768e+01 l_orth: 9.4824e+01 l_align: 7.6609e+01 l_qreg: 6.8509e-01 l_total: 2.5989e+02 
2026-06-30 00:50:41,145 INFO: End of training. Time consumed: 1:43:33
2026-06-30 00:50:41,145 INFO: Last Validation.
2026-06-30 00:50:41,994 INFO: avg err:0.0000 | err:0.0000 | cougar_01 cougar_01
2026-06-30 00:50:42,236 INFO: avg err:0.0144 | err:0.0288 | cougar_01 cougar_02
2026-06-30 00:50:42,552 INFO: avg err:0.0144 | err:0.0143 | cougar_01 cougar_03
2026-06-30 00:50:42,817 INFO: avg err:0.0162 | err:0.0215 | cougar_01 cougar_04
2026-06-30 00:50:43,085 INFO: avg err:0.1507 | err:0.6890 | cougar_01 hippo_01
2026-06-30 00:50:43,331 INFO: avg err:0.2414 | err:0.6947 | cougar_01 hippo_02
2026-06-30 00:50:43,611 INFO: avg err:0.2933 | err:0.6047 | cougar_01 hippo_03
2026-06-30 00:50:43,890 INFO: avg err:0.3580 | err:0.8108 | cougar_01 hippo_04
2026-06-30 00:50:44,159 INFO: avg err:0.3694 | err:0.4610 | cougar_01 hippo_05
2026-06-30 00:50:44,406 INFO: avg err:0.3998 | err:0.6734 | cougar_01 hippo_06
2026-06-30 00:50:44,684 INFO: avg err:0.3664 | err:0.0321 | cougar_01 horse_01
2026-06-30 00:50:44,923 INFO: avg err:0.3383 | err:0.0292 | cougar_01 horse_02
2026-06-30 00:50:45,149 INFO: avg err:0.3144 | err:0.0275 | cougar_01 horse_03
2026-06-30 00:50:45,371 INFO: avg err:0.2942 | err:0.0324 | cougar_01 horse_04
2026-06-30 00:50:45,679 INFO: avg err:0.2771 | err:0.0363 | cougar_01 horse_05
2026-06-30 00:50:45,926 INFO: avg err:0.2624 | err:0.0425 | cougar_01 horse_06
2026-06-30 00:50:46,293 INFO: avg err:0.2490 | err:0.0348 | cougar_01 horse_07
2026-06-30 00:50:46,532 INFO: avg err:0.2367 | err:0.0279 | cougar_01 horse_08
2026-06-30 00:50:46,789 INFO: avg err:0.2297 | err:0.1041 | cougar_01 horse_09
2026-06-30 00:50:47,040 INFO: avg err:0.2283 | err:0.2015 | cougar_01 horse_10
2026-06-30 00:50:47,315 INFO: avg err:0.2186 | err:0.0238 | cougar_02 cougar_01
2026-06-30 00:50:47,552 INFO: avg err:0.2087 | err:0.0000 | cougar_02 cougar_02
2026-06-30 00:50:47,830 INFO: avg err:0.2005 | err:0.0202 | cougar_02 cougar_03
2026-06-30 00:50:48,082 INFO: avg err:0.1936 | err:0.0358 | cougar_02 cougar_04
2026-06-30 00:50:48,410 INFO: avg err:0.2207 | err:0.8705 | cougar_02 hippo_01
2026-06-30 00:50:48,661 INFO: avg err:0.2437 | err:0.8191 | cougar_02 hippo_02
2026-06-30 00:50:48,914 INFO: avg err:0.2626 | err:0.7543 | cougar_02 hippo_03
2026-06-30 00:50:49,145 INFO: avg err:0.2874 | err:0.9573 | cougar_02 hippo_04
2026-06-30 00:50:49,425 INFO: avg err:0.2942 | err:0.4850 | cougar_02 hippo_05
2026-06-30 00:50:49,681 INFO: avg err:0.3050 | err:0.6188 | cougar_02 hippo_06
2026-06-30 00:50:50,066 INFO: avg err:0.2968 | err:0.0492 | cougar_02 horse_01
2026-06-30 00:50:50,357 INFO: avg err:0.2889 | err:0.0432 | cougar_02 horse_02
2026-06-30 00:50:50,760 INFO: avg err:0.2815 | err:0.0460 | cougar_02 horse_03
2026-06-30 00:50:51,011 INFO: avg err:0.2746 | err:0.0454 | cougar_02 horse_04
2026-06-30 00:50:51,244 INFO: avg err:0.2682 | err:0.0517 | cougar_02 horse_05
2026-06-30 00:50:51,480 INFO: avg err:0.2625 | err:0.0640 | cougar_02 horse_06
2026-06-30 00:50:51,758 INFO: avg err:0.2569 | err:0.0534 | cougar_02 horse_07
2026-06-30 00:50:51,988 INFO: avg err:0.2513 | err:0.0432 | cougar_02 horse_08
2026-06-30 00:50:52,334 INFO: avg err:0.2495 | err:0.1821 | cougar_02 horse_09
2026-06-30 00:50:52,575 INFO: avg err:0.2488 | err:0.2222 | cougar_02 horse_10
2026-06-30 00:50:52,918 INFO: avg err:0.2431 | err:0.0141 | cougar_03 cougar_01
2026-06-30 00:50:53,157 INFO: avg err:0.2377 | err:0.0194 | cougar_03 cougar_02
2026-06-30 00:50:53,572 INFO: avg err:0.2322 | err:0.0000 | cougar_03 cougar_03
2026-06-30 00:50:53,854 INFO: avg err:0.2274 | err:0.0222 | cougar_03 cougar_04
2026-06-30 00:50:54,094 INFO: avg err:0.2412 | err:0.8458 | cougar_03 hippo_01
2026-06-30 00:50:54,351 INFO: avg err:0.2527 | err:0.7721 | cougar_03 hippo_02
2026-06-30 00:50:54,778 INFO: avg err:0.2623 | err:0.7045 | cougar_03 hippo_03
2026-06-30 00:50:54,993 INFO: avg err:0.2755 | err:0.8920 | cougar_03 hippo_04
2026-06-30 00:50:55,371 INFO: avg err:0.2808 | err:0.5355 | cougar_03 hippo_05
2026-06-30 00:50:55,669 INFO: avg err:0.2894 | err:0.7140 | cougar_03 hippo_06
2026-06-30 00:50:55,915 INFO: avg err:0.2846 | err:0.0406 | cougar_03 horse_01
2026-06-30 00:50:56,135 INFO: avg err:0.2797 | err:0.0300 | cougar_03 horse_02
2026-06-30 00:50:56,405 INFO: avg err:0.2750 | err:0.0354 | cougar_03 horse_03
2026-06-30 00:50:56,653 INFO: avg err:0.2706 | err:0.0340 | cougar_03 horse_04
2026-06-30 00:50:56,998 INFO: avg err:0.2664 | err:0.0427 | cougar_03 horse_05
2026-06-30 00:50:57,306 INFO: avg err:0.2633 | err:0.0924 | cougar_03 horse_06
2026-06-30 00:50:57,568 INFO: avg err:0.2594 | err:0.0364 | cougar_03 horse_07
2026-06-30 00:50:57,827 INFO: avg err:0.2554 | err:0.0304 | cougar_03 horse_08
2026-06-30 00:50:58,046 INFO: avg err:0.2531 | err:0.1200 | cougar_03 horse_09
2026-06-30 00:50:58,588 INFO: avg err:0.2515 | err:0.1588 | cougar_03 horse_10
2026-06-30 00:50:58,809 INFO: avg err:0.2478 | err:0.0215 | cougar_04 cougar_01
2026-06-30 00:50:59,097 INFO: avg err:0.2444 | err:0.0387 | cougar_04 cougar_02
2026-06-30 00:50:59,397 INFO: avg err:0.2409 | err:0.0216 | cougar_04 cougar_03
2026-06-30 00:50:59,640 INFO: avg err:0.2371 | err:0.0000 | cougar_04 cougar_04
2026-06-30 00:50:59,871 INFO: avg err:0.2443 | err:0.7057 | cougar_04 hippo_01
2026-06-30 00:51:00,146 INFO: avg err:0.2510 | err:0.6876 | cougar_04 hippo_02
2026-06-30 00:51:00,470 INFO: avg err:0.2573 | err:0.6740 | cougar_04 hippo_03
2026-06-30 00:51:00,726 INFO: avg err:0.2658 | err:0.8350 | cougar_04 hippo_04
2026-06-30 00:51:01,038 INFO: avg err:0.2686 | err:0.4599 | cougar_04 hippo_05
2026-06-30 00:51:01,325 INFO: avg err:0.2734 | err:0.6046 | cougar_04 hippo_06
2026-06-30 00:51:01,583 INFO: avg err:0.2700 | err:0.0272 | cougar_04 horse_01
2026-06-30 00:51:01,809 INFO: avg err:0.2667 | err:0.0330 | cougar_04 horse_02
2026-06-30 00:51:02,033 INFO: avg err:0.2634 | err:0.0279 | cougar_04 horse_03
2026-06-30 00:51:02,394 INFO: avg err:0.2604 | err:0.0372 | cougar_04 horse_04
2026-06-30 00:51:02,623 INFO: avg err:0.2574 | err:0.0384 | cougar_04 horse_05
2026-06-30 00:51:03,020 INFO: avg err:0.2545 | err:0.0377 | cougar_04 horse_06
2026-06-30 00:51:03,297 INFO: avg err:0.2516 | err:0.0302 | cougar_04 horse_07
2026-06-30 00:51:03,591 INFO: avg err:0.2488 | err:0.0311 | cougar_04 horse_08
2026-06-30 00:51:03,808 INFO: avg err:0.2470 | err:0.1087 | cougar_04 horse_09
2026-06-30 00:51:04,106 INFO: avg err:0.2462 | err:0.1822 | cougar_04 horse_10
2026-06-30 00:51:04,364 INFO: avg err:0.2501 | err:0.5632 | hippo_01 cougar_01
2026-06-30 00:51:04,690 INFO: avg err:0.2536 | err:0.5411 | hippo_01 cougar_02
2026-06-30 00:51:04,966 INFO: avg err:0.2576 | err:0.5819 | hippo_01 cougar_03
2026-06-30 00:51:05,280 INFO: avg err:0.2614 | err:0.5797 | hippo_01 cougar_04
2026-06-30 00:51:05,561 INFO: avg err:0.2584 | err:0.0000 | hippo_01 hippo_01
2026-06-30 00:51:05,894 INFO: avg err:0.2567 | err:0.1167 | hippo_01 hippo_02
2026-06-30 00:51:06,209 INFO: avg err:0.2557 | err:0.1645 | hippo_01 hippo_03
2026-06-30 00:51:06,553 INFO: avg err:0.2529 | err:0.0150 | hippo_01 hippo_04
2026-06-30 00:51:06,793 INFO: avg err:0.2513 | err:0.1054 | hippo_01 hippo_05
2026-06-30 00:51:07,033 INFO: avg err:0.2492 | err:0.0648 | hippo_01 hippo_06
2026-06-30 00:51:07,266 INFO: avg err:0.2523 | err:0.5323 | hippo_01 horse_01
2026-06-30 00:51:07,521 INFO: avg err:0.2556 | err:0.5536 | hippo_01 horse_02
2026-06-30 00:51:07,769 INFO: avg err:0.2589 | err:0.5664 | hippo_01 horse_03
2026-06-30 00:51:08,078 INFO: avg err:0.2622 | err:0.5632 | hippo_01 horse_04
2026-06-30 00:51:08,343 INFO: avg err:0.2654 | err:0.5661 | hippo_01 horse_05
2026-06-30 00:51:08,699 INFO: avg err:0.2684 | err:0.5604 | hippo_01 horse_06
2026-06-30 00:51:09,009 INFO: avg err:0.2714 | err:0.5533 | hippo_01 horse_07
2026-06-30 00:51:09,336 INFO: avg err:0.2743 | err:0.5588 | hippo_01 horse_08
2026-06-30 00:51:09,667 INFO: avg err:0.2765 | err:0.4904 | hippo_01 horse_09
2026-06-30 00:51:09,962 INFO: avg err:0.2784 | err:0.4714 | hippo_01 horse_10
2026-06-30 00:51:10,249 INFO: avg err:0.2801 | err:0.4506 | hippo_02 cougar_01
2026-06-30 00:51:10,487 INFO: avg err:0.2818 | err:0.4473 | hippo_02 cougar_02
2026-06-30 00:51:10,761 INFO: avg err:0.2833 | err:0.4418 | hippo_02 cougar_03
2026-06-30 00:51:11,007 INFO: avg err:0.2849 | err:0.4447 | hippo_02 cougar_04
2026-06-30 00:51:11,300 INFO: avg err:0.2829 | err:0.0755 | hippo_02 hippo_01
2026-06-30 00:51:11,539 INFO: avg err:0.2802 | err:0.0000 | hippo_02 hippo_02
2026-06-30 00:51:11,804 INFO: avg err:0.2785 | err:0.1015 | hippo_02 hippo_03
2026-06-30 00:51:12,137 INFO: avg err:0.2766 | err:0.0725 | hippo_02 hippo_04
2026-06-30 00:51:12,402 INFO: avg err:0.2755 | err:0.1481 | hippo_02 hippo_05
2026-06-30 00:51:12,631 INFO: avg err:0.2733 | err:0.0410 | hippo_02 hippo_06
2026-06-30 00:51:12,870 INFO: avg err:0.2747 | err:0.4295 | hippo_02 horse_01
2026-06-30 00:51:13,194 INFO: avg err:0.2763 | err:0.4516 | hippo_02 horse_02
2026-06-30 00:51:13,474 INFO: avg err:0.2779 | err:0.4546 | hippo_02 horse_03
2026-06-30 00:51:13,796 INFO: avg err:0.2793 | err:0.4425 | hippo_02 horse_04
2026-06-30 00:51:14,122 INFO: avg err:0.2810 | err:0.4720 | hippo_02 horse_05
2026-06-30 00:51:14,410 INFO: avg err:0.2824 | err:0.4437 | hippo_02 horse_06
2026-06-30 00:51:14,655 INFO: avg err:0.2838 | err:0.4396 | hippo_02 horse_07
2026-06-30 00:51:15,030 INFO: avg err:0.2852 | err:0.4506 | hippo_02 horse_08
2026-06-30 00:51:15,326 INFO: avg err:0.2864 | err:0.4331 | hippo_02 horse_09
2026-06-30 00:51:15,620 INFO: avg err:0.2875 | err:0.4130 | hippo_02 horse_10
2026-06-30 00:51:15,858 INFO: avg err:0.2883 | err:0.3858 | hippo_03 cougar_01
2026-06-30 00:51:16,110 INFO: avg err:0.2891 | err:0.3909 | hippo_03 cougar_02
2026-06-30 00:51:16,341 INFO: avg err:0.2898 | err:0.3765 | hippo_03 cougar_03
2026-06-30 00:51:16,579 INFO: avg err:0.2907 | err:0.3934 | hippo_03 cougar_04
2026-06-30 00:51:16,797 INFO: avg err:0.2895 | err:0.1459 | hippo_03 hippo_01
2026-06-30 00:51:17,065 INFO: avg err:0.2882 | err:0.1278 | hippo_03 hippo_02
2026-06-30 00:51:17,276 INFO: avg err:0.2860 | err:0.0000 | hippo_03 hippo_03
2026-06-30 00:51:17,589 INFO: avg err:0.2849 | err:0.1509 | hippo_03 hippo_04
2026-06-30 00:51:17,830 INFO: avg err:0.2842 | err:0.2000 | hippo_03 hippo_05
2026-06-30 00:51:18,204 INFO: avg err:0.2832 | err:0.1523 | hippo_03 hippo_06
2026-06-30 00:51:18,518 INFO: avg err:0.2841 | err:0.3935 | hippo_03 horse_01
2026-06-30 00:51:18,771 INFO: avg err:0.2848 | err:0.3790 | hippo_03 horse_02
2026-06-30 00:51:19,066 INFO: avg err:0.2855 | err:0.3810 | hippo_03 horse_03
2026-06-30 00:51:19,362 INFO: avg err:0.2863 | err:0.3964 | hippo_03 horse_04
2026-06-30 00:51:19,592 INFO: avg err:0.2873 | err:0.4172 | hippo_03 horse_05
2026-06-30 00:51:19,876 INFO: avg err:0.2881 | err:0.4000 | hippo_03 horse_06
2026-06-30 00:51:20,118 INFO: avg err:0.2888 | err:0.3816 | hippo_03 horse_07
2026-06-30 00:51:20,346 INFO: avg err:0.2894 | err:0.3716 | hippo_03 horse_08
2026-06-30 00:51:20,605 INFO: avg err:0.2902 | err:0.4005 | hippo_03 horse_09
2026-06-30 00:51:20,855 INFO: avg err:0.2910 | err:0.3944 | hippo_03 horse_10
2026-06-30 00:51:21,133 INFO: avg err:0.2929 | err:0.5593 | hippo_04 cougar_01
2026-06-30 00:51:21,409 INFO: avg err:0.2948 | err:0.5715 | hippo_04 cougar_02
2026-06-30 00:51:21,687 INFO: avg err:0.2968 | err:0.5811 | hippo_04 cougar_03
2026-06-30 00:51:22,069 INFO: avg err:0.2988 | err:0.5872 | hippo_04 cougar_04
2026-06-30 00:51:22,334 INFO: avg err:0.2969 | err:0.0167 | hippo_04 hippo_01
2026-06-30 00:51:22,632 INFO: avg err:0.2955 | err:0.0897 | hippo_04 hippo_02
2026-06-30 00:51:22,898 INFO: avg err:0.2945 | err:0.1487 | hippo_04 hippo_03
2026-06-30 00:51:23,144 INFO: avg err:0.2925 | err:0.0000 | hippo_04 hippo_04
2026-06-30 00:51:23,398 INFO: avg err:0.2916 | err:0.1604 | hippo_04 hippo_05
2026-06-30 00:51:23,682 INFO: avg err:0.2909 | err:0.1884 | hippo_04 hippo_06
2026-06-30 00:51:23,900 INFO: avg err:0.2928 | err:0.5723 | hippo_04 horse_01
2026-06-30 00:51:24,172 INFO: avg err:0.2945 | err:0.5478 | hippo_04 horse_02
2026-06-30 00:51:24,471 INFO: avg err:0.2962 | err:0.5630 | hippo_04 horse_03
2026-06-30 00:51:24,736 INFO: avg err:0.2980 | err:0.5688 | hippo_04 horse_04
2026-06-30 00:51:24,990 INFO: avg err:0.3000 | err:0.6131 | hippo_04 horse_05
2026-06-30 00:51:25,412 INFO: avg err:0.3018 | err:0.5716 | hippo_04 horse_06
2026-06-30 00:51:25,633 INFO: avg err:0.3033 | err:0.5496 | hippo_04 horse_07
2026-06-30 00:51:26,003 INFO: avg err:0.3050 | err:0.5665 | hippo_04 horse_08
2026-06-30 00:51:26,336 INFO: avg err:0.3058 | err:0.4339 | hippo_04 horse_09
2026-06-30 00:51:26,561 INFO: avg err:0.3066 | err:0.4389 | hippo_04 horse_10
2026-06-30 00:51:26,842 INFO: avg err:0.3064 | err:0.2646 | hippo_05 cougar_01
2026-06-30 00:51:27,093 INFO: avg err:0.3065 | err:0.3276 | hippo_05 cougar_02
2026-06-30 00:51:27,355 INFO: avg err:0.3061 | err:0.2405 | hippo_05 cougar_03
2026-06-30 00:51:27,646 INFO: avg err:0.3059 | err:0.2717 | hippo_05 cougar_04
2026-06-30 00:51:27,917 INFO: avg err:0.3050 | err:0.1508 | hippo_05 hippo_01
2026-06-30 00:51:28,250 INFO: avg err:0.3041 | err:0.1542 | hippo_05 hippo_02
2026-06-30 00:51:28,469 INFO: avg err:0.3039 | err:0.2735 | hippo_05 hippo_03
2026-06-30 00:51:28,960 INFO: avg err:0.3031 | err:0.1805 | hippo_05 hippo_04
2026-06-30 00:51:29,218 INFO: avg err:0.3013 | err:0.0000 | hippo_05 hippo_05
2026-06-30 00:51:29,568 INFO: avg err:0.3005 | err:0.1666 | hippo_05 hippo_06
2026-06-30 00:51:29,892 INFO: avg err:0.3002 | err:0.2434 | hippo_05 horse_01
2026-06-30 00:51:30,159 INFO: avg err:0.3000 | err:0.2646 | hippo_05 horse_02
2026-06-30 00:51:30,367 INFO: avg err:0.2997 | err:0.2552 | hippo_05 horse_03
2026-06-30 00:51:30,703 INFO: avg err:0.2995 | err:0.2604 | hippo_05 horse_04
2026-06-30 00:51:30,947 INFO: avg err:0.2993 | err:0.2661 | hippo_05 horse_05
2026-06-30 00:51:31,252 INFO: avg err:0.2991 | err:0.2508 | hippo_05 horse_06
2026-06-30 00:51:31,530 INFO: avg err:0.2989 | err:0.2671 | hippo_05 horse_07
2026-06-30 00:51:31,830 INFO: avg err:0.2986 | err:0.2470 | hippo_05 horse_08
2026-06-30 00:51:32,037 INFO: avg err:0.2982 | err:0.2366 | hippo_05 horse_09
2026-06-30 00:51:32,420 INFO: avg err:0.2983 | err:0.3163 | hippo_05 horse_10
2026-06-30 00:51:32,729 INFO: avg err:0.2989 | err:0.3979 | hippo_06 cougar_01
2026-06-30 00:51:32,990 INFO: avg err:0.2993 | err:0.3755 | hippo_06 cougar_02
2026-06-30 00:51:33,248 INFO: avg err:0.2998 | err:0.3948 | hippo_06 cougar_03
2026-06-30 00:51:33,511 INFO: avg err:0.3004 | err:0.4031 | hippo_06 cougar_04
2026-06-30 00:51:33,790 INFO: avg err:0.2993 | err:0.1047 | hippo_06 hippo_01
2026-06-30 00:51:34,040 INFO: avg err:0.2980 | err:0.0435 | hippo_06 hippo_02
2026-06-30 00:51:34,375 INFO: avg err:0.2971 | err:0.1460 | hippo_06 hippo_03
2026-06-30 00:51:34,715 INFO: avg err:0.2965 | err:0.1821 | hippo_06 hippo_04
2026-06-30 00:51:34,984 INFO: avg err:0.2958 | err:0.1528 | hippo_06 hippo_05
2026-06-30 00:51:35,203 INFO: avg err:0.2942 | err:0.0000 | hippo_06 hippo_06
2026-06-30 00:51:35,452 INFO: avg err:0.2949 | err:0.4183 | hippo_06 horse_01
2026-06-30 00:51:35,803 INFO: avg err:0.2954 | err:0.4051 | hippo_06 horse_02
2026-06-30 00:51:36,125 INFO: avg err:0.2961 | err:0.4200 | hippo_06 horse_03
2026-06-30 00:51:36,461 INFO: avg err:0.2967 | err:0.4175 | hippo_06 horse_04
2026-06-30 00:51:36,803 INFO: avg err:0.2972 | err:0.3976 | hippo_06 horse_05
2026-06-30 00:51:37,125 INFO: avg err:0.2979 | err:0.4222 | hippo_06 horse_06
2026-06-30 00:51:37,378 INFO: avg err:0.2986 | err:0.4374 | hippo_06 horse_07
2026-06-30 00:51:37,708 INFO: avg err:0.2992 | err:0.4318 | hippo_06 horse_08
2026-06-30 00:51:37,951 INFO: avg err:0.2997 | err:0.3954 | hippo_06 horse_09
2026-06-30 00:51:38,190 INFO: avg err:0.3003 | err:0.4167 | hippo_06 horse_10
2026-06-30 00:51:38,445 INFO: avg err:0.2990 | err:0.0335 | horse_01 cougar_01
2026-06-30 00:51:38,702 INFO: avg err:0.2978 | err:0.0611 | horse_01 cougar_02
2026-06-30 00:51:39,023 INFO: avg err:0.2965 | err:0.0379 | horse_01 cougar_03
2026-06-30 00:51:39,413 INFO: avg err:0.2952 | err:0.0296 | horse_01 cougar_04
2026-06-30 00:51:39,706 INFO: avg err:0.2973 | err:0.7257 | horse_01 hippo_01
2026-06-30 00:51:39,984 INFO: avg err:0.2992 | err:0.6756 | horse_01 hippo_02
2026-06-30 00:51:40,231 INFO: avg err:0.3010 | err:0.6701 | horse_01 hippo_03
2026-06-30 00:51:40,496 INFO: avg err:0.3033 | err:0.7913 | horse_01 hippo_04
2026-06-30 00:51:40,916 INFO: avg err:0.3043 | err:0.5114 | horse_01 hippo_05
2026-06-30 00:51:41,162 INFO: avg err:0.3061 | err:0.6875 | horse_01 hippo_06
2026-06-30 00:51:41,705 INFO: avg err:0.3047 | err:0.0000 | horse_01 horse_01
2026-06-30 00:51:41,948 INFO: avg err:0.3033 | err:0.0179 | horse_01 horse_02
2026-06-30 00:51:42,212 INFO: avg err:0.3020 | err:0.0124 | horse_01 horse_03
2026-06-30 00:51:42,492 INFO: avg err:0.3006 | err:0.0194 | horse_01 horse_04
2026-06-30 00:51:42,800 INFO: avg err:0.2993 | err:0.0220 | horse_01 horse_05
2026-06-30 00:51:43,057 INFO: avg err:0.2981 | err:0.0214 | horse_01 horse_06
2026-06-30 00:51:43,313 INFO: avg err:0.2968 | err:0.0206 | horse_01 horse_07
2026-06-30 00:51:43,552 INFO: avg err:0.2955 | err:0.0169 | horse_01 horse_08
2026-06-30 00:51:43,914 INFO: avg err:0.2946 | err:0.1017 | horse_01 horse_09
2026-06-30 00:51:44,241 INFO: avg err:0.2938 | err:0.1249 | horse_01 horse_10
2026-06-30 00:51:44,669 INFO: avg err:0.2926 | err:0.0295 | horse_02 cougar_01
2026-06-30 00:51:44,946 INFO: avg err:0.2916 | err:0.0512 | horse_02 cougar_02
2026-06-30 00:51:45,292 INFO: avg err:0.2904 | err:0.0322 | horse_02 cougar_03
2026-06-30 00:51:45,527 INFO: avg err:0.2892 | err:0.0342 | horse_02 cougar_04
2026-06-30 00:51:45,864 INFO: avg err:0.2912 | err:0.7299 | horse_02 hippo_01
2026-06-30 00:51:46,147 INFO: avg err:0.2932 | err:0.7498 | horse_02 hippo_02
2026-06-30 00:51:46,486 INFO: avg err:0.2951 | err:0.7216 | horse_02 hippo_03
2026-06-30 00:51:46,716 INFO: avg err:0.2976 | err:0.8568 | horse_02 hippo_04
2026-06-30 00:51:46,989 INFO: avg err:0.2984 | err:0.4875 | horse_02 hippo_05
2026-06-30 00:51:47,205 INFO: avg err:0.2998 | err:0.6065 | horse_02 hippo_06
2026-06-30 00:51:47,603 INFO: avg err:0.2985 | err:0.0182 | horse_02 horse_01
2026-06-30 00:51:47,920 INFO: avg err:0.2972 | err:0.0000 | horse_02 horse_02
2026-06-30 00:51:48,220 INFO: avg err:0.2960 | err:0.0130 | horse_02 horse_03
2026-06-30 00:51:48,465 INFO: avg err:0.2948 | err:0.0137 | horse_02 horse_04
2026-06-30 00:51:48,765 INFO: avg err:0.2937 | err:0.0215 | horse_02 horse_05
2026-06-30 00:51:49,018 INFO: avg err:0.2925 | err:0.0211 | horse_02 horse_06
2026-06-30 00:51:49,258 INFO: avg err:0.2914 | err:0.0238 | horse_02 horse_07
2026-06-30 00:51:49,475 INFO: avg err:0.2902 | err:0.0124 | horse_02 horse_08
2026-06-30 00:51:49,763 INFO: avg err:0.2894 | err:0.1080 | horse_02 horse_09
2026-06-30 00:51:50,018 INFO: avg err:0.2888 | err:0.1372 | horse_02 horse_10
2026-06-30 00:51:50,348 INFO: avg err:0.2877 | err:0.0294 | horse_03 cougar_01
2026-06-30 00:51:50,618 INFO: avg err:0.2869 | err:0.0886 | horse_03 cougar_02
2026-06-30 00:51:50,913 INFO: avg err:0.2859 | err:0.0321 | horse_03 cougar_03
2026-06-30 00:51:51,151 INFO: avg err:0.2848 | err:0.0309 | horse_03 cougar_04
2026-06-30 00:51:51,412 INFO: avg err:0.2863 | err:0.6511 | horse_03 hippo_01
2026-06-30 00:51:51,667 INFO: avg err:0.2881 | err:0.7186 | horse_03 hippo_02
2026-06-30 00:51:51,918 INFO: avg err:0.2897 | err:0.6954 | horse_03 hippo_03
2026-06-30 00:51:52,150 INFO: avg err:0.2916 | err:0.7657 | horse_03 hippo_04
2026-06-30 00:51:52,428 INFO: avg err:0.2923 | err:0.4673 | horse_03 hippo_05
2026-06-30 00:51:52,682 INFO: avg err:0.2937 | err:0.6321 | horse_03 hippo_06
2026-06-30 00:51:52,953 INFO: avg err:0.2926 | err:0.0125 | horse_03 horse_01
2026-06-30 00:51:53,184 INFO: avg err:0.2915 | err:0.0126 | horse_03 horse_02
2026-06-30 00:51:53,579 INFO: avg err:0.2903 | err:0.0000 | horse_03 horse_03
2026-06-30 00:51:53,912 INFO: avg err:0.2892 | err:0.0180 | horse_03 horse_04
2026-06-30 00:51:54,152 INFO: avg err:0.2882 | err:0.0199 | horse_03 horse_05
2026-06-30 00:51:54,383 INFO: avg err:0.2871 | err:0.0197 | horse_03 horse_06
2026-06-30 00:51:54,651 INFO: avg err:0.2861 | err:0.0222 | horse_03 horse_07
2026-06-30 00:51:54,940 INFO: avg err:0.2850 | err:0.0135 | horse_03 horse_08
2026-06-30 00:51:55,237 INFO: avg err:0.2843 | err:0.0911 | horse_03 horse_09
2026-06-30 00:51:55,575 INFO: avg err:0.2837 | err:0.1303 | horse_03 horse_10
2026-06-30 00:51:55,866 INFO: avg err:0.2827 | err:0.0318 | horse_04 cougar_01
2026-06-30 00:51:56,108 INFO: avg err:0.2820 | err:0.0844 | horse_04 cougar_02
2026-06-30 00:51:56,380 INFO: avg err:0.2810 | err:0.0347 | horse_04 cougar_03
2026-06-30 00:51:56,633 INFO: avg err:0.2801 | err:0.0372 | horse_04 cougar_04
2026-06-30 00:51:57,106 INFO: avg err:0.2820 | err:0.7793 | horse_04 hippo_01
2026-06-30 00:51:57,416 INFO: avg err:0.2836 | err:0.7064 | horse_04 hippo_02
2026-06-30 00:51:57,688 INFO: avg err:0.2853 | err:0.7418 | horse_04 hippo_03
2026-06-30 00:51:57,988 INFO: avg err:0.2876 | err:0.8851 | horse_04 hippo_04
2026-06-30 00:51:58,250 INFO: avg err:0.2882 | err:0.4671 | horse_04 hippo_05
2026-06-30 00:51:58,484 INFO: avg err:0.2898 | err:0.7019 | horse_04 hippo_06
2026-06-30 00:51:58,731 INFO: avg err:0.2888 | err:0.0192 | horse_04 horse_01
2026-06-30 00:51:58,956 INFO: avg err:0.2877 | err:0.0139 | horse_04 horse_02
2026-06-30 00:51:59,545 INFO: avg err:0.2868 | err:0.0176 | horse_04 horse_03
2026-06-30 00:51:59,790 INFO: avg err:0.2857 | err:0.0000 | horse_04 horse_04
2026-06-30 00:52:00,064 INFO: avg err:0.2848 | err:0.0228 | horse_04 horse_05
2026-06-30 00:52:00,322 INFO: avg err:0.2838 | err:0.0262 | horse_04 horse_06
2026-06-30 00:52:00,691 INFO: avg err:0.2829 | err:0.0277 | horse_04 horse_07
2026-06-30 00:52:01,015 INFO: avg err:0.2819 | err:0.0183 | horse_04 horse_08
2026-06-30 00:52:01,287 INFO: avg err:0.2812 | err:0.0842 | horse_04 horse_09
2026-06-30 00:52:01,522 INFO: avg err:0.2807 | err:0.1342 | horse_04 horse_10
2026-06-30 00:52:01,754 INFO: avg err:0.2798 | err:0.0328 | horse_05 cougar_01
2026-06-30 00:52:02,000 INFO: avg err:0.2790 | err:0.0501 | horse_05 cougar_02
2026-06-30 00:52:02,324 INFO: avg err:0.2781 | err:0.0348 | horse_05 cougar_03
2026-06-30 00:52:02,553 INFO: avg err:0.2773 | err:0.0346 | horse_05 cougar_04
2026-06-30 00:52:03,023 INFO: avg err:0.2790 | err:0.7515 | horse_05 hippo_01
2026-06-30 00:52:03,272 INFO: avg err:0.2806 | err:0.7364 | horse_05 hippo_02
2026-06-30 00:52:03,555 INFO: avg err:0.2822 | err:0.7464 | horse_05 hippo_03
2026-06-30 00:52:03,789 INFO: avg err:0.2841 | err:0.8480 | horse_05 hippo_04
2026-06-30 00:52:04,367 INFO: avg err:0.2847 | err:0.4443 | horse_05 hippo_05
2026-06-30 00:52:04,702 INFO: avg err:0.2859 | err:0.6449 | horse_05 hippo_06
2026-06-30 00:52:04,954 INFO: avg err:0.2850 | err:0.0209 | horse_05 horse_01
2026-06-30 00:52:05,206 INFO: avg err:0.2841 | err:0.0196 | horse_05 horse_02
2026-06-30 00:52:05,456 INFO: avg err:0.2832 | err:0.0185 | horse_05 horse_03
2026-06-30 00:52:05,716 INFO: avg err:0.2823 | err:0.0214 | horse_05 horse_04
2026-06-30 00:52:05,972 INFO: avg err:0.2814 | err:0.0000 | horse_05 horse_05
2026-06-30 00:52:06,300 INFO: avg err:0.2805 | err:0.0252 | horse_05 horse_06
2026-06-30 00:52:06,602 INFO: avg err:0.2796 | err:0.0262 | horse_05 horse_07
2026-06-30 00:52:06,813 INFO: avg err:0.2788 | err:0.0201 | horse_05 horse_08
2026-06-30 00:52:07,102 INFO: avg err:0.2782 | err:0.0957 | horse_05 horse_09
2026-06-30 00:52:07,372 INFO: avg err:0.2777 | err:0.1454 | horse_05 horse_10
2026-06-30 00:52:07,668 INFO: avg err:0.2769 | err:0.0338 | horse_06 cougar_01
2026-06-30 00:52:08,002 INFO: avg err:0.2764 | err:0.1197 | horse_06 cougar_02
2026-06-30 00:52:08,333 INFO: avg err:0.2756 | err:0.0367 | horse_06 cougar_03
2026-06-30 00:52:08,578 INFO: avg err:0.2748 | err:0.0392 | horse_06 cougar_04
2026-06-30 00:52:08,812 INFO: avg err:0.2766 | err:0.8256 | horse_06 hippo_01
2026-06-30 00:52:09,082 INFO: avg err:0.2783 | err:0.7766 | horse_06 hippo_02
2026-06-30 00:52:09,359 INFO: avg err:0.2797 | err:0.7187 | horse_06 hippo_03
2026-06-30 00:52:09,583 INFO: avg err:0.2816 | err:0.8706 | horse_06 hippo_04
2026-06-30 00:52:10,050 INFO: avg err:0.2822 | err:0.4501 | horse_06 hippo_05
2026-06-30 00:52:10,325 INFO: avg err:0.2835 | err:0.6853 | horse_06 hippo_06
2026-06-30 00:52:10,601 INFO: avg err:0.2826 | err:0.0211 | horse_06 horse_01
2026-06-30 00:52:10,861 INFO: avg err:0.2818 | err:0.0191 | horse_06 horse_02
2026-06-30 00:52:11,303 INFO: avg err:0.2809 | err:0.0194 | horse_06 horse_03
2026-06-30 00:52:11,563 INFO: avg err:0.2801 | err:0.0236 | horse_06 horse_04
2026-06-30 00:52:11,863 INFO: avg err:0.2793 | err:0.0240 | horse_06 horse_05
2026-06-30 00:52:12,097 INFO: avg err:0.2784 | err:0.0000 | horse_06 horse_06
2026-06-30 00:52:12,595 INFO: avg err:0.2776 | err:0.0173 | horse_06 horse_07
2026-06-30 00:52:12,833 INFO: avg err:0.2768 | err:0.0180 | horse_06 horse_08
2026-06-30 00:52:13,083 INFO: avg err:0.2763 | err:0.1176 | horse_06 horse_09
2026-06-30 00:52:13,318 INFO: avg err:0.2759 | err:0.1601 | horse_06 horse_10
2026-06-30 00:52:13,609 INFO: avg err:0.2752 | err:0.0336 | horse_07 cougar_01
2026-06-30 00:52:13,895 INFO: avg err:0.2746 | err:0.0924 | horse_07 cougar_02
2026-06-30 00:52:14,208 INFO: avg err:0.2738 | err:0.0359 | horse_07 cougar_03
2026-06-30 00:52:14,460 INFO: avg err:0.2731 | err:0.0288 | horse_07 cougar_04
2026-06-30 00:52:14,809 INFO: avg err:0.2746 | err:0.7617 | horse_07 hippo_01
2026-06-30 00:52:15,116 INFO: avg err:0.2761 | err:0.7543 | horse_07 hippo_02
2026-06-30 00:52:15,436 INFO: avg err:0.2775 | err:0.7348 | horse_07 hippo_03
2026-06-30 00:52:15,649 INFO: avg err:0.2792 | err:0.8607 | horse_07 hippo_04
2026-06-30 00:52:15,975 INFO: avg err:0.2800 | err:0.5359 | horse_07 hippo_05
2026-06-30 00:52:16,215 INFO: avg err:0.2813 | err:0.7114 | horse_07 hippo_06
2026-06-30 00:52:16,495 INFO: avg err:0.2805 | err:0.0174 | horse_07 horse_01
2026-06-30 00:52:16,731 INFO: avg err:0.2798 | err:0.0227 | horse_07 horse_02
2026-06-30 00:52:16,982 INFO: avg err:0.2790 | err:0.0213 | horse_07 horse_03
2026-06-30 00:52:17,204 INFO: avg err:0.2782 | err:0.0258 | horse_07 horse_04
2026-06-30 00:52:17,633 INFO: avg err:0.2775 | err:0.0244 | horse_07 horse_05
2026-06-30 00:52:17,854 INFO: avg err:0.2767 | err:0.0256 | horse_07 horse_06
2026-06-30 00:52:18,151 INFO: avg err:0.2759 | err:0.0000 | horse_07 horse_07
2026-06-30 00:52:18,442 INFO: avg err:0.2751 | err:0.0206 | horse_07 horse_08
2026-06-30 00:52:18,698 INFO: avg err:0.2746 | err:0.0990 | horse_07 horse_09
2026-06-30 00:52:18,908 INFO: avg err:0.2742 | err:0.1440 | horse_07 horse_10
2026-06-30 00:52:19,285 INFO: avg err:0.2735 | err:0.0285 | horse_08 cougar_01
2026-06-30 00:52:19,528 INFO: avg err:0.2729 | err:0.0690 | horse_08 cougar_02
2026-06-30 00:52:19,842 INFO: avg err:0.2722 | err:0.0311 | horse_08 cougar_03
2026-06-30 00:52:20,083 INFO: avg err:0.2715 | err:0.0312 | horse_08 cougar_04
2026-06-30 00:52:20,432 INFO: avg err:0.2728 | err:0.7229 | horse_08 hippo_01
2026-06-30 00:52:20,691 INFO: avg err:0.2742 | err:0.7350 | horse_08 hippo_02
2026-06-30 00:52:20,956 INFO: avg err:0.2754 | err:0.7171 | horse_08 hippo_03
2026-06-30 00:52:21,230 INFO: avg err:0.2771 | err:0.8425 | horse_08 hippo_04
2026-06-30 00:52:21,549 INFO: avg err:0.2777 | err:0.4872 | horse_08 hippo_05
2026-06-30 00:52:21,839 INFO: avg err:0.2789 | err:0.6944 | horse_08 hippo_06
2026-06-30 00:52:22,177 INFO: avg err:0.2781 | err:0.0168 | horse_08 horse_01
2026-06-30 00:52:22,412 INFO: avg err:0.2774 | err:0.0127 | horse_08 horse_02
2026-06-30 00:52:22,701 INFO: avg err:0.2766 | err:0.0145 | horse_08 horse_03
2026-06-30 00:52:23,016 INFO: avg err:0.2759 | err:0.0179 | horse_08 horse_04
2026-06-30 00:52:23,249 INFO: avg err:0.2752 | err:0.0208 | horse_08 horse_05
2026-06-30 00:52:23,597 INFO: avg err:0.2744 | err:0.0210 | horse_08 horse_06
2026-06-30 00:52:23,848 INFO: avg err:0.2737 | err:0.0230 | horse_08 horse_07
2026-06-30 00:52:24,202 INFO: avg err:0.2730 | err:0.0000 | horse_08 horse_08
2026-06-30 00:52:24,507 INFO: avg err:0.2725 | err:0.1073 | horse_08 horse_09
2026-06-30 00:52:24,783 INFO: avg err:0.2721 | err:0.1376 | horse_08 horse_10
2026-06-30 00:52:25,046 INFO: avg err:0.2715 | err:0.0577 | horse_09 cougar_01
2026-06-30 00:52:25,297 INFO: avg err:0.2714 | err:0.2219 | horse_09 cougar_02
2026-06-30 00:52:25,599 INFO: avg err:0.2708 | err:0.0524 | horse_09 cougar_03
2026-06-30 00:52:25,849 INFO: avg err:0.2702 | err:0.0503 | horse_09 cougar_04
2026-06-30 00:52:26,182 INFO: avg err:0.2711 | err:0.6031 | horse_09 hippo_01
2026-06-30 00:52:26,478 INFO: avg err:0.2723 | err:0.7071 | horse_09 hippo_02
2026-06-30 00:52:26,731 INFO: avg err:0.2731 | err:0.5785 | horse_09 hippo_03
2026-06-30 00:52:26,980 INFO: avg err:0.2743 | err:0.7155 | horse_09 hippo_04
2026-06-30 00:52:27,301 INFO: avg err:0.2747 | err:0.4171 | horse_09 hippo_05
2026-06-30 00:52:27,556 INFO: avg err:0.2756 | err:0.5947 | horse_09 hippo_06
2026-06-30 00:52:27,928 INFO: avg err:0.2750 | err:0.0486 | horse_09 horse_01
2026-06-30 00:52:28,205 INFO: avg err:0.2744 | err:0.0408 | horse_09 horse_02
2026-06-30 00:52:28,514 INFO: avg err:0.2738 | err:0.0559 | horse_09 horse_03
2026-06-30 00:52:28,758 INFO: avg err:0.2731 | err:0.0295 | horse_09 horse_04
2026-06-30 00:52:29,076 INFO: avg err:0.2725 | err:0.0490 | horse_09 horse_05
2026-06-30 00:52:29,331 INFO: avg err:0.2721 | err:0.1322 | horse_09 horse_06
2026-06-30 00:52:29,584 INFO: avg err:0.2715 | err:0.0280 | horse_09 horse_07
2026-06-30 00:52:30,033 INFO: avg err:0.2708 | err:0.0267 | horse_09 horse_08
2026-06-30 00:52:30,269 INFO: avg err:0.2701 | err:0.0000 | horse_09 horse_09
2026-06-30 00:52:30,551 INFO: avg err:0.2699 | err:0.1641 | horse_09 horse_10
2026-06-30 00:52:30,768 INFO: avg err:0.2695 | err:0.1440 | horse_10 cougar_01
2026-06-30 00:52:31,026 INFO: avg err:0.2694 | err:0.2344 | horse_10 cougar_02
2026-06-30 00:52:31,349 INFO: avg err:0.2691 | err:0.1332 | horse_10 cougar_03
2026-06-30 00:52:31,750 INFO: avg err:0.2688 | err:0.1457 | horse_10 cougar_04
2026-06-30 00:52:32,059 INFO: avg err:0.2697 | err:0.6351 | horse_10 hippo_01
2026-06-30 00:52:32,282 INFO: avg err:0.2707 | err:0.6422 | horse_10 hippo_02
2026-06-30 00:52:32,539 INFO: avg err:0.2716 | err:0.6184 | horse_10 hippo_03
2026-06-30 00:52:32,890 INFO: avg err:0.2726 | err:0.6539 | horse_10 hippo_04
2026-06-30 00:52:33,173 INFO: avg err:0.2732 | err:0.5190 | horse_10 hippo_05
2026-06-30 00:52:33,412 INFO: avg err:0.2740 | err:0.6070 | horse_10 hippo_06
2026-06-30 00:52:33,710 INFO: avg err:0.2735 | err:0.0549 | horse_10 horse_01
2026-06-30 00:52:33,977 INFO: avg err:0.2730 | err:0.0724 | horse_10 horse_02
2026-06-30 00:52:34,211 INFO: avg err:0.2725 | err:0.0909 | horse_10 horse_03
2026-06-30 00:52:34,446 INFO: avg err:0.2720 | err:0.0566 | horse_10 horse_04
2026-06-30 00:52:34,789 INFO: avg err:0.2715 | err:0.1061 | horse_10 horse_05
2026-06-30 00:52:35,093 INFO: avg err:0.2710 | err:0.0762 | horse_10 horse_06
2026-06-30 00:52:35,336 INFO: avg err:0.2706 | err:0.0839 | horse_10 horse_07
2026-06-30 00:52:35,588 INFO: avg err:0.2701 | err:0.0764 | horse_10 horse_08
2026-06-30 00:52:35,876 INFO: avg err:0.2697 | err:0.1258 | horse_10 horse_09
2026-06-30 00:52:36,148 INFO: avg err:0.2691 | err:0.0000 | horse_10 horse_10
2026-06-30 00:52:36,185 INFO: Avg time: 0.1038
2026-06-30 00:52:36,660 INFO: Val auc: 0.5398
2026-06-30 00:52:36,667 INFO: Val avg error: 0.2691
2026-06-30 00:52:36,716 INFO: [ONB diag] max|Q-I|: mean=1.0190e-02 max=1.2355e-02 | max|Φ̃ᵀMΦ̃-I|: mean=7.1377e-07 max=8.3447e-07
2026-06-30 00:52:36,716 INFO: Save the best model.
