2026-06-25 11:27:04,578 INFO: 
Version Information: 
	Python: 3.10.20
	PyTorch: 2.3.0+cu121
	TorchVision: 0.18.0+cu121
2026-06-25 11:27:04,578 INFO: 
  backend: dp
  type: ONB_ULRSSM_Model
  num_gpu: 1
  manual_seed: 1234
  non-isometric: False
  partial: False
  path:[
    resume_state: None
    experiments_root: /home/ioana/cortex_project/LearningBasis/DeepShapeMatchingKit/experiments/ulrssm/smal_onb_bypass
    models: /home/ioana/cortex_project/LearningBasis/DeepShapeMatchingKit/experiments/ulrssm/smal_onb_bypass/models
    log: /home/ioana/cortex_project/LearningBasis/DeepShapeMatchingKit/experiments/ulrssm/smal_onb_bypass/log
  ]
  datasets:[
    train_dataset:[
      name: SmalTrain
      type: PairSmalDataset
      phase: train
      data_root: ../data/SMAL_r/
      category: True
      return_evecs: True
      return_faces: True
      num_evecs: 200
      return_corr: False
      return_dist: False
    ]
    test_dataset:[
      name: SmalVal
      type: PairSmalDataset
      phase: test
      data_root: ../data/SMAL_r/
      category: True
      return_evecs: True
      return_faces: True
      num_evecs: 200
      return_corr: True
      return_dist: True
    ]
    batch_size: 1
    num_worker: 1
  ]
  networks:[
    feature_extractor:[
      type: DiffusionNet_B
      in_channels: 3
      out_channels: 256
      input_type: xyz
      augmentation:[
        train:[
          rot_x: 0.0
          rot_y: 90.0
          rot_z: 0.0
        ]
      ]
    ]
    onb_correction:[
      type: CayleyONBCorrection
      feature_dim: 256
      rank: 16
      num_steps: 20
      bypass: True
    ]
    fmap_net:[
      type: FasterRegularizedFMNet
      bidirectional: True
    ]
    permutation:[
      type: Similarity
      tau: 0.07
    ]
  ]
  train:[
    total_epochs: 20
    optims:[
      feature_extractor:[
        type: Adam
        lr: 0.001
      ]
      onb_correction:[
        type: Adam
        lr: 0.001
      ]
    ]
    schedulers:[
      feature_extractor:[
        type: CosineAnnealingLR
        eta_min: 0.0001
        T_max: 20
      ]
      onb_correction:[
        type: CosineAnnealingLR
        eta_min: 0.0001
        T_max: 20
      ]
    ]
    losses:[
      surfmnet_loss:[
        type: SURFMNetLoss
        w_bij: 1.0
        w_orth: 1.0
        w_lap: 0.0
      ]
      align_loss:[
        type: SquaredFrobeniusLoss
        loss_weight: 1.0
      ]
    ]
  ]
  val:[
    val_freq: 2000
    metrics:[
      geo_error:[
        type: calculate_geodesic_error
      ]
      plot_pck:[
        type: plot_pck
      ]
    ]
  ]
  logger:[
    print_freq: 20
    save_checkpoint_freq: 2000
  ]
  name: smal_onb_bypass
  is_train: True
  dist: False
  rank: 0
  world_size: 1
  root_path: /home/ioana/cortex_project/LearningBasis/DeepShapeMatchingKit

2026-06-25 11:27:04,580 INFO: Dataset [PairSmalDataset]-[SmalTrain] is built.
2026-06-25 11:27:04,581 INFO: Dataset [PairSmalDataset]-[SmalVal] is built.
2026-06-25 11:27:04,582 INFO: Training statistics:
	Number of train images: 841
	Dataset enlarge ratio: 1
	Batch size: 1
	World size (gpu number): 1
	Require iter number per epoch: 841
	Total epochs: 20; iters: 16820.
2026-06-25 11:27:04,582 INFO: Validation statistics:
	Number of val images: 400
2026-06-25 11:27:04,617 INFO: Network [DiffusionNet_B] is created.
2026-06-25 11:27:04,618 INFO: Network [CayleyONBCorrection] is created.
2026-06-25 11:27:04,618 INFO: Network [FasterRegularizedFMNet] is created.
2026-06-25 11:27:04,618 INFO: Network [Similarity] is created.
2026-06-25 11:27:04,725 INFO: Network: DiffusionNet_B, with parameters: 494,336
2026-06-25 11:27:04,725 INFO: Network: CayleyONBCorrection, with parameters: 0
2026-06-25 11:27:04,725 INFO: Network: FasterRegularizedFMNet, with parameters: 0
2026-06-25 11:27:04,726 INFO: Network: Similarity, with parameters: 0
2026-06-25 11:27:04,726 INFO: Metric [function] is created.
2026-06-25 11:27:04,726 INFO: Metric [function] is created.
2026-06-25 11:27:04,727 INFO: Network onb_correction has no param to optimize. Ignore it.
2026-06-25 11:27:04,727 INFO: Network fmap_net has no param to optimize. Ignore it.
2026-06-25 11:27:04,727 INFO: Network permutation has no param to optimize. Ignore it.
2026-06-25 11:27:04,727 INFO: Loss [SURFMNetLoss] is created.
2026-06-25 11:27:04,727 INFO: Loss [SquaredFrobeniusLoss] is created.
2026-06-25 11:27:04,731 INFO: Model [ONB_ULRSSM_Model] is created.
2026-06-25 11:27:04,731 INFO: Start training from epoch: 0, iter: 0
2026-06-25 11:27:07,685 INFO: [smal_..][epoch:  1, iter:      20, lr:(1.000e-03,)][eta: 0:25:24, time (data): 0.148 (0.027)]l_bij: 2.7255e+02 l_orth: 2.5865e+02 l_align: 1.3425e+02 l_total: 6.6545e+02 
2026-06-25 11:27:09,736 INFO: [smal_..][epoch:  1, iter:      40, lr:(1.000e-03,)][eta: 0:26:59, time (data): 0.125 (0.024)]l_bij: 2.8517e+02 l_orth: 2.7239e+02 l_align: 1.0566e+02 l_total: 6.6322e+02 
2026-06-25 11:27:11,759 INFO: [smal_..][epoch:  1, iter:      60, lr:(1.000e-03,)][eta: 0:27:23, time (data): 0.117 (0.023)]l_bij: 2.8433e+02 l_orth: 2.6894e+02 l_align: 1.0465e+02 l_total: 6.5791e+02 
2026-06-25 11:27:13,808 INFO: [smal_..][epoch:  1, iter:      80, lr:(1.000e-03,)][eta: 0:27:39, time (data): 0.113 (0.022)]l_bij: 2.7700e+02 l_orth: 2.5988e+02 l_align: 1.1153e+02 l_total: 6.4842e+02 
2026-06-25 11:27:15,849 INFO: [smal_..][epoch:  1, iter:     100, lr:(1.000e-03,)][eta: 0:27:46, time (data): 0.111 (0.022)]l_bij: 2.7767e+02 l_orth: 2.6137e+02 l_align: 1.1062e+02 l_total: 6.4967e+02 
2026-06-25 11:27:17,894 INFO: [smal_..][epoch:  1, iter:     120, lr:(1.000e-03,)][eta: 0:27:52, time (data): 0.110 (0.022)]l_bij: 2.7605e+02 l_orth: 2.5914e+02 l_align: 1.1367e+02 l_total: 6.4886e+02 
2026-06-25 11:27:19,981 INFO: [smal_..][epoch:  1, iter:     140, lr:(1.000e-03,)][eta: 0:27:59, time (data): 0.109 (0.022)]l_bij: 2.6443e+02 l_orth: 2.4619e+02 l_align: 1.1796e+02 l_total: 6.2858e+02 
2026-06-25 11:27:22,039 INFO: [smal_..][epoch:  1, iter:     160, lr:(1.000e-03,)][eta: 0:28:02, time (data): 0.108 (0.022)]l_bij: 2.6047e+02 l_orth: 2.4418e+02 l_align: 1.2564e+02 l_total: 6.3029e+02 
2026-06-25 11:27:24,092 INFO: [smal_..][epoch:  1, iter:     180, lr:(1.000e-03,)][eta: 0:28:03, time (data): 0.107 (0.022)]l_bij: 2.6382e+02 l_orth: 2.4965e+02 l_align: 1.1917e+02 l_total: 6.3265e+02 
2026-06-25 11:27:26,138 INFO: [smal_..][epoch:  1, iter:     200, lr:(1.000e-03,)][eta: 0:28:03, time (data): 0.107 (0.022)]l_bij: 2.4890e+02 l_orth: 2.3133e+02 l_align: 1.3152e+02 l_total: 6.1175e+02 
2026-06-25 11:27:28,172 INFO: [smal_..][epoch:  1, iter:     220, lr:(1.000e-03,)][eta: 0:28:01, time (data): 0.102 (0.020)]l_bij: 2.5366e+02 l_orth: 2.3705e+02 l_align: 1.2918e+02 l_total: 6.1989e+02 
2026-06-25 11:27:30,227 INFO: [smal_..][epoch:  1, iter:     240, lr:(1.000e-03,)][eta: 0:28:01, time (data): 0.102 (0.021)]l_bij: 2.0200e+02 l_orth: 1.9382e+02 l_align: 1.6891e+02 l_total: 5.6473e+02 
2026-06-25 11:27:32,275 INFO: [smal_..][epoch:  1, iter:     260, lr:(1.000e-03,)][eta: 0:28:00, time (data): 0.102 (0.021)]l_bij: 2.5076e+02 l_orth: 2.3543e+02 l_align: 1.3149e+02 l_total: 6.1768e+02 
2026-06-25 11:27:34,342 INFO: [smal_..][epoch:  1, iter:     280, lr:(1.000e-03,)][eta: 0:28:01, time (data): 0.103 (0.022)]l_bij: 2.1096e+02 l_orth: 2.0115e+02 l_align: 1.6077e+02 l_total: 5.7288e+02 
2026-06-25 11:27:36,377 INFO: [smal_..][epoch:  1, iter:     300, lr:(1.000e-03,)][eta: 0:27:59, time (data): 0.102 (0.021)]l_bij: 2.3939e+02 l_orth: 2.2378e+02 l_align: 1.3974e+02 l_total: 6.0291e+02 
2026-06-25 11:27:38,472 INFO: [smal_..][epoch:  1, iter:     320, lr:(1.000e-03,)][eta: 0:28:00, time (data): 0.103 (0.022)]l_bij: 2.4419e+02 l_orth: 2.2816e+02 l_align: 1.3333e+02 l_total: 6.0567e+02 
2026-06-25 11:27:40,554 INFO: [smal_..][epoch:  1, iter:     340, lr:(1.000e-03,)][eta: 0:28:00, time (data): 0.103 (0.022)]l_bij: 2.3983e+02 l_orth: 2.2538e+02 l_align: 1.3685e+02 l_total: 6.0205e+02 
2026-06-25 11:27:42,612 INFO: [smal_..][epoch:  1, iter:     360, lr:(1.000e-03,)][eta: 0:27:59, time (data): 0.103 (0.022)]l_bij: 2.4937e+02 l_orth: 2.3493e+02 l_align: 1.3555e+02 l_total: 6.1985e+02 
2026-06-25 11:27:44,684 INFO: [smal_..][epoch:  1, iter:     380, lr:(1.000e-03,)][eta: 0:27:58, time (data): 0.103 (0.022)]l_bij: 2.4491e+02 l_orth: 2.2883e+02 l_align: 1.3450e+02 l_total: 6.0823e+02 
2026-06-25 11:27:46,759 INFO: [smal_..][epoch:  1, iter:     400, lr:(1.000e-03,)][eta: 0:27:57, time (data): 0.103 (0.022)]l_bij: 2.4387e+02 l_orth: 2.2435e+02 l_align: 1.3211e+02 l_total: 6.0032e+02 
2026-06-25 11:27:48,843 INFO: [smal_..][epoch:  1, iter:     420, lr:(1.000e-03,)][eta: 0:27:57, time (data): 0.104 (0.019)]l_bij: 2.4404e+02 l_orth: 2.2905e+02 l_align: 1.3374e+02 l_total: 6.0683e+02 
2026-06-25 11:27:50,927 INFO: [smal_..][epoch:  1, iter:     440, lr:(1.000e-03,)][eta: 0:27:56, time (data): 0.104 (0.022)]l_bij: 2.4073e+02 l_orth: 2.2124e+02 l_align: 1.3650e+02 l_total: 5.9847e+02 
2026-06-25 11:27:52,883 INFO: [smal_..][epoch:  1, iter:     460, lr:(1.000e-03,)][eta: 0:27:51, time (data): 0.102 (0.020)]l_bij: 2.3747e+02 l_orth: 2.2076e+02 l_align: 1.3943e+02 l_total: 5.9766e+02 
2026-06-25 11:27:54,921 INFO: [smal_..][epoch:  1, iter:     480, lr:(1.000e-03,)][eta: 0:27:49, time (data): 0.102 (0.020)]l_bij: 2.3283e+02 l_orth: 2.1543e+02 l_align: 1.3526e+02 l_total: 5.8352e+02 
2026-06-25 11:27:57,066 INFO: [smal_..][epoch:  1, iter:     500, lr:(1.000e-03,)][eta: 0:27:50, time (data): 0.103 (0.021)]l_bij: 2.4291e+02 l_orth: 2.2227e+02 l_align: 1.3231e+02 l_total: 5.9749e+02 
2026-06-25 11:27:59,204 INFO: [smal_..][epoch:  1, iter:     520, lr:(1.000e-03,)][eta: 0:27:51, time (data): 0.104 (0.022)]l_bij: 2.3332e+02 l_orth: 2.1902e+02 l_align: 1.2967e+02 l_total: 5.8201e+02 
2026-06-25 11:28:01,265 INFO: [smal_..][epoch:  1, iter:     540, lr:(1.000e-03,)][eta: 0:27:49, time (data): 0.103 (0.022)]l_bij: 2.2122e+02 l_orth: 2.0651e+02 l_align: 1.4391e+02 l_total: 5.7164e+02 
2026-06-25 11:28:03,291 INFO: [smal_..][epoch:  1, iter:     560, lr:(1.000e-03,)][eta: 0:27:46, time (data): 0.103 (0.021)]l_bij: 2.3310e+02 l_orth: 2.1974e+02 l_align: 1.3513e+02 l_total: 5.8797e+02 
2026-06-25 11:28:05,354 INFO: [smal_..][epoch:  1, iter:     580, lr:(1.000e-03,)][eta: 0:27:45, time (data): 0.103 (0.021)]l_bij: 2.2737e+02 l_orth: 2.1201e+02 l_align: 1.3821e+02 l_total: 5.7759e+02 
2026-06-25 11:28:07,411 INFO: [smal_..][epoch:  1, iter:     600, lr:(1.000e-03,)][eta: 0:27:43, time (data): 0.103 (0.021)]l_bij: 2.2025e+02 l_orth: 2.0541e+02 l_align: 1.3807e+02 l_total: 5.6373e+02 
2026-06-25 11:28:09,585 INFO: [smal_..][epoch:  1, iter:     620, lr:(1.000e-03,)][eta: 0:27:44, time (data): 0.107 (0.024)]l_bij: 2.4258e+02 l_orth: 2.2747e+02 l_align: 1.4249e+02 l_total: 6.1254e+02 
2026-06-25 11:28:11,649 INFO: [smal_..][epoch:  1, iter:     640, lr:(1.000e-03,)][eta: 0:27:42, time (data): 0.105 (0.023)]l_bij: 2.3554e+02 l_orth: 2.1911e+02 l_align: 1.3486e+02 l_total: 5.8951e+02 
2026-06-25 11:28:13,699 INFO: [smal_..][epoch:  1, iter:     660, lr:(1.000e-03,)][eta: 0:27:40, time (data): 0.104 (0.022)]l_bij: 2.2798e+02 l_orth: 2.1216e+02 l_align: 1.4316e+02 l_total: 5.8330e+02 
2026-06-25 11:28:15,758 INFO: [smal_..][epoch:  1, iter:     680, lr:(1.000e-03,)][eta: 0:27:38, time (data): 0.104 (0.022)]l_bij: 2.3037e+02 l_orth: 2.1622e+02 l_align: 1.3372e+02 l_total: 5.8031e+02 
2026-06-25 11:28:17,826 INFO: [smal_..][epoch:  1, iter:     700, lr:(1.000e-03,)][eta: 0:27:36, time (data): 0.104 (0.022)]l_bij: 2.0957e+02 l_orth: 1.9819e+02 l_align: 1.3431e+02 l_total: 5.4207e+02 
2026-06-25 11:28:19,918 INFO: [smal_..][epoch:  1, iter:     720, lr:(1.000e-03,)][eta: 0:27:35, time (data): 0.104 (0.022)]l_bij: 2.1129e+02 l_orth: 1.9923e+02 l_align: 1.3912e+02 l_total: 5.4964e+02 
2026-06-25 11:28:21,999 INFO: [smal_..][epoch:  1, iter:     740, lr:(1.000e-03,)][eta: 0:27:33, time (data): 0.104 (0.022)]l_bij: 2.2245e+02 l_orth: 2.0747e+02 l_align: 1.3134e+02 l_total: 5.6127e+02 
2026-06-25 11:28:24,084 INFO: [smal_..][epoch:  1, iter:     760, lr:(1.000e-03,)][eta: 0:27:32, time (data): 0.104 (0.022)]l_bij: 2.2466e+02 l_orth: 2.0996e+02 l_align: 1.3935e+02 l_total: 5.7398e+02 
2026-06-25 11:28:26,165 INFO: [smal_..][epoch:  1, iter:     780, lr:(1.000e-03,)][eta: 0:27:30, time (data): 0.104 (0.022)]l_bij: 2.3253e+02 l_orth: 2.1518e+02 l_align: 1.3222e+02 l_total: 5.7993e+02 
2026-06-25 11:28:28,366 INFO: [smal_..][epoch:  1, iter:     800, lr:(1.000e-03,)][eta: 0:27:31, time (data): 0.104 (0.023)]l_bij: 2.2256e+02 l_orth: 2.0700e+02 l_align: 1.3774e+02 l_total: 5.6729e+02 
2026-06-25 11:28:30,431 INFO: [smal_..][epoch:  1, iter:     820, lr:(1.000e-03,)][eta: 0:27:29, time (data): 0.103 (0.020)]l_bij: 2.1423e+02 l_orth: 1.9853e+02 l_align: 1.3349e+02 l_total: 5.4624e+02 
2026-06-25 11:28:32,458 INFO: [smal_..][epoch:  1, iter:     840, lr:(1.000e-03,)][eta: 0:27:26, time (data): 0.102 (0.019)]l_bij: 2.0567e+02 l_orth: 1.9447e+02 l_align: 1.3426e+02 l_total: 5.3441e+02 
2026-06-25 11:28:34,680 INFO: [smal_..][epoch:  2, iter:     860, lr:(9.945e-04,)][eta: 0:27:27, time (data): 0.105 (0.023)]l_bij: 2.1629e+02 l_orth: 2.0493e+02 l_align: 1.3834e+02 l_total: 5.5957e+02 
2026-06-25 11:28:36,715 INFO: [smal_..][epoch:  2, iter:     880, lr:(9.945e-04,)][eta: 0:27:25, time (data): 0.104 (0.022)]l_bij: 1.6554e+02 l_orth: 1.6189e+02 l_align: 1.4784e+02 l_total: 4.7527e+02 
2026-06-25 11:28:38,803 INFO: [smal_..][epoch:  2, iter:     900, lr:(9.945e-04,)][eta: 0:27:23, time (data): 0.104 (0.023)]l_bij: 2.1495e+02 l_orth: 2.0048e+02 l_align: 1.3420e+02 l_total: 5.4963e+02 
2026-06-25 11:28:40,825 INFO: [smal_..][epoch:  2, iter:     920, lr:(9.945e-04,)][eta: 0:27:20, time (data): 0.104 (0.022)]l_bij: 2.0701e+02 l_orth: 1.9272e+02 l_align: 1.2970e+02 l_total: 5.2943e+02 
2026-06-25 11:28:42,877 INFO: [smal_..][epoch:  2, iter:     940, lr:(9.945e-04,)][eta: 0:27:18, time (data): 0.104 (0.022)]l_bij: 2.0080e+02 l_orth: 1.8934e+02 l_align: 1.2942e+02 l_total: 5.1956e+02 
2026-06-25 11:28:44,952 INFO: [smal_..][epoch:  2, iter:     960, lr:(9.945e-04,)][eta: 0:27:16, time (data): 0.104 (0.022)]l_bij: 1.9907e+02 l_orth: 1.8796e+02 l_align: 1.3287e+02 l_total: 5.1989e+02 
2026-06-25 11:28:46,994 INFO: [smal_..][epoch:  2, iter:     980, lr:(9.945e-04,)][eta: 0:27:14, time (data): 0.103 (0.022)]l_bij: 2.0540e+02 l_orth: 1.9279e+02 l_align: 1.3704e+02 l_total: 5.3523e+02 
2026-06-25 11:28:48,971 INFO: [smal_..][epoch:  2, iter:   1,000, lr:(9.945e-04,)][eta: 0:27:10, time (data): 0.103 (0.022)]l_bij: 2.0175e+02 l_orth: 1.8795e+02 l_align: 1.2699e+02 l_total: 5.1669e+02 
2026-06-25 11:28:51,057 INFO: [smal_..][epoch:  2, iter:   1,020, lr:(9.945e-04,)][eta: 0:27:09, time (data): 0.105 (0.024)]l_bij: 1.9732e+02 l_orth: 1.8480e+02 l_align: 1.3022e+02 l_total: 5.1234e+02 
2026-06-25 11:28:53,096 INFO: [smal_..][epoch:  2, iter:   1,040, lr:(9.945e-04,)][eta: 0:27:06, time (data): 0.103 (0.022)]l_bij: 1.8899e+02 l_orth: 1.7973e+02 l_align: 1.3388e+02 l_total: 5.0261e+02 
2026-06-25 11:28:55,132 INFO: [smal_..][epoch:  2, iter:   1,060, lr:(9.945e-04,)][eta: 0:27:04, time (data): 0.103 (0.022)]l_bij: 1.8102e+02 l_orth: 1.7097e+02 l_align: 1.2683e+02 l_total: 4.7882e+02 
2026-06-25 11:28:57,205 INFO: [smal_..][epoch:  2, iter:   1,080, lr:(9.945e-04,)][eta: 0:27:02, time (data): 0.103 (0.022)]l_bij: 1.7719e+02 l_orth: 1.6859e+02 l_align: 1.2725e+02 l_total: 4.7303e+02 
2026-06-25 11:28:59,233 INFO: [smal_..][epoch:  2, iter:   1,100, lr:(9.945e-04,)][eta: 0:26:59, time (data): 0.102 (0.021)]l_bij: 1.8749e+02 l_orth: 1.7645e+02 l_align: 1.2900e+02 l_total: 4.9293e+02 
2026-06-25 11:29:01,299 INFO: [smal_..][epoch:  2, iter:   1,120, lr:(9.945e-04,)][eta: 0:26:57, time (data): 0.103 (0.021)]l_bij: 1.9153e+02 l_orth: 1.8142e+02 l_align: 1.3120e+02 l_total: 5.0416e+02 
2026-06-25 11:29:03,372 INFO: [smal_..][epoch:  2, iter:   1,140, lr:(9.945e-04,)][eta: 0:26:55, time (data): 0.103 (0.022)]l_bij: 1.6743e+02 l_orth: 1.6126e+02 l_align: 1.2812e+02 l_total: 4.5682e+02 
2026-06-25 11:29:05,434 INFO: [smal_..][epoch:  2, iter:   1,160, lr:(9.945e-04,)][eta: 0:26:53, time (data): 0.103 (0.021)]l_bij: 1.8518e+02 l_orth: 1.7479e+02 l_align: 1.2936e+02 l_total: 4.8933e+02 
2026-06-25 11:29:07,450 INFO: [smal_..][epoch:  2, iter:   1,180, lr:(9.945e-04,)][eta: 0:26:51, time (data): 0.103 (0.021)]l_bij: 1.4955e+02 l_orth: 1.4615e+02 l_align: 1.3236e+02 l_total: 4.2806e+02 
2026-06-25 11:29:09,539 INFO: [smal_..][epoch:  2, iter:   1,200, lr:(9.945e-04,)][eta: 0:26:49, time (data): 0.103 (0.021)]l_bij: 1.8399e+02 l_orth: 1.7395e+02 l_align: 1.3135e+02 l_total: 4.8930e+02 
2026-06-25 11:29:11,679 INFO: [smal_..][epoch:  2, iter:   1,220, lr:(9.945e-04,)][eta: 0:26:48, time (data): 0.109 (0.024)]l_bij: 1.7970e+02 l_orth: 1.7113e+02 l_align: 1.2297e+02 l_total: 4.7380e+02 
2026-06-25 11:29:13,741 INFO: [smal_..][epoch:  2, iter:   1,240, lr:(9.945e-04,)][eta: 0:26:46, time (data): 0.105 (0.022)]l_bij: 1.8269e+02 l_orth: 1.7293e+02 l_align: 1.2615e+02 l_total: 4.8177e+02 
2026-06-25 11:29:15,766 INFO: [smal_..][epoch:  2, iter:   1,260, lr:(9.945e-04,)][eta: 0:26:43, time (data): 0.104 (0.021)]l_bij: 1.6495e+02 l_orth: 1.5763e+02 l_align: 1.1692e+02 l_total: 4.3951e+02 
2026-06-25 11:29:17,802 INFO: [smal_..][epoch:  2, iter:   1,280, lr:(9.945e-04,)][eta: 0:26:41, time (data): 0.103 (0.021)]l_bij: 1.5967e+02 l_orth: 1.5478e+02 l_align: 1.2795e+02 l_total: 4.4240e+02 
2026-06-25 11:29:19,819 INFO: [smal_..][epoch:  2, iter:   1,300, lr:(9.945e-04,)][eta: 0:26:38, time (data): 0.103 (0.021)]l_bij: 1.8267e+02 l_orth: 1.7302e+02 l_align: 1.2712e+02 l_total: 4.8281e+02 
2026-06-25 11:29:21,858 INFO: [smal_..][epoch:  2, iter:   1,320, lr:(9.945e-04,)][eta: 0:26:36, time (data): 0.103 (0.021)]l_bij: 1.4740e+02 l_orth: 1.4398e+02 l_align: 1.2461e+02 l_total: 4.1599e+02 
2026-06-25 11:29:23,869 INFO: [smal_..][epoch:  2, iter:   1,340, lr:(9.945e-04,)][eta: 0:26:33, time (data): 0.102 (0.020)]l_bij: 1.7557e+02 l_orth: 1.6620e+02 l_align: 1.2588e+02 l_total: 4.6766e+02 
2026-06-25 11:29:25,901 INFO: [smal_..][epoch:  2, iter:   1,360, lr:(9.945e-04,)][eta: 0:26:31, time (data): 0.102 (0.020)]l_bij: 1.6688e+02 l_orth: 1.5932e+02 l_align: 1.2038e+02 l_total: 4.4657e+02 
2026-06-25 11:29:27,958 INFO: [smal_..][epoch:  2, iter:   1,380, lr:(9.945e-04,)][eta: 0:26:29, time (data): 0.102 (0.020)]l_bij: 1.8871e+02 l_orth: 1.7845e+02 l_align: 1.2996e+02 l_total: 4.9711e+02 
2026-06-25 11:29:29,971 INFO: [smal_..][epoch:  2, iter:   1,400, lr:(9.945e-04,)][eta: 0:26:26, time (data): 0.102 (0.020)]l_bij: 1.7407e+02 l_orth: 1.6580e+02 l_align: 1.2711e+02 l_total: 4.6697e+02 
2026-06-25 11:29:31,999 INFO: [smal_..][epoch:  2, iter:   1,420, lr:(9.945e-04,)][eta: 0:26:24, time (data): 0.101 (0.019)]l_bij: 1.6651e+02 l_orth: 1.5897e+02 l_align: 1.2476e+02 l_total: 4.5024e+02 
2026-06-25 11:29:34,044 INFO: [smal_..][epoch:  2, iter:   1,440, lr:(9.945e-04,)][eta: 0:26:22, time (data): 0.102 (0.020)]l_bij: 1.4943e+02 l_orth: 1.4496e+02 l_align: 1.2313e+02 l_total: 4.1752e+02 
2026-06-25 11:29:36,027 INFO: [smal_..][epoch:  2, iter:   1,460, lr:(9.945e-04,)][eta: 0:26:19, time (data): 0.101 (0.019)]l_bij: 1.6359e+02 l_orth: 1.5708e+02 l_align: 1.2222e+02 l_total: 4.4289e+02 
2026-06-25 11:29:38,019 INFO: [smal_..][epoch:  2, iter:   1,480, lr:(9.945e-04,)][eta: 0:26:16, time (data): 0.100 (0.019)]l_bij: 1.6885e+02 l_orth: 1.6001e+02 l_align: 1.1727e+02 l_total: 4.4613e+02 
2026-06-25 11:29:40,063 INFO: [smal_..][epoch:  2, iter:   1,500, lr:(9.945e-04,)][eta: 0:26:14, time (data): 0.101 (0.019)]l_bij: 1.3649e+02 l_orth: 1.3364e+02 l_align: 1.1914e+02 l_total: 3.8927e+02 
2026-06-25 11:29:42,083 INFO: [smal_..][epoch:  2, iter:   1,520, lr:(9.945e-04,)][eta: 0:26:12, time (data): 0.101 (0.019)]l_bij: 1.5722e+02 l_orth: 1.5326e+02 l_align: 1.2300e+02 l_total: 4.3348e+02 
2026-06-25 11:29:44,081 INFO: [smal_..][epoch:  2, iter:   1,540, lr:(9.945e-04,)][eta: 0:26:09, time (data): 0.101 (0.019)]l_bij: 1.6086e+02 l_orth: 1.5510e+02 l_align: 1.2053e+02 l_total: 4.3649e+02 
2026-06-25 11:29:46,075 INFO: [smal_..][epoch:  2, iter:   1,560, lr:(9.945e-04,)][eta: 0:26:06, time (data): 0.100 (0.019)]l_bij: 1.1602e+02 l_orth: 1.1787e+02 l_align: 1.2437e+02 l_total: 3.5826e+02 
2026-06-25 11:29:48,113 INFO: [smal_..][epoch:  2, iter:   1,580, lr:(9.945e-04,)][eta: 0:26:04, time (data): 0.101 (0.019)]l_bij: 1.6280e+02 l_orth: 1.5641e+02 l_align: 1.2131e+02 l_total: 4.4052e+02 
2026-06-25 11:29:50,135 INFO: [smal_..][epoch:  2, iter:   1,600, lr:(9.945e-04,)][eta: 0:26:02, time (data): 0.101 (0.020)]l_bij: 1.5429e+02 l_orth: 1.4907e+02 l_align: 1.2000e+02 l_total: 4.2336e+02 
2026-06-25 11:29:52,216 INFO: [smal_..][epoch:  2, iter:   1,620, lr:(9.945e-04,)][eta: 0:26:00, time (data): 0.102 (0.020)]l_bij: 1.8015e+02 l_orth: 1.7192e+02 l_align: 1.2941e+02 l_total: 4.8147e+02 
2026-06-25 11:29:54,226 INFO: [smal_..][epoch:  2, iter:   1,640, lr:(9.945e-04,)][eta: 0:25:58, time (data): 0.101 (0.019)]l_bij: 5.0702e+01 l_orth: 7.5654e+01 l_align: 1.6399e+02 l_total: 2.9034e+02 
2026-06-25 11:29:56,267 INFO: [smal_..][epoch:  2, iter:   1,660, lr:(9.945e-04,)][eta: 0:25:55, time (data): 0.101 (0.020)]l_bij: 1.3482e+02 l_orth: 1.3576e+02 l_align: 1.2620e+02 l_total: 3.9678e+02 
2026-06-25 11:29:58,296 INFO: [smal_..][epoch:  2, iter:   1,680, lr:(9.945e-04,)][eta: 0:25:53, time (data): 0.101 (0.020)]l_bij: 4.7580e+01 l_orth: 7.3840e+01 l_align: 1.6581e+02 l_total: 2.8723e+02 
2026-06-25 11:30:00,598 INFO: [smal_..][epoch:  3, iter:   1,700, lr:(9.780e-04,)][eta: 0:25:53, time (data): 0.104 (0.023)]l_bij: 1.5513e+02 l_orth: 1.4895e+02 l_align: 1.1653e+02 l_total: 4.2062e+02 
2026-06-25 11:30:02,778 INFO: [smal_..][epoch:  3, iter:   1,720, lr:(9.780e-04,)][eta: 0:25:52, time (data): 0.105 (0.024)]l_bij: 1.8796e+02 l_orth: 1.7831e+02 l_align: 1.3255e+02 l_total: 4.9882e+02 
2026-06-25 11:30:04,901 INFO: [smal_..][epoch:  3, iter:   1,740, lr:(9.780e-04,)][eta: 0:25:51, time (data): 0.105 (0.024)]l_bij: 1.8192e+02 l_orth: 1.7126e+02 l_align: 1.3227e+02 l_total: 4.8545e+02 
2026-06-25 11:30:07,035 INFO: [smal_..][epoch:  3, iter:   1,760, lr:(9.780e-04,)][eta: 0:25:49, time (data): 0.105 (0.024)]l_bij: 1.6952e+02 l_orth: 1.6201e+02 l_align: 1.2397e+02 l_total: 4.5550e+02 
2026-06-25 11:30:09,093 INFO: [smal_..][epoch:  3, iter:   1,780, lr:(9.780e-04,)][eta: 0:25:47, time (data): 0.105 (0.024)]l_bij: 1.7864e+02 l_orth: 1.7436e+02 l_align: 1.3260e+02 l_total: 4.8560e+02 
2026-06-25 11:30:11,125 INFO: [smal_..][epoch:  3, iter:   1,800, lr:(9.780e-04,)][eta: 0:25:45, time (data): 0.105 (0.023)]l_bij: 1.6431e+02 l_orth: 1.5829e+02 l_align: 1.2723e+02 l_total: 4.4983e+02 
2026-06-25 11:30:13,201 INFO: [smal_..][epoch:  3, iter:   1,820, lr:(9.780e-04,)][eta: 0:25:43, time (data): 0.105 (0.024)]l_bij: 1.5644e+02 l_orth: 1.5107e+02 l_align: 1.1744e+02 l_total: 4.2495e+02 
2026-06-25 11:30:15,357 INFO: [smal_..][epoch:  3, iter:   1,840, lr:(9.780e-04,)][eta: 0:25:42, time (data): 0.107 (0.025)]l_bij: 1.6152e+02 l_orth: 1.5594e+02 l_align: 1.2407e+02 l_total: 4.4153e+02 
2026-06-25 11:30:17,493 INFO: [smal_..][epoch:  3, iter:   1,860, lr:(9.780e-04,)][eta: 0:25:41, time (data): 0.107 (0.025)]l_bij: 1.5636e+02 l_orth: 1.5103e+02 l_align: 1.1120e+02 l_total: 4.1859e+02 
2026-06-25 11:30:19,589 INFO: [smal_..][epoch:  3, iter:   1,880, lr:(9.780e-04,)][eta: 0:25:39, time (data): 0.106 (0.024)]l_bij: 1.1857e+02 l_orth: 1.2038e+02 l_align: 1.1787e+02 l_total: 3.5682e+02 
2026-06-25 11:30:21,626 INFO: [smal_..][epoch:  3, iter:   1,900, lr:(9.780e-04,)][eta: 0:25:37, time (data): 0.105 (0.023)]l_bij: 1.4343e+02 l_orth: 1.4245e+02 l_align: 1.1942e+02 l_total: 4.0529e+02 
2026-06-25 11:30:23,727 INFO: [smal_..][epoch:  3, iter:   1,920, lr:(9.780e-04,)][eta: 0:25:35, time (data): 0.105 (0.024)]l_bij: 1.6996e+02 l_orth: 1.6282e+02 l_align: 1.2380e+02 l_total: 4.5658e+02 
2026-06-25 11:30:25,840 INFO: [smal_..][epoch:  3, iter:   1,940, lr:(9.780e-04,)][eta: 0:25:33, time (data): 0.105 (0.024)]l_bij: 1.3151e+02 l_orth: 1.3123e+02 l_align: 1.1462e+02 l_total: 3.7735e+02 
2026-06-25 11:30:27,954 INFO: [smal_..][epoch:  3, iter:   1,960, lr:(9.780e-04,)][eta: 0:25:31, time (data): 0.105 (0.024)]l_bij: 1.4988e+02 l_orth: 1.4557e+02 l_align: 1.1441e+02 l_total: 4.0986e+02 
2026-06-25 11:30:30,049 INFO: [smal_..][epoch:  3, iter:   1,980, lr:(9.780e-04,)][eta: 0:25:30, time (data): 0.105 (0.024)]l_bij: 1.1023e+02 l_orth: 1.1643e+02 l_align: 1.2181e+02 l_total: 3.4847e+02 
2026-06-25 11:30:32,165 INFO: [smal_..][epoch:  3, iter:   2,000, lr:(9.780e-04,)][eta: 0:25:28, time (data): 0.105 (0.024)]l_bij: 1.3423e+02 l_orth: 1.3328e+02 l_align: 1.1385e+02 l_total: 3.8136e+02 
2026-06-25 11:30:32,165 INFO: Saving models and training states.
2026-06-25 11:30:32,192 INFO: Start validation.
2026-06-25 11:30:33,006 INFO: avg err:0.0000 | err:0.0000 | cougar_01 cougar_01
2026-06-25 11:30:33,161 INFO: avg err:0.0099 | err:0.0198 | cougar_01 cougar_02
2026-06-25 11:30:33,478 INFO: avg err:0.0152 | err:0.0258 | cougar_01 cougar_03
2026-06-25 11:30:33,619 INFO: avg err:0.0175 | err:0.0242 | cougar_01 cougar_04
2026-06-25 11:30:33,977 INFO: avg err:0.0487 | err:0.1735 | cougar_01 hippo_01
2026-06-25 11:30:34,120 INFO: avg err:0.0621 | err:0.1291 | cougar_01 hippo_02
2026-06-25 11:30:34,479 INFO: avg err:0.0747 | err:0.1502 | cougar_01 hippo_03
2026-06-25 11:30:34,624 INFO: avg err:0.0937 | err:0.2271 | cougar_01 hippo_04
2026-06-25 11:30:34,971 INFO: avg err:0.0962 | err:0.1161 | cougar_01 hippo_05
2026-06-25 11:30:35,114 INFO: avg err:0.1105 | err:0.2388 | cougar_01 hippo_06
2026-06-25 11:30:35,476 INFO: avg err:0.1039 | err:0.0383 | cougar_01 horse_01
2026-06-25 11:30:35,618 INFO: avg err:0.0980 | err:0.0334 | cougar_01 horse_02
2026-06-25 11:30:35,977 INFO: avg err:0.0929 | err:0.0313 | cougar_01 horse_03
2026-06-25 11:30:36,119 INFO: avg err:0.0888 | err:0.0352 | cougar_01 horse_04
2026-06-25 11:30:36,477 INFO: avg err:0.1060 | err:0.3477 | cougar_01 horse_05
2026-06-25 11:30:36,620 INFO: avg err:0.1016 | err:0.0357 | cougar_01 horse_06
2026-06-25 11:30:36,978 INFO: avg err:0.0977 | err:0.0348 | cougar_01 horse_07
2026-06-25 11:30:37,120 INFO: avg err:0.0944 | err:0.0382 | cougar_01 horse_08
2026-06-25 11:30:37,475 INFO: avg err:0.0916 | err:0.0410 | cougar_01 horse_09
2026-06-25 11:30:37,619 INFO: avg err:0.0891 | err:0.0411 | cougar_01 horse_10
2026-06-25 11:30:37,987 INFO: avg err:0.0858 | err:0.0200 | cougar_02 cougar_01
2026-06-25 11:30:38,129 INFO: avg err:0.0819 | err:0.0000 | cougar_02 cougar_02
2026-06-25 11:30:38,479 INFO: avg err:0.0793 | err:0.0216 | cougar_02 cougar_03
2026-06-25 11:30:38,622 INFO: avg err:0.0773 | err:0.0321 | cougar_02 cougar_04
2026-06-25 11:30:38,973 INFO: avg err:0.0854 | err:0.2807 | cougar_02 hippo_01
2026-06-25 11:30:39,118 INFO: avg err:0.0900 | err:0.2029 | cougar_02 hippo_02
2026-06-25 11:30:39,463 INFO: avg err:0.0956 | err:0.2434 | cougar_02 hippo_03
2026-06-25 11:30:39,608 INFO: avg err:0.1042 | err:0.3366 | cougar_02 hippo_04
2026-06-25 11:30:39,956 INFO: avg err:0.1083 | err:0.2227 | cougar_02 hippo_05
2026-06-25 11:30:40,101 INFO: avg err:0.1141 | err:0.2809 | cougar_02 hippo_06
2026-06-25 11:30:40,446 INFO: avg err:0.1119 | err:0.0451 | cougar_02 horse_01
2026-06-25 11:30:40,592 INFO: avg err:0.1101 | err:0.0556 | cougar_02 horse_02
2026-06-25 11:30:40,939 INFO: avg err:0.1086 | err:0.0603 | cougar_02 horse_03
2026-06-25 11:30:41,085 INFO: avg err:0.1064 | err:0.0356 | cougar_02 horse_04
2026-06-25 11:30:41,421 INFO: avg err:0.1164 | err:0.4543 | cougar_02 horse_05
2026-06-25 11:30:41,564 INFO: avg err:0.1144 | err:0.0458 | cougar_02 horse_06
2026-06-25 11:30:41,935 INFO: avg err:0.1124 | err:0.0408 | cougar_02 horse_07
2026-06-25 11:30:42,079 INFO: avg err:0.1107 | err:0.0451 | cougar_02 horse_08
2026-06-25 11:30:42,431 INFO: avg err:0.1094 | err:0.0597 | cougar_02 horse_09
2026-06-25 11:30:42,577 INFO: avg err:0.1083 | err:0.0681 | cougar_02 horse_10
2026-06-25 11:30:42,922 INFO: avg err:0.1063 | err:0.0272 | cougar_03 cougar_01
2026-06-25 11:30:43,065 INFO: avg err:0.1044 | err:0.0232 | cougar_03 cougar_02
2026-06-25 11:30:43,421 INFO: avg err:0.1019 | err:0.0000 | cougar_03 cougar_03
2026-06-25 11:30:43,565 INFO: avg err:0.1005 | err:0.0389 | cougar_03 cougar_04
2026-06-25 11:30:43,909 INFO: avg err:0.1030 | err:0.2122 | cougar_03 hippo_01
2026-06-25 11:30:44,052 INFO: avg err:0.1050 | err:0.1974 | cougar_03 hippo_02
2026-06-25 11:30:44,403 INFO: avg err:0.1079 | err:0.2391 | cougar_03 hippo_03
2026-06-25 11:30:44,547 INFO: avg err:0.1114 | err:0.2765 | cougar_03 hippo_04
2026-06-25 11:30:44,890 INFO: avg err:0.1132 | err:0.1976 | cougar_03 hippo_05
2026-06-25 11:30:45,033 INFO: avg err:0.1158 | err:0.2467 | cougar_03 hippo_06
2026-06-25 11:30:45,388 INFO: avg err:0.1145 | err:0.0462 | cougar_03 horse_01
2026-06-25 11:30:45,532 INFO: avg err:0.1130 | err:0.0381 | cougar_03 horse_02
2026-06-25 11:30:45,876 INFO: avg err:0.1117 | err:0.0430 | cougar_03 horse_03
2026-06-25 11:30:46,020 INFO: avg err:0.1104 | err:0.0416 | cougar_03 horse_04
2026-06-25 11:30:46,369 INFO: avg err:0.1168 | err:0.4630 | cougar_03 horse_05
2026-06-25 11:30:46,513 INFO: avg err:0.1155 | err:0.0448 | cougar_03 horse_06
2026-06-25 11:30:46,863 INFO: avg err:0.1141 | err:0.0370 | cougar_03 horse_07
2026-06-25 11:30:47,010 INFO: avg err:0.1129 | err:0.0426 | cougar_03 horse_08
2026-06-25 11:30:47,354 INFO: avg err:0.1117 | err:0.0451 | cougar_03 horse_09
2026-06-25 11:30:47,501 INFO: avg err:0.1108 | err:0.0547 | cougar_03 horse_10
2026-06-25 11:30:47,855 INFO: avg err:0.1093 | err:0.0213 | cougar_04 cougar_01
2026-06-25 11:30:47,999 INFO: avg err:0.1082 | err:0.0418 | cougar_04 cougar_02
2026-06-25 11:30:48,336 INFO: avg err:0.1072 | err:0.0444 | cougar_04 cougar_03
2026-06-25 11:30:48,481 INFO: avg err:0.1055 | err:0.0000 | cougar_04 cougar_04
2026-06-25 11:30:48,828 INFO: avg err:0.1063 | err:0.1550 | cougar_04 hippo_01
2026-06-25 11:30:48,972 INFO: avg err:0.1061 | err:0.0952 | cougar_04 hippo_02
2026-06-25 11:30:49,325 INFO: avg err:0.1066 | err:0.1372 | cougar_04 hippo_03
2026-06-25 11:30:49,469 INFO: avg err:0.1081 | err:0.2097 | cougar_04 hippo_04
2026-06-25 11:30:49,826 INFO: avg err:0.1085 | err:0.1339 | cougar_04 hippo_05
2026-06-25 11:30:49,972 INFO: avg err:0.1102 | err:0.2260 | cougar_04 hippo_06
2026-06-25 11:30:50,322 INFO: avg err:0.1092 | err:0.0446 | cougar_04 horse_01
2026-06-25 11:30:50,467 INFO: avg err:0.1083 | err:0.0398 | cougar_04 horse_02
2026-06-25 11:30:50,816 INFO: avg err:0.1073 | err:0.0397 | cougar_04 horse_03
2026-06-25 11:30:50,961 INFO: avg err:0.1065 | err:0.0438 | cougar_04 horse_04
2026-06-25 11:30:51,302 INFO: avg err:0.1097 | err:0.3468 | cougar_04 horse_05
2026-06-25 11:30:51,447 INFO: avg err:0.1088 | err:0.0417 | cougar_04 horse_06
2026-06-25 11:30:51,803 INFO: avg err:0.1079 | err:0.0371 | cougar_04 horse_07
2026-06-25 11:30:51,956 INFO: avg err:0.1070 | err:0.0441 | cougar_04 horse_08
2026-06-25 11:30:52,311 INFO: avg err:0.1062 | err:0.0425 | cougar_04 horse_09
2026-06-25 11:30:52,458 INFO: avg err:0.1054 | err:0.0405 | cougar_04 horse_10
2026-06-25 11:30:52,811 INFO: avg err:0.1050 | err:0.0730 | hippo_01 cougar_01
2026-06-25 11:30:52,967 INFO: avg err:0.1057 | err:0.1591 | hippo_01 cougar_02
2026-06-25 11:30:53,298 INFO: avg err:0.1061 | err:0.1450 | hippo_01 cougar_03
2026-06-25 11:30:53,445 INFO: avg err:0.1058 | err:0.0739 | hippo_01 cougar_04
2026-06-25 11:30:53,791 INFO: avg err:0.1045 | err:0.0000 | hippo_01 hippo_01
2026-06-25 11:30:53,939 INFO: avg err:0.1036 | err:0.0243 | hippo_01 hippo_02
2026-06-25 11:30:54,283 INFO: avg err:0.1029 | err:0.0449 | hippo_01 hippo_03
2026-06-25 11:30:54,427 INFO: avg err:0.1020 | err:0.0266 | hippo_01 hippo_04
2026-06-25 11:30:54,802 INFO: avg err:0.1013 | err:0.0350 | hippo_01 hippo_05
2026-06-25 11:30:54,957 INFO: avg err:0.1004 | err:0.0204 | hippo_01 hippo_06
2026-06-25 11:30:55,289 INFO: avg err:0.1001 | err:0.0780 | hippo_01 horse_01
2026-06-25 11:30:55,435 INFO: avg err:0.0999 | err:0.0745 | hippo_01 horse_02
2026-06-25 11:30:55,795 INFO: avg err:0.0996 | err:0.0715 | hippo_01 horse_03
2026-06-25 11:30:55,941 INFO: avg err:0.0997 | err:0.1144 | hippo_01 horse_04
2026-06-25 11:30:56,310 INFO: avg err:0.1014 | err:0.2564 | hippo_01 horse_05
2026-06-25 11:30:56,455 INFO: avg err:0.1013 | err:0.0964 | hippo_01 horse_06
2026-06-25 11:30:56,824 INFO: avg err:0.1011 | err:0.0787 | hippo_01 horse_07
2026-06-25 11:30:56,970 INFO: avg err:0.1009 | err:0.0807 | hippo_01 horse_08
2026-06-25 11:30:57,313 INFO: avg err:0.1011 | err:0.1260 | hippo_01 horse_09
2026-06-25 11:30:57,458 INFO: avg err:0.1008 | err:0.0660 | hippo_01 horse_10
2026-06-25 11:30:57,846 INFO: avg err:0.1007 | err:0.0960 | hippo_02 cougar_01
2026-06-25 11:30:58,000 INFO: avg err:0.1013 | err:0.1573 | hippo_02 cougar_02
2026-06-25 11:30:58,457 INFO: avg err:0.1017 | err:0.1467 | hippo_02 cougar_03
2026-06-25 11:30:58,630 INFO: avg err:0.1017 | err:0.0987 | hippo_02 cougar_04
2026-06-25 11:30:58,982 INFO: avg err:0.1009 | err:0.0227 | hippo_02 hippo_01
2026-06-25 11:30:59,143 INFO: avg err:0.1000 | err:0.0000 | hippo_02 hippo_02
2026-06-25 11:30:59,559 INFO: avg err:0.0996 | err:0.0541 | hippo_02 hippo_03
2026-06-25 11:30:59,725 INFO: avg err:0.0990 | err:0.0394 | hippo_02 hippo_04
2026-06-25 11:31:00,070 INFO: avg err:0.0984 | err:0.0303 | hippo_02 hippo_05
2026-06-25 11:31:00,214 INFO: avg err:0.0981 | err:0.0698 | hippo_02 hippo_06
2026-06-25 11:31:00,534 INFO: avg err:0.0979 | err:0.0766 | hippo_02 horse_01
2026-06-25 11:31:00,678 INFO: avg err:0.0978 | err:0.0850 | hippo_02 horse_02
2026-06-25 11:31:01,027 INFO: avg err:0.0976 | err:0.0760 | hippo_02 horse_03
2026-06-25 11:31:01,176 INFO: avg err:0.0976 | err:0.0922 | hippo_02 horse_04
2026-06-25 11:31:01,539 INFO: avg err:0.1000 | err:0.3766 | hippo_02 horse_05
2026-06-25 11:31:01,686 INFO: avg err:0.0999 | err:0.0904 | hippo_02 horse_06
2026-06-25 11:31:02,034 INFO: avg err:0.0997 | err:0.0773 | hippo_02 horse_07
2026-06-25 11:31:02,179 INFO: avg err:0.0996 | err:0.0839 | hippo_02 horse_08
2026-06-25 11:31:02,523 INFO: avg err:0.0997 | err:0.1172 | hippo_02 horse_09
2026-06-25 11:31:02,669 INFO: avg err:0.0995 | err:0.0713 | hippo_02 horse_10
2026-06-25 11:31:03,012 INFO: avg err:0.0994 | err:0.0943 | hippo_03 cougar_01
2026-06-25 11:31:03,157 INFO: avg err:0.1000 | err:0.1606 | hippo_03 cougar_02
2026-06-25 11:31:03,500 INFO: avg err:0.1004 | err:0.1605 | hippo_03 cougar_03
2026-06-25 11:31:03,644 INFO: avg err:0.1003 | err:0.0812 | hippo_03 cougar_04
2026-06-25 11:31:03,994 INFO: avg err:0.0997 | err:0.0261 | hippo_03 hippo_01
2026-06-25 11:31:04,138 INFO: avg err:0.0992 | err:0.0368 | hippo_03 hippo_02
2026-06-25 11:31:04,497 INFO: avg err:0.0984 | err:0.0000 | hippo_03 hippo_03
2026-06-25 11:31:04,645 INFO: avg err:0.0979 | err:0.0266 | hippo_03 hippo_04
2026-06-25 11:31:04,977 INFO: avg err:0.0973 | err:0.0295 | hippo_03 hippo_05
2026-06-25 11:31:05,123 INFO: avg err:0.0970 | err:0.0532 | hippo_03 hippo_06
2026-06-25 11:31:05,481 INFO: avg err:0.0970 | err:0.0928 | hippo_03 horse_01
2026-06-25 11:31:05,625 INFO: avg err:0.0969 | err:0.0945 | hippo_03 horse_02
2026-06-25 11:31:05,994 INFO: avg err:0.0969 | err:0.0923 | hippo_03 horse_03
2026-06-25 11:31:06,141 INFO: avg err:0.0973 | err:0.1469 | hippo_03 horse_04
2026-06-25 11:31:06,492 INFO: avg err:0.0985 | err:0.2688 | hippo_03 horse_05
2026-06-25 11:31:06,637 INFO: avg err:0.0990 | err:0.1582 | hippo_03 horse_06
2026-06-25 11:31:06,980 INFO: avg err:0.0990 | err:0.1039 | hippo_03 horse_07
2026-06-25 11:31:07,124 INFO: avg err:0.0993 | err:0.1374 | hippo_03 horse_08
2026-06-25 11:31:07,474 INFO: avg err:0.0996 | err:0.1355 | hippo_03 horse_09
2026-06-25 11:31:07,619 INFO: avg err:0.0995 | err:0.0942 | hippo_03 horse_10
2026-06-25 11:31:07,971 INFO: avg err:0.0995 | err:0.0985 | hippo_04 cougar_01
2026-06-25 11:31:08,115 INFO: avg err:0.1002 | err:0.2024 | hippo_04 cougar_02
2026-06-25 11:31:08,461 INFO: avg err:0.1006 | err:0.1470 | hippo_04 cougar_03
2026-06-25 11:31:08,605 INFO: avg err:0.1005 | err:0.0938 | hippo_04 cougar_04
2026-06-25 11:31:08,965 INFO: avg err:0.1000 | err:0.0250 | hippo_04 hippo_01
2026-06-25 11:31:09,109 INFO: avg err:0.0996 | err:0.0438 | hippo_04 hippo_02
2026-06-25 11:31:09,440 INFO: avg err:0.0991 | err:0.0261 | hippo_04 hippo_03
2026-06-25 11:31:09,584 INFO: avg err:0.0984 | err:0.0000 | hippo_04 hippo_04
2026-06-25 11:31:09,941 INFO: avg err:0.0980 | err:0.0299 | hippo_04 hippo_05
2026-06-25 11:31:10,085 INFO: avg err:0.0977 | err:0.0511 | hippo_04 hippo_06
2026-06-25 11:31:10,438 INFO: avg err:0.0976 | err:0.0817 | hippo_04 horse_01
2026-06-25 11:31:10,582 INFO: avg err:0.0977 | err:0.1144 | hippo_04 horse_02
2026-06-25 11:31:10,931 INFO: avg err:0.0975 | err:0.0681 | hippo_04 horse_03
2026-06-25 11:31:11,075 INFO: avg err:0.0976 | err:0.1225 | hippo_04 horse_04
2026-06-25 11:31:11,431 INFO: avg err:0.0991 | err:0.3314 | hippo_04 horse_05
2026-06-25 11:31:11,576 INFO: avg err:0.0992 | err:0.1040 | hippo_04 horse_06
2026-06-25 11:31:11,929 INFO: avg err:0.0992 | err:0.0995 | hippo_04 horse_07
2026-06-25 11:31:12,073 INFO: avg err:0.0995 | err:0.1428 | hippo_04 horse_08
2026-06-25 11:31:12,443 INFO: avg err:0.0996 | err:0.1256 | hippo_04 horse_09
2026-06-25 11:31:12,588 INFO: avg err:0.0994 | err:0.0653 | hippo_04 horse_10
2026-06-25 11:31:12,934 INFO: avg err:0.0992 | err:0.0726 | hippo_05 cougar_01
2026-06-25 11:31:13,080 INFO: avg err:0.0994 | err:0.1261 | hippo_05 cougar_02
2026-06-25 11:31:13,428 INFO: avg err:0.0996 | err:0.1234 | hippo_05 cougar_03
2026-06-25 11:31:13,573 INFO: avg err:0.0994 | err:0.0723 | hippo_05 cougar_04
2026-06-25 11:31:13,920 INFO: avg err:0.0991 | err:0.0454 | hippo_05 hippo_01
2026-06-25 11:31:14,068 INFO: avg err:0.0986 | err:0.0290 | hippo_05 hippo_02
2026-06-25 11:31:14,418 INFO: avg err:0.0983 | err:0.0444 | hippo_05 hippo_03
2026-06-25 11:31:14,565 INFO: avg err:0.0979 | err:0.0256 | hippo_05 hippo_04
2026-06-25 11:31:14,915 INFO: avg err:0.0973 | err:0.0000 | hippo_05 hippo_05
2026-06-25 11:31:15,061 INFO: avg err:0.0974 | err:0.1208 | hippo_05 hippo_06
2026-06-25 11:31:15,405 INFO: avg err:0.0972 | err:0.0605 | hippo_05 horse_01
2026-06-25 11:31:15,551 INFO: avg err:0.0970 | err:0.0660 | hippo_05 horse_02
2026-06-25 11:31:15,907 INFO: avg err:0.0968 | err:0.0593 | hippo_05 horse_03
2026-06-25 11:31:16,054 INFO: avg err:0.0967 | err:0.0674 | hippo_05 horse_04
2026-06-25 11:31:16,397 INFO: avg err:0.0980 | err:0.3302 | hippo_05 horse_05
2026-06-25 11:31:16,544 INFO: avg err:0.0979 | err:0.0757 | hippo_05 horse_06
2026-06-25 11:31:16,891 INFO: avg err:0.0977 | err:0.0673 | hippo_05 horse_07
2026-06-25 11:31:17,037 INFO: avg err:0.0975 | err:0.0637 | hippo_05 horse_08
2026-06-25 11:31:17,391 INFO: avg err:0.0973 | err:0.0618 | hippo_05 horse_09
2026-06-25 11:31:17,539 INFO: avg err:0.0971 | err:0.0608 | hippo_05 horse_10
2026-06-25 11:31:17,883 INFO: avg err:0.0970 | err:0.0846 | hippo_06 cougar_01
2026-06-25 11:31:18,029 INFO: avg err:0.0974 | err:0.1592 | hippo_06 cougar_02
2026-06-25 11:31:18,377 INFO: avg err:0.0978 | err:0.1747 | hippo_06 cougar_03
2026-06-25 11:31:18,523 INFO: avg err:0.0977 | err:0.0799 | hippo_06 cougar_04
2026-06-25 11:31:18,889 INFO: avg err:0.0973 | err:0.0155 | hippo_06 hippo_01
2026-06-25 11:31:19,037 INFO: avg err:0.0969 | err:0.0273 | hippo_06 hippo_02
2026-06-25 11:31:19,383 INFO: avg err:0.0966 | err:0.0531 | hippo_06 hippo_03
2026-06-25 11:31:19,531 INFO: avg err:0.0966 | err:0.0864 | hippo_06 hippo_04
2026-06-25 11:31:19,877 INFO: avg err:0.0963 | err:0.0435 | hippo_06 hippo_05
2026-06-25 11:31:20,027 INFO: avg err:0.0958 | err:0.0000 | hippo_06 hippo_06
2026-06-25 11:31:20,411 INFO: avg err:0.0958 | err:0.1014 | hippo_06 horse_01
2026-06-25 11:31:20,558 INFO: avg err:0.0959 | err:0.1105 | hippo_06 horse_02
2026-06-25 11:31:20,879 INFO: avg err:0.0960 | err:0.1058 | hippo_06 horse_03
2026-06-25 11:31:21,025 INFO: avg err:0.0960 | err:0.1099 | hippo_06 horse_04
2026-06-25 11:31:21,369 INFO: avg err:0.0966 | err:0.2132 | hippo_06 horse_05
2026-06-25 11:31:21,516 INFO: avg err:0.0967 | err:0.1030 | hippo_06 horse_06
2026-06-25 11:31:21,860 INFO: avg err:0.0967 | err:0.1035 | hippo_06 horse_07
2026-06-25 11:31:22,007 INFO: avg err:0.0968 | err:0.1098 | hippo_06 horse_08
2026-06-25 11:31:22,358 INFO: avg err:0.0969 | err:0.1178 | hippo_06 horse_09
2026-06-25 11:31:22,508 INFO: avg err:0.0969 | err:0.0996 | hippo_06 horse_10
2026-06-25 11:31:22,857 INFO: avg err:0.0966 | err:0.0379 | horse_01 cougar_01
2026-06-25 11:31:23,028 INFO: avg err:0.0964 | err:0.0650 | horse_01 cougar_02
2026-06-25 11:31:23,390 INFO: avg err:0.0962 | err:0.0493 | horse_01 cougar_03
2026-06-25 11:31:23,538 INFO: avg err:0.0959 | err:0.0406 | horse_01 cougar_04
2026-06-25 11:31:23,923 INFO: avg err:0.0960 | err:0.1082 | horse_01 hippo_01
2026-06-25 11:31:24,072 INFO: avg err:0.0960 | err:0.1021 | horse_01 hippo_02
2026-06-25 11:31:24,424 INFO: avg err:0.0961 | err:0.1163 | horse_01 hippo_03
2026-06-25 11:31:24,573 INFO: avg err:0.0965 | err:0.1838 | horse_01 hippo_04
2026-06-25 11:31:24,923 INFO: avg err:0.0965 | err:0.0886 | horse_01 hippo_05
2026-06-25 11:31:25,070 INFO: avg err:0.0970 | err:0.2094 | horse_01 hippo_06
2026-06-25 11:31:25,413 INFO: avg err:0.0966 | err:0.0000 | horse_01 horse_01
2026-06-25 11:31:25,560 INFO: avg err:0.0962 | err:0.0216 | horse_01 horse_02
2026-06-25 11:31:25,917 INFO: avg err:0.0959 | err:0.0182 | horse_01 horse_03
2026-06-25 11:31:26,064 INFO: avg err:0.0955 | err:0.0227 | horse_01 horse_04
2026-06-25 11:31:26,410 INFO: avg err:0.0966 | err:0.3277 | horse_01 horse_05
2026-06-25 11:31:26,557 INFO: avg err:0.0963 | err:0.0265 | horse_01 horse_06
2026-06-25 11:31:26,908 INFO: avg err:0.0960 | err:0.0326 | horse_01 horse_07
2026-06-25 11:31:27,054 INFO: avg err:0.0956 | err:0.0232 | horse_01 horse_08
2026-06-25 11:31:27,405 INFO: avg err:0.0953 | err:0.0218 | horse_01 horse_09
2026-06-25 11:31:27,552 INFO: avg err:0.0950 | err:0.0245 | horse_01 horse_10
2026-06-25 11:31:27,926 INFO: avg err:0.0947 | err:0.0328 | horse_02 cougar_01
2026-06-25 11:31:28,075 INFO: avg err:0.0945 | err:0.0543 | horse_02 cougar_02
2026-06-25 11:31:28,414 INFO: avg err:0.0944 | err:0.0569 | horse_02 cougar_03
2026-06-25 11:31:28,561 INFO: avg err:0.0941 | err:0.0390 | horse_02 cougar_04
2026-06-25 11:31:28,898 INFO: avg err:0.0943 | err:0.1307 | horse_02 hippo_01
2026-06-25 11:31:29,045 INFO: avg err:0.0942 | err:0.0881 | horse_02 hippo_02
2026-06-25 11:31:29,394 INFO: avg err:0.0944 | err:0.1303 | horse_02 hippo_03
2026-06-25 11:31:29,541 INFO: avg err:0.0948 | err:0.1941 | horse_02 hippo_04
2026-06-25 11:31:29,890 INFO: avg err:0.0948 | err:0.0778 | horse_02 hippo_05
2026-06-25 11:31:30,036 INFO: avg err:0.0952 | err:0.2023 | horse_02 hippo_06
2026-06-25 11:31:30,402 INFO: avg err:0.0949 | err:0.0260 | horse_02 horse_01
2026-06-25 11:31:30,550 INFO: avg err:0.0945 | err:0.0000 | horse_02 horse_02
2026-06-25 11:31:30,910 INFO: avg err:0.0942 | err:0.0136 | horse_02 horse_03
2026-06-25 11:31:31,057 INFO: avg err:0.0939 | err:0.0318 | horse_02 horse_04
2026-06-25 11:31:31,386 INFO: avg err:0.0948 | err:0.2973 | horse_02 horse_05
2026-06-25 11:31:31,533 INFO: avg err:0.0945 | err:0.0220 | horse_02 horse_06
2026-06-25 11:31:31,885 INFO: avg err:0.0942 | err:0.0261 | horse_02 horse_07
2026-06-25 11:31:32,032 INFO: avg err:0.0939 | err:0.0195 | horse_02 horse_08
2026-06-25 11:31:32,386 INFO: avg err:0.0936 | err:0.0197 | horse_02 horse_09
2026-06-25 11:31:32,534 INFO: avg err:0.0933 | err:0.0222 | horse_02 horse_10
2026-06-25 11:31:32,871 INFO: avg err:0.0930 | err:0.0346 | horse_03 cougar_01
2026-06-25 11:31:33,021 INFO: avg err:0.0929 | err:0.0605 | horse_03 cougar_02
2026-06-25 11:31:33,360 INFO: avg err:0.0928 | err:0.0788 | horse_03 cougar_03
2026-06-25 11:31:33,507 INFO: avg err:0.0926 | err:0.0404 | horse_03 cougar_04
2026-06-25 11:31:33,861 INFO: avg err:0.0927 | err:0.1126 | horse_03 hippo_01
2026-06-25 11:31:34,009 INFO: avg err:0.0926 | err:0.0746 | horse_03 hippo_02
2026-06-25 11:31:34,373 INFO: avg err:0.0928 | err:0.1289 | horse_03 hippo_03
2026-06-25 11:31:34,523 INFO: avg err:0.0929 | err:0.1372 | horse_03 hippo_04
2026-06-25 11:31:34,862 INFO: avg err:0.0928 | err:0.0586 | horse_03 hippo_05
2026-06-25 11:31:35,010 INFO: avg err:0.0932 | err:0.1983 | horse_03 hippo_06
2026-06-25 11:31:35,360 INFO: avg err:0.0929 | err:0.0187 | horse_03 horse_01
2026-06-25 11:31:35,511 INFO: avg err:0.0926 | err:0.0175 | horse_03 horse_02
2026-06-25 11:31:35,855 INFO: avg err:0.0923 | err:0.0000 | horse_03 horse_03
2026-06-25 11:31:36,009 INFO: avg err:0.0920 | err:0.0318 | horse_03 horse_04
2026-06-25 11:31:36,368 INFO: avg err:0.0928 | err:0.2907 | horse_03 horse_05
2026-06-25 11:31:36,519 INFO: avg err:0.0925 | err:0.0178 | horse_03 horse_06
2026-06-25 11:31:36,891 INFO: avg err:0.0922 | err:0.0238 | horse_03 horse_07
2026-06-25 11:31:37,057 INFO: avg err:0.0920 | err:0.0214 | horse_03 horse_08
2026-06-25 11:31:37,407 INFO: avg err:0.0917 | err:0.0226 | horse_03 horse_09
2026-06-25 11:31:37,556 INFO: avg err:0.0914 | err:0.0214 | horse_03 horse_10
2026-06-25 11:31:37,906 INFO: avg err:0.0912 | err:0.0326 | horse_04 cougar_01
2026-06-25 11:31:38,056 INFO: avg err:0.0910 | err:0.0395 | horse_04 cougar_02
2026-06-25 11:31:38,400 INFO: avg err:0.0908 | err:0.0402 | horse_04 cougar_03
2026-06-25 11:31:38,550 INFO: avg err:0.0906 | err:0.0459 | horse_04 cougar_04
2026-06-25 11:31:38,930 INFO: avg err:0.0909 | err:0.1511 | horse_04 hippo_01
2026-06-25 11:31:39,081 INFO: avg err:0.0909 | err:0.0862 | horse_04 hippo_02
2026-06-25 11:31:39,416 INFO: avg err:0.0911 | err:0.1694 | horse_04 hippo_03
2026-06-25 11:31:39,565 INFO: avg err:0.0915 | err:0.1909 | horse_04 hippo_04
2026-06-25 11:31:39,906 INFO: avg err:0.0915 | err:0.0828 | horse_04 hippo_05
2026-06-25 11:31:40,055 INFO: avg err:0.0920 | err:0.2192 | horse_04 hippo_06
2026-06-25 11:31:40,413 INFO: avg err:0.0917 | err:0.0223 | horse_04 horse_01
2026-06-25 11:31:40,562 INFO: avg err:0.0915 | err:0.0319 | horse_04 horse_02
2026-06-25 11:31:40,901 INFO: avg err:0.0913 | err:0.0285 | horse_04 horse_03
2026-06-25 11:31:41,051 INFO: avg err:0.0909 | err:0.0000 | horse_04 horse_04
2026-06-25 11:31:41,437 INFO: avg err:0.0920 | err:0.3795 | horse_04 horse_05
2026-06-25 11:31:41,583 INFO: avg err:0.0917 | err:0.0313 | horse_04 horse_06
2026-06-25 11:31:41,938 INFO: avg err:0.0915 | err:0.0353 | horse_04 horse_07
2026-06-25 11:31:42,092 INFO: avg err:0.0913 | err:0.0289 | horse_04 horse_08
2026-06-25 11:31:42,424 INFO: avg err:0.0911 | err:0.0257 | horse_04 horse_09
2026-06-25 11:31:42,570 INFO: avg err:0.0909 | err:0.0266 | horse_04 horse_10
2026-06-25 11:31:42,940 INFO: avg err:0.0910 | err:0.1347 | horse_05 cougar_01
2026-06-25 11:31:43,087 INFO: avg err:0.0914 | err:0.2120 | horse_05 cougar_02
2026-06-25 11:31:43,434 INFO: avg err:0.0920 | err:0.2544 | horse_05 cougar_03
2026-06-25 11:31:43,594 INFO: avg err:0.0920 | err:0.0977 | horse_05 cougar_04
2026-06-25 11:31:43,931 INFO: avg err:0.0923 | err:0.1570 | horse_05 hippo_01
2026-06-25 11:31:44,079 INFO: avg err:0.0925 | err:0.1716 | horse_05 hippo_02
2026-06-25 11:31:44,439 INFO: avg err:0.0932 | err:0.2882 | horse_05 hippo_03
2026-06-25 11:31:44,586 INFO: avg err:0.0942 | err:0.3650 | horse_05 hippo_04
2026-06-25 11:31:44,931 INFO: avg err:0.0943 | err:0.1293 | horse_05 hippo_05
2026-06-25 11:31:45,083 INFO: avg err:0.0945 | err:0.1436 | horse_05 hippo_06
2026-06-25 11:31:45,435 INFO: avg err:0.0944 | err:0.0906 | horse_05 horse_01
2026-06-25 11:31:45,582 INFO: avg err:0.0946 | err:0.1309 | horse_05 horse_02
2026-06-25 11:31:45,929 INFO: avg err:0.0946 | err:0.1161 | horse_05 horse_03
2026-06-25 11:31:46,076 INFO: avg err:0.0949 | err:0.1581 | horse_05 horse_04
2026-06-25 11:31:46,419 INFO: avg err:0.0945 | err:0.0000 | horse_05 horse_05
2026-06-25 11:31:46,565 INFO: avg err:0.0948 | err:0.1611 | horse_05 horse_06
2026-06-25 11:31:46,916 INFO: avg err:0.0949 | err:0.1454 | horse_05 horse_07
2026-06-25 11:31:47,065 INFO: avg err:0.0949 | err:0.0978 | horse_05 horse_08
2026-06-25 11:31:47,414 INFO: avg err:0.0951 | err:0.1477 | horse_05 horse_09
2026-06-25 11:31:47,563 INFO: avg err:0.0953 | err:0.1373 | horse_05 horse_10
2026-06-25 11:31:47,921 INFO: avg err:0.0951 | err:0.0368 | horse_06 cougar_01
2026-06-25 11:31:48,070 INFO: avg err:0.0949 | err:0.0448 | horse_06 cougar_02
2026-06-25 11:31:48,423 INFO: avg err:0.0947 | err:0.0469 | horse_06 cougar_03
2026-06-25 11:31:48,572 INFO: avg err:0.0946 | err:0.0413 | horse_06 cougar_04
2026-06-25 11:31:48,924 INFO: avg err:0.0947 | err:0.1254 | horse_06 hippo_01
2026-06-25 11:31:49,073 INFO: avg err:0.0946 | err:0.0884 | horse_06 hippo_02
2026-06-25 11:31:49,429 INFO: avg err:0.0948 | err:0.1417 | horse_06 hippo_03
2026-06-25 11:31:49,579 INFO: avg err:0.0951 | err:0.2023 | horse_06 hippo_04
2026-06-25 11:31:49,927 INFO: avg err:0.0951 | err:0.0838 | horse_06 hippo_05
2026-06-25 11:31:50,078 INFO: avg err:0.0956 | err:0.2326 | horse_06 hippo_06
2026-06-25 11:31:50,418 INFO: avg err:0.0953 | err:0.0240 | horse_06 horse_01
2026-06-25 11:31:50,565 INFO: avg err:0.0951 | err:0.0183 | horse_06 horse_02
2026-06-25 11:31:50,925 INFO: avg err:0.0948 | err:0.0157 | horse_06 horse_03
2026-06-25 11:31:51,077 INFO: avg err:0.0946 | err:0.0312 | horse_06 horse_04
2026-06-25 11:31:51,426 INFO: avg err:0.0955 | err:0.3575 | horse_06 horse_05
2026-06-25 11:31:51,576 INFO: avg err:0.0952 | err:0.0000 | horse_06 horse_06
2026-06-25 11:31:51,925 INFO: avg err:0.0949 | err:0.0190 | horse_06 horse_07
2026-06-25 11:31:52,076 INFO: avg err:0.0947 | err:0.0214 | horse_06 horse_08
2026-06-25 11:31:52,423 INFO: avg err:0.0945 | err:0.0275 | horse_06 horse_09
2026-06-25 11:31:52,572 INFO: avg err:0.0942 | err:0.0233 | horse_06 horse_10
2026-06-25 11:31:52,927 INFO: avg err:0.0941 | err:0.0341 | horse_07 cougar_01
2026-06-25 11:31:53,080 INFO: avg err:0.0939 | err:0.0388 | horse_07 cougar_02
2026-06-25 11:31:53,431 INFO: avg err:0.0937 | err:0.0410 | horse_07 cougar_03
2026-06-25 11:31:53,579 INFO: avg err:0.0936 | err:0.0382 | horse_07 cougar_04
2026-06-25 11:31:53,936 INFO: avg err:0.0937 | err:0.1511 | horse_07 hippo_01
2026-06-25 11:31:54,089 INFO: avg err:0.0938 | err:0.1113 | horse_07 hippo_02
2026-06-25 11:31:54,421 INFO: avg err:0.0940 | err:0.1604 | horse_07 hippo_03
2026-06-25 11:31:54,569 INFO: avg err:0.0944 | err:0.2378 | horse_07 hippo_04
2026-06-25 11:31:54,924 INFO: avg err:0.0945 | err:0.1197 | horse_07 hippo_05
2026-06-25 11:31:55,071 INFO: avg err:0.0949 | err:0.2295 | horse_07 hippo_06
2026-06-25 11:31:55,424 INFO: avg err:0.0947 | err:0.0299 | horse_07 horse_01
2026-06-25 11:31:55,608 INFO: avg err:0.0945 | err:0.0196 | horse_07 horse_02
2026-06-25 11:31:56,008 INFO: avg err:0.0943 | err:0.0210 | horse_07 horse_03
2026-06-25 11:31:56,179 INFO: avg err:0.0941 | err:0.0346 | horse_07 horse_04
2026-06-25 11:31:56,532 INFO: avg err:0.0946 | err:0.2707 | horse_07 horse_05
2026-06-25 11:31:56,708 INFO: avg err:0.0944 | err:0.0228 | horse_07 horse_06
2026-06-25 11:31:57,110 INFO: avg err:0.0941 | err:0.0000 | horse_07 horse_07
2026-06-25 11:31:57,276 INFO: avg err:0.0939 | err:0.0255 | horse_07 horse_08
2026-06-25 11:31:57,662 INFO: avg err:0.0937 | err:0.0295 | horse_07 horse_09
2026-06-25 11:31:57,822 INFO: avg err:0.0935 | err:0.0272 | horse_07 horse_10
2026-06-25 11:31:58,153 INFO: avg err:0.0934 | err:0.0391 | horse_08 cougar_01
2026-06-25 11:31:58,306 INFO: avg err:0.0932 | err:0.0430 | horse_08 cougar_02
2026-06-25 11:31:58,636 INFO: avg err:0.0931 | err:0.0369 | horse_08 cougar_03
2026-06-25 11:31:58,809 INFO: avg err:0.0929 | err:0.0424 | horse_08 cougar_04
2026-06-25 11:31:59,190 INFO: avg err:0.0931 | err:0.1679 | horse_08 hippo_01
2026-06-25 11:31:59,333 INFO: avg err:0.0932 | err:0.1110 | horse_08 hippo_02
2026-06-25 11:31:59,682 INFO: avg err:0.0933 | err:0.1354 | horse_08 hippo_03
2026-06-25 11:31:59,827 INFO: avg err:0.0937 | err:0.2205 | horse_08 hippo_04
2026-06-25 11:32:00,171 INFO: avg err:0.0936 | err:0.0840 | horse_08 hippo_05
2026-06-25 11:32:00,315 INFO: avg err:0.0940 | err:0.2161 | horse_08 hippo_06
2026-06-25 11:32:00,673 INFO: avg err:0.0938 | err:0.0186 | horse_08 horse_01
2026-06-25 11:32:00,818 INFO: avg err:0.0936 | err:0.0167 | horse_08 horse_02
2026-06-25 11:32:01,160 INFO: avg err:0.0934 | err:0.0191 | horse_08 horse_03
2026-06-25 11:32:01,306 INFO: avg err:0.0932 | err:0.0255 | horse_08 horse_04
2026-06-25 11:32:01,652 INFO: avg err:0.0937 | err:0.2699 | horse_08 horse_05
2026-06-25 11:32:01,836 INFO: avg err:0.0935 | err:0.0244 | horse_08 horse_06
2026-06-25 11:32:02,185 INFO: avg err:0.0933 | err:0.0290 | horse_08 horse_07
2026-06-25 11:32:02,345 INFO: avg err:0.0930 | err:0.0000 | horse_08 horse_08
2026-06-25 11:32:02,710 INFO: avg err:0.0928 | err:0.0164 | horse_08 horse_09
2026-06-25 11:32:02,870 INFO: avg err:0.0926 | err:0.0256 | horse_08 horse_10
2026-06-25 11:32:03,289 INFO: avg err:0.0925 | err:0.0510 | horse_09 cougar_01
2026-06-25 11:32:03,476 INFO: avg err:0.0924 | err:0.0569 | horse_09 cougar_02
2026-06-25 11:32:03,765 INFO: avg err:0.0923 | err:0.0536 | horse_09 cougar_03
2026-06-25 11:32:03,938 INFO: avg err:0.0922 | err:0.0551 | horse_09 cougar_04
2026-06-25 11:32:04,278 INFO: avg err:0.0923 | err:0.1388 | horse_09 hippo_01
2026-06-25 11:32:04,435 INFO: avg err:0.0923 | err:0.0992 | horse_09 hippo_02
2026-06-25 11:32:04,775 INFO: avg err:0.0925 | err:0.1369 | horse_09 hippo_03
2026-06-25 11:32:04,935 INFO: avg err:0.0927 | err:0.1659 | horse_09 hippo_04
2026-06-25 11:32:05,273 INFO: avg err:0.0926 | err:0.0781 | horse_09 hippo_05
2026-06-25 11:32:05,430 INFO: avg err:0.0929 | err:0.2095 | horse_09 hippo_06
2026-06-25 11:32:05,794 INFO: avg err:0.0928 | err:0.0247 | horse_09 horse_01
2026-06-25 11:32:05,971 INFO: avg err:0.0926 | err:0.0209 | horse_09 horse_02
2026-06-25 11:32:06,307 INFO: avg err:0.0924 | err:0.0237 | horse_09 horse_03
2026-06-25 11:32:06,466 INFO: avg err:0.0922 | err:0.0280 | horse_09 horse_04
2026-06-25 11:32:06,818 INFO: avg err:0.0930 | err:0.3886 | horse_09 horse_05
2026-06-25 11:32:06,983 INFO: avg err:0.0928 | err:0.0288 | horse_09 horse_06
2026-06-25 11:32:07,310 INFO: avg err:0.0927 | err:0.0419 | horse_09 horse_07
2026-06-25 11:32:07,485 INFO: avg err:0.0925 | err:0.0322 | horse_09 horse_08
2026-06-25 11:32:07,823 INFO: avg err:0.0923 | err:0.0000 | horse_09 horse_09
2026-06-25 11:32:07,990 INFO: avg err:0.0921 | err:0.0250 | horse_09 horse_10
2026-06-25 11:32:08,328 INFO: avg err:0.0920 | err:0.0355 | horse_10 cougar_01
2026-06-25 11:32:08,517 INFO: avg err:0.0919 | err:0.0624 | horse_10 cougar_02
2026-06-25 11:32:08,848 INFO: avg err:0.0918 | err:0.0482 | horse_10 cougar_03
2026-06-25 11:32:09,006 INFO: avg err:0.0916 | err:0.0401 | horse_10 cougar_04
2026-06-25 11:32:09,348 INFO: avg err:0.0917 | err:0.1033 | horse_10 hippo_01
2026-06-25 11:32:09,508 INFO: avg err:0.0916 | err:0.0663 | horse_10 hippo_02
2026-06-25 11:32:09,843 INFO: avg err:0.0916 | err:0.0997 | horse_10 hippo_03
2026-06-25 11:32:10,001 INFO: avg err:0.0917 | err:0.1332 | horse_10 hippo_04
2026-06-25 11:32:10,344 INFO: avg err:0.0917 | err:0.0816 | horse_10 hippo_05
2026-06-25 11:32:10,507 INFO: avg err:0.0920 | err:0.2131 | horse_10 hippo_06
2026-06-25 11:32:10,837 INFO: avg err:0.0918 | err:0.0246 | horse_10 horse_01
2026-06-25 11:32:10,997 INFO: avg err:0.0917 | err:0.0245 | horse_10 horse_02
2026-06-25 11:32:11,343 INFO: avg err:0.0915 | err:0.0220 | horse_10 horse_03
2026-06-25 11:32:11,516 INFO: avg err:0.0913 | err:0.0279 | horse_10 horse_04
2026-06-25 11:32:11,885 INFO: avg err:0.0921 | err:0.3752 | horse_10 horse_05
2026-06-25 11:32:12,044 INFO: avg err:0.0919 | err:0.0248 | horse_10 horse_06
2026-06-25 11:32:12,327 INFO: avg err:0.0917 | err:0.0319 | horse_10 horse_07
2026-06-25 11:32:12,530 INFO: avg err:0.0916 | err:0.0340 | horse_10 horse_08
2026-06-25 11:32:12,816 INFO: avg err:0.0914 | err:0.0259 | horse_10 horse_09
2026-06-25 11:32:13,019 INFO: avg err:0.0912 | err:0.0000 | horse_10 horse_10
2026-06-25 11:32:13,052 INFO: Avg time: 0.0219
2026-06-25 11:32:13,511 INFO: Val auc: 0.7478
2026-06-25 11:32:13,515 INFO: Val avg error: 0.0912
2026-06-25 11:32:13,520 INFO: Best model is updated, average geodesic error: 0.0912
2026-06-25 11:32:13,574 INFO: [ONB diag] max|Q-I|: mean=3.4168e-07 max=4.7684e-07 | max|Φ̃ᵀMΦ̃-I|: mean=3.4168e-07 max=4.7684e-07
2026-06-25 11:32:15,614 INFO: [smal_..][epoch:  3, iter:   2,020, lr:(9.780e-04,)][eta: 0:37:48, time (data): 0.104 (0.024)]l_bij: 1.4606e+02 l_orth: 1.4672e+02 l_align: 1.2494e+02 l_total: 4.1773e+02 
2026-06-25 11:32:17,808 INFO: [smal_..][epoch:  3, iter:   2,040, lr:(9.780e-04,)][eta: 0:37:39, time (data): 0.108 (0.026)]l_bij: 1.4478e+02 l_orth: 1.4008e+02 l_align: 1.1621e+02 l_total: 4.0107e+02 
2026-06-25 11:32:19,956 INFO: [smal_..][epoch:  3, iter:   2,060, lr:(9.780e-04,)][eta: 0:37:29, time (data): 0.108 (0.026)]l_bij: 9.8045e+01 l_orth: 1.0460e+02 l_align: 1.2088e+02 l_total: 3.2353e+02 
2026-06-25 11:32:22,093 INFO: [smal_..][epoch:  3, iter:   2,080, lr:(9.780e-04,)][eta: 0:37:20, time (data): 0.107 (0.025)]l_bij: 1.5016e+02 l_orth: 1.4569e+02 l_align: 1.2194e+02 l_total: 4.1779e+02 
2026-06-25 11:32:24,257 INFO: [smal_..][epoch:  3, iter:   2,100, lr:(9.780e-04,)][eta: 0:37:11, time (data): 0.108 (0.025)]l_bij: 2.9878e+01 l_orth: 5.8867e+01 l_align: 1.5795e+02 l_total: 2.4669e+02 
2026-06-25 11:32:26,489 INFO: [smal_..][epoch:  3, iter:   2,120, lr:(9.780e-04,)][eta: 0:37:02, time (data): 0.108 (0.026)]l_bij: 1.6728e+02 l_orth: 1.5932e+02 l_align: 1.2614e+02 l_total: 4.5274e+02 
2026-06-25 11:32:28,739 INFO: [smal_..][epoch:  3, iter:   2,140, lr:(9.780e-04,)][eta: 0:36:54, time (data): 0.109 (0.026)]l_bij: 1.3625e+02 l_orth: 1.3477e+02 l_align: 1.0990e+02 l_total: 3.8091e+02 
2026-06-25 11:32:30,959 INFO: [smal_..][epoch:  3, iter:   2,160, lr:(9.780e-04,)][eta: 0:36:45, time (data): 0.109 (0.026)]l_bij: 1.4624e+02 l_orth: 1.4294e+02 l_align: 1.1477e+02 l_total: 4.0395e+02 
2026-06-25 11:32:33,100 INFO: [smal_..][epoch:  3, iter:   2,180, lr:(9.780e-04,)][eta: 0:36:36, time (data): 0.109 (0.026)]l_bij: 1.5338e+02 l_orth: 1.4918e+02 l_align: 1.1094e+02 l_total: 4.1351e+02 
2026-06-25 11:32:35,190 INFO: [smal_..][epoch:  3, iter:   2,200, lr:(9.780e-04,)][eta: 0:36:27, time (data): 0.108 (0.026)]l_bij: 1.3565e+02 l_orth: 1.3246e+02 l_align: 1.0738e+02 l_total: 3.7549e+02 
2026-06-25 11:32:37,280 INFO: [smal_..][epoch:  3, iter:   2,220, lr:(9.780e-04,)][eta: 0:36:19, time (data): 0.102 (0.022)]l_bij: 1.3942e+02 l_orth: 1.3838e+02 l_align: 1.0765e+02 l_total: 3.8545e+02 
2026-06-25 11:32:39,485 INFO: [smal_..][epoch:  3, iter:   2,240, lr:(9.780e-04,)][eta: 0:36:10, time (data): 0.108 (0.026)]l_bij: 1.0084e+02 l_orth: 1.1127e+02 l_align: 1.2295e+02 l_total: 3.3506e+02 
2026-06-25 11:32:41,627 INFO: [smal_..][epoch:  3, iter:   2,260, lr:(9.780e-04,)][eta: 0:36:02, time (data): 0.107 (0.025)]l_bij: 1.4514e+02 l_orth: 1.4133e+02 l_align: 9.7482e+01 l_total: 3.8395e+02 
2026-06-25 11:32:43,768 INFO: [smal_..][epoch:  3, iter:   2,280, lr:(9.780e-04,)][eta: 0:35:54, time (data): 0.107 (0.025)]l_bij: 1.4326e+02 l_orth: 1.4050e+02 l_align: 1.1321e+02 l_total: 3.9697e+02 
2026-06-25 11:32:45,856 INFO: [smal_..][epoch:  3, iter:   2,300, lr:(9.780e-04,)][eta: 0:35:45, time (data): 0.107 (0.024)]l_bij: 1.2910e+02 l_orth: 1.3233e+02 l_align: 1.1278e+02 l_total: 3.7422e+02 
2026-06-25 11:32:48,052 INFO: [smal_..][epoch:  3, iter:   2,320, lr:(9.780e-04,)][eta: 0:35:38, time (data): 0.107 (0.025)]l_bij: 1.4531e+02 l_orth: 1.4518e+02 l_align: 1.1349e+02 l_total: 4.0397e+02 
2026-06-25 11:32:50,212 INFO: [smal_..][epoch:  3, iter:   2,340, lr:(9.780e-04,)][eta: 0:35:30, time (data): 0.107 (0.025)]l_bij: 1.3892e+02 l_orth: 1.3673e+02 l_align: 1.0589e+02 l_total: 3.8154e+02 
2026-06-25 11:32:52,335 INFO: [smal_..][epoch:  3, iter:   2,360, lr:(9.780e-04,)][eta: 0:35:22, time (data): 0.107 (0.025)]l_bij: 1.0778e+02 l_orth: 1.1459e+02 l_align: 1.1280e+02 l_total: 3.3516e+02 
2026-06-25 11:32:54,439 INFO: [smal_..][epoch:  3, iter:   2,380, lr:(9.780e-04,)][eta: 0:35:14, time (data): 0.107 (0.025)]l_bij: 1.2360e+02 l_orth: 1.2530e+02 l_align: 1.1065e+02 l_total: 3.5955e+02 
2026-06-25 11:32:56,572 INFO: [smal_..][epoch:  3, iter:   2,400, lr:(9.780e-04,)][eta: 0:35:06, time (data): 0.107 (0.025)]l_bij: 1.4415e+02 l_orth: 1.4129e+02 l_align: 1.1196e+02 l_total: 3.9740e+02 
2026-06-25 11:32:58,766 INFO: [smal_..][epoch:  3, iter:   2,420, lr:(9.780e-04,)][eta: 0:34:59, time (data): 0.107 (0.025)]l_bij: 1.4823e+02 l_orth: 1.4533e+02 l_align: 1.1502e+02 l_total: 4.0858e+02 
2026-06-25 11:33:00,899 INFO: [smal_..][epoch:  3, iter:   2,440, lr:(9.780e-04,)][eta: 0:34:51, time (data): 0.107 (0.025)]l_bij: 1.0926e+02 l_orth: 1.1685e+02 l_align: 1.1589e+02 l_total: 3.4201e+02 
2026-06-25 11:33:03,046 INFO: [smal_..][epoch:  3, iter:   2,460, lr:(9.780e-04,)][eta: 0:34:44, time (data): 0.107 (0.025)]l_bij: 1.4623e+02 l_orth: 1.4420e+02 l_align: 1.1455e+02 l_total: 4.0498e+02 
2026-06-25 11:33:05,219 INFO: [smal_..][epoch:  3, iter:   2,480, lr:(9.780e-04,)][eta: 0:34:37, time (data): 0.107 (0.026)]l_bij: 1.5099e+02 l_orth: 1.4692e+02 l_align: 1.1404e+02 l_total: 4.1195e+02 
2026-06-25 11:33:07,374 INFO: [smal_..][epoch:  3, iter:   2,500, lr:(9.780e-04,)][eta: 0:34:30, time (data): 0.107 (0.026)]l_bij: 1.4406e+02 l_orth: 1.4261e+02 l_align: 1.1489e+02 l_total: 4.0155e+02 
2026-06-25 11:33:09,514 INFO: [smal_..][epoch:  3, iter:   2,520, lr:(9.780e-04,)][eta: 0:34:23, time (data): 0.107 (0.026)]l_bij: 1.7026e+02 l_orth: 1.6426e+02 l_align: 1.2957e+02 l_total: 4.6409e+02 
2026-06-25 11:33:11,766 INFO: [smal_..][epoch:  4, iter:   2,540, lr:(9.510e-04,)][eta: 0:34:16, time (data): 0.108 (0.027)]l_bij: 1.4396e+02 l_orth: 1.4154e+02 l_align: 1.0386e+02 l_total: 3.8935e+02 
2026-06-25 11:33:13,796 INFO: [smal_..][epoch:  4, iter:   2,560, lr:(9.510e-04,)][eta: 0:34:09, time (data): 0.107 (0.026)]l_bij: 1.7040e+02 l_orth: 1.6858e+02 l_align: 1.2732e+02 l_total: 4.6630e+02 
2026-06-25 11:33:15,854 INFO: [smal_..][epoch:  4, iter:   2,580, lr:(9.510e-04,)][eta: 0:34:01, time (data): 0.107 (0.025)]l_bij: 1.5498e+02 l_orth: 1.5023e+02 l_align: 1.1459e+02 l_total: 4.1980e+02 
2026-06-25 11:33:17,877 INFO: [smal_..][epoch:  4, iter:   2,600, lr:(9.510e-04,)][eta: 0:33:54, time (data): 0.106 (0.024)]l_bij: 1.0151e+02 l_orth: 1.1015e+02 l_align: 1.0783e+02 l_total: 3.1949e+02 
2026-06-25 11:33:19,896 INFO: [smal_..][epoch:  4, iter:   2,620, lr:(9.510e-04,)][eta: 0:33:46, time (data): 0.101 (0.020)]l_bij: 1.5297e+02 l_orth: 1.4761e+02 l_align: 1.1218e+02 l_total: 4.1276e+02 
2026-06-25 11:33:21,935 INFO: [smal_..][epoch:  4, iter:   2,640, lr:(9.510e-04,)][eta: 0:33:39, time (data): 0.102 (0.019)]l_bij: 1.3731e+02 l_orth: 1.3459e+02 l_align: 1.1213e+02 l_total: 3.8403e+02 
2026-06-25 11:33:23,991 INFO: [smal_..][epoch:  4, iter:   2,660, lr:(9.510e-04,)][eta: 0:33:32, time (data): 0.102 (0.020)]l_bij: 1.4510e+02 l_orth: 1.4188e+02 l_align: 1.1811e+02 l_total: 4.0509e+02 
2026-06-25 11:33:26,070 INFO: [smal_..][epoch:  4, iter:   2,680, lr:(9.510e-04,)][eta: 0:33:25, time (data): 0.103 (0.021)]l_bij: 1.3197e+02 l_orth: 1.3109e+02 l_align: 1.0524e+02 l_total: 3.6830e+02 
2026-06-25 11:33:28,090 INFO: [smal_..][epoch:  4, iter:   2,700, lr:(9.510e-04,)][eta: 0:33:18, time (data): 0.102 (0.020)]l_bij: 1.1817e+02 l_orth: 1.2268e+02 l_align: 1.1634e+02 l_total: 3.5718e+02 
2026-06-25 11:33:30,130 INFO: [smal_..][epoch:  4, iter:   2,720, lr:(9.510e-04,)][eta: 0:33:11, time (data): 0.102 (0.020)]l_bij: 1.4194e+02 l_orth: 1.3966e+02 l_align: 1.2101e+02 l_total: 4.0261e+02 
2026-06-25 11:33:32,193 INFO: [smal_..][epoch:  4, iter:   2,740, lr:(9.510e-04,)][eta: 0:33:04, time (data): 0.102 (0.020)]l_bij: 1.7017e+02 l_orth: 1.6473e+02 l_align: 1.2413e+02 l_total: 4.5903e+02 
2026-06-25 11:33:34,229 INFO: [smal_..][epoch:  4, iter:   2,760, lr:(9.510e-04,)][eta: 0:32:57, time (data): 0.102 (0.020)]l_bij: 1.4663e+02 l_orth: 1.4276e+02 l_align: 1.1184e+02 l_total: 4.0123e+02 
2026-06-25 11:33:36,291 INFO: [smal_..][epoch:  4, iter:   2,780, lr:(9.510e-04,)][eta: 0:32:51, time (data): 0.102 (0.020)]l_bij: 1.3351e+02 l_orth: 1.3117e+02 l_align: 1.0766e+02 l_total: 3.7234e+02 
2026-06-25 11:33:38,345 INFO: [smal_..][epoch:  4, iter:   2,800, lr:(9.510e-04,)][eta: 0:32:44, time (data): 0.102 (0.020)]l_bij: 1.3575e+02 l_orth: 1.3291e+02 l_align: 1.1206e+02 l_total: 3.8072e+02 
2026-06-25 11:33:40,421 INFO: [smal_..][epoch:  4, iter:   2,820, lr:(9.510e-04,)][eta: 0:32:38, time (data): 0.102 (0.021)]l_bij: 1.3327e+02 l_orth: 1.3140e+02 l_align: 1.1212e+02 l_total: 3.7679e+02 
2026-06-25 11:33:42,465 INFO: [smal_..][epoch:  4, iter:   2,840, lr:(9.510e-04,)][eta: 0:32:31, time (data): 0.102 (0.020)]l_bij: 1.6277e+02 l_orth: 1.5911e+02 l_align: 1.2461e+02 l_total: 4.4649e+02 
2026-06-25 11:33:44,530 INFO: [smal_..][epoch:  4, iter:   2,860, lr:(9.510e-04,)][eta: 0:32:25, time (data): 0.103 (0.020)]l_bij: 1.4252e+02 l_orth: 1.3990e+02 l_align: 1.0562e+02 l_total: 3.8804e+02 
2026-06-25 11:33:46,563 INFO: [smal_..][epoch:  4, iter:   2,880, lr:(9.510e-04,)][eta: 0:32:19, time (data): 0.102 (0.020)]l_bij: 1.5278e+02 l_orth: 1.4927e+02 l_align: 1.1773e+02 l_total: 4.1977e+02 
2026-06-25 11:33:48,604 INFO: [smal_..][epoch:  4, iter:   2,900, lr:(9.510e-04,)][eta: 0:32:12, time (data): 0.102 (0.020)]l_bij: 1.1761e+02 l_orth: 1.1925e+02 l_align: 1.0430e+02 l_total: 3.4117e+02 
2026-06-25 11:33:50,648 INFO: [smal_..][epoch:  4, iter:   2,920, lr:(9.510e-04,)][eta: 0:32:06, time (data): 0.102 (0.020)]l_bij: 3.0517e+01 l_orth: 6.2183e+01 l_align: 1.4253e+02 l_total: 2.3523e+02 
2026-06-25 11:33:52,681 INFO: [smal_..][epoch:  4, iter:   2,940, lr:(9.510e-04,)][eta: 0:32:00, time (data): 0.102 (0.020)]l_bij: 1.7455e+02 l_orth: 1.6913e+02 l_align: 1.2581e+02 l_total: 4.6950e+02 
2026-06-25 11:33:54,725 INFO: [smal_..][epoch:  4, iter:   2,960, lr:(9.510e-04,)][eta: 0:31:54, time (data): 0.102 (0.020)]l_bij: 1.3826e+02 l_orth: 1.3539e+02 l_align: 1.0507e+02 l_total: 3.7873e+02 
2026-06-25 11:33:56,792 INFO: [smal_..][epoch:  4, iter:   2,980, lr:(9.510e-04,)][eta: 0:31:48, time (data): 0.102 (0.020)]l_bij: 1.4402e+02 l_orth: 1.4012e+02 l_align: 1.1140e+02 l_total: 3.9554e+02 
2026-06-25 11:33:58,816 INFO: [smal_..][epoch:  4, iter:   3,000, lr:(9.510e-04,)][eta: 0:31:41, time (data): 0.102 (0.020)]l_bij: 1.3251e+02 l_orth: 1.3179e+02 l_align: 1.0774e+02 l_total: 3.7204e+02 
2026-06-25 11:34:00,858 INFO: [smal_..][epoch:  4, iter:   3,020, lr:(9.510e-04,)][eta: 0:31:35, time (data): 0.102 (0.019)]l_bij: 1.0385e+02 l_orth: 1.0999e+02 l_align: 1.0810e+02 l_total: 3.2195e+02 
2026-06-25 11:34:02,953 INFO: [smal_..][epoch:  4, iter:   3,040, lr:(9.510e-04,)][eta: 0:31:30, time (data): 0.104 (0.022)]l_bij: 1.2742e+02 l_orth: 1.2924e+02 l_align: 1.1019e+02 l_total: 3.6684e+02 
2026-06-25 11:34:05,017 INFO: [smal_..][epoch:  4, iter:   3,060, lr:(9.510e-04,)][eta: 0:31:24, time (data): 0.104 (0.021)]l_bij: 9.8157e+01 l_orth: 1.0492e+02 l_align: 1.0506e+02 l_total: 3.0814e+02 
2026-06-25 11:34:07,083 INFO: [smal_..][epoch:  4, iter:   3,080, lr:(9.510e-04,)][eta: 0:31:18, time (data): 0.104 (0.021)]l_bij: 1.4083e+02 l_orth: 1.3745e+02 l_align: 1.0476e+02 l_total: 3.8304e+02 
2026-06-25 11:34:09,136 INFO: [smal_..][epoch:  4, iter:   3,100, lr:(9.510e-04,)][eta: 0:31:12, time (data): 0.103 (0.021)]l_bij: 1.4447e+02 l_orth: 1.4182e+02 l_align: 1.0312e+02 l_total: 3.8941e+02 
2026-06-25 11:34:11,175 INFO: [smal_..][epoch:  4, iter:   3,120, lr:(9.510e-04,)][eta: 0:31:07, time (data): 0.103 (0.020)]l_bij: 1.3689e+02 l_orth: 1.3586e+02 l_align: 1.1037e+02 l_total: 3.8313e+02 
2026-06-25 11:34:13,436 INFO: [smal_..][epoch:  4, iter:   3,140, lr:(9.510e-04,)][eta: 0:31:02, time (data): 0.105 (0.022)]l_bij: 1.4363e+02 l_orth: 1.3963e+02 l_align: 1.0265e+02 l_total: 3.8591e+02 
2026-06-25 11:34:15,482 INFO: [smal_..][epoch:  4, iter:   3,160, lr:(9.510e-04,)][eta: 0:30:56, time (data): 0.104 (0.022)]l_bij: 1.3311e+02 l_orth: 1.3188e+02 l_align: 1.1221e+02 l_total: 3.7720e+02 
2026-06-25 11:34:17,529 INFO: [smal_..][epoch:  4, iter:   3,180, lr:(9.510e-04,)][eta: 0:30:51, time (data): 0.104 (0.022)]l_bij: 1.3637e+02 l_orth: 1.3349e+02 l_align: 1.0422e+02 l_total: 3.7408e+02 
2026-06-25 11:34:19,577 INFO: [smal_..][epoch:  4, iter:   3,200, lr:(9.510e-04,)][eta: 0:30:45, time (data): 0.104 (0.022)]l_bij: 1.2357e+02 l_orth: 1.2463e+02 l_align: 1.0267e+02 l_total: 3.5087e+02 
2026-06-25 11:34:21,584 INFO: [smal_..][epoch:  4, iter:   3,220, lr:(9.510e-04,)][eta: 0:30:39, time (data): 0.098 (0.016)]l_bij: 1.3946e+02 l_orth: 1.3555e+02 l_align: 1.0396e+02 l_total: 3.7896e+02 
2026-06-25 11:34:23,617 INFO: [smal_..][epoch:  4, iter:   3,240, lr:(9.510e-04,)][eta: 0:30:34, time (data): 0.101 (0.019)]l_bij: 2.2425e+01 l_orth: 5.7704e+01 l_align: 1.4395e+02 l_total: 2.2408e+02 
2026-06-25 11:34:25,654 INFO: [smal_..][epoch:  4, iter:   3,260, lr:(9.510e-04,)][eta: 0:30:28, time (data): 0.101 (0.020)]l_bij: 8.2682e+01 l_orth: 9.6689e+01 l_align: 1.0851e+02 l_total: 2.8788e+02 
2026-06-25 11:34:27,918 INFO: [smal_..][epoch:  4, iter:   3,280, lr:(9.510e-04,)][eta: 0:30:24, time (data): 0.105 (0.022)]l_bij: 1.0124e+02 l_orth: 1.1043e+02 l_align: 1.0815e+02 l_total: 3.1983e+02 
2026-06-25 11:34:30,020 INFO: [smal_..][epoch:  4, iter:   3,300, lr:(9.510e-04,)][eta: 0:30:19, time (data): 0.105 (0.021)]l_bij: 1.5015e+02 l_orth: 1.4868e+02 l_align: 1.1338e+02 l_total: 4.1221e+02 
2026-06-25 11:34:32,109 INFO: [smal_..][epoch:  4, iter:   3,320, lr:(9.510e-04,)][eta: 0:30:14, time (data): 0.105 (0.021)]l_bij: 1.2991e+02 l_orth: 1.3046e+02 l_align: 1.0016e+02 l_total: 3.6053e+02 
2026-06-25 11:34:34,212 INFO: [smal_..][epoch:  4, iter:   3,340, lr:(9.510e-04,)][eta: 0:30:09, time (data): 0.105 (0.021)]l_bij: 1.2654e+02 l_orth: 1.2910e+02 l_align: 1.0319e+02 l_total: 3.5883e+02 
2026-06-25 11:34:36,259 INFO: [smal_..][epoch:  4, iter:   3,360, lr:(9.510e-04,)][eta: 0:30:03, time (data): 0.105 (0.021)]l_bij: 1.4693e+02 l_orth: 1.4280e+02 l_align: 1.1429e+02 l_total: 4.0403e+02 
2026-06-25 11:34:38,533 INFO: [smal_..][epoch:  5, iter:   3,380, lr:(9.141e-04,)][eta: 0:29:59, time (data): 0.106 (0.022)]l_bij: 1.1017e+02 l_orth: 1.1404e+02 l_align: 9.4466e+01 l_total: 3.1867e+02 
2026-06-25 11:34:40,606 INFO: [smal_..][epoch:  5, iter:   3,400, lr:(9.141e-04,)][eta: 0:29:54, time (data): 0.105 (0.022)]l_bij: 1.6104e+01 l_orth: 5.9109e+01 l_align: 1.4621e+02 l_total: 2.2142e+02 
2026-06-25 11:34:42,663 INFO: [smal_..][epoch:  5, iter:   3,420, lr:(9.141e-04,)][eta: 0:29:49, time (data): 0.107 (0.023)]l_bij: 1.2478e+02 l_orth: 1.2621e+02 l_align: 1.0397e+02 l_total: 3.5496e+02 
2026-06-25 11:34:44,720 INFO: [smal_..][epoch:  5, iter:   3,440, lr:(9.141e-04,)][eta: 0:29:44, time (data): 0.103 (0.020)]l_bij: 1.3965e+02 l_orth: 1.3889e+02 l_align: 1.0291e+02 l_total: 3.8146e+02 
2026-06-25 11:34:46,732 INFO: [smal_..][epoch:  5, iter:   3,460, lr:(9.141e-04,)][eta: 0:29:39, time (data): 0.102 (0.020)]l_bij: 8.2224e+01 l_orth: 9.7548e+01 l_align: 1.1211e+02 l_total: 2.9189e+02 
2026-06-25 11:34:48,776 INFO: [smal_..][epoch:  5, iter:   3,480, lr:(9.141e-04,)][eta: 0:29:34, time (data): 0.102 (0.020)]l_bij: 1.4869e+02 l_orth: 1.4677e+02 l_align: 1.1223e+02 l_total: 4.0768e+02 
2026-06-25 11:34:50,822 INFO: [smal_..][epoch:  5, iter:   3,500, lr:(9.141e-04,)][eta: 0:29:29, time (data): 0.102 (0.019)]l_bij: 1.6680e+02 l_orth: 1.6025e+02 l_align: 1.1966e+02 l_total: 4.4672e+02 
2026-06-25 11:34:52,824 INFO: [smal_..][epoch:  5, iter:   3,520, lr:(9.141e-04,)][eta: 0:29:24, time (data): 0.102 (0.019)]l_bij: 1.2752e+02 l_orth: 1.2689e+02 l_align: 1.0738e+02 l_total: 3.6178e+02 
2026-06-25 11:34:54,848 INFO: [smal_..][epoch:  5, iter:   3,540, lr:(9.141e-04,)][eta: 0:29:19, time (data): 0.102 (0.019)]l_bij: 1.4047e+02 l_orth: 1.3881e+02 l_align: 1.0715e+02 l_total: 3.8643e+02 
2026-06-25 11:34:56,879 INFO: [smal_..][epoch:  5, iter:   3,560, lr:(9.141e-04,)][eta: 0:29:14, time (data): 0.102 (0.019)]l_bij: 1.2929e+02 l_orth: 1.3042e+02 l_align: 1.0598e+02 l_total: 3.6569e+02 
2026-06-25 11:34:58,942 INFO: [smal_..][epoch:  5, iter:   3,580, lr:(9.141e-04,)][eta: 0:29:09, time (data): 0.102 (0.019)]l_bij: 1.3181e+02 l_orth: 1.3134e+02 l_align: 1.0028e+02 l_total: 3.6342e+02 
2026-06-25 11:35:00,991 INFO: [smal_..][epoch:  5, iter:   3,600, lr:(9.141e-04,)][eta: 0:29:04, time (data): 0.102 (0.019)]l_bij: 9.6569e+01 l_orth: 1.0708e+02 l_align: 1.0680e+02 l_total: 3.1045e+02 
2026-06-25 11:35:03,024 INFO: [smal_..][epoch:  5, iter:   3,620, lr:(9.141e-04,)][eta: 0:28:59, time (data): 0.101 (0.018)]l_bij: 7.0349e+01 l_orth: 8.3651e+01 l_align: 1.1003e+02 l_total: 2.6403e+02 
2026-06-25 11:35:05,075 INFO: [smal_..][epoch:  5, iter:   3,640, lr:(9.141e-04,)][eta: 0:28:54, time (data): 0.102 (0.019)]l_bij: 1.3261e+02 l_orth: 1.3205e+02 l_align: 1.0625e+02 l_total: 3.7091e+02 
2026-06-25 11:35:07,133 INFO: [smal_..][epoch:  5, iter:   3,660, lr:(9.141e-04,)][eta: 0:28:50, time (data): 0.103 (0.020)]l_bij: 1.1939e+02 l_orth: 1.2110e+02 l_align: 1.0110e+02 l_total: 3.4160e+02 
2026-06-25 11:35:09,197 INFO: [smal_..][epoch:  5, iter:   3,680, lr:(9.141e-04,)][eta: 0:28:45, time (data): 0.103 (0.020)]l_bij: 8.8316e+01 l_orth: 1.0488e+02 l_align: 1.0852e+02 l_total: 3.0172e+02 
2026-06-25 11:35:11,239 INFO: [smal_..][epoch:  5, iter:   3,700, lr:(9.141e-04,)][eta: 0:28:40, time (data): 0.103 (0.020)]l_bij: 9.8630e+01 l_orth: 1.0863e+02 l_align: 1.0335e+02 l_total: 3.1061e+02 
2026-06-25 11:35:13,279 INFO: [smal_..][epoch:  5, iter:   3,720, lr:(9.141e-04,)][eta: 0:28:36, time (data): 0.102 (0.020)]l_bij: 1.5749e+02 l_orth: 1.5249e+02 l_align: 1.1678e+02 l_total: 4.2675e+02 
2026-06-25 11:35:15,353 INFO: [smal_..][epoch:  5, iter:   3,740, lr:(9.141e-04,)][eta: 0:28:31, time (data): 0.103 (0.020)]l_bij: 1.5073e+02 l_orth: 1.4710e+02 l_align: 1.1043e+02 l_total: 4.0826e+02 
2026-06-25 11:35:17,387 INFO: [smal_..][epoch:  5, iter:   3,760, lr:(9.141e-04,)][eta: 0:28:26, time (data): 0.102 (0.020)]l_bij: 1.2314e+02 l_orth: 1.2497e+02 l_align: 1.0481e+02 l_total: 3.5292e+02 
2026-06-25 11:35:19,421 INFO: [smal_..][epoch:  5, iter:   3,780, lr:(9.141e-04,)][eta: 0:28:22, time (data): 0.102 (0.020)]l_bij: 1.1843e+02 l_orth: 1.1953e+02 l_align: 9.8373e+01 l_total: 3.3633e+02 
2026-06-25 11:35:21,544 INFO: [smal_..][epoch:  5, iter:   3,800, lr:(9.141e-04,)][eta: 0:28:18, time (data): 0.103 (0.020)]l_bij: 1.4847e+02 l_orth: 1.4511e+02 l_align: 1.0879e+02 l_total: 4.0237e+02 
2026-06-25 11:35:23,680 INFO: [smal_..][epoch:  5, iter:   3,820, lr:(9.141e-04,)][eta: 0:28:13, time (data): 0.098 (0.017)]l_bij: 1.2475e+02 l_orth: 1.2470e+02 l_align: 1.0162e+02 l_total: 3.5107e+02 
2026-06-25 11:35:25,704 INFO: [smal_..][epoch:  5, iter:   3,840, lr:(9.141e-04,)][eta: 0:28:09, time (data): 0.101 (0.019)]l_bij: 8.1782e+01 l_orth: 9.5532e+01 l_align: 1.0380e+02 l_total: 2.8111e+02 
2026-06-25 11:35:27,740 INFO: [smal_..][epoch:  5, iter:   3,860, lr:(9.141e-04,)][eta: 0:28:04, time (data): 0.101 (0.020)]l_bij: 1.1963e+02 l_orth: 1.2022e+02 l_align: 9.5497e+01 l_total: 3.3535e+02 
2026-06-25 11:35:29,802 INFO: [smal_..][epoch:  5, iter:   3,880, lr:(9.141e-04,)][eta: 0:28:00, time (data): 0.102 (0.020)]l_bij: 1.2882e+02 l_orth: 1.2786e+02 l_align: 9.6715e+01 l_total: 3.5340e+02 
2026-06-25 11:35:31,962 INFO: [smal_..][epoch:  5, iter:   3,900, lr:(9.141e-04,)][eta: 0:27:56, time (data): 0.103 (0.021)]l_bij: 1.2375e+02 l_orth: 1.2567e+02 l_align: 1.0187e+02 l_total: 3.5130e+02 
2026-06-25 11:35:34,155 INFO: [smal_..][epoch:  5, iter:   3,920, lr:(9.141e-04,)][eta: 0:27:52, time (data): 0.105 (0.020)]l_bij: 1.6318e+02 l_orth: 1.5879e+02 l_align: 1.1650e+02 l_total: 4.3847e+02 
2026-06-25 11:35:36,339 INFO: [smal_..][epoch:  5, iter:   3,940, lr:(9.141e-04,)][eta: 0:27:48, time (data): 0.105 (0.021)]l_bij: 1.1145e+02 l_orth: 1.1469e+02 l_align: 9.5548e+01 l_total: 3.2168e+02 
2026-06-25 11:35:38,554 INFO: [smal_..][epoch:  5, iter:   3,960, lr:(9.141e-04,)][eta: 0:27:44, time (data): 0.106 (0.021)]l_bij: 1.2211e+02 l_orth: 1.2557e+02 l_align: 1.0213e+02 l_total: 3.4981e+02 
2026-06-25 11:35:41,056 INFO: [smal_..][epoch:  5, iter:   3,980, lr:(9.141e-04,)][eta: 0:27:41, time (data): 0.108 (0.022)]l_bij: 1.2364e+02 l_orth: 1.2481e+02 l_align: 9.8915e+01 l_total: 3.4736e+02 
2026-06-25 11:35:43,178 INFO: [smal_..][epoch:  5, iter:   4,000, lr:(9.141e-04,)][eta: 0:27:37, time (data): 0.108 (0.022)]l_bij: 1.2819e+02 l_orth: 1.2997e+02 l_align: 1.0062e+02 l_total: 3.5878e+02 
2026-06-25 11:35:43,178 INFO: Saving models and training states.
2026-06-25 11:35:43,200 INFO: Start validation.
2026-06-25 11:35:43,983 INFO: avg err:0.0000 | err:0.0000 | cougar_01 cougar_01
2026-06-25 11:35:44,132 INFO: avg err:0.0082 | err:0.0164 | cougar_01 cougar_02
2026-06-25 11:35:44,474 INFO: avg err:0.0115 | err:0.0181 | cougar_01 cougar_03
2026-06-25 11:35:44,624 INFO: avg err:0.0133 | err:0.0186 | cougar_01 cougar_04
2026-06-25 11:35:44,977 INFO: avg err:0.0380 | err:0.1369 | cougar_01 hippo_01
2026-06-25 11:35:45,114 INFO: avg err:0.0461 | err:0.0864 | cougar_01 hippo_02
2026-06-25 11:35:45,471 INFO: avg err:0.0728 | err:0.2335 | cougar_01 hippo_03
2026-06-25 11:35:45,609 INFO: avg err:0.0799 | err:0.1293 | cougar_01 hippo_04
2026-06-25 11:35:45,957 INFO: avg err:0.0832 | err:0.1099 | cougar_01 hippo_05
2026-06-25 11:35:46,095 INFO: avg err:0.1029 | err:0.2795 | cougar_01 hippo_06
2026-06-25 11:35:46,459 INFO: avg err:0.0965 | err:0.0334 | cougar_01 horse_01
2026-06-25 11:35:46,613 INFO: avg err:0.0912 | err:0.0326 | cougar_01 horse_02
2026-06-25 11:35:46,944 INFO: avg err:0.0866 | err:0.0312 | cougar_01 horse_03
2026-06-25 11:35:47,080 INFO: avg err:0.0830 | err:0.0364 | cougar_01 horse_04
2026-06-25 11:35:47,427 INFO: avg err:0.0909 | err:0.2020 | cougar_01 horse_05
2026-06-25 11:35:47,566 INFO: avg err:0.0876 | err:0.0375 | cougar_01 horse_06
2026-06-25 11:35:47,925 INFO: avg err:0.0844 | err:0.0338 | cougar_01 horse_07
2026-06-25 11:35:48,063 INFO: avg err:0.0816 | err:0.0336 | cougar_01 horse_08
2026-06-25 11:35:48,441 INFO: avg err:0.0794 | err:0.0394 | cougar_01 horse_09
2026-06-25 11:35:48,580 INFO: avg err:0.0772 | err:0.0364 | cougar_01 horse_10
2026-06-25 11:35:48,973 INFO: avg err:0.0743 | err:0.0152 | cougar_02 cougar_01
2026-06-25 11:35:49,117 INFO: avg err:0.0709 | err:0.0000 | cougar_02 cougar_02
2026-06-25 11:35:49,453 INFO: avg err:0.0686 | err:0.0188 | cougar_02 cougar_03
2026-06-25 11:35:49,593 INFO: avg err:0.0668 | err:0.0243 | cougar_02 cougar_04
2026-06-25 11:35:49,955 INFO: avg err:0.0705 | err:0.1592 | cougar_02 hippo_01
2026-06-25 11:35:50,098 INFO: avg err:0.0732 | err:0.1396 | cougar_02 hippo_02
2026-06-25 11:35:50,443 INFO: avg err:0.0802 | err:0.2622 | cougar_02 hippo_03
2026-06-25 11:35:50,616 INFO: avg err:0.0842 | err:0.1929 | cougar_02 hippo_04
2026-06-25 11:35:51,025 INFO: avg err:0.0859 | err:0.1337 | cougar_02 hippo_05
2026-06-25 11:35:51,166 INFO: avg err:0.0933 | err:0.3095 | cougar_02 hippo_06
2026-06-25 11:35:51,536 INFO: avg err:0.0916 | err:0.0397 | cougar_02 horse_01
2026-06-25 11:35:51,709 INFO: avg err:0.0899 | err:0.0369 | cougar_02 horse_02
2026-06-25 11:35:52,045 INFO: avg err:0.0883 | err:0.0362 | cougar_02 horse_03
2026-06-25 11:35:52,188 INFO: avg err:0.0867 | err:0.0339 | cougar_02 horse_04
2026-06-25 11:35:52,543 INFO: avg err:0.0918 | err:0.2668 | cougar_02 horse_05
2026-06-25 11:35:52,689 INFO: avg err:0.0904 | err:0.0421 | cougar_02 horse_06
2026-06-25 11:35:53,059 INFO: avg err:0.0890 | err:0.0366 | cougar_02 horse_07
2026-06-25 11:35:53,203 INFO: avg err:0.0877 | err:0.0388 | cougar_02 horse_08
2026-06-25 11:35:53,545 INFO: avg err:0.0865 | err:0.0420 | cougar_02 horse_09
2026-06-25 11:35:53,689 INFO: avg err:0.0855 | err:0.0474 | cougar_02 horse_10
2026-06-25 11:35:54,037 INFO: avg err:0.0838 | err:0.0159 | cougar_03 cougar_01
2026-06-25 11:35:54,180 INFO: avg err:0.0823 | err:0.0181 | cougar_03 cougar_02
2026-06-25 11:35:54,515 INFO: avg err:0.0803 | err:0.0000 | cougar_03 cougar_03
2026-06-25 11:35:54,660 INFO: avg err:0.0791 | err:0.0250 | cougar_03 cougar_04
2026-06-25 11:35:55,005 INFO: avg err:0.0807 | err:0.1509 | cougar_03 hippo_01
2026-06-25 11:35:55,150 INFO: avg err:0.0814 | err:0.1156 | cougar_03 hippo_02
2026-06-25 11:35:55,494 INFO: avg err:0.0853 | err:0.2635 | cougar_03 hippo_03
2026-06-25 11:35:55,639 INFO: avg err:0.0867 | err:0.1524 | cougar_03 hippo_04
2026-06-25 11:35:55,965 INFO: avg err:0.0871 | err:0.1070 | cougar_03 hippo_05
2026-06-25 11:35:56,107 INFO: avg err:0.0917 | err:0.3138 | cougar_03 hippo_06
2026-06-25 11:35:56,461 INFO: avg err:0.0906 | err:0.0401 | cougar_03 horse_01
2026-06-25 11:35:56,604 INFO: avg err:0.0896 | err:0.0377 | cougar_03 horse_02
2026-06-25 11:35:56,952 INFO: avg err:0.0886 | err:0.0343 | cougar_03 horse_03
2026-06-25 11:35:57,100 INFO: avg err:0.0876 | err:0.0331 | cougar_03 horse_04
2026-06-25 11:35:57,444 INFO: avg err:0.0908 | err:0.2662 | cougar_03 horse_05
2026-06-25 11:35:57,587 INFO: avg err:0.0899 | err:0.0412 | cougar_03 horse_06
2026-06-25 11:35:57,951 INFO: avg err:0.0890 | err:0.0373 | cougar_03 horse_07
2026-06-25 11:35:58,091 INFO: avg err:0.0881 | err:0.0361 | cougar_03 horse_08
2026-06-25 11:35:58,422 INFO: avg err:0.0873 | err:0.0414 | cougar_03 horse_09
2026-06-25 11:35:58,575 INFO: avg err:0.0865 | err:0.0371 | cougar_03 horse_10
2026-06-25 11:35:58,906 INFO: avg err:0.0854 | err:0.0202 | cougar_04 cougar_01
2026-06-25 11:35:59,054 INFO: avg err:0.0844 | err:0.0262 | cougar_04 cougar_02
2026-06-25 11:35:59,443 INFO: avg err:0.0835 | err:0.0290 | cougar_04 cougar_03
2026-06-25 11:35:59,584 INFO: avg err:0.0822 | err:0.0000 | cougar_04 cougar_04
2026-06-25 11:35:59,922 INFO: avg err:0.0829 | err:0.1238 | cougar_04 hippo_01
2026-06-25 11:36:00,061 INFO: avg err:0.0832 | err:0.1037 | cougar_04 hippo_02
2026-06-25 11:36:00,417 INFO: avg err:0.0857 | err:0.2544 | cougar_04 hippo_03
2026-06-25 11:36:00,557 INFO: avg err:0.0864 | err:0.1300 | cougar_04 hippo_04
2026-06-25 11:36:00,899 INFO: avg err:0.0866 | err:0.1039 | cougar_04 hippo_05
2026-06-25 11:36:01,043 INFO: avg err:0.0894 | err:0.2779 | cougar_04 hippo_06
2026-06-25 11:36:01,400 INFO: avg err:0.0886 | err:0.0363 | cougar_04 horse_01
2026-06-25 11:36:01,542 INFO: avg err:0.0879 | err:0.0360 | cougar_04 horse_02
2026-06-25 11:36:01,891 INFO: avg err:0.0871 | err:0.0326 | cougar_04 horse_03
2026-06-25 11:36:02,035 INFO: avg err:0.0865 | err:0.0416 | cougar_04 horse_04
2026-06-25 11:36:02,387 INFO: avg err:0.0886 | err:0.2386 | cougar_04 horse_05
2026-06-25 11:36:02,531 INFO: avg err:0.0879 | err:0.0378 | cougar_04 horse_06
2026-06-25 11:36:02,878 INFO: avg err:0.0872 | err:0.0327 | cougar_04 horse_07
2026-06-25 11:36:03,022 INFO: avg err:0.0865 | err:0.0377 | cougar_04 horse_08
2026-06-25 11:36:03,364 INFO: avg err:0.0860 | err:0.0412 | cougar_04 horse_09
2026-06-25 11:36:03,504 INFO: avg err:0.0854 | err:0.0375 | cougar_04 horse_10
2026-06-25 11:36:03,883 INFO: avg err:0.0851 | err:0.0637 | hippo_01 cougar_01
2026-06-25 11:36:04,024 INFO: avg err:0.0849 | err:0.0687 | hippo_01 cougar_02
2026-06-25 11:36:04,350 INFO: avg err:0.0848 | err:0.0757 | hippo_01 cougar_03
2026-06-25 11:36:04,499 INFO: avg err:0.0846 | err:0.0662 | hippo_01 cougar_04
2026-06-25 11:36:04,846 INFO: avg err:0.0836 | err:0.0000 | hippo_01 hippo_01
2026-06-25 11:36:04,999 INFO: avg err:0.0832 | err:0.0563 | hippo_01 hippo_02
2026-06-25 11:36:05,350 INFO: avg err:0.0829 | err:0.0528 | hippo_01 hippo_03
2026-06-25 11:36:05,504 INFO: avg err:0.0822 | err:0.0180 | hippo_01 hippo_04
2026-06-25 11:36:05,849 INFO: avg err:0.0819 | err:0.0618 | hippo_01 hippo_05
2026-06-25 11:36:06,005 INFO: avg err:0.0813 | err:0.0279 | hippo_01 hippo_06
2026-06-25 11:36:06,321 INFO: avg err:0.0812 | err:0.0687 | hippo_01 horse_01
2026-06-25 11:36:06,494 INFO: avg err:0.0811 | err:0.0688 | hippo_01 horse_02
2026-06-25 11:36:06,861 INFO: avg err:0.0808 | err:0.0590 | hippo_01 horse_03
2026-06-25 11:36:07,015 INFO: avg err:0.0807 | err:0.0708 | hippo_01 horse_04
2026-06-25 11:36:07,370 INFO: avg err:0.0824 | err:0.2399 | hippo_01 horse_05
2026-06-25 11:36:07,524 INFO: avg err:0.0824 | err:0.0805 | hippo_01 horse_06
2026-06-25 11:36:07,860 INFO: avg err:0.0823 | err:0.0763 | hippo_01 horse_07
2026-06-25 11:36:08,014 INFO: avg err:0.0822 | err:0.0763 | hippo_01 horse_08
2026-06-25 11:36:08,355 INFO: avg err:0.0821 | err:0.0649 | hippo_01 horse_09
2026-06-25 11:36:08,507 INFO: avg err:0.0819 | err:0.0631 | hippo_01 horse_10
2026-06-25 11:36:08,857 INFO: avg err:0.0821 | err:0.1049 | hippo_02 cougar_01
2026-06-25 11:36:09,000 INFO: avg err:0.0825 | err:0.1223 | hippo_02 cougar_02
2026-06-25 11:36:09,353 INFO: avg err:0.0828 | err:0.1086 | hippo_02 cougar_03
2026-06-25 11:36:09,494 INFO: avg err:0.0830 | err:0.1028 | hippo_02 cougar_04
2026-06-25 11:36:09,878 INFO: avg err:0.0826 | err:0.0447 | hippo_02 hippo_01
2026-06-25 11:36:10,020 INFO: avg err:0.0818 | err:0.0000 | hippo_02 hippo_02
2026-06-25 11:36:10,362 INFO: avg err:0.0823 | err:0.1349 | hippo_02 hippo_03
2026-06-25 11:36:10,508 INFO: avg err:0.0821 | err:0.0568 | hippo_02 hippo_04
2026-06-25 11:36:10,851 INFO: avg err:0.0816 | err:0.0265 | hippo_02 hippo_05
2026-06-25 11:36:10,992 INFO: avg err:0.0819 | err:0.1225 | hippo_02 hippo_06
2026-06-25 11:36:11,351 INFO: avg err:0.0821 | err:0.1010 | hippo_02 horse_01
2026-06-25 11:36:11,493 INFO: avg err:0.0823 | err:0.1005 | hippo_02 horse_02
2026-06-25 11:36:11,840 INFO: avg err:0.0824 | err:0.1016 | hippo_02 horse_03
2026-06-25 11:36:11,981 INFO: avg err:0.0826 | err:0.1044 | hippo_02 horse_04
2026-06-25 11:36:12,345 INFO: avg err:0.0843 | err:0.2712 | hippo_02 horse_05
2026-06-25 11:36:12,487 INFO: avg err:0.0844 | err:0.1023 | hippo_02 horse_06
2026-06-25 11:36:12,839 INFO: avg err:0.0846 | err:0.1015 | hippo_02 horse_07
2026-06-25 11:36:12,981 INFO: avg err:0.0849 | err:0.1197 | hippo_02 horse_08
2026-06-25 11:36:13,371 INFO: avg err:0.0850 | err:0.1028 | hippo_02 horse_09
2026-06-25 11:36:13,514 INFO: avg err:0.0851 | err:0.0979 | hippo_02 horse_10
2026-06-25 11:36:13,868 INFO: avg err:0.0855 | err:0.1327 | hippo_03 cougar_01
2026-06-25 11:36:14,010 INFO: avg err:0.0860 | err:0.1403 | hippo_03 cougar_02
2026-06-25 11:36:14,361 INFO: avg err:0.0864 | err:0.1428 | hippo_03 cougar_03
2026-06-25 11:36:14,504 INFO: avg err:0.0870 | err:0.1518 | hippo_03 cougar_04
2026-06-25 11:36:14,861 INFO: avg err:0.0865 | err:0.0337 | hippo_03 hippo_01
2026-06-25 11:36:15,006 INFO: avg err:0.0868 | err:0.1147 | hippo_03 hippo_02
2026-06-25 11:36:15,355 INFO: avg err:0.0861 | err:0.0000 | hippo_03 hippo_03
2026-06-25 11:36:15,497 INFO: avg err:0.0857 | err:0.0349 | hippo_03 hippo_04
2026-06-25 11:36:15,842 INFO: avg err:0.0859 | err:0.1138 | hippo_03 hippo_05
2026-06-25 11:36:15,988 INFO: avg err:0.0855 | err:0.0410 | hippo_03 hippo_06
2026-06-25 11:36:16,325 INFO: avg err:0.0859 | err:0.1282 | hippo_03 horse_01
2026-06-25 11:36:16,469 INFO: avg err:0.0864 | err:0.1574 | hippo_03 horse_02
2026-06-25 11:36:16,819 INFO: avg err:0.0867 | err:0.1269 | hippo_03 horse_03
2026-06-25 11:36:16,964 INFO: avg err:0.0871 | err:0.1400 | hippo_03 horse_04
2026-06-25 11:36:17,316 INFO: avg err:0.0878 | err:0.1858 | hippo_03 horse_05
2026-06-25 11:36:17,463 INFO: avg err:0.0881 | err:0.1235 | hippo_03 horse_06
2026-06-25 11:36:17,833 INFO: avg err:0.0885 | err:0.1396 | hippo_03 horse_07
2026-06-25 11:36:17,980 INFO: avg err:0.0888 | err:0.1336 | hippo_03 horse_08
2026-06-25 11:36:18,317 INFO: avg err:0.0892 | err:0.1407 | hippo_03 horse_09
2026-06-25 11:36:18,463 INFO: avg err:0.0894 | err:0.1238 | hippo_03 horse_10
2026-06-25 11:36:18,815 INFO: avg err:0.0893 | err:0.0716 | hippo_04 cougar_01
2026-06-25 11:36:18,960 INFO: avg err:0.0892 | err:0.0789 | hippo_04 cougar_02
2026-06-25 11:36:19,308 INFO: avg err:0.0891 | err:0.0727 | hippo_04 cougar_03
2026-06-25 11:36:19,451 INFO: avg err:0.0890 | err:0.0748 | hippo_04 cougar_04
2026-06-25 11:36:19,809 INFO: avg err:0.0885 | err:0.0192 | hippo_04 hippo_01
2026-06-25 11:36:19,952 INFO: avg err:0.0884 | err:0.0633 | hippo_04 hippo_02
2026-06-25 11:36:20,293 INFO: avg err:0.0881 | err:0.0486 | hippo_04 hippo_03
2026-06-25 11:36:20,441 INFO: avg err:0.0875 | err:0.0000 | hippo_04 hippo_04
2026-06-25 11:36:20,786 INFO: avg err:0.0873 | err:0.0625 | hippo_04 hippo_05
2026-06-25 11:36:20,932 INFO: avg err:0.0873 | err:0.0802 | hippo_04 hippo_06
2026-06-25 11:36:21,272 INFO: avg err:0.0872 | err:0.0773 | hippo_04 horse_01
2026-06-25 11:36:21,419 INFO: avg err:0.0871 | err:0.0733 | hippo_04 horse_02
2026-06-25 11:36:21,770 INFO: avg err:0.0870 | err:0.0745 | hippo_04 horse_03
2026-06-25 11:36:21,916 INFO: avg err:0.0869 | err:0.0650 | hippo_04 horse_04
2026-06-25 11:36:22,269 INFO: avg err:0.0879 | err:0.2388 | hippo_04 horse_05
2026-06-25 11:36:22,416 INFO: avg err:0.0878 | err:0.0782 | hippo_04 horse_06
2026-06-25 11:36:22,761 INFO: avg err:0.0877 | err:0.0743 | hippo_04 horse_07
2026-06-25 11:36:22,908 INFO: avg err:0.0878 | err:0.0943 | hippo_04 horse_08
2026-06-25 11:36:23,260 INFO: avg err:0.0877 | err:0.0712 | hippo_04 horse_09
2026-06-25 11:36:23,407 INFO: avg err:0.0875 | err:0.0626 | hippo_04 horse_10
2026-06-25 11:36:23,754 INFO: avg err:0.0876 | err:0.1069 | hippo_05 cougar_01
2026-06-25 11:36:23,900 INFO: avg err:0.0879 | err:0.1234 | hippo_05 cougar_02
2026-06-25 11:36:24,263 INFO: avg err:0.0880 | err:0.1122 | hippo_05 cougar_03
2026-06-25 11:36:24,407 INFO: avg err:0.0881 | err:0.1040 | hippo_05 cougar_04
2026-06-25 11:36:24,744 INFO: avg err:0.0879 | err:0.0474 | hippo_05 hippo_01
2026-06-25 11:36:24,888 INFO: avg err:0.0875 | err:0.0241 | hippo_05 hippo_02
2026-06-25 11:36:25,226 INFO: avg err:0.0877 | err:0.1186 | hippo_05 hippo_03
2026-06-25 11:36:25,370 INFO: avg err:0.0874 | err:0.0514 | hippo_05 hippo_04
2026-06-25 11:36:25,722 INFO: avg err:0.0869 | err:0.0000 | hippo_05 hippo_05
2026-06-25 11:36:25,866 INFO: avg err:0.0872 | err:0.1351 | hippo_05 hippo_06
2026-06-25 11:36:26,217 INFO: avg err:0.0872 | err:0.0845 | hippo_05 horse_01
2026-06-25 11:36:26,362 INFO: avg err:0.0872 | err:0.0886 | hippo_05 horse_02
2026-06-25 11:36:26,712 INFO: avg err:0.0872 | err:0.0857 | hippo_05 horse_03
2026-06-25 11:36:26,858 INFO: avg err:0.0872 | err:0.0852 | hippo_05 horse_04
2026-06-25 11:36:27,218 INFO: avg err:0.0879 | err:0.2178 | hippo_05 horse_05
2026-06-25 11:36:27,369 INFO: avg err:0.0879 | err:0.0907 | hippo_05 horse_06
2026-06-25 11:36:27,705 INFO: avg err:0.0880 | err:0.0913 | hippo_05 horse_07
2026-06-25 11:36:27,850 INFO: avg err:0.0880 | err:0.0985 | hippo_05 horse_08
2026-06-25 11:36:28,222 INFO: avg err:0.0880 | err:0.0810 | hippo_05 horse_09
2026-06-25 11:36:28,368 INFO: avg err:0.0880 | err:0.0887 | hippo_05 horse_10
2026-06-25 11:36:28,722 INFO: avg err:0.0881 | err:0.1043 | hippo_06 cougar_01
2026-06-25 11:36:28,868 INFO: avg err:0.0881 | err:0.0945 | hippo_06 cougar_02
2026-06-25 11:36:29,220 INFO: avg err:0.0882 | err:0.1054 | hippo_06 cougar_03
2026-06-25 11:36:29,366 INFO: avg err:0.0882 | err:0.0888 | hippo_06 cougar_04
2026-06-25 11:36:29,723 INFO: avg err:0.0878 | err:0.0170 | hippo_06 hippo_01
2026-06-25 11:36:29,870 INFO: avg err:0.0877 | err:0.0582 | hippo_06 hippo_02
2026-06-25 11:36:30,216 INFO: avg err:0.0875 | err:0.0559 | hippo_06 hippo_03
2026-06-25 11:36:30,362 INFO: avg err:0.0872 | err:0.0312 | hippo_06 hippo_04
2026-06-25 11:36:30,724 INFO: avg err:0.0871 | err:0.0727 | hippo_06 hippo_05
2026-06-25 11:36:30,870 INFO: avg err:0.0867 | err:0.0000 | hippo_06 hippo_06
2026-06-25 11:36:31,212 INFO: avg err:0.0867 | err:0.1044 | hippo_06 horse_01
2026-06-25 11:36:31,356 INFO: avg err:0.0869 | err:0.1128 | hippo_06 horse_02
2026-06-25 11:36:31,716 INFO: avg err:0.0870 | err:0.1123 | hippo_06 horse_03
2026-06-25 11:36:31,861 INFO: avg err:0.0871 | err:0.1104 | hippo_06 horse_04
2026-06-25 11:36:32,216 INFO: avg err:0.0876 | err:0.1809 | hippo_06 horse_05
2026-06-25 11:36:32,360 INFO: avg err:0.0877 | err:0.1080 | hippo_06 horse_06
2026-06-25 11:36:32,719 INFO: avg err:0.0878 | err:0.1095 | hippo_06 horse_07
2026-06-25 11:36:32,865 INFO: avg err:0.0879 | err:0.1109 | hippo_06 horse_08
2026-06-25 11:36:33,212 INFO: avg err:0.0881 | err:0.1094 | hippo_06 horse_09
2026-06-25 11:36:33,357 INFO: avg err:0.0881 | err:0.1055 | hippo_06 horse_10
2026-06-25 11:36:33,700 INFO: avg err:0.0879 | err:0.0395 | horse_01 cougar_01
2026-06-25 11:36:33,845 INFO: avg err:0.0877 | err:0.0475 | horse_01 cougar_02
2026-06-25 11:36:34,209 INFO: avg err:0.0874 | err:0.0362 | horse_01 cougar_03
2026-06-25 11:36:34,359 INFO: avg err:0.0872 | err:0.0378 | horse_01 cougar_04
2026-06-25 11:36:34,704 INFO: avg err:0.0873 | err:0.1154 | horse_01 hippo_01
2026-06-25 11:36:34,853 INFO: avg err:0.0874 | err:0.0903 | horse_01 hippo_02
2026-06-25 11:36:35,203 INFO: avg err:0.0880 | err:0.2272 | horse_01 hippo_03
2026-06-25 11:36:35,350 INFO: avg err:0.0882 | err:0.1328 | horse_01 hippo_04
2026-06-25 11:36:35,705 INFO: avg err:0.0883 | err:0.0986 | horse_01 hippo_05
2026-06-25 11:36:35,851 INFO: avg err:0.0892 | err:0.2783 | horse_01 hippo_06
2026-06-25 11:36:36,200 INFO: avg err:0.0888 | err:0.0000 | horse_01 horse_01
2026-06-25 11:36:36,344 INFO: avg err:0.0884 | err:0.0185 | horse_01 horse_02
2026-06-25 11:36:36,709 INFO: avg err:0.0881 | err:0.0155 | horse_01 horse_03
2026-06-25 11:36:36,858 INFO: avg err:0.0878 | err:0.0208 | horse_01 horse_04
2026-06-25 11:36:37,218 INFO: avg err:0.0883 | err:0.2065 | horse_01 horse_05
2026-06-25 11:36:37,366 INFO: avg err:0.0880 | err:0.0235 | horse_01 horse_06
2026-06-25 11:36:37,715 INFO: avg err:0.0877 | err:0.0220 | horse_01 horse_07
2026-06-25 11:36:37,861 INFO: avg err:0.0874 | err:0.0166 | horse_01 horse_08
2026-06-25 11:36:38,220 INFO: avg err:0.0871 | err:0.0151 | horse_01 horse_09
2026-06-25 11:36:38,364 INFO: avg err:0.0868 | err:0.0224 | horse_01 horse_10
2026-06-25 11:36:38,715 INFO: avg err:0.0866 | err:0.0360 | horse_02 cougar_01
2026-06-25 11:36:38,857 INFO: avg err:0.0864 | err:0.0499 | horse_02 cougar_02
2026-06-25 11:36:39,213 INFO: avg err:0.0862 | err:0.0358 | horse_02 cougar_03
2026-06-25 11:36:39,356 INFO: avg err:0.0859 | err:0.0368 | horse_02 cougar_04
2026-06-25 11:36:39,711 INFO: avg err:0.0861 | err:0.1218 | horse_02 hippo_01
2026-06-25 11:36:39,855 INFO: avg err:0.0861 | err:0.0942 | horse_02 hippo_02
2026-06-25 11:36:40,202 INFO: avg err:0.0867 | err:0.2135 | horse_02 hippo_03
2026-06-25 11:36:40,346 INFO: avg err:0.0870 | err:0.1506 | horse_02 hippo_04
2026-06-25 11:36:40,709 INFO: avg err:0.0870 | err:0.0993 | horse_02 hippo_05
2026-06-25 11:36:40,854 INFO: avg err:0.0876 | err:0.2194 | horse_02 hippo_06
2026-06-25 11:36:41,211 INFO: avg err:0.0873 | err:0.0167 | horse_02 horse_01
2026-06-25 11:36:41,356 INFO: avg err:0.0869 | err:0.0000 | horse_02 horse_02
2026-06-25 11:36:41,702 INFO: avg err:0.0866 | err:0.0135 | horse_02 horse_03
2026-06-25 11:36:41,846 INFO: avg err:0.0863 | err:0.0208 | horse_02 horse_04
2026-06-25 11:36:42,202 INFO: avg err:0.0869 | err:0.2201 | horse_02 horse_05
2026-06-25 11:36:42,345 INFO: avg err:0.0866 | err:0.0221 | horse_02 horse_06
2026-06-25 11:36:42,700 INFO: avg err:0.0864 | err:0.0214 | horse_02 horse_07
2026-06-25 11:36:42,844 INFO: avg err:0.0860 | err:0.0148 | horse_02 horse_08
2026-06-25 11:36:43,222 INFO: avg err:0.0858 | err:0.0154 | horse_02 horse_09
2026-06-25 11:36:43,369 INFO: avg err:0.0855 | err:0.0203 | horse_02 horse_10
2026-06-25 11:36:43,716 INFO: avg err:0.0853 | err:0.0394 | horse_03 cougar_01
2026-06-25 11:36:43,859 INFO: avg err:0.0851 | err:0.0458 | horse_03 cougar_02
2026-06-25 11:36:44,213 INFO: avg err:0.0849 | err:0.0415 | horse_03 cougar_03
2026-06-25 11:36:44,357 INFO: avg err:0.0847 | err:0.0336 | horse_03 cougar_04
2026-06-25 11:36:44,716 INFO: avg err:0.0848 | err:0.0985 | horse_03 hippo_01
2026-06-25 11:36:44,859 INFO: avg err:0.0848 | err:0.0905 | horse_03 hippo_02
2026-06-25 11:36:45,207 INFO: avg err:0.0853 | err:0.2077 | horse_03 hippo_03
2026-06-25 11:36:45,349 INFO: avg err:0.0854 | err:0.1123 | horse_03 hippo_04
2026-06-25 11:36:45,694 INFO: avg err:0.0855 | err:0.1001 | horse_03 hippo_05
2026-06-25 11:36:45,839 INFO: avg err:0.0860 | err:0.2188 | horse_03 hippo_06
2026-06-25 11:36:46,203 INFO: avg err:0.0857 | err:0.0164 | horse_03 horse_01
2026-06-25 11:36:46,349 INFO: avg err:0.0855 | err:0.0150 | horse_03 horse_02
2026-06-25 11:36:46,693 INFO: avg err:0.0851 | err:0.0000 | horse_03 horse_03
2026-06-25 11:36:46,836 INFO: avg err:0.0849 | err:0.0265 | horse_03 horse_04
2026-06-25 11:36:47,195 INFO: avg err:0.0852 | err:0.1616 | horse_03 horse_05
2026-06-25 11:36:47,339 INFO: avg err:0.0849 | err:0.0180 | horse_03 horse_06
2026-06-25 11:36:47,680 INFO: avg err:0.0847 | err:0.0197 | horse_03 horse_07
2026-06-25 11:36:47,824 INFO: avg err:0.0844 | err:0.0182 | horse_03 horse_08
2026-06-25 11:36:48,171 INFO: avg err:0.0842 | err:0.0218 | horse_03 horse_09
2026-06-25 11:36:48,316 INFO: avg err:0.0839 | err:0.0204 | horse_03 horse_10
2026-06-25 11:36:48,670 INFO: avg err:0.0838 | err:0.0402 | horse_04 cougar_01
2026-06-25 11:36:48,816 INFO: avg err:0.0836 | err:0.0509 | horse_04 cougar_02
2026-06-25 11:36:49,172 INFO: avg err:0.0835 | err:0.0395 | horse_04 cougar_03
2026-06-25 11:36:49,316 INFO: avg err:0.0833 | err:0.0431 | horse_04 cougar_04
2026-06-25 11:36:49,672 INFO: avg err:0.0834 | err:0.0991 | horse_04 hippo_01
2026-06-25 11:36:49,816 INFO: avg err:0.0835 | err:0.1250 | horse_04 hippo_02
2026-06-25 11:36:50,160 INFO: avg err:0.0840 | err:0.2175 | horse_04 hippo_03
2026-06-25 11:36:50,303 INFO: avg err:0.0842 | err:0.1237 | horse_04 hippo_04
2026-06-25 11:36:50,647 INFO: avg err:0.0843 | err:0.1033 | horse_04 hippo_05
2026-06-25 11:36:50,791 INFO: avg err:0.0847 | err:0.2162 | horse_04 hippo_06
2026-06-25 11:36:51,139 INFO: avg err:0.0845 | err:0.0219 | horse_04 horse_01
2026-06-25 11:36:51,283 INFO: avg err:0.0843 | err:0.0208 | horse_04 horse_02
2026-06-25 11:36:51,637 INFO: avg err:0.0841 | err:0.0237 | horse_04 horse_03
2026-06-25 11:36:51,780 INFO: avg err:0.0837 | err:0.0000 | horse_04 horse_04
2026-06-25 11:36:52,138 INFO: avg err:0.0841 | err:0.1855 | horse_04 horse_05
2026-06-25 11:36:52,281 INFO: avg err:0.0839 | err:0.0285 | horse_04 horse_06
2026-06-25 11:36:52,632 INFO: avg err:0.0837 | err:0.0273 | horse_04 horse_07
2026-06-25 11:36:52,774 INFO: avg err:0.0835 | err:0.0253 | horse_04 horse_08
2026-06-25 11:36:53,124 INFO: avg err:0.0833 | err:0.0219 | horse_04 horse_09
2026-06-25 11:36:53,268 INFO: avg err:0.0831 | err:0.0219 | horse_04 horse_10
2026-06-25 11:36:53,622 INFO: avg err:0.0830 | err:0.0678 | horse_05 cougar_01
2026-06-25 11:36:53,766 INFO: avg err:0.0830 | err:0.0761 | horse_05 cougar_02
2026-06-25 11:36:54,113 INFO: avg err:0.0830 | err:0.0765 | horse_05 cougar_03
2026-06-25 11:36:54,260 INFO: avg err:0.0829 | err:0.0661 | horse_05 cougar_04
2026-06-25 11:36:54,605 INFO: avg err:0.0832 | err:0.1771 | horse_05 hippo_01
2026-06-25 11:36:54,749 INFO: avg err:0.0835 | err:0.1689 | horse_05 hippo_02
2026-06-25 11:36:55,101 INFO: avg err:0.0840 | err:0.2106 | horse_05 hippo_03
2026-06-25 11:36:55,246 INFO: avg err:0.0844 | err:0.2007 | horse_05 hippo_04
2026-06-25 11:36:55,598 INFO: avg err:0.0845 | err:0.1275 | horse_05 hippo_05
2026-06-25 11:36:55,746 INFO: avg err:0.0845 | err:0.0763 | horse_05 hippo_06
2026-06-25 11:36:56,099 INFO: avg err:0.0845 | err:0.0913 | horse_05 horse_01
2026-06-25 11:36:56,243 INFO: avg err:0.0845 | err:0.0663 | horse_05 horse_02
2026-06-25 11:36:56,597 INFO: avg err:0.0845 | err:0.0822 | horse_05 horse_03
2026-06-25 11:36:56,740 INFO: avg err:0.0844 | err:0.0781 | horse_05 horse_04
2026-06-25 11:36:57,094 INFO: avg err:0.0841 | err:0.0000 | horse_05 horse_05
2026-06-25 11:36:57,238 INFO: avg err:0.0841 | err:0.0668 | horse_05 horse_06
2026-06-25 11:36:57,587 INFO: avg err:0.0840 | err:0.0653 | horse_05 horse_07
2026-06-25 11:36:57,730 INFO: avg err:0.0840 | err:0.0685 | horse_05 horse_08
2026-06-25 11:36:58,080 INFO: avg err:0.0840 | err:0.1014 | horse_05 horse_09
2026-06-25 11:36:58,241 INFO: avg err:0.0840 | err:0.0669 | horse_05 horse_10
2026-06-25 11:36:58,574 INFO: avg err:0.0838 | err:0.0406 | horse_06 cougar_01
2026-06-25 11:36:58,724 INFO: avg err:0.0837 | err:0.0471 | horse_06 cougar_02
2026-06-25 11:36:59,076 INFO: avg err:0.0836 | err:0.0438 | horse_06 cougar_03
2026-06-25 11:36:59,220 INFO: avg err:0.0834 | err:0.0390 | horse_06 cougar_04
2026-06-25 11:36:59,577 INFO: avg err:0.0835 | err:0.1089 | horse_06 hippo_01
2026-06-25 11:36:59,721 INFO: avg err:0.0836 | err:0.1082 | horse_06 hippo_02
2026-06-25 11:37:00,073 INFO: avg err:0.0841 | err:0.2468 | horse_06 hippo_03
2026-06-25 11:37:00,219 INFO: avg err:0.0843 | err:0.1332 | horse_06 hippo_04
2026-06-25 11:37:00,575 INFO: avg err:0.0844 | err:0.1081 | horse_06 hippo_05
2026-06-25 11:37:00,720 INFO: avg err:0.0849 | err:0.2502 | horse_06 hippo_06
2026-06-25 11:37:01,075 INFO: avg err:0.0847 | err:0.0208 | horse_06 horse_01
2026-06-25 11:37:01,226 INFO: avg err:0.0845 | err:0.0197 | horse_06 horse_02
2026-06-25 11:37:01,574 INFO: avg err:0.0843 | err:0.0160 | horse_06 horse_03
2026-06-25 11:37:01,719 INFO: avg err:0.0841 | err:0.0300 | horse_06 horse_04
2026-06-25 11:37:02,061 INFO: avg err:0.0844 | err:0.1914 | horse_06 horse_05
2026-06-25 11:37:02,204 INFO: avg err:0.0842 | err:0.0000 | horse_06 horse_06
2026-06-25 11:37:02,566 INFO: avg err:0.0839 | err:0.0157 | horse_06 horse_07
2026-06-25 11:37:02,709 INFO: avg err:0.0837 | err:0.0214 | horse_06 horse_08
2026-06-25 11:37:03,056 INFO: avg err:0.0836 | err:0.0264 | horse_06 horse_09
2026-06-25 11:37:03,201 INFO: avg err:0.0834 | err:0.0243 | horse_06 horse_10
2026-06-25 11:37:03,556 INFO: avg err:0.0832 | err:0.0370 | horse_07 cougar_01
2026-06-25 11:37:03,699 INFO: avg err:0.0831 | err:0.0446 | horse_07 cougar_02
2026-06-25 11:37:04,047 INFO: avg err:0.0830 | err:0.0365 | horse_07 cougar_03
2026-06-25 11:37:04,190 INFO: avg err:0.0828 | err:0.0337 | horse_07 cougar_04
2026-06-25 11:37:04,548 INFO: avg err:0.0830 | err:0.1261 | horse_07 hippo_01
2026-06-25 11:37:04,700 INFO: avg err:0.0830 | err:0.1015 | horse_07 hippo_02
2026-06-25 11:37:05,053 INFO: avg err:0.0835 | err:0.2454 | horse_07 hippo_03
2026-06-25 11:37:05,207 INFO: avg err:0.0838 | err:0.1761 | horse_07 hippo_04
2026-06-25 11:37:05,544 INFO: avg err:0.0838 | err:0.0958 | horse_07 hippo_05
2026-06-25 11:37:05,697 INFO: avg err:0.0844 | err:0.2636 | horse_07 hippo_06
2026-06-25 11:37:06,036 INFO: avg err:0.0842 | err:0.0199 | horse_07 horse_01
2026-06-25 11:37:06,181 INFO: avg err:0.0840 | err:0.0203 | horse_07 horse_02
2026-06-25 11:37:06,529 INFO: avg err:0.0838 | err:0.0178 | horse_07 horse_03
2026-06-25 11:37:06,675 INFO: avg err:0.0836 | err:0.0267 | horse_07 horse_04
2026-06-25 11:37:07,016 INFO: avg err:0.0839 | err:0.1715 | horse_07 horse_05
2026-06-25 11:37:07,161 INFO: avg err:0.0837 | err:0.0174 | horse_07 horse_06
2026-06-25 11:37:07,516 INFO: avg err:0.0834 | err:0.0000 | horse_07 horse_07
2026-06-25 11:37:07,659 INFO: avg err:0.0833 | err:0.0235 | horse_07 horse_08
2026-06-25 11:37:08,019 INFO: avg err:0.0831 | err:0.0273 | horse_07 horse_09
2026-06-25 11:37:08,163 INFO: avg err:0.0829 | err:0.0224 | horse_07 horse_10
2026-06-25 11:37:08,512 INFO: avg err:0.0828 | err:0.0335 | horse_08 cougar_01
2026-06-25 11:37:08,656 INFO: avg err:0.0827 | err:0.0441 | horse_08 cougar_02
2026-06-25 11:37:09,006 INFO: avg err:0.0825 | err:0.0332 | horse_08 cougar_03
2026-06-25 11:37:09,149 INFO: avg err:0.0824 | err:0.0374 | horse_08 cougar_04
2026-06-25 11:37:09,510 INFO: avg err:0.0824 | err:0.1069 | horse_08 hippo_01
2026-06-25 11:37:09,654 INFO: avg err:0.0825 | err:0.0926 | horse_08 hippo_02
2026-06-25 11:37:10,007 INFO: avg err:0.0829 | err:0.2358 | horse_08 hippo_03
2026-06-25 11:37:10,151 INFO: avg err:0.0831 | err:0.1308 | horse_08 hippo_04
2026-06-25 11:37:10,501 INFO: avg err:0.0831 | err:0.1000 | horse_08 hippo_05
2026-06-25 11:37:10,647 INFO: avg err:0.0836 | err:0.2634 | horse_08 hippo_06
2026-06-25 11:37:10,989 INFO: avg err:0.0834 | err:0.0160 | horse_08 horse_01
2026-06-25 11:37:11,133 INFO: avg err:0.0832 | err:0.0147 | horse_08 horse_02
2026-06-25 11:37:11,488 INFO: avg err:0.0830 | err:0.0182 | horse_08 horse_03
2026-06-25 11:37:11,635 INFO: avg err:0.0829 | err:0.0235 | horse_08 horse_04
2026-06-25 11:37:11,985 INFO: avg err:0.0832 | err:0.2000 | horse_08 horse_05
2026-06-25 11:37:12,131 INFO: avg err:0.0830 | err:0.0252 | horse_08 horse_06
2026-06-25 11:37:12,481 INFO: avg err:0.0829 | err:0.0247 | horse_08 horse_07
2026-06-25 11:37:12,627 INFO: avg err:0.0827 | err:0.0000 | horse_08 horse_08
2026-06-25 11:37:12,986 INFO: avg err:0.0825 | err:0.0167 | horse_08 horse_09
2026-06-25 11:37:13,130 INFO: avg err:0.0823 | err:0.0256 | horse_08 horse_10
2026-06-25 11:37:13,463 INFO: avg err:0.0822 | err:0.0441 | horse_09 cougar_01
2026-06-25 11:37:13,608 INFO: avg err:0.0821 | err:0.0529 | horse_09 cougar_02
2026-06-25 11:37:13,967 INFO: avg err:0.0820 | err:0.0486 | horse_09 cougar_03
2026-06-25 11:37:14,110 INFO: avg err:0.0819 | err:0.0500 | horse_09 cougar_04
2026-06-25 11:37:14,457 INFO: avg err:0.0820 | err:0.1128 | horse_09 hippo_01
2026-06-25 11:37:14,600 INFO: avg err:0.0821 | err:0.0963 | horse_09 hippo_02
2026-06-25 11:37:14,951 INFO: avg err:0.0825 | err:0.2295 | horse_09 hippo_03
2026-06-25 11:37:15,095 INFO: avg err:0.0826 | err:0.1261 | horse_09 hippo_04
2026-06-25 11:37:15,443 INFO: avg err:0.0826 | err:0.1047 | horse_09 hippo_05
2026-06-25 11:37:15,587 INFO: avg err:0.0830 | err:0.2229 | horse_09 hippo_06
2026-06-25 11:37:15,949 INFO: avg err:0.0828 | err:0.0152 | horse_09 horse_01
2026-06-25 11:37:16,095 INFO: avg err:0.0827 | err:0.0168 | horse_09 horse_02
2026-06-25 11:37:16,444 INFO: avg err:0.0825 | err:0.0208 | horse_09 horse_03
2026-06-25 11:37:16,590 INFO: avg err:0.0823 | err:0.0241 | horse_09 horse_04
2026-06-25 11:37:16,943 INFO: avg err:0.0827 | err:0.2318 | horse_09 horse_05
2026-06-25 11:37:17,093 INFO: avg err:0.0826 | err:0.0278 | horse_09 horse_06
2026-06-25 11:37:17,450 INFO: avg err:0.0825 | err:0.0354 | horse_09 horse_07
2026-06-25 11:37:17,596 INFO: avg err:0.0823 | err:0.0174 | horse_09 horse_08
2026-06-25 11:37:17,950 INFO: avg err:0.0821 | err:0.0000 | horse_09 horse_09
2026-06-25 11:37:18,096 INFO: avg err:0.0819 | err:0.0227 | horse_09 horse_10
2026-06-25 11:37:18,449 INFO: avg err:0.0818 | err:0.0486 | horse_10 cougar_01
2026-06-25 11:37:18,595 INFO: avg err:0.0818 | err:0.0500 | horse_10 cougar_02
2026-06-25 11:37:18,944 INFO: avg err:0.0817 | err:0.0499 | horse_10 cougar_03
2026-06-25 11:37:19,089 INFO: avg err:0.0816 | err:0.0457 | horse_10 cougar_04
2026-06-25 11:37:19,449 INFO: avg err:0.0816 | err:0.1045 | horse_10 hippo_01
2026-06-25 11:37:19,596 INFO: avg err:0.0817 | err:0.0978 | horse_10 hippo_02
2026-06-25 11:37:19,938 INFO: avg err:0.0821 | err:0.2278 | horse_10 hippo_03
2026-06-25 11:37:20,082 INFO: avg err:0.0822 | err:0.1495 | horse_10 hippo_04
2026-06-25 11:37:20,444 INFO: avg err:0.0823 | err:0.1009 | horse_10 hippo_05
2026-06-25 11:37:20,588 INFO: avg err:0.0826 | err:0.2184 | horse_10 hippo_06
2026-06-25 11:37:20,951 INFO: avg err:0.0825 | err:0.0219 | horse_10 horse_01
2026-06-25 11:37:21,094 INFO: avg err:0.0823 | err:0.0190 | horse_10 horse_02
2026-06-25 11:37:21,442 INFO: avg err:0.0821 | err:0.0177 | horse_10 horse_03
2026-06-25 11:37:21,588 INFO: avg err:0.0820 | err:0.0215 | horse_10 horse_04
2026-06-25 11:37:21,934 INFO: avg err:0.0822 | err:0.1789 | horse_10 horse_05
2026-06-25 11:37:22,081 INFO: avg err:0.0821 | err:0.0241 | horse_10 horse_06
2026-06-25 11:37:22,442 INFO: avg err:0.0820 | err:0.0265 | horse_10 horse_07
2026-06-25 11:37:22,584 INFO: avg err:0.0818 | err:0.0232 | horse_10 horse_08
2026-06-25 11:37:22,933 INFO: avg err:0.0816 | err:0.0196 | horse_10 horse_09
2026-06-25 11:37:23,076 INFO: avg err:0.0814 | err:0.0000 | horse_10 horse_10
2026-06-25 11:37:23,103 INFO: Avg time: 0.0214
2026-06-25 11:37:23,534 INFO: Val auc: 0.7532
2026-06-25 11:37:23,541 INFO: Val avg error: 0.0814
2026-06-25 11:37:23,545 INFO: Best model is updated, average geodesic error: 0.0814
2026-06-25 11:37:23,611 INFO: [ONB diag] max|Q-I|: mean=3.4168e-07 max=4.7684e-07 | max|Φ̃ᵀMΦ̃-I|: mean=3.4168e-07 max=4.7684e-07
2026-06-25 11:37:25,569 INFO: [smal_..][epoch:  5, iter:   4,020, lr:(9.141e-04,)][eta: 0:32:52, time (data): 0.107 (0.021)]l_bij: 1.3583e+02 l_orth: 1.3511e+02 l_align: 1.1066e+02 l_total: 3.8159e+02 
2026-06-25 11:37:27,840 INFO: [smal_..][epoch:  5, iter:   4,040, lr:(9.141e-04,)][eta: 0:32:47, time (data): 0.113 (0.030)]l_bij: 1.1548e+02 l_orth: 1.1789e+02 l_align: 1.0056e+02 l_total: 3.3392e+02 
2026-06-25 11:37:29,851 INFO: [smal_..][epoch:  5, iter:   4,060, lr:(9.141e-04,)][eta: 0:32:40, time (data): 0.107 (0.024)]l_bij: 1.0129e+02 l_orth: 1.0831e+02 l_align: 1.0014e+02 l_total: 3.0974e+02 
2026-06-25 11:37:31,908 INFO: [smal_..][epoch:  5, iter:   4,080, lr:(9.141e-04,)][eta: 0:32:34, time (data): 0.106 (0.023)]l_bij: 9.1536e+01 l_orth: 1.0162e+02 l_align: 9.7103e+01 l_total: 2.9026e+02 
2026-06-25 11:37:33,937 INFO: [smal_..][epoch:  5, iter:   4,100, lr:(9.141e-04,)][eta: 0:32:28, time (data): 0.104 (0.023)]l_bij: 1.1147e+02 l_orth: 1.2494e+02 l_align: 1.0362e+02 l_total: 3.4002e+02 
2026-06-25 11:37:35,968 INFO: [smal_..][epoch:  5, iter:   4,120, lr:(9.141e-04,)][eta: 0:32:21, time (data): 0.104 (0.022)]l_bij: 1.1144e+02 l_orth: 1.1573e+02 l_align: 9.8506e+01 l_total: 3.2568e+02 
2026-06-25 11:37:37,999 INFO: [smal_..][epoch:  5, iter:   4,140, lr:(9.141e-04,)][eta: 0:32:15, time (data): 0.103 (0.021)]l_bij: 1.2586e+02 l_orth: 1.2731e+02 l_align: 1.0109e+02 l_total: 3.5426e+02 
2026-06-25 11:37:40,064 INFO: [smal_..][epoch:  5, iter:   4,160, lr:(9.141e-04,)][eta: 0:32:09, time (data): 0.103 (0.021)]l_bij: 1.0406e+02 l_orth: 1.0811e+02 l_align: 9.2725e+01 l_total: 3.0489e+02 
2026-06-25 11:37:42,118 INFO: [smal_..][epoch:  5, iter:   4,180, lr:(9.141e-04,)][eta: 0:32:03, time (data): 0.103 (0.021)]l_bij: 9.8946e+01 l_orth: 1.0472e+02 l_align: 9.6205e+01 l_total: 2.9987e+02 
2026-06-25 11:37:44,181 INFO: [smal_..][epoch:  5, iter:   4,200, lr:(9.141e-04,)][eta: 0:31:57, time (data): 0.103 (0.021)]l_bij: 1.2117e+02 l_orth: 1.2349e+02 l_align: 1.0107e+02 l_total: 3.4574e+02 
2026-06-25 11:37:46,429 INFO: [smal_..][epoch:  6, iter:   4,220, lr:(8.682e-04,)][eta: 0:31:52, time (data): 0.104 (0.022)]l_bij: 1.0127e+02 l_orth: 1.0790e+02 l_align: 9.7146e+01 l_total: 3.0632e+02 
2026-06-25 11:37:48,470 INFO: [smal_..][epoch:  6, iter:   4,240, lr:(8.682e-04,)][eta: 0:31:46, time (data): 0.102 (0.019)]l_bij: 1.2549e+02 l_orth: 1.2606e+02 l_align: 1.0357e+02 l_total: 3.5513e+02 
2026-06-25 11:37:50,501 INFO: [smal_..][epoch:  6, iter:   4,260, lr:(8.682e-04,)][eta: 0:31:40, time (data): 0.102 (0.020)]l_bij: 1.0271e+02 l_orth: 1.0996e+02 l_align: 1.0255e+02 l_total: 3.1521e+02 
2026-06-25 11:37:52,542 INFO: [smal_..][epoch:  6, iter:   4,280, lr:(8.682e-04,)][eta: 0:31:34, time (data): 0.102 (0.020)]l_bij: 1.1841e+02 l_orth: 1.2158e+02 l_align: 9.4919e+01 l_total: 3.3491e+02 
2026-06-25 11:37:54,615 INFO: [smal_..][epoch:  6, iter:   4,300, lr:(8.682e-04,)][eta: 0:31:28, time (data): 0.102 (0.020)]l_bij: 1.1156e+02 l_orth: 1.1621e+02 l_align: 1.0045e+02 l_total: 3.2822e+02 
2026-06-25 11:37:56,655 INFO: [smal_..][epoch:  6, iter:   4,320, lr:(8.682e-04,)][eta: 0:31:22, time (data): 0.102 (0.020)]l_bij: 1.2664e+02 l_orth: 1.2755e+02 l_align: 1.0171e+02 l_total: 3.5590e+02 
2026-06-25 11:37:58,716 INFO: [smal_..][epoch:  6, iter:   4,340, lr:(8.682e-04,)][eta: 0:31:16, time (data): 0.102 (0.020)]l_bij: 1.1718e+02 l_orth: 1.2262e+02 l_align: 9.8989e+01 l_total: 3.3879e+02 
2026-06-25 11:38:00,750 INFO: [smal_..][epoch:  6, iter:   4,360, lr:(8.682e-04,)][eta: 0:31:11, time (data): 0.102 (0.020)]l_bij: 1.0953e+02 l_orth: 1.1500e+02 l_align: 9.2195e+01 l_total: 3.1672e+02 
2026-06-25 11:38:02,811 INFO: [smal_..][epoch:  6, iter:   4,380, lr:(8.682e-04,)][eta: 0:31:05, time (data): 0.102 (0.020)]l_bij: 1.2437e+02 l_orth: 1.2569e+02 l_align: 1.0101e+02 l_total: 3.5107e+02 
2026-06-25 11:38:04,880 INFO: [smal_..][epoch:  6, iter:   4,400, lr:(8.682e-04,)][eta: 0:30:59, time (data): 0.102 (0.020)]l_bij: 6.0502e+01 l_orth: 7.8735e+01 l_align: 1.0647e+02 l_total: 2.4571e+02 
2026-06-25 11:38:07,166 INFO: [smal_..][epoch:  6, iter:   4,420, lr:(8.682e-04,)][eta: 0:30:54, time (data): 0.104 (0.021)]l_bij: 1.2863e+02 l_orth: 1.2848e+02 l_align: 9.6413e+01 l_total: 3.5353e+02 
2026-06-25 11:38:09,212 INFO: [smal_..][epoch:  6, iter:   4,440, lr:(8.682e-04,)][eta: 0:30:49, time (data): 0.103 (0.020)]l_bij: 1.4945e+02 l_orth: 1.5080e+02 l_align: 1.1464e+02 l_total: 4.1489e+02 
2026-06-25 11:38:11,259 INFO: [smal_..][epoch:  6, iter:   4,460, lr:(8.682e-04,)][eta: 0:30:43, time (data): 0.102 (0.020)]l_bij: 1.4484e+02 l_orth: 1.4375e+02 l_align: 1.1187e+02 l_total: 4.0046e+02 
2026-06-25 11:38:13,291 INFO: [smal_..][epoch:  6, iter:   4,480, lr:(8.682e-04,)][eta: 0:30:38, time (data): 0.102 (0.019)]l_bij: 1.0408e+02 l_orth: 1.0975e+02 l_align: 9.4252e+01 l_total: 3.0809e+02 
2026-06-25 11:38:15,333 INFO: [smal_..][epoch:  6, iter:   4,500, lr:(8.682e-04,)][eta: 0:30:32, time (data): 0.102 (0.019)]l_bij: 1.3388e+02 l_orth: 1.3299e+02 l_align: 1.0144e+02 l_total: 3.6831e+02 
2026-06-25 11:38:17,342 INFO: [smal_..][epoch:  6, iter:   4,520, lr:(8.682e-04,)][eta: 0:30:26, time (data): 0.102 (0.019)]l_bij: 9.2149e+01 l_orth: 1.0126e+02 l_align: 9.6778e+01 l_total: 2.9019e+02 
2026-06-25 11:38:19,371 INFO: [smal_..][epoch:  6, iter:   4,540, lr:(8.682e-04,)][eta: 0:30:21, time (data): 0.102 (0.019)]l_bij: 1.2999e+02 l_orth: 1.3031e+02 l_align: 1.0616e+02 l_total: 3.6645e+02 
2026-06-25 11:38:21,426 INFO: [smal_..][epoch:  6, iter:   4,560, lr:(8.682e-04,)][eta: 0:30:15, time (data): 0.102 (0.019)]l_bij: 1.1850e+02 l_orth: 1.2145e+02 l_align: 1.0848e+02 l_total: 3.4842e+02 
2026-06-25 11:38:23,482 INFO: [smal_..][epoch:  6, iter:   4,580, lr:(8.682e-04,)][eta: 0:30:10, time (data): 0.102 (0.020)]l_bij: 1.4791e+02 l_orth: 1.4711e+02 l_align: 1.1077e+02 l_total: 4.0578e+02 
2026-06-25 11:38:25,530 INFO: [smal_..][epoch:  6, iter:   4,600, lr:(8.682e-04,)][eta: 0:30:05, time (data): 0.102 (0.020)]l_bij: 1.3033e+02 l_orth: 1.2893e+02 l_align: 1.0226e+02 l_total: 3.6153e+02 
2026-06-25 11:38:27,562 INFO: [smal_..][epoch:  6, iter:   4,620, lr:(8.682e-04,)][eta: 0:29:59, time (data): 0.102 (0.020)]l_bij: 1.1105e+02 l_orth: 1.1631e+02 l_align: 9.9881e+01 l_total: 3.2725e+02 
2026-06-25 11:38:29,599 INFO: [smal_..][epoch:  6, iter:   4,640, lr:(8.682e-04,)][eta: 0:29:54, time (data): 0.101 (0.019)]l_bij: 1.1723e+02 l_orth: 1.2081e+02 l_align: 9.8352e+01 l_total: 3.3640e+02 
2026-06-25 11:38:31,659 INFO: [smal_..][epoch:  6, iter:   4,660, lr:(8.682e-04,)][eta: 0:29:49, time (data): 0.102 (0.019)]l_bij: 9.2365e+01 l_orth: 9.9806e+01 l_align: 9.3481e+01 l_total: 2.8565e+02 
2026-06-25 11:38:33,711 INFO: [smal_..][epoch:  6, iter:   4,680, lr:(8.682e-04,)][eta: 0:29:43, time (data): 0.102 (0.020)]l_bij: 1.2274e+02 l_orth: 1.2282e+02 l_align: 9.9798e+01 l_total: 3.4536e+02 
2026-06-25 11:38:35,756 INFO: [smal_..][epoch:  6, iter:   4,700, lr:(8.682e-04,)][eta: 0:29:38, time (data): 0.102 (0.020)]l_bij: 1.5432e+02 l_orth: 1.5851e+02 l_align: 1.1819e+02 l_total: 4.3102e+02 
2026-06-25 11:38:37,788 INFO: [smal_..][epoch:  6, iter:   4,720, lr:(8.682e-04,)][eta: 0:29:33, time (data): 0.102 (0.020)]l_bij: 1.2483e+02 l_orth: 1.2816e+02 l_align: 9.9700e+01 l_total: 3.5270e+02 
2026-06-25 11:38:39,856 INFO: [smal_..][epoch:  6, iter:   4,740, lr:(8.682e-04,)][eta: 0:29:28, time (data): 0.102 (0.020)]l_bij: 7.8045e+01 l_orth: 9.3215e+01 l_align: 1.0027e+02 l_total: 2.7153e+02 
2026-06-25 11:38:41,864 INFO: [smal_..][epoch:  6, iter:   4,760, lr:(8.682e-04,)][eta: 0:29:23, time (data): 0.102 (0.020)]l_bij: 1.4272e+02 l_orth: 1.3882e+02 l_align: 9.3372e+01 l_total: 3.7491e+02 
2026-06-25 11:38:43,896 INFO: [smal_..][epoch:  6, iter:   4,780, lr:(8.682e-04,)][eta: 0:29:17, time (data): 0.102 (0.020)]l_bij: 1.0568e+02 l_orth: 1.1070e+02 l_align: 9.6377e+01 l_total: 3.1275e+02 
2026-06-25 11:38:45,958 INFO: [smal_..][epoch:  6, iter:   4,800, lr:(8.682e-04,)][eta: 0:29:12, time (data): 0.102 (0.020)]l_bij: 1.2750e+02 l_orth: 1.2955e+02 l_align: 1.0038e+02 l_total: 3.5743e+02 
2026-06-25 11:38:47,983 INFO: [smal_..][epoch:  6, iter:   4,820, lr:(8.682e-04,)][eta: 0:29:07, time (data): 0.102 (0.020)]l_bij: 1.2555e+02 l_orth: 1.2780e+02 l_align: 9.6500e+01 l_total: 3.4985e+02 
2026-06-25 11:38:50,041 INFO: [smal_..][epoch:  6, iter:   4,840, lr:(8.682e-04,)][eta: 0:29:02, time (data): 0.103 (0.020)]l_bij: 1.3743e+02 l_orth: 1.3678e+02 l_align: 9.6592e+01 l_total: 3.7081e+02 
2026-06-25 11:38:52,089 INFO: [smal_..][epoch:  6, iter:   4,860, lr:(8.682e-04,)][eta: 0:28:57, time (data): 0.102 (0.020)]l_bij: 8.1285e+01 l_orth: 9.7546e+01 l_align: 1.0156e+02 l_total: 2.8039e+02 
2026-06-25 11:38:54,129 INFO: [smal_..][epoch:  6, iter:   4,880, lr:(8.682e-04,)][eta: 0:28:52, time (data): 0.102 (0.020)]l_bij: 1.3785e+02 l_orth: 1.3653e+02 l_align: 1.0564e+02 l_total: 3.8002e+02 
2026-06-25 11:38:56,198 INFO: [smal_..][epoch:  6, iter:   4,900, lr:(8.682e-04,)][eta: 0:28:47, time (data): 0.103 (0.020)]l_bij: 9.4308e+01 l_orth: 1.0603e+02 l_align: 9.8815e+01 l_total: 2.9915e+02 
2026-06-25 11:38:58,304 INFO: [smal_..][epoch:  6, iter:   4,920, lr:(8.682e-04,)][eta: 0:28:42, time (data): 0.103 (0.020)]l_bij: 9.1716e+01 l_orth: 1.0078e+02 l_align: 9.8742e+01 l_total: 2.9123e+02 
2026-06-25 11:39:00,329 INFO: [smal_..][epoch:  6, iter:   4,940, lr:(8.682e-04,)][eta: 0:28:37, time (data): 0.103 (0.020)]l_bij: 1.2389e+02 l_orth: 1.2413e+02 l_align: 9.4412e+01 l_total: 3.4244e+02 
2026-06-25 11:39:02,498 INFO: [smal_..][epoch:  6, iter:   4,960, lr:(8.682e-04,)][eta: 0:28:33, time (data): 0.104 (0.020)]l_bij: 8.7206e+01 l_orth: 9.9222e+01 l_align: 9.8353e+01 l_total: 2.8478e+02 
2026-06-25 11:39:04,687 INFO: [smal_..][epoch:  6, iter:   4,980, lr:(8.682e-04,)][eta: 0:28:28, time (data): 0.104 (0.021)]l_bij: 1.1774e+02 l_orth: 1.1797e+02 l_align: 9.4460e+01 l_total: 3.3018e+02 
2026-06-25 11:39:06,723 INFO: [smal_..][epoch:  6, iter:   5,000, lr:(8.682e-04,)][eta: 0:28:23, time (data): 0.104 (0.020)]l_bij: 1.3544e+02 l_orth: 1.3556e+02 l_align: 1.0399e+02 l_total: 3.7499e+02 
2026-06-25 11:39:08,776 INFO: [smal_..][epoch:  6, iter:   5,020, lr:(8.682e-04,)][eta: 0:28:18, time (data): 0.104 (0.020)]l_bij: 1.1847e+02 l_orth: 1.1735e+02 l_align: 8.5445e+01 l_total: 3.2127e+02 
2026-06-25 11:39:10,801 INFO: [smal_..][epoch:  6, iter:   5,040, lr:(8.682e-04,)][eta: 0:28:14, time (data): 0.101 (0.019)]l_bij: 1.1787e+02 l_orth: 1.2278e+02 l_align: 9.8948e+01 l_total: 3.3960e+02 
2026-06-25 11:39:13,118 INFO: [smal_..][epoch:  7, iter:   5,060, lr:(8.145e-04,)][eta: 0:28:09, time (data): 0.109 (0.027)]l_bij: 1.1676e+02 l_orth: 1.2106e+02 l_align: 9.9899e+01 l_total: 3.3772e+02 
2026-06-25 11:39:15,313 INFO: [smal_..][epoch:  7, iter:   5,080, lr:(8.145e-04,)][eta: 0:28:05, time (data): 0.109 (0.027)]l_bij: 2.6250e+01 l_orth: 6.3332e+01 l_align: 1.3052e+02 l_total: 2.2010e+02 
2026-06-25 11:39:17,425 INFO: [smal_..][epoch:  7, iter:   5,100, lr:(8.145e-04,)][eta: 0:28:00, time (data): 0.108 (0.026)]l_bij: 9.1720e+01 l_orth: 1.0133e+02 l_align: 9.4661e+01 l_total: 2.8771e+02 
2026-06-25 11:39:19,661 INFO: [smal_..][epoch:  7, iter:   5,120, lr:(8.145e-04,)][eta: 0:27:56, time (data): 0.109 (0.027)]l_bij: 1.5602e+01 l_orth: 4.9739e+01 l_align: 1.2518e+02 l_total: 1.9052e+02 
2026-06-25 11:39:21,813 INFO: [smal_..][epoch:  7, iter:   5,140, lr:(8.145e-04,)][eta: 0:27:52, time (data): 0.109 (0.027)]l_bij: 1.0940e+02 l_orth: 1.1292e+02 l_align: 9.1770e+01 l_total: 3.1409e+02 
2026-06-25 11:39:23,951 INFO: [smal_..][epoch:  7, iter:   5,160, lr:(8.145e-04,)][eta: 0:27:47, time (data): 0.109 (0.026)]l_bij: 1.2650e+02 l_orth: 1.2758e+02 l_align: 1.0105e+02 l_total: 3.5513e+02 
2026-06-25 11:39:26,100 INFO: [smal_..][epoch:  7, iter:   5,180, lr:(8.145e-04,)][eta: 0:27:43, time (data): 0.108 (0.026)]l_bij: 1.0295e+02 l_orth: 1.0837e+02 l_align: 9.2273e+01 l_total: 3.0359e+02 
2026-06-25 11:39:28,253 INFO: [smal_..][epoch:  7, iter:   5,200, lr:(8.145e-04,)][eta: 0:27:38, time (data): 0.108 (0.026)]l_bij: 1.0049e+02 l_orth: 1.0796e+02 l_align: 9.4510e+01 l_total: 3.0296e+02 
2026-06-25 11:39:30,465 INFO: [smal_..][epoch:  7, iter:   5,220, lr:(8.145e-04,)][eta: 0:27:34, time (data): 0.109 (0.026)]l_bij: 1.2548e+02 l_orth: 1.2972e+02 l_align: 9.9165e+01 l_total: 3.5436e+02 
2026-06-25 11:39:32,597 INFO: [smal_..][epoch:  7, iter:   5,240, lr:(8.145e-04,)][eta: 0:27:29, time (data): 0.105 (0.023)]l_bij: 1.2657e+02 l_orth: 1.2485e+02 l_align: 1.0057e+02 l_total: 3.5199e+02 
2026-06-25 11:39:34,980 INFO: [smal_..][epoch:  7, iter:   5,260, lr:(8.145e-04,)][eta: 0:27:26, time (data): 0.113 (0.031)]l_bij: 6.4387e+01 l_orth: 7.9443e+01 l_align: 1.0197e+02 l_total: 2.4580e+02 
2026-06-25 11:39:37,084 INFO: [smal_..][epoch:  7, iter:   5,280, lr:(8.145e-04,)][eta: 0:27:21, time (data): 0.110 (0.028)]l_bij: 1.3169e+02 l_orth: 1.3372e+02 l_align: 1.0051e+02 l_total: 3.6592e+02 
2026-06-25 11:39:39,165 INFO: [smal_..][epoch:  7, iter:   5,300, lr:(8.145e-04,)][eta: 0:27:17, time (data): 0.109 (0.027)]l_bij: 1.0394e+02 l_orth: 1.0922e+02 l_align: 9.4182e+01 l_total: 3.0734e+02 
2026-06-25 11:39:41,316 INFO: [smal_..][epoch:  7, iter:   5,320, lr:(8.145e-04,)][eta: 0:27:12, time (data): 0.108 (0.026)]l_bij: 1.4668e+02 l_orth: 1.4361e+02 l_align: 1.0923e+02 l_total: 3.9952e+02 
2026-06-25 11:39:43,493 INFO: [smal_..][epoch:  7, iter:   5,340, lr:(8.145e-04,)][eta: 0:27:08, time (data): 0.108 (0.026)]l_bij: 5.4775e+01 l_orth: 7.6238e+01 l_align: 1.0301e+02 l_total: 2.3402e+02 
2026-06-25 11:39:45,591 INFO: [smal_..][epoch:  7, iter:   5,360, lr:(8.145e-04,)][eta: 0:27:04, time (data): 0.108 (0.026)]l_bij: 6.7690e+01 l_orth: 8.3884e+01 l_align: 1.0293e+02 l_total: 2.5451e+02 
2026-06-25 11:39:47,771 INFO: [smal_..][epoch:  7, iter:   5,380, lr:(8.145e-04,)][eta: 0:26:59, time (data): 0.108 (0.026)]l_bij: 1.1633e+02 l_orth: 1.1702e+02 l_align: 9.9437e+01 l_total: 3.3278e+02 
2026-06-25 11:39:49,947 INFO: [smal_..][epoch:  7, iter:   5,400, lr:(8.145e-04,)][eta: 0:26:55, time (data): 0.108 (0.026)]l_bij: 6.5743e+01 l_orth: 8.4243e+01 l_align: 1.0458e+02 l_total: 2.5456e+02 
2026-06-25 11:39:52,112 INFO: [smal_..][epoch:  7, iter:   5,420, lr:(8.145e-04,)][eta: 0:26:51, time (data): 0.108 (0.026)]l_bij: 1.2570e+02 l_orth: 1.2587e+02 l_align: 1.0498e+02 l_total: 3.5655e+02 
2026-06-25 11:39:54,273 INFO: [smal_..][epoch:  7, iter:   5,440, lr:(8.145e-04,)][eta: 0:26:47, time (data): 0.108 (0.027)]l_bij: 8.1333e+01 l_orth: 9.2365e+01 l_align: 9.4510e+01 l_total: 2.6821e+02 
2026-06-25 11:39:56,363 INFO: [smal_..][epoch:  7, iter:   5,460, lr:(8.145e-04,)][eta: 0:26:42, time (data): 0.106 (0.024)]l_bij: 1.3340e+02 l_orth: 1.3229e+02 l_align: 1.0271e+02 l_total: 3.6841e+02 
2026-06-25 11:39:58,453 INFO: [smal_..][epoch:  7, iter:   5,480, lr:(8.145e-04,)][eta: 0:26:38, time (data): 0.105 (0.024)]l_bij: 1.2004e+02 l_orth: 1.2012e+02 l_align: 1.0262e+02 l_total: 3.4278e+02 
2026-06-25 11:40:00,613 INFO: [smal_..][epoch:  7, iter:   5,500, lr:(8.145e-04,)][eta: 0:26:34, time (data): 0.106 (0.024)]l_bij: 1.1330e+02 l_orth: 1.1415e+02 l_align: 8.8672e+01 l_total: 3.1613e+02 
2026-06-25 11:40:02,871 INFO: [smal_..][epoch:  7, iter:   5,520, lr:(8.145e-04,)][eta: 0:26:30, time (data): 0.107 (0.025)]l_bij: 9.6598e+01 l_orth: 1.0665e+02 l_align: 9.0455e+01 l_total: 2.9370e+02 
2026-06-25 11:40:05,008 INFO: [smal_..][epoch:  7, iter:   5,540, lr:(8.145e-04,)][eta: 0:26:26, time (data): 0.107 (0.025)]l_bij: 1.1399e+02 l_orth: 1.1792e+02 l_align: 9.6724e+01 l_total: 3.2863e+02 
2026-06-25 11:40:07,165 INFO: [smal_..][epoch:  7, iter:   5,560, lr:(8.145e-04,)][eta: 0:26:22, time (data): 0.107 (0.025)]l_bij: 1.3310e+02 l_orth: 1.3230e+02 l_align: 1.0108e+02 l_total: 3.6649e+02 
2026-06-25 11:40:09,293 INFO: [smal_..][epoch:  7, iter:   5,580, lr:(8.145e-04,)][eta: 0:26:17, time (data): 0.107 (0.025)]l_bij: 1.0073e+02 l_orth: 1.0903e+02 l_align: 9.7390e+01 l_total: 3.0715e+02 
2026-06-25 11:40:11,445 INFO: [smal_..][epoch:  7, iter:   5,600, lr:(8.145e-04,)][eta: 0:26:13, time (data): 0.107 (0.025)]l_bij: 1.2091e+02 l_orth: 1.2433e+02 l_align: 9.4263e+01 l_total: 3.3951e+02 
2026-06-25 11:40:13,587 INFO: [smal_..][epoch:  7, iter:   5,620, lr:(8.145e-04,)][eta: 0:26:09, time (data): 0.107 (0.025)]l_bij: 1.2120e+02 l_orth: 1.2260e+02 l_align: 9.6598e+01 l_total: 3.4040e+02 
2026-06-25 11:40:15,644 INFO: [smal_..][epoch:  7, iter:   5,640, lr:(8.145e-04,)][eta: 0:26:05, time (data): 0.103 (0.021)]l_bij: 1.1939e+02 l_orth: 1.1965e+02 l_align: 9.3993e+01 l_total: 3.3303e+02 
2026-06-25 11:40:17,756 INFO: [smal_..][epoch:  7, iter:   5,660, lr:(8.145e-04,)][eta: 0:26:01, time (data): 0.105 (0.022)]l_bij: 1.2375e+02 l_orth: 1.2857e+02 l_align: 1.0241e+02 l_total: 3.5472e+02 
2026-06-25 11:40:19,952 INFO: [smal_..][epoch:  7, iter:   5,680, lr:(8.145e-04,)][eta: 0:25:57, time (data): 0.107 (0.024)]l_bij: 1.1409e+02 l_orth: 1.1749e+02 l_align: 9.6133e+01 l_total: 3.2770e+02 
2026-06-25 11:40:22,113 INFO: [smal_..][epoch:  7, iter:   5,700, lr:(8.145e-04,)][eta: 0:25:53, time (data): 0.107 (0.024)]l_bij: 1.0526e+02 l_orth: 1.0929e+02 l_align: 9.1700e+01 l_total: 3.0625e+02 
2026-06-25 11:40:24,312 INFO: [smal_..][epoch:  7, iter:   5,720, lr:(8.145e-04,)][eta: 0:25:49, time (data): 0.108 (0.024)]l_bij: 9.0913e+01 l_orth: 1.0047e+02 l_align: 9.7454e+01 l_total: 2.8884e+02 
2026-06-25 11:40:26,489 INFO: [smal_..][epoch:  7, iter:   5,740, lr:(8.145e-04,)][eta: 0:25:45, time (data): 0.108 (0.024)]l_bij: 8.2787e+01 l_orth: 9.4745e+01 l_align: 1.0141e+02 l_total: 2.7894e+02 
2026-06-25 11:40:28,677 INFO: [smal_..][epoch:  7, iter:   5,760, lr:(8.145e-04,)][eta: 0:25:41, time (data): 0.108 (0.024)]l_bij: 8.1035e+01 l_orth: 9.3800e+01 l_align: 9.1142e+01 l_total: 2.6598e+02 
2026-06-25 11:40:30,871 INFO: [smal_..][epoch:  7, iter:   5,780, lr:(8.145e-04,)][eta: 0:25:37, time (data): 0.108 (0.024)]l_bij: 1.3043e+02 l_orth: 1.2919e+02 l_align: 1.0378e+02 l_total: 3.6340e+02 
2026-06-25 11:40:33,085 INFO: [smal_..][epoch:  7, iter:   5,800, lr:(8.145e-04,)][eta: 0:25:33, time (data): 0.108 (0.024)]l_bij: 1.1534e+02 l_orth: 1.1686e+02 l_align: 1.0017e+02 l_total: 3.3236e+02 
2026-06-25 11:40:35,382 INFO: [smal_..][epoch:  7, iter:   5,820, lr:(8.145e-04,)][eta: 0:25:29, time (data): 0.109 (0.024)]l_bij: 8.7320e+01 l_orth: 9.9029e+01 l_align: 9.7626e+01 l_total: 2.8398e+02 
2026-06-25 11:40:37,836 INFO: [smal_..][epoch:  7, iter:   5,840, lr:(8.145e-04,)][eta: 0:25:26, time (data): 0.123 (0.029)]l_bij: 1.0813e+02 l_orth: 1.1173e+02 l_align: 9.3209e+01 l_total: 3.1308e+02 
2026-06-25 11:40:40,155 INFO: [smal_..][epoch:  7, iter:   5,860, lr:(8.145e-04,)][eta: 0:25:22, time (data): 0.118 (0.027)]l_bij: 8.5191e+01 l_orth: 9.8092e+01 l_align: 9.4795e+01 l_total: 2.7808e+02 
2026-06-25 11:40:42,688 INFO: [smal_..][epoch:  7, iter:   5,880, lr:(8.145e-04,)][eta: 0:25:19, time (data): 0.122 (0.026)]l_bij: 1.1495e+02 l_orth: 1.1514e+02 l_align: 9.1218e+01 l_total: 3.2130e+02 
2026-06-25 11:40:45,682 INFO: [smal_..][epoch:  8, iter:   5,900, lr:(7.543e-04,)][eta: 0:25:17, time (data): 0.129 (0.032)]l_bij: 1.1862e+02 l_orth: 1.2094e+02 l_align: 9.5541e+01 l_total: 3.3510e+02 
2026-06-25 11:40:48,178 INFO: [smal_..][epoch:  8, iter:   5,920, lr:(7.543e-04,)][eta: 0:25:13, time (data): 0.128 (0.030)]l_bij: 9.8544e+01 l_orth: 1.0357e+02 l_align: 8.6500e+01 l_total: 2.8861e+02 
2026-06-25 11:40:51,717 INFO: [smal_..][epoch:  8, iter:   5,940, lr:(7.543e-04,)][eta: 0:25:12, time (data): 0.137 (0.035)]l_bij: 8.5159e+01 l_orth: 9.4549e+01 l_align: 8.8420e+01 l_total: 2.6813e+02 
2026-06-25 11:40:55,116 INFO: [smal_..][epoch:  8, iter:   5,960, lr:(7.543e-04,)][eta: 0:25:10, time (data): 0.142 (0.037)]l_bij: 1.5049e+02 l_orth: 1.4942e+02 l_align: 1.0928e+02 l_total: 4.0919e+02 
2026-06-25 11:40:58,384 INFO: [smal_..][epoch:  8, iter:   5,980, lr:(7.543e-04,)][eta: 0:25:08, time (data): 0.145 (0.039)]l_bij: 1.4862e+02 l_orth: 1.4496e+02 l_align: 1.0964e+02 l_total: 4.0322e+02 
2026-06-25 11:41:00,707 INFO: [smal_..][epoch:  8, iter:   6,000, lr:(7.543e-04,)][eta: 0:25:05, time (data): 0.142 (0.037)]l_bij: 1.1582e+02 l_orth: 1.1776e+02 l_align: 9.1181e+01 l_total: 3.2476e+02 
2026-06-25 11:41:00,708 INFO: Saving models and training states.
2026-06-25 11:41:00,731 INFO: Start validation.
2026-06-25 11:41:01,553 INFO: avg err:0.0000 | err:0.0000 | cougar_01 cougar_01
2026-06-25 11:41:01,709 INFO: avg err:0.0078 | err:0.0157 | cougar_01 cougar_02
2026-06-25 11:41:02,129 INFO: avg err:0.0335 | err:0.0849 | cougar_01 cougar_03
2026-06-25 11:41:02,284 INFO: avg err:0.0298 | err:0.0186 | cougar_01 cougar_04
2026-06-25 11:41:02,683 INFO: avg err:0.0586 | err:0.1737 | cougar_01 hippo_01
2026-06-25 11:41:02,839 INFO: avg err:0.0703 | err:0.1287 | cougar_01 hippo_02
2026-06-25 11:41:03,150 INFO: avg err:0.0806 | err:0.1428 | cougar_01 hippo_03
2026-06-25 11:41:03,356 INFO: avg err:0.0913 | err:0.1662 | cougar_01 hippo_04
2026-06-25 11:41:03,808 INFO: avg err:0.0928 | err:0.1043 | cougar_01 hippo_05
2026-06-25 11:41:04,020 INFO: avg err:0.1047 | err:0.2118 | cougar_01 hippo_06
2026-06-25 11:41:04,284 INFO: avg err:0.0983 | err:0.0348 | cougar_01 horse_01
2026-06-25 11:41:04,446 INFO: avg err:0.0928 | err:0.0319 | cougar_01 horse_02
2026-06-25 11:41:04,823 INFO: avg err:0.0880 | err:0.0309 | cougar_01 horse_03
2026-06-25 11:41:04,984 INFO: avg err:0.0843 | err:0.0363 | cougar_01 horse_04
2026-06-25 11:41:05,329 INFO: avg err:0.0935 | err:0.2222 | cougar_01 horse_05
2026-06-25 11:41:05,493 INFO: avg err:0.0899 | err:0.0360 | cougar_01 horse_06
2026-06-25 11:41:05,832 INFO: avg err:0.0868 | err:0.0362 | cougar_01 horse_07
2026-06-25 11:41:06,001 INFO: avg err:0.0838 | err:0.0339 | cougar_01 horse_08
2026-06-25 11:41:06,415 INFO: avg err:0.0815 | err:0.0387 | cougar_01 horse_09
2026-06-25 11:41:06,644 INFO: avg err:0.0802 | err:0.0563 | cougar_01 horse_10
2026-06-25 11:41:06,938 INFO: avg err:0.0771 | err:0.0160 | cougar_02 cougar_01
2026-06-25 11:41:07,100 INFO: avg err:0.0736 | err:0.0000 | cougar_02 cougar_02
2026-06-25 11:41:07,425 INFO: avg err:0.0754 | err:0.1135 | cougar_02 cougar_03
2026-06-25 11:41:07,590 INFO: avg err:0.0732 | err:0.0233 | cougar_02 cougar_04
2026-06-25 11:41:07,945 INFO: avg err:0.0783 | err:0.2001 | cougar_02 hippo_01
2026-06-25 11:41:08,112 INFO: avg err:0.0806 | err:0.1386 | cougar_02 hippo_02
2026-06-25 11:41:08,457 INFO: avg err:0.0834 | err:0.1563 | cougar_02 hippo_03
2026-06-25 11:41:08,627 INFO: avg err:0.0876 | err:0.2019 | cougar_02 hippo_04
2026-06-25 11:41:08,970 INFO: avg err:0.0890 | err:0.1277 | cougar_02 hippo_05
2026-06-25 11:41:09,170 INFO: avg err:0.0927 | err:0.2001 | cougar_02 hippo_06
2026-06-25 11:41:09,499 INFO: avg err:0.0909 | err:0.0370 | cougar_02 horse_01
2026-06-25 11:41:09,667 INFO: avg err:0.0892 | err:0.0364 | cougar_02 horse_02
2026-06-25 11:41:10,012 INFO: avg err:0.0877 | err:0.0387 | cougar_02 horse_03
2026-06-25 11:41:10,175 INFO: avg err:0.0861 | err:0.0328 | cougar_02 horse_04
2026-06-25 11:41:10,515 INFO: avg err:0.0910 | err:0.2589 | cougar_02 horse_05
2026-06-25 11:41:10,681 INFO: avg err:0.0896 | err:0.0396 | cougar_02 horse_06
2026-06-25 11:41:11,035 INFO: avg err:0.0881 | err:0.0358 | cougar_02 horse_07
2026-06-25 11:41:11,235 INFO: avg err:0.0867 | err:0.0329 | cougar_02 horse_08
2026-06-25 11:41:11,574 INFO: avg err:0.0858 | err:0.0515 | cougar_02 horse_09
2026-06-25 11:41:11,752 INFO: avg err:0.0851 | err:0.0602 | cougar_02 horse_10
2026-06-25 11:41:12,111 INFO: avg err:0.0837 | err:0.0245 | cougar_03 cougar_01
2026-06-25 11:41:12,273 INFO: avg err:0.0822 | err:0.0243 | cougar_03 cougar_02
2026-06-25 11:41:12,661 INFO: avg err:0.0803 | err:0.0000 | cougar_03 cougar_03
2026-06-25 11:41:12,825 INFO: avg err:0.0792 | err:0.0313 | cougar_03 cougar_04
2026-06-25 11:41:13,106 INFO: avg err:0.0831 | err:0.2525 | cougar_03 hippo_01
2026-06-25 11:41:13,298 INFO: avg err:0.0845 | err:0.1470 | cougar_03 hippo_02
2026-06-25 11:41:13,617 INFO: avg err:0.0878 | err:0.2423 | cougar_03 hippo_03
2026-06-25 11:41:13,859 INFO: avg err:0.0905 | err:0.2173 | cougar_03 hippo_04
2026-06-25 11:41:14,173 INFO: avg err:0.0912 | err:0.1226 | cougar_03 hippo_05
2026-06-25 11:41:14,418 INFO: avg err:0.0939 | err:0.2267 | cougar_03 hippo_06
2026-06-25 11:41:14,650 INFO: avg err:0.0928 | err:0.0395 | cougar_03 horse_01
2026-06-25 11:41:14,960 INFO: avg err:0.0917 | err:0.0336 | cougar_03 horse_02
2026-06-25 11:41:15,296 INFO: avg err:0.0906 | err:0.0351 | cougar_03 horse_03
2026-06-25 11:41:15,468 INFO: avg err:0.0895 | err:0.0313 | cougar_03 horse_04
2026-06-25 11:41:15,846 INFO: avg err:0.0930 | err:0.2794 | cougar_03 horse_05
2026-06-25 11:41:16,068 INFO: avg err:0.0919 | err:0.0361 | cougar_03 horse_06
2026-06-25 11:41:16,360 INFO: avg err:0.0910 | err:0.0378 | cougar_03 horse_07
2026-06-25 11:41:16,525 INFO: avg err:0.0900 | err:0.0329 | cougar_03 horse_08
2026-06-25 11:41:16,849 INFO: avg err:0.0890 | err:0.0340 | cougar_03 horse_09
2026-06-25 11:41:17,015 INFO: avg err:0.0884 | err:0.0525 | cougar_03 horse_10
2026-06-25 11:41:17,369 INFO: avg err:0.0873 | err:0.0189 | cougar_04 cougar_01
2026-06-25 11:41:17,534 INFO: avg err:0.0863 | err:0.0236 | cougar_04 cougar_02
2026-06-25 11:41:17,879 INFO: avg err:0.0863 | err:0.0873 | cougar_04 cougar_03
2026-06-25 11:41:18,048 INFO: avg err:0.0849 | err:0.0000 | cougar_04 cougar_04
2026-06-25 11:41:18,379 INFO: avg err:0.0862 | err:0.1692 | cougar_04 hippo_01
2026-06-25 11:41:18,550 INFO: avg err:0.0863 | err:0.0894 | cougar_04 hippo_02
2026-06-25 11:41:18,898 INFO: avg err:0.0872 | err:0.1511 | cougar_04 hippo_03
2026-06-25 11:41:19,059 INFO: avg err:0.0883 | err:0.1595 | cougar_04 hippo_04
2026-06-25 11:41:19,433 INFO: avg err:0.0886 | err:0.1064 | cougar_04 hippo_05
2026-06-25 11:41:19,595 INFO: avg err:0.0905 | err:0.2266 | cougar_04 hippo_06
2026-06-25 11:41:19,953 INFO: avg err:0.0897 | err:0.0319 | cougar_04 horse_01
2026-06-25 11:41:20,114 INFO: avg err:0.0890 | err:0.0352 | cougar_04 horse_02
2026-06-25 11:41:20,506 INFO: avg err:0.0882 | err:0.0306 | cougar_04 horse_03
2026-06-25 11:41:20,701 INFO: avg err:0.0875 | err:0.0395 | cougar_04 horse_04
2026-06-25 11:41:21,091 INFO: avg err:0.0893 | err:0.2219 | cougar_04 horse_05
2026-06-25 11:41:21,249 INFO: avg err:0.0889 | err:0.0586 | cougar_04 horse_06
2026-06-25 11:41:21,682 INFO: avg err:0.0881 | err:0.0320 | cougar_04 horse_07
2026-06-25 11:41:21,836 INFO: avg err:0.0875 | err:0.0355 | cougar_04 horse_08
2026-06-25 11:41:22,195 INFO: avg err:0.0869 | err:0.0417 | cougar_04 horse_09
2026-06-25 11:41:22,351 INFO: avg err:0.0864 | err:0.0460 | cougar_04 horse_10
2026-06-25 11:41:22,768 INFO: avg err:0.0861 | err:0.0649 | hippo_01 cougar_01
2026-06-25 11:41:22,922 INFO: avg err:0.0859 | err:0.0715 | hippo_01 cougar_02
2026-06-25 11:41:23,239 INFO: avg err:0.0867 | err:0.1474 | hippo_01 cougar_03
2026-06-25 11:41:23,395 INFO: avg err:0.0864 | err:0.0653 | hippo_01 cougar_04
2026-06-25 11:41:23,753 INFO: avg err:0.0854 | err:0.0000 | hippo_01 hippo_01
2026-06-25 11:41:23,906 INFO: avg err:0.0848 | err:0.0336 | hippo_01 hippo_02
2026-06-25 11:41:24,271 INFO: avg err:0.0844 | err:0.0456 | hippo_01 hippo_03
2026-06-25 11:41:24,424 INFO: avg err:0.0836 | err:0.0190 | hippo_01 hippo_04
2026-06-25 11:41:24,795 INFO: avg err:0.0834 | err:0.0636 | hippo_01 hippo_05
2026-06-25 11:41:24,947 INFO: avg err:0.0827 | err:0.0178 | hippo_01 hippo_06
2026-06-25 11:41:25,303 INFO: avg err:0.0825 | err:0.0644 | hippo_01 horse_01
2026-06-25 11:41:25,460 INFO: avg err:0.0823 | err:0.0645 | hippo_01 horse_02
2026-06-25 11:41:25,822 INFO: avg err:0.0820 | err:0.0608 | hippo_01 horse_03
2026-06-25 11:41:25,976 INFO: avg err:0.0819 | err:0.0681 | hippo_01 horse_04
2026-06-25 11:41:26,387 INFO: avg err:0.0829 | err:0.1803 | hippo_01 horse_05
2026-06-25 11:41:26,544 INFO: avg err:0.0829 | err:0.0775 | hippo_01 horse_06
2026-06-25 11:41:26,913 INFO: avg err:0.0828 | err:0.0723 | hippo_01 horse_07
2026-06-25 11:41:27,066 INFO: avg err:0.0826 | err:0.0700 | hippo_01 horse_08
2026-06-25 11:41:27,435 INFO: avg err:0.0824 | err:0.0601 | hippo_01 horse_09
2026-06-25 11:41:27,626 INFO: avg err:0.0822 | err:0.0598 | hippo_01 horse_10
2026-06-25 11:41:27,919 INFO: avg err:0.0822 | err:0.0851 | hippo_02 cougar_01
2026-06-25 11:41:28,109 INFO: avg err:0.0823 | err:0.0894 | hippo_02 cougar_02
2026-06-25 11:41:28,416 INFO: avg err:0.0826 | err:0.1172 | hippo_02 cougar_03
2026-06-25 11:41:28,573 INFO: avg err:0.0826 | err:0.0817 | hippo_02 cougar_04
2026-06-25 11:41:28,925 INFO: avg err:0.0821 | err:0.0338 | hippo_02 hippo_01
2026-06-25 11:41:29,077 INFO: avg err:0.0814 | err:0.0000 | hippo_02 hippo_02
2026-06-25 11:41:29,441 INFO: avg err:0.0814 | err:0.0834 | hippo_02 hippo_03
2026-06-25 11:41:29,593 INFO: avg err:0.0810 | err:0.0433 | hippo_02 hippo_04
2026-06-25 11:41:29,973 INFO: avg err:0.0806 | err:0.0382 | hippo_02 hippo_05
2026-06-25 11:41:30,128 INFO: avg err:0.0803 | err:0.0484 | hippo_02 hippo_06
2026-06-25 11:41:30,461 INFO: avg err:0.0803 | err:0.0788 | hippo_02 horse_01
2026-06-25 11:41:30,617 INFO: avg err:0.0803 | err:0.0812 | hippo_02 horse_02
2026-06-25 11:41:30,976 INFO: avg err:0.0803 | err:0.0763 | hippo_02 horse_03
2026-06-25 11:41:31,133 INFO: avg err:0.0803 | err:0.0838 | hippo_02 horse_04
2026-06-25 11:41:31,555 INFO: avg err:0.0815 | err:0.2182 | hippo_02 horse_05
2026-06-25 11:41:31,769 INFO: avg err:0.0818 | err:0.1090 | hippo_02 horse_06
2026-06-25 11:41:32,095 INFO: avg err:0.0818 | err:0.0861 | hippo_02 horse_07
2026-06-25 11:41:32,248 INFO: avg err:0.0819 | err:0.0927 | hippo_02 horse_08
2026-06-25 11:41:32,590 INFO: avg err:0.0819 | err:0.0800 | hippo_02 horse_09
2026-06-25 11:41:32,793 INFO: avg err:0.0819 | err:0.0857 | hippo_02 horse_10
2026-06-25 11:41:33,101 INFO: avg err:0.0819 | err:0.0746 | hippo_03 cougar_01
2026-06-25 11:41:33,253 INFO: avg err:0.0818 | err:0.0813 | hippo_03 cougar_02
2026-06-25 11:41:33,614 INFO: avg err:0.0823 | err:0.1416 | hippo_03 cougar_03
2026-06-25 11:41:33,768 INFO: avg err:0.0823 | err:0.0839 | hippo_03 cougar_04
2026-06-25 11:41:34,124 INFO: avg err:0.0820 | err:0.0425 | hippo_03 hippo_01
2026-06-25 11:41:34,278 INFO: avg err:0.0820 | err:0.0755 | hippo_03 hippo_02
2026-06-25 11:41:34,642 INFO: avg err:0.0813 | err:0.0000 | hippo_03 hippo_03
2026-06-25 11:41:34,796 INFO: avg err:0.0809 | err:0.0225 | hippo_03 hippo_04
2026-06-25 11:41:35,155 INFO: avg err:0.0809 | err:0.0799 | hippo_03 hippo_05
2026-06-25 11:41:35,309 INFO: avg err:0.0806 | err:0.0427 | hippo_03 hippo_06
2026-06-25 11:41:35,669 INFO: avg err:0.0806 | err:0.0839 | hippo_03 horse_01
2026-06-25 11:41:35,823 INFO: avg err:0.0807 | err:0.0905 | hippo_03 horse_02
2026-06-25 11:41:36,234 INFO: avg err:0.0807 | err:0.0841 | hippo_03 horse_03
2026-06-25 11:41:36,394 INFO: avg err:0.0808 | err:0.0916 | hippo_03 horse_04
2026-06-25 11:41:36,770 INFO: avg err:0.0817 | err:0.2047 | hippo_03 horse_05
2026-06-25 11:41:36,933 INFO: avg err:0.0818 | err:0.1011 | hippo_03 horse_06
2026-06-25 11:41:37,296 INFO: avg err:0.0819 | err:0.0875 | hippo_03 horse_07
2026-06-25 11:41:37,457 INFO: avg err:0.0820 | err:0.0921 | hippo_03 horse_08
2026-06-25 11:41:37,957 INFO: avg err:0.0820 | err:0.0882 | hippo_03 horse_09
2026-06-25 11:41:38,118 INFO: avg err:0.0821 | err:0.0894 | hippo_03 horse_10
2026-06-25 11:41:38,583 INFO: avg err:0.0819 | err:0.0657 | hippo_04 cougar_01
2026-06-25 11:41:38,743 INFO: avg err:0.0818 | err:0.0688 | hippo_04 cougar_02
2026-06-25 11:41:39,112 INFO: avg err:0.0823 | err:0.1467 | hippo_04 cougar_03
2026-06-25 11:41:39,318 INFO: avg err:0.0822 | err:0.0722 | hippo_04 cougar_04
2026-06-25 11:41:39,629 INFO: avg err:0.0818 | err:0.0196 | hippo_04 hippo_01
2026-06-25 11:41:39,783 INFO: avg err:0.0815 | err:0.0433 | hippo_04 hippo_02
2026-06-25 11:41:40,178 INFO: avg err:0.0813 | err:0.0433 | hippo_04 hippo_03
2026-06-25 11:41:40,395 INFO: avg err:0.0807 | err:0.0000 | hippo_04 hippo_04
2026-06-25 11:41:40,824 INFO: avg err:0.0806 | err:0.0573 | hippo_04 hippo_05
2026-06-25 11:41:41,049 INFO: avg err:0.0803 | err:0.0339 | hippo_04 hippo_06
2026-06-25 11:41:41,311 INFO: avg err:0.0801 | err:0.0634 | hippo_04 horse_01
2026-06-25 11:41:41,475 INFO: avg err:0.0801 | err:0.0753 | hippo_04 horse_02
2026-06-25 11:41:41,988 INFO: avg err:0.0800 | err:0.0616 | hippo_04 horse_03
2026-06-25 11:41:42,200 INFO: avg err:0.0799 | err:0.0622 | hippo_04 horse_04
2026-06-25 11:41:42,529 INFO: avg err:0.0806 | err:0.1978 | hippo_04 horse_05
2026-06-25 11:41:42,759 INFO: avg err:0.0808 | err:0.1048 | hippo_04 horse_06
2026-06-25 11:41:42,999 INFO: avg err:0.0807 | err:0.0728 | hippo_04 horse_07
2026-06-25 11:41:43,155 INFO: avg err:0.0807 | err:0.0785 | hippo_04 horse_08
2026-06-25 11:41:43,586 INFO: avg err:0.0807 | err:0.0828 | hippo_04 horse_09
2026-06-25 11:41:43,807 INFO: avg err:0.0808 | err:0.0878 | hippo_04 horse_10
2026-06-25 11:41:44,106 INFO: avg err:0.0809 | err:0.0943 | hippo_05 cougar_01
2026-06-25 11:41:44,258 INFO: avg err:0.0810 | err:0.1008 | hippo_05 cougar_02
2026-06-25 11:41:44,605 INFO: avg err:0.0815 | err:0.1649 | hippo_05 cougar_03
2026-06-25 11:41:44,758 INFO: avg err:0.0816 | err:0.0903 | hippo_05 cougar_04
2026-06-25 11:41:45,152 INFO: avg err:0.0813 | err:0.0468 | hippo_05 hippo_01
2026-06-25 11:41:45,306 INFO: avg err:0.0810 | err:0.0304 | hippo_05 hippo_02
2026-06-25 11:41:45,689 INFO: avg err:0.0810 | err:0.0819 | hippo_05 hippo_03
2026-06-25 11:41:45,844 INFO: avg err:0.0808 | err:0.0465 | hippo_05 hippo_04
2026-06-25 11:41:46,205 INFO: avg err:0.0804 | err:0.0000 | hippo_05 hippo_05
2026-06-25 11:41:46,361 INFO: avg err:0.0803 | err:0.0709 | hippo_05 hippo_06
2026-06-25 11:41:46,730 INFO: avg err:0.0803 | err:0.0841 | hippo_05 horse_01
2026-06-25 11:41:46,887 INFO: avg err:0.0804 | err:0.0940 | hippo_05 horse_02
2026-06-25 11:41:47,246 INFO: avg err:0.0804 | err:0.0823 | hippo_05 horse_03
2026-06-25 11:41:47,400 INFO: avg err:0.0804 | err:0.0857 | hippo_05 horse_04
2026-06-25 11:41:47,795 INFO: avg err:0.0809 | err:0.1534 | hippo_05 horse_05
2026-06-25 11:41:47,952 INFO: avg err:0.0811 | err:0.1185 | hippo_05 horse_06
2026-06-25 11:41:48,352 INFO: avg err:0.0812 | err:0.0949 | hippo_05 horse_07
2026-06-25 11:41:48,514 INFO: avg err:0.0812 | err:0.0900 | hippo_05 horse_08
2026-06-25 11:41:48,888 INFO: avg err:0.0812 | err:0.0844 | hippo_05 horse_09
2026-06-25 11:41:49,041 INFO: avg err:0.0813 | err:0.0987 | hippo_05 horse_10
2026-06-25 11:41:49,436 INFO: avg err:0.0813 | err:0.0843 | hippo_06 cougar_01
2026-06-25 11:41:49,597 INFO: avg err:0.0813 | err:0.0724 | hippo_06 cougar_02
2026-06-25 11:41:49,954 INFO: avg err:0.0817 | err:0.1500 | hippo_06 cougar_03
2026-06-25 11:41:50,110 INFO: avg err:0.0817 | err:0.0884 | hippo_06 cougar_04
2026-06-25 11:41:50,497 INFO: avg err:0.0813 | err:0.0155 | hippo_06 hippo_01
2026-06-25 11:41:50,652 INFO: avg err:0.0811 | err:0.0447 | hippo_06 hippo_02
2026-06-25 11:41:50,991 INFO: avg err:0.0810 | err:0.0571 | hippo_06 hippo_03
2026-06-25 11:41:51,145 INFO: avg err:0.0807 | err:0.0282 | hippo_06 hippo_04
2026-06-25 11:41:51,686 INFO: avg err:0.0807 | err:0.0668 | hippo_06 hippo_05
2026-06-25 11:41:51,841 INFO: avg err:0.0802 | err:0.0000 | hippo_06 hippo_06
2026-06-25 11:41:52,436 INFO: avg err:0.0803 | err:0.0929 | hippo_06 horse_01
2026-06-25 11:41:52,604 INFO: avg err:0.0804 | err:0.0929 | hippo_06 horse_02
2026-06-25 11:41:53,040 INFO: avg err:0.0804 | err:0.0857 | hippo_06 horse_03
2026-06-25 11:41:53,254 INFO: avg err:0.0805 | err:0.0915 | hippo_06 horse_04
2026-06-25 11:41:53,672 INFO: avg err:0.0809 | err:0.1601 | hippo_06 horse_05
2026-06-25 11:41:53,884 INFO: avg err:0.0810 | err:0.1025 | hippo_06 horse_06
2026-06-25 11:41:54,229 INFO: avg err:0.0810 | err:0.0941 | hippo_06 horse_07
2026-06-25 11:41:54,386 INFO: avg err:0.0811 | err:0.0932 | hippo_06 horse_08
2026-06-25 11:41:54,810 INFO: avg err:0.0812 | err:0.0931 | hippo_06 horse_09
2026-06-25 11:41:55,024 INFO: avg err:0.0812 | err:0.0887 | hippo_06 horse_10
2026-06-25 11:41:55,305 INFO: avg err:0.0810 | err:0.0414 | horse_01 cougar_01
2026-06-25 11:41:55,517 INFO: avg err:0.0808 | err:0.0496 | horse_01 cougar_02
2026-06-25 11:41:55,798 INFO: avg err:0.0810 | err:0.1064 | horse_01 cougar_03
2026-06-25 11:41:55,972 INFO: avg err:0.0808 | err:0.0411 | horse_01 cougar_04
2026-06-25 11:41:56,473 INFO: avg err:0.0808 | err:0.0890 | horse_01 hippo_01
2026-06-25 11:41:56,629 INFO: avg err:0.0808 | err:0.0757 | horse_01 hippo_02
2026-06-25 11:41:57,181 INFO: avg err:0.0809 | err:0.1066 | horse_01 hippo_03
2026-06-25 11:41:57,389 INFO: avg err:0.0810 | err:0.0953 | horse_01 hippo_04
2026-06-25 11:41:57,839 INFO: avg err:0.0811 | err:0.0957 | horse_01 hippo_05
2026-06-25 11:41:58,003 INFO: avg err:0.0815 | err:0.1713 | horse_01 hippo_06
2026-06-25 11:41:58,364 INFO: avg err:0.0811 | err:0.0000 | horse_01 horse_01
2026-06-25 11:41:58,524 INFO: avg err:0.0808 | err:0.0182 | horse_01 horse_02
2026-06-25 11:41:58,888 INFO: avg err:0.0805 | err:0.0180 | horse_01 horse_03
2026-06-25 11:41:59,043 INFO: avg err:0.0802 | err:0.0222 | horse_01 horse_04
2026-06-25 11:41:59,397 INFO: avg err:0.0810 | err:0.2382 | horse_01 horse_05
2026-06-25 11:41:59,561 INFO: avg err:0.0808 | err:0.0362 | horse_01 horse_06
2026-06-25 11:41:59,976 INFO: avg err:0.0805 | err:0.0222 | horse_01 horse_07
2026-06-25 11:42:00,153 INFO: avg err:0.0802 | err:0.0194 | horse_01 horse_08
2026-06-25 11:42:00,429 INFO: avg err:0.0799 | err:0.0199 | horse_01 horse_09
2026-06-25 11:42:00,593 INFO: avg err:0.0798 | err:0.0402 | horse_01 horse_10
2026-06-25 11:42:00,982 INFO: avg err:0.0796 | err:0.0366 | horse_02 cougar_01
2026-06-25 11:42:01,145 INFO: avg err:0.0794 | err:0.0453 | horse_02 cougar_02
2026-06-25 11:42:01,487 INFO: avg err:0.0793 | err:0.0600 | horse_02 cougar_03
2026-06-25 11:42:01,645 INFO: avg err:0.0791 | err:0.0372 | horse_02 cougar_04
2026-06-25 11:42:01,970 INFO: avg err:0.0791 | err:0.0660 | horse_02 hippo_01
2026-06-25 11:42:02,123 INFO: avg err:0.0790 | err:0.0725 | horse_02 hippo_02
2026-06-25 11:42:02,484 INFO: avg err:0.0792 | err:0.1241 | horse_02 hippo_03
2026-06-25 11:42:02,640 INFO: avg err:0.0793 | err:0.0907 | horse_02 hippo_04
2026-06-25 11:42:03,006 INFO: avg err:0.0794 | err:0.0985 | horse_02 hippo_05
2026-06-25 11:42:03,162 INFO: avg err:0.0797 | err:0.1604 | horse_02 hippo_06
2026-06-25 11:42:03,539 INFO: avg err:0.0795 | err:0.0185 | horse_02 horse_01
2026-06-25 11:42:03,696 INFO: avg err:0.0791 | err:0.0000 | horse_02 horse_02
2026-06-25 11:42:04,046 INFO: avg err:0.0788 | err:0.0120 | horse_02 horse_03
2026-06-25 11:42:04,204 INFO: avg err:0.0786 | err:0.0197 | horse_02 horse_04
2026-06-25 11:42:04,565 INFO: avg err:0.0791 | err:0.2044 | horse_02 horse_05
2026-06-25 11:42:04,721 INFO: avg err:0.0789 | err:0.0208 | horse_02 horse_06
2026-06-25 11:42:05,072 INFO: avg err:0.0786 | err:0.0213 | horse_02 horse_07
2026-06-25 11:42:05,224 INFO: avg err:0.0784 | err:0.0166 | horse_02 horse_08
2026-06-25 11:42:05,577 INFO: avg err:0.0781 | err:0.0174 | horse_02 horse_09
2026-06-25 11:42:05,730 INFO: avg err:0.0779 | err:0.0206 | horse_02 horse_10
2026-06-25 11:42:06,183 INFO: avg err:0.0777 | err:0.0409 | horse_03 cougar_01
2026-06-25 11:42:06,363 INFO: avg err:0.0776 | err:0.0485 | horse_03 cougar_02
2026-06-25 11:42:06,655 INFO: avg err:0.0776 | err:0.0664 | horse_03 cougar_03
2026-06-25 11:42:06,832 INFO: avg err:0.0774 | err:0.0373 | horse_03 cougar_04
2026-06-25 11:42:07,150 INFO: avg err:0.0773 | err:0.0654 | horse_03 hippo_01
2026-06-25 11:42:07,304 INFO: avg err:0.0773 | err:0.0784 | horse_03 hippo_02
2026-06-25 11:42:07,712 INFO: avg err:0.0775 | err:0.1079 | horse_03 hippo_03
2026-06-25 11:42:07,871 INFO: avg err:0.0775 | err:0.0808 | horse_03 hippo_04
2026-06-25 11:42:08,191 INFO: avg err:0.0776 | err:0.0974 | horse_03 hippo_05
2026-06-25 11:42:08,352 INFO: avg err:0.0779 | err:0.1569 | horse_03 hippo_06
2026-06-25 11:42:08,738 INFO: avg err:0.0776 | err:0.0154 | horse_03 horse_01
2026-06-25 11:42:08,893 INFO: avg err:0.0774 | err:0.0136 | horse_03 horse_02
2026-06-25 11:42:09,280 INFO: avg err:0.0771 | err:0.0000 | horse_03 horse_03
2026-06-25 11:42:09,477 INFO: avg err:0.0769 | err:0.0252 | horse_03 horse_04
2026-06-25 11:42:09,851 INFO: avg err:0.0772 | err:0.1750 | horse_03 horse_05
2026-06-25 11:42:10,016 INFO: avg err:0.0770 | err:0.0180 | horse_03 horse_06
2026-06-25 11:42:10,549 INFO: avg err:0.0768 | err:0.0202 | horse_03 horse_07
2026-06-25 11:42:10,709 INFO: avg err:0.0766 | err:0.0194 | horse_03 horse_08
2026-06-25 11:42:11,069 INFO: avg err:0.0764 | err:0.0210 | horse_03 horse_09
2026-06-25 11:42:11,232 INFO: avg err:0.0761 | err:0.0211 | horse_03 horse_10
2026-06-25 11:42:11,663 INFO: avg err:0.0760 | err:0.0417 | horse_04 cougar_01
2026-06-25 11:42:11,816 INFO: avg err:0.0759 | err:0.0474 | horse_04 cougar_02
2026-06-25 11:42:12,223 INFO: avg err:0.0759 | err:0.0672 | horse_04 cougar_03
2026-06-25 11:42:12,377 INFO: avg err:0.0757 | err:0.0404 | horse_04 cougar_04
2026-06-25 11:42:12,689 INFO: avg err:0.0757 | err:0.0754 | horse_04 hippo_01
2026-06-25 11:42:12,840 INFO: avg err:0.0758 | err:0.0811 | horse_04 hippo_02
2026-06-25 11:42:13,203 INFO: avg err:0.0759 | err:0.1237 | horse_04 hippo_03
2026-06-25 11:42:13,367 INFO: avg err:0.0760 | err:0.0898 | horse_04 hippo_04
2026-06-25 11:42:13,755 INFO: avg err:0.0761 | err:0.0965 | horse_04 hippo_05
2026-06-25 11:42:13,931 INFO: avg err:0.0764 | err:0.1541 | horse_04 hippo_06
2026-06-25 11:42:14,212 INFO: avg err:0.0762 | err:0.0233 | horse_04 horse_01
2026-06-25 11:42:14,365 INFO: avg err:0.0760 | err:0.0203 | horse_04 horse_02
2026-06-25 11:42:14,753 INFO: avg err:0.0758 | err:0.0218 | horse_04 horse_03
2026-06-25 11:42:14,934 INFO: avg err:0.0755 | err:0.0000 | horse_04 horse_04
2026-06-25 11:42:15,254 INFO: avg err:0.0761 | err:0.2340 | horse_04 horse_05
2026-06-25 11:42:15,409 INFO: avg err:0.0759 | err:0.0443 | horse_04 horse_06
2026-06-25 11:42:15,761 INFO: avg err:0.0758 | err:0.0285 | horse_04 horse_07
2026-06-25 11:42:15,968 INFO: avg err:0.0756 | err:0.0206 | horse_04 horse_08
2026-06-25 11:42:16,273 INFO: avg err:0.0754 | err:0.0196 | horse_04 horse_09
2026-06-25 11:42:16,425 INFO: avg err:0.0752 | err:0.0413 | horse_04 horse_10
2026-06-25 11:42:16,783 INFO: avg err:0.0752 | err:0.0749 | horse_05 cougar_01
2026-06-25 11:42:16,954 INFO: avg err:0.0752 | err:0.0739 | horse_05 cougar_02
2026-06-25 11:42:17,338 INFO: avg err:0.0757 | err:0.1997 | horse_05 cougar_03
2026-06-25 11:42:17,491 INFO: avg err:0.0757 | err:0.0708 | horse_05 cougar_04
2026-06-25 11:42:18,020 INFO: avg err:0.0759 | err:0.1476 | horse_05 hippo_01
2026-06-25 11:42:18,208 INFO: avg err:0.0761 | err:0.1338 | horse_05 hippo_02
2026-06-25 11:42:18,510 INFO: avg err:0.0770 | err:0.3308 | horse_05 hippo_03
2026-06-25 11:42:18,662 INFO: avg err:0.0775 | err:0.2223 | horse_05 hippo_04
2026-06-25 11:42:19,098 INFO: avg err:0.0777 | err:0.1433 | horse_05 hippo_05
2026-06-25 11:42:19,250 INFO: avg err:0.0779 | err:0.1238 | horse_05 hippo_06
2026-06-25 11:42:19,625 INFO: avg err:0.0779 | err:0.0921 | horse_05 horse_01
2026-06-25 11:42:19,778 INFO: avg err:0.0780 | err:0.0824 | horse_05 horse_02
2026-06-25 11:42:20,145 INFO: avg err:0.0780 | err:0.0875 | horse_05 horse_03
2026-06-25 11:42:20,296 INFO: avg err:0.0780 | err:0.0860 | horse_05 horse_04
2026-06-25 11:42:20,646 INFO: avg err:0.0778 | err:0.0000 | horse_05 horse_05
2026-06-25 11:42:20,805 INFO: avg err:0.0778 | err:0.0871 | horse_05 horse_06
2026-06-25 11:42:21,156 INFO: avg err:0.0778 | err:0.0900 | horse_05 horse_07
2026-06-25 11:42:21,308 INFO: avg err:0.0778 | err:0.0781 | horse_05 horse_08
2026-06-25 11:42:21,672 INFO: avg err:0.0780 | err:0.1158 | horse_05 horse_09
2026-06-25 11:42:21,842 INFO: avg err:0.0781 | err:0.1341 | horse_05 horse_10
2026-06-25 11:42:22,190 INFO: avg err:0.0781 | err:0.0565 | horse_06 cougar_01
2026-06-25 11:42:22,344 INFO: avg err:0.0780 | err:0.0549 | horse_06 cougar_02
2026-06-25 11:42:22,696 INFO: avg err:0.0779 | err:0.0479 | horse_06 cougar_03
2026-06-25 11:42:22,849 INFO: avg err:0.0778 | err:0.0634 | horse_06 cougar_04
2026-06-25 11:42:23,210 INFO: avg err:0.0780 | err:0.1192 | horse_06 hippo_01
2026-06-25 11:42:23,362 INFO: avg err:0.0780 | err:0.0917 | horse_06 hippo_02
2026-06-25 11:42:23,724 INFO: avg err:0.0784 | err:0.1838 | horse_06 hippo_03
2026-06-25 11:42:23,876 INFO: avg err:0.0785 | err:0.1045 | horse_06 hippo_04
2026-06-25 11:42:24,234 INFO: avg err:0.0786 | err:0.1168 | horse_06 hippo_05
2026-06-25 11:42:24,386 INFO: avg err:0.0790 | err:0.2202 | horse_06 hippo_06
2026-06-25 11:42:24,746 INFO: avg err:0.0789 | err:0.0241 | horse_06 horse_01
2026-06-25 11:42:24,897 INFO: avg err:0.0787 | err:0.0177 | horse_06 horse_02
2026-06-25 11:42:25,257 INFO: avg err:0.0785 | err:0.0160 | horse_06 horse_03
2026-06-25 11:42:25,409 INFO: avg err:0.0783 | err:0.0212 | horse_06 horse_04
2026-06-25 11:42:25,771 INFO: avg err:0.0788 | err:0.2379 | horse_06 horse_05
2026-06-25 11:42:25,935 INFO: avg err:0.0785 | err:0.0000 | horse_06 horse_06
2026-06-25 11:42:26,297 INFO: avg err:0.0784 | err:0.0187 | horse_06 horse_07
2026-06-25 11:42:26,448 INFO: avg err:0.0782 | err:0.0211 | horse_06 horse_08
2026-06-25 11:42:26,809 INFO: avg err:0.0780 | err:0.0260 | horse_06 horse_09
2026-06-25 11:42:26,961 INFO: avg err:0.0778 | err:0.0235 | horse_06 horse_10
2026-06-25 11:42:27,306 INFO: avg err:0.0777 | err:0.0378 | horse_07 cougar_01
2026-06-25 11:42:27,459 INFO: avg err:0.0776 | err:0.0433 | horse_07 cougar_02
2026-06-25 11:42:27,812 INFO: avg err:0.0775 | err:0.0527 | horse_07 cougar_03
2026-06-25 11:42:27,966 INFO: avg err:0.0774 | err:0.0323 | horse_07 cougar_04
2026-06-25 11:42:28,314 INFO: avg err:0.0775 | err:0.1064 | horse_07 hippo_01
2026-06-25 11:42:28,467 INFO: avg err:0.0775 | err:0.0956 | horse_07 hippo_02
2026-06-25 11:42:28,842 INFO: avg err:0.0777 | err:0.1303 | horse_07 hippo_03
2026-06-25 11:42:28,995 INFO: avg err:0.0779 | err:0.1358 | horse_07 hippo_04
2026-06-25 11:42:29,358 INFO: avg err:0.0780 | err:0.1034 | horse_07 hippo_05
2026-06-25 11:42:29,512 INFO: avg err:0.0783 | err:0.1949 | horse_07 hippo_06
2026-06-25 11:42:29,868 INFO: avg err:0.0781 | err:0.0190 | horse_07 horse_01
2026-06-25 11:42:30,022 INFO: avg err:0.0780 | err:0.0196 | horse_07 horse_02
2026-06-25 11:42:30,378 INFO: avg err:0.0778 | err:0.0184 | horse_07 horse_03
2026-06-25 11:42:30,532 INFO: avg err:0.0776 | err:0.0275 | horse_07 horse_04
2026-06-25 11:42:30,916 INFO: avg err:0.0781 | err:0.2355 | horse_07 horse_05
2026-06-25 11:42:31,072 INFO: avg err:0.0779 | err:0.0193 | horse_07 horse_06
2026-06-25 11:42:31,404 INFO: avg err:0.0777 | err:0.0000 | horse_07 horse_07
2026-06-25 11:42:31,561 INFO: avg err:0.0775 | err:0.0244 | horse_07 horse_08
2026-06-25 11:42:31,936 INFO: avg err:0.0774 | err:0.0259 | horse_07 horse_09
2026-06-25 11:42:32,106 INFO: avg err:0.0772 | err:0.0235 | horse_07 horse_10
2026-06-25 11:42:32,434 INFO: avg err:0.0771 | err:0.0378 | horse_08 cougar_01
2026-06-25 11:42:32,598 INFO: avg err:0.0770 | err:0.0384 | horse_08 cougar_02
2026-06-25 11:42:32,944 INFO: avg err:0.0769 | err:0.0554 | horse_08 cougar_03
2026-06-25 11:42:33,106 INFO: avg err:0.0768 | err:0.0398 | horse_08 cougar_04
2026-06-25 11:42:33,549 INFO: avg err:0.0768 | err:0.0801 | horse_08 hippo_01
2026-06-25 11:42:33,738 INFO: avg err:0.0768 | err:0.0718 | horse_08 hippo_02
2026-06-25 11:42:34,083 INFO: avg err:0.0770 | err:0.1403 | horse_08 hippo_03
2026-06-25 11:42:34,247 INFO: avg err:0.0770 | err:0.0862 | horse_08 hippo_04
2026-06-25 11:42:34,617 INFO: avg err:0.0771 | err:0.0960 | horse_08 hippo_05
2026-06-25 11:42:34,777 INFO: avg err:0.0773 | err:0.1591 | horse_08 hippo_06
2026-06-25 11:42:35,178 INFO: avg err:0.0772 | err:0.0210 | horse_08 horse_01
2026-06-25 11:42:35,343 INFO: avg err:0.0770 | err:0.0149 | horse_08 horse_02
2026-06-25 11:42:35,689 INFO: avg err:0.0768 | err:0.0183 | horse_08 horse_03
2026-06-25 11:42:35,855 INFO: avg err:0.0766 | err:0.0198 | horse_08 horse_04
2026-06-25 11:42:36,213 INFO: avg err:0.0771 | err:0.2363 | horse_08 horse_05
2026-06-25 11:42:36,397 INFO: avg err:0.0769 | err:0.0220 | horse_08 horse_06
2026-06-25 11:42:36,759 INFO: avg err:0.0768 | err:0.0239 | horse_08 horse_07
2026-06-25 11:42:36,922 INFO: avg err:0.0766 | err:0.0000 | horse_08 horse_08
2026-06-25 11:42:37,308 INFO: avg err:0.0764 | err:0.0165 | horse_08 horse_09
2026-06-25 11:42:37,487 INFO: avg err:0.0763 | err:0.0287 | horse_08 horse_10
2026-06-25 11:42:37,894 INFO: avg err:0.0762 | err:0.0457 | horse_09 cougar_01
2026-06-25 11:42:38,061 INFO: avg err:0.0761 | err:0.0544 | horse_09 cougar_02
2026-06-25 11:42:38,556 INFO: avg err:0.0762 | err:0.1152 | horse_09 cougar_03
2026-06-25 11:42:38,725 INFO: avg err:0.0762 | err:0.0451 | horse_09 cougar_04
2026-06-25 11:42:39,116 INFO: avg err:0.0761 | err:0.0639 | horse_09 hippo_01
2026-06-25 11:42:39,323 INFO: avg err:0.0761 | err:0.0710 | horse_09 hippo_02
2026-06-25 11:42:39,697 INFO: avg err:0.0762 | err:0.1146 | horse_09 hippo_03
2026-06-25 11:42:39,862 INFO: avg err:0.0762 | err:0.0750 | horse_09 hippo_04
2026-06-25 11:42:40,171 INFO: avg err:0.0763 | err:0.0994 | horse_09 hippo_05
2026-06-25 11:42:40,331 INFO: avg err:0.0765 | err:0.1528 | horse_09 hippo_06
2026-06-25 11:42:40,699 INFO: avg err:0.0763 | err:0.0161 | horse_09 horse_01
2026-06-25 11:42:40,858 INFO: avg err:0.0762 | err:0.0177 | horse_09 horse_02
2026-06-25 11:42:41,165 INFO: avg err:0.0760 | err:0.0207 | horse_09 horse_03
2026-06-25 11:42:41,324 INFO: avg err:0.0759 | err:0.0210 | horse_09 horse_04
2026-06-25 11:42:41,701 INFO: avg err:0.0762 | err:0.1986 | horse_09 horse_05
2026-06-25 11:42:41,869 INFO: avg err:0.0761 | err:0.0288 | horse_09 horse_06
2026-06-25 11:42:42,157 INFO: avg err:0.0759 | err:0.0286 | horse_09 horse_07
2026-06-25 11:42:42,356 INFO: avg err:0.0758 | err:0.0161 | horse_09 horse_08
2026-06-25 11:42:42,662 INFO: avg err:0.0756 | err:0.0000 | horse_09 horse_09
2026-06-25 11:42:42,908 INFO: avg err:0.0755 | err:0.0286 | horse_09 horse_10
2026-06-25 11:42:43,193 INFO: avg err:0.0754 | err:0.0413 | horse_10 cougar_01
2026-06-25 11:42:43,654 INFO: avg err:0.0753 | err:0.0470 | horse_10 cougar_02
2026-06-25 11:42:43,816 INFO: avg err:0.0752 | err:0.0550 | horse_10 cougar_03
2026-06-25 11:42:44,175 INFO: avg err:0.0751 | err:0.0380 | horse_10 cougar_04
2026-06-25 11:42:44,360 INFO: avg err:0.0751 | err:0.0576 | horse_10 hippo_01
2026-06-25 11:42:44,717 INFO: avg err:0.0751 | err:0.0658 | horse_10 hippo_02
2026-06-25 11:42:44,886 INFO: avg err:0.0753 | err:0.1721 | horse_10 hippo_03
2026-06-25 11:42:45,212 INFO: avg err:0.0753 | err:0.0846 | horse_10 hippo_04
2026-06-25 11:42:45,392 INFO: avg err:0.0754 | err:0.0794 | horse_10 hippo_05
2026-06-25 11:42:45,838 INFO: avg err:0.0756 | err:0.1682 | horse_10 hippo_06
2026-06-25 11:42:46,005 INFO: avg err:0.0755 | err:0.0204 | horse_10 horse_01
2026-06-25 11:42:46,366 INFO: avg err:0.0753 | err:0.0177 | horse_10 horse_02
2026-06-25 11:42:46,528 INFO: avg err:0.0752 | err:0.0168 | horse_10 horse_03
2026-06-25 11:42:46,901 INFO: avg err:0.0750 | err:0.0226 | horse_10 horse_04
2026-06-25 11:42:47,063 INFO: avg err:0.0755 | err:0.2578 | horse_10 horse_05
2026-06-25 11:42:47,430 INFO: avg err:0.0754 | err:0.0204 | horse_10 horse_06
2026-06-25 11:42:47,583 INFO: avg err:0.0752 | err:0.0283 | horse_10 horse_07
2026-06-25 11:42:47,947 INFO: avg err:0.0751 | err:0.0237 | horse_10 horse_08
2026-06-25 11:42:48,096 INFO: avg err:0.0750 | err:0.0220 | horse_10 horse_09
2026-06-25 11:42:48,446 INFO: avg err:0.0748 | err:0.0000 | horse_10 horse_10
2026-06-25 11:42:48,479 INFO: Avg time: 0.0239
2026-06-25 11:42:48,915 INFO: Val auc: 0.7682
2026-06-25 11:42:48,919 INFO: Val avg error: 0.0748
2026-06-25 11:42:48,923 INFO: Best model is updated, average geodesic error: 0.0748
2026-06-25 11:42:48,991 INFO: [ONB diag] max|Q-I|: mean=3.4168e-07 max=4.7684e-07 | max|Φ̃ᵀMΦ̃-I|: mean=3.4168e-07 max=4.7684e-07
2026-06-25 11:42:50,996 INFO: [smal_..][epoch:  8, iter:   6,020, lr:(7.543e-04,)][eta: 0:28:15, time (data): 0.137 (0.034)]l_bij: 1.0727e+02 l_orth: 1.1264e+02 l_align: 9.0355e+01 l_total: 3.1027e+02 
2026-06-25 11:42:53,010 INFO: [smal_..][epoch:  8, iter:   6,040, lr:(7.543e-04,)][eta: 0:28:10, time (data): 0.101 (0.019)]l_bij: 1.5931e+02 l_orth: 1.5377e+02 l_align: 1.1161e+02 l_total: 4.2469e+02 
2026-06-25 11:42:55,106 INFO: [smal_..][epoch:  8, iter:   6,060, lr:(7.543e-04,)][eta: 0:28:05, time (data): 0.104 (0.021)]l_bij: 1.0878e+02 l_orth: 1.1145e+02 l_align: 9.2182e+01 l_total: 3.1241e+02 
2026-06-25 11:42:57,157 INFO: [smal_..][epoch:  8, iter:   6,080, lr:(7.543e-04,)][eta: 0:28:00, time (data): 0.103 (0.021)]l_bij: 7.2128e+01 l_orth: 9.0324e+01 l_align: 9.9436e+01 l_total: 2.6189e+02 
2026-06-25 11:42:59,221 INFO: [smal_..][epoch:  8, iter:   6,100, lr:(7.543e-04,)][eta: 0:27:55, time (data): 0.103 (0.021)]l_bij: 1.5498e+02 l_orth: 1.5208e+02 l_align: 1.1301e+02 l_total: 4.2007e+02 
2026-06-25 11:43:01,262 INFO: [smal_..][epoch:  8, iter:   6,120, lr:(7.543e-04,)][eta: 0:27:50, time (data): 0.103 (0.020)]l_bij: 1.1048e+02 l_orth: 1.1651e+02 l_align: 9.4693e+01 l_total: 3.2168e+02 
2026-06-25 11:43:03,311 INFO: [smal_..][epoch:  8, iter:   6,140, lr:(7.543e-04,)][eta: 0:27:45, time (data): 0.103 (0.020)]l_bij: 1.2625e+02 l_orth: 1.2563e+02 l_align: 9.9215e+01 l_total: 3.5110e+02 
2026-06-25 11:43:05,559 INFO: [smal_..][epoch:  8, iter:   6,160, lr:(7.543e-04,)][eta: 0:27:40, time (data): 0.104 (0.022)]l_bij: 1.1086e+02 l_orth: 1.1363e+02 l_align: 8.9528e+01 l_total: 3.1402e+02 
2026-06-25 11:43:07,606 INFO: [smal_..][epoch:  8, iter:   6,180, lr:(7.543e-04,)][eta: 0:27:35, time (data): 0.104 (0.022)]l_bij: 1.1265e+02 l_orth: 1.1760e+02 l_align: 9.6971e+01 l_total: 3.2722e+02 
2026-06-25 11:43:09,667 INFO: [smal_..][epoch:  8, iter:   6,200, lr:(7.543e-04,)][eta: 0:27:30, time (data): 0.104 (0.021)]l_bij: 1.2244e+02 l_orth: 1.2230e+02 l_align: 9.4958e+01 l_total: 3.3970e+02 
2026-06-25 11:43:11,693 INFO: [smal_..][epoch:  8, iter:   6,220, lr:(7.543e-04,)][eta: 0:27:25, time (data): 0.104 (0.021)]l_bij: 1.0711e+02 l_orth: 1.1145e+02 l_align: 9.0870e+01 l_total: 3.0944e+02 
2026-06-25 11:43:13,914 INFO: [smal_..][epoch:  8, iter:   6,240, lr:(7.543e-04,)][eta: 0:27:21, time (data): 0.120 (0.024)]l_bij: 1.4680e+02 l_orth: 1.4316e+02 l_align: 1.0801e+02 l_total: 3.9796e+02 
2026-06-25 11:43:16,074 INFO: [smal_..][epoch:  8, iter:   6,260, lr:(7.543e-04,)][eta: 0:27:16, time (data): 0.112 (0.023)]l_bij: 1.0312e+02 l_orth: 1.1135e+02 l_align: 9.5941e+01 l_total: 3.1042e+02 
2026-06-25 11:43:18,132 INFO: [smal_..][epoch:  8, iter:   6,280, lr:(7.543e-04,)][eta: 0:27:11, time (data): 0.108 (0.022)]l_bij: 1.0823e+02 l_orth: 1.1398e+02 l_align: 9.5072e+01 l_total: 3.1728e+02 
2026-06-25 11:43:20,209 INFO: [smal_..][epoch:  8, iter:   6,300, lr:(7.543e-04,)][eta: 0:27:06, time (data): 0.107 (0.021)]l_bij: 1.1696e+02 l_orth: 1.1913e+02 l_align: 1.0130e+02 l_total: 3.3740e+02 
2026-06-25 11:43:22,481 INFO: [smal_..][epoch:  8, iter:   6,320, lr:(7.543e-04,)][eta: 0:27:02, time (data): 0.108 (0.022)]l_bij: 3.3516e+01 l_orth: 6.8212e+01 l_align: 1.1151e+02 l_total: 2.1324e+02 
2026-06-25 11:43:24,562 INFO: [smal_..][epoch:  8, iter:   6,340, lr:(7.543e-04,)][eta: 0:26:57, time (data): 0.107 (0.021)]l_bij: 6.7057e+01 l_orth: 8.5430e+01 l_align: 9.9234e+01 l_total: 2.5172e+02 
2026-06-25 11:43:26,549 INFO: [smal_..][epoch:  8, iter:   6,360, lr:(7.543e-04,)][eta: 0:26:52, time (data): 0.106 (0.020)]l_bij: 1.0221e+02 l_orth: 1.0857e+02 l_align: 8.7160e+01 l_total: 2.9794e+02 
2026-06-25 11:43:28,658 INFO: [smal_..][epoch:  8, iter:   6,380, lr:(7.543e-04,)][eta: 0:26:47, time (data): 0.106 (0.020)]l_bij: 1.2403e+02 l_orth: 1.2398e+02 l_align: 1.0034e+02 l_total: 3.4835e+02 
2026-06-25 11:43:30,730 INFO: [smal_..][epoch:  8, iter:   6,400, lr:(7.543e-04,)][eta: 0:26:43, time (data): 0.106 (0.020)]l_bij: 1.0177e+02 l_orth: 1.0733e+02 l_align: 9.1653e+01 l_total: 3.0076e+02 
2026-06-25 11:43:33,445 INFO: [smal_..][epoch:  8, iter:   6,420, lr:(7.543e-04,)][eta: 0:26:39, time (data): 0.109 (0.023)]l_bij: 1.1551e+02 l_orth: 1.1596e+02 l_align: 9.6748e+01 l_total: 3.2822e+02 
2026-06-25 11:43:35,494 INFO: [smal_..][epoch:  8, iter:   6,440, lr:(7.543e-04,)][eta: 0:26:34, time (data): 0.101 (0.018)]l_bij: 1.1733e+02 l_orth: 1.1839e+02 l_align: 9.4430e+01 l_total: 3.3015e+02 
2026-06-25 11:43:37,569 INFO: [smal_..][epoch:  8, iter:   6,460, lr:(7.543e-04,)][eta: 0:26:30, time (data): 0.103 (0.020)]l_bij: 1.0723e+02 l_orth: 1.0942e+02 l_align: 8.7487e+01 l_total: 3.0413e+02 
2026-06-25 11:43:39,606 INFO: [smal_..][epoch:  8, iter:   6,480, lr:(7.543e-04,)][eta: 0:26:25, time (data): 0.102 (0.020)]l_bij: 1.0091e+02 l_orth: 1.0588e+02 l_align: 8.6112e+01 l_total: 2.9290e+02 
2026-06-25 11:43:41,640 INFO: [smal_..][epoch:  8, iter:   6,500, lr:(7.543e-04,)][eta: 0:26:20, time (data): 0.102 (0.020)]l_bij: 8.8693e+01 l_orth: 9.9305e+01 l_align: 8.9870e+01 l_total: 2.7787e+02 
2026-06-25 11:43:43,700 INFO: [smal_..][epoch:  8, iter:   6,520, lr:(7.543e-04,)][eta: 0:26:16, time (data): 0.102 (0.020)]l_bij: 1.0893e+02 l_orth: 1.1418e+02 l_align: 9.5459e+01 l_total: 3.1856e+02 
2026-06-25 11:43:45,779 INFO: [smal_..][epoch:  8, iter:   6,540, lr:(7.543e-04,)][eta: 0:26:11, time (data): 0.103 (0.020)]l_bij: 1.2964e+02 l_orth: 1.2879e+02 l_align: 9.3418e+01 l_total: 3.5185e+02 
2026-06-25 11:43:47,822 INFO: [smal_..][epoch:  8, iter:   6,560, lr:(7.543e-04,)][eta: 0:26:06, time (data): 0.103 (0.020)]l_bij: 1.4009e+01 l_orth: 5.6071e+01 l_align: 1.2355e+02 l_total: 1.9363e+02 
2026-06-25 11:43:49,913 INFO: [smal_..][epoch:  8, iter:   6,580, lr:(7.543e-04,)][eta: 0:26:02, time (data): 0.103 (0.020)]l_bij: 1.0582e+02 l_orth: 1.1010e+02 l_align: 9.1144e+01 l_total: 3.0707e+02 
2026-06-25 11:43:51,947 INFO: [smal_..][epoch:  8, iter:   6,600, lr:(7.543e-04,)][eta: 0:25:57, time (data): 0.103 (0.020)]l_bij: 8.5753e+01 l_orth: 9.5995e+01 l_align: 8.6688e+01 l_total: 2.6843e+02 
2026-06-25 11:43:53,976 INFO: [smal_..][epoch:  8, iter:   6,620, lr:(7.543e-04,)][eta: 0:25:53, time (data): 0.102 (0.020)]l_bij: 1.2854e+02 l_orth: 1.2886e+02 l_align: 1.0165e+02 l_total: 3.5906e+02 
2026-06-25 11:43:56,054 INFO: [smal_..][epoch:  8, iter:   6,640, lr:(7.543e-04,)][eta: 0:25:48, time (data): 0.107 (0.025)]l_bij: 1.1597e+02 l_orth: 1.2159e+02 l_align: 9.4264e+01 l_total: 3.3183e+02 
2026-06-25 11:43:58,140 INFO: [smal_..][epoch:  8, iter:   6,660, lr:(7.543e-04,)][eta: 0:25:43, time (data): 0.105 (0.023)]l_bij: 8.5032e+01 l_orth: 9.6141e+01 l_align: 9.0445e+01 l_total: 2.7162e+02 
2026-06-25 11:44:00,180 INFO: [smal_..][epoch:  8, iter:   6,680, lr:(7.543e-04,)][eta: 0:25:39, time (data): 0.104 (0.021)]l_bij: 9.7104e+01 l_orth: 1.0127e+02 l_align: 8.5662e+01 l_total: 2.8404e+02 
2026-06-25 11:44:02,246 INFO: [smal_..][epoch:  8, iter:   6,700, lr:(7.543e-04,)][eta: 0:25:34, time (data): 0.103 (0.021)]l_bij: 1.0398e+02 l_orth: 1.1046e+02 l_align: 9.4163e+01 l_total: 3.0860e+02 
2026-06-25 11:44:04,301 INFO: [smal_..][epoch:  8, iter:   6,720, lr:(7.543e-04,)][eta: 0:25:30, time (data): 0.103 (0.021)]l_bij: 1.1736e+02 l_orth: 1.2120e+02 l_align: 9.0801e+01 l_total: 3.2937e+02 
2026-06-25 11:44:06,829 INFO: [smal_..][epoch:  9, iter:   6,740, lr:(6.891e-04,)][eta: 0:25:26, time (data): 0.108 (0.025)]l_bij: 1.0998e+02 l_orth: 1.1396e+02 l_align: 8.9271e+01 l_total: 3.1321e+02 
2026-06-25 11:44:08,879 INFO: [smal_..][epoch:  9, iter:   6,760, lr:(6.891e-04,)][eta: 0:25:22, time (data): 0.107 (0.024)]l_bij: 7.0863e+01 l_orth: 9.3086e+01 l_align: 9.4751e+01 l_total: 2.5870e+02 
2026-06-25 11:44:10,913 INFO: [smal_..][epoch:  9, iter:   6,780, lr:(6.891e-04,)][eta: 0:25:17, time (data): 0.106 (0.024)]l_bij: 8.1204e+01 l_orth: 9.3216e+01 l_align: 9.3499e+01 l_total: 2.6792e+02 
2026-06-25 11:44:12,957 INFO: [smal_..][epoch:  9, iter:   6,800, lr:(6.891e-04,)][eta: 0:25:13, time (data): 0.106 (0.023)]l_bij: 1.1135e+02 l_orth: 1.1595e+02 l_align: 8.9273e+01 l_total: 3.1658e+02 
2026-06-25 11:44:15,062 INFO: [smal_..][epoch:  9, iter:   6,820, lr:(6.891e-04,)][eta: 0:25:08, time (data): 0.106 (0.023)]l_bij: 6.7661e+01 l_orth: 8.0529e+01 l_align: 9.0719e+01 l_total: 2.3891e+02 
2026-06-25 11:44:17,102 INFO: [smal_..][epoch:  9, iter:   6,840, lr:(6.891e-04,)][eta: 0:25:04, time (data): 0.102 (0.019)]l_bij: 1.3001e+02 l_orth: 1.2950e+02 l_align: 9.5170e+01 l_total: 3.5468e+02 
2026-06-25 11:44:19,117 INFO: [smal_..][epoch:  9, iter:   6,860, lr:(6.891e-04,)][eta: 0:24:59, time (data): 0.101 (0.018)]l_bij: 1.0435e+02 l_orth: 1.0777e+02 l_align: 9.1213e+01 l_total: 3.0333e+02 
2026-06-25 11:44:21,200 INFO: [smal_..][epoch:  9, iter:   6,880, lr:(6.891e-04,)][eta: 0:24:55, time (data): 0.102 (0.019)]l_bij: 1.1238e+02 l_orth: 1.1718e+02 l_align: 9.2050e+01 l_total: 3.2161e+02 
2026-06-25 11:44:23,254 INFO: [smal_..][epoch:  9, iter:   6,900, lr:(6.891e-04,)][eta: 0:24:51, time (data): 0.102 (0.019)]l_bij: 9.8735e+01 l_orth: 1.0678e+02 l_align: 9.2777e+01 l_total: 2.9829e+02 
2026-06-25 11:44:25,292 INFO: [smal_..][epoch:  9, iter:   6,920, lr:(6.891e-04,)][eta: 0:24:46, time (data): 0.102 (0.019)]l_bij: 1.2334e+02 l_orth: 1.2613e+02 l_align: 9.5186e+01 l_total: 3.4465e+02 
2026-06-25 11:44:27,337 INFO: [smal_..][epoch:  9, iter:   6,940, lr:(6.891e-04,)][eta: 0:24:42, time (data): 0.102 (0.020)]l_bij: 8.2540e+01 l_orth: 9.4585e+01 l_align: 9.7284e+01 l_total: 2.7441e+02 
2026-06-25 11:44:29,396 INFO: [smal_..][epoch:  9, iter:   6,960, lr:(6.891e-04,)][eta: 0:24:38, time (data): 0.102 (0.020)]l_bij: 1.4023e+02 l_orth: 1.4232e+02 l_align: 1.0940e+02 l_total: 3.9195e+02 
2026-06-25 11:44:31,464 INFO: [smal_..][epoch:  9, iter:   6,980, lr:(6.891e-04,)][eta: 0:24:33, time (data): 0.102 (0.020)]l_bij: 9.8597e+01 l_orth: 1.0356e+02 l_align: 9.0460e+01 l_total: 2.9261e+02 
2026-06-25 11:44:33,536 INFO: [smal_..][epoch:  9, iter:   7,000, lr:(6.891e-04,)][eta: 0:24:29, time (data): 0.103 (0.020)]l_bij: 5.3386e+01 l_orth: 7.3464e+01 l_align: 9.4511e+01 l_total: 2.2136e+02 
2026-06-25 11:44:35,596 INFO: [smal_..][epoch:  9, iter:   7,020, lr:(6.891e-04,)][eta: 0:24:25, time (data): 0.103 (0.020)]l_bij: 1.2121e+02 l_orth: 1.2194e+02 l_align: 9.7404e+01 l_total: 3.4056e+02 
2026-06-25 11:44:37,633 INFO: [smal_..][epoch:  9, iter:   7,040, lr:(6.891e-04,)][eta: 0:24:20, time (data): 0.102 (0.019)]l_bij: 9.4734e+01 l_orth: 1.0426e+02 l_align: 8.7127e+01 l_total: 2.8612e+02 
2026-06-25 11:44:39,689 INFO: [smal_..][epoch:  9, iter:   7,060, lr:(6.891e-04,)][eta: 0:24:16, time (data): 0.103 (0.020)]l_bij: 1.0763e+02 l_orth: 1.1172e+02 l_align: 9.3909e+01 l_total: 3.1326e+02 
2026-06-25 11:44:41,747 INFO: [smal_..][epoch:  9, iter:   7,080, lr:(6.891e-04,)][eta: 0:24:12, time (data): 0.103 (0.020)]l_bij: 1.0672e+02 l_orth: 1.1048e+02 l_align: 9.1095e+01 l_total: 3.0830e+02 
2026-06-25 11:44:43,899 INFO: [smal_..][epoch:  9, iter:   7,100, lr:(6.891e-04,)][eta: 0:24:08, time (data): 0.104 (0.021)]l_bij: 1.3446e+02 l_orth: 1.3810e+02 l_align: 1.0135e+02 l_total: 3.7391e+02 
2026-06-25 11:44:46,040 INFO: [smal_..][epoch:  9, iter:   7,120, lr:(6.891e-04,)][eta: 0:24:04, time (data): 0.105 (0.021)]l_bij: 8.8822e+01 l_orth: 1.0289e+02 l_align: 9.4667e+01 l_total: 2.8638e+02 
2026-06-25 11:44:48,098 INFO: [smal_..][epoch:  9, iter:   7,140, lr:(6.891e-04,)][eta: 0:23:59, time (data): 0.104 (0.021)]l_bij: 9.0457e+01 l_orth: 9.8422e+01 l_align: 9.0177e+01 l_total: 2.7906e+02 
2026-06-25 11:44:50,148 INFO: [smal_..][epoch:  9, iter:   7,160, lr:(6.891e-04,)][eta: 0:23:55, time (data): 0.104 (0.021)]l_bij: 9.7499e+01 l_orth: 1.0611e+02 l_align: 9.1323e+01 l_total: 2.9493e+02 
2026-06-25 11:44:52,179 INFO: [smal_..][epoch:  9, iter:   7,180, lr:(6.891e-04,)][eta: 0:23:51, time (data): 0.104 (0.020)]l_bij: 1.0379e+02 l_orth: 1.0850e+02 l_align: 9.0131e+01 l_total: 3.0242e+02 
2026-06-25 11:44:54,224 INFO: [smal_..][epoch:  9, iter:   7,200, lr:(6.891e-04,)][eta: 0:23:47, time (data): 0.104 (0.020)]l_bij: 1.5184e+02 l_orth: 1.4908e+02 l_align: 1.1074e+02 l_total: 4.1166e+02 
2026-06-25 11:44:56,300 INFO: [smal_..][epoch:  9, iter:   7,220, lr:(6.891e-04,)][eta: 0:23:43, time (data): 0.104 (0.020)]l_bij: 1.0542e+02 l_orth: 1.0841e+02 l_align: 8.5326e+01 l_total: 2.9916e+02 
2026-06-25 11:44:58,679 INFO: [smal_..][epoch:  9, iter:   7,240, lr:(6.891e-04,)][eta: 0:23:39, time (data): 0.108 (0.023)]l_bij: 1.5212e+02 l_orth: 1.4818e+02 l_align: 1.0814e+02 l_total: 4.0844e+02 
2026-06-25 11:45:00,782 INFO: [smal_..][epoch:  9, iter:   7,260, lr:(6.891e-04,)][eta: 0:23:35, time (data): 0.106 (0.021)]l_bij: 1.2441e+02 l_orth: 1.2493e+02 l_align: 8.8652e+01 l_total: 3.3798e+02 
2026-06-25 11:45:02,844 INFO: [smal_..][epoch:  9, iter:   7,280, lr:(6.891e-04,)][eta: 0:23:31, time (data): 0.104 (0.020)]l_bij: 1.2659e+02 l_orth: 1.2974e+02 l_align: 9.6643e+01 l_total: 3.5298e+02 
2026-06-25 11:45:04,914 INFO: [smal_..][epoch:  9, iter:   7,300, lr:(6.891e-04,)][eta: 0:23:26, time (data): 0.104 (0.020)]l_bij: 8.8274e+01 l_orth: 1.0012e+02 l_align: 9.2410e+01 l_total: 2.8080e+02 
2026-06-25 11:45:07,036 INFO: [smal_..][epoch:  9, iter:   7,320, lr:(6.891e-04,)][eta: 0:23:22, time (data): 0.105 (0.020)]l_bij: 9.8804e+01 l_orth: 1.0569e+02 l_align: 8.4799e+01 l_total: 2.8930e+02 
2026-06-25 11:45:09,237 INFO: [smal_..][epoch:  9, iter:   7,340, lr:(6.891e-04,)][eta: 0:23:19, time (data): 0.106 (0.021)]l_bij: 9.2598e+01 l_orth: 1.0074e+02 l_align: 8.8687e+01 l_total: 2.8202e+02 
2026-06-25 11:45:11,296 INFO: [smal_..][epoch:  9, iter:   7,360, lr:(6.891e-04,)][eta: 0:23:14, time (data): 0.105 (0.021)]l_bij: 9.6068e+01 l_orth: 1.0523e+02 l_align: 9.0280e+01 l_total: 2.9157e+02 
2026-06-25 11:45:13,340 INFO: [smal_..][epoch:  9, iter:   7,380, lr:(6.891e-04,)][eta: 0:23:10, time (data): 0.105 (0.021)]l_bij: 1.2931e+02 l_orth: 1.3481e+02 l_align: 1.0442e+02 l_total: 3.6854e+02 
2026-06-25 11:45:15,375 INFO: [smal_..][epoch:  9, iter:   7,400, lr:(6.891e-04,)][eta: 0:23:06, time (data): 0.104 (0.021)]l_bij: 1.1652e+02 l_orth: 1.1800e+02 l_align: 8.8680e+01 l_total: 3.2320e+02 
2026-06-25 11:45:17,432 INFO: [smal_..][epoch:  9, iter:   7,420, lr:(6.891e-04,)][eta: 0:23:02, time (data): 0.104 (0.021)]l_bij: 1.2432e+02 l_orth: 1.2617e+02 l_align: 9.7771e+01 l_total: 3.4826e+02 
2026-06-25 11:45:19,458 INFO: [smal_..][epoch:  9, iter:   7,440, lr:(6.891e-04,)][eta: 0:22:58, time (data): 0.100 (0.018)]l_bij: 1.3151e+01 l_orth: 5.5380e+01 l_align: 1.2620e+02 l_total: 1.9473e+02 
2026-06-25 11:45:21,489 INFO: [smal_..][epoch:  9, iter:   7,460, lr:(6.891e-04,)][eta: 0:22:54, time (data): 0.101 (0.019)]l_bij: 7.0374e+01 l_orth: 8.8362e+01 l_align: 9.3645e+01 l_total: 2.5238e+02 
2026-06-25 11:45:23,552 INFO: [smal_..][epoch:  9, iter:   7,480, lr:(6.891e-04,)][eta: 0:22:50, time (data): 0.102 (0.019)]l_bij: 1.0443e+02 l_orth: 1.0886e+02 l_align: 9.0910e+01 l_total: 3.0420e+02 
2026-06-25 11:45:25,601 INFO: [smal_..][epoch:  9, iter:   7,500, lr:(6.891e-04,)][eta: 0:22:46, time (data): 0.102 (0.019)]l_bij: 1.3278e+02 l_orth: 1.3659e+02 l_align: 1.0415e+02 l_total: 3.7351e+02 
2026-06-25 11:45:27,631 INFO: [smal_..][epoch:  9, iter:   7,520, lr:(6.891e-04,)][eta: 0:22:42, time (data): 0.102 (0.019)]l_bij: 1.4477e+02 l_orth: 1.4068e+02 l_align: 1.0374e+02 l_total: 3.8919e+02 
2026-06-25 11:45:29,689 INFO: [smal_..][epoch:  9, iter:   7,540, lr:(6.891e-04,)][eta: 0:22:38, time (data): 0.102 (0.019)]l_bij: 1.1021e+02 l_orth: 1.1515e+02 l_align: 9.2490e+01 l_total: 3.1785e+02 
2026-06-25 11:45:31,719 INFO: [smal_..][epoch:  9, iter:   7,560, lr:(6.891e-04,)][eta: 0:22:34, time (data): 0.102 (0.019)]l_bij: 5.5655e+01 l_orth: 7.7321e+01 l_align: 9.4816e+01 l_total: 2.2779e+02 
2026-06-25 11:45:34,228 INFO: [smal_..][epoch: 10, iter:   7,580, lr:(6.204e-04,)][eta: 0:22:30, time (data): 0.105 (0.022)]l_bij: 1.0089e+01 l_orth: 5.5541e+01 l_align: 1.1973e+02 l_total: 1.8536e+02 
2026-06-25 11:45:36,265 INFO: [smal_..][epoch: 10, iter:   7,600, lr:(6.204e-04,)][eta: 0:22:26, time (data): 0.105 (0.022)]l_bij: 1.0274e+02 l_orth: 1.0929e+02 l_align: 8.8437e+01 l_total: 3.0047e+02 
2026-06-25 11:45:38,327 INFO: [smal_..][epoch: 10, iter:   7,620, lr:(6.204e-04,)][eta: 0:22:22, time (data): 0.105 (0.022)]l_bij: 1.0277e+02 l_orth: 1.0857e+02 l_align: 8.4800e+01 l_total: 2.9613e+02 
2026-06-25 11:45:40,534 INFO: [smal_..][epoch: 10, iter:   7,640, lr:(6.204e-04,)][eta: 0:22:19, time (data): 0.101 (0.018)]l_bij: 9.0179e+01 l_orth: 9.9585e+01 l_align: 8.8410e+01 l_total: 2.7817e+02 
2026-06-25 11:45:42,563 INFO: [smal_..][epoch: 10, iter:   7,660, lr:(6.204e-04,)][eta: 0:22:15, time (data): 0.101 (0.017)]l_bij: 6.5562e+01 l_orth: 8.3387e+01 l_align: 9.1108e+01 l_total: 2.4006e+02 
2026-06-25 11:45:44,610 INFO: [smal_..][epoch: 10, iter:   7,680, lr:(6.204e-04,)][eta: 0:22:11, time (data): 0.102 (0.018)]l_bij: 1.0053e+02 l_orth: 1.0671e+02 l_align: 9.0401e+01 l_total: 2.9764e+02 
2026-06-25 11:45:46,642 INFO: [smal_..][epoch: 10, iter:   7,700, lr:(6.204e-04,)][eta: 0:22:07, time (data): 0.102 (0.018)]l_bij: 8.4924e+01 l_orth: 9.8016e+01 l_align: 8.9999e+01 l_total: 2.7294e+02 
2026-06-25 11:45:48,747 INFO: [smal_..][epoch: 10, iter:   7,720, lr:(6.204e-04,)][eta: 0:22:03, time (data): 0.102 (0.019)]l_bij: 1.0204e+02 l_orth: 1.0698e+02 l_align: 8.7993e+01 l_total: 2.9702e+02 
2026-06-25 11:45:50,794 INFO: [smal_..][epoch: 10, iter:   7,740, lr:(6.204e-04,)][eta: 0:21:59, time (data): 0.102 (0.019)]l_bij: 1.1178e+02 l_orth: 1.1276e+02 l_align: 9.3117e+01 l_total: 3.1767e+02 
2026-06-25 11:45:52,853 INFO: [smal_..][epoch: 10, iter:   7,760, lr:(6.204e-04,)][eta: 0:21:55, time (data): 0.102 (0.019)]l_bij: 5.2081e+01 l_orth: 7.8824e+01 l_align: 1.0251e+02 l_total: 2.3342e+02 
2026-06-25 11:45:54,911 INFO: [smal_..][epoch: 10, iter:   7,780, lr:(6.204e-04,)][eta: 0:21:51, time (data): 0.103 (0.019)]l_bij: 1.3123e+02 l_orth: 1.3198e+02 l_align: 9.9360e+01 l_total: 3.6256e+02 
2026-06-25 11:45:56,941 INFO: [smal_..][epoch: 10, iter:   7,800, lr:(6.204e-04,)][eta: 0:21:47, time (data): 0.102 (0.019)]l_bij: 1.1599e+02 l_orth: 1.1885e+02 l_align: 9.2447e+01 l_total: 3.2729e+02 
2026-06-25 11:45:59,028 INFO: [smal_..][epoch: 10, iter:   7,820, lr:(6.204e-04,)][eta: 0:21:43, time (data): 0.103 (0.019)]l_bij: 1.0978e+02 l_orth: 1.1181e+02 l_align: 9.1546e+01 l_total: 3.1313e+02 
2026-06-25 11:46:01,093 INFO: [smal_..][epoch: 10, iter:   7,840, lr:(6.204e-04,)][eta: 0:21:40, time (data): 0.116 (0.034)]l_bij: 1.0131e+02 l_orth: 1.0510e+02 l_align: 8.6038e+01 l_total: 2.9245e+02 
2026-06-25 11:46:03,192 INFO: [smal_..][epoch: 10, iter:   7,860, lr:(6.204e-04,)][eta: 0:21:36, time (data): 0.105 (0.021)]l_bij: 1.2020e+02 l_orth: 1.2049e+02 l_align: 9.5172e+01 l_total: 3.3587e+02 
2026-06-25 11:46:05,311 INFO: [smal_..][epoch: 10, iter:   7,880, lr:(6.204e-04,)][eta: 0:21:32, time (data): 0.106 (0.020)]l_bij: 1.0484e+02 l_orth: 1.0865e+02 l_align: 8.5084e+01 l_total: 2.9857e+02 
2026-06-25 11:46:07,326 INFO: [smal_..][epoch: 10, iter:   7,900, lr:(6.204e-04,)][eta: 0:21:28, time (data): 0.104 (0.020)]l_bij: 8.0104e+01 l_orth: 9.2451e+01 l_align: 8.5854e+01 l_total: 2.5841e+02 
2026-06-25 11:46:09,474 INFO: [smal_..][epoch: 10, iter:   7,920, lr:(6.204e-04,)][eta: 0:21:24, time (data): 0.105 (0.020)]l_bij: 1.1637e+02 l_orth: 1.1843e+02 l_align: 9.2233e+01 l_total: 3.2703e+02 
2026-06-25 11:46:11,581 INFO: [smal_..][epoch: 10, iter:   7,940, lr:(6.204e-04,)][eta: 0:21:21, time (data): 0.105 (0.021)]l_bij: 1.3548e+02 l_orth: 1.3661e+02 l_align: 9.9195e+01 l_total: 3.7128e+02 
2026-06-25 11:46:13,730 INFO: [smal_..][epoch: 10, iter:   7,960, lr:(6.204e-04,)][eta: 0:21:17, time (data): 0.105 (0.021)]l_bij: 1.4454e+02 l_orth: 1.4352e+02 l_align: 1.0572e+02 l_total: 3.9378e+02 
2026-06-25 11:46:15,778 INFO: [smal_..][epoch: 10, iter:   7,980, lr:(6.204e-04,)][eta: 0:21:13, time (data): 0.105 (0.021)]l_bij: 4.7456e+01 l_orth: 6.8727e+01 l_align: 9.6529e+01 l_total: 2.1271e+02 
2026-06-25 11:46:17,860 INFO: [smal_..][epoch: 10, iter:   8,000, lr:(6.204e-04,)][eta: 0:21:09, time (data): 0.105 (0.021)]l_bij: 5.6281e+01 l_orth: 7.9577e+01 l_align: 1.0239e+02 l_total: 2.3825e+02 
2026-06-25 11:46:17,861 INFO: Saving models and training states.
2026-06-25 11:46:17,883 INFO: Start validation.
2026-06-25 11:46:18,684 INFO: avg err:0.0000 | err:0.0000 | cougar_01 cougar_01
2026-06-25 11:46:18,830 INFO: avg err:0.0077 | err:0.0153 | cougar_01 cougar_02
2026-06-25 11:46:19,259 INFO: avg err:0.0114 | err:0.0189 | cougar_01 cougar_03
2026-06-25 11:46:19,404 INFO: avg err:0.0134 | err:0.0193 | cougar_01 cougar_04
2026-06-25 11:46:19,767 INFO: avg err:0.0390 | err:0.1412 | cougar_01 hippo_01
2026-06-25 11:46:19,916 INFO: avg err:0.0487 | err:0.0972 | cougar_01 hippo_02
2026-06-25 11:46:20,321 INFO: avg err:0.0617 | err:0.1398 | cougar_01 hippo_03
2026-06-25 11:46:20,472 INFO: avg err:0.0734 | err:0.1554 | cougar_01 hippo_04
2026-06-25 11:46:20,833 INFO: avg err:0.0756 | err:0.0934 | cougar_01 hippo_05
2026-06-25 11:46:20,981 INFO: avg err:0.0954 | err:0.2733 | cougar_01 hippo_06
2026-06-25 11:46:21,340 INFO: avg err:0.0899 | err:0.0347 | cougar_01 horse_01
2026-06-25 11:46:21,492 INFO: avg err:0.0852 | err:0.0336 | cougar_01 horse_02
2026-06-25 11:46:21,869 INFO: avg err:0.0810 | err:0.0306 | cougar_01 horse_03
2026-06-25 11:46:22,019 INFO: avg err:0.0778 | err:0.0359 | cougar_01 horse_04
2026-06-25 11:46:22,380 INFO: avg err:0.0878 | err:0.2283 | cougar_01 horse_05
2026-06-25 11:46:22,526 INFO: avg err:0.0889 | err:0.1052 | cougar_01 horse_06
2026-06-25 11:46:23,094 INFO: avg err:0.0869 | err:0.0553 | cougar_01 horse_07
2026-06-25 11:46:23,254 INFO: avg err:0.0853 | err:0.0585 | cougar_01 horse_08
2026-06-25 11:46:23,582 INFO: avg err:0.0828 | err:0.0370 | cougar_01 horse_09
2026-06-25 11:46:23,725 INFO: avg err:0.0828 | err:0.0838 | cougar_01 horse_10
2026-06-25 11:46:24,105 INFO: avg err:0.0796 | err:0.0157 | cougar_02 cougar_01
2026-06-25 11:46:24,249 INFO: avg err:0.0760 | err:0.0000 | cougar_02 cougar_02
2026-06-25 11:46:24,612 INFO: avg err:0.0736 | err:0.0197 | cougar_02 cougar_03
2026-06-25 11:46:24,759 INFO: avg err:0.0714 | err:0.0226 | cougar_02 cougar_04
2026-06-25 11:46:25,175 INFO: avg err:0.0740 | err:0.1358 | cougar_02 hippo_01
2026-06-25 11:46:25,325 INFO: avg err:0.0748 | err:0.0946 | cougar_02 hippo_02
2026-06-25 11:46:25,683 INFO: avg err:0.0766 | err:0.1226 | cougar_02 hippo_03
2026-06-25 11:46:25,833 INFO: avg err:0.0793 | err:0.1519 | cougar_02 hippo_04
2026-06-25 11:46:26,179 INFO: avg err:0.0802 | err:0.1054 | cougar_02 hippo_05
2026-06-25 11:46:26,327 INFO: avg err:0.0863 | err:0.2644 | cougar_02 hippo_06
2026-06-25 11:46:26,680 INFO: avg err:0.0849 | err:0.0432 | cougar_02 horse_01
2026-06-25 11:46:26,828 INFO: avg err:0.0835 | err:0.0401 | cougar_02 horse_02
2026-06-25 11:46:27,192 INFO: avg err:0.0823 | err:0.0447 | cougar_02 horse_03
2026-06-25 11:46:27,341 INFO: avg err:0.0810 | err:0.0380 | cougar_02 horse_04
2026-06-25 11:46:27,694 INFO: avg err:0.0862 | err:0.2618 | cougar_02 horse_05
2026-06-25 11:46:27,846 INFO: avg err:0.0880 | err:0.1492 | cougar_02 horse_06
2026-06-25 11:46:28,189 INFO: avg err:0.0868 | err:0.0453 | cougar_02 horse_07
2026-06-25 11:46:28,338 INFO: avg err:0.0855 | err:0.0383 | cougar_02 horse_08
2026-06-25 11:46:28,680 INFO: avg err:0.0846 | err:0.0496 | cougar_02 horse_09
2026-06-25 11:46:28,828 INFO: avg err:0.0846 | err:0.0849 | cougar_02 horse_10
2026-06-25 11:46:29,182 INFO: avg err:0.0830 | err:0.0195 | cougar_03 cougar_01
2026-06-25 11:46:29,332 INFO: avg err:0.0815 | err:0.0200 | cougar_03 cougar_02
2026-06-25 11:46:29,679 INFO: avg err:0.0796 | err:0.0000 | cougar_03 cougar_03
2026-06-25 11:46:29,826 INFO: avg err:0.0784 | err:0.0257 | cougar_03 cougar_04
2026-06-25 11:46:30,179 INFO: avg err:0.0796 | err:0.1325 | cougar_03 hippo_01
2026-06-25 11:46:30,326 INFO: avg err:0.0801 | err:0.1044 | cougar_03 hippo_02
2026-06-25 11:46:30,694 INFO: avg err:0.0817 | err:0.1531 | cougar_03 hippo_03
2026-06-25 11:46:30,843 INFO: avg err:0.0830 | err:0.1459 | cougar_03 hippo_04
2026-06-25 11:46:31,192 INFO: avg err:0.0835 | err:0.1080 | cougar_03 hippo_05
2026-06-25 11:46:31,339 INFO: avg err:0.0872 | err:0.2652 | cougar_03 hippo_06
2026-06-25 11:46:31,699 INFO: avg err:0.0862 | err:0.0363 | cougar_03 horse_01
2026-06-25 11:46:31,846 INFO: avg err:0.0852 | err:0.0337 | cougar_03 horse_02
2026-06-25 11:46:32,205 INFO: avg err:0.0841 | err:0.0287 | cougar_03 horse_03
2026-06-25 11:46:32,352 INFO: avg err:0.0832 | err:0.0348 | cougar_03 horse_04
2026-06-25 11:46:32,701 INFO: avg err:0.0859 | err:0.2331 | cougar_03 horse_05
2026-06-25 11:46:32,848 INFO: avg err:0.0862 | err:0.1015 | cougar_03 horse_06
2026-06-25 11:46:33,194 INFO: avg err:0.0854 | err:0.0400 | cougar_03 horse_07
2026-06-25 11:46:33,341 INFO: avg err:0.0845 | err:0.0341 | cougar_03 horse_08
2026-06-25 11:46:33,697 INFO: avg err:0.0837 | err:0.0364 | cougar_03 horse_09
2026-06-25 11:46:33,845 INFO: avg err:0.0831 | err:0.0510 | cougar_03 horse_10
2026-06-25 11:46:34,202 INFO: avg err:0.0821 | err:0.0192 | cougar_04 cougar_01
2026-06-25 11:46:34,354 INFO: avg err:0.0811 | err:0.0232 | cougar_04 cougar_02
2026-06-25 11:46:34,703 INFO: avg err:0.0803 | err:0.0262 | cougar_04 cougar_03
2026-06-25 11:46:34,855 INFO: avg err:0.0790 | err:0.0000 | cougar_04 cougar_04
2026-06-25 11:46:35,198 INFO: avg err:0.0797 | err:0.1219 | cougar_04 hippo_01
2026-06-25 11:46:35,348 INFO: avg err:0.0799 | err:0.0913 | cougar_04 hippo_02
2026-06-25 11:46:35,712 INFO: avg err:0.0810 | err:0.1556 | cougar_04 hippo_03
2026-06-25 11:46:35,872 INFO: avg err:0.0818 | err:0.1378 | cougar_04 hippo_04
2026-06-25 11:46:36,207 INFO: avg err:0.0820 | err:0.0957 | cougar_04 hippo_05
2026-06-25 11:46:36,355 INFO: avg err:0.0846 | err:0.2617 | cougar_04 hippo_06
2026-06-25 11:46:36,749 INFO: avg err:0.0838 | err:0.0321 | cougar_04 horse_01
2026-06-25 11:46:36,899 INFO: avg err:0.0831 | err:0.0329 | cougar_04 horse_02
2026-06-25 11:46:37,247 INFO: avg err:0.0824 | err:0.0274 | cougar_04 horse_03
2026-06-25 11:46:37,395 INFO: avg err:0.0818 | err:0.0391 | cougar_04 horse_04
2026-06-25 11:46:37,756 INFO: avg err:0.0839 | err:0.2369 | cougar_04 horse_05
2026-06-25 11:46:37,906 INFO: avg err:0.0843 | err:0.1143 | cougar_04 horse_06
2026-06-25 11:46:38,259 INFO: avg err:0.0838 | err:0.0507 | cougar_04 horse_07
2026-06-25 11:46:38,410 INFO: avg err:0.0833 | err:0.0430 | cougar_04 horse_08
2026-06-25 11:46:38,781 INFO: avg err:0.0827 | err:0.0355 | cougar_04 horse_09
2026-06-25 11:46:38,945 INFO: avg err:0.0827 | err:0.0821 | cougar_04 horse_10
2026-06-25 11:46:39,276 INFO: avg err:0.0824 | err:0.0632 | hippo_01 cougar_01
2026-06-25 11:46:39,427 INFO: avg err:0.0823 | err:0.0665 | hippo_01 cougar_02
2026-06-25 11:46:39,784 INFO: avg err:0.0821 | err:0.0720 | hippo_01 cougar_03
2026-06-25 11:46:39,931 INFO: avg err:0.0819 | err:0.0644 | hippo_01 cougar_04
2026-06-25 11:46:40,295 INFO: avg err:0.0810 | err:0.0000 | hippo_01 hippo_01
2026-06-25 11:46:40,445 INFO: avg err:0.0807 | err:0.0582 | hippo_01 hippo_02
2026-06-25 11:46:40,780 INFO: avg err:0.0803 | err:0.0438 | hippo_01 hippo_03
2026-06-25 11:46:40,929 INFO: avg err:0.0796 | err:0.0184 | hippo_01 hippo_04
2026-06-25 11:46:41,288 INFO: avg err:0.0793 | err:0.0591 | hippo_01 hippo_05
2026-06-25 11:46:41,436 INFO: avg err:0.0786 | err:0.0165 | hippo_01 hippo_06
2026-06-25 11:46:41,795 INFO: avg err:0.0785 | err:0.0661 | hippo_01 horse_01
2026-06-25 11:46:41,945 INFO: avg err:0.0785 | err:0.0772 | hippo_01 horse_02
2026-06-25 11:46:42,294 INFO: avg err:0.0784 | err:0.0698 | hippo_01 horse_03
2026-06-25 11:46:42,444 INFO: avg err:0.0783 | err:0.0717 | hippo_01 horse_04
2026-06-25 11:46:42,797 INFO: avg err:0.0796 | err:0.2007 | hippo_01 horse_05
2026-06-25 11:46:42,947 INFO: avg err:0.0799 | err:0.1107 | hippo_01 horse_06
2026-06-25 11:46:43,296 INFO: avg err:0.0801 | err:0.0938 | hippo_01 horse_07
2026-06-25 11:46:43,443 INFO: avg err:0.0802 | err:0.0941 | hippo_01 horse_08
2026-06-25 11:46:43,806 INFO: avg err:0.0801 | err:0.0660 | hippo_01 horse_09
2026-06-25 11:46:43,953 INFO: avg err:0.0802 | err:0.0881 | hippo_01 horse_10
2026-06-25 11:46:44,303 INFO: avg err:0.0802 | err:0.0883 | hippo_02 cougar_01
2026-06-25 11:46:44,449 INFO: avg err:0.0804 | err:0.0960 | hippo_02 cougar_02
2026-06-25 11:46:44,802 INFO: avg err:0.0806 | err:0.0972 | hippo_02 cougar_03
2026-06-25 11:46:44,950 INFO: avg err:0.0806 | err:0.0845 | hippo_02 cougar_04
2026-06-25 11:46:45,302 INFO: avg err:0.0803 | err:0.0507 | hippo_02 hippo_01
2026-06-25 11:46:45,452 INFO: avg err:0.0795 | err:0.0000 | hippo_02 hippo_02
2026-06-25 11:46:45,815 INFO: avg err:0.0797 | err:0.0990 | hippo_02 hippo_03
2026-06-25 11:46:45,963 INFO: avg err:0.0796 | err:0.0611 | hippo_02 hippo_04
2026-06-25 11:46:46,318 INFO: avg err:0.0791 | err:0.0250 | hippo_02 hippo_05
2026-06-25 11:46:46,472 INFO: avg err:0.0789 | err:0.0595 | hippo_02 hippo_06
2026-06-25 11:46:46,817 INFO: avg err:0.0789 | err:0.0848 | hippo_02 horse_01
2026-06-25 11:46:46,966 INFO: avg err:0.0790 | err:0.0834 | hippo_02 horse_02
2026-06-25 11:46:47,333 INFO: avg err:0.0790 | err:0.0774 | hippo_02 horse_03
2026-06-25 11:46:47,480 INFO: avg err:0.0790 | err:0.0876 | hippo_02 horse_04
2026-06-25 11:46:47,833 INFO: avg err:0.0804 | err:0.2375 | hippo_02 horse_05
2026-06-25 11:46:48,001 INFO: avg err:0.0807 | err:0.1116 | hippo_02 horse_06
2026-06-25 11:46:48,339 INFO: avg err:0.0808 | err:0.0949 | hippo_02 horse_07
2026-06-25 11:46:48,492 INFO: avg err:0.0810 | err:0.1046 | hippo_02 horse_08
2026-06-25 11:46:48,832 INFO: avg err:0.0810 | err:0.0792 | hippo_02 horse_09
2026-06-25 11:46:48,981 INFO: avg err:0.0810 | err:0.0837 | hippo_02 horse_10
2026-06-25 11:46:49,326 INFO: avg err:0.0810 | err:0.0822 | hippo_03 cougar_01
2026-06-25 11:46:49,475 INFO: avg err:0.0811 | err:0.0943 | hippo_03 cougar_02
2026-06-25 11:46:49,830 INFO: avg err:0.0813 | err:0.0980 | hippo_03 cougar_03
2026-06-25 11:46:49,979 INFO: avg err:0.0813 | err:0.0892 | hippo_03 cougar_04
2026-06-25 11:46:50,336 INFO: avg err:0.0809 | err:0.0242 | hippo_03 hippo_01
2026-06-25 11:46:50,493 INFO: avg err:0.0810 | err:0.0988 | hippo_03 hippo_02
2026-06-25 11:46:50,871 INFO: avg err:0.0804 | err:0.0000 | hippo_03 hippo_03
2026-06-25 11:46:51,022 INFO: avg err:0.0799 | err:0.0227 | hippo_03 hippo_04
2026-06-25 11:46:51,350 INFO: avg err:0.0800 | err:0.0860 | hippo_03 hippo_05
2026-06-25 11:46:51,498 INFO: avg err:0.0796 | err:0.0312 | hippo_03 hippo_06
2026-06-25 11:46:51,856 INFO: avg err:0.0797 | err:0.0979 | hippo_03 horse_01
2026-06-25 11:46:52,002 INFO: avg err:0.0799 | err:0.1036 | hippo_03 horse_02
2026-06-25 11:46:52,352 INFO: avg err:0.0800 | err:0.0970 | hippo_03 horse_03
2026-06-25 11:46:52,499 INFO: avg err:0.0803 | err:0.1133 | hippo_03 horse_04
2026-06-25 11:46:52,856 INFO: avg err:0.0815 | err:0.2407 | hippo_03 horse_05
2026-06-25 11:46:53,007 INFO: avg err:0.0818 | err:0.1226 | hippo_03 horse_06
2026-06-25 11:46:53,357 INFO: avg err:0.0820 | err:0.1063 | hippo_03 horse_07
2026-06-25 11:46:53,506 INFO: avg err:0.0822 | err:0.1096 | hippo_03 horse_08
2026-06-25 11:46:53,875 INFO: avg err:0.0823 | err:0.1033 | hippo_03 horse_09
2026-06-25 11:46:54,028 INFO: avg err:0.0825 | err:0.1118 | hippo_03 horse_10
2026-06-25 11:46:54,389 INFO: avg err:0.0824 | err:0.0632 | hippo_04 cougar_01
2026-06-25 11:46:54,540 INFO: avg err:0.0823 | err:0.0670 | hippo_04 cougar_02
2026-06-25 11:46:54,883 INFO: avg err:0.0822 | err:0.0686 | hippo_04 cougar_03
2026-06-25 11:46:55,068 INFO: avg err:0.0821 | err:0.0683 | hippo_04 cougar_04
2026-06-25 11:46:55,386 INFO: avg err:0.0816 | err:0.0181 | hippo_04 hippo_01
2026-06-25 11:46:55,533 INFO: avg err:0.0815 | err:0.0582 | hippo_04 hippo_02
2026-06-25 11:46:55,884 INFO: avg err:0.0812 | err:0.0391 | hippo_04 hippo_03
2026-06-25 11:46:56,032 INFO: avg err:0.0807 | err:0.0000 | hippo_04 hippo_04
2026-06-25 11:46:56,377 INFO: avg err:0.0805 | err:0.0565 | hippo_04 hippo_05
2026-06-25 11:46:56,526 INFO: avg err:0.0802 | err:0.0334 | hippo_04 hippo_06
2026-06-25 11:46:56,880 INFO: avg err:0.0801 | err:0.0673 | hippo_04 horse_01
2026-06-25 11:46:57,028 INFO: avg err:0.0801 | err:0.0768 | hippo_04 horse_02
2026-06-25 11:46:57,380 INFO: avg err:0.0800 | err:0.0668 | hippo_04 horse_03
2026-06-25 11:46:57,527 INFO: avg err:0.0799 | err:0.0670 | hippo_04 horse_04
2026-06-25 11:46:57,891 INFO: avg err:0.0808 | err:0.2234 | hippo_04 horse_05
2026-06-25 11:46:58,038 INFO: avg err:0.0810 | err:0.1147 | hippo_04 horse_06
2026-06-25 11:46:58,391 INFO: avg err:0.0811 | err:0.0976 | hippo_04 horse_07
2026-06-25 11:46:58,537 INFO: avg err:0.0813 | err:0.0993 | hippo_04 horse_08
2026-06-25 11:46:58,887 INFO: avg err:0.0812 | err:0.0685 | hippo_04 horse_09
2026-06-25 11:46:59,035 INFO: avg err:0.0812 | err:0.0858 | hippo_04 horse_10
2026-06-25 11:46:59,421 INFO: avg err:0.0812 | err:0.0873 | hippo_05 cougar_01
2026-06-25 11:46:59,597 INFO: avg err:0.0813 | err:0.0943 | hippo_05 cougar_02
2026-06-25 11:46:59,999 INFO: avg err:0.0814 | err:0.0997 | hippo_05 cougar_03
2026-06-25 11:47:00,146 INFO: avg err:0.0815 | err:0.0944 | hippo_05 cougar_04
2026-06-25 11:47:00,662 INFO: avg err:0.0813 | err:0.0421 | hippo_05 hippo_01
2026-06-25 11:47:00,847 INFO: avg err:0.0809 | err:0.0232 | hippo_05 hippo_02
2026-06-25 11:47:01,274 INFO: avg err:0.0811 | err:0.1081 | hippo_05 hippo_03
2026-06-25 11:47:01,454 INFO: avg err:0.0809 | err:0.0437 | hippo_05 hippo_04
2026-06-25 11:47:01,801 INFO: avg err:0.0804 | err:0.0000 | hippo_05 hippo_05
2026-06-25 11:47:01,955 INFO: avg err:0.0805 | err:0.0996 | hippo_05 hippo_06
2026-06-25 11:47:02,331 INFO: avg err:0.0806 | err:0.0908 | hippo_05 horse_01
2026-06-25 11:47:02,477 INFO: avg err:0.0807 | err:0.1003 | hippo_05 horse_02
2026-06-25 11:47:02,844 INFO: avg err:0.0807 | err:0.0889 | hippo_05 horse_03
2026-06-25 11:47:02,987 INFO: avg err:0.0808 | err:0.0917 | hippo_05 horse_04
2026-06-25 11:47:03,341 INFO: avg err:0.0816 | err:0.2219 | hippo_05 horse_05
2026-06-25 11:47:03,484 INFO: avg err:0.0821 | err:0.1618 | hippo_05 horse_06
2026-06-25 11:47:03,857 INFO: avg err:0.0822 | err:0.1080 | hippo_05 horse_07
2026-06-25 11:47:04,000 INFO: avg err:0.0824 | err:0.1136 | hippo_05 horse_08
2026-06-25 11:47:04,391 INFO: avg err:0.0824 | err:0.0866 | hippo_05 horse_09
2026-06-25 11:47:04,570 INFO: avg err:0.0826 | err:0.1197 | hippo_05 horse_10
2026-06-25 11:47:04,902 INFO: avg err:0.0828 | err:0.1093 | hippo_06 cougar_01
2026-06-25 11:47:05,045 INFO: avg err:0.0830 | err:0.1333 | hippo_06 cougar_02
2026-06-25 11:47:05,474 INFO: avg err:0.0832 | err:0.1204 | hippo_06 cougar_03
2026-06-25 11:47:05,641 INFO: avg err:0.0834 | err:0.1068 | hippo_06 cougar_04
2026-06-25 11:47:05,946 INFO: avg err:0.0830 | err:0.0158 | hippo_06 hippo_01
2026-06-25 11:47:06,088 INFO: avg err:0.0828 | err:0.0540 | hippo_06 hippo_02
2026-06-25 11:47:06,484 INFO: avg err:0.0827 | err:0.0549 | hippo_06 hippo_03
2026-06-25 11:47:06,640 INFO: avg err:0.0824 | err:0.0293 | hippo_06 hippo_04
2026-06-25 11:47:06,982 INFO: avg err:0.0824 | err:0.0738 | hippo_06 hippo_05
2026-06-25 11:47:07,144 INFO: avg err:0.0819 | err:0.0000 | hippo_06 hippo_06
2026-06-25 11:47:07,487 INFO: avg err:0.0821 | err:0.1083 | hippo_06 horse_01
2026-06-25 11:47:07,640 INFO: avg err:0.0822 | err:0.1093 | hippo_06 horse_02
2026-06-25 11:47:08,100 INFO: avg err:0.0823 | err:0.1030 | hippo_06 horse_03
2026-06-25 11:47:08,252 INFO: avg err:0.0825 | err:0.1265 | hippo_06 horse_04
2026-06-25 11:47:08,639 INFO: avg err:0.0829 | err:0.1554 | hippo_06 horse_05
2026-06-25 11:47:08,784 INFO: avg err:0.0833 | err:0.1588 | hippo_06 horse_06
2026-06-25 11:47:09,189 INFO: avg err:0.0836 | err:0.1487 | hippo_06 horse_07
2026-06-25 11:47:09,335 INFO: avg err:0.0839 | err:0.1383 | hippo_06 horse_08
2026-06-25 11:47:09,765 INFO: avg err:0.0840 | err:0.1106 | hippo_06 horse_09
2026-06-25 11:47:09,910 INFO: avg err:0.0844 | err:0.1478 | hippo_06 horse_10
2026-06-25 11:47:10,319 INFO: avg err:0.0842 | err:0.0406 | horse_01 cougar_01
2026-06-25 11:47:10,466 INFO: avg err:0.0840 | err:0.0508 | horse_01 cougar_02
2026-06-25 11:47:10,813 INFO: avg err:0.0838 | err:0.0455 | horse_01 cougar_03
2026-06-25 11:47:10,982 INFO: avg err:0.0836 | err:0.0399 | horse_01 cougar_04
2026-06-25 11:47:11,315 INFO: avg err:0.0835 | err:0.0772 | horse_01 hippo_01
2026-06-25 11:47:11,464 INFO: avg err:0.0836 | err:0.1001 | horse_01 hippo_02
2026-06-25 11:47:11,842 INFO: avg err:0.0838 | err:0.1277 | horse_01 hippo_03
2026-06-25 11:47:11,994 INFO: avg err:0.0839 | err:0.0866 | horse_01 hippo_04
2026-06-25 11:47:12,331 INFO: avg err:0.0839 | err:0.0943 | horse_01 hippo_05
2026-06-25 11:47:12,482 INFO: avg err:0.0845 | err:0.2175 | horse_01 hippo_06
2026-06-25 11:47:12,863 INFO: avg err:0.0841 | err:0.0000 | horse_01 horse_01
2026-06-25 11:47:13,015 INFO: avg err:0.0838 | err:0.0197 | horse_01 horse_02
2026-06-25 11:47:13,381 INFO: avg err:0.0835 | err:0.0154 | horse_01 horse_03
2026-06-25 11:47:13,533 INFO: avg err:0.0832 | err:0.0227 | horse_01 horse_04
2026-06-25 11:47:13,890 INFO: avg err:0.0839 | err:0.2333 | horse_01 horse_05
2026-06-25 11:47:14,042 INFO: avg err:0.0839 | err:0.0811 | horse_01 horse_06
2026-06-25 11:47:14,422 INFO: avg err:0.0838 | err:0.0522 | horse_01 horse_07
2026-06-25 11:47:14,573 INFO: avg err:0.0835 | err:0.0235 | horse_01 horse_08
2026-06-25 11:47:14,919 INFO: avg err:0.0832 | err:0.0182 | horse_01 horse_09
2026-06-25 11:47:15,071 INFO: avg err:0.0829 | err:0.0291 | horse_01 horse_10
2026-06-25 11:47:15,455 INFO: avg err:0.0827 | err:0.0357 | horse_02 cougar_01
2026-06-25 11:47:15,626 INFO: avg err:0.0826 | err:0.0443 | horse_02 cougar_02
2026-06-25 11:47:16,019 INFO: avg err:0.0824 | err:0.0404 | horse_02 cougar_03
2026-06-25 11:47:16,196 INFO: avg err:0.0822 | err:0.0383 | horse_02 cougar_04
2026-06-25 11:47:16,582 INFO: avg err:0.0822 | err:0.0922 | horse_02 hippo_01
2026-06-25 11:47:16,762 INFO: avg err:0.0823 | err:0.0981 | horse_02 hippo_02
2026-06-25 11:47:17,099 INFO: avg err:0.0825 | err:0.1383 | horse_02 hippo_03
2026-06-25 11:47:17,260 INFO: avg err:0.0825 | err:0.0836 | horse_02 hippo_04
2026-06-25 11:47:17,628 INFO: avg err:0.0826 | err:0.1005 | horse_02 hippo_05
2026-06-25 11:47:17,781 INFO: avg err:0.0832 | err:0.2174 | horse_02 hippo_06
2026-06-25 11:47:18,127 INFO: avg err:0.0829 | err:0.0176 | horse_02 horse_01
2026-06-25 11:47:18,321 INFO: avg err:0.0826 | err:0.0000 | horse_02 horse_02
2026-06-25 11:47:18,682 INFO: avg err:0.0823 | err:0.0119 | horse_02 horse_03
2026-06-25 11:47:18,834 INFO: avg err:0.0820 | err:0.0196 | horse_02 horse_04
2026-06-25 11:47:19,172 INFO: avg err:0.0825 | err:0.1955 | horse_02 horse_05
2026-06-25 11:47:19,330 INFO: avg err:0.0822 | err:0.0231 | horse_02 horse_06
2026-06-25 11:47:19,741 INFO: avg err:0.0820 | err:0.0233 | horse_02 horse_07
2026-06-25 11:47:19,916 INFO: avg err:0.0817 | err:0.0170 | horse_02 horse_08
2026-06-25 11:47:20,220 INFO: avg err:0.0814 | err:0.0158 | horse_02 horse_09
2026-06-25 11:47:20,372 INFO: avg err:0.0812 | err:0.0186 | horse_02 horse_10
2026-06-25 11:47:20,822 INFO: avg err:0.0810 | err:0.0387 | horse_03 cougar_01
2026-06-25 11:47:20,989 INFO: avg err:0.0809 | err:0.0483 | horse_03 cougar_02
2026-06-25 11:47:21,380 INFO: avg err:0.0807 | err:0.0440 | horse_03 cougar_03
2026-06-25 11:47:21,548 INFO: avg err:0.0805 | err:0.0369 | horse_03 cougar_04
2026-06-25 11:47:21,878 INFO: avg err:0.0805 | err:0.0739 | horse_03 hippo_01
2026-06-25 11:47:22,046 INFO: avg err:0.0806 | err:0.1061 | horse_03 hippo_02
2026-06-25 11:47:22,376 INFO: avg err:0.0808 | err:0.1283 | horse_03 hippo_03
2026-06-25 11:47:22,523 INFO: avg err:0.0808 | err:0.0780 | horse_03 hippo_04
2026-06-25 11:47:22,907 INFO: avg err:0.0809 | err:0.0987 | horse_03 hippo_05
2026-06-25 11:47:23,054 INFO: avg err:0.0815 | err:0.2382 | horse_03 hippo_06
2026-06-25 11:47:23,423 INFO: avg err:0.0812 | err:0.0147 | horse_03 horse_01
2026-06-25 11:47:23,567 INFO: avg err:0.0810 | err:0.0140 | horse_03 horse_02
2026-06-25 11:47:23,914 INFO: avg err:0.0806 | err:0.0000 | horse_03 horse_03
2026-06-25 11:47:24,059 INFO: avg err:0.0804 | err:0.0254 | horse_03 horse_04
2026-06-25 11:47:24,562 INFO: avg err:0.0807 | err:0.1630 | horse_03 horse_05
2026-06-25 11:47:24,709 INFO: avg err:0.0805 | err:0.0201 | horse_03 horse_06
2026-06-25 11:47:25,030 INFO: avg err:0.0803 | err:0.0218 | horse_03 horse_07
2026-06-25 11:47:25,177 INFO: avg err:0.0800 | err:0.0206 | horse_03 horse_08
2026-06-25 11:47:25,567 INFO: avg err:0.0798 | err:0.0202 | horse_03 horse_09
2026-06-25 11:47:25,714 INFO: avg err:0.0796 | err:0.0199 | horse_03 horse_10
2026-06-25 11:47:26,092 INFO: avg err:0.0794 | err:0.0398 | horse_04 cougar_01
2026-06-25 11:47:26,251 INFO: avg err:0.0793 | err:0.0469 | horse_04 cougar_02
2026-06-25 11:47:26,601 INFO: avg err:0.0792 | err:0.0411 | horse_04 cougar_03
2026-06-25 11:47:26,762 INFO: avg err:0.0790 | err:0.0431 | horse_04 cougar_04
2026-06-25 11:47:27,092 INFO: avg err:0.0790 | err:0.0861 | horse_04 hippo_01
2026-06-25 11:47:27,244 INFO: avg err:0.0792 | err:0.1187 | horse_04 hippo_02
2026-06-25 11:47:27,605 INFO: avg err:0.0794 | err:0.1298 | horse_04 hippo_03
2026-06-25 11:47:27,769 INFO: avg err:0.0794 | err:0.0868 | horse_04 hippo_04
2026-06-25 11:47:28,117 INFO: avg err:0.0795 | err:0.0947 | horse_04 hippo_05
2026-06-25 11:47:28,269 INFO: avg err:0.0800 | err:0.2292 | horse_04 hippo_06
2026-06-25 11:47:28,647 INFO: avg err:0.0798 | err:0.0221 | horse_04 horse_01
2026-06-25 11:47:28,844 INFO: avg err:0.0796 | err:0.0177 | horse_04 horse_02
2026-06-25 11:47:29,173 INFO: avg err:0.0794 | err:0.0216 | horse_04 horse_03
2026-06-25 11:47:29,323 INFO: avg err:0.0791 | err:0.0000 | horse_04 horse_04
2026-06-25 11:47:29,702 INFO: avg err:0.0796 | err:0.2195 | horse_04 horse_05
2026-06-25 11:47:29,853 INFO: avg err:0.0795 | err:0.0414 | horse_04 horse_06
2026-06-25 11:47:30,240 INFO: avg err:0.0793 | err:0.0298 | horse_04 horse_07
2026-06-25 11:47:30,400 INFO: avg err:0.0791 | err:0.0243 | horse_04 horse_08
2026-06-25 11:47:30,729 INFO: avg err:0.0789 | err:0.0197 | horse_04 horse_09
2026-06-25 11:47:30,890 INFO: avg err:0.0787 | err:0.0246 | horse_04 horse_10
2026-06-25 11:47:31,414 INFO: avg err:0.0787 | err:0.0975 | horse_05 cougar_01
2026-06-25 11:47:31,580 INFO: avg err:0.0787 | err:0.0722 | horse_05 cougar_02
2026-06-25 11:47:32,023 INFO: avg err:0.0788 | err:0.1002 | horse_05 cougar_03
2026-06-25 11:47:32,187 INFO: avg err:0.0788 | err:0.0695 | horse_05 cougar_04
2026-06-25 11:47:32,586 INFO: avg err:0.0790 | err:0.1532 | horse_05 hippo_01
2026-06-25 11:47:32,773 INFO: avg err:0.0793 | err:0.1616 | horse_05 hippo_02
2026-06-25 11:47:33,216 INFO: avg err:0.0797 | err:0.1833 | horse_05 hippo_03
2026-06-25 11:47:33,428 INFO: avg err:0.0800 | err:0.1697 | horse_05 hippo_04
2026-06-25 11:47:33,838 INFO: avg err:0.0802 | err:0.1482 | horse_05 hippo_05
2026-06-25 11:47:34,048 INFO: avg err:0.0804 | err:0.1281 | horse_05 hippo_06
2026-06-25 11:47:34,469 INFO: avg err:0.0804 | err:0.0716 | horse_05 horse_01
2026-06-25 11:47:34,631 INFO: avg err:0.0806 | err:0.1391 | horse_05 horse_02
2026-06-25 11:47:35,101 INFO: avg err:0.0808 | err:0.1486 | horse_05 horse_03
2026-06-25 11:47:35,296 INFO: avg err:0.0808 | err:0.0724 | horse_05 horse_04
2026-06-25 11:47:35,586 INFO: avg err:0.0805 | err:0.0000 | horse_05 horse_05
2026-06-25 11:47:35,745 INFO: avg err:0.0807 | err:0.1533 | horse_05 horse_06
2026-06-25 11:47:36,131 INFO: avg err:0.0810 | err:0.1466 | horse_05 horse_07
2026-06-25 11:47:36,292 INFO: avg err:0.0812 | err:0.1558 | horse_05 horse_08
2026-06-25 11:47:36,715 INFO: avg err:0.0813 | err:0.0986 | horse_05 horse_09
2026-06-25 11:47:36,868 INFO: avg err:0.0816 | err:0.1974 | horse_05 horse_10
2026-06-25 11:47:37,238 INFO: avg err:0.0815 | err:0.0446 | horse_06 cougar_01
2026-06-25 11:47:37,392 INFO: avg err:0.0814 | err:0.0535 | horse_06 cougar_02
2026-06-25 11:47:37,776 INFO: avg err:0.0813 | err:0.0465 | horse_06 cougar_03
2026-06-25 11:47:37,971 INFO: avg err:0.0813 | err:0.0713 | horse_06 cougar_04
2026-06-25 11:47:38,470 INFO: avg err:0.0814 | err:0.1228 | horse_06 hippo_01
2026-06-25 11:47:38,658 INFO: avg err:0.0816 | err:0.1270 | horse_06 hippo_02
2026-06-25 11:47:38,982 INFO: avg err:0.0819 | err:0.1909 | horse_06 hippo_03
2026-06-25 11:47:39,141 INFO: avg err:0.0820 | err:0.1046 | horse_06 hippo_04
2026-06-25 11:47:39,620 INFO: avg err:0.0821 | err:0.1087 | horse_06 hippo_05
2026-06-25 11:47:39,786 INFO: avg err:0.0828 | err:0.2935 | horse_06 hippo_06
2026-06-25 11:47:40,134 INFO: avg err:0.0826 | err:0.0273 | horse_06 horse_01
2026-06-25 11:47:40,324 INFO: avg err:0.0824 | err:0.0170 | horse_06 horse_02
2026-06-25 11:47:40,680 INFO: avg err:0.0822 | err:0.0172 | horse_06 horse_03
2026-06-25 11:47:40,878 INFO: avg err:0.0820 | err:0.0271 | horse_06 horse_04
2026-06-25 11:47:41,327 INFO: avg err:0.0828 | err:0.3326 | horse_06 horse_05
2026-06-25 11:47:41,505 INFO: avg err:0.0825 | err:0.0000 | horse_06 horse_06
2026-06-25 11:47:41,960 INFO: avg err:0.0823 | err:0.0147 | horse_06 horse_07
2026-06-25 11:47:42,179 INFO: avg err:0.0821 | err:0.0239 | horse_06 horse_08
2026-06-25 11:47:42,561 INFO: avg err:0.0820 | err:0.0262 | horse_06 horse_09
2026-06-25 11:47:42,756 INFO: avg err:0.0818 | err:0.0230 | horse_06 horse_10
2026-06-25 11:47:43,120 INFO: avg err:0.0816 | err:0.0372 | horse_07 cougar_01
2026-06-25 11:47:43,277 INFO: avg err:0.0815 | err:0.0475 | horse_07 cougar_02
2026-06-25 11:47:43,680 INFO: avg err:0.0814 | err:0.0411 | horse_07 cougar_03
2026-06-25 11:47:43,824 INFO: avg err:0.0813 | err:0.0332 | horse_07 cougar_04
2026-06-25 11:47:44,219 INFO: avg err:0.0814 | err:0.1190 | horse_07 hippo_01
2026-06-25 11:47:44,364 INFO: avg err:0.0815 | err:0.1115 | horse_07 hippo_02
2026-06-25 11:47:44,725 INFO: avg err:0.0817 | err:0.1561 | horse_07 hippo_03
2026-06-25 11:47:44,872 INFO: avg err:0.0819 | err:0.1386 | horse_07 hippo_04
2026-06-25 11:47:45,229 INFO: avg err:0.0820 | err:0.1197 | horse_07 hippo_05
2026-06-25 11:47:45,373 INFO: avg err:0.0826 | err:0.2761 | horse_07 hippo_06
2026-06-25 11:47:45,734 INFO: avg err:0.0824 | err:0.0207 | horse_07 horse_01
2026-06-25 11:47:45,882 INFO: avg err:0.0822 | err:0.0221 | horse_07 horse_02
2026-06-25 11:47:46,240 INFO: avg err:0.0820 | err:0.0207 | horse_07 horse_03
2026-06-25 11:47:46,385 INFO: avg err:0.0819 | err:0.0295 | horse_07 horse_04
2026-06-25 11:47:46,764 INFO: avg err:0.0825 | err:0.2826 | horse_07 horse_05
2026-06-25 11:47:46,909 INFO: avg err:0.0823 | err:0.0157 | horse_07 horse_06
2026-06-25 11:47:47,291 INFO: avg err:0.0820 | err:0.0000 | horse_07 horse_07
2026-06-25 11:47:47,437 INFO: avg err:0.0819 | err:0.0270 | horse_07 horse_08
2026-06-25 11:47:47,840 INFO: avg err:0.0817 | err:0.0295 | horse_07 horse_09
2026-06-25 11:47:47,989 INFO: avg err:0.0815 | err:0.0232 | horse_07 horse_10
2026-06-25 11:47:48,329 INFO: avg err:0.0814 | err:0.0379 | horse_08 cougar_01
2026-06-25 11:47:48,475 INFO: avg err:0.0813 | err:0.0423 | horse_08 cougar_02
2026-06-25 11:47:48,849 INFO: avg err:0.0812 | err:0.0404 | horse_08 cougar_03
2026-06-25 11:47:49,004 INFO: avg err:0.0810 | err:0.0404 | horse_08 cougar_04
2026-06-25 11:47:49,364 INFO: avg err:0.0810 | err:0.0655 | horse_08 hippo_01
2026-06-25 11:47:49,538 INFO: avg err:0.0811 | err:0.1025 | horse_08 hippo_02
2026-06-25 11:47:49,871 INFO: avg err:0.0812 | err:0.1295 | horse_08 hippo_03
2026-06-25 11:47:50,024 INFO: avg err:0.0812 | err:0.0818 | horse_08 hippo_04
2026-06-25 11:47:50,374 INFO: avg err:0.0813 | err:0.1013 | horse_08 hippo_05
2026-06-25 11:47:50,520 INFO: avg err:0.0817 | err:0.2453 | horse_08 hippo_06
2026-06-25 11:47:50,891 INFO: avg err:0.0816 | err:0.0219 | horse_08 horse_01
2026-06-25 11:47:51,036 INFO: avg err:0.0814 | err:0.0141 | horse_08 horse_02
2026-06-25 11:47:51,376 INFO: avg err:0.0812 | err:0.0185 | horse_08 horse_03
2026-06-25 11:47:51,521 INFO: avg err:0.0810 | err:0.0220 | horse_08 horse_04
2026-06-25 11:47:51,902 INFO: avg err:0.0814 | err:0.2111 | horse_08 horse_05
2026-06-25 11:47:52,048 INFO: avg err:0.0812 | err:0.0237 | horse_08 horse_06
2026-06-25 11:47:52,386 INFO: avg err:0.0811 | err:0.0269 | horse_08 horse_07
2026-06-25 11:47:52,533 INFO: avg err:0.0808 | err:0.0000 | horse_08 horse_08
2026-06-25 11:47:52,881 INFO: avg err:0.0807 | err:0.0164 | horse_08 horse_09
2026-06-25 11:47:53,048 INFO: avg err:0.0805 | err:0.0337 | horse_08 horse_10
2026-06-25 11:47:53,425 INFO: avg err:0.0804 | err:0.0453 | horse_09 cougar_01
2026-06-25 11:47:53,570 INFO: avg err:0.0804 | err:0.0494 | horse_09 cougar_02
2026-06-25 11:47:53,919 INFO: avg err:0.0803 | err:0.0473 | horse_09 cougar_03
2026-06-25 11:47:54,064 INFO: avg err:0.0802 | err:0.0453 | horse_09 cougar_04
2026-06-25 11:47:54,428 INFO: avg err:0.0801 | err:0.0700 | horse_09 hippo_01
2026-06-25 11:47:54,574 INFO: avg err:0.0802 | err:0.0891 | horse_09 hippo_02
2026-06-25 11:47:54,972 INFO: avg err:0.0802 | err:0.1108 | horse_09 hippo_03
2026-06-25 11:47:55,121 INFO: avg err:0.0802 | err:0.0773 | horse_09 hippo_04
2026-06-25 11:47:55,535 INFO: avg err:0.0803 | err:0.0988 | horse_09 hippo_05
2026-06-25 11:47:55,683 INFO: avg err:0.0807 | err:0.2433 | horse_09 hippo_06
2026-06-25 11:47:56,094 INFO: avg err:0.0806 | err:0.0180 | horse_09 horse_01
2026-06-25 11:47:56,240 INFO: avg err:0.0804 | err:0.0156 | horse_09 horse_02
2026-06-25 11:47:56,598 INFO: avg err:0.0802 | err:0.0195 | horse_09 horse_03
2026-06-25 11:47:56,743 INFO: avg err:0.0801 | err:0.0198 | horse_09 horse_04
2026-06-25 11:47:57,142 INFO: avg err:0.0805 | err:0.2327 | horse_09 horse_05
2026-06-25 11:47:57,289 INFO: avg err:0.0804 | err:0.0619 | horse_09 horse_06
2026-06-25 11:47:57,608 INFO: avg err:0.0803 | err:0.0366 | horse_09 horse_07
2026-06-25 11:47:57,755 INFO: avg err:0.0802 | err:0.0293 | horse_09 horse_08
2026-06-25 11:47:58,102 INFO: avg err:0.0800 | err:0.0000 | horse_09 horse_09
2026-06-25 11:47:58,248 INFO: avg err:0.0798 | err:0.0256 | horse_09 horse_10
2026-06-25 11:47:58,662 INFO: avg err:0.0797 | err:0.0421 | horse_10 cougar_01
2026-06-25 11:47:58,808 INFO: avg err:0.0796 | err:0.0487 | horse_10 cougar_02
2026-06-25 11:47:59,162 INFO: avg err:0.0795 | err:0.0427 | horse_10 cougar_03
2026-06-25 11:47:59,311 INFO: avg err:0.0794 | err:0.0430 | horse_10 cougar_04
2026-06-25 11:47:59,667 INFO: avg err:0.0794 | err:0.0634 | horse_10 hippo_01
2026-06-25 11:47:59,813 INFO: avg err:0.0794 | err:0.0873 | horse_10 hippo_02
2026-06-25 11:48:00,173 INFO: avg err:0.0795 | err:0.1262 | horse_10 hippo_03
2026-06-25 11:48:00,319 INFO: avg err:0.0796 | err:0.0926 | horse_10 hippo_04
2026-06-25 11:48:00,682 INFO: avg err:0.0796 | err:0.1032 | horse_10 hippo_05
2026-06-25 11:48:00,829 INFO: avg err:0.0801 | err:0.2539 | horse_10 hippo_06
2026-06-25 11:48:01,257 INFO: avg err:0.0799 | err:0.0199 | horse_10 horse_01
2026-06-25 11:48:01,424 INFO: avg err:0.0798 | err:0.0164 | horse_10 horse_02
2026-06-25 11:48:01,812 INFO: avg err:0.0796 | err:0.0153 | horse_10 horse_03
2026-06-25 11:48:02,007 INFO: avg err:0.0795 | err:0.0228 | horse_10 horse_04
2026-06-25 11:48:02,350 INFO: avg err:0.0800 | err:0.3005 | horse_10 horse_05
2026-06-25 11:48:02,498 INFO: avg err:0.0799 | err:0.0224 | horse_10 horse_06
2026-06-25 11:48:02,872 INFO: avg err:0.0797 | err:0.0246 | horse_10 horse_07
2026-06-25 11:48:03,018 INFO: avg err:0.0796 | err:0.0222 | horse_10 horse_08
2026-06-25 11:48:03,344 INFO: avg err:0.0794 | err:0.0212 | horse_10 horse_09
2026-06-25 11:48:03,492 INFO: avg err:0.0792 | err:0.0000 | horse_10 horse_10
2026-06-25 11:48:03,526 INFO: Avg time: 0.0241
2026-06-25 11:48:04,104 INFO: Val auc: 0.7591
2026-06-25 11:48:04,112 INFO: Val avg error: 0.0792
2026-06-25 11:48:04,150 INFO: [ONB diag] max|Q-I|: mean=3.4168e-07 max=4.7684e-07 | max|Φ̃ᵀMΦ̃-I|: mean=3.4168e-07 max=4.7684e-07
2026-06-25 11:48:06,172 INFO: [smal_..][epoch: 10, iter:   8,020, lr:(6.204e-04,)][eta: 0:23:02, time (data): 0.104 (0.020)]l_bij: 9.4104e+01 l_orth: 1.0212e+02 l_align: 8.6590e+01 l_total: 2.8281e+02 
2026-06-25 11:48:08,187 INFO: [smal_..][epoch: 10, iter:   8,040, lr:(6.204e-04,)][eta: 0:22:58, time (data): 0.104 (0.020)]l_bij: 1.3808e+02 l_orth: 1.3413e+02 l_align: 9.2787e+01 l_total: 3.6499e+02 
2026-06-25 11:48:10,277 INFO: [smal_..][epoch: 10, iter:   8,060, lr:(6.204e-04,)][eta: 0:22:53, time (data): 0.104 (0.022)]l_bij: 9.9659e+01 l_orth: 1.0607e+02 l_align: 8.5555e+01 l_total: 2.9128e+02 
2026-06-25 11:48:12,306 INFO: [smal_..][epoch: 10, iter:   8,080, lr:(6.204e-04,)][eta: 0:22:49, time (data): 0.103 (0.021)]l_bij: 6.0342e+01 l_orth: 8.1456e+01 l_align: 9.7557e+01 l_total: 2.3935e+02 
2026-06-25 11:48:14,344 INFO: [smal_..][epoch: 10, iter:   8,100, lr:(6.204e-04,)][eta: 0:22:45, time (data): 0.103 (0.020)]l_bij: 1.1273e+02 l_orth: 1.1372e+02 l_align: 9.1634e+01 l_total: 3.1809e+02 
2026-06-25 11:48:16,370 INFO: [smal_..][epoch: 10, iter:   8,120, lr:(6.204e-04,)][eta: 0:22:41, time (data): 0.102 (0.020)]l_bij: 1.0991e+02 l_orth: 1.1428e+02 l_align: 9.3995e+01 l_total: 3.1818e+02 
2026-06-25 11:48:18,415 INFO: [smal_..][epoch: 10, iter:   8,140, lr:(6.204e-04,)][eta: 0:22:36, time (data): 0.102 (0.020)]l_bij: 6.1841e+01 l_orth: 7.7258e+01 l_align: 8.6715e+01 l_total: 2.2581e+02 
2026-06-25 11:48:20,506 INFO: [smal_..][epoch: 10, iter:   8,160, lr:(6.204e-04,)][eta: 0:22:32, time (data): 0.103 (0.020)]l_bij: 9.5543e+01 l_orth: 1.0568e+02 l_align: 9.5625e+01 l_total: 2.9685e+02 
2026-06-25 11:48:22,551 INFO: [smal_..][epoch: 10, iter:   8,180, lr:(6.204e-04,)][eta: 0:22:28, time (data): 0.103 (0.020)]l_bij: 9.7701e+01 l_orth: 1.0575e+02 l_align: 9.1675e+01 l_total: 2.9512e+02 
2026-06-25 11:48:24,612 INFO: [smal_..][epoch: 10, iter:   8,200, lr:(6.204e-04,)][eta: 0:22:24, time (data): 0.103 (0.020)]l_bij: 8.4293e+01 l_orth: 9.9578e+01 l_align: 8.8308e+01 l_total: 2.7218e+02 
2026-06-25 11:48:26,681 INFO: [smal_..][epoch: 10, iter:   8,220, lr:(6.204e-04,)][eta: 0:22:19, time (data): 0.103 (0.020)]l_bij: 1.1802e+02 l_orth: 1.2012e+02 l_align: 8.7139e+01 l_total: 3.2528e+02 
2026-06-25 11:48:28,742 INFO: [smal_..][epoch: 10, iter:   8,240, lr:(6.204e-04,)][eta: 0:22:15, time (data): 0.103 (0.021)]l_bij: 1.3074e+02 l_orth: 1.3193e+02 l_align: 1.0022e+02 l_total: 3.6290e+02 
2026-06-25 11:48:30,802 INFO: [smal_..][epoch: 10, iter:   8,260, lr:(6.204e-04,)][eta: 0:22:11, time (data): 0.103 (0.020)]l_bij: 1.2200e+02 l_orth: 1.2363e+02 l_align: 9.7087e+01 l_total: 3.4272e+02 
2026-06-25 11:48:33,124 INFO: [smal_..][epoch: 10, iter:   8,280, lr:(6.204e-04,)][eta: 0:22:07, time (data): 0.110 (0.023)]l_bij: 7.4649e+01 l_orth: 8.5507e+01 l_align: 8.3568e+01 l_total: 2.4372e+02 
2026-06-25 11:48:35,191 INFO: [smal_..][epoch: 10, iter:   8,300, lr:(6.204e-04,)][eta: 0:22:03, time (data): 0.108 (0.022)]l_bij: 7.2728e+01 l_orth: 8.4136e+01 l_align: 8.9430e+01 l_total: 2.4629e+02 
2026-06-25 11:48:37,640 INFO: [smal_..][epoch: 10, iter:   8,320, lr:(6.204e-04,)][eta: 0:21:59, time (data): 0.111 (0.024)]l_bij: 1.2239e+02 l_orth: 1.2176e+02 l_align: 9.2649e+01 l_total: 3.3679e+02 
2026-06-25 11:48:39,689 INFO: [smal_..][epoch: 10, iter:   8,340, lr:(6.204e-04,)][eta: 0:21:55, time (data): 0.109 (0.023)]l_bij: 4.7832e+01 l_orth: 7.4374e+01 l_align: 1.0490e+02 l_total: 2.2710e+02 
2026-06-25 11:48:41,856 INFO: [smal_..][epoch: 10, iter:   8,360, lr:(6.204e-04,)][eta: 0:21:51, time (data): 0.109 (0.023)]l_bij: 9.0285e+01 l_orth: 9.9301e+01 l_align: 8.7106e+01 l_total: 2.7669e+02 
2026-06-25 11:48:43,976 INFO: [smal_..][epoch: 10, iter:   8,380, lr:(6.204e-04,)][eta: 0:21:47, time (data): 0.109 (0.023)]l_bij: 1.2871e+02 l_orth: 1.2876e+02 l_align: 9.5652e+01 l_total: 3.5312e+02 
2026-06-25 11:48:46,161 INFO: [smal_..][epoch: 10, iter:   8,400, lr:(6.204e-04,)][eta: 0:21:43, time (data): 0.109 (0.023)]l_bij: 1.6770e+01 l_orth: 5.9154e+01 l_align: 1.1595e+02 l_total: 1.9187e+02 
2026-06-25 11:48:48,435 INFO: [smal_..][epoch: 11, iter:   8,420, lr:(5.500e-04,)][eta: 0:21:39, time (data): 0.109 (0.024)]l_bij: 8.9861e+01 l_orth: 1.0100e+02 l_align: 9.2532e+01 l_total: 2.8339e+02 
2026-06-25 11:48:50,504 INFO: [smal_..][epoch: 11, iter:   8,440, lr:(5.500e-04,)][eta: 0:21:35, time (data): 0.109 (0.023)]l_bij: 1.1480e+02 l_orth: 1.1802e+02 l_align: 9.2874e+01 l_total: 3.2570e+02 
2026-06-25 11:48:52,576 INFO: [smal_..][epoch: 11, iter:   8,460, lr:(5.500e-04,)][eta: 0:21:31, time (data): 0.103 (0.021)]l_bij: 1.0386e+02 l_orth: 1.0877e+02 l_align: 9.2071e+01 l_total: 3.0470e+02 
2026-06-25 11:48:54,843 INFO: [smal_..][epoch: 11, iter:   8,480, lr:(5.500e-04,)][eta: 0:21:27, time (data): 0.109 (0.023)]l_bij: 1.3503e+02 l_orth: 1.3366e+02 l_align: 9.4191e+01 l_total: 3.6288e+02 
2026-06-25 11:48:57,038 INFO: [smal_..][epoch: 11, iter:   8,500, lr:(5.500e-04,)][eta: 0:21:23, time (data): 0.109 (0.024)]l_bij: 8.1392e+01 l_orth: 9.4587e+01 l_align: 8.1314e+01 l_total: 2.5729e+02 
2026-06-25 11:48:59,147 INFO: [smal_..][epoch: 11, iter:   8,520, lr:(5.500e-04,)][eta: 0:21:19, time (data): 0.108 (0.023)]l_bij: 1.1398e+02 l_orth: 1.1603e+02 l_align: 9.3562e+01 l_total: 3.2358e+02 
2026-06-25 11:49:01,296 INFO: [smal_..][epoch: 11, iter:   8,540, lr:(5.500e-04,)][eta: 0:21:15, time (data): 0.108 (0.023)]l_bij: 1.0622e+02 l_orth: 1.1113e+02 l_align: 8.7882e+01 l_total: 3.0524e+02 
2026-06-25 11:49:03,368 INFO: [smal_..][epoch: 11, iter:   8,560, lr:(5.500e-04,)][eta: 0:21:11, time (data): 0.107 (0.022)]l_bij: 1.2984e+02 l_orth: 1.2858e+02 l_align: 9.9656e+01 l_total: 3.5808e+02 
2026-06-25 11:49:05,453 INFO: [smal_..][epoch: 11, iter:   8,580, lr:(5.500e-04,)][eta: 0:21:07, time (data): 0.107 (0.022)]l_bij: 1.1307e+02 l_orth: 1.1525e+02 l_align: 9.1362e+01 l_total: 3.1968e+02 
2026-06-25 11:49:07,600 INFO: [smal_..][epoch: 11, iter:   8,600, lr:(5.500e-04,)][eta: 0:21:03, time (data): 0.107 (0.022)]l_bij: 9.9379e+01 l_orth: 1.0441e+02 l_align: 8.6204e+01 l_total: 2.8999e+02 
2026-06-25 11:49:09,713 INFO: [smal_..][epoch: 11, iter:   8,620, lr:(5.500e-04,)][eta: 0:20:59, time (data): 0.107 (0.022)]l_bij: 1.0377e+02 l_orth: 1.0928e+02 l_align: 8.8550e+01 l_total: 3.0159e+02 
2026-06-25 11:49:11,932 INFO: [smal_..][epoch: 11, iter:   8,640, lr:(5.500e-04,)][eta: 0:20:55, time (data): 0.107 (0.022)]l_bij: 1.1453e+02 l_orth: 1.2062e+02 l_align: 8.9313e+01 l_total: 3.2446e+02 
2026-06-25 11:49:14,014 INFO: [smal_..][epoch: 11, iter:   8,660, lr:(5.500e-04,)][eta: 0:20:51, time (data): 0.103 (0.020)]l_bij: 6.6130e+01 l_orth: 8.5370e+01 l_align: 8.5316e+01 l_total: 2.3682e+02 
2026-06-25 11:49:16,089 INFO: [smal_..][epoch: 11, iter:   8,680, lr:(5.500e-04,)][eta: 0:20:47, time (data): 0.103 (0.021)]l_bij: 1.2565e+02 l_orth: 1.2759e+02 l_align: 9.2440e+01 l_total: 3.4568e+02 
2026-06-25 11:49:18,208 INFO: [smal_..][epoch: 11, iter:   8,700, lr:(5.500e-04,)][eta: 0:20:43, time (data): 0.104 (0.021)]l_bij: 4.5304e+01 l_orth: 6.9691e+01 l_align: 9.8767e+01 l_total: 2.1376e+02 
2026-06-25 11:49:20,249 INFO: [smal_..][epoch: 11, iter:   8,720, lr:(5.500e-04,)][eta: 0:20:39, time (data): 0.104 (0.021)]l_bij: 1.0855e+02 l_orth: 1.1190e+02 l_align: 8.6097e+01 l_total: 3.0655e+02 
2026-06-25 11:49:22,364 INFO: [smal_..][epoch: 11, iter:   8,740, lr:(5.500e-04,)][eta: 0:20:35, time (data): 0.104 (0.021)]l_bij: 9.6039e+01 l_orth: 1.0189e+02 l_align: 8.8659e+01 l_total: 2.8659e+02 
2026-06-25 11:49:24,400 INFO: [smal_..][epoch: 11, iter:   8,760, lr:(5.500e-04,)][eta: 0:20:31, time (data): 0.104 (0.021)]l_bij: 6.2774e+01 l_orth: 8.1457e+01 l_align: 9.1969e+01 l_total: 2.3620e+02 
2026-06-25 11:49:26,453 INFO: [smal_..][epoch: 11, iter:   8,780, lr:(5.500e-04,)][eta: 0:20:27, time (data): 0.103 (0.021)]l_bij: 9.5883e+00 l_orth: 5.0235e+01 l_align: 1.1339e+02 l_total: 1.7322e+02 
2026-06-25 11:49:28,523 INFO: [smal_..][epoch: 11, iter:   8,800, lr:(5.500e-04,)][eta: 0:20:23, time (data): 0.103 (0.021)]l_bij: 7.9462e+01 l_orth: 9.3256e+01 l_align: 8.4778e+01 l_total: 2.5750e+02 
2026-06-25 11:49:30,746 INFO: [smal_..][epoch: 11, iter:   8,820, lr:(5.500e-04,)][eta: 0:20:19, time (data): 0.104 (0.021)]l_bij: 1.0895e+02 l_orth: 1.1309e+02 l_align: 8.0870e+01 l_total: 3.0290e+02 
2026-06-25 11:49:32,957 INFO: [smal_..][epoch: 11, iter:   8,840, lr:(5.500e-04,)][eta: 0:20:15, time (data): 0.105 (0.022)]l_bij: 1.3426e+02 l_orth: 1.3041e+02 l_align: 9.2740e+01 l_total: 3.5740e+02 
2026-06-25 11:49:35,121 INFO: [smal_..][epoch: 11, iter:   8,860, lr:(5.500e-04,)][eta: 0:20:11, time (data): 0.109 (0.023)]l_bij: 8.0103e+01 l_orth: 9.1820e+01 l_align: 8.3676e+01 l_total: 2.5560e+02 
2026-06-25 11:49:37,452 INFO: [smal_..][epoch: 11, iter:   8,880, lr:(5.500e-04,)][eta: 0:20:08, time (data): 0.113 (0.026)]l_bij: 7.3841e+01 l_orth: 8.8349e+01 l_align: 8.4936e+01 l_total: 2.4713e+02 
2026-06-25 11:49:39,563 INFO: [smal_..][epoch: 11, iter:   8,900, lr:(5.500e-04,)][eta: 0:20:04, time (data): 0.110 (0.024)]l_bij: 1.0719e+02 l_orth: 1.1063e+02 l_align: 8.5278e+01 l_total: 3.0309e+02 
2026-06-25 11:49:41,649 INFO: [smal_..][epoch: 11, iter:   8,920, lr:(5.500e-04,)][eta: 0:20:00, time (data): 0.109 (0.023)]l_bij: 1.1398e+02 l_orth: 1.1712e+02 l_align: 8.7247e+01 l_total: 3.1834e+02 
2026-06-25 11:49:43,745 INFO: [smal_..][epoch: 11, iter:   8,940, lr:(5.500e-04,)][eta: 0:19:56, time (data): 0.108 (0.023)]l_bij: 7.5673e+01 l_orth: 9.0491e+01 l_align: 8.7149e+01 l_total: 2.5331e+02 
2026-06-25 11:49:45,781 INFO: [smal_..][epoch: 11, iter:   8,960, lr:(5.500e-04,)][eta: 0:19:52, time (data): 0.107 (0.022)]l_bij: 1.0463e+02 l_orth: 1.0769e+02 l_align: 8.2050e+01 l_total: 2.9437e+02 
2026-06-25 11:49:47,846 INFO: [smal_..][epoch: 11, iter:   8,980, lr:(5.500e-04,)][eta: 0:19:48, time (data): 0.106 (0.021)]l_bij: 1.1979e+02 l_orth: 1.2331e+02 l_align: 9.8142e+01 l_total: 3.4124e+02 
2026-06-25 11:49:49,988 INFO: [smal_..][epoch: 11, iter:   9,000, lr:(5.500e-04,)][eta: 0:19:45, time (data): 0.106 (0.022)]l_bij: 7.8802e+01 l_orth: 9.2459e+01 l_align: 8.7036e+01 l_total: 2.5830e+02 
2026-06-25 11:49:52,034 INFO: [smal_..][epoch: 11, iter:   9,020, lr:(5.500e-04,)][eta: 0:19:41, time (data): 0.106 (0.021)]l_bij: 1.1696e+02 l_orth: 1.1642e+02 l_align: 9.4140e+01 l_total: 3.2752e+02 
2026-06-25 11:49:54,061 INFO: [smal_..][epoch: 11, iter:   9,040, lr:(5.500e-04,)][eta: 0:19:37, time (data): 0.105 (0.021)]l_bij: 1.0868e+02 l_orth: 1.1546e+02 l_align: 8.8772e+01 l_total: 3.1292e+02 
2026-06-25 11:49:56,094 INFO: [smal_..][epoch: 11, iter:   9,060, lr:(5.500e-04,)][eta: 0:19:33, time (data): 0.101 (0.019)]l_bij: 1.0300e+02 l_orth: 1.1200e+02 l_align: 9.0723e+01 l_total: 3.0572e+02 
2026-06-25 11:49:58,304 INFO: [smal_..][epoch: 11, iter:   9,080, lr:(5.500e-04,)][eta: 0:19:29, time (data): 0.106 (0.022)]l_bij: 8.8345e+01 l_orth: 9.9250e+01 l_align: 8.7192e+01 l_total: 2.7479e+02 
2026-06-25 11:50:00,505 INFO: [smal_..][epoch: 11, iter:   9,100, lr:(5.500e-04,)][eta: 0:19:25, time (data): 0.108 (0.022)]l_bij: 1.1586e+02 l_orth: 1.1770e+02 l_align: 8.6656e+01 l_total: 3.2022e+02 
2026-06-25 11:50:02,562 INFO: [smal_..][epoch: 11, iter:   9,120, lr:(5.500e-04,)][eta: 0:19:22, time (data): 0.106 (0.021)]l_bij: 1.1055e+02 l_orth: 1.1141e+02 l_align: 9.1544e+01 l_total: 3.1350e+02 
2026-06-25 11:50:04,654 INFO: [smal_..][epoch: 11, iter:   9,140, lr:(5.500e-04,)][eta: 0:19:18, time (data): 0.106 (0.020)]l_bij: 1.0833e+02 l_orth: 1.1331e+02 l_align: 9.5299e+01 l_total: 3.1694e+02 
2026-06-25 11:50:06,679 INFO: [smal_..][epoch: 11, iter:   9,160, lr:(5.500e-04,)][eta: 0:19:14, time (data): 0.105 (0.020)]l_bij: 6.5152e+01 l_orth: 8.2438e+01 l_align: 9.4947e+01 l_total: 2.4254e+02 
2026-06-25 11:50:08,849 INFO: [smal_..][epoch: 11, iter:   9,180, lr:(5.500e-04,)][eta: 0:19:10, time (data): 0.106 (0.021)]l_bij: 6.5539e+01 l_orth: 8.0565e+01 l_align: 8.8614e+01 l_total: 2.3472e+02 
2026-06-25 11:50:10,926 INFO: [smal_..][epoch: 11, iter:   9,200, lr:(5.500e-04,)][eta: 0:19:06, time (data): 0.105 (0.021)]l_bij: 9.7603e+01 l_orth: 1.0579e+02 l_align: 8.8370e+01 l_total: 2.9177e+02 
2026-06-25 11:50:13,159 INFO: [smal_..][epoch: 11, iter:   9,220, lr:(5.500e-04,)][eta: 0:19:03, time (data): 0.106 (0.021)]l_bij: 6.8154e+01 l_orth: 8.1968e+01 l_align: 8.8146e+01 l_total: 2.3827e+02 
2026-06-25 11:50:15,248 INFO: [smal_..][epoch: 11, iter:   9,240, lr:(5.500e-04,)][eta: 0:18:59, time (data): 0.106 (0.021)]l_bij: 1.0986e+02 l_orth: 1.1385e+02 l_align: 9.0483e+01 l_total: 3.1419e+02 
2026-06-25 11:50:17,606 INFO: [smal_..][epoch: 12, iter:   9,260, lr:(4.796e-04,)][eta: 0:18:56, time (data): 0.123 (0.040)]l_bij: 9.6764e+01 l_orth: 1.0251e+02 l_align: 8.4830e+01 l_total: 2.8410e+02 
2026-06-25 11:50:19,832 INFO: [smal_..][epoch: 12, iter:   9,280, lr:(4.796e-04,)][eta: 0:18:52, time (data): 0.116 (0.033)]l_bij: 1.0667e+02 l_orth: 1.1097e+02 l_align: 8.7109e+01 l_total: 3.0475e+02 
2026-06-25 11:50:22,154 INFO: [smal_..][epoch: 12, iter:   9,300, lr:(4.796e-04,)][eta: 0:18:48, time (data): 0.116 (0.031)]l_bij: 1.0115e+02 l_orth: 1.0426e+02 l_align: 8.8467e+01 l_total: 2.9388e+02 
2026-06-25 11:50:24,458 INFO: [smal_..][epoch: 12, iter:   9,320, lr:(4.796e-04,)][eta: 0:18:45, time (data): 0.116 (0.030)]l_bij: 5.1368e+01 l_orth: 7.4984e+01 l_align: 9.5879e+01 l_total: 2.2223e+02 
2026-06-25 11:50:26,755 INFO: [smal_..][epoch: 12, iter:   9,340, lr:(4.796e-04,)][eta: 0:18:41, time (data): 0.116 (0.030)]l_bij: 9.5357e+01 l_orth: 1.0164e+02 l_align: 8.5851e+01 l_total: 2.8284e+02 
2026-06-25 11:50:28,993 INFO: [smal_..][epoch: 12, iter:   9,360, lr:(4.796e-04,)][eta: 0:18:38, time (data): 0.115 (0.030)]l_bij: 9.0569e+01 l_orth: 9.8331e+01 l_align: 8.1653e+01 l_total: 2.7055e+02 
2026-06-25 11:50:31,251 INFO: [smal_..][epoch: 12, iter:   9,380, lr:(4.796e-04,)][eta: 0:18:34, time (data): 0.115 (0.030)]l_bij: 1.0483e+02 l_orth: 1.1375e+02 l_align: 8.9746e+01 l_total: 3.0832e+02 
2026-06-25 11:50:33,410 INFO: [smal_..][epoch: 12, iter:   9,400, lr:(4.796e-04,)][eta: 0:18:30, time (data): 0.114 (0.029)]l_bij: 1.2899e+02 l_orth: 1.3254e+02 l_align: 1.0084e+02 l_total: 3.6237e+02 
2026-06-25 11:50:35,609 INFO: [smal_..][epoch: 12, iter:   9,420, lr:(4.796e-04,)][eta: 0:18:27, time (data): 0.113 (0.028)]l_bij: 1.1429e+02 l_orth: 1.1462e+02 l_align: 8.9630e+01 l_total: 3.1854e+02 
2026-06-25 11:50:37,750 INFO: [smal_..][epoch: 12, iter:   9,440, lr:(4.796e-04,)][eta: 0:18:23, time (data): 0.113 (0.028)]l_bij: 9.6474e+01 l_orth: 1.0381e+02 l_align: 8.7093e+01 l_total: 2.8738e+02 
2026-06-25 11:50:40,010 INFO: [smal_..][epoch: 12, iter:   9,460, lr:(4.796e-04,)][eta: 0:18:20, time (data): 0.115 (0.030)]l_bij: 9.7293e+01 l_orth: 1.0269e+02 l_align: 8.2126e+01 l_total: 2.8211e+02 
2026-06-25 11:50:43,139 INFO: [smal_..][epoch: 12, iter:   9,480, lr:(4.796e-04,)][eta: 0:18:17, time (data): 0.140 (0.035)]l_bij: 7.2541e+01 l_orth: 8.6177e+01 l_align: 8.4903e+01 l_total: 2.4362e+02 
2026-06-25 11:50:45,484 INFO: [smal_..][epoch: 12, iter:   9,500, lr:(4.796e-04,)][eta: 0:18:13, time (data): 0.131 (0.034)]l_bij: 1.1882e+02 l_orth: 1.2184e+02 l_align: 8.6088e+01 l_total: 3.2675e+02 
2026-06-25 11:50:47,779 INFO: [smal_..][epoch: 12, iter:   9,520, lr:(4.796e-04,)][eta: 0:18:10, time (data): 0.127 (0.033)]l_bij: 1.0060e+02 l_orth: 1.0848e+02 l_align: 8.8679e+01 l_total: 2.9776e+02 
2026-06-25 11:50:50,062 INFO: [smal_..][epoch: 12, iter:   9,540, lr:(4.796e-04,)][eta: 0:18:06, time (data): 0.124 (0.031)]l_bij: 1.2992e+02 l_orth: 1.3084e+02 l_align: 9.9593e+01 l_total: 3.6035e+02 
2026-06-25 11:50:52,324 INFO: [smal_..][epoch: 12, iter:   9,560, lr:(4.796e-04,)][eta: 0:18:03, time (data): 0.122 (0.031)]l_bij: 1.2728e+02 l_orth: 1.2612e+02 l_align: 8.1698e+01 l_total: 3.3510e+02 
2026-06-25 11:50:54,449 INFO: [smal_..][epoch: 12, iter:   9,580, lr:(4.796e-04,)][eta: 0:17:59, time (data): 0.120 (0.030)]l_bij: 1.1193e+02 l_orth: 1.1303e+02 l_align: 8.7790e+01 l_total: 3.1275e+02 
2026-06-25 11:50:56,660 INFO: [smal_..][epoch: 12, iter:   9,600, lr:(4.796e-04,)][eta: 0:17:55, time (data): 0.119 (0.029)]l_bij: 9.9479e+01 l_orth: 1.0602e+02 l_align: 8.9751e+01 l_total: 2.9525e+02 
2026-06-25 11:50:58,872 INFO: [smal_..][epoch: 12, iter:   9,620, lr:(4.796e-04,)][eta: 0:17:52, time (data): 0.118 (0.029)]l_bij: 1.0073e+02 l_orth: 1.0645e+02 l_align: 8.8613e+01 l_total: 2.9579e+02 
2026-06-25 11:51:01,072 INFO: [smal_..][epoch: 12, iter:   9,640, lr:(4.796e-04,)][eta: 0:17:48, time (data): 0.117 (0.029)]l_bij: 1.0887e+02 l_orth: 1.1347e+02 l_align: 9.2224e+01 l_total: 3.1456e+02 
2026-06-25 11:51:03,242 INFO: [smal_..][epoch: 12, iter:   9,660, lr:(4.796e-04,)][eta: 0:17:45, time (data): 0.110 (0.026)]l_bij: 6.8677e+01 l_orth: 8.7227e+01 l_align: 8.6554e+01 l_total: 2.4246e+02 
2026-06-25 11:51:05,400 INFO: [smal_..][epoch: 12, iter:   9,680, lr:(4.796e-04,)][eta: 0:17:41, time (data): 0.109 (0.025)]l_bij: 9.8861e+01 l_orth: 1.0457e+02 l_align: 8.5655e+01 l_total: 2.8909e+02 
2026-06-25 11:51:07,515 INFO: [smal_..][epoch: 12, iter:   9,700, lr:(4.796e-04,)][eta: 0:17:38, time (data): 0.108 (0.024)]l_bij: 7.1937e+01 l_orth: 8.8620e+01 l_align: 8.5356e+01 l_total: 2.4591e+02 
2026-06-25 11:51:09,824 INFO: [smal_..][epoch: 12, iter:   9,720, lr:(4.796e-04,)][eta: 0:17:34, time (data): 0.110 (0.026)]l_bij: 1.2319e+02 l_orth: 1.2559e+02 l_align: 9.2806e+01 l_total: 3.4160e+02 
2026-06-25 11:51:11,936 INFO: [smal_..][epoch: 12, iter:   9,740, lr:(4.796e-04,)][eta: 0:17:30, time (data): 0.109 (0.025)]l_bij: 1.0645e+02 l_orth: 1.1159e+02 l_align: 8.9723e+01 l_total: 3.0777e+02 
2026-06-25 11:51:14,028 INFO: [smal_..][epoch: 12, iter:   9,760, lr:(4.796e-04,)][eta: 0:17:27, time (data): 0.108 (0.024)]l_bij: 9.8659e+01 l_orth: 1.0273e+02 l_align: 8.7585e+01 l_total: 2.8897e+02 
2026-06-25 11:51:16,204 INFO: [smal_..][epoch: 12, iter:   9,780, lr:(4.796e-04,)][eta: 0:17:23, time (data): 0.108 (0.025)]l_bij: 1.1155e+02 l_orth: 1.1592e+02 l_align: 8.4995e+01 l_total: 3.1247e+02 
2026-06-25 11:51:18,436 INFO: [smal_..][epoch: 12, iter:   9,800, lr:(4.796e-04,)][eta: 0:17:20, time (data): 0.109 (0.025)]l_bij: 8.3085e+01 l_orth: 9.2580e+01 l_align: 8.0353e+01 l_total: 2.5602e+02 
2026-06-25 11:51:20,598 INFO: [smal_..][epoch: 12, iter:   9,820, lr:(4.796e-04,)][eta: 0:17:16, time (data): 0.109 (0.025)]l_bij: 1.0040e+02 l_orth: 1.0475e+02 l_align: 7.7459e+01 l_total: 2.8261e+02 
2026-06-25 11:51:22,811 INFO: [smal_..][epoch: 12, iter:   9,840, lr:(4.796e-04,)][eta: 0:17:13, time (data): 0.109 (0.025)]l_bij: 9.4494e+01 l_orth: 1.0075e+02 l_align: 8.7059e+01 l_total: 2.8230e+02 
2026-06-25 11:51:24,954 INFO: [smal_..][epoch: 12, iter:   9,860, lr:(4.796e-04,)][eta: 0:17:09, time (data): 0.107 (0.025)]l_bij: 9.5714e+01 l_orth: 1.0347e+02 l_align: 8.9315e+01 l_total: 2.8850e+02 
2026-06-25 11:51:27,057 INFO: [smal_..][epoch: 12, iter:   9,880, lr:(4.796e-04,)][eta: 0:17:06, time (data): 0.106 (0.024)]l_bij: 9.9369e+01 l_orth: 1.0555e+02 l_align: 8.2570e+01 l_total: 2.8749e+02 
2026-06-25 11:51:29,215 INFO: [smal_..][epoch: 12, iter:   9,900, lr:(4.796e-04,)][eta: 0:17:02, time (data): 0.107 (0.024)]l_bij: 1.2020e+02 l_orth: 1.2211e+02 l_align: 8.7042e+01 l_total: 3.2935e+02 
2026-06-25 11:51:31,435 INFO: [smal_..][epoch: 12, iter:   9,920, lr:(4.796e-04,)][eta: 0:16:59, time (data): 0.108 (0.026)]l_bij: 1.1353e+02 l_orth: 1.2305e+02 l_align: 8.8320e+01 l_total: 3.2490e+02 
2026-06-25 11:51:33,595 INFO: [smal_..][epoch: 12, iter:   9,940, lr:(4.796e-04,)][eta: 0:16:55, time (data): 0.108 (0.025)]l_bij: 1.0829e+02 l_orth: 1.1209e+02 l_align: 8.2195e+01 l_total: 3.0257e+02 
2026-06-25 11:51:35,762 INFO: [smal_..][epoch: 12, iter:   9,960, lr:(4.796e-04,)][eta: 0:16:52, time (data): 0.108 (0.025)]l_bij: 1.1206e+02 l_orth: 1.1774e+02 l_align: 8.9723e+01 l_total: 3.1953e+02 
2026-06-25 11:51:37,933 INFO: [smal_..][epoch: 12, iter:   9,980, lr:(4.796e-04,)][eta: 0:16:48, time (data): 0.108 (0.025)]l_bij: 6.6292e+01 l_orth: 8.2835e+01 l_align: 8.9253e+01 l_total: 2.3838e+02 
2026-06-25 11:51:40,084 INFO: [smal_..][epoch: 12, iter:  10,000, lr:(4.796e-04,)][eta: 0:16:45, time (data): 0.108 (0.025)]l_bij: 1.0261e+02 l_orth: 1.0738e+02 l_align: 8.4744e+01 l_total: 2.9473e+02 
2026-06-25 11:51:40,084 INFO: Saving models and training states.
2026-06-25 11:51:40,104 INFO: Start validation.
2026-06-25 11:51:40,874 INFO: avg err:0.0000 | err:0.0000 | cougar_01 cougar_01
2026-06-25 11:51:41,031 INFO: avg err:0.0080 | err:0.0159 | cougar_01 cougar_02
2026-06-25 11:51:41,373 INFO: avg err:0.0125 | err:0.0215 | cougar_01 cougar_03
2026-06-25 11:51:41,528 INFO: avg err:0.0143 | err:0.0196 | cougar_01 cougar_04
2026-06-25 11:51:41,889 INFO: avg err:0.0416 | err:0.1507 | cougar_01 hippo_01
2026-06-25 11:51:42,045 INFO: avg err:0.0517 | err:0.1021 | cougar_01 hippo_02
2026-06-25 11:51:42,399 INFO: avg err:0.0675 | err:0.1624 | cougar_01 hippo_03
2026-06-25 11:51:42,556 INFO: avg err:0.0762 | err:0.1374 | cougar_01 hippo_04
2026-06-25 11:51:42,897 INFO: avg err:0.0782 | err:0.0943 | cougar_01 hippo_05
2026-06-25 11:51:43,055 INFO: avg err:0.0953 | err:0.2488 | cougar_01 hippo_06
2026-06-25 11:51:43,402 INFO: avg err:0.0897 | err:0.0340 | cougar_01 horse_01
2026-06-25 11:51:43,560 INFO: avg err:0.0886 | err:0.0766 | cougar_01 horse_02
2026-06-25 11:51:43,899 INFO: avg err:0.0842 | err:0.0312 | cougar_01 horse_03
2026-06-25 11:51:44,053 INFO: avg err:0.0807 | err:0.0348 | cougar_01 horse_04
2026-06-25 11:51:44,421 INFO: avg err:0.0904 | err:0.2272 | cougar_01 horse_05
2026-06-25 11:51:44,591 INFO: avg err:0.0920 | err:0.1159 | cougar_01 horse_06
2026-06-25 11:51:44,959 INFO: avg err:0.0887 | err:0.0361 | cougar_01 horse_07
2026-06-25 11:51:45,104 INFO: avg err:0.0856 | err:0.0328 | cougar_01 horse_08
2026-06-25 11:51:45,482 INFO: avg err:0.0832 | err:0.0388 | cougar_01 horse_09
2026-06-25 11:51:45,627 INFO: avg err:0.0839 | err:0.0972 | cougar_01 horse_10
2026-06-25 11:51:46,011 INFO: avg err:0.0806 | err:0.0162 | cougar_02 cougar_01
2026-06-25 11:51:46,177 INFO: avg err:0.0770 | err:0.0000 | cougar_02 cougar_02
2026-06-25 11:51:46,511 INFO: avg err:0.0746 | err:0.0225 | cougar_02 cougar_03
2026-06-25 11:51:46,657 INFO: avg err:0.0725 | err:0.0237 | cougar_02 cougar_04
2026-06-25 11:51:47,017 INFO: avg err:0.0745 | err:0.1230 | cougar_02 hippo_01
2026-06-25 11:51:47,163 INFO: avg err:0.0761 | err:0.1163 | cougar_02 hippo_02
2026-06-25 11:51:47,510 INFO: avg err:0.0793 | err:0.1617 | cougar_02 hippo_03
2026-06-25 11:51:47,657 INFO: avg err:0.0820 | err:0.1550 | cougar_02 hippo_04
2026-06-25 11:51:48,023 INFO: avg err:0.0828 | err:0.1041 | cougar_02 hippo_05
2026-06-25 11:51:48,168 INFO: avg err:0.0901 | err:0.3024 | cougar_02 hippo_06
2026-06-25 11:51:48,547 INFO: avg err:0.0889 | err:0.0552 | cougar_02 horse_01
2026-06-25 11:51:48,694 INFO: avg err:0.0876 | err:0.0449 | cougar_02 horse_02
2026-06-25 11:51:49,009 INFO: avg err:0.0866 | err:0.0544 | cougar_02 horse_03
2026-06-25 11:51:49,156 INFO: avg err:0.0852 | err:0.0393 | cougar_02 horse_04
2026-06-25 11:51:49,513 INFO: avg err:0.0897 | err:0.2447 | cougar_02 horse_05
2026-06-25 11:51:49,662 INFO: avg err:0.0913 | err:0.1462 | cougar_02 horse_06
2026-06-25 11:51:50,002 INFO: avg err:0.0904 | err:0.0561 | cougar_02 horse_07
2026-06-25 11:51:50,149 INFO: avg err:0.0892 | err:0.0451 | cougar_02 horse_08
2026-06-25 11:51:50,504 INFO: avg err:0.0885 | err:0.0646 | cougar_02 horse_09
2026-06-25 11:51:50,652 INFO: avg err:0.0885 | err:0.0886 | cougar_02 horse_10
2026-06-25 11:51:50,989 INFO: avg err:0.0869 | err:0.0197 | cougar_03 cougar_01
2026-06-25 11:51:51,137 INFO: avg err:0.0853 | err:0.0230 | cougar_03 cougar_02
2026-06-25 11:51:51,473 INFO: avg err:0.0834 | err:0.0000 | cougar_03 cougar_03
2026-06-25 11:51:51,627 INFO: avg err:0.0821 | err:0.0273 | cougar_03 cougar_04
2026-06-25 11:51:52,004 INFO: avg err:0.0839 | err:0.1624 | cougar_03 hippo_01
2026-06-25 11:51:52,152 INFO: avg err:0.0850 | err:0.1373 | cougar_03 hippo_02
2026-06-25 11:51:52,490 INFO: avg err:0.0874 | err:0.1978 | cougar_03 hippo_03
2026-06-25 11:51:52,661 INFO: avg err:0.0893 | err:0.1757 | cougar_03 hippo_04
2026-06-25 11:51:53,037 INFO: avg err:0.0899 | err:0.1199 | cougar_03 hippo_05
2026-06-25 11:51:53,185 INFO: avg err:0.0939 | err:0.2913 | cougar_03 hippo_06
2026-06-25 11:51:53,529 INFO: avg err:0.0929 | err:0.0396 | cougar_03 horse_01
2026-06-25 11:51:53,678 INFO: avg err:0.0917 | err:0.0332 | cougar_03 horse_02
2026-06-25 11:51:54,024 INFO: avg err:0.0906 | err:0.0342 | cougar_03 horse_03
2026-06-25 11:51:54,173 INFO: avg err:0.0895 | err:0.0322 | cougar_03 horse_04
2026-06-25 11:51:54,523 INFO: avg err:0.0928 | err:0.2715 | cougar_03 horse_05
2026-06-25 11:51:54,672 INFO: avg err:0.0921 | err:0.0525 | cougar_03 horse_06
2026-06-25 11:51:55,023 INFO: avg err:0.0912 | err:0.0384 | cougar_03 horse_07
2026-06-25 11:51:55,170 INFO: avg err:0.0902 | err:0.0351 | cougar_03 horse_08
2026-06-25 11:51:55,523 INFO: avg err:0.0894 | err:0.0398 | cougar_03 horse_09
2026-06-25 11:51:55,670 INFO: avg err:0.0886 | err:0.0436 | cougar_03 horse_10
2026-06-25 11:51:56,022 INFO: avg err:0.0875 | err:0.0194 | cougar_04 cougar_01
2026-06-25 11:51:56,170 INFO: avg err:0.0864 | err:0.0244 | cougar_04 cougar_02
2026-06-25 11:51:56,517 INFO: avg err:0.0855 | err:0.0264 | cougar_04 cougar_03
2026-06-25 11:51:56,666 INFO: avg err:0.0842 | err:0.0000 | cougar_04 cougar_04
2026-06-25 11:51:57,017 INFO: avg err:0.0850 | err:0.1371 | cougar_04 hippo_01
2026-06-25 11:51:57,163 INFO: avg err:0.0850 | err:0.0867 | cougar_04 hippo_02
2026-06-25 11:51:57,518 INFO: avg err:0.0864 | err:0.1810 | cougar_04 hippo_03
2026-06-25 11:51:57,666 INFO: avg err:0.0872 | err:0.1396 | cougar_04 hippo_04
2026-06-25 11:51:58,028 INFO: avg err:0.0873 | err:0.0963 | cougar_04 hippo_05
2026-06-25 11:51:58,174 INFO: avg err:0.0899 | err:0.2634 | cougar_04 hippo_06
2026-06-25 11:51:58,526 INFO: avg err:0.0890 | err:0.0317 | cougar_04 horse_01
2026-06-25 11:51:58,676 INFO: avg err:0.0886 | err:0.0577 | cougar_04 horse_02
2026-06-25 11:51:59,025 INFO: avg err:0.0878 | err:0.0283 | cougar_04 horse_03
2026-06-25 11:51:59,172 INFO: avg err:0.0871 | err:0.0388 | cougar_04 horse_04
2026-06-25 11:51:59,526 INFO: avg err:0.0891 | err:0.2324 | cougar_04 horse_05
2026-06-25 11:51:59,674 INFO: avg err:0.0893 | err:0.1077 | cougar_04 horse_06
2026-06-25 11:52:00,031 INFO: avg err:0.0886 | err:0.0349 | cougar_04 horse_07
2026-06-25 11:52:00,178 INFO: avg err:0.0879 | err:0.0353 | cougar_04 horse_08
2026-06-25 11:52:00,526 INFO: avg err:0.0873 | err:0.0371 | cougar_04 horse_09
2026-06-25 11:52:00,674 INFO: avg err:0.0872 | err:0.0786 | cougar_04 horse_10
2026-06-25 11:52:01,019 INFO: avg err:0.0869 | err:0.0655 | hippo_01 cougar_01
2026-06-25 11:52:01,168 INFO: avg err:0.0867 | err:0.0691 | hippo_01 cougar_02
2026-06-25 11:52:01,515 INFO: avg err:0.0866 | err:0.0767 | hippo_01 cougar_03
2026-06-25 11:52:01,662 INFO: avg err:0.0863 | err:0.0689 | hippo_01 cougar_04
2026-06-25 11:52:02,017 INFO: avg err:0.0853 | err:0.0000 | hippo_01 hippo_01
2026-06-25 11:52:02,164 INFO: avg err:0.0849 | err:0.0473 | hippo_01 hippo_02
2026-06-25 11:52:02,562 INFO: avg err:0.0846 | err:0.0577 | hippo_01 hippo_03
2026-06-25 11:52:02,733 INFO: avg err:0.0838 | err:0.0188 | hippo_01 hippo_04
2026-06-25 11:52:03,023 INFO: avg err:0.0835 | err:0.0551 | hippo_01 hippo_05
2026-06-25 11:52:03,194 INFO: avg err:0.0828 | err:0.0220 | hippo_01 hippo_06
2026-06-25 11:52:03,545 INFO: avg err:0.0828 | err:0.0845 | hippo_01 horse_01
2026-06-25 11:52:03,691 INFO: avg err:0.0829 | err:0.0872 | hippo_01 horse_02
2026-06-25 11:52:04,033 INFO: avg err:0.0828 | err:0.0793 | hippo_01 horse_03
2026-06-25 11:52:04,180 INFO: avg err:0.0829 | err:0.0849 | hippo_01 horse_04
2026-06-25 11:52:04,550 INFO: avg err:0.0841 | err:0.2010 | hippo_01 horse_05
2026-06-25 11:52:04,695 INFO: avg err:0.0846 | err:0.1261 | hippo_01 horse_06
2026-06-25 11:52:05,035 INFO: avg err:0.0848 | err:0.1085 | hippo_01 horse_07
2026-06-25 11:52:05,181 INFO: avg err:0.0848 | err:0.0840 | hippo_01 horse_08
2026-06-25 11:52:05,531 INFO: avg err:0.0848 | err:0.0844 | hippo_01 horse_09
2026-06-25 11:52:05,677 INFO: avg err:0.0848 | err:0.0904 | hippo_01 horse_10
2026-06-25 11:52:06,031 INFO: avg err:0.0849 | err:0.0866 | hippo_02 cougar_01
2026-06-25 11:52:06,177 INFO: avg err:0.0849 | err:0.0918 | hippo_02 cougar_02
2026-06-25 11:52:06,516 INFO: avg err:0.0850 | err:0.0931 | hippo_02 cougar_03
2026-06-25 11:52:06,676 INFO: avg err:0.0850 | err:0.0817 | hippo_02 cougar_04
2026-06-25 11:52:07,048 INFO: avg err:0.0846 | err:0.0484 | hippo_02 hippo_01
2026-06-25 11:52:07,193 INFO: avg err:0.0838 | err:0.0000 | hippo_02 hippo_02
2026-06-25 11:52:07,575 INFO: avg err:0.0841 | err:0.1128 | hippo_02 hippo_03
2026-06-25 11:52:07,732 INFO: avg err:0.0839 | err:0.0642 | hippo_02 hippo_04
2026-06-25 11:52:08,070 INFO: avg err:0.0834 | err:0.0267 | hippo_02 hippo_05
2026-06-25 11:52:08,218 INFO: avg err:0.0831 | err:0.0564 | hippo_02 hippo_06
2026-06-25 11:52:08,585 INFO: avg err:0.0831 | err:0.0814 | hippo_02 horse_01
2026-06-25 11:52:08,732 INFO: avg err:0.0832 | err:0.0873 | hippo_02 horse_02
2026-06-25 11:52:09,099 INFO: avg err:0.0831 | err:0.0737 | hippo_02 horse_03
2026-06-25 11:52:09,247 INFO: avg err:0.0832 | err:0.0918 | hippo_02 horse_04
2026-06-25 11:52:09,604 INFO: avg err:0.0844 | err:0.2304 | hippo_02 horse_05
2026-06-25 11:52:09,752 INFO: avg err:0.0846 | err:0.1061 | hippo_02 horse_06
2026-06-25 11:52:10,112 INFO: avg err:0.0847 | err:0.0932 | hippo_02 horse_07
2026-06-25 11:52:10,265 INFO: avg err:0.0848 | err:0.0910 | hippo_02 horse_08
2026-06-25 11:52:10,624 INFO: avg err:0.0847 | err:0.0828 | hippo_02 horse_09
2026-06-25 11:52:10,770 INFO: avg err:0.0847 | err:0.0850 | hippo_02 horse_10
2026-06-25 11:52:11,134 INFO: avg err:0.0848 | err:0.0974 | hippo_03 cougar_01
2026-06-25 11:52:11,282 INFO: avg err:0.0849 | err:0.0877 | hippo_03 cougar_02
2026-06-25 11:52:11,621 INFO: avg err:0.0851 | err:0.1114 | hippo_03 cougar_03
2026-06-25 11:52:11,769 INFO: avg err:0.0852 | err:0.1009 | hippo_03 cougar_04
2026-06-25 11:52:12,130 INFO: avg err:0.0848 | err:0.0401 | hippo_03 hippo_01
2026-06-25 11:52:12,279 INFO: avg err:0.0849 | err:0.0890 | hippo_03 hippo_02
2026-06-25 11:52:12,632 INFO: avg err:0.0842 | err:0.0000 | hippo_03 hippo_03
2026-06-25 11:52:12,781 INFO: avg err:0.0837 | err:0.0228 | hippo_03 hippo_04
2026-06-25 11:52:13,133 INFO: avg err:0.0837 | err:0.0769 | hippo_03 hippo_05
2026-06-25 11:52:13,281 INFO: avg err:0.0834 | err:0.0470 | hippo_03 hippo_06
2026-06-25 11:52:13,625 INFO: avg err:0.0836 | err:0.1117 | hippo_03 horse_01
2026-06-25 11:52:13,772 INFO: avg err:0.0840 | err:0.1390 | hippo_03 horse_02
2026-06-25 11:52:14,151 INFO: avg err:0.0843 | err:0.1136 | hippo_03 horse_03
2026-06-25 11:52:14,299 INFO: avg err:0.0845 | err:0.1148 | hippo_03 horse_04
2026-06-25 11:52:14,619 INFO: avg err:0.0862 | err:0.3134 | hippo_03 horse_05
2026-06-25 11:52:14,767 INFO: avg err:0.0865 | err:0.1346 | hippo_03 horse_06
2026-06-25 11:52:15,110 INFO: avg err:0.0869 | err:0.1372 | hippo_03 horse_07
2026-06-25 11:52:15,259 INFO: avg err:0.0873 | err:0.1361 | hippo_03 horse_08
2026-06-25 11:52:15,592 INFO: avg err:0.0875 | err:0.1220 | hippo_03 horse_09
2026-06-25 11:52:15,740 INFO: avg err:0.0879 | err:0.1435 | hippo_03 horse_10
2026-06-25 11:52:16,110 INFO: avg err:0.0877 | err:0.0641 | hippo_04 cougar_01
2026-06-25 11:52:16,270 INFO: avg err:0.0876 | err:0.0714 | hippo_04 cougar_02
2026-06-25 11:52:16,603 INFO: avg err:0.0875 | err:0.0701 | hippo_04 cougar_03
2026-06-25 11:52:16,750 INFO: avg err:0.0874 | err:0.0694 | hippo_04 cougar_04
2026-06-25 11:52:17,095 INFO: avg err:0.0869 | err:0.0185 | hippo_04 hippo_01
2026-06-25 11:52:17,255 INFO: avg err:0.0867 | err:0.0539 | hippo_04 hippo_02
2026-06-25 11:52:17,608 INFO: avg err:0.0862 | err:0.0205 | hippo_04 hippo_03
2026-06-25 11:52:17,768 INFO: avg err:0.0856 | err:0.0000 | hippo_04 hippo_04
2026-06-25 11:52:18,091 INFO: avg err:0.0854 | err:0.0492 | hippo_04 hippo_05
2026-06-25 11:52:18,252 INFO: avg err:0.0852 | err:0.0564 | hippo_04 hippo_06
2026-06-25 11:52:18,599 INFO: avg err:0.0852 | err:0.0788 | hippo_04 horse_01
2026-06-25 11:52:18,762 INFO: avg err:0.0853 | err:0.1049 | hippo_04 horse_02
2026-06-25 11:52:19,099 INFO: avg err:0.0853 | err:0.0808 | hippo_04 horse_03
2026-06-25 11:52:19,275 INFO: avg err:0.0852 | err:0.0799 | hippo_04 horse_04
2026-06-25 11:52:19,595 INFO: avg err:0.0865 | err:0.2773 | hippo_04 horse_05
2026-06-25 11:52:19,756 INFO: avg err:0.0867 | err:0.1265 | hippo_04 horse_06
2026-06-25 11:52:20,092 INFO: avg err:0.0868 | err:0.1053 | hippo_04 horse_07
2026-06-25 11:52:20,262 INFO: avg err:0.0868 | err:0.0875 | hippo_04 horse_08
2026-06-25 11:52:20,589 INFO: avg err:0.0868 | err:0.0800 | hippo_04 horse_09
2026-06-25 11:52:20,750 INFO: avg err:0.0869 | err:0.0986 | hippo_04 horse_10
2026-06-25 11:52:21,087 INFO: avg err:0.0869 | err:0.0886 | hippo_05 cougar_01
2026-06-25 11:52:21,252 INFO: avg err:0.0869 | err:0.0910 | hippo_05 cougar_02
2026-06-25 11:52:21,591 INFO: avg err:0.0870 | err:0.0943 | hippo_05 cougar_03
2026-06-25 11:52:21,750 INFO: avg err:0.0870 | err:0.0924 | hippo_05 cougar_04
2026-06-25 11:52:22,094 INFO: avg err:0.0868 | err:0.0536 | hippo_05 hippo_01
2026-06-25 11:52:22,253 INFO: avg err:0.0864 | err:0.0259 | hippo_05 hippo_02
2026-06-25 11:52:22,593 INFO: avg err:0.0865 | err:0.0955 | hippo_05 hippo_03
2026-06-25 11:52:22,753 INFO: avg err:0.0862 | err:0.0396 | hippo_05 hippo_04
2026-06-25 11:52:23,114 INFO: avg err:0.0857 | err:0.0000 | hippo_05 hippo_05
2026-06-25 11:52:23,271 INFO: avg err:0.0858 | err:0.1079 | hippo_05 hippo_06
2026-06-25 11:52:23,592 INFO: avg err:0.0858 | err:0.0885 | hippo_05 horse_01
2026-06-25 11:52:23,758 INFO: avg err:0.0860 | err:0.1181 | hippo_05 horse_02
2026-06-25 11:52:24,097 INFO: avg err:0.0860 | err:0.0880 | hippo_05 horse_03
2026-06-25 11:52:24,256 INFO: avg err:0.0861 | err:0.0945 | hippo_05 horse_04
2026-06-25 11:52:24,593 INFO: avg err:0.0871 | err:0.2623 | hippo_05 horse_05
2026-06-25 11:52:24,757 INFO: avg err:0.0875 | err:0.1553 | hippo_05 horse_06
2026-06-25 11:52:25,097 INFO: avg err:0.0875 | err:0.0963 | hippo_05 horse_07
2026-06-25 11:52:25,260 INFO: avg err:0.0876 | err:0.0994 | hippo_05 horse_08
2026-06-25 11:52:25,608 INFO: avg err:0.0876 | err:0.0861 | hippo_05 horse_09
2026-06-25 11:52:25,771 INFO: avg err:0.0878 | err:0.1226 | hippo_05 horse_10
2026-06-25 11:52:26,241 INFO: avg err:0.0880 | err:0.1188 | hippo_06 cougar_01
2026-06-25 11:52:26,572 INFO: avg err:0.0880 | err:0.0967 | hippo_06 cougar_02
2026-06-25 11:52:27,154 INFO: avg err:0.0881 | err:0.1078 | hippo_06 cougar_03
2026-06-25 11:52:27,370 INFO: avg err:0.0882 | err:0.0974 | hippo_06 cougar_04
2026-06-25 11:52:28,286 INFO: avg err:0.0878 | err:0.0192 | hippo_06 hippo_01
2026-06-25 11:52:28,510 INFO: avg err:0.0876 | err:0.0556 | hippo_06 hippo_02
2026-06-25 11:52:28,956 INFO: avg err:0.0877 | err:0.0958 | hippo_06 hippo_03
2026-06-25 11:52:29,112 INFO: avg err:0.0874 | err:0.0372 | hippo_06 hippo_04
2026-06-25 11:52:29,459 INFO: avg err:0.0873 | err:0.0737 | hippo_06 hippo_05
2026-06-25 11:52:29,614 INFO: avg err:0.0869 | err:0.0000 | hippo_06 hippo_06
2026-06-25 11:52:29,947 INFO: avg err:0.0870 | err:0.1220 | hippo_06 horse_01
2026-06-25 11:52:30,104 INFO: avg err:0.0875 | err:0.1686 | hippo_06 horse_02
2026-06-25 11:52:30,471 INFO: avg err:0.0876 | err:0.1054 | hippo_06 horse_03
2026-06-25 11:52:30,618 INFO: avg err:0.0877 | err:0.1140 | hippo_06 horse_04
2026-06-25 11:52:30,935 INFO: avg err:0.0880 | err:0.1555 | hippo_06 horse_05
2026-06-25 11:52:31,085 INFO: avg err:0.0884 | err:0.1615 | hippo_06 horse_06
2026-06-25 11:52:31,432 INFO: avg err:0.0888 | err:0.1618 | hippo_06 horse_07
2026-06-25 11:52:31,588 INFO: avg err:0.0889 | err:0.1025 | hippo_06 horse_08
2026-06-25 11:52:31,938 INFO: avg err:0.0890 | err:0.1119 | hippo_06 horse_09
2026-06-25 11:52:32,088 INFO: avg err:0.0893 | err:0.1498 | hippo_06 horse_10
2026-06-25 11:52:32,423 INFO: avg err:0.0890 | err:0.0393 | horse_01 cougar_01
2026-06-25 11:52:32,613 INFO: avg err:0.0888 | err:0.0461 | horse_01 cougar_02
2026-06-25 11:52:32,993 INFO: avg err:0.0886 | err:0.0443 | horse_01 cougar_03
2026-06-25 11:52:33,147 INFO: avg err:0.0884 | err:0.0386 | horse_01 cougar_04
2026-06-25 11:52:33,450 INFO: avg err:0.0883 | err:0.0747 | horse_01 hippo_01
2026-06-25 11:52:33,621 INFO: avg err:0.0883 | err:0.0987 | horse_01 hippo_02
2026-06-25 11:52:33,974 INFO: avg err:0.0886 | err:0.1414 | horse_01 hippo_03
2026-06-25 11:52:34,123 INFO: avg err:0.0886 | err:0.0839 | horse_01 hippo_04
2026-06-25 11:52:34,522 INFO: avg err:0.0886 | err:0.0964 | horse_01 hippo_05
2026-06-25 11:52:34,674 INFO: avg err:0.0893 | err:0.2312 | horse_01 hippo_06
2026-06-25 11:52:35,018 INFO: avg err:0.0889 | err:0.0000 | horse_01 horse_01
2026-06-25 11:52:35,168 INFO: avg err:0.0886 | err:0.0402 | horse_01 horse_02
2026-06-25 11:52:35,525 INFO: avg err:0.0883 | err:0.0145 | horse_01 horse_03
2026-06-25 11:52:35,678 INFO: avg err:0.0880 | err:0.0224 | horse_01 horse_04
2026-06-25 11:52:36,048 INFO: avg err:0.0887 | err:0.2376 | horse_01 horse_05
2026-06-25 11:52:36,226 INFO: avg err:0.0887 | err:0.0846 | horse_01 horse_06
2026-06-25 11:52:36,606 INFO: avg err:0.0885 | err:0.0635 | horse_01 horse_07
2026-06-25 11:52:36,792 INFO: avg err:0.0882 | err:0.0234 | horse_01 horse_08
2026-06-25 11:52:37,112 INFO: avg err:0.0879 | err:0.0204 | horse_01 horse_09
2026-06-25 11:52:37,264 INFO: avg err:0.0878 | err:0.0559 | horse_01 horse_10
2026-06-25 11:52:37,603 INFO: avg err:0.0875 | err:0.0352 | horse_02 cougar_01
2026-06-25 11:52:37,758 INFO: avg err:0.0873 | err:0.0424 | horse_02 cougar_02
2026-06-25 11:52:38,111 INFO: avg err:0.0871 | err:0.0419 | horse_02 cougar_03
2026-06-25 11:52:38,266 INFO: avg err:0.0869 | err:0.0394 | horse_02 cougar_04
2026-06-25 11:52:38,610 INFO: avg err:0.0869 | err:0.0739 | horse_02 hippo_01
2026-06-25 11:52:38,763 INFO: avg err:0.0868 | err:0.0820 | horse_02 hippo_02
2026-06-25 11:52:39,113 INFO: avg err:0.0871 | err:0.1416 | horse_02 hippo_03
2026-06-25 11:52:39,268 INFO: avg err:0.0871 | err:0.0806 | horse_02 hippo_04
2026-06-25 11:52:39,630 INFO: avg err:0.0871 | err:0.1028 | horse_02 hippo_05
2026-06-25 11:52:39,785 INFO: avg err:0.0877 | err:0.2100 | horse_02 hippo_06
2026-06-25 11:52:40,153 INFO: avg err:0.0874 | err:0.0172 | horse_02 horse_01
2026-06-25 11:52:40,328 INFO: avg err:0.0870 | err:0.0000 | horse_02 horse_02
2026-06-25 11:52:40,630 INFO: avg err:0.0867 | err:0.0112 | horse_02 horse_03
2026-06-25 11:52:40,791 INFO: avg err:0.0864 | err:0.0198 | horse_02 horse_04
2026-06-25 11:52:41,129 INFO: avg err:0.0869 | err:0.2181 | horse_02 horse_05
2026-06-25 11:52:41,282 INFO: avg err:0.0866 | err:0.0185 | horse_02 horse_06
2026-06-25 11:52:41,637 INFO: avg err:0.0864 | err:0.0234 | horse_02 horse_07
2026-06-25 11:52:41,790 INFO: avg err:0.0861 | err:0.0174 | horse_02 horse_08
2026-06-25 11:52:42,150 INFO: avg err:0.0858 | err:0.0166 | horse_02 horse_09
2026-06-25 11:52:42,307 INFO: avg err:0.0855 | err:0.0204 | horse_02 horse_10
2026-06-25 11:52:42,642 INFO: avg err:0.0853 | err:0.0399 | horse_03 cougar_01
2026-06-25 11:52:42,795 INFO: avg err:0.0852 | err:0.0477 | horse_03 cougar_02
2026-06-25 11:52:43,149 INFO: avg err:0.0850 | err:0.0462 | horse_03 cougar_03
2026-06-25 11:52:43,311 INFO: avg err:0.0848 | err:0.0377 | horse_03 cougar_04
2026-06-25 11:52:43,641 INFO: avg err:0.0848 | err:0.0699 | horse_03 hippo_01
2026-06-25 11:52:43,819 INFO: avg err:0.0848 | err:0.1062 | horse_03 hippo_02
2026-06-25 11:52:44,172 INFO: avg err:0.0850 | err:0.1255 | horse_03 hippo_03
2026-06-25 11:52:44,364 INFO: avg err:0.0850 | err:0.0761 | horse_03 hippo_04
2026-06-25 11:52:44,660 INFO: avg err:0.0851 | err:0.1036 | horse_03 hippo_05
2026-06-25 11:52:44,832 INFO: avg err:0.0856 | err:0.2180 | horse_03 hippo_06
2026-06-25 11:52:45,186 INFO: avg err:0.0853 | err:0.0141 | horse_03 horse_01
2026-06-25 11:52:45,339 INFO: avg err:0.0850 | err:0.0126 | horse_03 horse_02
2026-06-25 11:52:45,649 INFO: avg err:0.0847 | err:0.0000 | horse_03 horse_03
2026-06-25 11:52:45,820 INFO: avg err:0.0844 | err:0.0227 | horse_03 horse_04
2026-06-25 11:52:46,185 INFO: avg err:0.0849 | err:0.2137 | horse_03 horse_05
2026-06-25 11:52:46,337 INFO: avg err:0.0847 | err:0.0182 | horse_03 horse_06
2026-06-25 11:52:46,683 INFO: avg err:0.0844 | err:0.0220 | horse_03 horse_07
2026-06-25 11:52:46,836 INFO: avg err:0.0842 | err:0.0211 | horse_03 horse_08
2026-06-25 11:52:47,189 INFO: avg err:0.0839 | err:0.0198 | horse_03 horse_09
2026-06-25 11:52:47,352 INFO: avg err:0.0837 | err:0.0200 | horse_03 horse_10
2026-06-25 11:52:47,691 INFO: avg err:0.0835 | err:0.0401 | horse_04 cougar_01
2026-06-25 11:52:47,859 INFO: avg err:0.0834 | err:0.0467 | horse_04 cougar_02
2026-06-25 11:52:48,196 INFO: avg err:0.0832 | err:0.0389 | horse_04 cougar_03
2026-06-25 11:52:48,363 INFO: avg err:0.0831 | err:0.0441 | horse_04 cougar_04
2026-06-25 11:52:48,710 INFO: avg err:0.0831 | err:0.0960 | horse_04 hippo_01
2026-06-25 11:52:48,864 INFO: avg err:0.0832 | err:0.1060 | horse_04 hippo_02
2026-06-25 11:52:49,208 INFO: avg err:0.0834 | err:0.1376 | horse_04 hippo_03
2026-06-25 11:52:49,361 INFO: avg err:0.0834 | err:0.0878 | horse_04 hippo_04
2026-06-25 11:52:49,720 INFO: avg err:0.0835 | err:0.1014 | horse_04 hippo_05
2026-06-25 11:52:49,884 INFO: avg err:0.0840 | err:0.2277 | horse_04 hippo_06
2026-06-25 11:52:50,220 INFO: avg err:0.0838 | err:0.0220 | horse_04 horse_01
2026-06-25 11:52:50,411 INFO: avg err:0.0836 | err:0.0185 | horse_04 horse_02
2026-06-25 11:52:50,718 INFO: avg err:0.0833 | err:0.0218 | horse_04 horse_03
2026-06-25 11:52:50,885 INFO: avg err:0.0830 | err:0.0000 | horse_04 horse_04
2026-06-25 11:52:51,219 INFO: avg err:0.0835 | err:0.2022 | horse_04 horse_05
2026-06-25 11:52:51,384 INFO: avg err:0.0832 | err:0.0262 | horse_04 horse_06
2026-06-25 11:52:51,721 INFO: avg err:0.0831 | err:0.0294 | horse_04 horse_07
2026-06-25 11:52:51,886 INFO: avg err:0.0828 | err:0.0245 | horse_04 horse_08
2026-06-25 11:52:52,220 INFO: avg err:0.0826 | err:0.0190 | horse_04 horse_09
2026-06-25 11:52:52,385 INFO: avg err:0.0825 | err:0.0447 | horse_04 horse_10
2026-06-25 11:52:52,720 INFO: avg err:0.0825 | err:0.0919 | horse_05 cougar_01
2026-06-25 11:52:52,883 INFO: avg err:0.0825 | err:0.0897 | horse_05 cougar_02
2026-06-25 11:52:53,216 INFO: avg err:0.0826 | err:0.0903 | horse_05 cougar_03
2026-06-25 11:52:53,386 INFO: avg err:0.0826 | err:0.0782 | horse_05 cougar_04
2026-06-25 11:52:53,714 INFO: avg err:0.0827 | err:0.1259 | horse_05 hippo_01
2026-06-25 11:52:53,881 INFO: avg err:0.0829 | err:0.1390 | horse_05 hippo_02
2026-06-25 11:52:54,210 INFO: avg err:0.0835 | err:0.2610 | horse_05 hippo_03
2026-06-25 11:52:54,376 INFO: avg err:0.0840 | err:0.2169 | horse_05 hippo_04
2026-06-25 11:52:54,712 INFO: avg err:0.0842 | err:0.1395 | horse_05 hippo_05
2026-06-25 11:52:54,880 INFO: avg err:0.0841 | err:0.0720 | horse_05 hippo_06
2026-06-25 11:52:55,210 INFO: avg err:0.0842 | err:0.0955 | horse_05 horse_01
2026-06-25 11:52:55,379 INFO: avg err:0.0844 | err:0.1427 | horse_05 horse_02
2026-06-25 11:52:55,712 INFO: avg err:0.0844 | err:0.0922 | horse_05 horse_03
2026-06-25 11:52:55,881 INFO: avg err:0.0844 | err:0.0769 | horse_05 horse_04
2026-06-25 11:52:56,202 INFO: avg err:0.0841 | err:0.0000 | horse_05 horse_05
2026-06-25 11:52:56,388 INFO: avg err:0.0844 | err:0.1706 | horse_05 horse_06
2026-06-25 11:52:56,715 INFO: avg err:0.0846 | err:0.1461 | horse_05 horse_07
2026-06-25 11:52:56,893 INFO: avg err:0.0846 | err:0.0799 | horse_05 horse_08
2026-06-25 11:52:57,212 INFO: avg err:0.0848 | err:0.1536 | horse_05 horse_09
2026-06-25 11:52:57,418 INFO: avg err:0.0851 | err:0.1734 | horse_05 horse_10
2026-06-25 11:52:57,717 INFO: avg err:0.0850 | err:0.0663 | horse_06 cougar_01
2026-06-25 11:52:57,946 INFO: avg err:0.0849 | err:0.0527 | horse_06 cougar_02
2026-06-25 11:52:58,213 INFO: avg err:0.0848 | err:0.0459 | horse_06 cougar_03
2026-06-25 11:52:58,463 INFO: avg err:0.0847 | err:0.0626 | horse_06 cougar_04
2026-06-25 11:52:58,713 INFO: avg err:0.0849 | err:0.1458 | horse_06 hippo_01
2026-06-25 11:52:58,975 INFO: avg err:0.0852 | err:0.1738 | horse_06 hippo_02
2026-06-25 11:52:59,253 INFO: avg err:0.0856 | err:0.2013 | horse_06 hippo_03
2026-06-25 11:52:59,538 INFO: avg err:0.0856 | err:0.0966 | horse_06 hippo_04
2026-06-25 11:52:59,759 INFO: avg err:0.0858 | err:0.1431 | horse_06 hippo_05
2026-06-25 11:53:00,042 INFO: avg err:0.0865 | err:0.3106 | horse_06 hippo_06
2026-06-25 11:53:00,259 INFO: avg err:0.0863 | err:0.0241 | horse_06 horse_01
2026-06-25 11:53:00,549 INFO: avg err:0.0861 | err:0.0184 | horse_06 horse_02
2026-06-25 11:53:00,754 INFO: avg err:0.0859 | err:0.0192 | horse_06 horse_03
2026-06-25 11:53:01,065 INFO: avg err:0.0857 | err:0.0263 | horse_06 horse_04
2026-06-25 11:53:01,260 INFO: avg err:0.0864 | err:0.2925 | horse_06 horse_05
2026-06-25 11:53:01,578 INFO: avg err:0.0861 | err:0.0000 | horse_06 horse_06
2026-06-25 11:53:01,761 INFO: avg err:0.0859 | err:0.0153 | horse_06 horse_07
2026-06-25 11:53:02,093 INFO: avg err:0.0857 | err:0.0254 | horse_06 horse_08
2026-06-25 11:53:02,269 INFO: avg err:0.0856 | err:0.0704 | horse_06 horse_09
2026-06-25 11:53:02,606 INFO: avg err:0.0855 | err:0.0302 | horse_06 horse_10
2026-06-25 11:53:02,770 INFO: avg err:0.0853 | err:0.0330 | horse_07 cougar_01
2026-06-25 11:53:03,106 INFO: avg err:0.0852 | err:0.0379 | horse_07 cougar_02
2026-06-25 11:53:03,271 INFO: avg err:0.0850 | err:0.0369 | horse_07 cougar_03
2026-06-25 11:53:03,611 INFO: avg err:0.0848 | err:0.0331 | horse_07 cougar_04
2026-06-25 11:53:03,798 INFO: avg err:0.0850 | err:0.1364 | horse_07 hippo_01
2026-06-25 11:53:04,176 INFO: avg err:0.0851 | err:0.1006 | horse_07 hippo_02
2026-06-25 11:53:04,343 INFO: avg err:0.0853 | err:0.1579 | horse_07 hippo_03
2026-06-25 11:53:04,690 INFO: avg err:0.0854 | err:0.1164 | horse_07 hippo_04
2026-06-25 11:53:04,856 INFO: avg err:0.0854 | err:0.1014 | horse_07 hippo_05
2026-06-25 11:53:05,192 INFO: avg err:0.0859 | err:0.2570 | horse_07 hippo_06
2026-06-25 11:53:05,361 INFO: avg err:0.0857 | err:0.0189 | horse_07 horse_01
2026-06-25 11:53:05,704 INFO: avg err:0.0855 | err:0.0210 | horse_07 horse_02
2026-06-25 11:53:05,871 INFO: avg err:0.0853 | err:0.0198 | horse_07 horse_03
2026-06-25 11:53:06,214 INFO: avg err:0.0852 | err:0.0277 | horse_07 horse_04
2026-06-25 11:53:06,379 INFO: avg err:0.0858 | err:0.2938 | horse_07 horse_05
2026-06-25 11:53:06,757 INFO: avg err:0.0856 | err:0.0175 | horse_07 horse_06
2026-06-25 11:53:06,922 INFO: avg err:0.0853 | err:0.0000 | horse_07 horse_07
2026-06-25 11:53:07,226 INFO: avg err:0.0852 | err:0.0250 | horse_07 horse_08
2026-06-25 11:53:07,390 INFO: avg err:0.0850 | err:0.0301 | horse_07 horse_09
2026-06-25 11:53:07,760 INFO: avg err:0.0848 | err:0.0224 | horse_07 horse_10
2026-06-25 11:53:07,925 INFO: avg err:0.0847 | err:0.0367 | horse_08 cougar_01
2026-06-25 11:53:08,262 INFO: avg err:0.0845 | err:0.0411 | horse_08 cougar_02
2026-06-25 11:53:08,430 INFO: avg err:0.0844 | err:0.0432 | horse_08 cougar_03
2026-06-25 11:53:08,760 INFO: avg err:0.0843 | err:0.0413 | horse_08 cougar_04
2026-06-25 11:53:08,928 INFO: avg err:0.0843 | err:0.1011 | horse_08 hippo_01
2026-06-25 11:53:09,259 INFO: avg err:0.0844 | err:0.1063 | horse_08 hippo_02
2026-06-25 11:53:09,426 INFO: avg err:0.0847 | err:0.1690 | horse_08 hippo_03
2026-06-25 11:53:09,760 INFO: avg err:0.0847 | err:0.0836 | horse_08 hippo_04
2026-06-25 11:53:09,925 INFO: avg err:0.0847 | err:0.1023 | horse_08 hippo_05
2026-06-25 11:53:10,254 INFO: avg err:0.0852 | err:0.2543 | horse_08 hippo_06
2026-06-25 11:53:10,421 INFO: avg err:0.0850 | err:0.0213 | horse_08 horse_01
2026-06-25 11:53:10,758 INFO: avg err:0.0848 | err:0.0181 | horse_08 horse_02
2026-06-25 11:53:10,925 INFO: avg err:0.0846 | err:0.0189 | horse_08 horse_03
2026-06-25 11:53:11,249 INFO: avg err:0.0845 | err:0.0245 | horse_08 horse_04
2026-06-25 11:53:11,415 INFO: avg err:0.0849 | err:0.2421 | horse_08 horse_05
2026-06-25 11:53:11,756 INFO: avg err:0.0847 | err:0.0253 | horse_08 horse_06
2026-06-25 11:53:11,928 INFO: avg err:0.0846 | err:0.0288 | horse_08 horse_07
2026-06-25 11:53:12,250 INFO: avg err:0.0843 | err:0.0000 | horse_08 horse_08
2026-06-25 11:53:12,415 INFO: avg err:0.0842 | err:0.0169 | horse_08 horse_09
2026-06-25 11:53:12,765 INFO: avg err:0.0840 | err:0.0430 | horse_08 horse_10
2026-06-25 11:53:12,932 INFO: avg err:0.0839 | err:0.0409 | horse_09 cougar_01
2026-06-25 11:53:13,313 INFO: avg err:0.0838 | err:0.0489 | horse_09 cougar_02
2026-06-25 11:53:13,476 INFO: avg err:0.0837 | err:0.0449 | horse_09 cougar_03
2026-06-25 11:53:13,812 INFO: avg err:0.0836 | err:0.0444 | horse_09 cougar_04
2026-06-25 11:53:13,970 INFO: avg err:0.0837 | err:0.1142 | horse_09 hippo_01
2026-06-25 11:53:14,323 INFO: avg err:0.0837 | err:0.0904 | horse_09 hippo_02
2026-06-25 11:53:14,478 INFO: avg err:0.0840 | err:0.1778 | horse_09 hippo_03
2026-06-25 11:53:14,827 INFO: avg err:0.0840 | err:0.0858 | horse_09 hippo_04
2026-06-25 11:53:14,979 INFO: avg err:0.0840 | err:0.1042 | horse_09 hippo_05
2026-06-25 11:53:15,328 INFO: avg err:0.0844 | err:0.2329 | horse_09 hippo_06
2026-06-25 11:53:15,483 INFO: avg err:0.0843 | err:0.0206 | horse_09 horse_01
2026-06-25 11:53:15,832 INFO: avg err:0.0841 | err:0.0196 | horse_09 horse_02
2026-06-25 11:53:15,987 INFO: avg err:0.0839 | err:0.0196 | horse_09 horse_03
2026-06-25 11:53:16,332 INFO: avg err:0.0837 | err:0.0191 | horse_09 horse_04
2026-06-25 11:53:16,486 INFO: avg err:0.0841 | err:0.2022 | horse_09 horse_05
2026-06-25 11:53:16,837 INFO: avg err:0.0841 | err:0.0982 | horse_09 horse_06
2026-06-25 11:53:16,992 INFO: avg err:0.0841 | err:0.0730 | horse_09 horse_07
2026-06-25 11:53:17,337 INFO: avg err:0.0839 | err:0.0189 | horse_09 horse_08
2026-06-25 11:53:17,490 INFO: avg err:0.0837 | err:0.0000 | horse_09 horse_09
2026-06-25 11:53:17,849 INFO: avg err:0.0836 | err:0.0551 | horse_09 horse_10
2026-06-25 11:53:18,003 INFO: avg err:0.0835 | err:0.0399 | horse_10 cougar_01
2026-06-25 11:53:18,352 INFO: avg err:0.0834 | err:0.0474 | horse_10 cougar_02
2026-06-25 11:53:18,506 INFO: avg err:0.0833 | err:0.0422 | horse_10 cougar_03
2026-06-25 11:53:18,860 INFO: avg err:0.0832 | err:0.0436 | horse_10 cougar_04
2026-06-25 11:53:19,026 INFO: avg err:0.0832 | err:0.0889 | horse_10 hippo_01
2026-06-25 11:53:19,360 INFO: avg err:0.0832 | err:0.0843 | horse_10 hippo_02
2026-06-25 11:53:19,527 INFO: avg err:0.0834 | err:0.1581 | horse_10 hippo_03
2026-06-25 11:53:19,857 INFO: avg err:0.0834 | err:0.0896 | horse_10 hippo_04
2026-06-25 11:53:20,023 INFO: avg err:0.0834 | err:0.0987 | horse_10 hippo_05
2026-06-25 11:53:20,361 INFO: avg err:0.0839 | err:0.2473 | horse_10 hippo_06
2026-06-25 11:53:20,526 INFO: avg err:0.0837 | err:0.0193 | horse_10 horse_01
2026-06-25 11:53:20,868 INFO: avg err:0.0835 | err:0.0146 | horse_10 horse_02
2026-06-25 11:53:21,033 INFO: avg err:0.0833 | err:0.0163 | horse_10 horse_03
2026-06-25 11:53:21,380 INFO: avg err:0.0832 | err:0.0225 | horse_10 horse_04
2026-06-25 11:53:21,545 INFO: avg err:0.0837 | err:0.2710 | horse_10 horse_05
2026-06-25 11:53:21,885 INFO: avg err:0.0835 | err:0.0227 | horse_10 horse_06
2026-06-25 11:53:22,051 INFO: avg err:0.0834 | err:0.0251 | horse_10 horse_07
2026-06-25 11:53:22,386 INFO: avg err:0.0832 | err:0.0247 | horse_10 horse_08
2026-06-25 11:53:22,552 INFO: avg err:0.0831 | err:0.0204 | horse_10 horse_09
2026-06-25 11:53:22,875 INFO: avg err:0.0829 | err:0.0000 | horse_10 horse_10
2026-06-25 11:53:22,905 INFO: Avg time: 0.0219
2026-06-25 11:53:23,336 INFO: Val auc: 0.7534
2026-06-25 11:53:23,342 INFO: Val avg error: 0.0829
2026-06-25 11:53:23,385 INFO: [ONB diag] max|Q-I|: mean=3.4168e-07 max=4.7684e-07 | max|Φ̃ᵀMΦ̃-I|: mean=3.4168e-07 max=4.7684e-07
2026-06-25 11:53:25,520 INFO: [smal_..][epoch: 12, iter:  10,020, lr:(4.796e-04,)][eta: 0:17:51, time (data): 0.108 (0.025)]l_bij: 9.5490e+01 l_orth: 1.0119e+02 l_align: 8.5296e+01 l_total: 2.8197e+02 
2026-06-25 11:53:27,706 INFO: [smal_..][epoch: 12, iter:  10,040, lr:(4.796e-04,)][eta: 0:17:48, time (data): 0.108 (0.025)]l_bij: 7.3726e+01 l_orth: 8.9693e+01 l_align: 8.7468e+01 l_total: 2.5089e+02 
2026-06-25 11:53:29,853 INFO: [smal_..][epoch: 12, iter:  10,060, lr:(4.796e-04,)][eta: 0:17:44, time (data): 0.106 (0.024)]l_bij: 1.1999e+02 l_orth: 1.1981e+02 l_align: 9.2146e+01 l_total: 3.3195e+02 
2026-06-25 11:53:31,953 INFO: [smal_..][epoch: 12, iter:  10,080, lr:(4.796e-04,)][eta: 0:17:40, time (data): 0.105 (0.022)]l_bij: 1.2158e+02 l_orth: 1.2092e+02 l_align: 8.9228e+01 l_total: 3.3173e+02 
2026-06-25 11:53:34,311 INFO: [smal_..][epoch: 13, iter:  10,100, lr:(4.109e-04,)][eta: 0:17:36, time (data): 0.110 (0.028)]l_bij: 9.1850e+01 l_orth: 9.8518e+01 l_align: 8.1449e+01 l_total: 2.7182e+02 
2026-06-25 11:53:36,357 INFO: [smal_..][epoch: 13, iter:  10,120, lr:(4.109e-04,)][eta: 0:17:32, time (data): 0.108 (0.025)]l_bij: 9.7127e+00 l_orth: 4.8405e+01 l_align: 1.1172e+02 l_total: 1.6984e+02 
2026-06-25 11:53:38,433 INFO: [smal_..][epoch: 13, iter:  10,140, lr:(4.109e-04,)][eta: 0:17:28, time (data): 0.107 (0.024)]l_bij: 9.8253e+01 l_orth: 1.0731e+02 l_align: 8.8248e+01 l_total: 2.9381e+02 
2026-06-25 11:53:40,537 INFO: [smal_..][epoch: 13, iter:  10,160, lr:(4.109e-04,)][eta: 0:17:25, time (data): 0.107 (0.024)]l_bij: 5.3751e+01 l_orth: 7.5600e+01 l_align: 9.5313e+01 l_total: 2.2466e+02 
2026-06-25 11:53:42,577 INFO: [smal_..][epoch: 13, iter:  10,180, lr:(4.109e-04,)][eta: 0:17:21, time (data): 0.106 (0.023)]l_bij: 1.0791e+02 l_orth: 1.1138e+02 l_align: 8.0607e+01 l_total: 2.9989e+02 
2026-06-25 11:53:44,627 INFO: [smal_..][epoch: 13, iter:  10,200, lr:(4.109e-04,)][eta: 0:17:17, time (data): 0.105 (0.023)]l_bij: 8.8332e+01 l_orth: 9.9041e+01 l_align: 7.8592e+01 l_total: 2.6597e+02 
2026-06-25 11:53:46,664 INFO: [smal_..][epoch: 13, iter:  10,220, lr:(4.109e-04,)][eta: 0:17:13, time (data): 0.105 (0.022)]l_bij: 8.0657e+01 l_orth: 9.2080e+01 l_align: 8.2359e+01 l_total: 2.5510e+02 
2026-06-25 11:53:48,719 INFO: [smal_..][epoch: 13, iter:  10,240, lr:(4.109e-04,)][eta: 0:17:09, time (data): 0.105 (0.022)]l_bij: 9.2900e+01 l_orth: 1.0298e+02 l_align: 8.5644e+01 l_total: 2.8152e+02 
2026-06-25 11:53:50,773 INFO: [smal_..][epoch: 13, iter:  10,260, lr:(4.109e-04,)][eta: 0:17:05, time (data): 0.102 (0.019)]l_bij: 1.0352e+02 l_orth: 1.1018e+02 l_align: 8.3759e+01 l_total: 2.9746e+02 
2026-06-25 11:53:52,822 INFO: [smal_..][epoch: 13, iter:  10,280, lr:(4.109e-04,)][eta: 0:17:02, time (data): 0.102 (0.019)]l_bij: 5.1247e+01 l_orth: 7.4401e+01 l_align: 9.4972e+01 l_total: 2.2062e+02 
2026-06-25 11:53:54,881 INFO: [smal_..][epoch: 13, iter:  10,300, lr:(4.109e-04,)][eta: 0:16:58, time (data): 0.102 (0.020)]l_bij: 1.1218e+02 l_orth: 1.1385e+02 l_align: 9.1672e+01 l_total: 3.1770e+02 
2026-06-25 11:53:56,908 INFO: [smal_..][epoch: 13, iter:  10,320, lr:(4.109e-04,)][eta: 0:16:54, time (data): 0.102 (0.019)]l_bij: 9.1135e+01 l_orth: 9.7503e+01 l_align: 8.3695e+01 l_total: 2.7233e+02 
2026-06-25 11:53:58,952 INFO: [smal_..][epoch: 13, iter:  10,340, lr:(4.109e-04,)][eta: 0:16:50, time (data): 0.102 (0.020)]l_bij: 8.0209e+01 l_orth: 9.1608e+01 l_align: 7.7775e+01 l_total: 2.4959e+02 
2026-06-25 11:54:01,035 INFO: [smal_..][epoch: 13, iter:  10,360, lr:(4.109e-04,)][eta: 0:16:46, time (data): 0.102 (0.020)]l_bij: 1.2390e+02 l_orth: 1.2701e+02 l_align: 9.3433e+01 l_total: 3.4434e+02 
2026-06-25 11:54:03,190 INFO: [smal_..][epoch: 13, iter:  10,380, lr:(4.109e-04,)][eta: 0:16:43, time (data): 0.103 (0.020)]l_bij: 1.4571e+02 l_orth: 1.4159e+02 l_align: 1.0132e+02 l_total: 3.8863e+02 
2026-06-25 11:54:05,360 INFO: [smal_..][epoch: 13, iter:  10,400, lr:(4.109e-04,)][eta: 0:16:39, time (data): 0.104 (0.020)]l_bij: 7.5337e+01 l_orth: 8.6063e+01 l_align: 8.5079e+01 l_total: 2.4648e+02 
2026-06-25 11:54:07,469 INFO: [smal_..][epoch: 13, iter:  10,420, lr:(4.109e-04,)][eta: 0:16:35, time (data): 0.104 (0.020)]l_bij: 1.1626e+02 l_orth: 1.1619e+02 l_align: 8.8618e+01 l_total: 3.2107e+02 
2026-06-25 11:54:09,667 INFO: [smal_..][epoch: 13, iter:  10,440, lr:(4.109e-04,)][eta: 0:16:32, time (data): 0.105 (0.020)]l_bij: 6.9586e+01 l_orth: 9.2069e+01 l_align: 8.9456e+01 l_total: 2.5111e+02 
2026-06-25 11:54:11,826 INFO: [smal_..][epoch: 13, iter:  10,460, lr:(4.109e-04,)][eta: 0:16:28, time (data): 0.103 (0.017)]l_bij: 8.7733e+01 l_orth: 1.0184e+02 l_align: 8.5673e+01 l_total: 2.7525e+02 
2026-06-25 11:54:13,960 INFO: [smal_..][epoch: 13, iter:  10,480, lr:(4.109e-04,)][eta: 0:16:24, time (data): 0.105 (0.017)]l_bij: 1.3011e+02 l_orth: 1.2956e+02 l_align: 9.9758e+01 l_total: 3.5942e+02 
2026-06-25 11:54:16,047 INFO: [smal_..][epoch: 13, iter:  10,500, lr:(4.109e-04,)][eta: 0:16:21, time (data): 0.105 (0.018)]l_bij: 1.3935e+02 l_orth: 1.3696e+02 l_align: 9.9662e+01 l_total: 3.7597e+02 
2026-06-25 11:54:18,242 INFO: [smal_..][epoch: 13, iter:  10,520, lr:(4.109e-04,)][eta: 0:16:17, time (data): 0.106 (0.020)]l_bij: 7.3410e+01 l_orth: 8.7013e+01 l_align: 8.6548e+01 l_total: 2.4697e+02 
2026-06-25 11:54:20,784 INFO: [smal_..][epoch: 13, iter:  10,540, lr:(4.109e-04,)][eta: 0:16:13, time (data): 0.111 (0.022)]l_bij: 1.0192e+02 l_orth: 1.0747e+02 l_align: 8.9875e+01 l_total: 2.9927e+02 
2026-06-25 11:54:23,264 INFO: [smal_..][epoch: 13, iter:  10,560, lr:(4.109e-04,)][eta: 0:16:10, time (data): 0.113 (0.022)]l_bij: 1.1783e+02 l_orth: 1.1921e+02 l_align: 8.5245e+01 l_total: 3.2229e+02 
2026-06-25 11:54:25,649 INFO: [smal_..][epoch: 13, iter:  10,580, lr:(4.109e-04,)][eta: 0:16:06, time (data): 0.114 (0.022)]l_bij: 6.2555e+01 l_orth: 8.3273e+01 l_align: 8.8715e+01 l_total: 2.3454e+02 
2026-06-25 11:54:28,757 INFO: [smal_..][epoch: 13, iter:  10,600, lr:(4.109e-04,)][eta: 0:16:03, time (data): 0.120 (0.026)]l_bij: 9.1306e+01 l_orth: 9.6786e+01 l_align: 8.2165e+01 l_total: 2.7026e+02 
2026-06-25 11:54:31,548 INFO: [smal_..][epoch: 13, iter:  10,620, lr:(4.109e-04,)][eta: 0:16:00, time (data): 0.122 (0.028)]l_bij: 4.6145e+01 l_orth: 7.0436e+01 l_align: 9.7001e+01 l_total: 2.1358e+02 
2026-06-25 11:54:34,043 INFO: [smal_..][epoch: 13, iter:  10,640, lr:(4.109e-04,)][eta: 0:15:57, time (data): 0.122 (0.028)]l_bij: 6.6222e+01 l_orth: 8.2632e+01 l_align: 8.4240e+01 l_total: 2.3309e+02 
2026-06-25 11:54:36,298 INFO: [smal_..][epoch: 13, iter:  10,660, lr:(4.109e-04,)][eta: 0:15:53, time (data): 0.122 (0.030)]l_bij: 1.0796e+02 l_orth: 1.1420e+02 l_align: 8.5017e+01 l_total: 3.0717e+02 
2026-06-25 11:54:38,520 INFO: [smal_..][epoch: 13, iter:  10,680, lr:(4.109e-04,)][eta: 0:15:49, time (data): 0.114 (0.026)]l_bij: 7.4015e+01 l_orth: 8.7877e+01 l_align: 7.7959e+01 l_total: 2.3985e+02 
2026-06-25 11:54:40,751 INFO: [smal_..][epoch: 13, iter:  10,700, lr:(4.109e-04,)][eta: 0:15:46, time (data): 0.113 (0.025)]l_bij: 9.3463e+01 l_orth: 1.0019e+02 l_align: 8.1665e+01 l_total: 2.7532e+02 
2026-06-25 11:54:42,859 INFO: [smal_..][epoch: 13, iter:  10,720, lr:(4.109e-04,)][eta: 0:15:42, time (data): 0.111 (0.023)]l_bij: 8.6850e+01 l_orth: 9.6505e+01 l_align: 8.0926e+01 l_total: 2.6428e+02 
2026-06-25 11:54:45,048 INFO: [smal_..][epoch: 13, iter:  10,740, lr:(4.109e-04,)][eta: 0:15:39, time (data): 0.110 (0.023)]l_bij: 1.0267e+02 l_orth: 1.0937e+02 l_align: 8.5516e+01 l_total: 2.9756e+02 
2026-06-25 11:54:47,158 INFO: [smal_..][epoch: 13, iter:  10,760, lr:(4.109e-04,)][eta: 0:15:35, time (data): 0.109 (0.023)]l_bij: 1.0183e+02 l_orth: 1.0500e+02 l_align: 8.8581e+01 l_total: 2.9541e+02 
2026-06-25 11:54:49,340 INFO: [smal_..][epoch: 13, iter:  10,780, lr:(4.109e-04,)][eta: 0:15:31, time (data): 0.109 (0.022)]l_bij: 9.9928e+01 l_orth: 1.0808e+02 l_align: 9.0677e+01 l_total: 2.9869e+02 
2026-06-25 11:54:51,560 INFO: [smal_..][epoch: 13, iter:  10,800, lr:(4.109e-04,)][eta: 0:15:28, time (data): 0.110 (0.022)]l_bij: 8.6047e+01 l_orth: 9.7088e+01 l_align: 8.4139e+01 l_total: 2.6727e+02 
2026-06-25 11:54:53,746 INFO: [smal_..][epoch: 13, iter:  10,820, lr:(4.109e-04,)][eta: 0:15:24, time (data): 0.109 (0.022)]l_bij: 8.5707e+01 l_orth: 1.0100e+02 l_align: 8.6004e+01 l_total: 2.7271e+02 
2026-06-25 11:54:55,990 INFO: [smal_..][epoch: 13, iter:  10,840, lr:(4.109e-04,)][eta: 0:15:21, time (data): 0.110 (0.023)]l_bij: 7.7648e+01 l_orth: 9.0359e+01 l_align: 8.6836e+01 l_total: 2.5484e+02 
2026-06-25 11:54:58,154 INFO: [smal_..][epoch: 13, iter:  10,860, lr:(4.109e-04,)][eta: 0:15:17, time (data): 0.106 (0.021)]l_bij: 9.1564e+01 l_orth: 1.0175e+02 l_align: 8.4604e+01 l_total: 2.7792e+02 
2026-06-25 11:55:00,360 INFO: [smal_..][epoch: 13, iter:  10,880, lr:(4.109e-04,)][eta: 0:15:14, time (data): 0.109 (0.023)]l_bij: 4.4363e+01 l_orth: 6.7188e+01 l_align: 8.8014e+01 l_total: 1.9957e+02 
2026-06-25 11:55:02,536 INFO: [smal_..][epoch: 13, iter:  10,900, lr:(4.109e-04,)][eta: 0:15:10, time (data): 0.109 (0.023)]l_bij: 1.3770e+02 l_orth: 1.3537e+02 l_align: 9.6280e+01 l_total: 3.6935e+02 
2026-06-25 11:55:04,677 INFO: [smal_..][epoch: 13, iter:  10,920, lr:(4.109e-04,)][eta: 0:15:06, time (data): 0.108 (0.021)]l_bij: 1.0490e+02 l_orth: 1.0962e+02 l_align: 8.5307e+01 l_total: 2.9982e+02 
2026-06-25 11:55:07,033 INFO: [smal_..][epoch: 14, iter:  10,940, lr:(3.457e-04,)][eta: 0:15:03, time (data): 0.111 (0.024)]l_bij: 7.4022e+01 l_orth: 9.0217e+01 l_align: 8.3845e+01 l_total: 2.4808e+02 
2026-06-25 11:55:09,356 INFO: [smal_..][epoch: 14, iter:  10,960, lr:(3.457e-04,)][eta: 0:14:59, time (data): 0.112 (0.025)]l_bij: 7.1912e+01 l_orth: 8.9287e+01 l_align: 8.6750e+01 l_total: 2.4795e+02 
2026-06-25 11:55:11,703 INFO: [smal_..][epoch: 14, iter:  10,980, lr:(3.457e-04,)][eta: 0:14:56, time (data): 0.112 (0.026)]l_bij: 8.6934e+01 l_orth: 9.4038e+01 l_align: 8.1477e+01 l_total: 2.6245e+02 
2026-06-25 11:55:14,039 INFO: [smal_..][epoch: 14, iter:  11,000, lr:(3.457e-04,)][eta: 0:14:53, time (data): 0.113 (0.026)]l_bij: 9.8700e+01 l_orth: 1.0474e+02 l_align: 8.9998e+01 l_total: 2.9344e+02 
2026-06-25 11:55:16,313 INFO: [smal_..][epoch: 14, iter:  11,020, lr:(3.457e-04,)][eta: 0:14:49, time (data): 0.113 (0.026)]l_bij: 7.6826e+01 l_orth: 8.8415e+01 l_align: 8.1634e+01 l_total: 2.4688e+02 
2026-06-25 11:55:18,541 INFO: [smal_..][epoch: 14, iter:  11,040, lr:(3.457e-04,)][eta: 0:14:46, time (data): 0.113 (0.026)]l_bij: 1.1605e+02 l_orth: 1.1618e+02 l_align: 7.7453e+01 l_total: 3.0969e+02 
2026-06-25 11:55:20,785 INFO: [smal_..][epoch: 14, iter:  11,060, lr:(3.457e-04,)][eta: 0:14:42, time (data): 0.108 (0.022)]l_bij: 9.8371e+01 l_orth: 1.0761e+02 l_align: 8.5849e+01 l_total: 2.9183e+02 
2026-06-25 11:55:23,085 INFO: [smal_..][epoch: 14, iter:  11,080, lr:(3.457e-04,)][eta: 0:14:39, time (data): 0.113 (0.025)]l_bij: 9.5099e+01 l_orth: 1.0336e+02 l_align: 8.3047e+01 l_total: 2.8151e+02 
2026-06-25 11:55:25,283 INFO: [smal_..][epoch: 14, iter:  11,100, lr:(3.457e-04,)][eta: 0:14:35, time (data): 0.112 (0.025)]l_bij: 9.9230e+01 l_orth: 1.0420e+02 l_align: 8.6888e+01 l_total: 2.9031e+02 
2026-06-25 11:55:27,480 INFO: [smal_..][epoch: 14, iter:  11,120, lr:(3.457e-04,)][eta: 0:14:32, time (data): 0.111 (0.025)]l_bij: 5.9218e+01 l_orth: 7.6483e+01 l_align: 8.2589e+01 l_total: 2.1829e+02 
2026-06-25 11:55:29,806 INFO: [smal_..][epoch: 14, iter:  11,140, lr:(3.457e-04,)][eta: 0:14:28, time (data): 0.112 (0.025)]l_bij: 1.2104e+02 l_orth: 1.2429e+02 l_align: 8.8922e+01 l_total: 3.3424e+02 
2026-06-25 11:55:31,994 INFO: [smal_..][epoch: 14, iter:  11,160, lr:(3.457e-04,)][eta: 0:14:25, time (data): 0.112 (0.025)]l_bij: 8.6639e+01 l_orth: 9.5905e+01 l_align: 8.5091e+01 l_total: 2.6763e+02 
2026-06-25 11:55:34,246 INFO: [smal_..][epoch: 14, iter:  11,180, lr:(3.457e-04,)][eta: 0:14:21, time (data): 0.112 (0.025)]l_bij: 9.7985e+01 l_orth: 1.0385e+02 l_align: 8.5495e+01 l_total: 2.8733e+02 
2026-06-25 11:55:36,473 INFO: [smal_..][epoch: 14, iter:  11,200, lr:(3.457e-04,)][eta: 0:14:18, time (data): 0.112 (0.025)]l_bij: 8.2557e+01 l_orth: 9.2896e+01 l_align: 8.3773e+01 l_total: 2.5923e+02 
2026-06-25 11:55:38,758 INFO: [smal_..][epoch: 14, iter:  11,220, lr:(3.457e-04,)][eta: 0:14:14, time (data): 0.112 (0.025)]l_bij: 1.1757e+02 l_orth: 1.1976e+02 l_align: 8.6356e+01 l_total: 3.2368e+02 
2026-06-25 11:55:40,955 INFO: [smal_..][epoch: 14, iter:  11,240, lr:(3.457e-04,)][eta: 0:14:11, time (data): 0.112 (0.025)]l_bij: 9.9265e+01 l_orth: 1.0484e+02 l_align: 8.5218e+01 l_total: 2.8933e+02 
2026-06-25 11:55:43,266 INFO: [smal_..][epoch: 14, iter:  11,260, lr:(3.457e-04,)][eta: 0:14:07, time (data): 0.108 (0.023)]l_bij: 9.8511e+01 l_orth: 1.0399e+02 l_align: 8.0832e+01 l_total: 2.8333e+02 
2026-06-25 11:55:45,556 INFO: [smal_..][epoch: 14, iter:  11,280, lr:(3.457e-04,)][eta: 0:14:04, time (data): 0.113 (0.027)]l_bij: 8.4470e+01 l_orth: 9.5818e+01 l_align: 8.3809e+01 l_total: 2.6410e+02 
2026-06-25 11:55:47,774 INFO: [smal_..][epoch: 14, iter:  11,300, lr:(3.457e-04,)][eta: 0:14:00, time (data): 0.112 (0.027)]l_bij: 8.8118e+01 l_orth: 9.6348e+01 l_align: 8.8787e+01 l_total: 2.7325e+02 
2026-06-25 11:55:49,972 INFO: [smal_..][epoch: 14, iter:  11,320, lr:(3.457e-04,)][eta: 0:13:57, time (data): 0.111 (0.027)]l_bij: 9.5149e+00 l_orth: 5.0909e+01 l_align: 1.0988e+02 l_total: 1.7031e+02 
2026-06-25 11:55:52,128 INFO: [smal_..][epoch: 14, iter:  11,340, lr:(3.457e-04,)][eta: 0:13:54, time (data): 0.111 (0.026)]l_bij: 9.0197e+01 l_orth: 9.8503e+01 l_align: 8.8373e+01 l_total: 2.7707e+02 
2026-06-25 11:55:54,354 INFO: [smal_..][epoch: 14, iter:  11,360, lr:(3.457e-04,)][eta: 0:13:50, time (data): 0.111 (0.027)]l_bij: 6.1326e+01 l_orth: 7.8254e+01 l_align: 8.6246e+01 l_total: 2.2583e+02 
2026-06-25 11:55:56,584 INFO: [smal_..][epoch: 14, iter:  11,380, lr:(3.457e-04,)][eta: 0:13:47, time (data): 0.111 (0.027)]l_bij: 8.8384e+01 l_orth: 9.8203e+01 l_align: 8.4353e+01 l_total: 2.7094e+02 
2026-06-25 11:55:58,779 INFO: [smal_..][epoch: 14, iter:  11,400, lr:(3.457e-04,)][eta: 0:13:43, time (data): 0.111 (0.027)]l_bij: 8.5889e+01 l_orth: 9.8075e+01 l_align: 8.6527e+01 l_total: 2.7049e+02 
2026-06-25 11:56:00,937 INFO: [smal_..][epoch: 14, iter:  11,420, lr:(3.457e-04,)][eta: 0:13:40, time (data): 0.110 (0.027)]l_bij: 1.0525e+02 l_orth: 1.0963e+02 l_align: 8.4191e+01 l_total: 2.9907e+02 
2026-06-25 11:56:03,066 INFO: [smal_..][epoch: 14, iter:  11,440, lr:(3.457e-04,)][eta: 0:13:36, time (data): 0.110 (0.026)]l_bij: 1.2670e+02 l_orth: 1.2735e+02 l_align: 1.0047e+02 l_total: 3.5452e+02 
2026-06-25 11:56:05,225 INFO: [smal_..][epoch: 14, iter:  11,460, lr:(3.457e-04,)][eta: 0:13:33, time (data): 0.108 (0.027)]l_bij: 1.0926e+02 l_orth: 1.1492e+02 l_align: 9.4050e+01 l_total: 3.1823e+02 
2026-06-25 11:56:07,438 INFO: [smal_..][epoch: 14, iter:  11,480, lr:(3.457e-04,)][eta: 0:13:29, time (data): 0.110 (0.028)]l_bij: 1.0702e+02 l_orth: 1.1276e+02 l_align: 8.6933e+01 l_total: 3.0671e+02 
2026-06-25 11:56:09,617 INFO: [smal_..][epoch: 14, iter:  11,500, lr:(3.457e-04,)][eta: 0:13:26, time (data): 0.110 (0.028)]l_bij: 9.3279e+01 l_orth: 1.0281e+02 l_align: 8.8707e+01 l_total: 2.8480e+02 
2026-06-25 11:56:11,782 INFO: [smal_..][epoch: 14, iter:  11,520, lr:(3.457e-04,)][eta: 0:13:23, time (data): 0.109 (0.027)]l_bij: 8.9907e+01 l_orth: 9.9513e+01 l_align: 8.7206e+01 l_total: 2.7663e+02 
2026-06-25 11:56:13,958 INFO: [smal_..][epoch: 14, iter:  11,540, lr:(3.457e-04,)][eta: 0:13:19, time (data): 0.109 (0.026)]l_bij: 9.2960e+01 l_orth: 1.0081e+02 l_align: 7.9790e+01 l_total: 2.7356e+02 
2026-06-25 11:56:16,155 INFO: [smal_..][epoch: 14, iter:  11,560, lr:(3.457e-04,)][eta: 0:13:16, time (data): 0.109 (0.027)]l_bij: 1.0985e+02 l_orth: 1.1589e+02 l_align: 8.5936e+01 l_total: 3.1168e+02 
2026-06-25 11:56:18,374 INFO: [smal_..][epoch: 14, iter:  11,580, lr:(3.457e-04,)][eta: 0:13:12, time (data): 0.109 (0.027)]l_bij: 5.5332e+01 l_orth: 7.7731e+01 l_align: 9.2541e+01 l_total: 2.2560e+02 
2026-06-25 11:56:20,591 INFO: [smal_..][epoch: 14, iter:  11,600, lr:(3.457e-04,)][eta: 0:13:09, time (data): 0.110 (0.027)]l_bij: 6.2205e+01 l_orth: 8.1857e+01 l_align: 8.4608e+01 l_total: 2.2867e+02 
2026-06-25 11:56:22,729 INFO: [smal_..][epoch: 14, iter:  11,620, lr:(3.457e-04,)][eta: 0:13:06, time (data): 0.109 (0.026)]l_bij: 9.0717e+01 l_orth: 9.9312e+01 l_align: 8.4920e+01 l_total: 2.7495e+02 
2026-06-25 11:56:24,890 INFO: [smal_..][epoch: 14, iter:  11,640, lr:(3.457e-04,)][eta: 0:13:02, time (data): 0.109 (0.026)]l_bij: 8.5681e+01 l_orth: 9.5565e+01 l_align: 9.2404e+01 l_total: 2.7365e+02 
2026-06-25 11:56:27,073 INFO: [smal_..][epoch: 14, iter:  11,660, lr:(3.457e-04,)][eta: 0:12:59, time (data): 0.109 (0.027)]l_bij: 9.5679e+01 l_orth: 1.0414e+02 l_align: 8.9242e+01 l_total: 2.8906e+02 
2026-06-25 11:56:29,232 INFO: [smal_..][epoch: 14, iter:  11,680, lr:(3.457e-04,)][eta: 0:12:55, time (data): 0.108 (0.025)]l_bij: 9.0296e+01 l_orth: 9.7282e+01 l_align: 8.5035e+01 l_total: 2.7261e+02 
2026-06-25 11:56:31,375 INFO: [smal_..][epoch: 14, iter:  11,700, lr:(3.457e-04,)][eta: 0:12:52, time (data): 0.108 (0.025)]l_bij: 1.3301e+02 l_orth: 1.3180e+02 l_align: 1.0004e+02 l_total: 3.6485e+02 
2026-06-25 11:56:33,576 INFO: [smal_..][epoch: 14, iter:  11,720, lr:(3.457e-04,)][eta: 0:12:49, time (data): 0.108 (0.026)]l_bij: 1.1758e+02 l_orth: 1.2683e+02 l_align: 9.2215e+01 l_total: 3.3662e+02 
2026-06-25 11:56:35,718 INFO: [smal_..][epoch: 14, iter:  11,740, lr:(3.457e-04,)][eta: 0:12:45, time (data): 0.108 (0.025)]l_bij: 1.0513e+02 l_orth: 1.0881e+02 l_align: 7.9520e+01 l_total: 2.9346e+02 
2026-06-25 11:56:37,957 INFO: [smal_..][epoch: 14, iter:  11,760, lr:(3.457e-04,)][eta: 0:12:42, time (data): 0.109 (0.026)]l_bij: 9.1227e+01 l_orth: 9.9986e+01 l_align: 8.3534e+01 l_total: 2.7475e+02 
2026-06-25 11:56:40,317 INFO: [smal_..][epoch: 15, iter:  11,780, lr:(2.855e-04,)][eta: 0:12:39, time (data): 0.110 (0.027)]l_bij: 7.7269e+01 l_orth: 9.0526e+01 l_align: 8.4993e+01 l_total: 2.5279e+02 
2026-06-25 11:56:42,351 INFO: [smal_..][epoch: 15, iter:  11,800, lr:(2.855e-04,)][eta: 0:12:35, time (data): 0.109 (0.026)]l_bij: 5.6251e+01 l_orth: 7.2487e+01 l_align: 7.9926e+01 l_total: 2.0866e+02 
2026-06-25 11:56:44,439 INFO: [smal_..][epoch: 15, iter:  11,820, lr:(2.855e-04,)][eta: 0:12:32, time (data): 0.108 (0.026)]l_bij: 7.3379e+01 l_orth: 8.8070e+01 l_align: 8.3541e+01 l_total: 2.4499e+02 
2026-06-25 11:56:46,505 INFO: [smal_..][epoch: 15, iter:  11,840, lr:(2.855e-04,)][eta: 0:12:28, time (data): 0.108 (0.025)]l_bij: 8.6971e+00 l_orth: 5.0956e+01 l_align: 1.0731e+02 l_total: 1.6696e+02 
2026-06-25 11:56:48,589 INFO: [smal_..][epoch: 15, iter:  11,860, lr:(2.855e-04,)][eta: 0:12:25, time (data): 0.099 (0.019)]l_bij: 7.6699e+01 l_orth: 9.2230e+01 l_align: 8.6541e+01 l_total: 2.5547e+02 
2026-06-25 11:56:50,672 INFO: [smal_..][epoch: 15, iter:  11,880, lr:(2.855e-04,)][eta: 0:12:21, time (data): 0.104 (0.022)]l_bij: 8.9581e+01 l_orth: 9.8861e+01 l_align: 8.0663e+01 l_total: 2.6910e+02 
2026-06-25 11:56:52,734 INFO: [smal_..][epoch: 15, iter:  11,900, lr:(2.855e-04,)][eta: 0:12:18, time (data): 0.103 (0.021)]l_bij: 1.2426e+02 l_orth: 1.2572e+02 l_align: 9.6234e+01 l_total: 3.4622e+02 
2026-06-25 11:56:54,830 INFO: [smal_..][epoch: 15, iter:  11,920, lr:(2.855e-04,)][eta: 0:12:15, time (data): 0.104 (0.021)]l_bij: 9.7550e+01 l_orth: 1.0138e+02 l_align: 7.8997e+01 l_total: 2.7793e+02 
2026-06-25 11:56:56,910 INFO: [smal_..][epoch: 15, iter:  11,940, lr:(2.855e-04,)][eta: 0:12:11, time (data): 0.104 (0.021)]l_bij: 1.0308e+02 l_orth: 1.0851e+02 l_align: 9.4486e+01 l_total: 3.0608e+02 
2026-06-25 11:56:58,976 INFO: [smal_..][epoch: 15, iter:  11,960, lr:(2.855e-04,)][eta: 0:12:08, time (data): 0.104 (0.021)]l_bij: 1.1829e+02 l_orth: 1.1953e+02 l_align: 8.9034e+01 l_total: 3.2685e+02 
2026-06-25 11:57:01,002 INFO: [smal_..][epoch: 15, iter:  11,980, lr:(2.855e-04,)][eta: 0:12:05, time (data): 0.103 (0.021)]l_bij: 1.1250e+02 l_orth: 1.1438e+02 l_align: 9.1230e+01 l_total: 3.1810e+02 
2026-06-25 11:57:03,038 INFO: [smal_..][epoch: 15, iter:  12,000, lr:(2.855e-04,)][eta: 0:12:01, time (data): 0.103 (0.020)]l_bij: 6.0292e+01 l_orth: 7.7323e+01 l_align: 8.0108e+01 l_total: 2.1772e+02 
2026-06-25 11:57:03,038 INFO: Saving models and training states.
2026-06-25 11:57:03,058 INFO: Start validation.
2026-06-25 11:57:03,863 INFO: avg err:0.0000 | err:0.0000 | cougar_01 cougar_01
2026-06-25 11:57:04,034 INFO: avg err:0.0083 | err:0.0166 | cougar_01 cougar_02
2026-06-25 11:57:04,382 INFO: avg err:0.0120 | err:0.0195 | cougar_01 cougar_03
2026-06-25 11:57:04,532 INFO: avg err:0.0141 | err:0.0202 | cougar_01 cougar_04
2026-06-25 11:57:04,886 INFO: avg err:0.0443 | err:0.1654 | cougar_01 hippo_01
2026-06-25 11:57:05,036 INFO: avg err:0.0534 | err:0.0987 | cougar_01 hippo_02
2026-06-25 11:57:05,395 INFO: avg err:0.0753 | err:0.2064 | cougar_01 hippo_03
2026-06-25 11:57:05,541 INFO: avg err:0.0837 | err:0.1425 | cougar_01 hippo_04
2026-06-25 11:57:05,907 INFO: avg err:0.0849 | err:0.0947 | cougar_01 hippo_05
2026-06-25 11:57:06,055 INFO: avg err:0.1044 | err:0.2804 | cougar_01 hippo_06
2026-06-25 11:57:06,426 INFO: avg err:0.0980 | err:0.0341 | cougar_01 horse_01
2026-06-25 11:57:06,574 INFO: avg err:0.0953 | err:0.0646 | cougar_01 horse_02
2026-06-25 11:57:06,930 INFO: avg err:0.0903 | err:0.0305 | cougar_01 horse_03
2026-06-25 11:57:07,080 INFO: avg err:0.0864 | err:0.0355 | cougar_01 horse_04
2026-06-25 11:57:07,435 INFO: avg err:0.0975 | err:0.2538 | cougar_01 horse_05
2026-06-25 11:57:07,585 INFO: avg err:0.0976 | err:0.0993 | cougar_01 horse_06
2026-06-25 11:57:07,937 INFO: avg err:0.0941 | err:0.0374 | cougar_01 horse_07
2026-06-25 11:57:08,087 INFO: avg err:0.0931 | err:0.0760 | cougar_01 horse_08
2026-06-25 11:57:08,440 INFO: avg err:0.0903 | err:0.0402 | cougar_01 horse_09
2026-06-25 11:57:08,587 INFO: avg err:0.0902 | err:0.0882 | cougar_01 horse_10
2026-06-25 11:57:08,954 INFO: avg err:0.0867 | err:0.0169 | cougar_02 cougar_01
2026-06-25 11:57:09,104 INFO: avg err:0.0828 | err:0.0000 | cougar_02 cougar_02
2026-06-25 11:57:09,465 INFO: avg err:0.0801 | err:0.0202 | cougar_02 cougar_03
2026-06-25 11:57:09,613 INFO: avg err:0.0777 | err:0.0242 | cougar_02 cougar_04
2026-06-25 11:57:09,967 INFO: avg err:0.0790 | err:0.1094 | cougar_02 hippo_01
2026-06-25 11:57:10,118 INFO: avg err:0.0804 | err:0.1146 | cougar_02 hippo_02
2026-06-25 11:57:10,467 INFO: avg err:0.0842 | err:0.1848 | cougar_02 hippo_03
2026-06-25 11:57:10,615 INFO: avg err:0.0861 | err:0.1374 | cougar_02 hippo_04
2026-06-25 11:57:10,977 INFO: avg err:0.0868 | err:0.1056 | cougar_02 hippo_05
2026-06-25 11:57:11,129 INFO: avg err:0.0927 | err:0.2647 | cougar_02 hippo_06
2026-06-25 11:57:11,514 INFO: avg err:0.0916 | err:0.0576 | cougar_02 horse_01
2026-06-25 11:57:11,661 INFO: avg err:0.0906 | err:0.0586 | cougar_02 horse_02
2026-06-25 11:57:12,007 INFO: avg err:0.0895 | err:0.0545 | cougar_02 horse_03
2026-06-25 11:57:12,159 INFO: avg err:0.0881 | err:0.0424 | cougar_02 horse_04
2026-06-25 11:57:12,497 INFO: avg err:0.0934 | err:0.2723 | cougar_02 horse_05
2026-06-25 11:57:12,647 INFO: avg err:0.0924 | err:0.0601 | cougar_02 horse_06
2026-06-25 11:57:13,010 INFO: avg err:0.0910 | err:0.0387 | cougar_02 horse_07
2026-06-25 11:57:13,160 INFO: avg err:0.0899 | err:0.0508 | cougar_02 horse_08
2026-06-25 11:57:13,515 INFO: avg err:0.0892 | err:0.0637 | cougar_02 horse_09
2026-06-25 11:57:13,666 INFO: avg err:0.0884 | err:0.0560 | cougar_02 horse_10
2026-06-25 11:57:14,017 INFO: avg err:0.0867 | err:0.0187 | cougar_03 cougar_01
2026-06-25 11:57:14,169 INFO: avg err:0.0851 | err:0.0204 | cougar_03 cougar_02
2026-06-25 11:57:14,522 INFO: avg err:0.0832 | err:0.0000 | cougar_03 cougar_03
2026-06-25 11:57:14,678 INFO: avg err:0.0819 | err:0.0267 | cougar_03 cougar_04
2026-06-25 11:57:15,031 INFO: avg err:0.0841 | err:0.1804 | cougar_03 hippo_01
2026-06-25 11:57:15,180 INFO: avg err:0.0852 | err:0.1383 | cougar_03 hippo_02
2026-06-25 11:57:15,538 INFO: avg err:0.0882 | err:0.2222 | cougar_03 hippo_03
2026-06-25 11:57:15,691 INFO: avg err:0.0904 | err:0.1935 | cougar_03 hippo_04
2026-06-25 11:57:16,038 INFO: avg err:0.0909 | err:0.1185 | cougar_03 hippo_05
2026-06-25 11:57:16,187 INFO: avg err:0.0937 | err:0.2315 | cougar_03 hippo_06
2026-06-25 11:57:16,549 INFO: avg err:0.0927 | err:0.0400 | cougar_03 horse_01
2026-06-25 11:57:16,698 INFO: avg err:0.0916 | err:0.0379 | cougar_03 horse_02
2026-06-25 11:57:17,054 INFO: avg err:0.0905 | err:0.0323 | cougar_03 horse_03
2026-06-25 11:57:17,203 INFO: avg err:0.0895 | err:0.0371 | cougar_03 horse_04
2026-06-25 11:57:17,574 INFO: avg err:0.0937 | err:0.3207 | cougar_03 horse_05
2026-06-25 11:57:17,723 INFO: avg err:0.0928 | err:0.0408 | cougar_03 horse_06
2026-06-25 11:57:18,108 INFO: avg err:0.0918 | err:0.0358 | cougar_03 horse_07
2026-06-25 11:57:18,257 INFO: avg err:0.0915 | err:0.0768 | cougar_03 horse_08
2026-06-25 11:57:18,644 INFO: avg err:0.0910 | err:0.0589 | cougar_03 horse_09
2026-06-25 11:57:18,791 INFO: avg err:0.0905 | err:0.0616 | cougar_03 horse_10
2026-06-25 11:57:19,143 INFO: avg err:0.0893 | err:0.0193 | cougar_04 cougar_01
2026-06-25 11:57:19,290 INFO: avg err:0.0883 | err:0.0244 | cougar_04 cougar_02
2026-06-25 11:57:19,644 INFO: avg err:0.0875 | err:0.0399 | cougar_04 cougar_03
2026-06-25 11:57:19,793 INFO: avg err:0.0861 | err:0.0000 | cougar_04 cougar_04
2026-06-25 11:57:20,179 INFO: avg err:0.0869 | err:0.1368 | cougar_04 hippo_01
2026-06-25 11:57:20,327 INFO: avg err:0.0871 | err:0.1009 | cougar_04 hippo_02
2026-06-25 11:57:20,681 INFO: avg err:0.0887 | err:0.1933 | cougar_04 hippo_03
2026-06-25 11:57:20,829 INFO: avg err:0.0894 | err:0.1352 | cougar_04 hippo_04
2026-06-25 11:57:21,192 INFO: avg err:0.0895 | err:0.0951 | cougar_04 hippo_05
2026-06-25 11:57:21,340 INFO: avg err:0.0921 | err:0.2760 | cougar_04 hippo_06
2026-06-25 11:57:21,702 INFO: avg err:0.0913 | err:0.0315 | cougar_04 horse_01
2026-06-25 11:57:21,850 INFO: avg err:0.0911 | err:0.0812 | cougar_04 horse_02
2026-06-25 11:57:22,211 INFO: avg err:0.0907 | err:0.0572 | cougar_04 horse_03
2026-06-25 11:57:22,358 INFO: avg err:0.0900 | err:0.0385 | cougar_04 horse_04
2026-06-25 11:57:22,753 INFO: avg err:0.0922 | err:0.2547 | cougar_04 horse_05
2026-06-25 11:57:22,902 INFO: avg err:0.0921 | err:0.0842 | cougar_04 horse_06
2026-06-25 11:57:23,261 INFO: avg err:0.0919 | err:0.0830 | cougar_04 horse_07
2026-06-25 11:57:23,408 INFO: avg err:0.0918 | err:0.0803 | cougar_04 horse_08
2026-06-25 11:57:23,765 INFO: avg err:0.0911 | err:0.0364 | cougar_04 horse_09
2026-06-25 11:57:23,915 INFO: avg err:0.0909 | err:0.0779 | cougar_04 horse_10
2026-06-25 11:57:24,271 INFO: avg err:0.0906 | err:0.0628 | hippo_01 cougar_01
2026-06-25 11:57:24,420 INFO: avg err:0.0903 | err:0.0690 | hippo_01 cougar_02
2026-06-25 11:57:24,769 INFO: avg err:0.0904 | err:0.1005 | hippo_01 cougar_03
2026-06-25 11:57:24,926 INFO: avg err:0.0901 | err:0.0644 | hippo_01 cougar_04
2026-06-25 11:57:25,275 INFO: avg err:0.0891 | err:0.0000 | hippo_01 hippo_01
2026-06-25 11:57:25,425 INFO: avg err:0.0884 | err:0.0287 | hippo_01 hippo_02
2026-06-25 11:57:25,797 INFO: avg err:0.0879 | err:0.0469 | hippo_01 hippo_03
2026-06-25 11:57:25,948 INFO: avg err:0.0871 | err:0.0180 | hippo_01 hippo_04
2026-06-25 11:57:26,305 INFO: avg err:0.0867 | err:0.0549 | hippo_01 hippo_05
2026-06-25 11:57:26,455 INFO: avg err:0.0860 | err:0.0211 | hippo_01 hippo_06
2026-06-25 11:57:26,816 INFO: avg err:0.0860 | err:0.0805 | hippo_01 horse_01
2026-06-25 11:57:26,969 INFO: avg err:0.0863 | err:0.1205 | hippo_01 horse_02
2026-06-25 11:57:27,322 INFO: avg err:0.0863 | err:0.0877 | hippo_01 horse_03
2026-06-25 11:57:27,471 INFO: avg err:0.0863 | err:0.0854 | hippo_01 horse_04
2026-06-25 11:57:27,829 INFO: avg err:0.0875 | err:0.2002 | hippo_01 horse_05
2026-06-25 11:57:27,980 INFO: avg err:0.0879 | err:0.1247 | hippo_01 horse_06
2026-06-25 11:57:28,349 INFO: avg err:0.0883 | err:0.1224 | hippo_01 horse_07
2026-06-25 11:57:28,498 INFO: avg err:0.0887 | err:0.1269 | hippo_01 horse_08
2026-06-25 11:57:28,876 INFO: avg err:0.0886 | err:0.0824 | hippo_01 horse_09
2026-06-25 11:57:29,026 INFO: avg err:0.0889 | err:0.1168 | hippo_01 horse_10
2026-06-25 11:57:29,389 INFO: avg err:0.0888 | err:0.0802 | hippo_02 cougar_01
2026-06-25 11:57:29,538 INFO: avg err:0.0888 | err:0.0884 | hippo_02 cougar_02
2026-06-25 11:57:29,890 INFO: avg err:0.0888 | err:0.0892 | hippo_02 cougar_03
2026-06-25 11:57:30,040 INFO: avg err:0.0887 | err:0.0762 | hippo_02 cougar_04
2026-06-25 11:57:30,396 INFO: avg err:0.0881 | err:0.0295 | hippo_02 hippo_01
2026-06-25 11:57:30,545 INFO: avg err:0.0873 | err:0.0000 | hippo_02 hippo_02
2026-06-25 11:57:30,897 INFO: avg err:0.0876 | err:0.1227 | hippo_02 hippo_03
2026-06-25 11:57:31,046 INFO: avg err:0.0873 | err:0.0510 | hippo_02 hippo_04
2026-06-25 11:57:31,397 INFO: avg err:0.0868 | err:0.0309 | hippo_02 hippo_05
2026-06-25 11:57:31,546 INFO: avg err:0.0865 | err:0.0621 | hippo_02 hippo_06
2026-06-25 11:57:31,896 INFO: avg err:0.0865 | err:0.0793 | hippo_02 horse_01
2026-06-25 11:57:32,044 INFO: avg err:0.0864 | err:0.0775 | hippo_02 horse_02
2026-06-25 11:57:32,391 INFO: avg err:0.0863 | err:0.0805 | hippo_02 horse_03
2026-06-25 11:57:32,540 INFO: avg err:0.0864 | err:0.0884 | hippo_02 horse_04
2026-06-25 11:57:32,884 INFO: avg err:0.0876 | err:0.2254 | hippo_02 horse_05
2026-06-25 11:57:33,032 INFO: avg err:0.0877 | err:0.1034 | hippo_02 horse_06
2026-06-25 11:57:33,385 INFO: avg err:0.0877 | err:0.0904 | hippo_02 horse_07
2026-06-25 11:57:33,537 INFO: avg err:0.0878 | err:0.0970 | hippo_02 horse_08
2026-06-25 11:57:33,908 INFO: avg err:0.0878 | err:0.0928 | hippo_02 horse_09
2026-06-25 11:57:34,056 INFO: avg err:0.0879 | err:0.0985 | hippo_02 horse_10
2026-06-25 11:57:34,420 INFO: avg err:0.0879 | err:0.0875 | hippo_03 cougar_01
2026-06-25 11:57:34,567 INFO: avg err:0.0881 | err:0.1032 | hippo_03 cougar_02
2026-06-25 11:57:34,923 INFO: avg err:0.0882 | err:0.1109 | hippo_03 cougar_03
2026-06-25 11:57:35,071 INFO: avg err:0.0883 | err:0.0955 | hippo_03 cougar_04
2026-06-25 11:57:35,434 INFO: avg err:0.0879 | err:0.0404 | hippo_03 hippo_01
2026-06-25 11:57:35,583 INFO: avg err:0.0879 | err:0.0897 | hippo_03 hippo_02
2026-06-25 11:57:35,963 INFO: avg err:0.0872 | err:0.0000 | hippo_03 hippo_03
2026-06-25 11:57:36,116 INFO: avg err:0.0867 | err:0.0206 | hippo_03 hippo_04
2026-06-25 11:57:36,468 INFO: avg err:0.0868 | err:0.0955 | hippo_03 hippo_05
2026-06-25 11:57:36,624 INFO: avg err:0.0864 | err:0.0394 | hippo_03 hippo_06
2026-06-25 11:57:36,970 INFO: avg err:0.0867 | err:0.1234 | hippo_03 horse_01
2026-06-25 11:57:37,125 INFO: avg err:0.0873 | err:0.1603 | hippo_03 horse_02
2026-06-25 11:57:37,478 INFO: avg err:0.0875 | err:0.1208 | hippo_03 horse_03
2026-06-25 11:57:37,629 INFO: avg err:0.0878 | err:0.1242 | hippo_03 horse_04
2026-06-25 11:57:37,979 INFO: avg err:0.0892 | err:0.2814 | hippo_03 horse_05
2026-06-25 11:57:38,133 INFO: avg err:0.0898 | err:0.1697 | hippo_03 horse_06
2026-06-25 11:57:38,492 INFO: avg err:0.0902 | err:0.1471 | hippo_03 horse_07
2026-06-25 11:57:38,648 INFO: avg err:0.0905 | err:0.1298 | hippo_03 horse_08
2026-06-25 11:57:39,022 INFO: avg err:0.0907 | err:0.1206 | hippo_03 horse_09
2026-06-25 11:57:39,174 INFO: avg err:0.0912 | err:0.1511 | hippo_03 horse_10
2026-06-25 11:57:39,526 INFO: avg err:0.0910 | err:0.0633 | hippo_04 cougar_01
2026-06-25 11:57:39,679 INFO: avg err:0.0908 | err:0.0716 | hippo_04 cougar_02
2026-06-25 11:57:40,027 INFO: avg err:0.0907 | err:0.0791 | hippo_04 cougar_03
2026-06-25 11:57:40,179 INFO: avg err:0.0906 | err:0.0689 | hippo_04 cougar_04
2026-06-25 11:57:40,524 INFO: avg err:0.0901 | err:0.0185 | hippo_04 hippo_01
2026-06-25 11:57:40,677 INFO: avg err:0.0898 | err:0.0430 | hippo_04 hippo_02
2026-06-25 11:57:41,040 INFO: avg err:0.0893 | err:0.0229 | hippo_04 hippo_03
2026-06-25 11:57:41,192 INFO: avg err:0.0887 | err:0.0000 | hippo_04 hippo_04
2026-06-25 11:57:41,551 INFO: avg err:0.0885 | err:0.0519 | hippo_04 hippo_05
2026-06-25 11:57:41,699 INFO: avg err:0.0882 | err:0.0465 | hippo_04 hippo_06
2026-06-25 11:57:42,060 INFO: avg err:0.0881 | err:0.0793 | hippo_04 horse_01
2026-06-25 11:57:42,211 INFO: avg err:0.0883 | err:0.1061 | hippo_04 horse_02
2026-06-25 11:57:42,572 INFO: avg err:0.0883 | err:0.0927 | hippo_04 horse_03
2026-06-25 11:57:42,722 INFO: avg err:0.0882 | err:0.0818 | hippo_04 horse_04
2026-06-25 11:57:43,065 INFO: avg err:0.0896 | err:0.2992 | hippo_04 horse_05
2026-06-25 11:57:43,214 INFO: avg err:0.0897 | err:0.1112 | hippo_04 horse_06
2026-06-25 11:57:43,571 INFO: avg err:0.0899 | err:0.1164 | hippo_04 horse_07
2026-06-25 11:57:43,718 INFO: avg err:0.0900 | err:0.1029 | hippo_04 horse_08
2026-06-25 11:57:44,072 INFO: avg err:0.0899 | err:0.0809 | hippo_04 horse_09
2026-06-25 11:57:44,221 INFO: avg err:0.0900 | err:0.1033 | hippo_04 horse_10
2026-06-25 11:57:44,576 INFO: avg err:0.0900 | err:0.0923 | hippo_05 cougar_01
2026-06-25 11:57:44,724 INFO: avg err:0.0901 | err:0.0976 | hippo_05 cougar_02
2026-06-25 11:57:45,103 INFO: avg err:0.0901 | err:0.1013 | hippo_05 cougar_03
2026-06-25 11:57:45,255 INFO: avg err:0.0901 | err:0.0869 | hippo_05 cougar_04
2026-06-25 11:57:45,605 INFO: avg err:0.0899 | err:0.0561 | hippo_05 hippo_01
2026-06-25 11:57:45,760 INFO: avg err:0.0895 | err:0.0245 | hippo_05 hippo_02
2026-06-25 11:57:46,144 INFO: avg err:0.0896 | err:0.1092 | hippo_05 hippo_03
2026-06-25 11:57:46,293 INFO: avg err:0.0894 | err:0.0540 | hippo_05 hippo_04
2026-06-25 11:57:46,656 INFO: avg err:0.0889 | err:0.0000 | hippo_05 hippo_05
2026-06-25 11:57:46,806 INFO: avg err:0.0890 | err:0.1123 | hippo_05 hippo_06
2026-06-25 11:57:47,182 INFO: avg err:0.0890 | err:0.0812 | hippo_05 horse_01
2026-06-25 11:57:47,331 INFO: avg err:0.0892 | err:0.1202 | hippo_05 horse_02
2026-06-25 11:57:47,733 INFO: avg err:0.0891 | err:0.0804 | hippo_05 horse_03
2026-06-25 11:57:47,887 INFO: avg err:0.0891 | err:0.0857 | hippo_05 horse_04
2026-06-25 11:57:48,237 INFO: avg err:0.0902 | err:0.2735 | hippo_05 horse_05
2026-06-25 11:57:48,385 INFO: avg err:0.0903 | err:0.1210 | hippo_05 horse_06
2026-06-25 11:57:48,749 INFO: avg err:0.0905 | err:0.1196 | hippo_05 horse_07
2026-06-25 11:57:48,901 INFO: avg err:0.0906 | err:0.1159 | hippo_05 horse_08
2026-06-25 11:57:49,258 INFO: avg err:0.0906 | err:0.0834 | hippo_05 horse_09
2026-06-25 11:57:49,407 INFO: avg err:0.0908 | err:0.1236 | hippo_05 horse_10
2026-06-25 11:57:49,770 INFO: avg err:0.0911 | err:0.1458 | hippo_06 cougar_01
2026-06-25 11:57:49,920 INFO: avg err:0.0915 | err:0.1660 | hippo_06 cougar_02
2026-06-25 11:57:50,264 INFO: avg err:0.0922 | err:0.2118 | hippo_06 cougar_03
2026-06-25 11:57:50,416 INFO: avg err:0.0925 | err:0.1497 | hippo_06 cougar_04
2026-06-25 11:57:50,790 INFO: avg err:0.0921 | err:0.0176 | hippo_06 hippo_01
2026-06-25 11:57:50,942 INFO: avg err:0.0919 | err:0.0630 | hippo_06 hippo_02
2026-06-25 11:57:51,304 INFO: avg err:0.0918 | err:0.0753 | hippo_06 hippo_03
2026-06-25 11:57:51,455 INFO: avg err:0.0915 | err:0.0358 | hippo_06 hippo_04
2026-06-25 11:57:51,818 INFO: avg err:0.0914 | err:0.0693 | hippo_06 hippo_05
2026-06-25 11:57:51,968 INFO: avg err:0.0909 | err:0.0000 | hippo_06 hippo_06
2026-06-25 11:57:52,345 INFO: avg err:0.0911 | err:0.1240 | hippo_06 horse_01
2026-06-25 11:57:52,498 INFO: avg err:0.0917 | err:0.2027 | hippo_06 horse_02
2026-06-25 11:57:52,833 INFO: avg err:0.0920 | err:0.1579 | hippo_06 horse_03
2026-06-25 11:57:52,982 INFO: avg err:0.0922 | err:0.1227 | hippo_06 horse_04
2026-06-25 11:57:53,341 INFO: avg err:0.0924 | err:0.1384 | hippo_06 horse_05
2026-06-25 11:57:53,493 INFO: avg err:0.0929 | err:0.1941 | hippo_06 horse_06
2026-06-25 11:57:53,864 INFO: avg err:0.0934 | err:0.1885 | hippo_06 horse_07
2026-06-25 11:57:54,015 INFO: avg err:0.0938 | err:0.1760 | hippo_06 horse_08
2026-06-25 11:57:54,362 INFO: avg err:0.0938 | err:0.0896 | hippo_06 horse_09
2026-06-25 11:57:54,518 INFO: avg err:0.0944 | err:0.2028 | hippo_06 horse_10
2026-06-25 11:57:54,882 INFO: avg err:0.0941 | err:0.0394 | horse_01 cougar_01
2026-06-25 11:57:55,035 INFO: avg err:0.0939 | err:0.0468 | horse_01 cougar_02
2026-06-25 11:57:55,385 INFO: avg err:0.0936 | err:0.0463 | horse_01 cougar_03
2026-06-25 11:57:55,537 INFO: avg err:0.0934 | err:0.0396 | horse_01 cougar_04
2026-06-25 11:57:55,887 INFO: avg err:0.0933 | err:0.0915 | horse_01 hippo_01
2026-06-25 11:57:56,037 INFO: avg err:0.0933 | err:0.0873 | horse_01 hippo_02
2026-06-25 11:57:56,386 INFO: avg err:0.0937 | err:0.1659 | horse_01 hippo_03
2026-06-25 11:57:56,536 INFO: avg err:0.0936 | err:0.0781 | horse_01 hippo_04
2026-06-25 11:57:56,900 INFO: avg err:0.0936 | err:0.1028 | horse_01 hippo_05
2026-06-25 11:57:57,051 INFO: avg err:0.0941 | err:0.1830 | horse_01 hippo_06
2026-06-25 11:57:57,403 INFO: avg err:0.0936 | err:0.0000 | horse_01 horse_01
2026-06-25 11:57:57,553 INFO: avg err:0.0933 | err:0.0191 | horse_01 horse_02
2026-06-25 11:57:57,917 INFO: avg err:0.0929 | err:0.0143 | horse_01 horse_03
2026-06-25 11:57:58,068 INFO: avg err:0.0926 | err:0.0224 | horse_01 horse_04
2026-06-25 11:57:58,431 INFO: avg err:0.0933 | err:0.2535 | horse_01 horse_05
2026-06-25 11:57:58,583 INFO: avg err:0.0931 | err:0.0548 | horse_01 horse_06
2026-06-25 11:57:58,941 INFO: avg err:0.0929 | err:0.0437 | horse_01 horse_07
2026-06-25 11:57:59,094 INFO: avg err:0.0926 | err:0.0256 | horse_01 horse_08
2026-06-25 11:57:59,443 INFO: avg err:0.0923 | err:0.0194 | horse_01 horse_09
2026-06-25 11:57:59,598 INFO: avg err:0.0920 | err:0.0332 | horse_01 horse_10
2026-06-25 11:57:59,951 INFO: avg err:0.0918 | err:0.0502 | horse_02 cougar_01
2026-06-25 11:58:00,102 INFO: avg err:0.0916 | err:0.0547 | horse_02 cougar_02
2026-06-25 11:58:00,458 INFO: avg err:0.0915 | err:0.0610 | horse_02 cougar_03
2026-06-25 11:58:00,610 INFO: avg err:0.0913 | err:0.0442 | horse_02 cougar_04
2026-06-25 11:58:00,965 INFO: avg err:0.0913 | err:0.0945 | horse_02 hippo_01
2026-06-25 11:58:01,116 INFO: avg err:0.0913 | err:0.0950 | horse_02 hippo_02
2026-06-25 11:58:01,473 INFO: avg err:0.0918 | err:0.2018 | horse_02 hippo_03
2026-06-25 11:58:01,627 INFO: avg err:0.0918 | err:0.0933 | horse_02 hippo_04
2026-06-25 11:58:01,996 INFO: avg err:0.0919 | err:0.1083 | horse_02 hippo_05
2026-06-25 11:58:02,148 INFO: avg err:0.0924 | err:0.2085 | horse_02 hippo_06
2026-06-25 11:58:02,563 INFO: avg err:0.0921 | err:0.0178 | horse_02 horse_01
2026-06-25 11:58:02,716 INFO: avg err:0.0917 | err:0.0000 | horse_02 horse_02
2026-06-25 11:58:03,137 INFO: avg err:0.0913 | err:0.0116 | horse_02 horse_03
2026-06-25 11:58:03,287 INFO: avg err:0.0911 | err:0.0277 | horse_02 horse_04
2026-06-25 11:58:03,650 INFO: avg err:0.0916 | err:0.2160 | horse_02 horse_05
2026-06-25 11:58:03,799 INFO: avg err:0.0913 | err:0.0199 | horse_02 horse_06
2026-06-25 11:58:04,181 INFO: avg err:0.0910 | err:0.0210 | horse_02 horse_07
2026-06-25 11:58:04,337 INFO: avg err:0.0907 | err:0.0199 | horse_02 horse_08
2026-06-25 11:58:04,724 INFO: avg err:0.0904 | err:0.0175 | horse_02 horse_09
2026-06-25 11:58:04,881 INFO: avg err:0.0901 | err:0.0150 | horse_02 horse_10
2026-06-25 11:58:05,175 INFO: avg err:0.0899 | err:0.0376 | horse_03 cougar_01
2026-06-25 11:58:05,332 INFO: avg err:0.0897 | err:0.0466 | horse_03 cougar_02
2026-06-25 11:58:05,684 INFO: avg err:0.0895 | err:0.0452 | horse_03 cougar_03
2026-06-25 11:58:05,834 INFO: avg err:0.0893 | err:0.0371 | horse_03 cougar_04
2026-06-25 11:58:06,209 INFO: avg err:0.0893 | err:0.1022 | horse_03 hippo_01
2026-06-25 11:58:06,360 INFO: avg err:0.0893 | err:0.0883 | horse_03 hippo_02
2026-06-25 11:58:06,694 INFO: avg err:0.0897 | err:0.1773 | horse_03 hippo_03
2026-06-25 11:58:06,844 INFO: avg err:0.0897 | err:0.0836 | horse_03 hippo_04
2026-06-25 11:58:07,204 INFO: avg err:0.0897 | err:0.1048 | horse_03 hippo_05
2026-06-25 11:58:07,355 INFO: avg err:0.0900 | err:0.1638 | horse_03 hippo_06
2026-06-25 11:58:07,712 INFO: avg err:0.0897 | err:0.0149 | horse_03 horse_01
2026-06-25 11:58:07,863 INFO: avg err:0.0894 | err:0.0119 | horse_03 horse_02
2026-06-25 11:58:08,239 INFO: avg err:0.0891 | err:0.0000 | horse_03 horse_03
2026-06-25 11:58:08,389 INFO: avg err:0.0888 | err:0.0226 | horse_03 horse_04
2026-06-25 11:58:08,743 INFO: avg err:0.0892 | err:0.1978 | horse_03 horse_05
2026-06-25 11:58:08,893 INFO: avg err:0.0889 | err:0.0198 | horse_03 horse_06
2026-06-25 11:58:09,245 INFO: avg err:0.0887 | err:0.0215 | horse_03 horse_07
2026-06-25 11:58:09,395 INFO: avg err:0.0884 | err:0.0253 | horse_03 horse_08
2026-06-25 11:58:09,754 INFO: avg err:0.0882 | err:0.0208 | horse_03 horse_09
2026-06-25 11:58:09,904 INFO: avg err:0.0879 | err:0.0202 | horse_03 horse_10
2026-06-25 11:58:10,262 INFO: avg err:0.0877 | err:0.0415 | horse_04 cougar_01
2026-06-25 11:58:10,412 INFO: avg err:0.0876 | err:0.0498 | horse_04 cougar_02
2026-06-25 11:58:10,772 INFO: avg err:0.0874 | err:0.0431 | horse_04 cougar_03
2026-06-25 11:58:10,924 INFO: avg err:0.0873 | err:0.0446 | horse_04 cougar_04
2026-06-25 11:58:11,283 INFO: avg err:0.0873 | err:0.1052 | horse_04 hippo_01
2026-06-25 11:58:11,438 INFO: avg err:0.0875 | err:0.1259 | horse_04 hippo_02
2026-06-25 11:58:11,787 INFO: avg err:0.0878 | err:0.1631 | horse_04 hippo_03
2026-06-25 11:58:11,940 INFO: avg err:0.0878 | err:0.1008 | horse_04 hippo_04
2026-06-25 11:58:12,299 INFO: avg err:0.0878 | err:0.0962 | horse_04 hippo_05
2026-06-25 11:58:12,451 INFO: avg err:0.0883 | err:0.2097 | horse_04 hippo_06
2026-06-25 11:58:12,822 INFO: avg err:0.0880 | err:0.0208 | horse_04 horse_01
2026-06-25 11:58:12,973 INFO: avg err:0.0878 | err:0.0218 | horse_04 horse_02
2026-06-25 11:58:13,318 INFO: avg err:0.0876 | err:0.0338 | horse_04 horse_03
2026-06-25 11:58:13,469 INFO: avg err:0.0873 | err:0.0000 | horse_04 horse_04
2026-06-25 11:58:13,823 INFO: avg err:0.0876 | err:0.1765 | horse_04 horse_05
2026-06-25 11:58:13,977 INFO: avg err:0.0875 | err:0.0463 | horse_04 horse_06
2026-06-25 11:58:14,357 INFO: avg err:0.0872 | err:0.0295 | horse_04 horse_07
2026-06-25 11:58:14,507 INFO: avg err:0.0870 | err:0.0290 | horse_04 horse_08
2026-06-25 11:58:14,846 INFO: avg err:0.0868 | err:0.0206 | horse_04 horse_09
2026-06-25 11:58:14,998 INFO: avg err:0.0867 | err:0.0477 | horse_04 horse_10
2026-06-25 11:58:15,367 INFO: avg err:0.0867 | err:0.0873 | horse_05 cougar_01
2026-06-25 11:58:15,543 INFO: avg err:0.0866 | err:0.0831 | horse_05 cougar_02
2026-06-25 11:58:15,889 INFO: avg err:0.0869 | err:0.1524 | horse_05 cougar_03
2026-06-25 11:58:16,045 INFO: avg err:0.0868 | err:0.0750 | horse_05 cougar_04
2026-06-25 11:58:16,397 INFO: avg err:0.0869 | err:0.1161 | horse_05 hippo_01
2026-06-25 11:58:16,549 INFO: avg err:0.0873 | err:0.1763 | horse_05 hippo_02
2026-06-25 11:58:16,930 INFO: avg err:0.0877 | err:0.2165 | horse_05 hippo_03
2026-06-25 11:58:17,088 INFO: avg err:0.0880 | err:0.1768 | horse_05 hippo_04
2026-06-25 11:58:17,456 INFO: avg err:0.0882 | err:0.1522 | horse_05 hippo_05
2026-06-25 11:58:17,606 INFO: avg err:0.0882 | err:0.0801 | horse_05 hippo_06
2026-06-25 11:58:17,971 INFO: avg err:0.0882 | err:0.0833 | horse_05 horse_01
2026-06-25 11:58:18,165 INFO: avg err:0.0884 | err:0.1442 | horse_05 horse_02
2026-06-25 11:58:18,472 INFO: avg err:0.0885 | err:0.1302 | horse_05 horse_03
2026-06-25 11:58:18,626 INFO: avg err:0.0885 | err:0.0789 | horse_05 horse_04
2026-06-25 11:58:19,014 INFO: avg err:0.0882 | err:0.0000 | horse_05 horse_05
2026-06-25 11:58:19,165 INFO: avg err:0.0885 | err:0.1685 | horse_05 horse_06
2026-06-25 11:58:19,494 INFO: avg err:0.0886 | err:0.1323 | horse_05 horse_07
2026-06-25 11:58:19,642 INFO: avg err:0.0886 | err:0.0901 | horse_05 horse_08
2026-06-25 11:58:20,050 INFO: avg err:0.0888 | err:0.1411 | horse_05 horse_09
2026-06-25 11:58:20,201 INFO: avg err:0.0890 | err:0.1612 | horse_05 horse_10
2026-06-25 11:58:20,505 INFO: avg err:0.0889 | err:0.0438 | horse_06 cougar_01
2026-06-25 11:58:20,694 INFO: avg err:0.0888 | err:0.0507 | horse_06 cougar_02
2026-06-25 11:58:21,026 INFO: avg err:0.0886 | err:0.0445 | horse_06 cougar_03
2026-06-25 11:58:21,174 INFO: avg err:0.0885 | err:0.0555 | horse_06 cougar_04
2026-06-25 11:58:21,537 INFO: avg err:0.0885 | err:0.1040 | horse_06 hippo_01
2026-06-25 11:58:21,683 INFO: avg err:0.0886 | err:0.1184 | horse_06 hippo_02
2026-06-25 11:58:22,042 INFO: avg err:0.0890 | err:0.2038 | horse_06 hippo_03
2026-06-25 11:58:22,195 INFO: avg err:0.0891 | err:0.1026 | horse_06 hippo_04
2026-06-25 11:58:22,573 INFO: avg err:0.0891 | err:0.1149 | horse_06 hippo_05
2026-06-25 11:58:22,719 INFO: avg err:0.0896 | err:0.2419 | horse_06 hippo_06
2026-06-25 11:58:23,062 INFO: avg err:0.0894 | err:0.0198 | horse_06 horse_01
2026-06-25 11:58:23,208 INFO: avg err:0.0892 | err:0.0188 | horse_06 horse_02
2026-06-25 11:58:23,586 INFO: avg err:0.0890 | err:0.0195 | horse_06 horse_03
2026-06-25 11:58:23,733 INFO: avg err:0.0888 | err:0.0293 | horse_06 horse_04
2026-06-25 11:58:24,105 INFO: avg err:0.0894 | err:0.2715 | horse_06 horse_05
2026-06-25 11:58:24,252 INFO: avg err:0.0891 | err:0.0000 | horse_06 horse_06
2026-06-25 11:58:24,621 INFO: avg err:0.0888 | err:0.0143 | horse_06 horse_07
2026-06-25 11:58:24,769 INFO: avg err:0.0886 | err:0.0220 | horse_06 horse_08
2026-06-25 11:58:25,171 INFO: avg err:0.0884 | err:0.0266 | horse_06 horse_09
2026-06-25 11:58:25,320 INFO: avg err:0.0882 | err:0.0278 | horse_06 horse_10
2026-06-25 11:58:25,676 INFO: avg err:0.0881 | err:0.0327 | horse_07 cougar_01
2026-06-25 11:58:25,824 INFO: avg err:0.0879 | err:0.0369 | horse_07 cougar_02
2026-06-25 11:58:26,203 INFO: avg err:0.0878 | err:0.0358 | horse_07 cougar_03
2026-06-25 11:58:26,372 INFO: avg err:0.0876 | err:0.0322 | horse_07 cougar_04
2026-06-25 11:58:26,682 INFO: avg err:0.0877 | err:0.1300 | horse_07 hippo_01
2026-06-25 11:58:26,830 INFO: avg err:0.0878 | err:0.1022 | horse_07 hippo_02
2026-06-25 11:58:27,190 INFO: avg err:0.0881 | err:0.1847 | horse_07 hippo_03
2026-06-25 11:58:27,353 INFO: avg err:0.0882 | err:0.1431 | horse_07 hippo_04
2026-06-25 11:58:27,763 INFO: avg err:0.0883 | err:0.1015 | horse_07 hippo_05
2026-06-25 11:58:27,934 INFO: avg err:0.0887 | err:0.2438 | horse_07 hippo_06
2026-06-25 11:58:28,274 INFO: avg err:0.0885 | err:0.0206 | horse_07 horse_01
2026-06-25 11:58:28,424 INFO: avg err:0.0883 | err:0.0203 | horse_07 horse_02
2026-06-25 11:58:28,783 INFO: avg err:0.0881 | err:0.0210 | horse_07 horse_03
2026-06-25 11:58:28,932 INFO: avg err:0.0879 | err:0.0307 | horse_07 horse_04
2026-06-25 11:58:29,308 INFO: avg err:0.0884 | err:0.2387 | horse_07 horse_05
2026-06-25 11:58:29,459 INFO: avg err:0.0882 | err:0.0174 | horse_07 horse_06
2026-06-25 11:58:29,805 INFO: avg err:0.0879 | err:0.0000 | horse_07 horse_07
2026-06-25 11:58:29,959 INFO: avg err:0.0877 | err:0.0254 | horse_07 horse_08
2026-06-25 11:58:30,318 INFO: avg err:0.0876 | err:0.0280 | horse_07 horse_09
2026-06-25 11:58:30,472 INFO: avg err:0.0874 | err:0.0208 | horse_07 horse_10
2026-06-25 11:58:30,823 INFO: avg err:0.0872 | err:0.0445 | horse_08 cougar_01
2026-06-25 11:58:30,977 INFO: avg err:0.0871 | err:0.0430 | horse_08 cougar_02
2026-06-25 11:58:31,328 INFO: avg err:0.0870 | err:0.0604 | horse_08 cougar_03
2026-06-25 11:58:31,487 INFO: avg err:0.0869 | err:0.0448 | horse_08 cougar_04
2026-06-25 11:58:31,833 INFO: avg err:0.0870 | err:0.1024 | horse_08 hippo_01
2026-06-25 11:58:31,985 INFO: avg err:0.0870 | err:0.1091 | horse_08 hippo_02
2026-06-25 11:58:32,340 INFO: avg err:0.0874 | err:0.2046 | horse_08 hippo_03
2026-06-25 11:58:32,493 INFO: avg err:0.0874 | err:0.0982 | horse_08 hippo_04
2026-06-25 11:58:32,845 INFO: avg err:0.0875 | err:0.1197 | horse_08 hippo_05
2026-06-25 11:58:32,997 INFO: avg err:0.0879 | err:0.2456 | horse_08 hippo_06
2026-06-25 11:58:33,360 INFO: avg err:0.0878 | err:0.0283 | horse_08 horse_01
2026-06-25 11:58:33,513 INFO: avg err:0.0876 | err:0.0194 | horse_08 horse_02
2026-06-25 11:58:33,861 INFO: avg err:0.0874 | err:0.0263 | horse_08 horse_03
2026-06-25 11:58:34,013 INFO: avg err:0.0872 | err:0.0325 | horse_08 horse_04
2026-06-25 11:58:34,385 INFO: avg err:0.0876 | err:0.2219 | horse_08 horse_05
2026-06-25 11:58:34,536 INFO: avg err:0.0874 | err:0.0262 | horse_08 horse_06
2026-06-25 11:58:34,897 INFO: avg err:0.0873 | err:0.0306 | horse_08 horse_07
2026-06-25 11:58:35,046 INFO: avg err:0.0870 | err:0.0000 | horse_08 horse_08
2026-06-25 11:58:35,406 INFO: avg err:0.0869 | err:0.0212 | horse_08 horse_09
2026-06-25 11:58:35,556 INFO: avg err:0.0867 | err:0.0423 | horse_08 horse_10
2026-06-25 11:58:35,913 INFO: avg err:0.0866 | err:0.0428 | horse_09 cougar_01
2026-06-25 11:58:36,068 INFO: avg err:0.0865 | err:0.0513 | horse_09 cougar_02
2026-06-25 11:58:36,420 INFO: avg err:0.0864 | err:0.0467 | horse_09 cougar_03
2026-06-25 11:58:36,578 INFO: avg err:0.0863 | err:0.0437 | horse_09 cougar_04
2026-06-25 11:58:36,956 INFO: avg err:0.0863 | err:0.0962 | horse_09 hippo_01
2026-06-25 11:58:37,106 INFO: avg err:0.0864 | err:0.1076 | horse_09 hippo_02
2026-06-25 11:58:37,468 INFO: avg err:0.0866 | err:0.1815 | horse_09 hippo_03
2026-06-25 11:58:37,619 INFO: avg err:0.0866 | err:0.0756 | horse_09 hippo_04
2026-06-25 11:58:37,959 INFO: avg err:0.0867 | err:0.1069 | horse_09 hippo_05
2026-06-25 11:58:38,113 INFO: avg err:0.0871 | err:0.2417 | horse_09 hippo_06
2026-06-25 11:58:38,472 INFO: avg err:0.0869 | err:0.0197 | horse_09 horse_01
2026-06-25 11:58:38,626 INFO: avg err:0.0868 | err:0.0402 | horse_09 horse_02
2026-06-25 11:58:38,978 INFO: avg err:0.0866 | err:0.0373 | horse_09 horse_03
2026-06-25 11:58:39,131 INFO: avg err:0.0865 | err:0.0204 | horse_09 horse_04
2026-06-25 11:58:39,501 INFO: avg err:0.0867 | err:0.1809 | horse_09 horse_05
2026-06-25 11:58:39,652 INFO: avg err:0.0867 | err:0.0735 | horse_09 horse_06
2026-06-25 11:58:40,007 INFO: avg err:0.0867 | err:0.0789 | horse_09 horse_07
2026-06-25 11:58:40,159 INFO: avg err:0.0865 | err:0.0243 | horse_09 horse_08
2026-06-25 11:58:40,512 INFO: avg err:0.0863 | err:0.0000 | horse_09 horse_09
2026-06-25 11:58:40,668 INFO: avg err:0.0862 | err:0.0531 | horse_09 horse_10
2026-06-25 11:58:41,020 INFO: avg err:0.0861 | err:0.0492 | horse_10 cougar_01
2026-06-25 11:58:41,174 INFO: avg err:0.0860 | err:0.0498 | horse_10 cougar_02
2026-06-25 11:58:41,524 INFO: avg err:0.0859 | err:0.0451 | horse_10 cougar_03
2026-06-25 11:58:41,693 INFO: avg err:0.0858 | err:0.0420 | horse_10 cougar_04
2026-06-25 11:58:42,092 INFO: avg err:0.0858 | err:0.0921 | horse_10 hippo_01
2026-06-25 11:58:42,250 INFO: avg err:0.0858 | err:0.0742 | horse_10 hippo_02
2026-06-25 11:58:42,600 INFO: avg err:0.0860 | err:0.1851 | horse_10 hippo_03
2026-06-25 11:58:42,750 INFO: avg err:0.0861 | err:0.1158 | horse_10 hippo_04
2026-06-25 11:58:43,112 INFO: avg err:0.0861 | err:0.1097 | horse_10 hippo_05
2026-06-25 11:58:43,263 INFO: avg err:0.0865 | err:0.2380 | horse_10 hippo_06
2026-06-25 11:58:43,621 INFO: avg err:0.0864 | err:0.0188 | horse_10 horse_01
2026-06-25 11:58:43,771 INFO: avg err:0.0862 | err:0.0145 | horse_10 horse_02
2026-06-25 11:58:44,132 INFO: avg err:0.0860 | err:0.0147 | horse_10 horse_03
2026-06-25 11:58:44,284 INFO: avg err:0.0858 | err:0.0221 | horse_10 horse_04
2026-06-25 11:58:44,638 INFO: avg err:0.0861 | err:0.1915 | horse_10 horse_05
2026-06-25 11:58:44,789 INFO: avg err:0.0859 | err:0.0221 | horse_10 horse_06
2026-06-25 11:58:45,156 INFO: avg err:0.0858 | err:0.0249 | horse_10 horse_07
2026-06-25 11:58:45,305 INFO: avg err:0.0857 | err:0.0484 | horse_10 horse_08
2026-06-25 11:58:45,653 INFO: avg err:0.0855 | err:0.0232 | horse_10 horse_09
2026-06-25 11:58:45,795 INFO: avg err:0.0853 | err:0.0000 | horse_10 horse_10
2026-06-25 11:58:45,829 INFO: Avg time: 0.0224
2026-06-25 11:58:46,259 INFO: Val auc: 0.7497
2026-06-25 11:58:46,263 INFO: Val avg error: 0.0853
2026-06-25 11:58:46,300 INFO: [ONB diag] max|Q-I|: mean=3.4168e-07 max=4.7684e-07 | max|Φ̃ᵀMΦ̃-I|: mean=3.4168e-07 max=4.7684e-07
2026-06-25 11:58:48,319 INFO: [smal_..][epoch: 15, iter:  12,020, lr:(2.855e-04,)][eta: 0:12:39, time (data): 0.103 (0.020)]l_bij: 9.6385e+01 l_orth: 1.0032e+02 l_align: 7.9866e+01 l_total: 2.7658e+02 
2026-06-25 11:58:50,377 INFO: [smal_..][epoch: 15, iter:  12,040, lr:(2.855e-04,)][eta: 0:12:35, time (data): 0.103 (0.020)]l_bij: 9.2451e+01 l_orth: 9.9534e+01 l_align: 8.5715e+01 l_total: 2.7770e+02 
2026-06-25 11:58:52,409 INFO: [smal_..][epoch: 15, iter:  12,060, lr:(2.855e-04,)][eta: 0:12:32, time (data): 0.103 (0.020)]l_bij: 9.4923e+01 l_orth: 1.0231e+02 l_align: 8.5966e+01 l_total: 2.8320e+02 
2026-06-25 11:58:54,443 INFO: [smal_..][epoch: 15, iter:  12,080, lr:(2.855e-04,)][eta: 0:12:28, time (data): 0.102 (0.018)]l_bij: 8.5644e+01 l_orth: 9.5089e+01 l_align: 8.0795e+01 l_total: 2.6153e+02 
2026-06-25 11:58:56,482 INFO: [smal_..][epoch: 15, iter:  12,100, lr:(2.855e-04,)][eta: 0:12:25, time (data): 0.102 (0.019)]l_bij: 1.2542e+02 l_orth: 1.2675e+02 l_align: 9.4886e+01 l_total: 3.4706e+02 
2026-06-25 11:58:58,580 INFO: [smal_..][epoch: 15, iter:  12,120, lr:(2.855e-04,)][eta: 0:12:21, time (data): 0.103 (0.020)]l_bij: 7.2223e+01 l_orth: 8.7435e+01 l_align: 8.3450e+01 l_total: 2.4311e+02 
2026-06-25 11:59:00,649 INFO: [smal_..][epoch: 15, iter:  12,140, lr:(2.855e-04,)][eta: 0:12:17, time (data): 0.103 (0.020)]l_bij: 4.4771e+01 l_orth: 6.9100e+01 l_align: 8.6690e+01 l_total: 2.0056e+02 
2026-06-25 11:59:02,706 INFO: [smal_..][epoch: 15, iter:  12,160, lr:(2.855e-04,)][eta: 0:12:14, time (data): 0.103 (0.020)]l_bij: 7.3950e+01 l_orth: 8.7323e+01 l_align: 7.9776e+01 l_total: 2.4105e+02 
2026-06-25 11:59:04,768 INFO: [smal_..][epoch: 15, iter:  12,180, lr:(2.855e-04,)][eta: 0:12:10, time (data): 0.103 (0.020)]l_bij: 8.6228e+01 l_orth: 9.5749e+01 l_align: 8.6440e+01 l_total: 2.6842e+02 
2026-06-25 11:59:06,821 INFO: [smal_..][epoch: 15, iter:  12,200, lr:(2.855e-04,)][eta: 0:12:07, time (data): 0.103 (0.020)]l_bij: 1.0708e+02 l_orth: 1.1450e+02 l_align: 8.8012e+01 l_total: 3.0959e+02 
2026-06-25 11:59:08,893 INFO: [smal_..][epoch: 15, iter:  12,220, lr:(2.855e-04,)][eta: 0:12:03, time (data): 0.103 (0.020)]l_bij: 1.1053e+02 l_orth: 1.1715e+02 l_align: 8.8270e+01 l_total: 3.1595e+02 
2026-06-25 11:59:10,963 INFO: [smal_..][epoch: 15, iter:  12,240, lr:(2.855e-04,)][eta: 0:12:00, time (data): 0.103 (0.020)]l_bij: 6.2126e+01 l_orth: 8.3180e+01 l_align: 8.7016e+01 l_total: 2.3232e+02 
2026-06-25 11:59:13,016 INFO: [smal_..][epoch: 15, iter:  12,260, lr:(2.855e-04,)][eta: 0:11:56, time (data): 0.103 (0.020)]l_bij: 5.8090e+01 l_orth: 7.4947e+01 l_align: 8.2674e+01 l_total: 2.1571e+02 
2026-06-25 11:59:15,064 INFO: [smal_..][epoch: 15, iter:  12,280, lr:(2.855e-04,)][eta: 0:11:53, time (data): 0.102 (0.019)]l_bij: 9.2325e+01 l_orth: 1.0097e+02 l_align: 8.4503e+01 l_total: 2.7780e+02 
2026-06-25 11:59:17,114 INFO: [smal_..][epoch: 15, iter:  12,300, lr:(2.855e-04,)][eta: 0:11:49, time (data): 0.102 (0.020)]l_bij: 9.3223e+01 l_orth: 1.0625e+02 l_align: 8.5902e+01 l_total: 2.8537e+02 
2026-06-25 11:59:19,190 INFO: [smal_..][epoch: 15, iter:  12,320, lr:(2.855e-04,)][eta: 0:11:45, time (data): 0.103 (0.020)]l_bij: 6.2676e+01 l_orth: 7.6556e+01 l_align: 7.4827e+01 l_total: 2.1406e+02 
2026-06-25 11:59:21,290 INFO: [smal_..][epoch: 15, iter:  12,340, lr:(2.855e-04,)][eta: 0:11:42, time (data): 0.103 (0.020)]l_bij: 1.0582e+02 l_orth: 1.0798e+02 l_align: 8.7937e+01 l_total: 3.0174e+02 
2026-06-25 11:59:23,343 INFO: [smal_..][epoch: 15, iter:  12,360, lr:(2.855e-04,)][eta: 0:11:38, time (data): 0.103 (0.020)]l_bij: 4.5213e+01 l_orth: 6.8438e+01 l_align: 9.1774e+01 l_total: 2.0543e+02 
2026-06-25 11:59:25,439 INFO: [smal_..][epoch: 15, iter:  12,380, lr:(2.855e-04,)][eta: 0:11:35, time (data): 0.103 (0.020)]l_bij: 2.5863e+01 l_orth: 6.2355e+01 l_align: 1.0173e+02 l_total: 1.8995e+02 
2026-06-25 11:59:27,475 INFO: [smal_..][epoch: 15, iter:  12,400, lr:(2.855e-04,)][eta: 0:11:31, time (data): 0.103 (0.020)]l_bij: 8.6653e+00 l_orth: 5.2096e+01 l_align: 1.0710e+02 l_total: 1.6786e+02 
2026-06-25 11:59:29,503 INFO: [smal_..][epoch: 15, iter:  12,420, lr:(2.855e-04,)][eta: 0:11:28, time (data): 0.103 (0.020)]l_bij: 1.0323e+02 l_orth: 1.0834e+02 l_align: 8.5292e+01 l_total: 2.9686e+02 
2026-06-25 11:59:31,586 INFO: [smal_..][epoch: 15, iter:  12,440, lr:(2.855e-04,)][eta: 0:11:24, time (data): 0.103 (0.020)]l_bij: 8.4999e+01 l_orth: 9.4792e+01 l_align: 8.8705e+01 l_total: 2.6849e+02 
2026-06-25 11:59:33,631 INFO: [smal_..][epoch: 15, iter:  12,460, lr:(2.855e-04,)][eta: 0:11:21, time (data): 0.103 (0.020)]l_bij: 9.3322e+01 l_orth: 9.9652e+01 l_align: 8.0887e+01 l_total: 2.7386e+02 
2026-06-25 11:59:35,691 INFO: [smal_..][epoch: 15, iter:  12,480, lr:(2.855e-04,)][eta: 0:11:17, time (data): 0.102 (0.017)]l_bij: 7.9988e+01 l_orth: 9.2287e+01 l_align: 7.9408e+01 l_total: 2.5168e+02 
2026-06-25 11:59:37,742 INFO: [smal_..][epoch: 15, iter:  12,500, lr:(2.855e-04,)][eta: 0:11:14, time (data): 0.102 (0.018)]l_bij: 5.8426e+01 l_orth: 7.7477e+01 l_align: 8.7508e+01 l_total: 2.2341e+02 
2026-06-25 11:59:39,811 INFO: [smal_..][epoch: 15, iter:  12,520, lr:(2.855e-04,)][eta: 0:11:10, time (data): 0.103 (0.019)]l_bij: 1.0054e+02 l_orth: 1.0489e+02 l_align: 8.7465e+01 l_total: 2.9290e+02 
2026-06-25 11:59:41,868 INFO: [smal_..][epoch: 15, iter:  12,540, lr:(2.855e-04,)][eta: 0:11:07, time (data): 0.103 (0.019)]l_bij: 1.1044e+02 l_orth: 1.1173e+02 l_align: 8.6346e+01 l_total: 3.0852e+02 
2026-06-25 11:59:43,902 INFO: [smal_..][epoch: 15, iter:  12,560, lr:(2.855e-04,)][eta: 0:11:03, time (data): 0.102 (0.019)]l_bij: 9.8640e+01 l_orth: 1.0674e+02 l_align: 8.6295e+01 l_total: 2.9167e+02 
2026-06-25 11:59:45,951 INFO: [smal_..][epoch: 15, iter:  12,580, lr:(2.855e-04,)][eta: 0:11:00, time (data): 0.102 (0.019)]l_bij: 8.5873e+01 l_orth: 9.4259e+01 l_align: 8.3480e+01 l_total: 2.6361e+02 
2026-06-25 11:59:48,039 INFO: [smal_..][epoch: 15, iter:  12,600, lr:(2.855e-04,)][eta: 0:10:56, time (data): 0.103 (0.020)]l_bij: 1.1932e+02 l_orth: 1.1997e+02 l_align: 9.2124e+01 l_total: 3.3141e+02 
2026-06-25 11:59:50,318 INFO: [smal_..][epoch: 16, iter:  12,620, lr:(2.318e-04,)][eta: 0:10:53, time (data): 0.104 (0.021)]l_bij: 8.1745e+01 l_orth: 9.3258e+01 l_align: 8.4904e+01 l_total: 2.5991e+02 
2026-06-25 11:59:52,393 INFO: [smal_..][epoch: 16, iter:  12,640, lr:(2.318e-04,)][eta: 0:10:50, time (data): 0.104 (0.021)]l_bij: 8.4084e+01 l_orth: 9.5121e+01 l_align: 8.4163e+01 l_total: 2.6337e+02 
2026-06-25 11:59:54,415 INFO: [smal_..][epoch: 16, iter:  12,660, lr:(2.318e-04,)][eta: 0:10:46, time (data): 0.104 (0.021)]l_bij: 9.4628e+01 l_orth: 1.0117e+02 l_align: 8.2576e+01 l_total: 2.7838e+02 
2026-06-25 11:59:56,498 INFO: [smal_..][epoch: 16, iter:  12,680, lr:(2.318e-04,)][eta: 0:10:43, time (data): 0.104 (0.021)]l_bij: 7.8580e+00 l_orth: 4.4638e+01 l_align: 1.0242e+02 l_total: 1.5492e+02 
2026-06-25 11:59:58,557 INFO: [smal_..][epoch: 16, iter:  12,700, lr:(2.318e-04,)][eta: 0:10:39, time (data): 0.104 (0.020)]l_bij: 6.1360e+01 l_orth: 7.8089e+01 l_align: 7.9833e+01 l_total: 2.1928e+02 
2026-06-25 12:00:00,592 INFO: [smal_..][epoch: 16, iter:  12,720, lr:(2.318e-04,)][eta: 0:10:36, time (data): 0.103 (0.020)]l_bij: 1.0991e+02 l_orth: 1.1116e+02 l_align: 8.8888e+01 l_total: 3.0995e+02 
2026-06-25 12:00:02,665 INFO: [smal_..][epoch: 16, iter:  12,740, lr:(2.318e-04,)][eta: 0:10:32, time (data): 0.103 (0.020)]l_bij: 1.1569e+02 l_orth: 1.1779e+02 l_align: 9.1844e+01 l_total: 3.2532e+02 
2026-06-25 12:00:04,716 INFO: [smal_..][epoch: 16, iter:  12,760, lr:(2.318e-04,)][eta: 0:10:29, time (data): 0.103 (0.020)]l_bij: 9.0602e+01 l_orth: 1.0029e+02 l_align: 8.5271e+01 l_total: 2.7617e+02 
2026-06-25 12:00:06,777 INFO: [smal_..][epoch: 16, iter:  12,780, lr:(2.318e-04,)][eta: 0:10:26, time (data): 0.103 (0.020)]l_bij: 1.0390e+02 l_orth: 1.0794e+02 l_align: 8.2716e+01 l_total: 2.9456e+02 
2026-06-25 12:00:08,833 INFO: [smal_..][epoch: 16, iter:  12,800, lr:(2.318e-04,)][eta: 0:10:22, time (data): 0.103 (0.020)]l_bij: 9.6249e+01 l_orth: 1.0236e+02 l_align: 7.9879e+01 l_total: 2.7849e+02 
2026-06-25 12:00:10,890 INFO: [smal_..][epoch: 16, iter:  12,820, lr:(2.318e-04,)][eta: 0:10:19, time (data): 0.103 (0.020)]l_bij: 9.0258e+01 l_orth: 9.6147e+01 l_align: 7.9393e+01 l_total: 2.6580e+02 
2026-06-25 12:00:12,914 INFO: [smal_..][epoch: 16, iter:  12,840, lr:(2.318e-04,)][eta: 0:10:15, time (data): 0.103 (0.020)]l_bij: 5.5598e+01 l_orth: 7.3897e+01 l_align: 8.2567e+01 l_total: 2.1206e+02 
2026-06-25 12:00:14,966 INFO: [smal_..][epoch: 16, iter:  12,860, lr:(2.318e-04,)][eta: 0:10:12, time (data): 0.103 (0.020)]l_bij: 9.2479e+01 l_orth: 9.7757e+01 l_align: 7.9018e+01 l_total: 2.6925e+02 
2026-06-25 12:00:17,015 INFO: [smal_..][epoch: 16, iter:  12,880, lr:(2.318e-04,)][eta: 0:10:08, time (data): 0.102 (0.019)]l_bij: 1.1153e+02 l_orth: 1.1217e+02 l_align: 8.5743e+01 l_total: 3.0944e+02 
2026-06-25 12:00:19,069 INFO: [smal_..][epoch: 16, iter:  12,900, lr:(2.318e-04,)][eta: 0:10:05, time (data): 0.103 (0.019)]l_bij: 1.1853e+02 l_orth: 1.2309e+02 l_align: 9.4803e+01 l_total: 3.3642e+02 
2026-06-25 12:00:21,131 INFO: [smal_..][epoch: 16, iter:  12,920, lr:(2.318e-04,)][eta: 0:10:02, time (data): 0.103 (0.019)]l_bij: 1.1816e+02 l_orth: 1.1866e+02 l_align: 8.9607e+01 l_total: 3.2643e+02 
2026-06-25 12:00:23,197 INFO: [smal_..][epoch: 16, iter:  12,940, lr:(2.318e-04,)][eta: 0:09:58, time (data): 0.103 (0.020)]l_bij: 6.1840e+01 l_orth: 8.0726e+01 l_align: 8.9468e+01 l_total: 2.3203e+02 
2026-06-25 12:00:25,245 INFO: [smal_..][epoch: 16, iter:  12,960, lr:(2.318e-04,)][eta: 0:09:55, time (data): 0.103 (0.020)]l_bij: 8.8661e+01 l_orth: 9.8825e+01 l_align: 8.7812e+01 l_total: 2.7530e+02 
2026-06-25 12:00:27,306 INFO: [smal_..][epoch: 16, iter:  12,980, lr:(2.318e-04,)][eta: 0:09:51, time (data): 0.103 (0.020)]l_bij: 8.3299e+00 l_orth: 4.8567e+01 l_align: 1.0663e+02 l_total: 1.6352e+02 
2026-06-25 12:00:29,333 INFO: [smal_..][epoch: 16, iter:  13,000, lr:(2.318e-04,)][eta: 0:09:48, time (data): 0.103 (0.020)]l_bij: 6.2150e+01 l_orth: 8.1285e+01 l_align: 8.4857e+01 l_total: 2.2829e+02 
2026-06-25 12:00:31,374 INFO: [smal_..][epoch: 16, iter:  13,020, lr:(2.318e-04,)][eta: 0:09:45, time (data): 0.102 (0.020)]l_bij: 1.2459e+02 l_orth: 1.2476e+02 l_align: 9.7805e+01 l_total: 3.4716e+02 
2026-06-25 12:00:33,399 INFO: [smal_..][epoch: 16, iter:  13,040, lr:(2.318e-04,)][eta: 0:09:41, time (data): 0.102 (0.020)]l_bij: 8.2087e+01 l_orth: 9.3469e+01 l_align: 8.1613e+01 l_total: 2.5717e+02 
2026-06-25 12:00:35,433 INFO: [smal_..][epoch: 16, iter:  13,060, lr:(2.318e-04,)][eta: 0:09:38, time (data): 0.102 (0.020)]l_bij: 1.1915e+02 l_orth: 1.2039e+02 l_align: 9.0915e+01 l_total: 3.3045e+02 
2026-06-25 12:00:37,492 INFO: [smal_..][epoch: 16, iter:  13,080, lr:(2.318e-04,)][eta: 0:09:35, time (data): 0.102 (0.021)]l_bij: 1.0764e+02 l_orth: 1.1018e+02 l_align: 7.8359e+01 l_total: 2.9619e+02 
2026-06-25 12:00:39,520 INFO: [smal_..][epoch: 16, iter:  13,100, lr:(2.318e-04,)][eta: 0:09:31, time (data): 0.102 (0.020)]l_bij: 9.9140e+01 l_orth: 1.0550e+02 l_align: 8.9267e+01 l_total: 2.9390e+02 
2026-06-25 12:00:41,549 INFO: [smal_..][epoch: 16, iter:  13,120, lr:(2.318e-04,)][eta: 0:09:28, time (data): 0.102 (0.020)]l_bij: 1.0667e+02 l_orth: 1.1225e+02 l_align: 8.7829e+01 l_total: 3.0675e+02 
2026-06-25 12:00:43,608 INFO: [smal_..][epoch: 16, iter:  13,140, lr:(2.318e-04,)][eta: 0:09:24, time (data): 0.102 (0.019)]l_bij: 1.3708e+02 l_orth: 1.3472e+02 l_align: 9.8662e+01 l_total: 3.7046e+02 
2026-06-25 12:00:45,640 INFO: [smal_..][epoch: 16, iter:  13,160, lr:(2.318e-04,)][eta: 0:09:21, time (data): 0.102 (0.019)]l_bij: 9.3657e+01 l_orth: 1.0098e+02 l_align: 8.4074e+01 l_total: 2.7871e+02 
2026-06-25 12:00:47,680 INFO: [smal_..][epoch: 16, iter:  13,180, lr:(2.318e-04,)][eta: 0:09:18, time (data): 0.102 (0.019)]l_bij: 1.0167e+02 l_orth: 1.0521e+02 l_align: 7.7348e+01 l_total: 2.8423e+02 
2026-06-25 12:00:49,719 INFO: [smal_..][epoch: 16, iter:  13,200, lr:(2.318e-04,)][eta: 0:09:14, time (data): 0.102 (0.019)]l_bij: 1.2607e+02 l_orth: 1.2619e+02 l_align: 9.5776e+01 l_total: 3.4804e+02 
2026-06-25 12:00:51,732 INFO: [smal_..][epoch: 16, iter:  13,220, lr:(2.318e-04,)][eta: 0:09:11, time (data): 0.102 (0.019)]l_bij: 1.0519e+02 l_orth: 1.1067e+02 l_align: 8.9987e+01 l_total: 3.0585e+02 
2026-06-25 12:00:53,788 INFO: [smal_..][epoch: 16, iter:  13,240, lr:(2.318e-04,)][eta: 0:09:08, time (data): 0.102 (0.019)]l_bij: 1.2136e+02 l_orth: 1.2244e+02 l_align: 9.4941e+01 l_total: 3.3873e+02 
2026-06-25 12:00:55,813 INFO: [smal_..][epoch: 16, iter:  13,260, lr:(2.318e-04,)][eta: 0:09:04, time (data): 0.102 (0.019)]l_bij: 9.7295e+01 l_orth: 1.0433e+02 l_align: 8.7215e+01 l_total: 2.8884e+02 
2026-06-25 12:00:57,848 INFO: [smal_..][epoch: 16, iter:  13,280, lr:(2.318e-04,)][eta: 0:09:01, time (data): 0.101 (0.019)]l_bij: 1.0122e+02 l_orth: 1.0524e+02 l_align: 8.6125e+01 l_total: 2.9258e+02 
2026-06-25 12:00:59,904 INFO: [smal_..][epoch: 16, iter:  13,300, lr:(2.318e-04,)][eta: 0:08:58, time (data): 0.102 (0.020)]l_bij: 1.0353e+02 l_orth: 1.0757e+02 l_align: 9.0403e+01 l_total: 3.0150e+02 
2026-06-25 12:01:01,971 INFO: [smal_..][epoch: 16, iter:  13,320, lr:(2.318e-04,)][eta: 0:08:54, time (data): 0.103 (0.020)]l_bij: 6.2014e+01 l_orth: 8.5198e+01 l_align: 9.1675e+01 l_total: 2.3889e+02 
2026-06-25 12:01:04,029 INFO: [smal_..][epoch: 16, iter:  13,340, lr:(2.318e-04,)][eta: 0:08:51, time (data): 0.103 (0.020)]l_bij: 6.6488e+01 l_orth: 8.3952e+01 l_align: 8.1996e+01 l_total: 2.3244e+02 
2026-06-25 12:01:06,092 INFO: [smal_..][epoch: 16, iter:  13,360, lr:(2.318e-04,)][eta: 0:08:48, time (data): 0.103 (0.020)]l_bij: 9.5249e+01 l_orth: 1.0460e+02 l_align: 8.6917e+01 l_total: 2.8676e+02 
2026-06-25 12:01:08,137 INFO: [smal_..][epoch: 16, iter:  13,380, lr:(2.318e-04,)][eta: 0:08:44, time (data): 0.103 (0.020)]l_bij: 1.1026e+02 l_orth: 1.1272e+02 l_align: 8.2657e+01 l_total: 3.0564e+02 
2026-06-25 12:01:10,201 INFO: [smal_..][epoch: 16, iter:  13,400, lr:(2.318e-04,)][eta: 0:08:41, time (data): 0.103 (0.020)]l_bij: 1.2223e+02 l_orth: 1.2995e+02 l_align: 9.9655e+01 l_total: 3.5183e+02 
2026-06-25 12:01:12,259 INFO: [smal_..][epoch: 16, iter:  13,420, lr:(2.318e-04,)][eta: 0:08:38, time (data): 0.103 (0.020)]l_bij: 8.9185e+01 l_orth: 1.0013e+02 l_align: 8.4922e+01 l_total: 2.7424e+02 
2026-06-25 12:01:14,317 INFO: [smal_..][epoch: 16, iter:  13,440, lr:(2.318e-04,)][eta: 0:08:34, time (data): 0.103 (0.020)]l_bij: 1.2260e+02 l_orth: 1.2763e+02 l_align: 9.9240e+01 l_total: 3.4947e+02 
2026-06-25 12:01:16,594 INFO: [smal_..][epoch: 17, iter:  13,460, lr:(1.859e-04,)][eta: 0:08:31, time (data): 0.104 (0.021)]l_bij: 5.9215e+01 l_orth: 7.8728e+01 l_align: 8.9251e+01 l_total: 2.2719e+02 
2026-06-25 12:01:18,790 INFO: [smal_..][epoch: 17, iter:  13,480, lr:(1.859e-04,)][eta: 0:08:28, time (data): 0.110 (0.027)]l_bij: 7.3348e+01 l_orth: 8.9382e+01 l_align: 8.6664e+01 l_total: 2.4939e+02 
2026-06-25 12:01:21,044 INFO: [smal_..][epoch: 17, iter:  13,500, lr:(1.859e-04,)][eta: 0:08:25, time (data): 0.112 (0.029)]l_bij: 1.0652e+02 l_orth: 1.1037e+02 l_align: 9.0250e+01 l_total: 3.0714e+02 
2026-06-25 12:01:23,279 INFO: [smal_..][epoch: 17, iter:  13,520, lr:(1.859e-04,)][eta: 0:08:22, time (data): 0.112 (0.029)]l_bij: 1.0960e+02 l_orth: 1.1263e+02 l_align: 8.7133e+01 l_total: 3.0937e+02 
2026-06-25 12:01:25,450 INFO: [smal_..][epoch: 17, iter:  13,540, lr:(1.859e-04,)][eta: 0:08:18, time (data): 0.111 (0.028)]l_bij: 1.1175e+02 l_orth: 1.1623e+02 l_align: 8.4170e+01 l_total: 3.1215e+02 
2026-06-25 12:01:27,662 INFO: [smal_..][epoch: 17, iter:  13,560, lr:(1.859e-04,)][eta: 0:08:15, time (data): 0.111 (0.028)]l_bij: 5.8752e+01 l_orth: 8.2144e+01 l_align: 9.3778e+01 l_total: 2.3467e+02 
2026-06-25 12:01:29,875 INFO: [smal_..][epoch: 17, iter:  13,580, lr:(1.859e-04,)][eta: 0:08:12, time (data): 0.111 (0.028)]l_bij: 5.9395e+01 l_orth: 7.5661e+01 l_align: 8.4869e+01 l_total: 2.1992e+02 
2026-06-25 12:01:32,079 INFO: [smal_..][epoch: 17, iter:  13,600, lr:(1.859e-04,)][eta: 0:08:09, time (data): 0.111 (0.028)]l_bij: 9.5674e+01 l_orth: 1.0192e+02 l_align: 8.0199e+01 l_total: 2.7779e+02 
2026-06-25 12:01:34,280 INFO: [smal_..][epoch: 17, iter:  13,620, lr:(1.859e-04,)][eta: 0:08:05, time (data): 0.110 (0.028)]l_bij: 7.7708e+01 l_orth: 8.9929e+01 l_align: 7.9206e+01 l_total: 2.4684e+02 
2026-06-25 12:01:36,498 INFO: [smal_..][epoch: 17, iter:  13,640, lr:(1.859e-04,)][eta: 0:08:02, time (data): 0.111 (0.028)]l_bij: 9.6076e+01 l_orth: 1.0004e+02 l_align: 8.3918e+01 l_total: 2.8003e+02 
2026-06-25 12:01:38,650 INFO: [smal_..][epoch: 17, iter:  13,660, lr:(1.859e-04,)][eta: 0:07:59, time (data): 0.110 (0.028)]l_bij: 1.0871e+02 l_orth: 1.1227e+02 l_align: 8.6748e+01 l_total: 3.0772e+02 
2026-06-25 12:01:40,872 INFO: [smal_..][epoch: 17, iter:  13,680, lr:(1.859e-04,)][eta: 0:07:56, time (data): 0.110 (0.027)]l_bij: 6.8749e+01 l_orth: 8.5639e+01 l_align: 8.3379e+01 l_total: 2.3777e+02 
2026-06-25 12:01:43,052 INFO: [smal_..][epoch: 17, iter:  13,700, lr:(1.859e-04,)][eta: 0:07:52, time (data): 0.109 (0.026)]l_bij: 9.6436e+01 l_orth: 1.0067e+02 l_align: 8.0287e+01 l_total: 2.7740e+02 
2026-06-25 12:01:45,265 INFO: [smal_..][epoch: 17, iter:  13,720, lr:(1.859e-04,)][eta: 0:07:49, time (data): 0.110 (0.027)]l_bij: 1.0376e+02 l_orth: 1.0744e+02 l_align: 8.3702e+01 l_total: 2.9490e+02 
2026-06-25 12:01:47,424 INFO: [smal_..][epoch: 17, iter:  13,740, lr:(1.859e-04,)][eta: 0:07:46, time (data): 0.109 (0.027)]l_bij: 6.9827e+01 l_orth: 8.6562e+01 l_align: 8.7795e+01 l_total: 2.4418e+02 
2026-06-25 12:01:49,701 INFO: [smal_..][epoch: 17, iter:  13,760, lr:(1.859e-04,)][eta: 0:07:43, time (data): 0.110 (0.028)]l_bij: 7.8306e+01 l_orth: 9.4160e+01 l_align: 8.3054e+01 l_total: 2.5552e+02 
2026-06-25 12:01:51,786 INFO: [smal_..][epoch: 17, iter:  13,780, lr:(1.859e-04,)][eta: 0:07:40, time (data): 0.109 (0.027)]l_bij: 7.1578e+01 l_orth: 8.4777e+01 l_align: 7.9864e+01 l_total: 2.3622e+02 
2026-06-25 12:01:53,984 INFO: [smal_..][epoch: 17, iter:  13,800, lr:(1.859e-04,)][eta: 0:07:36, time (data): 0.109 (0.027)]l_bij: 1.1570e+02 l_orth: 1.1624e+02 l_align: 8.9492e+01 l_total: 3.2143e+02 
2026-06-25 12:01:56,216 INFO: [smal_..][epoch: 17, iter:  13,820, lr:(1.859e-04,)][eta: 0:07:33, time (data): 0.110 (0.027)]l_bij: 7.1454e+01 l_orth: 8.6044e+01 l_align: 8.6303e+01 l_total: 2.4380e+02 
2026-06-25 12:01:58,506 INFO: [smal_..][epoch: 17, iter:  13,840, lr:(1.859e-04,)][eta: 0:07:30, time (data): 0.110 (0.028)]l_bij: 9.6443e+01 l_orth: 1.0095e+02 l_align: 7.8869e+01 l_total: 2.7626e+02 
2026-06-25 12:02:00,712 INFO: [smal_..][epoch: 17, iter:  13,860, lr:(1.859e-04,)][eta: 0:07:27, time (data): 0.110 (0.028)]l_bij: 9.6426e+01 l_orth: 1.0004e+02 l_align: 8.3613e+01 l_total: 2.8007e+02 
2026-06-25 12:02:02,868 INFO: [smal_..][epoch: 17, iter:  13,880, lr:(1.859e-04,)][eta: 0:07:24, time (data): 0.109 (0.026)]l_bij: 8.8650e+01 l_orth: 1.0225e+02 l_align: 8.7510e+01 l_total: 2.7841e+02 
2026-06-25 12:02:05,072 INFO: [smal_..][epoch: 17, iter:  13,900, lr:(1.859e-04,)][eta: 0:07:20, time (data): 0.110 (0.027)]l_bij: 8.9432e+01 l_orth: 9.6246e+01 l_align: 8.0041e+01 l_total: 2.6572e+02 
2026-06-25 12:02:07,267 INFO: [smal_..][epoch: 17, iter:  13,920, lr:(1.859e-04,)][eta: 0:07:17, time (data): 0.110 (0.027)]l_bij: 9.0868e+01 l_orth: 9.7462e+01 l_align: 8.1801e+01 l_total: 2.7013e+02 
2026-06-25 12:02:09,545 INFO: [smal_..][epoch: 17, iter:  13,940, lr:(1.859e-04,)][eta: 0:07:14, time (data): 0.111 (0.028)]l_bij: 1.0757e+02 l_orth: 1.0930e+02 l_align: 8.9948e+01 l_total: 3.0682e+02 
2026-06-25 12:02:11,784 INFO: [smal_..][epoch: 17, iter:  13,960, lr:(1.859e-04,)][eta: 0:07:11, time (data): 0.111 (0.028)]l_bij: 5.7998e+01 l_orth: 7.8743e+01 l_align: 8.6493e+01 l_total: 2.2323e+02 
2026-06-25 12:02:13,964 INFO: [smal_..][epoch: 17, iter:  13,980, lr:(1.859e-04,)][eta: 0:07:08, time (data): 0.111 (0.028)]l_bij: 9.6352e+01 l_orth: 1.0232e+02 l_align: 8.1569e+01 l_total: 2.8024e+02 
2026-06-25 12:02:16,255 INFO: [smal_..][epoch: 17, iter:  14,000, lr:(1.859e-04,)][eta: 0:07:04, time (data): 0.111 (0.029)]l_bij: 7.2538e+01 l_orth: 8.4987e+01 l_align: 8.2037e+01 l_total: 2.3956e+02 
2026-06-25 12:02:16,256 INFO: Saving models and training states.
2026-06-25 12:02:16,278 INFO: Start validation.
2026-06-25 12:02:17,088 INFO: avg err:0.0000 | err:0.0000 | cougar_01 cougar_01
2026-06-25 12:02:17,257 INFO: avg err:0.0082 | err:0.0164 | cougar_01 cougar_02
2026-06-25 12:02:17,622 INFO: avg err:0.0116 | err:0.0184 | cougar_01 cougar_03
2026-06-25 12:02:17,774 INFO: avg err:0.0137 | err:0.0199 | cougar_01 cougar_04
2026-06-25 12:02:18,135 INFO: avg err:0.0413 | err:0.1518 | cougar_01 hippo_01
2026-06-25 12:02:18,289 INFO: avg err:0.0540 | err:0.1175 | cougar_01 hippo_02
2026-06-25 12:02:18,645 INFO: avg err:0.0754 | err:0.2037 | cougar_01 hippo_03
2026-06-25 12:02:18,805 INFO: avg err:0.0818 | err:0.1263 | cougar_01 hippo_04
2026-06-25 12:02:19,146 INFO: avg err:0.0838 | err:0.1003 | cougar_01 hippo_05
2026-06-25 12:02:19,300 INFO: avg err:0.1035 | err:0.2803 | cougar_01 hippo_06
2026-06-25 12:02:19,648 INFO: avg err:0.0972 | err:0.0350 | cougar_01 horse_01
2026-06-25 12:02:19,801 INFO: avg err:0.0954 | err:0.0756 | cougar_01 horse_02
2026-06-25 12:02:20,149 INFO: avg err:0.0912 | err:0.0406 | cougar_01 horse_03
2026-06-25 12:02:20,303 INFO: avg err:0.0872 | err:0.0351 | cougar_01 horse_04
2026-06-25 12:02:20,671 INFO: avg err:0.0987 | err:0.2596 | cougar_01 horse_05
2026-06-25 12:02:20,824 INFO: avg err:0.0972 | err:0.0743 | cougar_01 horse_06
2026-06-25 12:02:21,191 INFO: avg err:0.0956 | err:0.0704 | cougar_01 horse_07
2026-06-25 12:02:21,349 INFO: avg err:0.0958 | err:0.0988 | cougar_01 horse_08
2026-06-25 12:02:21,713 INFO: avg err:0.0928 | err:0.0395 | cougar_01 horse_09
2026-06-25 12:02:21,883 INFO: avg err:0.0929 | err:0.0943 | cougar_01 horse_10
2026-06-25 12:02:22,248 INFO: avg err:0.0893 | err:0.0165 | cougar_02 cougar_01
2026-06-25 12:02:22,406 INFO: avg err:0.0852 | err:0.0000 | cougar_02 cougar_02
2026-06-25 12:02:22,764 INFO: avg err:0.0824 | err:0.0203 | cougar_02 cougar_03
2026-06-25 12:02:22,920 INFO: avg err:0.0800 | err:0.0244 | cougar_02 cougar_04
2026-06-25 12:02:23,323 INFO: avg err:0.0814 | err:0.1154 | cougar_02 hippo_01
2026-06-25 12:02:23,481 INFO: avg err:0.0824 | err:0.1068 | cougar_02 hippo_02
2026-06-25 12:02:23,787 INFO: avg err:0.0858 | err:0.1745 | cougar_02 hippo_03
2026-06-25 12:02:23,941 INFO: avg err:0.0871 | err:0.1217 | cougar_02 hippo_04
2026-06-25 12:02:24,304 INFO: avg err:0.0878 | err:0.1079 | cougar_02 hippo_05
2026-06-25 12:02:24,456 INFO: avg err:0.0935 | err:0.2590 | cougar_02 hippo_06
2026-06-25 12:02:24,808 INFO: avg err:0.0923 | err:0.0578 | cougar_02 horse_01
2026-06-25 12:02:24,962 INFO: avg err:0.0909 | err:0.0457 | cougar_02 horse_02
2026-06-25 12:02:25,322 INFO: avg err:0.0898 | err:0.0550 | cougar_02 horse_03
2026-06-25 12:02:25,475 INFO: avg err:0.0884 | err:0.0426 | cougar_02 horse_04
2026-06-25 12:02:25,819 INFO: avg err:0.0932 | err:0.2551 | cougar_02 horse_05
2026-06-25 12:02:25,971 INFO: avg err:0.0942 | err:0.1314 | cougar_02 horse_06
2026-06-25 12:02:26,344 INFO: avg err:0.0927 | err:0.0396 | cougar_02 horse_07
2026-06-25 12:02:26,496 INFO: avg err:0.0924 | err:0.0788 | cougar_02 horse_08
2026-06-25 12:02:26,864 INFO: avg err:0.0917 | err:0.0647 | cougar_02 horse_09
2026-06-25 12:02:27,017 INFO: avg err:0.0909 | err:0.0613 | cougar_02 horse_10
2026-06-25 12:02:27,372 INFO: avg err:0.0892 | err:0.0195 | cougar_03 cougar_01
2026-06-25 12:02:27,526 INFO: avg err:0.0876 | err:0.0213 | cougar_03 cougar_02
2026-06-25 12:02:27,880 INFO: avg err:0.0855 | err:0.0000 | cougar_03 cougar_03
2026-06-25 12:02:28,032 INFO: avg err:0.0842 | err:0.0275 | cougar_03 cougar_04
2026-06-25 12:02:28,380 INFO: avg err:0.0857 | err:0.1512 | cougar_03 hippo_01
2026-06-25 12:02:28,531 INFO: avg err:0.0867 | err:0.1326 | cougar_03 hippo_02
2026-06-25 12:02:28,879 INFO: avg err:0.0894 | err:0.2156 | cougar_03 hippo_03
2026-06-25 12:02:29,031 INFO: avg err:0.0907 | err:0.1494 | cougar_03 hippo_04
2026-06-25 12:02:29,402 INFO: avg err:0.0913 | err:0.1192 | cougar_03 hippo_05
2026-06-25 12:02:29,555 INFO: avg err:0.0944 | err:0.2482 | cougar_03 hippo_06
2026-06-25 12:02:29,890 INFO: avg err:0.0933 | err:0.0396 | cougar_03 horse_01
2026-06-25 12:02:30,041 INFO: avg err:0.0922 | err:0.0321 | cougar_03 horse_02
2026-06-25 12:02:30,386 INFO: avg err:0.0910 | err:0.0301 | cougar_03 horse_03
2026-06-25 12:02:30,543 INFO: avg err:0.0900 | err:0.0374 | cougar_03 horse_04
2026-06-25 12:02:30,888 INFO: avg err:0.0947 | err:0.3504 | cougar_03 horse_05
2026-06-25 12:02:31,040 INFO: avg err:0.0937 | err:0.0372 | cougar_03 horse_06
2026-06-25 12:02:31,395 INFO: avg err:0.0927 | err:0.0362 | cougar_03 horse_07
2026-06-25 12:02:31,549 INFO: avg err:0.0927 | err:0.0914 | cougar_03 horse_08
2026-06-25 12:02:31,908 INFO: avg err:0.0920 | err:0.0499 | cougar_03 horse_09
2026-06-25 12:02:32,063 INFO: avg err:0.0912 | err:0.0481 | cougar_03 horse_10
2026-06-25 12:02:32,424 INFO: avg err:0.0900 | err:0.0193 | cougar_04 cougar_01
2026-06-25 12:02:32,579 INFO: avg err:0.0890 | err:0.0245 | cougar_04 cougar_02
2026-06-25 12:02:32,945 INFO: avg err:0.0880 | err:0.0263 | cougar_04 cougar_03
2026-06-25 12:02:33,100 INFO: avg err:0.0866 | err:0.0000 | cougar_04 cougar_04
2026-06-25 12:02:33,455 INFO: avg err:0.0873 | err:0.1326 | cougar_04 hippo_01
2026-06-25 12:02:33,611 INFO: avg err:0.0882 | err:0.1421 | cougar_04 hippo_02
2026-06-25 12:02:33,986 INFO: avg err:0.0895 | err:0.1760 | cougar_04 hippo_03
2026-06-25 12:02:34,140 INFO: avg err:0.0902 | err:0.1408 | cougar_04 hippo_04
2026-06-25 12:02:34,519 INFO: avg err:0.0903 | err:0.0958 | cougar_04 hippo_05
2026-06-25 12:02:34,674 INFO: avg err:0.0929 | err:0.2742 | cougar_04 hippo_06
2026-06-25 12:02:35,067 INFO: avg err:0.0921 | err:0.0308 | cougar_04 horse_01
2026-06-25 12:02:35,235 INFO: avg err:0.0918 | err:0.0754 | cougar_04 horse_02
2026-06-25 12:02:35,547 INFO: avg err:0.0910 | err:0.0322 | cougar_04 horse_03
2026-06-25 12:02:35,702 INFO: avg err:0.0903 | err:0.0377 | cougar_04 horse_04
2026-06-25 12:02:36,053 INFO: avg err:0.0922 | err:0.2366 | cougar_04 horse_05
2026-06-25 12:02:36,206 INFO: avg err:0.0922 | err:0.0913 | cougar_04 horse_06
2026-06-25 12:02:36,574 INFO: avg err:0.0919 | err:0.0702 | cougar_04 horse_07
2026-06-25 12:02:36,728 INFO: avg err:0.0918 | err:0.0791 | cougar_04 horse_08
2026-06-25 12:02:37,113 INFO: avg err:0.0911 | err:0.0358 | cougar_04 horse_09
2026-06-25 12:02:37,266 INFO: avg err:0.0909 | err:0.0781 | cougar_04 horse_10
2026-06-25 12:02:37,622 INFO: avg err:0.0906 | err:0.0655 | hippo_01 cougar_01
2026-06-25 12:02:37,777 INFO: avg err:0.0903 | err:0.0707 | hippo_01 cougar_02
2026-06-25 12:02:38,137 INFO: avg err:0.0903 | err:0.0838 | hippo_01 cougar_03
2026-06-25 12:02:38,290 INFO: avg err:0.0900 | err:0.0669 | hippo_01 cougar_04
2026-06-25 12:02:38,655 INFO: avg err:0.0889 | err:0.0000 | hippo_01 hippo_01
2026-06-25 12:02:38,807 INFO: avg err:0.0884 | err:0.0439 | hippo_01 hippo_02
2026-06-25 12:02:39,173 INFO: avg err:0.0883 | err:0.0819 | hippo_01 hippo_03
2026-06-25 12:02:39,326 INFO: avg err:0.0875 | err:0.0176 | hippo_01 hippo_04
2026-06-25 12:02:39,682 INFO: avg err:0.0871 | err:0.0531 | hippo_01 hippo_05
2026-06-25 12:02:39,835 INFO: avg err:0.0864 | err:0.0169 | hippo_01 hippo_06
2026-06-25 12:02:40,202 INFO: avg err:0.0863 | err:0.0825 | hippo_01 horse_01
2026-06-25 12:02:40,354 INFO: avg err:0.0866 | err:0.1155 | hippo_01 horse_02
2026-06-25 12:02:40,723 INFO: avg err:0.0866 | err:0.0850 | hippo_01 horse_03
2026-06-25 12:02:40,874 INFO: avg err:0.0866 | err:0.0866 | hippo_01 horse_04
2026-06-25 12:02:41,235 INFO: avg err:0.0879 | err:0.2129 | hippo_01 horse_05
2026-06-25 12:02:41,388 INFO: avg err:0.0885 | err:0.1403 | hippo_01 horse_06
2026-06-25 12:02:41,756 INFO: avg err:0.0890 | err:0.1327 | hippo_01 horse_07
2026-06-25 12:02:41,907 INFO: avg err:0.0895 | err:0.1400 | hippo_01 horse_08
2026-06-25 12:02:42,304 INFO: avg err:0.0894 | err:0.0854 | hippo_01 horse_09
2026-06-25 12:02:42,458 INFO: avg err:0.0897 | err:0.1123 | hippo_01 horse_10
2026-06-25 12:02:42,818 INFO: avg err:0.0897 | err:0.0890 | hippo_02 cougar_01
2026-06-25 12:02:42,975 INFO: avg err:0.0897 | err:0.0926 | hippo_02 cougar_02
2026-06-25 12:02:43,343 INFO: avg err:0.0898 | err:0.0977 | hippo_02 cougar_03
2026-06-25 12:02:43,495 INFO: avg err:0.0897 | err:0.0860 | hippo_02 cougar_04
2026-06-25 12:02:43,851 INFO: avg err:0.0894 | err:0.0523 | hippo_02 hippo_01
2026-06-25 12:02:44,002 INFO: avg err:0.0885 | err:0.0000 | hippo_02 hippo_02
2026-06-25 12:02:44,357 INFO: avg err:0.0889 | err:0.1284 | hippo_02 hippo_03
2026-06-25 12:02:44,508 INFO: avg err:0.0887 | err:0.0686 | hippo_02 hippo_04
2026-06-25 12:02:44,873 INFO: avg err:0.0881 | err:0.0256 | hippo_02 hippo_05
2026-06-25 12:02:45,030 INFO: avg err:0.0879 | err:0.0614 | hippo_02 hippo_06
2026-06-25 12:02:45,419 INFO: avg err:0.0878 | err:0.0832 | hippo_02 horse_01
2026-06-25 12:02:45,572 INFO: avg err:0.0878 | err:0.0853 | hippo_02 horse_02
2026-06-25 12:02:45,896 INFO: avg err:0.0877 | err:0.0791 | hippo_02 horse_03
2026-06-25 12:02:46,051 INFO: avg err:0.0878 | err:0.0897 | hippo_02 horse_04
2026-06-25 12:02:46,411 INFO: avg err:0.0889 | err:0.2193 | hippo_02 horse_05
2026-06-25 12:02:46,567 INFO: avg err:0.0890 | err:0.0992 | hippo_02 horse_06
2026-06-25 12:02:46,923 INFO: avg err:0.0891 | err:0.0996 | hippo_02 horse_07
2026-06-25 12:02:47,075 INFO: avg err:0.0895 | err:0.1351 | hippo_02 horse_08
2026-06-25 12:02:47,446 INFO: avg err:0.0895 | err:0.0927 | hippo_02 horse_09
2026-06-25 12:02:47,600 INFO: avg err:0.0895 | err:0.0853 | hippo_02 horse_10
2026-06-25 12:02:47,961 INFO: avg err:0.0895 | err:0.0976 | hippo_03 cougar_01
2026-06-25 12:02:48,113 INFO: avg err:0.0895 | err:0.0885 | hippo_03 cougar_02
2026-06-25 12:02:48,473 INFO: avg err:0.0896 | err:0.1047 | hippo_03 cougar_03
2026-06-25 12:02:48,626 INFO: avg err:0.0897 | err:0.0990 | hippo_03 cougar_04
2026-06-25 12:02:48,983 INFO: avg err:0.0893 | err:0.0409 | hippo_03 hippo_01
2026-06-25 12:02:49,156 INFO: avg err:0.0895 | err:0.1098 | hippo_03 hippo_02
2026-06-25 12:02:49,498 INFO: avg err:0.0888 | err:0.0000 | hippo_03 hippo_03
2026-06-25 12:02:49,652 INFO: avg err:0.0883 | err:0.0219 | hippo_03 hippo_04
2026-06-25 12:02:50,021 INFO: avg err:0.0882 | err:0.0824 | hippo_03 hippo_05
2026-06-25 12:02:50,175 INFO: avg err:0.0878 | err:0.0370 | hippo_03 hippo_06
2026-06-25 12:02:50,534 INFO: avg err:0.0881 | err:0.1177 | hippo_03 horse_01
2026-06-25 12:02:50,688 INFO: avg err:0.0885 | err:0.1433 | hippo_03 horse_02
2026-06-25 12:02:51,060 INFO: avg err:0.0887 | err:0.1179 | hippo_03 horse_03
2026-06-25 12:02:51,215 INFO: avg err:0.0888 | err:0.1038 | hippo_03 horse_04
2026-06-25 12:02:51,570 INFO: avg err:0.0903 | err:0.2898 | hippo_03 horse_05
2026-06-25 12:02:51,723 INFO: avg err:0.0909 | err:0.1735 | hippo_03 horse_06
2026-06-25 12:02:52,123 INFO: avg err:0.0914 | err:0.1624 | hippo_03 horse_07
2026-06-25 12:02:52,278 INFO: avg err:0.0920 | err:0.1747 | hippo_03 horse_08
2026-06-25 12:02:52,648 INFO: avg err:0.0922 | err:0.1149 | hippo_03 horse_09
2026-06-25 12:02:52,801 INFO: avg err:0.0924 | err:0.1253 | hippo_03 horse_10
2026-06-25 12:02:53,179 INFO: avg err:0.0923 | err:0.0676 | hippo_04 cougar_01
2026-06-25 12:02:53,332 INFO: avg err:0.0922 | err:0.0849 | hippo_04 cougar_02
2026-06-25 12:02:53,714 INFO: avg err:0.0921 | err:0.0750 | hippo_04 cougar_03
2026-06-25 12:02:53,869 INFO: avg err:0.0919 | err:0.0715 | hippo_04 cougar_04
2026-06-25 12:02:54,241 INFO: avg err:0.0914 | err:0.0178 | hippo_04 hippo_01
2026-06-25 12:02:54,400 INFO: avg err:0.0912 | err:0.0525 | hippo_04 hippo_02
2026-06-25 12:02:54,734 INFO: avg err:0.0907 | err:0.0226 | hippo_04 hippo_03
2026-06-25 12:02:54,902 INFO: avg err:0.0901 | err:0.0000 | hippo_04 hippo_04
2026-06-25 12:02:55,252 INFO: avg err:0.0898 | err:0.0467 | hippo_04 hippo_05
2026-06-25 12:02:55,419 INFO: avg err:0.0895 | err:0.0523 | hippo_04 hippo_06
2026-06-25 12:02:55,770 INFO: avg err:0.0895 | err:0.0782 | hippo_04 horse_01
2026-06-25 12:02:55,940 INFO: avg err:0.0895 | err:0.1002 | hippo_04 horse_02
2026-06-25 12:02:56,288 INFO: avg err:0.0895 | err:0.0869 | hippo_04 horse_03
2026-06-25 12:02:56,464 INFO: avg err:0.0895 | err:0.0810 | hippo_04 horse_04
2026-06-25 12:02:56,800 INFO: avg err:0.0907 | err:0.2814 | hippo_04 horse_05
2026-06-25 12:02:56,956 INFO: avg err:0.0909 | err:0.1130 | hippo_04 horse_06
2026-06-25 12:02:57,306 INFO: avg err:0.0910 | err:0.1111 | hippo_04 horse_07
2026-06-25 12:02:57,459 INFO: avg err:0.0912 | err:0.1198 | hippo_04 horse_08
2026-06-25 12:02:57,823 INFO: avg err:0.0911 | err:0.0818 | hippo_04 horse_09
2026-06-25 12:02:57,979 INFO: avg err:0.0912 | err:0.1020 | hippo_04 horse_10
2026-06-25 12:02:58,342 INFO: avg err:0.0912 | err:0.0892 | hippo_05 cougar_01
2026-06-25 12:02:58,498 INFO: avg err:0.0912 | err:0.0934 | hippo_05 cougar_02
2026-06-25 12:02:58,852 INFO: avg err:0.0912 | err:0.1022 | hippo_05 cougar_03
2026-06-25 12:02:59,005 INFO: avg err:0.0912 | err:0.0916 | hippo_05 cougar_04
2026-06-25 12:02:59,369 INFO: avg err:0.0911 | err:0.0643 | hippo_05 hippo_01
2026-06-25 12:02:59,526 INFO: avg err:0.0907 | err:0.0237 | hippo_05 hippo_02
2026-06-25 12:02:59,882 INFO: avg err:0.0907 | err:0.1018 | hippo_05 hippo_03
2026-06-25 12:03:00,036 INFO: avg err:0.0906 | err:0.0690 | hippo_05 hippo_04
2026-06-25 12:03:00,419 INFO: avg err:0.0901 | err:0.0000 | hippo_05 hippo_05
2026-06-25 12:03:00,575 INFO: avg err:0.0901 | err:0.0992 | hippo_05 hippo_06
2026-06-25 12:03:00,905 INFO: avg err:0.0901 | err:0.0889 | hippo_05 horse_01
2026-06-25 12:03:01,058 INFO: avg err:0.0901 | err:0.0929 | hippo_05 horse_02
2026-06-25 12:03:01,420 INFO: avg err:0.0901 | err:0.0875 | hippo_05 horse_03
2026-06-25 12:03:01,572 INFO: avg err:0.0901 | err:0.0947 | hippo_05 horse_04
2026-06-25 12:03:01,927 INFO: avg err:0.0912 | err:0.2716 | hippo_05 horse_05
2026-06-25 12:03:02,082 INFO: avg err:0.0913 | err:0.1196 | hippo_05 horse_06
2026-06-25 12:03:02,443 INFO: avg err:0.0914 | err:0.0994 | hippo_05 horse_07
2026-06-25 12:03:02,597 INFO: avg err:0.0916 | err:0.1195 | hippo_05 horse_08
2026-06-25 12:03:02,955 INFO: avg err:0.0915 | err:0.0882 | hippo_05 horse_09
2026-06-25 12:03:03,109 INFO: avg err:0.0916 | err:0.1068 | hippo_05 horse_10
2026-06-25 12:03:03,469 INFO: avg err:0.0920 | err:0.1544 | hippo_06 cougar_01
2026-06-25 12:03:03,628 INFO: avg err:0.0924 | err:0.1680 | hippo_06 cougar_02
2026-06-25 12:03:03,988 INFO: avg err:0.0929 | err:0.1813 | hippo_06 cougar_03
2026-06-25 12:03:04,149 INFO: avg err:0.0932 | err:0.1525 | hippo_06 cougar_04
2026-06-25 12:03:04,505 INFO: avg err:0.0928 | err:0.0165 | hippo_06 hippo_01
2026-06-25 12:03:04,663 INFO: avg err:0.0926 | err:0.0534 | hippo_06 hippo_02
2026-06-25 12:03:05,013 INFO: avg err:0.0924 | err:0.0660 | hippo_06 hippo_03
2026-06-25 12:03:05,166 INFO: avg err:0.0921 | err:0.0322 | hippo_06 hippo_04
2026-06-25 12:03:05,539 INFO: avg err:0.0921 | err:0.0866 | hippo_06 hippo_05
2026-06-25 12:03:05,693 INFO: avg err:0.0916 | err:0.0000 | hippo_06 hippo_06
2026-06-25 12:03:06,049 INFO: avg err:0.0918 | err:0.1258 | hippo_06 horse_01
2026-06-25 12:03:06,203 INFO: avg err:0.0922 | err:0.1669 | hippo_06 horse_02
2026-06-25 12:03:06,559 INFO: avg err:0.0925 | err:0.1565 | hippo_06 horse_03
2026-06-25 12:03:06,712 INFO: avg err:0.0927 | err:0.1286 | hippo_06 horse_04
2026-06-25 12:03:07,068 INFO: avg err:0.0930 | err:0.1578 | hippo_06 horse_05
2026-06-25 12:03:07,222 INFO: avg err:0.0934 | err:0.1718 | hippo_06 horse_06
2026-06-25 12:03:07,577 INFO: avg err:0.0939 | err:0.1936 | hippo_06 horse_07
2026-06-25 12:03:07,730 INFO: avg err:0.0945 | err:0.2116 | hippo_06 horse_08
2026-06-25 12:03:08,093 INFO: avg err:0.0945 | err:0.0968 | hippo_06 horse_09
2026-06-25 12:03:08,246 INFO: avg err:0.0950 | err:0.1841 | hippo_06 horse_10
2026-06-25 12:03:08,599 INFO: avg err:0.0947 | err:0.0406 | horse_01 cougar_01
2026-06-25 12:03:08,753 INFO: avg err:0.0945 | err:0.0506 | horse_01 cougar_02
2026-06-25 12:03:09,116 INFO: avg err:0.0943 | err:0.0474 | horse_01 cougar_03
2026-06-25 12:03:09,269 INFO: avg err:0.0940 | err:0.0403 | horse_01 cougar_04
2026-06-25 12:03:09,621 INFO: avg err:0.0939 | err:0.0845 | horse_01 hippo_01
2026-06-25 12:03:09,777 INFO: avg err:0.0941 | err:0.1182 | horse_01 hippo_02
2026-06-25 12:03:10,125 INFO: avg err:0.0943 | err:0.1506 | horse_01 hippo_03
2026-06-25 12:03:10,282 INFO: avg err:0.0943 | err:0.0849 | horse_01 hippo_04
2026-06-25 12:03:10,650 INFO: avg err:0.0943 | err:0.1031 | horse_01 hippo_05
2026-06-25 12:03:10,809 INFO: avg err:0.0949 | err:0.2032 | horse_01 hippo_06
2026-06-25 12:03:11,158 INFO: avg err:0.0944 | err:0.0000 | horse_01 horse_01
2026-06-25 12:03:11,312 INFO: avg err:0.0940 | err:0.0179 | horse_01 horse_02
2026-06-25 12:03:11,721 INFO: avg err:0.0937 | err:0.0153 | horse_01 horse_03
2026-06-25 12:03:11,876 INFO: avg err:0.0933 | err:0.0218 | horse_01 horse_04
2026-06-25 12:03:12,270 INFO: avg err:0.0940 | err:0.2262 | horse_01 horse_05
2026-06-25 12:03:12,423 INFO: avg err:0.0937 | err:0.0444 | horse_01 horse_06
2026-06-25 12:03:12,815 INFO: avg err:0.0935 | err:0.0356 | horse_01 horse_07
2026-06-25 12:03:12,977 INFO: avg err:0.0932 | err:0.0292 | horse_01 horse_08
2026-06-25 12:03:13,361 INFO: avg err:0.0928 | err:0.0209 | horse_01 horse_09
2026-06-25 12:03:13,519 INFO: avg err:0.0925 | err:0.0223 | horse_01 horse_10
2026-06-25 12:03:13,874 INFO: avg err:0.0923 | err:0.0435 | horse_02 cougar_01
2026-06-25 12:03:14,027 INFO: avg err:0.0921 | err:0.0519 | horse_02 cougar_02
2026-06-25 12:03:14,383 INFO: avg err:0.0919 | err:0.0550 | horse_02 cougar_03
2026-06-25 12:03:14,536 INFO: avg err:0.0917 | err:0.0389 | horse_02 cougar_04
2026-06-25 12:03:14,878 INFO: avg err:0.0917 | err:0.0842 | horse_02 hippo_01
2026-06-25 12:03:15,036 INFO: avg err:0.0918 | err:0.1189 | horse_02 hippo_02
2026-06-25 12:03:15,393 INFO: avg err:0.0921 | err:0.1695 | horse_02 hippo_03
2026-06-25 12:03:15,548 INFO: avg err:0.0921 | err:0.0765 | horse_02 hippo_04
2026-06-25 12:03:15,991 INFO: avg err:0.0922 | err:0.1193 | horse_02 hippo_05
2026-06-25 12:03:16,141 INFO: avg err:0.0926 | err:0.1780 | horse_02 hippo_06
2026-06-25 12:03:16,501 INFO: avg err:0.0922 | err:0.0186 | horse_02 horse_01
2026-06-25 12:03:16,652 INFO: avg err:0.0918 | err:0.0000 | horse_02 horse_02
2026-06-25 12:03:17,043 INFO: avg err:0.0915 | err:0.0116 | horse_02 horse_03
2026-06-25 12:03:17,197 INFO: avg err:0.0912 | err:0.0183 | horse_02 horse_04
2026-06-25 12:03:17,689 INFO: avg err:0.0916 | err:0.1855 | horse_02 horse_05
2026-06-25 12:03:17,838 INFO: avg err:0.0913 | err:0.0191 | horse_02 horse_06
2026-06-25 12:03:18,158 INFO: avg err:0.0910 | err:0.0214 | horse_02 horse_07
2026-06-25 12:03:18,311 INFO: avg err:0.0907 | err:0.0197 | horse_02 horse_08
2026-06-25 12:03:18,705 INFO: avg err:0.0904 | err:0.0236 | horse_02 horse_09
2026-06-25 12:03:18,857 INFO: avg err:0.0901 | err:0.0158 | horse_02 horse_10
2026-06-25 12:03:19,229 INFO: avg err:0.0899 | err:0.0379 | horse_03 cougar_01
2026-06-25 12:03:19,380 INFO: avg err:0.0897 | err:0.0471 | horse_03 cougar_02
2026-06-25 12:03:19,736 INFO: avg err:0.0895 | err:0.0425 | horse_03 cougar_03
2026-06-25 12:03:19,888 INFO: avg err:0.0893 | err:0.0380 | horse_03 cougar_04
2026-06-25 12:03:20,274 INFO: avg err:0.0893 | err:0.0814 | horse_03 hippo_01
2026-06-25 12:03:20,427 INFO: avg err:0.0894 | err:0.1223 | horse_03 hippo_02
2026-06-25 12:03:20,803 INFO: avg err:0.0896 | err:0.1493 | horse_03 hippo_03
2026-06-25 12:03:20,953 INFO: avg err:0.0896 | err:0.0814 | horse_03 hippo_04
2026-06-25 12:03:21,330 INFO: avg err:0.0897 | err:0.1069 | horse_03 hippo_05
2026-06-25 12:03:21,492 INFO: avg err:0.0900 | err:0.1763 | horse_03 hippo_06
2026-06-25 12:03:21,826 INFO: avg err:0.0897 | err:0.0159 | horse_03 horse_01
2026-06-25 12:03:21,987 INFO: avg err:0.0894 | err:0.0118 | horse_03 horse_02
2026-06-25 12:03:22,335 INFO: avg err:0.0891 | err:0.0000 | horse_03 horse_03
2026-06-25 12:03:22,492 INFO: avg err:0.0888 | err:0.0221 | horse_03 horse_04
2026-06-25 12:03:22,849 INFO: avg err:0.0891 | err:0.1756 | horse_03 horse_05
2026-06-25 12:03:22,999 INFO: avg err:0.0889 | err:0.0193 | horse_03 horse_06
2026-06-25 12:03:23,382 INFO: avg err:0.0886 | err:0.0221 | horse_03 horse_07
2026-06-25 12:03:23,591 INFO: avg err:0.0884 | err:0.0356 | horse_03 horse_08
2026-06-25 12:03:23,896 INFO: avg err:0.0881 | err:0.0194 | horse_03 horse_09
2026-06-25 12:03:24,049 INFO: avg err:0.0879 | err:0.0171 | horse_03 horse_10
2026-06-25 12:03:24,471 INFO: avg err:0.0877 | err:0.0414 | horse_04 cougar_01
2026-06-25 12:03:24,627 INFO: avg err:0.0875 | err:0.0490 | horse_04 cougar_02
2026-06-25 12:03:24,990 INFO: avg err:0.0874 | err:0.0454 | horse_04 cougar_03
2026-06-25 12:03:25,142 INFO: avg err:0.0872 | err:0.0433 | horse_04 cougar_04
2026-06-25 12:03:25,532 INFO: avg err:0.0873 | err:0.1004 | horse_04 hippo_01
2026-06-25 12:03:25,684 INFO: avg err:0.0875 | err:0.1626 | horse_04 hippo_02
2026-06-25 12:03:26,055 INFO: avg err:0.0879 | err:0.1706 | horse_04 hippo_03
2026-06-25 12:03:26,208 INFO: avg err:0.0878 | err:0.0831 | horse_04 hippo_04
2026-06-25 12:03:26,573 INFO: avg err:0.0879 | err:0.0972 | horse_04 hippo_05
2026-06-25 12:03:26,727 INFO: avg err:0.0883 | err:0.1959 | horse_04 hippo_06
2026-06-25 12:03:27,085 INFO: avg err:0.0880 | err:0.0212 | horse_04 horse_01
2026-06-25 12:03:27,237 INFO: avg err:0.0878 | err:0.0191 | horse_04 horse_02
2026-06-25 12:03:27,629 INFO: avg err:0.0875 | err:0.0211 | horse_04 horse_03
2026-06-25 12:03:27,783 INFO: avg err:0.0872 | err:0.0000 | horse_04 horse_04
2026-06-25 12:03:28,143 INFO: avg err:0.0876 | err:0.1987 | horse_04 horse_05
2026-06-25 12:03:28,298 INFO: avg err:0.0874 | err:0.0293 | horse_04 horse_06
2026-06-25 12:03:28,672 INFO: avg err:0.0872 | err:0.0297 | horse_04 horse_07
2026-06-25 12:03:28,826 INFO: avg err:0.0870 | err:0.0294 | horse_04 horse_08
2026-06-25 12:03:29,183 INFO: avg err:0.0867 | err:0.0215 | horse_04 horse_09
2026-06-25 12:03:29,346 INFO: avg err:0.0865 | err:0.0245 | horse_04 horse_10
2026-06-25 12:03:29,682 INFO: avg err:0.0865 | err:0.0725 | horse_05 cougar_01
2026-06-25 12:03:29,837 INFO: avg err:0.0865 | err:0.0824 | horse_05 cougar_02
2026-06-25 12:03:30,189 INFO: avg err:0.0865 | err:0.1096 | horse_05 cougar_03
2026-06-25 12:03:30,345 INFO: avg err:0.0865 | err:0.0751 | horse_05 cougar_04
2026-06-25 12:03:30,700 INFO: avg err:0.0865 | err:0.0984 | horse_05 hippo_01
2026-06-25 12:03:30,852 INFO: avg err:0.0867 | err:0.1430 | horse_05 hippo_02
2026-06-25 12:03:31,228 INFO: avg err:0.0873 | err:0.2347 | horse_05 hippo_03
2026-06-25 12:03:31,381 INFO: avg err:0.0874 | err:0.1254 | horse_05 hippo_04
2026-06-25 12:03:31,744 INFO: avg err:0.0875 | err:0.1318 | horse_05 hippo_05
2026-06-25 12:03:31,915 INFO: avg err:0.0875 | err:0.0841 | horse_05 hippo_06
2026-06-25 12:03:32,261 INFO: avg err:0.0875 | err:0.0827 | horse_05 horse_01
2026-06-25 12:03:32,413 INFO: avg err:0.0876 | err:0.1103 | horse_05 horse_02
2026-06-25 12:03:32,776 INFO: avg err:0.0876 | err:0.0781 | horse_05 horse_03
2026-06-25 12:03:32,931 INFO: avg err:0.0875 | err:0.0832 | horse_05 horse_04
2026-06-25 12:03:33,286 INFO: avg err:0.0872 | err:0.0000 | horse_05 horse_05
2026-06-25 12:03:33,440 INFO: avg err:0.0874 | err:0.1395 | horse_05 horse_06
2026-06-25 12:03:33,798 INFO: avg err:0.0876 | err:0.1298 | horse_05 horse_07
2026-06-25 12:03:33,951 INFO: avg err:0.0876 | err:0.0985 | horse_05 horse_08
2026-06-25 12:03:34,303 INFO: avg err:0.0877 | err:0.1206 | horse_05 horse_09
2026-06-25 12:03:34,456 INFO: avg err:0.0879 | err:0.1307 | horse_05 horse_10
2026-06-25 12:03:34,821 INFO: avg err:0.0877 | err:0.0433 | horse_06 cougar_01
2026-06-25 12:03:34,974 INFO: avg err:0.0876 | err:0.0528 | horse_06 cougar_02
2026-06-25 12:03:35,339 INFO: avg err:0.0875 | err:0.0500 | horse_06 cougar_03
2026-06-25 12:03:35,492 INFO: avg err:0.0873 | err:0.0450 | horse_06 cougar_04
2026-06-25 12:03:35,838 INFO: avg err:0.0875 | err:0.1399 | horse_06 hippo_01
2026-06-25 12:03:35,992 INFO: avg err:0.0877 | err:0.1376 | horse_06 hippo_02
2026-06-25 12:03:36,351 INFO: avg err:0.0883 | err:0.2742 | horse_06 hippo_03
2026-06-25 12:03:36,505 INFO: avg err:0.0883 | err:0.1069 | horse_06 hippo_04
2026-06-25 12:03:36,875 INFO: avg err:0.0884 | err:0.1092 | horse_06 hippo_05
2026-06-25 12:03:37,031 INFO: avg err:0.0890 | err:0.2643 | horse_06 hippo_06
2026-06-25 12:03:37,404 INFO: avg err:0.0888 | err:0.0222 | horse_06 horse_01
2026-06-25 12:03:37,559 INFO: avg err:0.0885 | err:0.0173 | horse_06 horse_02
2026-06-25 12:03:37,916 INFO: avg err:0.0883 | err:0.0182 | horse_06 horse_03
2026-06-25 12:03:38,069 INFO: avg err:0.0881 | err:0.0303 | horse_06 horse_04
2026-06-25 12:03:38,414 INFO: avg err:0.0888 | err:0.3034 | horse_06 horse_05
2026-06-25 12:03:38,571 INFO: avg err:0.0885 | err:0.0000 | horse_06 horse_06
2026-06-25 12:03:38,932 INFO: avg err:0.0883 | err:0.0170 | horse_06 horse_07
2026-06-25 12:03:39,086 INFO: avg err:0.0881 | err:0.0234 | horse_06 horse_08
2026-06-25 12:03:39,447 INFO: avg err:0.0879 | err:0.0303 | horse_06 horse_09
2026-06-25 12:03:39,600 INFO: avg err:0.0877 | err:0.0310 | horse_06 horse_10
2026-06-25 12:03:39,958 INFO: avg err:0.0876 | err:0.0371 | horse_07 cougar_01
2026-06-25 12:03:40,115 INFO: avg err:0.0874 | err:0.0396 | horse_07 cougar_02
2026-06-25 12:03:40,482 INFO: avg err:0.0873 | err:0.0371 | horse_07 cougar_03
2026-06-25 12:03:40,639 INFO: avg err:0.0871 | err:0.0319 | horse_07 cougar_04
2026-06-25 12:03:41,002 INFO: avg err:0.0873 | err:0.1448 | horse_07 hippo_01
2026-06-25 12:03:41,156 INFO: avg err:0.0874 | err:0.1389 | horse_07 hippo_02
2026-06-25 12:03:41,524 INFO: avg err:0.0880 | err:0.2677 | horse_07 hippo_03
2026-06-25 12:03:41,678 INFO: avg err:0.0882 | err:0.1432 | horse_07 hippo_04
2026-06-25 12:03:42,040 INFO: avg err:0.0882 | err:0.1184 | horse_07 hippo_05
2026-06-25 12:03:42,197 INFO: avg err:0.0887 | err:0.2457 | horse_07 hippo_06
2026-06-25 12:03:42,557 INFO: avg err:0.0885 | err:0.0225 | horse_07 horse_01
2026-06-25 12:03:42,710 INFO: avg err:0.0883 | err:0.0212 | horse_07 horse_02
2026-06-25 12:03:43,097 INFO: avg err:0.0881 | err:0.0219 | horse_07 horse_03
2026-06-25 12:03:43,252 INFO: avg err:0.0879 | err:0.0302 | horse_07 horse_04
2026-06-25 12:03:43,619 INFO: avg err:0.0884 | err:0.2322 | horse_07 horse_05
2026-06-25 12:03:43,772 INFO: avg err:0.0882 | err:0.0153 | horse_07 horse_06
2026-06-25 12:03:44,127 INFO: avg err:0.0879 | err:0.0000 | horse_07 horse_07
2026-06-25 12:03:44,283 INFO: avg err:0.0877 | err:0.0254 | horse_07 horse_08
2026-06-25 12:03:44,645 INFO: avg err:0.0875 | err:0.0296 | horse_07 horse_09
2026-06-25 12:03:44,798 INFO: avg err:0.0873 | err:0.0229 | horse_07 horse_10
2026-06-25 12:03:45,168 INFO: avg err:0.0872 | err:0.0373 | horse_08 cougar_01
2026-06-25 12:03:45,320 INFO: avg err:0.0871 | err:0.0352 | horse_08 cougar_02
2026-06-25 12:03:45,684 INFO: avg err:0.0869 | err:0.0460 | horse_08 cougar_03
2026-06-25 12:03:45,841 INFO: avg err:0.0868 | err:0.0337 | horse_08 cougar_04
2026-06-25 12:03:46,201 INFO: avg err:0.0869 | err:0.1160 | horse_08 hippo_01
2026-06-25 12:03:46,354 INFO: avg err:0.0870 | err:0.1313 | horse_08 hippo_02
2026-06-25 12:03:46,713 INFO: avg err:0.0873 | err:0.2030 | horse_08 hippo_03
2026-06-25 12:03:46,867 INFO: avg err:0.0874 | err:0.1184 | horse_08 hippo_04
2026-06-25 12:03:47,226 INFO: avg err:0.0875 | err:0.1092 | horse_08 hippo_05
2026-06-25 12:03:47,379 INFO: avg err:0.0879 | err:0.2435 | horse_08 hippo_06
2026-06-25 12:03:47,766 INFO: avg err:0.0877 | err:0.0246 | horse_08 horse_01
2026-06-25 12:03:47,920 INFO: avg err:0.0875 | err:0.0200 | horse_08 horse_02
2026-06-25 12:03:48,248 INFO: avg err:0.0874 | err:0.0236 | horse_08 horse_03
2026-06-25 12:03:48,402 INFO: avg err:0.0872 | err:0.0291 | horse_08 horse_04
2026-06-25 12:03:48,753 INFO: avg err:0.0875 | err:0.1971 | horse_08 horse_05
2026-06-25 12:03:48,907 INFO: avg err:0.0873 | err:0.0253 | horse_08 horse_06
2026-06-25 12:03:49,268 INFO: avg err:0.0872 | err:0.0271 | horse_08 horse_07
2026-06-25 12:03:49,422 INFO: avg err:0.0869 | err:0.0000 | horse_08 horse_08
2026-06-25 12:03:49,756 INFO: avg err:0.0867 | err:0.0224 | horse_08 horse_09
2026-06-25 12:03:49,912 INFO: avg err:0.0866 | err:0.0391 | horse_08 horse_10
2026-06-25 12:03:50,287 INFO: avg err:0.0865 | err:0.0433 | horse_09 cougar_01
2026-06-25 12:03:50,441 INFO: avg err:0.0864 | err:0.0518 | horse_09 cougar_02
2026-06-25 12:03:50,790 INFO: avg err:0.0863 | err:0.0468 | horse_09 cougar_03
2026-06-25 12:03:50,947 INFO: avg err:0.0862 | err:0.0452 | horse_09 cougar_04
2026-06-25 12:03:51,310 INFO: avg err:0.0863 | err:0.1197 | horse_09 hippo_01
2026-06-25 12:03:51,475 INFO: avg err:0.0865 | err:0.1701 | horse_09 hippo_02
2026-06-25 12:03:51,825 INFO: avg err:0.0868 | err:0.2053 | horse_09 hippo_03
2026-06-25 12:03:51,981 INFO: avg err:0.0868 | err:0.0892 | horse_09 hippo_04
2026-06-25 12:03:52,351 INFO: avg err:0.0869 | err:0.1079 | horse_09 hippo_05
2026-06-25 12:03:52,505 INFO: avg err:0.0873 | err:0.2315 | horse_09 hippo_06
2026-06-25 12:03:52,860 INFO: avg err:0.0871 | err:0.0192 | horse_09 horse_01
2026-06-25 12:03:53,014 INFO: avg err:0.0869 | err:0.0180 | horse_09 horse_02
2026-06-25 12:03:53,377 INFO: avg err:0.0867 | err:0.0201 | horse_09 horse_03
2026-06-25 12:03:53,531 INFO: avg err:0.0865 | err:0.0204 | horse_09 horse_04
2026-06-25 12:03:53,896 INFO: avg err:0.0868 | err:0.1832 | horse_09 horse_05
2026-06-25 12:03:54,050 INFO: avg err:0.0867 | err:0.0382 | horse_09 horse_06
2026-06-25 12:03:54,428 INFO: avg err:0.0865 | err:0.0270 | horse_09 horse_07
2026-06-25 12:03:54,580 INFO: avg err:0.0863 | err:0.0214 | horse_09 horse_08
2026-06-25 12:03:54,940 INFO: avg err:0.0861 | err:0.0000 | horse_09 horse_09
2026-06-25 12:03:55,093 INFO: avg err:0.0860 | err:0.0566 | horse_09 horse_10
2026-06-25 12:03:55,460 INFO: avg err:0.0859 | err:0.0426 | horse_10 cougar_01
2026-06-25 12:03:55,618 INFO: avg err:0.0858 | err:0.0496 | horse_10 cougar_02
2026-06-25 12:03:55,970 INFO: avg err:0.0857 | err:0.0440 | horse_10 cougar_03
2026-06-25 12:03:56,122 INFO: avg err:0.0856 | err:0.0421 | horse_10 cougar_04
2026-06-25 12:03:56,487 INFO: avg err:0.0856 | err:0.0867 | horse_10 hippo_01
2026-06-25 12:03:56,641 INFO: avg err:0.0857 | err:0.1101 | horse_10 hippo_02
2026-06-25 12:03:57,007 INFO: avg err:0.0859 | err:0.1856 | horse_10 hippo_03
2026-06-25 12:03:57,161 INFO: avg err:0.0860 | err:0.0973 | horse_10 hippo_04
2026-06-25 12:03:57,517 INFO: avg err:0.0860 | err:0.1066 | horse_10 hippo_05
2026-06-25 12:03:57,674 INFO: avg err:0.0864 | err:0.2514 | horse_10 hippo_06
2026-06-25 12:03:58,050 INFO: avg err:0.0863 | err:0.0169 | horse_10 horse_01
2026-06-25 12:03:58,202 INFO: avg err:0.0861 | err:0.0137 | horse_10 horse_02
2026-06-25 12:03:58,559 INFO: avg err:0.0859 | err:0.0130 | horse_10 horse_03
2026-06-25 12:03:58,713 INFO: avg err:0.0857 | err:0.0208 | horse_10 horse_04
2026-06-25 12:03:59,075 INFO: avg err:0.0860 | err:0.1895 | horse_10 horse_05
2026-06-25 12:03:59,230 INFO: avg err:0.0858 | err:0.0228 | horse_10 horse_06
2026-06-25 12:03:59,584 INFO: avg err:0.0857 | err:0.0243 | horse_10 horse_07
2026-06-25 12:03:59,735 INFO: avg err:0.0856 | err:0.0487 | horse_10 horse_08
2026-06-25 12:04:00,079 INFO: avg err:0.0854 | err:0.0238 | horse_10 horse_09
2026-06-25 12:04:00,222 INFO: avg err:0.0852 | err:0.0000 | horse_10 horse_10
2026-06-25 12:04:00,254 INFO: Avg time: 0.0220
2026-06-25 12:04:00,677 INFO: Val auc: 0.7461
2026-06-25 12:04:00,682 INFO: Val avg error: 0.0852
2026-06-25 12:04:00,725 INFO: [ONB diag] max|Q-I|: mean=3.4168e-07 max=4.7684e-07 | max|Φ̃ᵀMΦ̃-I|: mean=3.4168e-07 max=4.7684e-07
2026-06-25 12:04:02,896 INFO: [smal_..][epoch: 17, iter:  14,020, lr:(1.859e-04,)][eta: 0:07:22, time (data): 0.111 (0.028)]l_bij: 6.6290e+01 l_orth: 7.9465e+01 l_align: 7.9089e+01 l_total: 2.2484e+02 
2026-06-25 12:04:05,086 INFO: [smal_..][epoch: 17, iter:  14,040, lr:(1.859e-04,)][eta: 0:07:19, time (data): 0.111 (0.028)]l_bij: 8.4998e+01 l_orth: 9.8203e+01 l_align: 8.1029e+01 l_total: 2.6423e+02 
2026-06-25 12:04:07,271 INFO: [smal_..][epoch: 17, iter:  14,060, lr:(1.859e-04,)][eta: 0:07:15, time (data): 0.111 (0.028)]l_bij: 1.0015e+02 l_orth: 1.0482e+02 l_align: 8.8386e+01 l_total: 2.9335e+02 
2026-06-25 12:04:09,431 INFO: [smal_..][epoch: 17, iter:  14,080, lr:(1.859e-04,)][eta: 0:07:12, time (data): 0.110 (0.028)]l_bij: 9.5912e+01 l_orth: 1.0214e+02 l_align: 8.4018e+01 l_total: 2.8207e+02 
2026-06-25 12:04:11,618 INFO: [smal_..][epoch: 17, iter:  14,100, lr:(1.859e-04,)][eta: 0:07:09, time (data): 0.109 (0.027)]l_bij: 1.1250e+02 l_orth: 1.1301e+02 l_align: 9.1185e+01 l_total: 3.1669e+02 
2026-06-25 12:04:13,917 INFO: [smal_..][epoch: 17, iter:  14,120, lr:(1.859e-04,)][eta: 0:07:05, time (data): 0.112 (0.029)]l_bij: 9.8513e+01 l_orth: 1.0442e+02 l_align: 8.3599e+01 l_total: 2.8653e+02 
2026-06-25 12:04:16,138 INFO: [smal_..][epoch: 17, iter:  14,140, lr:(1.859e-04,)][eta: 0:07:02, time (data): 0.111 (0.029)]l_bij: 9.0711e+01 l_orth: 9.8571e+01 l_align: 7.8274e+01 l_total: 2.6756e+02 
2026-06-25 12:04:18,376 INFO: [smal_..][epoch: 17, iter:  14,160, lr:(1.859e-04,)][eta: 0:06:59, time (data): 0.111 (0.029)]l_bij: 1.0312e+02 l_orth: 1.0944e+02 l_align: 8.5577e+01 l_total: 2.9814e+02 
2026-06-25 12:04:20,648 INFO: [smal_..][epoch: 17, iter:  14,180, lr:(1.859e-04,)][eta: 0:06:55, time (data): 0.112 (0.030)]l_bij: 7.2902e+01 l_orth: 8.4597e+01 l_align: 7.8668e+01 l_total: 2.3617e+02 
2026-06-25 12:04:22,906 INFO: [smal_..][epoch: 17, iter:  14,200, lr:(1.859e-04,)][eta: 0:06:52, time (data): 0.112 (0.030)]l_bij: 1.3647e+02 l_orth: 1.3432e+02 l_align: 9.6411e+01 l_total: 3.6720e+02 
2026-06-25 12:04:25,101 INFO: [smal_..][epoch: 17, iter:  14,220, lr:(1.859e-04,)][eta: 0:06:49, time (data): 0.112 (0.029)]l_bij: 7.1740e+01 l_orth: 8.9151e+01 l_align: 8.1114e+01 l_total: 2.4201e+02 
2026-06-25 12:04:27,287 INFO: [smal_..][epoch: 17, iter:  14,240, lr:(1.859e-04,)][eta: 0:06:45, time (data): 0.111 (0.029)]l_bij: 8.5620e+01 l_orth: 9.3486e+01 l_align: 7.7211e+01 l_total: 2.5632e+02 
2026-06-25 12:04:29,601 INFO: [smal_..][epoch: 17, iter:  14,260, lr:(1.859e-04,)][eta: 0:06:42, time (data): 0.112 (0.029)]l_bij: 8.8621e+01 l_orth: 1.0008e+02 l_align: 8.3053e+01 l_total: 2.7176e+02 
2026-06-25 12:04:31,905 INFO: [smal_..][epoch: 17, iter:  14,280, lr:(1.859e-04,)][eta: 0:06:39, time (data): 0.117 (0.028)]l_bij: 1.0386e+02 l_orth: 1.0950e+02 l_align: 8.5071e+01 l_total: 2.9843e+02 
2026-06-25 12:04:34,519 INFO: [smal_..][epoch: 18, iter:  14,300, lr:(1.490e-04,)][eta: 0:06:36, time (data): 0.126 (0.040)]l_bij: 9.9049e+01 l_orth: 1.0402e+02 l_align: 8.3132e+01 l_total: 2.8620e+02 
2026-06-25 12:04:36,574 INFO: [smal_..][epoch: 18, iter:  14,320, lr:(1.490e-04,)][eta: 0:06:32, time (data): 0.117 (0.031)]l_bij: 6.1975e+01 l_orth: 8.4372e+01 l_align: 8.9306e+01 l_total: 2.3565e+02 
2026-06-25 12:04:38,700 INFO: [smal_..][epoch: 18, iter:  14,340, lr:(1.490e-04,)][eta: 0:06:29, time (data): 0.114 (0.027)]l_bij: 7.9730e+01 l_orth: 9.5977e+01 l_align: 8.2637e+01 l_total: 2.5834e+02 
2026-06-25 12:04:40,835 INFO: [smal_..][epoch: 18, iter:  14,360, lr:(1.490e-04,)][eta: 0:06:26, time (data): 0.112 (0.026)]l_bij: 2.7190e+01 l_orth: 6.2109e+01 l_align: 1.0052e+02 l_total: 1.8982e+02 
2026-06-25 12:04:43,034 INFO: [smal_..][epoch: 18, iter:  14,380, lr:(1.490e-04,)][eta: 0:06:22, time (data): 0.112 (0.025)]l_bij: 7.2427e+01 l_orth: 8.7825e+01 l_align: 7.9306e+01 l_total: 2.3956e+02 
2026-06-25 12:04:45,257 INFO: [smal_..][epoch: 18, iter:  14,400, lr:(1.490e-04,)][eta: 0:06:19, time (data): 0.112 (0.025)]l_bij: 9.4948e+01 l_orth: 1.0152e+02 l_align: 8.1489e+01 l_total: 2.7796e+02 
2026-06-25 12:04:47,512 INFO: [smal_..][epoch: 18, iter:  14,420, lr:(1.490e-04,)][eta: 0:06:16, time (data): 0.112 (0.025)]l_bij: 9.1147e+01 l_orth: 9.6942e+01 l_align: 7.8955e+01 l_total: 2.6704e+02 
2026-06-25 12:04:49,669 INFO: [smal_..][epoch: 18, iter:  14,440, lr:(1.490e-04,)][eta: 0:06:12, time (data): 0.111 (0.025)]l_bij: 9.1224e+01 l_orth: 9.6416e+01 l_align: 8.2316e+01 l_total: 2.6996e+02 
2026-06-25 12:04:51,849 INFO: [smal_..][epoch: 18, iter:  14,460, lr:(1.490e-04,)][eta: 0:06:09, time (data): 0.111 (0.025)]l_bij: 6.9294e+01 l_orth: 8.5370e+01 l_align: 8.7070e+01 l_total: 2.4173e+02 
2026-06-25 12:04:54,031 INFO: [smal_..][epoch: 18, iter:  14,480, lr:(1.490e-04,)][eta: 0:06:06, time (data): 0.108 (0.024)]l_bij: 6.8651e+01 l_orth: 8.7248e+01 l_align: 8.3823e+01 l_total: 2.3972e+02 
2026-06-25 12:04:56,275 INFO: [smal_..][epoch: 18, iter:  14,500, lr:(1.490e-04,)][eta: 0:06:03, time (data): 0.111 (0.024)]l_bij: 8.1387e+01 l_orth: 9.4520e+01 l_align: 7.7599e+01 l_total: 2.5351e+02 
2026-06-25 12:04:58,427 INFO: [smal_..][epoch: 18, iter:  14,520, lr:(1.490e-04,)][eta: 0:05:59, time (data): 0.110 (0.024)]l_bij: 9.1750e+01 l_orth: 9.9302e+01 l_align: 8.3225e+01 l_total: 2.7428e+02 
2026-06-25 12:05:00,540 INFO: [smal_..][epoch: 18, iter:  14,540, lr:(1.490e-04,)][eta: 0:05:56, time (data): 0.108 (0.023)]l_bij: 6.0355e+01 l_orth: 8.2097e+01 l_align: 8.5890e+01 l_total: 2.2834e+02 
2026-06-25 12:05:02,650 INFO: [smal_..][epoch: 18, iter:  14,560, lr:(1.490e-04,)][eta: 0:05:53, time (data): 0.108 (0.022)]l_bij: 9.5134e+01 l_orth: 1.0208e+02 l_align: 8.1619e+01 l_total: 2.7884e+02 
2026-06-25 12:05:04,797 INFO: [smal_..][epoch: 18, iter:  14,580, lr:(1.490e-04,)][eta: 0:05:49, time (data): 0.108 (0.022)]l_bij: 1.0438e+02 l_orth: 1.0949e+02 l_align: 9.0446e+01 l_total: 3.0431e+02 
2026-06-25 12:05:07,036 INFO: [smal_..][epoch: 18, iter:  14,600, lr:(1.490e-04,)][eta: 0:05:46, time (data): 0.108 (0.022)]l_bij: 8.1819e+01 l_orth: 8.9375e+01 l_align: 8.0953e+01 l_total: 2.5215e+02 
2026-06-25 12:05:09,182 INFO: [smal_..][epoch: 18, iter:  14,620, lr:(1.490e-04,)][eta: 0:05:43, time (data): 0.108 (0.022)]l_bij: 8.3214e+01 l_orth: 9.0907e+01 l_align: 8.1383e+01 l_total: 2.5550e+02 
2026-06-25 12:05:11,334 INFO: [smal_..][epoch: 18, iter:  14,640, lr:(1.490e-04,)][eta: 0:05:40, time (data): 0.108 (0.022)]l_bij: 9.5029e+01 l_orth: 1.0167e+02 l_align: 8.0365e+01 l_total: 2.7706e+02 
2026-06-25 12:05:13,492 INFO: [smal_..][epoch: 18, iter:  14,660, lr:(1.490e-04,)][eta: 0:05:36, time (data): 0.108 (0.022)]l_bij: 1.0790e+02 l_orth: 1.0878e+02 l_align: 8.8679e+01 l_total: 3.0536e+02 
2026-06-25 12:05:15,643 INFO: [smal_..][epoch: 18, iter:  14,680, lr:(1.490e-04,)][eta: 0:05:33, time (data): 0.106 (0.021)]l_bij: 1.0220e+02 l_orth: 1.0616e+02 l_align: 8.5509e+01 l_total: 2.9386e+02 
2026-06-25 12:05:17,813 INFO: [smal_..][epoch: 18, iter:  14,700, lr:(1.490e-04,)][eta: 0:05:30, time (data): 0.108 (0.023)]l_bij: 6.3200e+01 l_orth: 7.6314e+01 l_align: 7.3582e+01 l_total: 2.1310e+02 
2026-06-25 12:05:19,910 INFO: [smal_..][epoch: 18, iter:  14,720, lr:(1.490e-04,)][eta: 0:05:27, time (data): 0.107 (0.021)]l_bij: 6.8727e+01 l_orth: 8.2757e+01 l_align: 8.3962e+01 l_total: 2.3545e+02 
2026-06-25 12:05:22,038 INFO: [smal_..][epoch: 18, iter:  14,740, lr:(1.490e-04,)][eta: 0:05:23, time (data): 0.106 (0.021)]l_bij: 7.7362e+01 l_orth: 8.6304e+01 l_align: 7.5896e+01 l_total: 2.3956e+02 
2026-06-25 12:05:24,159 INFO: [smal_..][epoch: 18, iter:  14,760, lr:(1.490e-04,)][eta: 0:05:20, time (data): 0.106 (0.021)]l_bij: 8.9543e+01 l_orth: 9.6845e+01 l_align: 8.3213e+01 l_total: 2.6960e+02 
2026-06-25 12:05:26,288 INFO: [smal_..][epoch: 18, iter:  14,780, lr:(1.490e-04,)][eta: 0:05:17, time (data): 0.106 (0.021)]l_bij: 9.8442e+01 l_orth: 1.0424e+02 l_align: 8.8200e+01 l_total: 2.9088e+02 
2026-06-25 12:05:28,418 INFO: [smal_..][epoch: 18, iter:  14,800, lr:(1.490e-04,)][eta: 0:05:14, time (data): 0.106 (0.021)]l_bij: 8.8593e+01 l_orth: 9.6702e+01 l_align: 8.1784e+01 l_total: 2.6708e+02 
2026-06-25 12:05:30,551 INFO: [smal_..][epoch: 18, iter:  14,820, lr:(1.490e-04,)][eta: 0:05:10, time (data): 0.106 (0.021)]l_bij: 4.2181e+01 l_orth: 6.7912e+01 l_align: 9.4569e+01 l_total: 2.0466e+02 
2026-06-25 12:05:32,664 INFO: [smal_..][epoch: 18, iter:  14,840, lr:(1.490e-04,)][eta: 0:05:07, time (data): 0.106 (0.021)]l_bij: 4.0364e+01 l_orth: 6.9239e+01 l_align: 9.3686e+01 l_total: 2.0329e+02 
2026-06-25 12:05:34,774 INFO: [smal_..][epoch: 18, iter:  14,860, lr:(1.490e-04,)][eta: 0:05:04, time (data): 0.106 (0.021)]l_bij: 1.2621e+02 l_orth: 1.2741e+02 l_align: 9.7869e+01 l_total: 3.5149e+02 
2026-06-25 12:05:36,876 INFO: [smal_..][epoch: 18, iter:  14,880, lr:(1.490e-04,)][eta: 0:05:01, time (data): 0.106 (0.023)]l_bij: 7.5121e+01 l_orth: 8.9903e+01 l_align: 8.5064e+01 l_total: 2.5009e+02 
2026-06-25 12:05:39,024 INFO: [smal_..][epoch: 18, iter:  14,900, lr:(1.490e-04,)][eta: 0:04:57, time (data): 0.107 (0.022)]l_bij: 8.0631e+01 l_orth: 8.9689e+01 l_align: 8.0863e+01 l_total: 2.5118e+02 
2026-06-25 12:05:41,182 INFO: [smal_..][epoch: 18, iter:  14,920, lr:(1.490e-04,)][eta: 0:04:54, time (data): 0.107 (0.021)]l_bij: 5.8431e+01 l_orth: 8.0466e+01 l_align: 8.8986e+01 l_total: 2.2788e+02 
2026-06-25 12:05:43,341 INFO: [smal_..][epoch: 18, iter:  14,940, lr:(1.490e-04,)][eta: 0:04:51, time (data): 0.108 (0.022)]l_bij: 1.0393e+02 l_orth: 1.0776e+02 l_align: 8.5162e+01 l_total: 2.9684e+02 
2026-06-25 12:05:45,519 INFO: [smal_..][epoch: 18, iter:  14,960, lr:(1.490e-04,)][eta: 0:04:48, time (data): 0.108 (0.022)]l_bij: 7.9336e+01 l_orth: 9.2939e+01 l_align: 7.9659e+01 l_total: 2.5193e+02 
2026-06-25 12:05:47,693 INFO: [smal_..][epoch: 18, iter:  14,980, lr:(1.490e-04,)][eta: 0:04:45, time (data): 0.108 (0.023)]l_bij: 9.2664e+01 l_orth: 9.9221e+01 l_align: 7.9498e+01 l_total: 2.7138e+02 
2026-06-25 12:05:49,886 INFO: [smal_..][epoch: 18, iter:  15,000, lr:(1.490e-04,)][eta: 0:04:41, time (data): 0.108 (0.023)]l_bij: 8.4208e+01 l_orth: 9.7435e+01 l_align: 8.0967e+01 l_total: 2.6261e+02 
2026-06-25 12:05:51,984 INFO: [smal_..][epoch: 18, iter:  15,020, lr:(1.490e-04,)][eta: 0:04:38, time (data): 0.108 (0.022)]l_bij: 7.1378e+01 l_orth: 8.6432e+01 l_align: 8.3227e+01 l_total: 2.4104e+02 
2026-06-25 12:05:54,220 INFO: [smal_..][epoch: 18, iter:  15,040, lr:(1.490e-04,)][eta: 0:04:35, time (data): 0.108 (0.023)]l_bij: 7.1680e+01 l_orth: 8.5630e+01 l_align: 7.7839e+01 l_total: 2.3515e+02 
2026-06-25 12:05:56,358 INFO: [smal_..][epoch: 18, iter:  15,060, lr:(1.490e-04,)][eta: 0:04:32, time (data): 0.108 (0.022)]l_bij: 9.3986e+01 l_orth: 1.0099e+02 l_align: 8.6938e+01 l_total: 2.8192e+02 
2026-06-25 12:05:58,465 INFO: [smal_..][epoch: 18, iter:  15,080, lr:(1.490e-04,)][eta: 0:04:28, time (data): 0.108 (0.023)]l_bij: 9.3492e+00 l_orth: 5.1082e+01 l_align: 1.0365e+02 l_total: 1.6408e+02 
2026-06-25 12:06:00,619 INFO: [smal_..][epoch: 18, iter:  15,100, lr:(1.490e-04,)][eta: 0:04:25, time (data): 0.108 (0.022)]l_bij: 1.2896e+02 l_orth: 1.2827e+02 l_align: 9.6919e+01 l_total: 3.5415e+02 
2026-06-25 12:06:02,759 INFO: [smal_..][epoch: 18, iter:  15,120, lr:(1.490e-04,)][eta: 0:04:22, time (data): 0.107 (0.022)]l_bij: 7.8455e+01 l_orth: 9.0260e+01 l_align: 8.2546e+01 l_total: 2.5126e+02 
2026-06-25 12:06:05,161 INFO: [smal_..][epoch: 19, iter:  15,140, lr:(1.220e-04,)][eta: 0:04:19, time (data): 0.111 (0.026)]l_bij: 1.0351e+02 l_orth: 1.0909e+02 l_align: 8.6113e+01 l_total: 2.9871e+02 
2026-06-25 12:06:07,360 INFO: [smal_..][epoch: 19, iter:  15,160, lr:(1.220e-04,)][eta: 0:04:16, time (data): 0.111 (0.025)]l_bij: 1.2649e+02 l_orth: 1.2404e+02 l_align: 8.8128e+01 l_total: 3.3866e+02 
2026-06-25 12:06:09,593 INFO: [smal_..][epoch: 19, iter:  15,180, lr:(1.220e-04,)][eta: 0:04:13, time (data): 0.111 (0.026)]l_bij: 1.3049e+02 l_orth: 1.3126e+02 l_align: 9.7225e+01 l_total: 3.5898e+02 
2026-06-25 12:06:11,739 INFO: [smal_..][epoch: 19, iter:  15,200, lr:(1.220e-04,)][eta: 0:04:09, time (data): 0.110 (0.026)]l_bij: 8.9034e+01 l_orth: 9.7550e+01 l_align: 8.8269e+01 l_total: 2.7485e+02 
2026-06-25 12:06:13,805 INFO: [smal_..][epoch: 19, iter:  15,220, lr:(1.220e-04,)][eta: 0:04:06, time (data): 0.109 (0.025)]l_bij: 6.6783e+01 l_orth: 8.4788e+01 l_align: 8.0713e+01 l_total: 2.3228e+02 
2026-06-25 12:06:15,946 INFO: [smal_..][epoch: 19, iter:  15,240, lr:(1.220e-04,)][eta: 0:04:03, time (data): 0.109 (0.025)]l_bij: 8.2759e+01 l_orth: 9.4057e+01 l_align: 8.0141e+01 l_total: 2.5696e+02 
2026-06-25 12:06:18,061 INFO: [smal_..][epoch: 19, iter:  15,260, lr:(1.220e-04,)][eta: 0:04:00, time (data): 0.109 (0.025)]l_bij: 6.9666e+00 l_orth: 4.9477e+01 l_align: 1.0117e+02 l_total: 1.5761e+02 
2026-06-25 12:06:20,213 INFO: [smal_..][epoch: 19, iter:  15,280, lr:(1.220e-04,)][eta: 0:03:57, time (data): 0.107 (0.025)]l_bij: 9.5214e+01 l_orth: 1.0451e+02 l_align: 8.5363e+01 l_total: 2.8509e+02 
2026-06-25 12:06:22,384 INFO: [smal_..][epoch: 19, iter:  15,300, lr:(1.220e-04,)][eta: 0:03:53, time (data): 0.108 (0.026)]l_bij: 9.5511e+01 l_orth: 1.0372e+02 l_align: 8.0715e+01 l_total: 2.7994e+02 
2026-06-25 12:06:24,538 INFO: [smal_..][epoch: 19, iter:  15,320, lr:(1.220e-04,)][eta: 0:03:50, time (data): 0.108 (0.026)]l_bij: 1.0054e+02 l_orth: 1.0810e+02 l_align: 8.6961e+01 l_total: 2.9560e+02 
2026-06-25 12:06:26,682 INFO: [smal_..][epoch: 19, iter:  15,340, lr:(1.220e-04,)][eta: 0:03:47, time (data): 0.108 (0.026)]l_bij: 9.0389e+01 l_orth: 9.8544e+01 l_align: 7.8173e+01 l_total: 2.6711e+02 
2026-06-25 12:06:28,899 INFO: [smal_..][epoch: 19, iter:  15,360, lr:(1.220e-04,)][eta: 0:03:44, time (data): 0.108 (0.026)]l_bij: 4.6633e+01 l_orth: 7.1464e+01 l_align: 8.7185e+01 l_total: 2.0528e+02 
2026-06-25 12:06:31,110 INFO: [smal_..][epoch: 19, iter:  15,380, lr:(1.220e-04,)][eta: 0:03:41, time (data): 0.109 (0.027)]l_bij: 7.9965e+01 l_orth: 9.0016e+01 l_align: 8.2459e+01 l_total: 2.5244e+02 
2026-06-25 12:06:33,350 INFO: [smal_..][epoch: 19, iter:  15,400, lr:(1.220e-04,)][eta: 0:03:38, time (data): 0.109 (0.027)]l_bij: 1.0073e+02 l_orth: 1.0952e+02 l_align: 8.5099e+01 l_total: 2.9534e+02 
2026-06-25 12:06:35,494 INFO: [smal_..][epoch: 19, iter:  15,420, lr:(1.220e-04,)][eta: 0:03:34, time (data): 0.109 (0.027)]l_bij: 7.3676e+01 l_orth: 8.5768e+01 l_align: 7.9761e+01 l_total: 2.3921e+02 
2026-06-25 12:06:37,657 INFO: [smal_..][epoch: 19, iter:  15,440, lr:(1.220e-04,)][eta: 0:03:31, time (data): 0.109 (0.027)]l_bij: 8.3849e+01 l_orth: 9.8353e+01 l_align: 8.0890e+01 l_total: 2.6309e+02 
2026-06-25 12:06:39,790 INFO: [smal_..][epoch: 19, iter:  15,460, lr:(1.220e-04,)][eta: 0:03:28, time (data): 0.109 (0.026)]l_bij: 1.2362e+02 l_orth: 1.2529e+02 l_align: 9.6481e+01 l_total: 3.4540e+02 
2026-06-25 12:06:41,805 INFO: [smal_..][epoch: 19, iter:  15,480, lr:(1.220e-04,)][eta: 0:03:25, time (data): 0.101 (0.020)]l_bij: 1.0454e+02 l_orth: 1.1004e+02 l_align: 8.4678e+01 l_total: 2.9926e+02 
2026-06-25 12:06:43,900 INFO: [smal_..][epoch: 19, iter:  15,500, lr:(1.220e-04,)][eta: 0:03:22, time (data): 0.104 (0.022)]l_bij: 8.9069e+01 l_orth: 9.8930e+01 l_align: 8.5553e+01 l_total: 2.7355e+02 
2026-06-25 12:06:46,212 INFO: [smal_..][epoch: 19, iter:  15,520, lr:(1.220e-04,)][eta: 0:03:19, time (data): 0.109 (0.025)]l_bij: 7.0324e+01 l_orth: 8.4370e+01 l_align: 7.7206e+01 l_total: 2.3190e+02 
2026-06-25 12:06:48,443 INFO: [smal_..][epoch: 19, iter:  15,540, lr:(1.220e-04,)][eta: 0:03:16, time (data): 0.110 (0.026)]l_bij: 8.6607e+01 l_orth: 9.4634e+01 l_align: 8.1278e+01 l_total: 2.6252e+02 
2026-06-25 12:06:50,625 INFO: [smal_..][epoch: 19, iter:  15,560, lr:(1.220e-04,)][eta: 0:03:12, time (data): 0.110 (0.026)]l_bij: 8.8390e+01 l_orth: 9.5776e+01 l_align: 8.3036e+01 l_total: 2.6720e+02 
2026-06-25 12:06:52,719 INFO: [smal_..][epoch: 19, iter:  15,580, lr:(1.220e-04,)][eta: 0:03:09, time (data): 0.109 (0.026)]l_bij: 7.2653e+01 l_orth: 8.3796e+01 l_align: 7.4118e+01 l_total: 2.3057e+02 
2026-06-25 12:06:54,811 INFO: [smal_..][epoch: 19, iter:  15,600, lr:(1.220e-04,)][eta: 0:03:06, time (data): 0.108 (0.025)]l_bij: 9.6814e+01 l_orth: 1.0368e+02 l_align: 8.3008e+01 l_total: 2.8350e+02 
2026-06-25 12:06:56,864 INFO: [smal_..][epoch: 19, iter:  15,620, lr:(1.220e-04,)][eta: 0:03:03, time (data): 0.107 (0.024)]l_bij: 8.8799e+01 l_orth: 9.5882e+01 l_align: 8.0374e+01 l_total: 2.6506e+02 
2026-06-25 12:06:59,054 INFO: [smal_..][epoch: 19, iter:  15,640, lr:(1.220e-04,)][eta: 0:03:00, time (data): 0.108 (0.025)]l_bij: 8.5492e+01 l_orth: 9.0956e+01 l_align: 7.8678e+01 l_total: 2.5513e+02 
2026-06-25 12:07:01,220 INFO: [smal_..][epoch: 19, iter:  15,660, lr:(1.220e-04,)][eta: 0:02:57, time (data): 0.108 (0.025)]l_bij: 9.5320e+01 l_orth: 1.0072e+02 l_align: 8.6209e+01 l_total: 2.8225e+02 
2026-06-25 12:07:03,385 INFO: [smal_..][epoch: 19, iter:  15,680, lr:(1.220e-04,)][eta: 0:02:54, time (data): 0.113 (0.031)]l_bij: 9.7188e+01 l_orth: 1.0308e+02 l_align: 8.4513e+01 l_total: 2.8478e+02 
2026-06-25 12:07:05,605 INFO: [smal_..][epoch: 19, iter:  15,700, lr:(1.220e-04,)][eta: 0:02:51, time (data): 0.111 (0.028)]l_bij: 8.6817e+01 l_orth: 9.5466e+01 l_align: 8.6612e+01 l_total: 2.6889e+02 
2026-06-25 12:07:07,760 INFO: [smal_..][epoch: 19, iter:  15,720, lr:(1.220e-04,)][eta: 0:02:47, time (data): 0.109 (0.027)]l_bij: 7.0397e+01 l_orth: 8.4455e+01 l_align: 7.9982e+01 l_total: 2.3483e+02 
2026-06-25 12:07:09,974 INFO: [smal_..][epoch: 19, iter:  15,740, lr:(1.220e-04,)][eta: 0:02:44, time (data): 0.110 (0.027)]l_bij: 7.8365e+01 l_orth: 8.9769e+01 l_align: 8.9442e+01 l_total: 2.5758e+02 
2026-06-25 12:07:12,129 INFO: [smal_..][epoch: 19, iter:  15,760, lr:(1.220e-04,)][eta: 0:02:41, time (data): 0.109 (0.027)]l_bij: 4.2753e+01 l_orth: 6.7710e+01 l_align: 8.5157e+01 l_total: 1.9562e+02 
2026-06-25 12:07:14,265 INFO: [smal_..][epoch: 19, iter:  15,780, lr:(1.220e-04,)][eta: 0:02:38, time (data): 0.109 (0.026)]l_bij: 1.0715e+02 l_orth: 1.0918e+02 l_align: 8.7278e+01 l_total: 3.0361e+02 
2026-06-25 12:07:16,455 INFO: [smal_..][epoch: 19, iter:  15,800, lr:(1.220e-04,)][eta: 0:02:35, time (data): 0.109 (0.026)]l_bij: 5.2917e+01 l_orth: 7.3994e+01 l_align: 8.6081e+01 l_total: 2.1299e+02 
2026-06-25 12:07:18,611 INFO: [smal_..][epoch: 19, iter:  15,820, lr:(1.220e-04,)][eta: 0:02:32, time (data): 0.109 (0.026)]l_bij: 8.7874e+01 l_orth: 9.4670e+01 l_align: 7.7658e+01 l_total: 2.6020e+02 
2026-06-25 12:07:20,767 INFO: [smal_..][epoch: 19, iter:  15,840, lr:(1.220e-04,)][eta: 0:02:29, time (data): 0.109 (0.026)]l_bij: 1.1867e+02 l_orth: 1.1823e+02 l_align: 7.9805e+01 l_total: 3.1671e+02 
2026-06-25 12:07:22,839 INFO: [smal_..][epoch: 19, iter:  15,860, lr:(1.220e-04,)][eta: 0:02:26, time (data): 0.108 (0.026)]l_bij: 8.5720e+01 l_orth: 9.6696e+01 l_align: 8.3365e+01 l_total: 2.6578e+02 
2026-06-25 12:07:24,975 INFO: [smal_..][epoch: 19, iter:  15,880, lr:(1.220e-04,)][eta: 0:02:23, time (data): 0.105 (0.022)]l_bij: 8.5169e+01 l_orth: 9.4194e+01 l_align: 7.9011e+01 l_total: 2.5837e+02 
2026-06-25 12:07:27,132 INFO: [smal_..][epoch: 19, iter:  15,900, lr:(1.220e-04,)][eta: 0:02:19, time (data): 0.108 (0.025)]l_bij: 3.9270e+01 l_orth: 6.7349e+01 l_align: 9.3210e+01 l_total: 1.9983e+02 
2026-06-25 12:07:29,304 INFO: [smal_..][epoch: 19, iter:  15,920, lr:(1.220e-04,)][eta: 0:02:16, time (data): 0.108 (0.026)]l_bij: 9.3917e+01 l_orth: 9.9633e+01 l_align: 7.6670e+01 l_total: 2.7022e+02 
2026-06-25 12:07:31,419 INFO: [smal_..][epoch: 19, iter:  15,940, lr:(1.220e-04,)][eta: 0:02:13, time (data): 0.107 (0.025)]l_bij: 1.0386e+02 l_orth: 1.0689e+02 l_align: 8.9188e+01 l_total: 2.9994e+02 
2026-06-25 12:07:33,567 INFO: [smal_..][epoch: 19, iter:  15,960, lr:(1.220e-04,)][eta: 0:02:10, time (data): 0.107 (0.025)]l_bij: 8.0131e+00 l_orth: 5.1310e+01 l_align: 1.0951e+02 l_total: 1.6883e+02 
2026-06-25 12:07:35,984 INFO: [smal_..][epoch: 20, iter:  15,980, lr:(1.055e-04,)][eta: 0:02:07, time (data): 0.110 (0.028)]l_bij: 8.7181e+01 l_orth: 9.3297e+01 l_align: 7.4401e+01 l_total: 2.5488e+02 
2026-06-25 12:07:38,006 INFO: [smal_..][epoch: 20, iter:  16,000, lr:(1.055e-04,)][eta: 0:02:04, time (data): 0.108 (0.026)]l_bij: 1.3024e+02 l_orth: 1.3180e+02 l_align: 9.3709e+01 l_total: 3.5575e+02 
2026-06-25 12:07:38,007 INFO: Saving models and training states.
2026-06-25 12:07:38,027 INFO: Start validation.
2026-06-25 12:07:38,845 INFO: avg err:0.0000 | err:0.0000 | cougar_01 cougar_01
2026-06-25 12:07:38,999 INFO: avg err:0.0085 | err:0.0171 | cougar_01 cougar_02
2026-06-25 12:07:39,365 INFO: avg err:0.0114 | err:0.0173 | cougar_01 cougar_03
2026-06-25 12:07:39,516 INFO: avg err:0.0136 | err:0.0200 | cougar_01 cougar_04
2026-06-25 12:07:39,874 INFO: avg err:0.0413 | err:0.1520 | cougar_01 hippo_01
2026-06-25 12:07:40,028 INFO: avg err:0.0522 | err:0.1066 | cougar_01 hippo_02
2026-06-25 12:07:40,371 INFO: avg err:0.0725 | err:0.1947 | cougar_01 hippo_03
2026-06-25 12:07:40,524 INFO: avg err:0.0777 | err:0.1140 | cougar_01 hippo_04
2026-06-25 12:07:40,878 INFO: avg err:0.0799 | err:0.0978 | cougar_01 hippo_05
2026-06-25 12:07:41,031 INFO: avg err:0.0989 | err:0.2698 | cougar_01 hippo_06
2026-06-25 12:07:41,387 INFO: avg err:0.0929 | err:0.0330 | cougar_01 horse_01
2026-06-25 12:07:41,543 INFO: avg err:0.0913 | err:0.0729 | cougar_01 horse_02
2026-06-25 12:07:41,886 INFO: avg err:0.0866 | err:0.0303 | cougar_01 horse_03
2026-06-25 12:07:42,040 INFO: avg err:0.0829 | err:0.0347 | cougar_01 horse_04
2026-06-25 12:07:42,407 INFO: avg err:0.0916 | err:0.2137 | cougar_01 horse_05
2026-06-25 12:07:42,560 INFO: avg err:0.0915 | err:0.0909 | cougar_01 horse_06
2026-06-25 12:07:42,938 INFO: avg err:0.0884 | err:0.0372 | cougar_01 horse_07
2026-06-25 12:07:43,091 INFO: avg err:0.0887 | err:0.0938 | cougar_01 horse_08
2026-06-25 12:07:43,479 INFO: avg err:0.0861 | err:0.0404 | cougar_01 horse_09
2026-06-25 12:07:43,639 INFO: avg err:0.0861 | err:0.0867 | cougar_01 horse_10
2026-06-25 12:07:43,996 INFO: avg err:0.0828 | err:0.0169 | cougar_02 cougar_01
2026-06-25 12:07:44,154 INFO: avg err:0.0791 | err:0.0000 | cougar_02 cougar_02
2026-06-25 12:07:44,510 INFO: avg err:0.0765 | err:0.0199 | cougar_02 cougar_03
2026-06-25 12:07:44,670 INFO: avg err:0.0743 | err:0.0246 | cougar_02 cougar_04
2026-06-25 12:07:45,008 INFO: avg err:0.0763 | err:0.1229 | cougar_02 hippo_01
2026-06-25 12:07:45,167 INFO: avg err:0.0780 | err:0.1213 | cougar_02 hippo_02
2026-06-25 12:07:45,509 INFO: avg err:0.0818 | err:0.1804 | cougar_02 hippo_03
2026-06-25 12:07:45,663 INFO: avg err:0.0829 | err:0.1124 | cougar_02 hippo_04
2026-06-25 12:07:46,008 INFO: avg err:0.0837 | err:0.1074 | cougar_02 hippo_05
2026-06-25 12:07:46,162 INFO: avg err:0.0901 | err:0.2739 | cougar_02 hippo_06
2026-06-25 12:07:46,511 INFO: avg err:0.0890 | err:0.0552 | cougar_02 horse_01
2026-06-25 12:07:46,669 INFO: avg err:0.0876 | err:0.0452 | cougar_02 horse_02
2026-06-25 12:07:47,014 INFO: avg err:0.0866 | err:0.0552 | cougar_02 horse_03
2026-06-25 12:07:47,172 INFO: avg err:0.0853 | err:0.0419 | cougar_02 horse_04
2026-06-25 12:07:47,514 INFO: avg err:0.0892 | err:0.2214 | cougar_02 horse_05
2026-06-25 12:07:47,668 INFO: avg err:0.0906 | err:0.1421 | cougar_02 horse_06
2026-06-25 12:07:48,014 INFO: avg err:0.0908 | err:0.0959 | cougar_02 horse_07
2026-06-25 12:07:48,166 INFO: avg err:0.0901 | err:0.0649 | cougar_02 horse_08
2026-06-25 12:07:48,515 INFO: avg err:0.0893 | err:0.0584 | cougar_02 horse_09
2026-06-25 12:07:48,669 INFO: avg err:0.0891 | err:0.0834 | cougar_02 horse_10
2026-06-25 12:07:49,016 INFO: avg err:0.0874 | err:0.0184 | cougar_03 cougar_01
2026-06-25 12:07:49,168 INFO: avg err:0.0858 | err:0.0209 | cougar_03 cougar_02
2026-06-25 12:07:49,533 INFO: avg err:0.0838 | err:0.0000 | cougar_03 cougar_03
2026-06-25 12:07:49,686 INFO: avg err:0.0825 | err:0.0264 | cougar_03 cougar_04
2026-06-25 12:07:50,032 INFO: avg err:0.0838 | err:0.1400 | cougar_03 hippo_01
2026-06-25 12:07:50,183 INFO: avg err:0.0845 | err:0.1163 | cougar_03 hippo_02
2026-06-25 12:07:50,532 INFO: avg err:0.0873 | err:0.2136 | cougar_03 hippo_03
2026-06-25 12:07:50,688 INFO: avg err:0.0884 | err:0.1435 | cougar_03 hippo_04
2026-06-25 12:07:51,034 INFO: avg err:0.0890 | err:0.1182 | cougar_03 hippo_05
2026-06-25 12:07:51,186 INFO: avg err:0.0923 | err:0.2514 | cougar_03 hippo_06
2026-06-25 12:07:51,535 INFO: avg err:0.0912 | err:0.0379 | cougar_03 horse_01
2026-06-25 12:07:51,691 INFO: avg err:0.0904 | err:0.0470 | cougar_03 horse_02
2026-06-25 12:07:52,050 INFO: avg err:0.0892 | err:0.0303 | cougar_03 horse_03
2026-06-25 12:07:52,204 INFO: avg err:0.0883 | err:0.0365 | cougar_03 horse_04
2026-06-25 12:07:52,563 INFO: avg err:0.0923 | err:0.3125 | cougar_03 horse_05
2026-06-25 12:07:52,717 INFO: avg err:0.0922 | err:0.0865 | cougar_03 horse_06
2026-06-25 12:07:53,071 INFO: avg err:0.0913 | err:0.0371 | cougar_03 horse_07
2026-06-25 12:07:53,224 INFO: avg err:0.0917 | err:0.1178 | cougar_03 horse_08
2026-06-25 12:07:53,586 INFO: avg err:0.0912 | err:0.0614 | cougar_03 horse_09
2026-06-25 12:07:53,738 INFO: avg err:0.0906 | err:0.0569 | cougar_03 horse_10
2026-06-25 12:07:54,117 INFO: avg err:0.0895 | err:0.0195 | cougar_04 cougar_01
2026-06-25 12:07:54,269 INFO: avg err:0.0884 | err:0.0247 | cougar_04 cougar_02
2026-06-25 12:07:54,632 INFO: avg err:0.0874 | err:0.0254 | cougar_04 cougar_03
2026-06-25 12:07:54,784 INFO: avg err:0.0861 | err:0.0000 | cougar_04 cougar_04
2026-06-25 12:07:55,152 INFO: avg err:0.0867 | err:0.1282 | cougar_04 hippo_01
2026-06-25 12:07:55,303 INFO: avg err:0.0870 | err:0.1041 | cougar_04 hippo_02
2026-06-25 12:07:55,680 INFO: avg err:0.0888 | err:0.2059 | cougar_04 hippo_03
2026-06-25 12:07:55,831 INFO: avg err:0.0893 | err:0.1283 | cougar_04 hippo_04
2026-06-25 12:07:56,178 INFO: avg err:0.0895 | err:0.0979 | cougar_04 hippo_05
2026-06-25 12:07:56,330 INFO: avg err:0.0921 | err:0.2722 | cougar_04 hippo_06
2026-06-25 12:07:56,688 INFO: avg err:0.0912 | err:0.0316 | cougar_04 horse_01
2026-06-25 12:07:56,842 INFO: avg err:0.0910 | err:0.0754 | cougar_04 horse_02
2026-06-25 12:07:57,212 INFO: avg err:0.0901 | err:0.0280 | cougar_04 horse_03
2026-06-25 12:07:57,363 INFO: avg err:0.0894 | err:0.0383 | cougar_04 horse_04
2026-06-25 12:07:57,729 INFO: avg err:0.0914 | err:0.2399 | cougar_04 horse_05
2026-06-25 12:07:57,880 INFO: avg err:0.0913 | err:0.0796 | cougar_04 horse_06
2026-06-25 12:07:58,264 INFO: avg err:0.0911 | err:0.0743 | cougar_04 horse_07
2026-06-25 12:07:58,416 INFO: avg err:0.0910 | err:0.0876 | cougar_04 horse_08
2026-06-25 12:07:58,752 INFO: avg err:0.0903 | err:0.0356 | cougar_04 horse_09
2026-06-25 12:07:58,910 INFO: avg err:0.0902 | err:0.0777 | cougar_04 horse_10
2026-06-25 12:07:59,268 INFO: avg err:0.0898 | err:0.0623 | hippo_01 cougar_01
2026-06-25 12:07:59,423 INFO: avg err:0.0896 | err:0.0703 | hippo_01 cougar_02
2026-06-25 12:07:59,780 INFO: avg err:0.0894 | err:0.0740 | hippo_01 cougar_03
2026-06-25 12:07:59,937 INFO: avg err:0.0891 | err:0.0670 | hippo_01 cougar_04
2026-06-25 12:08:00,309 INFO: avg err:0.0881 | err:0.0000 | hippo_01 hippo_01
2026-06-25 12:08:00,461 INFO: avg err:0.0875 | err:0.0376 | hippo_01 hippo_02
2026-06-25 12:08:00,817 INFO: avg err:0.0870 | err:0.0445 | hippo_01 hippo_03
2026-06-25 12:08:00,972 INFO: avg err:0.0862 | err:0.0177 | hippo_01 hippo_04
2026-06-25 12:08:01,328 INFO: avg err:0.0858 | err:0.0516 | hippo_01 hippo_05
2026-06-25 12:08:01,480 INFO: avg err:0.0851 | err:0.0188 | hippo_01 hippo_06
2026-06-25 12:08:01,844 INFO: avg err:0.0851 | err:0.0834 | hippo_01 horse_01
2026-06-25 12:08:01,995 INFO: avg err:0.0855 | err:0.1220 | hippo_01 horse_02
2026-06-25 12:08:02,367 INFO: avg err:0.0854 | err:0.0823 | hippo_01 horse_03
2026-06-25 12:08:02,518 INFO: avg err:0.0854 | err:0.0864 | hippo_01 horse_04
2026-06-25 12:08:02,894 INFO: avg err:0.0865 | err:0.1889 | hippo_01 horse_05
2026-06-25 12:08:03,060 INFO: avg err:0.0871 | err:0.1378 | hippo_01 horse_06
2026-06-25 12:08:03,402 INFO: avg err:0.0875 | err:0.1329 | hippo_01 horse_07
2026-06-25 12:08:03,554 INFO: avg err:0.0881 | err:0.1467 | hippo_01 horse_08
2026-06-25 12:08:03,927 INFO: avg err:0.0882 | err:0.0978 | hippo_01 horse_09
2026-06-25 12:08:04,081 INFO: avg err:0.0886 | err:0.1249 | hippo_01 horse_10
2026-06-25 12:08:04,448 INFO: avg err:0.0886 | err:0.0853 | hippo_02 cougar_01
2026-06-25 12:08:04,600 INFO: avg err:0.0886 | err:0.0880 | hippo_02 cougar_02
2026-06-25 12:08:04,956 INFO: avg err:0.0886 | err:0.0927 | hippo_02 cougar_03
2026-06-25 12:08:05,112 INFO: avg err:0.0886 | err:0.0838 | hippo_02 cougar_04
2026-06-25 12:08:05,454 INFO: avg err:0.0880 | err:0.0351 | hippo_02 hippo_01
2026-06-25 12:08:05,612 INFO: avg err:0.0872 | err:0.0000 | hippo_02 hippo_02
2026-06-25 12:08:05,955 INFO: avg err:0.0876 | err:0.1309 | hippo_02 hippo_03
2026-06-25 12:08:06,112 INFO: avg err:0.0875 | err:0.0701 | hippo_02 hippo_04
2026-06-25 12:08:06,449 INFO: avg err:0.0869 | err:0.0300 | hippo_02 hippo_05
2026-06-25 12:08:06,601 INFO: avg err:0.0868 | err:0.0733 | hippo_02 hippo_06
2026-06-25 12:08:06,951 INFO: avg err:0.0867 | err:0.0787 | hippo_02 horse_01
2026-06-25 12:08:07,103 INFO: avg err:0.0867 | err:0.0833 | hippo_02 horse_02
2026-06-25 12:08:07,453 INFO: avg err:0.0867 | err:0.0822 | hippo_02 horse_03
2026-06-25 12:08:07,605 INFO: avg err:0.0867 | err:0.0874 | hippo_02 horse_04
2026-06-25 12:08:07,949 INFO: avg err:0.0878 | err:0.2216 | hippo_02 horse_05
2026-06-25 12:08:08,101 INFO: avg err:0.0882 | err:0.1347 | hippo_02 horse_06
2026-06-25 12:08:08,446 INFO: avg err:0.0883 | err:0.0933 | hippo_02 horse_07
2026-06-25 12:08:08,597 INFO: avg err:0.0889 | err:0.1576 | hippo_02 horse_08
2026-06-25 12:08:08,948 INFO: avg err:0.0889 | err:0.0916 | hippo_02 horse_09
2026-06-25 12:08:09,103 INFO: avg err:0.0890 | err:0.0966 | hippo_02 horse_10
2026-06-25 12:08:09,452 INFO: avg err:0.0890 | err:0.0893 | hippo_03 cougar_01
2026-06-25 12:08:09,606 INFO: avg err:0.0891 | err:0.1030 | hippo_03 cougar_02
2026-06-25 12:08:09,944 INFO: avg err:0.0893 | err:0.1145 | hippo_03 cougar_03
2026-06-25 12:08:10,096 INFO: avg err:0.0894 | err:0.0966 | hippo_03 cougar_04
2026-06-25 12:08:10,442 INFO: avg err:0.0890 | err:0.0410 | hippo_03 hippo_01
2026-06-25 12:08:10,595 INFO: avg err:0.0889 | err:0.0819 | hippo_03 hippo_02
2026-06-25 12:08:10,937 INFO: avg err:0.0882 | err:0.0000 | hippo_03 hippo_03
2026-06-25 12:08:11,089 INFO: avg err:0.0877 | err:0.0205 | hippo_03 hippo_04
2026-06-25 12:08:11,437 INFO: avg err:0.0878 | err:0.1061 | hippo_03 hippo_05
2026-06-25 12:08:11,589 INFO: avg err:0.0874 | err:0.0287 | hippo_03 hippo_06
2026-06-25 12:08:11,935 INFO: avg err:0.0875 | err:0.1064 | hippo_03 horse_01
2026-06-25 12:08:12,088 INFO: avg err:0.0879 | err:0.1390 | hippo_03 horse_02
2026-06-25 12:08:12,430 INFO: avg err:0.0880 | err:0.1020 | hippo_03 horse_03
2026-06-25 12:08:12,583 INFO: avg err:0.0881 | err:0.1032 | hippo_03 horse_04
2026-06-25 12:08:12,930 INFO: avg err:0.0894 | err:0.2588 | hippo_03 horse_05
2026-06-25 12:08:13,084 INFO: avg err:0.0899 | err:0.1639 | hippo_03 horse_06
2026-06-25 12:08:13,427 INFO: avg err:0.0904 | err:0.1573 | hippo_03 horse_07
2026-06-25 12:08:13,579 INFO: avg err:0.0911 | err:0.1802 | hippo_03 horse_08
2026-06-25 12:08:13,927 INFO: avg err:0.0913 | err:0.1244 | hippo_03 horse_09
2026-06-25 12:08:14,082 INFO: avg err:0.0917 | err:0.1476 | hippo_03 horse_10
2026-06-25 12:08:14,426 INFO: avg err:0.0917 | err:0.0888 | hippo_04 cougar_01
2026-06-25 12:08:14,577 INFO: avg err:0.0918 | err:0.1041 | hippo_04 cougar_02
2026-06-25 12:08:14,922 INFO: avg err:0.0917 | err:0.0764 | hippo_04 cougar_03
2026-06-25 12:08:15,074 INFO: avg err:0.0916 | err:0.0746 | hippo_04 cougar_04
2026-06-25 12:08:15,422 INFO: avg err:0.0910 | err:0.0172 | hippo_04 hippo_01
2026-06-25 12:08:15,573 INFO: avg err:0.0908 | err:0.0492 | hippo_04 hippo_02
2026-06-25 12:08:15,922 INFO: avg err:0.0903 | err:0.0219 | hippo_04 hippo_03
2026-06-25 12:08:16,074 INFO: avg err:0.0897 | err:0.0000 | hippo_04 hippo_04
2026-06-25 12:08:16,418 INFO: avg err:0.0894 | err:0.0527 | hippo_04 hippo_05
2026-06-25 12:08:16,570 INFO: avg err:0.0891 | err:0.0445 | hippo_04 hippo_06
2026-06-25 12:08:16,917 INFO: avg err:0.0891 | err:0.0822 | hippo_04 horse_01
2026-06-25 12:08:17,069 INFO: avg err:0.0892 | err:0.1065 | hippo_04 horse_02
2026-06-25 12:08:17,427 INFO: avg err:0.0892 | err:0.0881 | hippo_04 horse_03
2026-06-25 12:08:17,579 INFO: avg err:0.0892 | err:0.0832 | hippo_04 horse_04
2026-06-25 12:08:17,920 INFO: avg err:0.0902 | err:0.2521 | hippo_04 horse_05
2026-06-25 12:08:18,073 INFO: avg err:0.0904 | err:0.1176 | hippo_04 horse_06
2026-06-25 12:08:18,425 INFO: avg err:0.0905 | err:0.1167 | hippo_04 horse_07
2026-06-25 12:08:18,583 INFO: avg err:0.0910 | err:0.1598 | hippo_04 horse_08
2026-06-25 12:08:18,921 INFO: avg err:0.0909 | err:0.0839 | hippo_04 horse_09
2026-06-25 12:08:19,075 INFO: avg err:0.0911 | err:0.1099 | hippo_04 horse_10
2026-06-25 12:08:19,420 INFO: avg err:0.0911 | err:0.0928 | hippo_05 cougar_01
2026-06-25 12:08:19,573 INFO: avg err:0.0911 | err:0.0957 | hippo_05 cougar_02
2026-06-25 12:08:19,916 INFO: avg err:0.0911 | err:0.0948 | hippo_05 cougar_03
2026-06-25 12:08:20,070 INFO: avg err:0.0912 | err:0.0970 | hippo_05 cougar_04
2026-06-25 12:08:20,419 INFO: avg err:0.0910 | err:0.0653 | hippo_05 hippo_01
2026-06-25 12:08:20,572 INFO: avg err:0.0906 | err:0.0239 | hippo_05 hippo_02
2026-06-25 12:08:20,920 INFO: avg err:0.0906 | err:0.0963 | hippo_05 hippo_03
2026-06-25 12:08:21,073 INFO: avg err:0.0905 | err:0.0753 | hippo_05 hippo_04
2026-06-25 12:08:21,422 INFO: avg err:0.0900 | err:0.0000 | hippo_05 hippo_05
2026-06-25 12:08:21,577 INFO: avg err:0.0901 | err:0.1040 | hippo_05 hippo_06
2026-06-25 12:08:21,922 INFO: avg err:0.0901 | err:0.0843 | hippo_05 horse_01
2026-06-25 12:08:22,074 INFO: avg err:0.0901 | err:0.0978 | hippo_05 horse_02
2026-06-25 12:08:22,454 INFO: avg err:0.0901 | err:0.0834 | hippo_05 horse_03
2026-06-25 12:08:22,607 INFO: avg err:0.0901 | err:0.0893 | hippo_05 horse_04
2026-06-25 12:08:22,921 INFO: avg err:0.0908 | err:0.2270 | hippo_05 horse_05
2026-06-25 12:08:23,074 INFO: avg err:0.0910 | err:0.1144 | hippo_05 horse_06
2026-06-25 12:08:23,419 INFO: avg err:0.0911 | err:0.1122 | hippo_05 horse_07
2026-06-25 12:08:23,570 INFO: avg err:0.0913 | err:0.1274 | hippo_05 horse_08
2026-06-25 12:08:23,924 INFO: avg err:0.0913 | err:0.0849 | hippo_05 horse_09
2026-06-25 12:08:24,080 INFO: avg err:0.0913 | err:0.1009 | hippo_05 horse_10
2026-06-25 12:08:24,416 INFO: avg err:0.0917 | err:0.1526 | hippo_06 cougar_01
2026-06-25 12:08:24,568 INFO: avg err:0.0920 | err:0.1568 | hippo_06 cougar_02
2026-06-25 12:08:24,918 INFO: avg err:0.0923 | err:0.1478 | hippo_06 cougar_03
2026-06-25 12:08:25,094 INFO: avg err:0.0927 | err:0.1708 | hippo_06 cougar_04
2026-06-25 12:08:25,430 INFO: avg err:0.0923 | err:0.0165 | hippo_06 hippo_01
2026-06-25 12:08:25,584 INFO: avg err:0.0922 | err:0.0644 | hippo_06 hippo_02
2026-06-25 12:08:25,922 INFO: avg err:0.0920 | err:0.0521 | hippo_06 hippo_03
2026-06-25 12:08:26,078 INFO: avg err:0.0917 | err:0.0337 | hippo_06 hippo_04
2026-06-25 12:08:26,420 INFO: avg err:0.0915 | err:0.0714 | hippo_06 hippo_05
2026-06-25 12:08:26,574 INFO: avg err:0.0911 | err:0.0000 | hippo_06 hippo_06
2026-06-25 12:08:26,922 INFO: avg err:0.0912 | err:0.1171 | hippo_06 horse_01
2026-06-25 12:08:27,075 INFO: avg err:0.0916 | err:0.1714 | hippo_06 horse_02
2026-06-25 12:08:27,434 INFO: avg err:0.0918 | err:0.1174 | hippo_06 horse_03
2026-06-25 12:08:27,599 INFO: avg err:0.0918 | err:0.1051 | hippo_06 horse_04
2026-06-25 12:08:27,953 INFO: avg err:0.0922 | err:0.1640 | hippo_06 horse_05
2026-06-25 12:08:28,116 INFO: avg err:0.0926 | err:0.1628 | hippo_06 horse_06
2026-06-25 12:08:28,522 INFO: avg err:0.0929 | err:0.1689 | hippo_06 horse_07
2026-06-25 12:08:28,682 INFO: avg err:0.0936 | err:0.2201 | hippo_06 horse_08
2026-06-25 12:08:29,039 INFO: avg err:0.0936 | err:0.1069 | hippo_06 horse_09
2026-06-25 12:08:29,218 INFO: avg err:0.0940 | err:0.1666 | hippo_06 horse_10
2026-06-25 12:08:29,563 INFO: avg err:0.0937 | err:0.0397 | horse_01 cougar_01
2026-06-25 12:08:29,720 INFO: avg err:0.0935 | err:0.0517 | horse_01 cougar_02
2026-06-25 12:08:30,088 INFO: avg err:0.0933 | err:0.0468 | horse_01 cougar_03
2026-06-25 12:08:30,244 INFO: avg err:0.0930 | err:0.0401 | horse_01 cougar_04
2026-06-25 12:08:30,600 INFO: avg err:0.0930 | err:0.0783 | horse_01 hippo_01
2026-06-25 12:08:30,755 INFO: avg err:0.0932 | err:0.1323 | horse_01 hippo_02
2026-06-25 12:08:31,114 INFO: avg err:0.0934 | err:0.1434 | horse_01 hippo_03
2026-06-25 12:08:31,266 INFO: avg err:0.0934 | err:0.0819 | horse_01 hippo_04
2026-06-25 12:08:31,625 INFO: avg err:0.0934 | err:0.0986 | horse_01 hippo_05
2026-06-25 12:08:31,782 INFO: avg err:0.0939 | err:0.2034 | horse_01 hippo_06
2026-06-25 12:08:32,123 INFO: avg err:0.0935 | err:0.0000 | horse_01 horse_01
2026-06-25 12:08:32,276 INFO: avg err:0.0931 | err:0.0174 | horse_01 horse_02
2026-06-25 12:08:32,649 INFO: avg err:0.0927 | err:0.0153 | horse_01 horse_03
2026-06-25 12:08:32,807 INFO: avg err:0.0924 | err:0.0217 | horse_01 horse_04
2026-06-25 12:08:33,154 INFO: avg err:0.0930 | err:0.2240 | horse_01 horse_05
2026-06-25 12:08:33,307 INFO: avg err:0.0929 | err:0.0695 | horse_01 horse_06
2026-06-25 12:08:33,648 INFO: avg err:0.0927 | err:0.0532 | horse_01 horse_07
2026-06-25 12:08:33,802 INFO: avg err:0.0926 | err:0.0618 | horse_01 horse_08
2026-06-25 12:08:34,155 INFO: avg err:0.0922 | err:0.0205 | horse_01 horse_09
2026-06-25 12:08:34,308 INFO: avg err:0.0921 | err:0.0659 | horse_01 horse_10
2026-06-25 12:08:34,665 INFO: avg err:0.0919 | err:0.0395 | horse_02 cougar_01
2026-06-25 12:08:34,819 INFO: avg err:0.0917 | err:0.0483 | horse_02 cougar_02
2026-06-25 12:08:35,155 INFO: avg err:0.0915 | err:0.0530 | horse_02 cougar_03
2026-06-25 12:08:35,323 INFO: avg err:0.0913 | err:0.0392 | horse_02 cougar_04
2026-06-25 12:08:35,660 INFO: avg err:0.0913 | err:0.1015 | horse_02 hippo_01
2026-06-25 12:08:35,837 INFO: avg err:0.0916 | err:0.1461 | horse_02 hippo_02
2026-06-25 12:08:36,162 INFO: avg err:0.0920 | err:0.1883 | horse_02 hippo_03
2026-06-25 12:08:36,330 INFO: avg err:0.0919 | err:0.0769 | horse_02 hippo_04
2026-06-25 12:08:36,659 INFO: avg err:0.0921 | err:0.1200 | horse_02 hippo_05
2026-06-25 12:08:36,829 INFO: avg err:0.0926 | err:0.2055 | horse_02 hippo_06
2026-06-25 12:08:37,159 INFO: avg err:0.0922 | err:0.0177 | horse_02 horse_01
2026-06-25 12:08:37,327 INFO: avg err:0.0918 | err:0.0000 | horse_02 horse_02
2026-06-25 12:08:37,654 INFO: avg err:0.0915 | err:0.0124 | horse_02 horse_03
2026-06-25 12:08:37,819 INFO: avg err:0.0912 | err:0.0191 | horse_02 horse_04
2026-06-25 12:08:38,157 INFO: avg err:0.0919 | err:0.2545 | horse_02 horse_05
2026-06-25 12:08:38,321 INFO: avg err:0.0916 | err:0.0213 | horse_02 horse_06
2026-06-25 12:08:38,651 INFO: avg err:0.0913 | err:0.0226 | horse_02 horse_07
2026-06-25 12:08:38,813 INFO: avg err:0.0910 | err:0.0210 | horse_02 horse_08
2026-06-25 12:08:39,154 INFO: avg err:0.0907 | err:0.0213 | horse_02 horse_09
2026-06-25 12:08:39,318 INFO: avg err:0.0904 | err:0.0157 | horse_02 horse_10
2026-06-25 12:08:39,653 INFO: avg err:0.0902 | err:0.0402 | horse_03 cougar_01
2026-06-25 12:08:39,816 INFO: avg err:0.0900 | err:0.0495 | horse_03 cougar_02
2026-06-25 12:08:40,145 INFO: avg err:0.0898 | err:0.0436 | horse_03 cougar_03
2026-06-25 12:08:40,317 INFO: avg err:0.0896 | err:0.0381 | horse_03 cougar_04
2026-06-25 12:08:40,648 INFO: avg err:0.0895 | err:0.0760 | horse_03 hippo_01
2026-06-25 12:08:40,814 INFO: avg err:0.0897 | err:0.1278 | horse_03 hippo_02
2026-06-25 12:08:41,153 INFO: avg err:0.0900 | err:0.1632 | horse_03 hippo_03
2026-06-25 12:08:41,318 INFO: avg err:0.0900 | err:0.0794 | horse_03 hippo_04
2026-06-25 12:08:41,648 INFO: avg err:0.0900 | err:0.1060 | horse_03 hippo_05
2026-06-25 12:08:41,813 INFO: avg err:0.0905 | err:0.2033 | horse_03 hippo_06
2026-06-25 12:08:42,148 INFO: avg err:0.0902 | err:0.0155 | horse_03 horse_01
2026-06-25 12:08:42,317 INFO: avg err:0.0899 | err:0.0126 | horse_03 horse_02
2026-06-25 12:08:42,647 INFO: avg err:0.0895 | err:0.0000 | horse_03 horse_03
2026-06-25 12:08:42,814 INFO: avg err:0.0892 | err:0.0221 | horse_03 horse_04
2026-06-25 12:08:43,143 INFO: avg err:0.0896 | err:0.1817 | horse_03 horse_05
2026-06-25 12:08:43,307 INFO: avg err:0.0893 | err:0.0205 | horse_03 horse_06
2026-06-25 12:08:43,636 INFO: avg err:0.0891 | err:0.0228 | horse_03 horse_07
2026-06-25 12:08:43,799 INFO: avg err:0.0889 | err:0.0301 | horse_03 horse_08
2026-06-25 12:08:44,141 INFO: avg err:0.0886 | err:0.0205 | horse_03 horse_09
2026-06-25 12:08:44,322 INFO: avg err:0.0883 | err:0.0173 | horse_03 horse_10
2026-06-25 12:08:44,635 INFO: avg err:0.0881 | err:0.0407 | horse_04 cougar_01
2026-06-25 12:08:44,837 INFO: avg err:0.0880 | err:0.0488 | horse_04 cougar_02
2026-06-25 12:08:45,132 INFO: avg err:0.0878 | err:0.0452 | horse_04 cougar_03
2026-06-25 12:08:45,344 INFO: avg err:0.0877 | err:0.0455 | horse_04 cougar_04
2026-06-25 12:08:45,634 INFO: avg err:0.0876 | err:0.0829 | horse_04 hippo_01
2026-06-25 12:08:45,847 INFO: avg err:0.0879 | err:0.1607 | horse_04 hippo_02
2026-06-25 12:08:46,139 INFO: avg err:0.0882 | err:0.1683 | horse_04 hippo_03
2026-06-25 12:08:46,347 INFO: avg err:0.0882 | err:0.0800 | horse_04 hippo_04
2026-06-25 12:08:46,623 INFO: avg err:0.0882 | err:0.1000 | horse_04 hippo_05
2026-06-25 12:08:46,851 INFO: avg err:0.0887 | err:0.2129 | horse_04 hippo_06
2026-06-25 12:08:47,147 INFO: avg err:0.0884 | err:0.0216 | horse_04 horse_01
2026-06-25 12:08:47,353 INFO: avg err:0.0882 | err:0.0194 | horse_04 horse_02
2026-06-25 12:08:47,643 INFO: avg err:0.0879 | err:0.0213 | horse_04 horse_03
2026-06-25 12:08:47,853 INFO: avg err:0.0876 | err:0.0000 | horse_04 horse_04
2026-06-25 12:08:48,156 INFO: avg err:0.0882 | err:0.2330 | horse_04 horse_05
2026-06-25 12:08:48,354 INFO: avg err:0.0881 | err:0.0656 | horse_04 horse_06
2026-06-25 12:08:48,646 INFO: avg err:0.0880 | err:0.0587 | horse_04 horse_07
2026-06-25 12:08:48,864 INFO: avg err:0.0878 | err:0.0312 | horse_04 horse_08
2026-06-25 12:08:49,143 INFO: avg err:0.0875 | err:0.0220 | horse_04 horse_09
2026-06-25 12:08:49,360 INFO: avg err:0.0874 | err:0.0461 | horse_04 horse_10
2026-06-25 12:08:49,641 INFO: avg err:0.0875 | err:0.1161 | horse_05 cougar_01
2026-06-25 12:08:49,863 INFO: avg err:0.0875 | err:0.1013 | horse_05 cougar_02
2026-06-25 12:08:50,141 INFO: avg err:0.0876 | err:0.1009 | horse_05 cougar_03
2026-06-25 12:08:50,368 INFO: avg err:0.0877 | err:0.1134 | horse_05 cougar_04
2026-06-25 12:08:50,635 INFO: avg err:0.0879 | err:0.1396 | horse_05 hippo_01
2026-06-25 12:08:50,860 INFO: avg err:0.0883 | err:0.2278 | horse_05 hippo_02
2026-06-25 12:08:51,138 INFO: avg err:0.0888 | err:0.2213 | horse_05 hippo_03
2026-06-25 12:08:51,364 INFO: avg err:0.0891 | err:0.1677 | horse_05 hippo_04
2026-06-25 12:08:51,636 INFO: avg err:0.0894 | err:0.1690 | horse_05 hippo_05
2026-06-25 12:08:51,862 INFO: avg err:0.0895 | err:0.1271 | horse_05 hippo_06
2026-06-25 12:08:52,138 INFO: avg err:0.0895 | err:0.0816 | horse_05 horse_01
2026-06-25 12:08:52,371 INFO: avg err:0.0894 | err:0.0776 | horse_05 horse_02
2026-06-25 12:08:52,632 INFO: avg err:0.0894 | err:0.0755 | horse_05 horse_03
2026-06-25 12:08:52,871 INFO: avg err:0.0893 | err:0.0705 | horse_05 horse_04
2026-06-25 12:08:53,132 INFO: avg err:0.0890 | err:0.0000 | horse_05 horse_05
2026-06-25 12:08:53,376 INFO: avg err:0.0892 | err:0.1396 | horse_05 horse_06
2026-06-25 12:08:53,625 INFO: avg err:0.0893 | err:0.1241 | horse_05 horse_07
2026-06-25 12:08:53,886 INFO: avg err:0.0894 | err:0.1194 | horse_05 horse_08
2026-06-25 12:08:54,125 INFO: avg err:0.0896 | err:0.1581 | horse_05 horse_09
2026-06-25 12:08:54,385 INFO: avg err:0.0900 | err:0.1905 | horse_05 horse_10
2026-06-25 12:08:54,629 INFO: avg err:0.0899 | err:0.0589 | horse_06 cougar_01
2026-06-25 12:08:54,887 INFO: avg err:0.0898 | err:0.0604 | horse_06 cougar_02
2026-06-25 12:08:55,126 INFO: avg err:0.0896 | err:0.0475 | horse_06 cougar_03
2026-06-25 12:08:55,395 INFO: avg err:0.0896 | err:0.0697 | horse_06 cougar_04
2026-06-25 12:08:55,635 INFO: avg err:0.0897 | err:0.1464 | horse_06 hippo_01
2026-06-25 12:08:55,903 INFO: avg err:0.0900 | err:0.1631 | horse_06 hippo_02
2026-06-25 12:08:56,137 INFO: avg err:0.0906 | err:0.2930 | horse_06 hippo_03
2026-06-25 12:08:56,409 INFO: avg err:0.0907 | err:0.1159 | horse_06 hippo_04
2026-06-25 12:08:56,650 INFO: avg err:0.0909 | err:0.1375 | horse_06 hippo_05
2026-06-25 12:08:56,903 INFO: avg err:0.0914 | err:0.2561 | horse_06 hippo_06
2026-06-25 12:08:57,176 INFO: avg err:0.0912 | err:0.0237 | horse_06 horse_01
2026-06-25 12:08:57,443 INFO: avg err:0.0910 | err:0.0178 | horse_06 horse_02
2026-06-25 12:08:57,684 INFO: avg err:0.0907 | err:0.0192 | horse_06 horse_03
2026-06-25 12:08:57,951 INFO: avg err:0.0905 | err:0.0291 | horse_06 horse_04
2026-06-25 12:08:58,191 INFO: avg err:0.0912 | err:0.2902 | horse_06 horse_05
2026-06-25 12:08:58,451 INFO: avg err:0.0909 | err:0.0000 | horse_06 horse_06
2026-06-25 12:08:58,693 INFO: avg err:0.0906 | err:0.0153 | horse_06 horse_07
2026-06-25 12:08:58,956 INFO: avg err:0.0904 | err:0.0248 | horse_06 horse_08
2026-06-25 12:08:59,192 INFO: avg err:0.0902 | err:0.0267 | horse_06 horse_09
2026-06-25 12:08:59,451 INFO: avg err:0.0900 | err:0.0304 | horse_06 horse_10
2026-06-25 12:08:59,694 INFO: avg err:0.0899 | err:0.0349 | horse_07 cougar_01
2026-06-25 12:08:59,952 INFO: avg err:0.0897 | err:0.0394 | horse_07 cougar_02
2026-06-25 12:09:00,184 INFO: avg err:0.0896 | err:0.0379 | horse_07 cougar_03
2026-06-25 12:09:00,457 INFO: avg err:0.0894 | err:0.0317 | horse_07 cougar_04
2026-06-25 12:09:00,694 INFO: avg err:0.0895 | err:0.1229 | horse_07 hippo_01
2026-06-25 12:09:00,957 INFO: avg err:0.0897 | err:0.1542 | horse_07 hippo_02
2026-06-25 12:09:01,185 INFO: avg err:0.0901 | err:0.2310 | horse_07 hippo_03
2026-06-25 12:09:01,453 INFO: avg err:0.0902 | err:0.1324 | horse_07 hippo_04
2026-06-25 12:09:01,690 INFO: avg err:0.0903 | err:0.1043 | horse_07 hippo_05
2026-06-25 12:09:01,948 INFO: avg err:0.0907 | err:0.2267 | horse_07 hippo_06
2026-06-25 12:09:02,194 INFO: avg err:0.0905 | err:0.0208 | horse_07 horse_01
2026-06-25 12:09:02,450 INFO: avg err:0.0903 | err:0.0212 | horse_07 horse_02
2026-06-25 12:09:02,685 INFO: avg err:0.0901 | err:0.0215 | horse_07 horse_03
2026-06-25 12:09:02,963 INFO: avg err:0.0899 | err:0.0289 | horse_07 horse_04
2026-06-25 12:09:03,182 INFO: avg err:0.0903 | err:0.2283 | horse_07 horse_05
2026-06-25 12:09:03,459 INFO: avg err:0.0901 | err:0.0162 | horse_07 horse_06
2026-06-25 12:09:03,674 INFO: avg err:0.0898 | err:0.0000 | horse_07 horse_07
2026-06-25 12:09:03,957 INFO: avg err:0.0896 | err:0.0267 | horse_07 horse_08
2026-06-25 12:09:04,169 INFO: avg err:0.0894 | err:0.0308 | horse_07 horse_09
2026-06-25 12:09:04,459 INFO: avg err:0.0892 | err:0.0217 | horse_07 horse_10
2026-06-25 12:09:04,670 INFO: avg err:0.0891 | err:0.0473 | horse_08 cougar_01
2026-06-25 12:09:04,956 INFO: avg err:0.0890 | err:0.0446 | horse_08 cougar_02
2026-06-25 12:09:05,164 INFO: avg err:0.0889 | err:0.0473 | horse_08 cougar_03
2026-06-25 12:09:05,454 INFO: avg err:0.0887 | err:0.0427 | horse_08 cougar_04
2026-06-25 12:09:05,665 INFO: avg err:0.0888 | err:0.0985 | horse_08 hippo_01
2026-06-25 12:09:05,961 INFO: avg err:0.0890 | err:0.1567 | horse_08 hippo_02
2026-06-25 12:09:06,162 INFO: avg err:0.0893 | err:0.1959 | horse_08 hippo_03
2026-06-25 12:09:06,463 INFO: avg err:0.0893 | err:0.1036 | horse_08 hippo_04
2026-06-25 12:09:06,662 INFO: avg err:0.0894 | err:0.1117 | horse_08 hippo_05
2026-06-25 12:09:06,962 INFO: avg err:0.0898 | err:0.2318 | horse_08 hippo_06
2026-06-25 12:09:07,158 INFO: avg err:0.0896 | err:0.0237 | horse_08 horse_01
2026-06-25 12:09:07,476 INFO: avg err:0.0894 | err:0.0199 | horse_08 horse_02
2026-06-25 12:09:07,656 INFO: avg err:0.0892 | err:0.0233 | horse_08 horse_03
2026-06-25 12:09:07,976 INFO: avg err:0.0890 | err:0.0298 | horse_08 horse_04
2026-06-25 12:09:08,155 INFO: avg err:0.0894 | err:0.2285 | horse_08 horse_05
2026-06-25 12:09:08,477 INFO: avg err:0.0893 | err:0.0244 | horse_08 horse_06
2026-06-25 12:09:08,656 INFO: avg err:0.0891 | err:0.0323 | horse_08 horse_07
2026-06-25 12:09:08,976 INFO: avg err:0.0888 | err:0.0000 | horse_08 horse_08
2026-06-25 12:09:09,159 INFO: avg err:0.0887 | err:0.0271 | horse_08 horse_09
2026-06-25 12:09:09,495 INFO: avg err:0.0885 | err:0.0410 | horse_08 horse_10
2026-06-25 12:09:09,672 INFO: avg err:0.0884 | err:0.0424 | horse_09 cougar_01
2026-06-25 12:09:10,059 INFO: avg err:0.0883 | err:0.0512 | horse_09 cougar_02
2026-06-25 12:09:10,224 INFO: avg err:0.0882 | err:0.0457 | horse_09 cougar_03
2026-06-25 12:09:10,559 INFO: avg err:0.0881 | err:0.0427 | horse_09 cougar_04
2026-06-25 12:09:10,724 INFO: avg err:0.0881 | err:0.1097 | horse_09 hippo_01
2026-06-25 12:09:11,055 INFO: avg err:0.0884 | err:0.1767 | horse_09 hippo_02
2026-06-25 12:09:11,220 INFO: avg err:0.0887 | err:0.2160 | horse_09 hippo_03
2026-06-25 12:09:11,556 INFO: avg err:0.0887 | err:0.0835 | horse_09 hippo_04
2026-06-25 12:09:11,721 INFO: avg err:0.0888 | err:0.1084 | horse_09 hippo_05
2026-06-25 12:09:12,049 INFO: avg err:0.0892 | err:0.2382 | horse_09 hippo_06
2026-06-25 12:09:12,221 INFO: avg err:0.0890 | err:0.0202 | horse_09 horse_01
2026-06-25 12:09:12,546 INFO: avg err:0.0888 | err:0.0171 | horse_09 horse_02
2026-06-25 12:09:12,727 INFO: avg err:0.0886 | err:0.0204 | horse_09 horse_03
2026-06-25 12:09:13,052 INFO: avg err:0.0884 | err:0.0204 | horse_09 horse_04
2026-06-25 12:09:13,224 INFO: avg err:0.0887 | err:0.1993 | horse_09 horse_05
2026-06-25 12:09:13,555 INFO: avg err:0.0886 | err:0.0443 | horse_09 horse_06
2026-06-25 12:09:13,725 INFO: avg err:0.0885 | err:0.0606 | horse_09 horse_07
2026-06-25 12:09:14,051 INFO: avg err:0.0883 | err:0.0229 | horse_09 horse_08
2026-06-25 12:09:14,232 INFO: avg err:0.0881 | err:0.0000 | horse_09 horse_09
2026-06-25 12:09:14,549 INFO: avg err:0.0880 | err:0.0609 | horse_09 horse_10
2026-06-25 12:09:14,734 INFO: avg err:0.0879 | err:0.0422 | horse_10 cougar_01
2026-06-25 12:09:15,047 INFO: avg err:0.0878 | err:0.0481 | horse_10 cougar_02
2026-06-25 12:09:15,242 INFO: avg err:0.0877 | err:0.0433 | horse_10 cougar_03
2026-06-25 12:09:15,558 INFO: avg err:0.0876 | err:0.0415 | horse_10 cougar_04
2026-06-25 12:09:15,739 INFO: avg err:0.0876 | err:0.1134 | horse_10 hippo_01
2026-06-25 12:09:16,045 INFO: avg err:0.0877 | err:0.1035 | horse_10 hippo_02
2026-06-25 12:09:16,237 INFO: avg err:0.0880 | err:0.1976 | horse_10 hippo_03
2026-06-25 12:09:16,556 INFO: avg err:0.0880 | err:0.0936 | horse_10 hippo_04
2026-06-25 12:09:16,750 INFO: avg err:0.0880 | err:0.1071 | horse_10 hippo_05
2026-06-25 12:09:17,045 INFO: avg err:0.0884 | err:0.2257 | horse_10 hippo_06
2026-06-25 12:09:17,256 INFO: avg err:0.0882 | err:0.0176 | horse_10 horse_01
2026-06-25 12:09:17,547 INFO: avg err:0.0880 | err:0.0139 | horse_10 horse_02
2026-06-25 12:09:17,770 INFO: avg err:0.0878 | err:0.0133 | horse_10 horse_03
2026-06-25 12:09:18,048 INFO: avg err:0.0877 | err:0.0219 | horse_10 horse_04
2026-06-25 12:09:18,280 INFO: avg err:0.0881 | err:0.2462 | horse_10 horse_05
2026-06-25 12:09:18,550 INFO: avg err:0.0879 | err:0.0220 | horse_10 horse_06
2026-06-25 12:09:18,772 INFO: avg err:0.0877 | err:0.0253 | horse_10 horse_07
2026-06-25 12:09:19,061 INFO: avg err:0.0876 | err:0.0531 | horse_10 horse_08
2026-06-25 12:09:19,264 INFO: avg err:0.0875 | err:0.0277 | horse_10 horse_09
2026-06-25 12:09:19,552 INFO: avg err:0.0873 | err:0.0000 | horse_10 horse_10
2026-06-25 12:09:19,584 INFO: Avg time: 0.0212
2026-06-25 12:09:20,022 INFO: Val auc: 0.7439
2026-06-25 12:09:20,027 INFO: Val avg error: 0.0873
2026-06-25 12:09:20,063 INFO: [ONB diag] max|Q-I|: mean=3.4168e-07 max=4.7684e-07 | max|Φ̃ᵀMΦ̃-I|: mean=3.4168e-07 max=4.7684e-07
2026-06-25 12:09:22,073 INFO: [smal_..][epoch: 20, iter:  16,020, lr:(1.055e-04,)][eta: 0:02:06, time (data): 0.107 (0.025)]l_bij: 1.1878e+02 l_orth: 1.2192e+02 l_align: 8.6230e+01 l_total: 3.2693e+02 
2026-06-25 12:09:24,129 INFO: [smal_..][epoch: 20, iter:  16,040, lr:(1.055e-04,)][eta: 0:02:03, time (data): 0.107 (0.024)]l_bij: 5.6524e+01 l_orth: 7.3380e+01 l_align: 7.8648e+01 l_total: 2.0855e+02 
2026-06-25 12:09:26,195 INFO: [smal_..][epoch: 20, iter:  16,060, lr:(1.055e-04,)][eta: 0:02:00, time (data): 0.106 (0.024)]l_bij: 1.0265e+02 l_orth: 1.0583e+02 l_align: 8.5244e+01 l_total: 2.9372e+02 
2026-06-25 12:09:28,322 INFO: [smal_..][epoch: 20, iter:  16,080, lr:(1.055e-04,)][eta: 0:01:56, time (data): 0.106 (0.024)]l_bij: 9.3145e+01 l_orth: 1.0519e+02 l_align: 8.5799e+01 l_total: 2.8414e+02 
2026-06-25 12:09:30,374 INFO: [smal_..][epoch: 20, iter:  16,100, lr:(1.055e-04,)][eta: 0:01:53, time (data): 0.102 (0.020)]l_bij: 6.0611e+01 l_orth: 7.7026e+01 l_align: 8.2591e+01 l_total: 2.2023e+02 
2026-06-25 12:09:32,437 INFO: [smal_..][epoch: 20, iter:  16,120, lr:(1.055e-04,)][eta: 0:01:50, time (data): 0.103 (0.020)]l_bij: 1.1692e+02 l_orth: 1.1944e+02 l_align: 8.6634e+01 l_total: 3.2300e+02 
2026-06-25 12:09:34,502 INFO: [smal_..][epoch: 20, iter:  16,140, lr:(1.055e-04,)][eta: 0:01:47, time (data): 0.103 (0.020)]l_bij: 1.2775e+02 l_orth: 1.2680e+02 l_align: 9.8471e+01 l_total: 3.5302e+02 
2026-06-25 12:09:36,530 INFO: [smal_..][epoch: 20, iter:  16,160, lr:(1.055e-04,)][eta: 0:01:44, time (data): 0.102 (0.020)]l_bij: 1.0446e+02 l_orth: 1.1029e+02 l_align: 8.5467e+01 l_total: 3.0022e+02 
2026-06-25 12:09:38,592 INFO: [smal_..][epoch: 20, iter:  16,180, lr:(1.055e-04,)][eta: 0:01:40, time (data): 0.103 (0.020)]l_bij: 1.0408e+02 l_orth: 1.0632e+02 l_align: 8.0637e+01 l_total: 2.9104e+02 
2026-06-25 12:09:40,633 INFO: [smal_..][epoch: 20, iter:  16,200, lr:(1.055e-04,)][eta: 0:01:37, time (data): 0.102 (0.020)]l_bij: 1.0590e+02 l_orth: 1.1130e+02 l_align: 8.6365e+01 l_total: 3.0356e+02 
2026-06-25 12:09:42,698 INFO: [smal_..][epoch: 20, iter:  16,220, lr:(1.055e-04,)][eta: 0:01:34, time (data): 0.103 (0.020)]l_bij: 1.0253e+02 l_orth: 1.0665e+02 l_align: 8.1894e+01 l_total: 2.9107e+02 
2026-06-25 12:09:44,743 INFO: [smal_..][epoch: 20, iter:  16,240, lr:(1.055e-04,)][eta: 0:01:31, time (data): 0.103 (0.020)]l_bij: 1.0968e+02 l_orth: 1.1477e+02 l_align: 8.4494e+01 l_total: 3.0894e+02 
2026-06-25 12:09:46,787 INFO: [smal_..][epoch: 20, iter:  16,260, lr:(1.055e-04,)][eta: 0:01:28, time (data): 0.102 (0.020)]l_bij: 9.2886e+01 l_orth: 9.8266e+01 l_align: 7.9142e+01 l_total: 2.7029e+02 
2026-06-25 12:09:48,830 INFO: [smal_..][epoch: 20, iter:  16,280, lr:(1.055e-04,)][eta: 0:01:24, time (data): 0.102 (0.020)]l_bij: 9.0088e+01 l_orth: 9.6713e+01 l_align: 8.2649e+01 l_total: 2.6945e+02 
2026-06-25 12:09:50,856 INFO: [smal_..][epoch: 20, iter:  16,300, lr:(1.055e-04,)][eta: 0:01:21, time (data): 0.101 (0.020)]l_bij: 7.0313e+01 l_orth: 8.6010e+01 l_align: 8.6658e+01 l_total: 2.4298e+02 
2026-06-25 12:09:52,887 INFO: [smal_..][epoch: 20, iter:  16,320, lr:(1.055e-04,)][eta: 0:01:18, time (data): 0.101 (0.020)]l_bij: 7.0812e+01 l_orth: 8.4570e+01 l_align: 8.1789e+01 l_total: 2.3717e+02 
2026-06-25 12:09:54,933 INFO: [smal_..][epoch: 20, iter:  16,340, lr:(1.055e-04,)][eta: 0:01:15, time (data): 0.102 (0.020)]l_bij: 8.2284e+01 l_orth: 9.4104e+01 l_align: 8.2232e+01 l_total: 2.5862e+02 
2026-06-25 12:09:56,989 INFO: [smal_..][epoch: 20, iter:  16,360, lr:(1.055e-04,)][eta: 0:01:12, time (data): 0.102 (0.020)]l_bij: 1.0409e+02 l_orth: 1.0728e+02 l_align: 8.4802e+01 l_total: 2.9617e+02 
2026-06-25 12:09:59,040 INFO: [smal_..][epoch: 20, iter:  16,380, lr:(1.055e-04,)][eta: 0:01:08, time (data): 0.102 (0.020)]l_bij: 8.8284e+01 l_orth: 9.6819e+01 l_align: 8.2058e+01 l_total: 2.6716e+02 
2026-06-25 12:10:01,082 INFO: [smal_..][epoch: 20, iter:  16,400, lr:(1.055e-04,)][eta: 0:01:05, time (data): 0.102 (0.020)]l_bij: 9.9369e+01 l_orth: 1.0331e+02 l_align: 8.1341e+01 l_total: 2.8402e+02 
2026-06-25 12:10:03,135 INFO: [smal_..][epoch: 20, iter:  16,420, lr:(1.055e-04,)][eta: 0:01:02, time (data): 0.102 (0.020)]l_bij: 9.7699e+01 l_orth: 1.0605e+02 l_align: 8.5122e+01 l_total: 2.8887e+02 
2026-06-25 12:10:05,200 INFO: [smal_..][epoch: 20, iter:  16,440, lr:(1.055e-04,)][eta: 0:00:59, time (data): 0.102 (0.020)]l_bij: 1.2090e+02 l_orth: 1.2293e+02 l_align: 9.0582e+01 l_total: 3.3440e+02 
2026-06-25 12:10:07,204 INFO: [smal_..][epoch: 20, iter:  16,460, lr:(1.055e-04,)][eta: 0:00:56, time (data): 0.102 (0.020)]l_bij: 6.3935e+01 l_orth: 8.1525e+01 l_align: 7.8587e+01 l_total: 2.2405e+02 
2026-06-25 12:10:09,230 INFO: [smal_..][epoch: 20, iter:  16,480, lr:(1.055e-04,)][eta: 0:00:53, time (data): 0.102 (0.020)]l_bij: 1.0254e+02 l_orth: 1.0834e+02 l_align: 8.0127e+01 l_total: 2.9100e+02 
2026-06-25 12:10:11,265 INFO: [smal_..][epoch: 20, iter:  16,500, lr:(1.055e-04,)][eta: 0:00:49, time (data): 0.102 (0.019)]l_bij: 7.8826e+01 l_orth: 9.0540e+01 l_align: 8.2109e+01 l_total: 2.5147e+02 
2026-06-25 12:10:13,309 INFO: [smal_..][epoch: 20, iter:  16,520, lr:(1.055e-04,)][eta: 0:00:46, time (data): 0.102 (0.019)]l_bij: 1.2201e+02 l_orth: 1.2418e+02 l_align: 9.6081e+01 l_total: 3.4227e+02 
2026-06-25 12:10:15,348 INFO: [smal_..][epoch: 20, iter:  16,540, lr:(1.055e-04,)][eta: 0:00:43, time (data): 0.102 (0.019)]l_bij: 1.2876e+02 l_orth: 1.2832e+02 l_align: 9.9194e+01 l_total: 3.5627e+02 
2026-06-25 12:10:17,399 INFO: [smal_..][epoch: 20, iter:  16,560, lr:(1.055e-04,)][eta: 0:00:40, time (data): 0.102 (0.019)]l_bij: 9.8971e+01 l_orth: 1.0388e+02 l_align: 8.1688e+01 l_total: 2.8454e+02 
2026-06-25 12:10:19,450 INFO: [smal_..][epoch: 20, iter:  16,580, lr:(1.055e-04,)][eta: 0:00:37, time (data): 0.102 (0.020)]l_bij: 9.3722e+01 l_orth: 9.9851e+01 l_align: 7.8839e+01 l_total: 2.7241e+02 
2026-06-25 12:10:21,515 INFO: [smal_..][epoch: 20, iter:  16,600, lr:(1.055e-04,)][eta: 0:00:34, time (data): 0.102 (0.020)]l_bij: 8.1206e+01 l_orth: 8.9877e+01 l_align: 7.9911e+01 l_total: 2.5099e+02 
2026-06-25 12:10:23,555 INFO: [smal_..][epoch: 20, iter:  16,620, lr:(1.055e-04,)][eta: 0:00:31, time (data): 0.102 (0.020)]l_bij: 5.8793e+01 l_orth: 7.7729e+01 l_align: 8.7648e+01 l_total: 2.2417e+02 
2026-06-25 12:10:25,626 INFO: [smal_..][epoch: 20, iter:  16,640, lr:(1.055e-04,)][eta: 0:00:27, time (data): 0.102 (0.020)]l_bij: 9.0125e+01 l_orth: 9.6852e+01 l_align: 8.0779e+01 l_total: 2.6776e+02 
2026-06-25 12:10:27,665 INFO: [smal_..][epoch: 20, iter:  16,660, lr:(1.055e-04,)][eta: 0:00:24, time (data): 0.102 (0.020)]l_bij: 1.0862e+02 l_orth: 1.1137e+02 l_align: 8.4866e+01 l_total: 3.0486e+02 
2026-06-25 12:10:29,692 INFO: [smal_..][epoch: 20, iter:  16,680, lr:(1.055e-04,)][eta: 0:00:21, time (data): 0.102 (0.020)]l_bij: 1.1001e+02 l_orth: 1.1486e+02 l_align: 8.1541e+01 l_total: 3.0642e+02 
2026-06-25 12:10:31,706 INFO: [smal_..][epoch: 20, iter:  16,700, lr:(1.055e-04,)][eta: 0:00:18, time (data): 0.100 (0.018)]l_bij: 9.9411e+01 l_orth: 1.0302e+02 l_align: 8.5443e+01 l_total: 2.8787e+02 
2026-06-25 12:10:33,783 INFO: [smal_..][epoch: 20, iter:  16,720, lr:(1.055e-04,)][eta: 0:00:15, time (data): 0.102 (0.020)]l_bij: 1.1471e+02 l_orth: 1.1632e+02 l_align: 8.7992e+01 l_total: 3.1903e+02 
2026-06-25 12:10:35,834 INFO: [smal_..][epoch: 20, iter:  16,740, lr:(1.055e-04,)][eta: 0:00:12, time (data): 0.102 (0.020)]l_bij: 1.2831e+02 l_orth: 1.2683e+02 l_align: 9.3891e+01 l_total: 3.4902e+02 
2026-06-25 12:10:37,886 INFO: [smal_..][epoch: 20, iter:  16,760, lr:(1.055e-04,)][eta: 0:00:09, time (data): 0.102 (0.020)]l_bij: 9.0452e+01 l_orth: 9.9531e+01 l_align: 8.6637e+01 l_total: 2.7662e+02 
2026-06-25 12:10:39,957 INFO: [smal_..][epoch: 20, iter:  16,780, lr:(1.055e-04,)][eta: 0:00:06, time (data): 0.103 (0.020)]l_bij: 7.2556e+01 l_orth: 8.6314e+01 l_align: 8.5986e+01 l_total: 2.4486e+02 
2026-06-25 12:10:42,008 INFO: [smal_..][epoch: 20, iter:  16,800, lr:(1.055e-04,)][eta: 0:00:02, time (data): 0.103 (0.020)]l_bij: 1.0101e+02 l_orth: 1.0551e+02 l_align: 8.7060e+01 l_total: 2.9358e+02 
2026-06-25 12:10:44,077 INFO: [smal_..][epoch: 20, iter:  16,820, lr:(1.055e-04,)][eta: 0:00:00, time (data): 0.103 (0.020)]l_bij: 1.0158e+02 l_orth: 1.0820e+02 l_align: 8.3821e+01 l_total: 2.9360e+02 
2026-06-25 12:10:44,107 INFO: End of training. Time consumed: 0:43:39
2026-06-25 12:10:44,107 INFO: Last Validation.
2026-06-25 12:10:44,876 INFO: avg err:0.0000 | err:0.0000 | cougar_01 cougar_01
2026-06-25 12:10:45,041 INFO: avg err:0.0086 | err:0.0171 | cougar_01 cougar_02
2026-06-25 12:10:45,427 INFO: avg err:0.0136 | err:0.0237 | cougar_01 cougar_03
2026-06-25 12:10:45,590 INFO: avg err:0.0152 | err:0.0198 | cougar_01 cougar_04
2026-06-25 12:10:45,944 INFO: avg err:0.0432 | err:0.1552 | cougar_01 hippo_01
2026-06-25 12:10:46,097 INFO: avg err:0.0537 | err:0.1064 | cougar_01 hippo_02
2026-06-25 12:10:46,456 INFO: avg err:0.0769 | err:0.2157 | cougar_01 hippo_03
2026-06-25 12:10:46,608 INFO: avg err:0.0853 | err:0.1442 | cougar_01 hippo_04
2026-06-25 12:10:46,950 INFO: avg err:0.0869 | err:0.0998 | cougar_01 hippo_05
2026-06-25 12:10:47,120 INFO: avg err:0.1073 | err:0.2909 | cougar_01 hippo_06
2026-06-25 12:10:47,463 INFO: avg err:0.1007 | err:0.0353 | cougar_01 horse_01
2026-06-25 12:10:47,624 INFO: avg err:0.0990 | err:0.0798 | cougar_01 horse_02
2026-06-25 12:10:47,963 INFO: avg err:0.0940 | err:0.0334 | cougar_01 horse_03
2026-06-25 12:10:48,133 INFO: avg err:0.0897 | err:0.0342 | cougar_01 horse_04
2026-06-25 12:10:48,473 INFO: avg err:0.1000 | err:0.2439 | cougar_01 horse_05
2026-06-25 12:10:48,642 INFO: avg err:0.1008 | err:0.1129 | cougar_01 horse_06
2026-06-25 12:10:48,974 INFO: avg err:0.0983 | err:0.0593 | cougar_01 horse_07
2026-06-25 12:10:49,146 INFO: avg err:0.0983 | err:0.0972 | cougar_01 horse_08
2026-06-25 12:10:49,475 INFO: avg err:0.0955 | err:0.0450 | cougar_01 horse_09
2026-06-25 12:10:49,642 INFO: avg err:0.0943 | err:0.0723 | cougar_01 horse_10
2026-06-25 12:10:49,973 INFO: avg err:0.0906 | err:0.0168 | cougar_02 cougar_01
2026-06-25 12:10:50,143 INFO: avg err:0.0865 | err:0.0000 | cougar_02 cougar_02
2026-06-25 12:10:50,475 INFO: avg err:0.0837 | err:0.0212 | cougar_02 cougar_03
2026-06-25 12:10:50,641 INFO: avg err:0.0812 | err:0.0245 | cougar_02 cougar_04
2026-06-25 12:10:50,980 INFO: avg err:0.0824 | err:0.1123 | cougar_02 hippo_01
2026-06-25 12:10:51,149 INFO: avg err:0.0834 | err:0.1075 | cougar_02 hippo_02
2026-06-25 12:10:51,466 INFO: avg err:0.0875 | err:0.1930 | cougar_02 hippo_03
2026-06-25 12:10:51,632 INFO: avg err:0.0885 | err:0.1168 | cougar_02 hippo_04
2026-06-25 12:10:51,967 INFO: avg err:0.0892 | err:0.1080 | cougar_02 hippo_05
2026-06-25 12:10:52,131 INFO: avg err:0.0958 | err:0.2867 | cougar_02 hippo_06
2026-06-25 12:10:52,460 INFO: avg err:0.0946 | err:0.0588 | cougar_02 horse_01
2026-06-25 12:10:52,626 INFO: avg err:0.0932 | err:0.0499 | cougar_02 horse_02
2026-06-25 12:10:52,966 INFO: avg err:0.0920 | err:0.0555 | cougar_02 horse_03
2026-06-25 12:10:53,145 INFO: avg err:0.0905 | err:0.0407 | cougar_02 horse_04
2026-06-25 12:10:53,464 INFO: avg err:0.0965 | err:0.2988 | cougar_02 horse_05
2026-06-25 12:10:53,629 INFO: avg err:0.0995 | err:0.2044 | cougar_02 horse_06
2026-06-25 12:10:53,971 INFO: avg err:0.0980 | err:0.0443 | cougar_02 horse_07
2026-06-25 12:10:54,137 INFO: avg err:0.0976 | err:0.0843 | cougar_02 horse_08
2026-06-25 12:10:54,472 INFO: avg err:0.0966 | err:0.0564 | cougar_02 horse_09
2026-06-25 12:10:54,637 INFO: avg err:0.0958 | err:0.0650 | cougar_02 horse_10
2026-06-25 12:10:54,980 INFO: avg err:0.0939 | err:0.0186 | cougar_03 cougar_01
2026-06-25 12:10:55,171 INFO: avg err:0.0921 | err:0.0200 | cougar_03 cougar_02
2026-06-25 12:10:55,471 INFO: avg err:0.0900 | err:0.0000 | cougar_03 cougar_03
2026-06-25 12:10:55,636 INFO: avg err:0.0885 | err:0.0263 | cougar_03 cougar_04
2026-06-25 12:10:55,977 INFO: avg err:0.0902 | err:0.1617 | cougar_03 hippo_01
2026-06-25 12:10:56,151 INFO: avg err:0.0911 | err:0.1329 | cougar_03 hippo_02
2026-06-25 12:10:56,466 INFO: avg err:0.0943 | err:0.2407 | cougar_03 hippo_03
2026-06-25 12:10:56,627 INFO: avg err:0.0962 | err:0.1886 | cougar_03 hippo_04
2026-06-25 12:10:56,976 INFO: avg err:0.0966 | err:0.1141 | cougar_03 hippo_05
2026-06-25 12:10:57,139 INFO: avg err:0.0998 | err:0.2585 | cougar_03 hippo_06
2026-06-25 12:10:57,477 INFO: avg err:0.0987 | err:0.0402 | cougar_03 horse_01
2026-06-25 12:10:57,639 INFO: avg err:0.0979 | err:0.0580 | cougar_03 horse_02
2026-06-25 12:10:57,973 INFO: avg err:0.0967 | err:0.0321 | cougar_03 horse_03
2026-06-25 12:10:58,138 INFO: avg err:0.0956 | err:0.0411 | cougar_03 horse_04
2026-06-25 12:10:58,460 INFO: avg err:0.1000 | err:0.3337 | cougar_03 horse_05
2026-06-25 12:10:58,623 INFO: avg err:0.0999 | err:0.0974 | cougar_03 horse_06
2026-06-25 12:10:58,957 INFO: avg err:0.0988 | err:0.0377 | cougar_03 horse_07
2026-06-25 12:10:59,121 INFO: avg err:0.0993 | err:0.1264 | cougar_03 horse_08
2026-06-25 12:10:59,455 INFO: avg err:0.0987 | err:0.0639 | cougar_03 horse_09
2026-06-25 12:10:59,617 INFO: avg err:0.0987 | err:0.0972 | cougar_03 horse_10
2026-06-25 12:10:59,959 INFO: avg err:0.0974 | err:0.0194 | cougar_04 cougar_01
2026-06-25 12:11:00,123 INFO: avg err:0.0962 | err:0.0244 | cougar_04 cougar_02
2026-06-25 12:11:00,455 INFO: avg err:0.0952 | err:0.0333 | cougar_04 cougar_03
2026-06-25 12:11:00,640 INFO: avg err:0.0937 | err:0.0000 | cougar_04 cougar_04
2026-06-25 12:11:00,964 INFO: avg err:0.0945 | err:0.1466 | cougar_04 hippo_01
2026-06-25 12:11:01,150 INFO: avg err:0.0949 | err:0.1192 | cougar_04 hippo_02
2026-06-25 12:11:01,454 INFO: avg err:0.0966 | err:0.2120 | cougar_04 hippo_03
2026-06-25 12:11:01,689 INFO: avg err:0.0972 | err:0.1339 | cougar_04 hippo_04
2026-06-25 12:11:01,949 INFO: avg err:0.0972 | err:0.0986 | cougar_04 hippo_05
2026-06-25 12:11:02,173 INFO: avg err:0.0997 | err:0.2722 | cougar_04 hippo_06
2026-06-25 12:11:02,452 INFO: avg err:0.0988 | err:0.0321 | cougar_04 horse_01
2026-06-25 12:11:02,692 INFO: avg err:0.0984 | err:0.0744 | cougar_04 horse_02
2026-06-25 12:11:02,947 INFO: avg err:0.0975 | err:0.0295 | cougar_04 horse_03
2026-06-25 12:11:03,208 INFO: avg err:0.0967 | err:0.0375 | cougar_04 horse_04
2026-06-25 12:11:03,452 INFO: avg err:0.0991 | err:0.2809 | cougar_04 horse_05
2026-06-25 12:11:03,718 INFO: avg err:0.0989 | err:0.0857 | cougar_04 horse_06
2026-06-25 12:11:03,939 INFO: avg err:0.0986 | err:0.0719 | cougar_04 horse_07
2026-06-25 12:11:04,230 INFO: avg err:0.0985 | err:0.0896 | cougar_04 horse_08
2026-06-25 12:11:04,447 INFO: avg err:0.0977 | err:0.0356 | cougar_04 horse_09
2026-06-25 12:11:04,746 INFO: avg err:0.0974 | err:0.0739 | cougar_04 horse_10
2026-06-25 12:11:04,939 INFO: avg err:0.0970 | err:0.0650 | hippo_01 cougar_01
2026-06-25 12:11:05,260 INFO: avg err:0.0967 | err:0.0705 | hippo_01 cougar_02
2026-06-25 12:11:05,439 INFO: avg err:0.0964 | err:0.0788 | hippo_01 cougar_03
2026-06-25 12:11:05,767 INFO: avg err:0.0961 | err:0.0670 | hippo_01 cougar_04
2026-06-25 12:11:05,942 INFO: avg err:0.0950 | err:0.0000 | hippo_01 hippo_01
2026-06-25 12:11:06,282 INFO: avg err:0.0943 | err:0.0383 | hippo_01 hippo_02
2026-06-25 12:11:06,449 INFO: avg err:0.0939 | err:0.0619 | hippo_01 hippo_03
2026-06-25 12:11:06,781 INFO: avg err:0.0931 | err:0.0171 | hippo_01 hippo_04
2026-06-25 12:11:06,944 INFO: avg err:0.0927 | err:0.0566 | hippo_01 hippo_05
2026-06-25 12:11:07,278 INFO: avg err:0.0919 | err:0.0229 | hippo_01 hippo_06
2026-06-25 12:11:07,446 INFO: avg err:0.0918 | err:0.0836 | hippo_01 horse_01
2026-06-25 12:11:07,791 INFO: avg err:0.0918 | err:0.0956 | hippo_01 horse_02
2026-06-25 12:11:07,962 INFO: avg err:0.0917 | err:0.0766 | hippo_01 horse_03
2026-06-25 12:11:08,326 INFO: avg err:0.0916 | err:0.0855 | hippo_01 horse_04
2026-06-25 12:11:08,488 INFO: avg err:0.0930 | err:0.2224 | hippo_01 horse_05
2026-06-25 12:11:08,874 INFO: avg err:0.0937 | err:0.1596 | hippo_01 horse_06
2026-06-25 12:11:09,036 INFO: avg err:0.0939 | err:0.1117 | hippo_01 horse_07
2026-06-25 12:11:09,386 INFO: avg err:0.0942 | err:0.1264 | hippo_01 horse_08
2026-06-25 12:11:09,549 INFO: avg err:0.0941 | err:0.0822 | hippo_01 horse_09
2026-06-25 12:11:09,901 INFO: avg err:0.0943 | err:0.1183 | hippo_01 horse_10
2026-06-25 12:11:10,069 INFO: avg err:0.0942 | err:0.0886 | hippo_02 cougar_01
2026-06-25 12:11:10,397 INFO: avg err:0.0942 | err:0.0930 | hippo_02 cougar_02
2026-06-25 12:11:10,560 INFO: avg err:0.0942 | err:0.0927 | hippo_02 cougar_03
2026-06-25 12:11:10,913 INFO: avg err:0.0941 | err:0.0856 | hippo_02 cougar_04
2026-06-25 12:11:11,078 INFO: avg err:0.0937 | err:0.0439 | hippo_02 hippo_01
2026-06-25 12:11:11,421 INFO: avg err:0.0928 | err:0.0000 | hippo_02 hippo_02
2026-06-25 12:11:11,588 INFO: avg err:0.0933 | err:0.1494 | hippo_02 hippo_03
2026-06-25 12:11:11,930 INFO: avg err:0.0930 | err:0.0591 | hippo_02 hippo_04
2026-06-25 12:11:12,097 INFO: avg err:0.0924 | err:0.0253 | hippo_02 hippo_05
2026-06-25 12:11:12,446 INFO: avg err:0.0921 | err:0.0662 | hippo_02 hippo_06
2026-06-25 12:11:12,598 INFO: avg err:0.0921 | err:0.0833 | hippo_02 horse_01
2026-06-25 12:11:12,949 INFO: avg err:0.0920 | err:0.0881 | hippo_02 horse_02
2026-06-25 12:11:13,100 INFO: avg err:0.0919 | err:0.0796 | hippo_02 horse_03
2026-06-25 12:11:13,462 INFO: avg err:0.0918 | err:0.0851 | hippo_02 horse_04
2026-06-25 12:11:13,615 INFO: avg err:0.0933 | err:0.2533 | hippo_02 horse_05
2026-06-25 12:11:13,975 INFO: avg err:0.0935 | err:0.1175 | hippo_02 horse_06
2026-06-25 12:11:14,128 INFO: avg err:0.0935 | err:0.0997 | hippo_02 horse_07
2026-06-25 12:11:14,486 INFO: avg err:0.0941 | err:0.1686 | hippo_02 horse_08
2026-06-25 12:11:14,638 INFO: avg err:0.0941 | err:0.0832 | hippo_02 horse_09
2026-06-25 12:11:15,015 INFO: avg err:0.0943 | err:0.1265 | hippo_02 horse_10
2026-06-25 12:11:15,171 INFO: avg err:0.0945 | err:0.1107 | hippo_03 cougar_01
2026-06-25 12:11:15,526 INFO: avg err:0.0946 | err:0.1156 | hippo_03 cougar_02
2026-06-25 12:11:15,679 INFO: avg err:0.0951 | err:0.1508 | hippo_03 cougar_03
2026-06-25 12:11:16,034 INFO: avg err:0.0952 | err:0.1123 | hippo_03 cougar_04
2026-06-25 12:11:16,188 INFO: avg err:0.0948 | err:0.0461 | hippo_03 hippo_01
2026-06-25 12:11:16,536 INFO: avg err:0.0948 | err:0.0859 | hippo_03 hippo_02
2026-06-25 12:11:16,690 INFO: avg err:0.0940 | err:0.0000 | hippo_03 hippo_03
2026-06-25 12:11:17,045 INFO: avg err:0.0935 | err:0.0227 | hippo_03 hippo_04
2026-06-25 12:11:17,200 INFO: avg err:0.0934 | err:0.0845 | hippo_03 hippo_05
2026-06-25 12:11:17,557 INFO: avg err:0.0929 | err:0.0273 | hippo_03 hippo_06
2026-06-25 12:11:17,711 INFO: avg err:0.0932 | err:0.1322 | hippo_03 horse_01
2026-06-25 12:11:18,065 INFO: avg err:0.0936 | err:0.1505 | hippo_03 horse_02
2026-06-25 12:11:18,220 INFO: avg err:0.0939 | err:0.1333 | hippo_03 horse_03
2026-06-25 12:11:18,563 INFO: avg err:0.0941 | err:0.1219 | hippo_03 horse_04
2026-06-25 12:11:18,716 INFO: avg err:0.0955 | err:0.2841 | hippo_03 horse_05
2026-06-25 12:11:19,079 INFO: avg err:0.0964 | err:0.2092 | hippo_03 horse_06
2026-06-25 12:11:19,233 INFO: avg err:0.0970 | err:0.1758 | hippo_03 horse_07
2026-06-25 12:11:19,585 INFO: avg err:0.0974 | err:0.1597 | hippo_03 horse_08
2026-06-25 12:11:19,737 INFO: avg err:0.0978 | err:0.1566 | hippo_03 horse_09
2026-06-25 12:11:20,086 INFO: avg err:0.0983 | err:0.1634 | hippo_03 horse_10
2026-06-25 12:11:20,239 INFO: avg err:0.0983 | err:0.0976 | hippo_04 cougar_01
2026-06-25 12:11:20,583 INFO: avg err:0.0983 | err:0.1059 | hippo_04 cougar_02
2026-06-25 12:11:20,735 INFO: avg err:0.0984 | err:0.0985 | hippo_04 cougar_03
2026-06-25 12:11:21,089 INFO: avg err:0.0982 | err:0.0766 | hippo_04 cougar_04
2026-06-25 12:11:21,242 INFO: avg err:0.0976 | err:0.0175 | hippo_04 hippo_01
2026-06-25 12:11:21,601 INFO: avg err:0.0974 | err:0.0583 | hippo_04 hippo_02
2026-06-25 12:11:21,753 INFO: avg err:0.0969 | err:0.0329 | hippo_04 hippo_03
2026-06-25 12:11:22,114 INFO: avg err:0.0963 | err:0.0000 | hippo_04 hippo_04
2026-06-25 12:11:22,266 INFO: avg err:0.0960 | err:0.0570 | hippo_04 hippo_05
2026-06-25 12:11:22,626 INFO: avg err:0.0957 | err:0.0482 | hippo_04 hippo_06
2026-06-25 12:11:22,779 INFO: avg err:0.0956 | err:0.0852 | hippo_04 horse_01
2026-06-25 12:11:23,154 INFO: avg err:0.0956 | err:0.0949 | hippo_04 horse_02
2026-06-25 12:11:23,306 INFO: avg err:0.0956 | err:0.0931 | hippo_04 horse_03
2026-06-25 12:11:23,654 INFO: avg err:0.0955 | err:0.0828 | hippo_04 horse_04
2026-06-25 12:11:23,807 INFO: avg err:0.0966 | err:0.2616 | hippo_04 horse_05
2026-06-25 12:11:24,167 INFO: avg err:0.0967 | err:0.1067 | hippo_04 horse_06
2026-06-25 12:11:24,321 INFO: avg err:0.0967 | err:0.1093 | hippo_04 horse_07
2026-06-25 12:11:24,685 INFO: avg err:0.0968 | err:0.1106 | hippo_04 horse_08
2026-06-25 12:11:24,845 INFO: avg err:0.0967 | err:0.0781 | hippo_04 horse_09
2026-06-25 12:11:25,197 INFO: avg err:0.0967 | err:0.0958 | hippo_04 horse_10
2026-06-25 12:11:25,349 INFO: avg err:0.0967 | err:0.0925 | hippo_05 cougar_01
2026-06-25 12:11:25,712 INFO: avg err:0.0967 | err:0.0941 | hippo_05 cougar_02
2026-06-25 12:11:25,864 INFO: avg err:0.0967 | err:0.1052 | hippo_05 cougar_03
2026-06-25 12:11:26,224 INFO: avg err:0.0967 | err:0.0946 | hippo_05 cougar_04
2026-06-25 12:11:26,377 INFO: avg err:0.0965 | err:0.0677 | hippo_05 hippo_01
2026-06-25 12:11:26,739 INFO: avg err:0.0961 | err:0.0232 | hippo_05 hippo_02
2026-06-25 12:11:26,891 INFO: avg err:0.0962 | err:0.1186 | hippo_05 hippo_03
2026-06-25 12:11:27,253 INFO: avg err:0.0961 | err:0.0709 | hippo_05 hippo_04
2026-06-25 12:11:27,406 INFO: avg err:0.0955 | err:0.0000 | hippo_05 hippo_05
2026-06-25 12:11:27,782 INFO: avg err:0.0955 | err:0.1025 | hippo_05 hippo_06
2026-06-25 12:11:27,935 INFO: avg err:0.0955 | err:0.0870 | hippo_05 horse_01
2026-06-25 12:11:28,288 INFO: avg err:0.0956 | err:0.1102 | hippo_05 horse_02
2026-06-25 12:11:28,445 INFO: avg err:0.0955 | err:0.0837 | hippo_05 horse_03
2026-06-25 12:11:28,821 INFO: avg err:0.0955 | err:0.0930 | hippo_05 horse_04
2026-06-25 12:11:28,974 INFO: avg err:0.0966 | err:0.2879 | hippo_05 horse_05
2026-06-25 12:11:29,333 INFO: avg err:0.0968 | err:0.1354 | hippo_05 horse_06
2026-06-25 12:11:29,486 INFO: avg err:0.0969 | err:0.1110 | hippo_05 horse_07
2026-06-25 12:11:29,844 INFO: avg err:0.0971 | err:0.1390 | hippo_05 horse_08
2026-06-25 12:11:29,996 INFO: avg err:0.0970 | err:0.0819 | hippo_05 horse_09
2026-06-25 12:11:30,363 INFO: avg err:0.0971 | err:0.1087 | hippo_05 horse_10
2026-06-25 12:11:30,516 INFO: avg err:0.0975 | err:0.1742 | hippo_06 cougar_01
2026-06-25 12:11:30,882 INFO: avg err:0.0979 | err:0.1577 | hippo_06 cougar_02
2026-06-25 12:11:31,035 INFO: avg err:0.0983 | err:0.1755 | hippo_06 cougar_03
2026-06-25 12:11:31,408 INFO: avg err:0.0986 | err:0.1522 | hippo_06 cougar_04
2026-06-25 12:11:31,563 INFO: avg err:0.0981 | err:0.0169 | hippo_06 hippo_01
2026-06-25 12:11:31,916 INFO: avg err:0.0979 | err:0.0508 | hippo_06 hippo_02
2026-06-25 12:11:32,069 INFO: avg err:0.0977 | err:0.0538 | hippo_06 hippo_03
2026-06-25 12:11:32,444 INFO: avg err:0.0973 | err:0.0320 | hippo_06 hippo_04
2026-06-25 12:11:32,597 INFO: avg err:0.0972 | err:0.0708 | hippo_06 hippo_05
2026-06-25 12:11:32,945 INFO: avg err:0.0967 | err:0.0000 | hippo_06 hippo_06
2026-06-25 12:11:33,099 INFO: avg err:0.0968 | err:0.1199 | hippo_06 horse_01
2026-06-25 12:11:33,457 INFO: avg err:0.0971 | err:0.1655 | hippo_06 horse_02
2026-06-25 12:11:33,610 INFO: avg err:0.0972 | err:0.1145 | hippo_06 horse_03
2026-06-25 12:11:33,960 INFO: avg err:0.0973 | err:0.1153 | hippo_06 horse_04
2026-06-25 12:11:34,114 INFO: avg err:0.0977 | err:0.1747 | hippo_06 horse_05
2026-06-25 12:11:34,477 INFO: avg err:0.0982 | err:0.1855 | hippo_06 horse_06
2026-06-25 12:11:34,630 INFO: avg err:0.0986 | err:0.1763 | hippo_06 horse_07
2026-06-25 12:11:34,985 INFO: avg err:0.0992 | err:0.2192 | hippo_06 horse_08
2026-06-25 12:11:35,138 INFO: avg err:0.0992 | err:0.1154 | hippo_06 horse_09
2026-06-25 12:11:35,497 INFO: avg err:0.0997 | err:0.1938 | hippo_06 horse_10
2026-06-25 12:11:35,649 INFO: avg err:0.0994 | err:0.0417 | horse_01 cougar_01
2026-06-25 12:11:36,011 INFO: avg err:0.0992 | err:0.0513 | horse_01 cougar_02
2026-06-25 12:11:36,163 INFO: avg err:0.0989 | err:0.0480 | horse_01 cougar_03
2026-06-25 12:11:36,524 INFO: avg err:0.0987 | err:0.0406 | horse_01 cougar_04
2026-06-25 12:11:36,677 INFO: avg err:0.0986 | err:0.0814 | horse_01 hippo_01
2026-06-25 12:11:37,034 INFO: avg err:0.0987 | err:0.1241 | horse_01 hippo_02
2026-06-25 12:11:37,187 INFO: avg err:0.0990 | err:0.1545 | horse_01 hippo_03
2026-06-25 12:11:37,548 INFO: avg err:0.0989 | err:0.0797 | horse_01 hippo_04
2026-06-25 12:11:37,702 INFO: avg err:0.0989 | err:0.1015 | horse_01 hippo_05
2026-06-25 12:11:38,068 INFO: avg err:0.0993 | err:0.1804 | horse_01 hippo_06
2026-06-25 12:11:38,222 INFO: avg err:0.0988 | err:0.0000 | horse_01 horse_01
2026-06-25 12:11:38,577 INFO: avg err:0.0984 | err:0.0180 | horse_01 horse_02
2026-06-25 12:11:38,732 INFO: avg err:0.0980 | err:0.0151 | horse_01 horse_03
2026-06-25 12:11:39,082 INFO: avg err:0.0977 | err:0.0215 | horse_01 horse_04
2026-06-25 12:11:39,235 INFO: avg err:0.0982 | err:0.2061 | horse_01 horse_05
2026-06-25 12:11:39,587 INFO: avg err:0.0980 | err:0.0622 | horse_01 horse_06
2026-06-25 12:11:39,740 INFO: avg err:0.0978 | err:0.0491 | horse_01 horse_07
2026-06-25 12:11:40,102 INFO: avg err:0.0975 | err:0.0298 | horse_01 horse_08
2026-06-25 12:11:40,256 INFO: avg err:0.0971 | err:0.0219 | horse_01 horse_09
2026-06-25 12:11:40,614 INFO: avg err:0.0970 | err:0.0636 | horse_01 horse_10
2026-06-25 12:11:40,768 INFO: avg err:0.0967 | err:0.0457 | horse_02 cougar_01
2026-06-25 12:11:41,141 INFO: avg err:0.0965 | err:0.0479 | horse_02 cougar_02
2026-06-25 12:11:41,295 INFO: avg err:0.0963 | err:0.0495 | horse_02 cougar_03
2026-06-25 12:11:41,649 INFO: avg err:0.0961 | err:0.0391 | horse_02 cougar_04
2026-06-25 12:11:41,803 INFO: avg err:0.0960 | err:0.0921 | horse_02 hippo_01
2026-06-25 12:11:42,156 INFO: avg err:0.0961 | err:0.1188 | horse_02 hippo_02
2026-06-25 12:11:42,310 INFO: avg err:0.0966 | err:0.2090 | horse_02 hippo_03
2026-06-25 12:11:42,664 INFO: avg err:0.0966 | err:0.0766 | horse_02 hippo_04
2026-06-25 12:11:42,821 INFO: avg err:0.0966 | err:0.1103 | horse_02 hippo_05
2026-06-25 12:11:43,171 INFO: avg err:0.0971 | err:0.2009 | horse_02 hippo_06
2026-06-25 12:11:43,327 INFO: avg err:0.0967 | err:0.0172 | horse_02 horse_01
2026-06-25 12:11:43,696 INFO: avg err:0.0963 | err:0.0000 | horse_02 horse_02
2026-06-25 12:11:43,851 INFO: avg err:0.0959 | err:0.0112 | horse_02 horse_03
2026-06-25 12:11:44,201 INFO: avg err:0.0956 | err:0.0186 | horse_02 horse_04
2026-06-25 12:11:44,356 INFO: avg err:0.0961 | err:0.2197 | horse_02 horse_05
2026-06-25 12:11:44,699 INFO: avg err:0.0958 | err:0.0179 | horse_02 horse_06
2026-06-25 12:11:44,853 INFO: avg err:0.0955 | err:0.0208 | horse_02 horse_07
2026-06-25 12:11:45,207 INFO: avg err:0.0952 | err:0.0200 | horse_02 horse_08
2026-06-25 12:11:45,362 INFO: avg err:0.0948 | err:0.0150 | horse_02 horse_09
2026-06-25 12:11:45,712 INFO: avg err:0.0945 | err:0.0160 | horse_02 horse_10
2026-06-25 12:11:45,866 INFO: avg err:0.0943 | err:0.0407 | horse_03 cougar_01
2026-06-25 12:11:46,221 INFO: avg err:0.0941 | err:0.0499 | horse_03 cougar_02
2026-06-25 12:11:46,374 INFO: avg err:0.0939 | err:0.0450 | horse_03 cougar_03
2026-06-25 12:11:46,738 INFO: avg err:0.0937 | err:0.0372 | horse_03 cougar_04
2026-06-25 12:11:46,891 INFO: avg err:0.0937 | err:0.0986 | horse_03 hippo_01
2026-06-25 12:11:47,245 INFO: avg err:0.0938 | err:0.1161 | horse_03 hippo_02
2026-06-25 12:11:47,397 INFO: avg err:0.0941 | err:0.1855 | horse_03 hippo_03
2026-06-25 12:11:47,775 INFO: avg err:0.0941 | err:0.0767 | horse_03 hippo_04
2026-06-25 12:11:47,927 INFO: avg err:0.0941 | err:0.1039 | horse_03 hippo_05
2026-06-25 12:11:48,261 INFO: avg err:0.0946 | err:0.2242 | horse_03 hippo_06
2026-06-25 12:11:48,413 INFO: avg err:0.0943 | err:0.0154 | horse_03 horse_01
2026-06-25 12:11:48,773 INFO: avg err:0.0940 | err:0.0126 | horse_03 horse_02
2026-06-25 12:11:48,927 INFO: avg err:0.0936 | err:0.0000 | horse_03 horse_03
2026-06-25 12:11:49,283 INFO: avg err:0.0933 | err:0.0209 | horse_03 horse_04
2026-06-25 12:11:49,436 INFO: avg err:0.0937 | err:0.1870 | horse_03 horse_05
2026-06-25 12:11:49,794 INFO: avg err:0.0934 | err:0.0198 | horse_03 horse_06
2026-06-25 12:11:49,946 INFO: avg err:0.0931 | err:0.0222 | horse_03 horse_07
2026-06-25 12:11:50,301 INFO: avg err:0.0929 | err:0.0297 | horse_03 horse_08
2026-06-25 12:11:50,454 INFO: avg err:0.0926 | err:0.0198 | horse_03 horse_09
2026-06-25 12:11:50,814 INFO: avg err:0.0923 | err:0.0188 | horse_03 horse_10
2026-06-25 12:11:50,970 INFO: avg err:0.0921 | err:0.0412 | horse_04 cougar_01
2026-06-25 12:11:51,317 INFO: avg err:0.0920 | err:0.0499 | horse_04 cougar_02
2026-06-25 12:11:51,470 INFO: avg err:0.0918 | err:0.0433 | horse_04 cougar_03
2026-06-25 12:11:51,841 INFO: avg err:0.0916 | err:0.0451 | horse_04 cougar_04
2026-06-25 12:11:51,998 INFO: avg err:0.0916 | err:0.0975 | horse_04 hippo_01
2026-06-25 12:11:52,326 INFO: avg err:0.0919 | err:0.1506 | horse_04 hippo_02
2026-06-25 12:11:52,482 INFO: avg err:0.0922 | err:0.1900 | horse_04 hippo_03
2026-06-25 12:11:52,826 INFO: avg err:0.0922 | err:0.0814 | horse_04 hippo_04
2026-06-25 12:11:52,979 INFO: avg err:0.0922 | err:0.1025 | horse_04 hippo_05
2026-06-25 12:11:53,339 INFO: avg err:0.0927 | err:0.2216 | horse_04 hippo_06
2026-06-25 12:11:53,493 INFO: avg err:0.0924 | err:0.0206 | horse_04 horse_01
2026-06-25 12:11:53,864 INFO: avg err:0.0922 | err:0.0183 | horse_04 horse_02
2026-06-25 12:11:54,019 INFO: avg err:0.0919 | err:0.0204 | horse_04 horse_03
2026-06-25 12:11:54,376 INFO: avg err:0.0916 | err:0.0000 | horse_04 horse_04
2026-06-25 12:11:54,530 INFO: avg err:0.0918 | err:0.1646 | horse_04 horse_05
2026-06-25 12:11:54,886 INFO: avg err:0.0916 | err:0.0283 | horse_04 horse_06
2026-06-25 12:11:55,040 INFO: avg err:0.0914 | err:0.0293 | horse_04 horse_07
2026-06-25 12:11:55,396 INFO: avg err:0.0911 | err:0.0272 | horse_04 horse_08
2026-06-25 12:11:55,555 INFO: avg err:0.0909 | err:0.0211 | horse_04 horse_09
2026-06-25 12:11:55,918 INFO: avg err:0.0907 | err:0.0473 | horse_04 horse_10
2026-06-25 12:11:56,072 INFO: avg err:0.0907 | err:0.0831 | horse_05 cougar_01
2026-06-25 12:11:56,427 INFO: avg err:0.0907 | err:0.0816 | horse_05 cougar_02
2026-06-25 12:11:56,585 INFO: avg err:0.0908 | err:0.1157 | horse_05 cougar_03
2026-06-25 12:11:56,936 INFO: avg err:0.0907 | err:0.0801 | horse_05 cougar_04
2026-06-25 12:11:57,090 INFO: avg err:0.0907 | err:0.0956 | horse_05 hippo_01
2026-06-25 12:11:57,444 INFO: avg err:0.0909 | err:0.1259 | horse_05 hippo_02
2026-06-25 12:11:57,602 INFO: avg err:0.0912 | err:0.1848 | horse_05 hippo_03
2026-06-25 12:11:57,956 INFO: avg err:0.0913 | err:0.1249 | horse_05 hippo_04
2026-06-25 12:11:58,111 INFO: avg err:0.0915 | err:0.1402 | horse_05 hippo_05
2026-06-25 12:11:58,470 INFO: avg err:0.0915 | err:0.0915 | horse_05 hippo_06
2026-06-25 12:11:58,624 INFO: avg err:0.0914 | err:0.0712 | horse_05 horse_01
2026-06-25 12:11:58,979 INFO: avg err:0.0914 | err:0.0766 | horse_05 horse_02
2026-06-25 12:11:59,132 INFO: avg err:0.0913 | err:0.0700 | horse_05 horse_03
2026-06-25 12:11:59,491 INFO: avg err:0.0912 | err:0.0715 | horse_05 horse_04
2026-06-25 12:11:59,646 INFO: avg err:0.0909 | err:0.0000 | horse_05 horse_05
2026-06-25 12:12:00,009 INFO: avg err:0.0911 | err:0.1470 | horse_05 horse_06
2026-06-25 12:12:00,164 INFO: avg err:0.0912 | err:0.1120 | horse_05 horse_07
2026-06-25 12:12:00,501 INFO: avg err:0.0911 | err:0.0750 | horse_05 horse_08
2026-06-25 12:12:00,654 INFO: avg err:0.0912 | err:0.1216 | horse_05 horse_09
2026-06-25 12:12:01,030 INFO: avg err:0.0913 | err:0.1210 | horse_05 horse_10
2026-06-25 12:12:01,185 INFO: avg err:0.0912 | err:0.0597 | horse_06 cougar_01
2026-06-25 12:12:01,537 INFO: avg err:0.0911 | err:0.0654 | horse_06 cougar_02
2026-06-25 12:12:01,690 INFO: avg err:0.0910 | err:0.0448 | horse_06 cougar_03
2026-06-25 12:12:02,067 INFO: avg err:0.0909 | err:0.0722 | horse_06 cougar_04
2026-06-25 12:12:02,219 INFO: avg err:0.0911 | err:0.1520 | horse_06 hippo_01
2026-06-25 12:12:02,605 INFO: avg err:0.0913 | err:0.1476 | horse_06 hippo_02
2026-06-25 12:12:02,760 INFO: avg err:0.0919 | err:0.2822 | horse_06 hippo_03
2026-06-25 12:12:03,120 INFO: avg err:0.0920 | err:0.1101 | horse_06 hippo_04
2026-06-25 12:12:03,275 INFO: avg err:0.0921 | err:0.1328 | horse_06 hippo_05
2026-06-25 12:12:03,640 INFO: avg err:0.0927 | err:0.2789 | horse_06 hippo_06
2026-06-25 12:12:03,794 INFO: avg err:0.0925 | err:0.0224 | horse_06 horse_01
2026-06-25 12:12:04,148 INFO: avg err:0.0922 | err:0.0176 | horse_06 horse_02
2026-06-25 12:12:04,302 INFO: avg err:0.0920 | err:0.0195 | horse_06 horse_03
2026-06-25 12:12:04,654 INFO: avg err:0.0918 | err:0.0359 | horse_06 horse_04
2026-06-25 12:12:04,808 INFO: avg err:0.0925 | err:0.2966 | horse_06 horse_05
2026-06-25 12:12:05,154 INFO: avg err:0.0922 | err:0.0000 | horse_06 horse_06
2026-06-25 12:12:05,309 INFO: avg err:0.0919 | err:0.0150 | horse_06 horse_07
2026-06-25 12:12:05,684 INFO: avg err:0.0917 | err:0.0225 | horse_06 horse_08
2026-06-25 12:12:05,837 INFO: avg err:0.0915 | err:0.0267 | horse_06 horse_09
2026-06-25 12:12:06,204 INFO: avg err:0.0914 | err:0.0381 | horse_06 horse_10
2026-06-25 12:12:06,357 INFO: avg err:0.0912 | err:0.0347 | horse_07 cougar_01
2026-06-25 12:12:06,719 INFO: avg err:0.0910 | err:0.0397 | horse_07 cougar_02
2026-06-25 12:12:06,871 INFO: avg err:0.0909 | err:0.0375 | horse_07 cougar_03
2026-06-25 12:12:07,238 INFO: avg err:0.0907 | err:0.0322 | horse_07 cougar_04
2026-06-25 12:12:07,391 INFO: avg err:0.0909 | err:0.1499 | horse_07 hippo_01
2026-06-25 12:12:07,747 INFO: avg err:0.0910 | err:0.1506 | horse_07 hippo_02
2026-06-25 12:12:07,901 INFO: avg err:0.0916 | err:0.2590 | horse_07 hippo_03
2026-06-25 12:12:08,260 INFO: avg err:0.0917 | err:0.1345 | horse_07 hippo_04
2026-06-25 12:12:08,414 INFO: avg err:0.0917 | err:0.1110 | horse_07 hippo_05
2026-06-25 12:12:08,773 INFO: avg err:0.0922 | err:0.2539 | horse_07 hippo_06
2026-06-25 12:12:08,926 INFO: avg err:0.0920 | err:0.0220 | horse_07 horse_01
2026-06-25 12:12:09,284 INFO: avg err:0.0918 | err:0.0202 | horse_07 horse_02
2026-06-25 12:12:09,437 INFO: avg err:0.0916 | err:0.0212 | horse_07 horse_03
2026-06-25 12:12:09,806 INFO: avg err:0.0914 | err:0.0309 | horse_07 horse_04
2026-06-25 12:12:09,967 INFO: avg err:0.0919 | err:0.2423 | horse_07 horse_05
2026-06-25 12:12:10,317 INFO: avg err:0.0916 | err:0.0179 | horse_07 horse_06
2026-06-25 12:12:10,471 INFO: avg err:0.0914 | err:0.0000 | horse_07 horse_07
2026-06-25 12:12:10,827 INFO: avg err:0.0912 | err:0.0264 | horse_07 horse_08
2026-06-25 12:12:10,980 INFO: avg err:0.0910 | err:0.0297 | horse_07 horse_09
2026-06-25 12:12:11,334 INFO: avg err:0.0908 | err:0.0216 | horse_07 horse_10
2026-06-25 12:12:11,488 INFO: avg err:0.0906 | err:0.0418 | horse_08 cougar_01
2026-06-25 12:12:11,856 INFO: avg err:0.0905 | err:0.0494 | horse_08 cougar_02
2026-06-25 12:12:12,011 INFO: avg err:0.0904 | err:0.0466 | horse_08 cougar_03
2026-06-25 12:12:12,372 INFO: avg err:0.0903 | err:0.0405 | horse_08 cougar_04
2026-06-25 12:12:12,527 INFO: avg err:0.0902 | err:0.0878 | horse_08 hippo_01
2026-06-25 12:12:12,877 INFO: avg err:0.0904 | err:0.1398 | horse_08 hippo_02
2026-06-25 12:12:13,032 INFO: avg err:0.0907 | err:0.2096 | horse_08 hippo_03
2026-06-25 12:12:13,382 INFO: avg err:0.0908 | err:0.1058 | horse_08 hippo_04
2026-06-25 12:12:13,537 INFO: avg err:0.0908 | err:0.1107 | horse_08 hippo_05
2026-06-25 12:12:13,895 INFO: avg err:0.0913 | err:0.2482 | horse_08 hippo_06
2026-06-25 12:12:14,049 INFO: avg err:0.0911 | err:0.0231 | horse_08 horse_01
2026-06-25 12:12:14,413 INFO: avg err:0.0909 | err:0.0191 | horse_08 horse_02
2026-06-25 12:12:14,567 INFO: avg err:0.0907 | err:0.0210 | horse_08 horse_03
2026-06-25 12:12:14,923 INFO: avg err:0.0905 | err:0.0289 | horse_08 horse_04
2026-06-25 12:12:15,080 INFO: avg err:0.0908 | err:0.2083 | horse_08 horse_05
2026-06-25 12:12:15,434 INFO: avg err:0.0907 | err:0.0249 | horse_08 horse_06
2026-06-25 12:12:15,592 INFO: avg err:0.0905 | err:0.0308 | horse_08 horse_07
2026-06-25 12:12:15,940 INFO: avg err:0.0902 | err:0.0000 | horse_08 horse_08
2026-06-25 12:12:16,098 INFO: avg err:0.0901 | err:0.0224 | horse_08 horse_09
2026-06-25 12:12:16,451 INFO: avg err:0.0899 | err:0.0447 | horse_08 horse_10
2026-06-25 12:12:16,607 INFO: avg err:0.0898 | err:0.0437 | horse_09 cougar_01
2026-06-25 12:12:16,979 INFO: avg err:0.0897 | err:0.0512 | horse_09 cougar_02
2026-06-25 12:12:17,134 INFO: avg err:0.0896 | err:0.0460 | horse_09 cougar_03
2026-06-25 12:12:17,502 INFO: avg err:0.0894 | err:0.0455 | horse_09 cougar_04
2026-06-25 12:12:17,657 INFO: avg err:0.0895 | err:0.1187 | horse_09 hippo_01
2026-06-25 12:12:18,008 INFO: avg err:0.0897 | err:0.1622 | horse_09 hippo_02
2026-06-25 12:12:18,164 INFO: avg err:0.0901 | err:0.2419 | horse_09 hippo_03
2026-06-25 12:12:18,522 INFO: avg err:0.0901 | err:0.0812 | horse_09 hippo_04
2026-06-25 12:12:18,678 INFO: avg err:0.0902 | err:0.1085 | horse_09 hippo_05
2026-06-25 12:12:19,032 INFO: avg err:0.0906 | err:0.2462 | horse_09 hippo_06
2026-06-25 12:12:19,187 INFO: avg err:0.0904 | err:0.0198 | horse_09 horse_01
2026-06-25 12:12:19,549 INFO: avg err:0.0902 | err:0.0170 | horse_09 horse_02
2026-06-25 12:12:19,704 INFO: avg err:0.0900 | err:0.0200 | horse_09 horse_03
2026-06-25 12:12:20,064 INFO: avg err:0.0898 | err:0.0201 | horse_09 horse_04
2026-06-25 12:12:20,220 INFO: avg err:0.0901 | err:0.2089 | horse_09 horse_05
2026-06-25 12:12:20,583 INFO: avg err:0.0900 | err:0.0434 | horse_09 horse_06
2026-06-25 12:12:20,741 INFO: avg err:0.0899 | err:0.0470 | horse_09 horse_07
2026-06-25 12:12:21,095 INFO: avg err:0.0897 | err:0.0195 | horse_09 horse_08
2026-06-25 12:12:21,250 INFO: avg err:0.0895 | err:0.0000 | horse_09 horse_09
2026-06-25 12:12:21,612 INFO: avg err:0.0894 | err:0.0680 | horse_09 horse_10
2026-06-25 12:12:21,767 INFO: avg err:0.0893 | err:0.0419 | horse_10 cougar_01
2026-06-25 12:12:22,144 INFO: avg err:0.0892 | err:0.0501 | horse_10 cougar_02
2026-06-25 12:12:22,299 INFO: avg err:0.0891 | err:0.0468 | horse_10 cougar_03
2026-06-25 12:12:22,664 INFO: avg err:0.0890 | err:0.0434 | horse_10 cougar_04
2026-06-25 12:12:22,823 INFO: avg err:0.0891 | err:0.1335 | horse_10 hippo_01
2026-06-25 12:12:23,178 INFO: avg err:0.0891 | err:0.1111 | horse_10 hippo_02
2026-06-25 12:12:23,333 INFO: avg err:0.0895 | err:0.2455 | horse_10 hippo_03
2026-06-25 12:12:23,693 INFO: avg err:0.0896 | err:0.0976 | horse_10 hippo_04
2026-06-25 12:12:23,848 INFO: avg err:0.0896 | err:0.1065 | horse_10 hippo_05
2026-06-25 12:12:24,212 INFO: avg err:0.0900 | err:0.2544 | horse_10 hippo_06
2026-06-25 12:12:24,402 INFO: avg err:0.0898 | err:0.0178 | horse_10 horse_01
2026-06-25 12:12:24,710 INFO: avg err:0.0897 | err:0.0141 | horse_10 horse_02
2026-06-25 12:12:24,865 INFO: avg err:0.0895 | err:0.0137 | horse_10 horse_03
2026-06-25 12:12:25,215 INFO: avg err:0.0893 | err:0.0214 | horse_10 horse_04
2026-06-25 12:12:25,369 INFO: avg err:0.0896 | err:0.2150 | horse_10 horse_05
2026-06-25 12:12:25,739 INFO: avg err:0.0894 | err:0.0220 | horse_10 horse_06
2026-06-25 12:12:25,895 INFO: avg err:0.0893 | err:0.0229 | horse_10 horse_07
2026-06-25 12:12:26,240 INFO: avg err:0.0892 | err:0.0524 | horse_10 horse_08
2026-06-25 12:12:26,390 INFO: avg err:0.0890 | err:0.0214 | horse_10 horse_09
2026-06-25 12:12:26,752 INFO: avg err:0.0888 | err:0.0000 | horse_10 horse_10
2026-06-25 12:12:26,780 INFO: Avg time: 0.0213
2026-06-25 12:12:27,195 INFO: Val auc: 0.7420
2026-06-25 12:12:27,199 INFO: Val avg error: 0.0888
2026-06-25 12:12:27,243 INFO: [ONB diag] max|Q-I|: mean=3.4168e-07 max=4.7684e-07 | max|Φ̃ᵀMΦ̃-I|: mean=3.4168e-07 max=4.7684e-07
2026-06-25 12:12:27,244 INFO: Save the best model.
