2026-06-24 15:22:30,951 INFO: 
Version Information: 
	Python: 3.10.20
	PyTorch: 2.3.0+cu121
	TorchVision: 0.18.0+cu121
2026-06-24 15:22:30,951 INFO: 
  backend: dp
  type: ONB_ULRSSM_Model
  num_gpu: 1
  manual_seed: 1234
  non-isometric: False
  partial: False
  path:[
    resume_state: None
    experiments_root: /home/ioana/cortex_project/LearningBasis/DeepShapeMatchingKit/experiments/ulrssm/brain_onb
    models: /home/ioana/cortex_project/LearningBasis/DeepShapeMatchingKit/experiments/ulrssm/brain_onb/models
    log: /home/ioana/cortex_project/LearningBasis/DeepShapeMatchingKit/experiments/ulrssm/brain_onb/log
  ]
  datasets:[
    train_dataset:[
      name: BrainTrain
      type: PairBrainDataset
      phase: train
      data_root: /mnt/data/ioana/downsampled_1k/mindboggle
      mesh_name: lh_white_reduced_1k
      train_frac: 0.9
      include_same_pair: False
      return_evecs: True
      return_faces: True
      num_evecs: 64
      return_corr: False
      return_dist: False
    ]
    test_dataset:[
      name: BrainTest
      type: PairBrainDataset
      phase: test
      data_root: /mnt/data/ioana/downsampled_1k/mindboggle
      mesh_name: lh_white_reduced_1k
      train_frac: 0.9
      include_same_pair: False
      return_evecs: True
      return_faces: True
      num_evecs: 64
      return_corr: False
      return_dist: False
    ]
    batch_size: 1
    num_worker: 2
  ]
  networks:[
    feature_extractor:[
      type: DiffusionNet_B
      in_channels: 128
      out_channels: 256
      input_type: wks
    ]
    onb_correction:[
      type: CayleyONBCorrection
      feature_dim: 256
      rank: 16
      num_steps: 20
      bypass: False
    ]
    fmap_net:[
      type: FasterRegularizedFMNet
      bidirectional: True
    ]
    permutation:[
      type: Similarity
      tau: 0.07
    ]
  ]
  train:[
    total_epochs: 3
    optims:[
      feature_extractor:[
        type: Adam
        lr: 0.001
      ]
      onb_correction:[
        type: Adam
        lr: 0.001
      ]
    ]
    schedulers:[
      feature_extractor:[
        type: CosineAnnealingLR
        eta_min: 0.0001
        T_max: 3
      ]
      onb_correction:[
        type: CosineAnnealingLR
        eta_min: 0.0001
        T_max: 3
      ]
    ]
    losses:[
      surfmnet_loss:[
        type: SURFMNetLoss
        w_bij: 1.0
        w_orth: 1.0
        w_lap: 0.0
      ]
      align_loss:[
        type: SquaredFrobeniusLoss
        loss_weight: 1.0
      ]
    ]
  ]
  val:[
    val_freq: 2000
    metrics:[
    ]
  ]
  logger:[
    print_freq: 20
    save_checkpoint_freq: 2000
  ]
  name: brain_onb
  is_train: True
  dist: False
  rank: 0
  world_size: 1
  root_path: /home/ioana/cortex_project/LearningBasis/DeepShapeMatchingKit

2026-06-24 15:22:30,958 INFO: Dataset [PairBrainDataset]-[BrainTrain] is built.
2026-06-24 15:22:30,960 INFO: Dataset [PairBrainDataset]-[BrainTest] is built.
2026-06-24 15:22:30,961 INFO: Training statistics:
	Number of train images: 8190
	Dataset enlarge ratio: 1
	Batch size: 1
	World size (gpu number): 1
	Require iter number per epoch: 8190
	Total epochs: 3; iters: 24570.
2026-06-24 15:22:30,961 INFO: Validation statistics:
	Number of val images: 90
2026-06-24 15:22:30,992 INFO: Network [DiffusionNet_B] is created.
2026-06-24 15:22:30,996 INFO: Network [CayleyONBCorrection] is created.
2026-06-24 15:22:30,996 INFO: Network [FasterRegularizedFMNet] is created.
2026-06-24 15:22:30,997 INFO: Network [Similarity] is created.
2026-06-24 15:22:31,099 INFO: Network: DiffusionNet_B, with parameters: 510,336
2026-06-24 15:22:31,099 INFO: Network: CayleyONBCorrection, with parameters: 79,872
2026-06-24 15:22:31,099 INFO: Network: FasterRegularizedFMNet, with parameters: 0
2026-06-24 15:22:31,099 INFO: Network: Similarity, with parameters: 0
2026-06-24 15:22:31,100 INFO: Network fmap_net has no param to optimize. Ignore it.
2026-06-24 15:22:31,101 INFO: Network permutation has no param to optimize. Ignore it.
2026-06-24 15:22:31,101 INFO: Loss [SURFMNetLoss] is created.
2026-06-24 15:22:31,101 INFO: Loss [SquaredFrobeniusLoss] is created.
2026-06-24 15:22:31,105 INFO: Model [ONB_ULRSSM_Model] is created.
2026-06-24 15:22:31,105 INFO: Start training from epoch: 0, iter: 0
2026-06-24 15:22:36,145 INFO: [brain..][epoch:  1, iter:      20, lr:(1.000e-03,1.000e-03,)][eta: 1:16:00, time (data): 0.252 (0.017)]l_bij: 7.0987e+01 l_orth: 8.5849e+01 l_align: 6.9490e+01 l_total: 2.2632e+02 
2026-06-24 15:22:40,266 INFO: [brain..][epoch:  1, iter:      40, lr:(1.000e-03,1.000e-03,)][eta: 1:20:00, time (data): 0.229 (0.015)]l_bij: 7.8326e+01 l_orth: 7.5653e+01 l_align: 4.9810e+01 l_total: 2.0379e+02 
2026-06-24 15:22:44,432 INFO: [brain..][epoch:  1, iter:      60, lr:(1.000e-03,1.000e-03,)][eta: 1:21:37, time (data): 0.222 (0.014)]l_bij: 8.1454e+01 l_orth: 7.6873e+01 l_align: 4.3138e+01 l_total: 2.0146e+02 
2026-06-24 15:22:48,565 INFO: [brain..][epoch:  1, iter:      80, lr:(1.000e-03,1.000e-03,)][eta: 1:22:14, time (data): 0.218 (0.013)]l_bij: 8.1106e+01 l_orth: 7.6575e+01 l_align: 4.2639e+01 l_total: 2.0032e+02 
2026-06-24 15:22:52,705 INFO: [brain..][epoch:  1, iter:     100, lr:(1.000e-03,1.000e-03,)][eta: 1:22:37, time (data): 0.216 (0.013)]l_bij: 8.0505e+01 l_orth: 7.4996e+01 l_align: 4.2501e+01 l_total: 1.9800e+02 
2026-06-24 15:22:56,853 INFO: [brain..][epoch:  1, iter:     120, lr:(1.000e-03,1.000e-03,)][eta: 1:22:52, time (data): 0.214 (0.012)]l_bij: 8.0014e+01 l_orth: 7.5224e+01 l_align: 4.3698e+01 l_total: 1.9894e+02 
2026-06-24 15:23:00,946 INFO: [brain..][epoch:  1, iter:     140, lr:(1.000e-03,1.000e-03,)][eta: 1:22:53, time (data): 0.213 (0.012)]l_bij: 8.0321e+01 l_orth: 7.5275e+01 l_align: 4.2578e+01 l_total: 1.9817e+02 
2026-06-24 15:23:05,088 INFO: [brain..][epoch:  1, iter:     160, lr:(1.000e-03,1.000e-03,)][eta: 1:22:59, time (data): 0.212 (0.012)]l_bij: 8.1152e+01 l_orth: 7.5221e+01 l_align: 4.1247e+01 l_total: 1.9762e+02 
2026-06-24 15:23:09,217 INFO: [brain..][epoch:  1, iter:     180, lr:(1.000e-03,1.000e-03,)][eta: 1:23:02, time (data): 0.212 (0.012)]l_bij: 8.0260e+01 l_orth: 7.6323e+01 l_align: 4.3531e+01 l_total: 2.0011e+02 
2026-06-24 15:23:13,405 INFO: [brain..][epoch:  1, iter:     200, lr:(1.000e-03,1.000e-03,)][eta: 1:23:10, time (data): 0.211 (0.012)]l_bij: 8.0605e+01 l_orth: 7.5578e+01 l_align: 4.3142e+01 l_total: 1.9932e+02 
2026-06-24 15:23:17,745 INFO: [brain..][epoch:  1, iter:     220, lr:(1.000e-03,1.000e-03,)][eta: 1:23:33, time (data): 0.217 (0.011)]l_bij: 8.0995e+01 l_orth: 7.5470e+01 l_align: 4.2800e+01 l_total: 1.9926e+02 
2026-06-24 15:23:21,894 INFO: [brain..][epoch:  1, iter:     240, lr:(1.000e-03,1.000e-03,)][eta: 1:23:32, time (data): 0.212 (0.012)]l_bij: 7.9080e+01 l_orth: 7.5295e+01 l_align: 4.4346e+01 l_total: 1.9872e+02 
2026-06-24 15:23:26,085 INFO: [brain..][epoch:  1, iter:     260, lr:(1.000e-03,1.000e-03,)][eta: 1:23:34, time (data): 0.211 (0.012)]l_bij: 7.8554e+01 l_orth: 7.3554e+01 l_align: 4.3477e+01 l_total: 1.9559e+02 
2026-06-24 15:23:30,239 INFO: [brain..][epoch:  1, iter:     280, lr:(1.000e-03,1.000e-03,)][eta: 1:23:33, time (data): 0.210 (0.012)]l_bij: 8.1035e+01 l_orth: 7.6819e+01 l_align: 4.2520e+01 l_total: 2.0037e+02 
2026-06-24 15:23:34,406 INFO: [brain..][epoch:  1, iter:     300, lr:(1.000e-03,1.000e-03,)][eta: 1:23:32, time (data): 0.210 (0.012)]l_bij: 8.2703e+01 l_orth: 7.8486e+01 l_align: 4.1085e+01 l_total: 2.0227e+02 
2026-06-24 15:23:38,577 INFO: [brain..][epoch:  1, iter:     320, lr:(1.000e-03,1.000e-03,)][eta: 1:23:31, time (data): 0.210 (0.012)]l_bij: 8.2026e+01 l_orth: 7.6992e+01 l_align: 4.1912e+01 l_total: 2.0093e+02 
2026-06-24 15:23:42,714 INFO: [brain..][epoch:  1, iter:     340, lr:(1.000e-03,1.000e-03,)][eta: 1:23:27, time (data): 0.209 (0.012)]l_bij: 8.3427e+01 l_orth: 7.8143e+01 l_align: 3.8848e+01 l_total: 2.0042e+02 
2026-06-24 15:23:46,869 INFO: [brain..][epoch:  1, iter:     360, lr:(1.000e-03,1.000e-03,)][eta: 1:23:24, time (data): 0.209 (0.012)]l_bij: 8.0154e+01 l_orth: 7.5496e+01 l_align: 4.3394e+01 l_total: 1.9904e+02 
2026-06-24 15:23:51,084 INFO: [brain..][epoch:  1, iter:     380, lr:(1.000e-03,1.000e-03,)][eta: 1:23:25, time (data): 0.209 (0.012)]l_bij: 8.2721e+01 l_orth: 7.7594e+01 l_align: 4.1360e+01 l_total: 2.0167e+02 
2026-06-24 15:23:55,285 INFO: [brain..][epoch:  1, iter:     400, lr:(1.000e-03,1.000e-03,)][eta: 1:23:25, time (data): 0.209 (0.012)]l_bij: 8.0701e+01 l_orth: 7.7384e+01 l_align: 4.2076e+01 l_total: 2.0016e+02 
2026-06-24 15:23:59,436 INFO: [brain..][epoch:  1, iter:     420, lr:(1.000e-03,1.000e-03,)][eta: 1:23:21, time (data): 0.208 (0.012)]l_bij: 8.2383e+01 l_orth: 7.7083e+01 l_align: 4.1193e+01 l_total: 2.0066e+02 
2026-06-24 15:24:03,568 INFO: [brain..][epoch:  1, iter:     440, lr:(1.000e-03,1.000e-03,)][eta: 1:23:16, time (data): 0.207 (0.012)]l_bij: 7.9790e+01 l_orth: 7.4804e+01 l_align: 4.4063e+01 l_total: 1.9866e+02 
2026-06-24 15:24:07,717 INFO: [brain..][epoch:  1, iter:     460, lr:(1.000e-03,1.000e-03,)][eta: 1:23:13, time (data): 0.207 (0.012)]l_bij: 8.2023e+01 l_orth: 7.6848e+01 l_align: 3.9618e+01 l_total: 1.9849e+02 
2026-06-24 15:24:11,923 INFO: [brain..][epoch:  1, iter:     480, lr:(1.000e-03,1.000e-03,)][eta: 1:23:12, time (data): 0.208 (0.012)]l_bij: 8.0985e+01 l_orth: 7.5559e+01 l_align: 4.3112e+01 l_total: 1.9966e+02 
2026-06-24 15:24:16,046 INFO: [brain..][epoch:  1, iter:     500, lr:(1.000e-03,1.000e-03,)][eta: 1:23:06, time (data): 0.207 (0.012)]l_bij: 8.2027e+01 l_orth: 7.6177e+01 l_align: 4.0013e+01 l_total: 1.9822e+02 
2026-06-24 15:24:20,161 INFO: [brain..][epoch:  1, iter:     520, lr:(1.000e-03,1.000e-03,)][eta: 1:23:01, time (data): 0.207 (0.012)]l_bij: 8.0595e+01 l_orth: 7.4705e+01 l_align: 4.3006e+01 l_total: 1.9831e+02 
2026-06-24 15:24:24,327 INFO: [brain..][epoch:  1, iter:     540, lr:(1.000e-03,1.000e-03,)][eta: 1:22:58, time (data): 0.207 (0.012)]l_bij: 7.9815e+01 l_orth: 7.6345e+01 l_align: 4.4658e+01 l_total: 2.0082e+02 
2026-06-24 15:24:28,509 INFO: [brain..][epoch:  1, iter:     560, lr:(1.000e-03,1.000e-03,)][eta: 1:22:55, time (data): 0.207 (0.012)]l_bij: 8.2441e+01 l_orth: 7.6716e+01 l_align: 4.1376e+01 l_total: 2.0053e+02 
2026-06-24 15:24:32,696 INFO: [brain..][epoch:  1, iter:     580, lr:(1.000e-03,1.000e-03,)][eta: 1:22:53, time (data): 0.208 (0.012)]l_bij: 8.0864e+01 l_orth: 7.5575e+01 l_align: 4.1564e+01 l_total: 1.9800e+02 
2026-06-24 15:24:36,830 INFO: [brain..][epoch:  1, iter:     600, lr:(1.000e-03,1.000e-03,)][eta: 1:22:48, time (data): 0.208 (0.012)]l_bij: 8.1279e+01 l_orth: 7.6709e+01 l_align: 4.1732e+01 l_total: 1.9972e+02 
2026-06-24 15:24:40,984 INFO: [brain..][epoch:  1, iter:     620, lr:(1.000e-03,1.000e-03,)][eta: 1:22:44, time (data): 0.208 (0.013)]l_bij: 8.1572e+01 l_orth: 7.5782e+01 l_align: 4.2340e+01 l_total: 1.9969e+02 
2026-06-24 15:24:45,126 INFO: [brain..][epoch:  1, iter:     640, lr:(1.000e-03,1.000e-03,)][eta: 1:22:40, time (data): 0.207 (0.012)]l_bij: 7.9897e+01 l_orth: 7.4077e+01 l_align: 4.3415e+01 l_total: 1.9739e+02 
2026-06-24 15:24:49,318 INFO: [brain..][epoch:  1, iter:     660, lr:(1.000e-03,1.000e-03,)][eta: 1:22:38, time (data): 0.208 (0.012)]l_bij: 7.8803e+01 l_orth: 7.3771e+01 l_align: 4.4720e+01 l_total: 1.9729e+02 
2026-06-24 15:24:53,473 INFO: [brain..][epoch:  1, iter:     680, lr:(1.000e-03,1.000e-03,)][eta: 1:22:34, time (data): 0.208 (0.012)]l_bij: 8.1949e+01 l_orth: 7.5980e+01 l_align: 3.9940e+01 l_total: 1.9787e+02 
2026-06-24 15:24:57,624 INFO: [brain..][epoch:  1, iter:     700, lr:(1.000e-03,1.000e-03,)][eta: 1:22:30, time (data): 0.208 (0.012)]l_bij: 8.0093e+01 l_orth: 7.5878e+01 l_align: 4.3101e+01 l_total: 1.9907e+02 
2026-06-24 15:25:01,768 INFO: [brain..][epoch:  1, iter:     720, lr:(1.000e-03,1.000e-03,)][eta: 1:22:25, time (data): 0.208 (0.012)]l_bij: 8.1279e+01 l_orth: 7.5969e+01 l_align: 4.0954e+01 l_total: 1.9820e+02 
2026-06-24 15:25:05,921 INFO: [brain..][epoch:  1, iter:     740, lr:(1.000e-03,1.000e-03,)][eta: 1:22:21, time (data): 0.208 (0.012)]l_bij: 8.1613e+01 l_orth: 7.5786e+01 l_align: 4.0349e+01 l_total: 1.9775e+02 
2026-06-24 15:25:10,116 INFO: [brain..][epoch:  1, iter:     760, lr:(1.000e-03,1.000e-03,)][eta: 1:22:19, time (data): 0.208 (0.012)]l_bij: 8.0386e+01 l_orth: 7.5464e+01 l_align: 4.1805e+01 l_total: 1.9766e+02 
2026-06-24 15:25:14,315 INFO: [brain..][epoch:  1, iter:     780, lr:(1.000e-03,1.000e-03,)][eta: 1:22:16, time (data): 0.208 (0.012)]l_bij: 8.0401e+01 l_orth: 7.5813e+01 l_align: 4.2015e+01 l_total: 1.9823e+02 
2026-06-24 15:25:18,453 INFO: [brain..][epoch:  1, iter:     800, lr:(1.000e-03,1.000e-03,)][eta: 1:22:12, time (data): 0.208 (0.012)]l_bij: 7.9832e+01 l_orth: 7.4906e+01 l_align: 4.3407e+01 l_total: 1.9814e+02 
2026-06-24 15:25:22,634 INFO: [brain..][epoch:  1, iter:     820, lr:(1.000e-03,1.000e-03,)][eta: 1:22:08, time (data): 0.210 (0.012)]l_bij: 8.0685e+01 l_orth: 7.5047e+01 l_align: 4.1135e+01 l_total: 1.9687e+02 
2026-06-24 15:25:26,789 INFO: [brain..][epoch:  1, iter:     840, lr:(1.000e-03,1.000e-03,)][eta: 1:22:04, time (data): 0.209 (0.012)]l_bij: 7.9763e+01 l_orth: 7.4218e+01 l_align: 4.2390e+01 l_total: 1.9637e+02 
2026-06-24 15:25:30,942 INFO: [brain..][epoch:  1, iter:     860, lr:(1.000e-03,1.000e-03,)][eta: 1:22:00, time (data): 0.208 (0.012)]l_bij: 8.2478e+01 l_orth: 7.7357e+01 l_align: 4.0084e+01 l_total: 1.9992e+02 
2026-06-24 15:25:35,070 INFO: [brain..][epoch:  1, iter:     880, lr:(1.000e-03,1.000e-03,)][eta: 1:21:55, time (data): 0.208 (0.012)]l_bij: 7.9736e+01 l_orth: 7.3442e+01 l_align: 4.2996e+01 l_total: 1.9617e+02 
2026-06-24 15:25:39,209 INFO: [brain..][epoch:  1, iter:     900, lr:(1.000e-03,1.000e-03,)][eta: 1:21:51, time (data): 0.208 (0.012)]l_bij: 8.1729e+01 l_orth: 7.5854e+01 l_align: 3.9909e+01 l_total: 1.9749e+02 
2026-06-24 15:25:43,337 INFO: [brain..][epoch:  1, iter:     920, lr:(1.000e-03,1.000e-03,)][eta: 1:21:46, time (data): 0.207 (0.012)]l_bij: 8.2448e+01 l_orth: 7.6540e+01 l_align: 4.0331e+01 l_total: 1.9932e+02 
2026-06-24 15:25:47,456 INFO: [brain..][epoch:  1, iter:     940, lr:(1.000e-03,1.000e-03,)][eta: 1:21:41, time (data): 0.207 (0.012)]l_bij: 8.1268e+01 l_orth: 7.5726e+01 l_align: 4.0492e+01 l_total: 1.9749e+02 
2026-06-24 15:25:51,605 INFO: [brain..][epoch:  1, iter:     960, lr:(1.000e-03,1.000e-03,)][eta: 1:21:37, time (data): 0.207 (0.012)]l_bij: 7.7786e+01 l_orth: 7.2719e+01 l_align: 4.3026e+01 l_total: 1.9353e+02 
2026-06-24 15:25:55,769 INFO: [brain..][epoch:  1, iter:     980, lr:(1.000e-03,1.000e-03,)][eta: 1:21:33, time (data): 0.207 (0.012)]l_bij: 7.8187e+01 l_orth: 7.2754e+01 l_align: 4.3249e+01 l_total: 1.9419e+02 
2026-06-24 15:25:59,901 INFO: [brain..][epoch:  1, iter:   1,000, lr:(1.000e-03,1.000e-03,)][eta: 1:21:29, time (data): 0.207 (0.012)]l_bij: 8.0148e+01 l_orth: 7.4437e+01 l_align: 4.3109e+01 l_total: 1.9769e+02 
2026-06-24 15:26:03,996 INFO: [brain..][epoch:  1, iter:   1,020, lr:(1.000e-03,1.000e-03,)][eta: 1:21:24, time (data): 0.205 (0.012)]l_bij: 7.9922e+01 l_orth: 7.4799e+01 l_align: 4.3128e+01 l_total: 1.9785e+02 
2026-06-24 15:26:08,101 INFO: [brain..][epoch:  1, iter:   1,040, lr:(1.000e-03,1.000e-03,)][eta: 1:21:18, time (data): 0.205 (0.012)]l_bij: 7.9872e+01 l_orth: 7.3750e+01 l_align: 4.1419e+01 l_total: 1.9504e+02 
2026-06-24 15:26:12,217 INFO: [brain..][epoch:  1, iter:   1,060, lr:(1.000e-03,1.000e-03,)][eta: 1:21:14, time (data): 0.205 (0.012)]l_bij: 8.0761e+01 l_orth: 7.5313e+01 l_align: 4.0354e+01 l_total: 1.9643e+02 
2026-06-24 15:26:16,329 INFO: [brain..][epoch:  1, iter:   1,080, lr:(1.000e-03,1.000e-03,)][eta: 1:21:09, time (data): 0.205 (0.012)]l_bij: 8.1403e+01 l_orth: 7.5351e+01 l_align: 3.9742e+01 l_total: 1.9650e+02 
2026-06-24 15:26:20,457 INFO: [brain..][epoch:  1, iter:   1,100, lr:(1.000e-03,1.000e-03,)][eta: 1:21:04, time (data): 0.205 (0.012)]l_bij: 7.9696e+01 l_orth: 7.4081e+01 l_align: 4.2889e+01 l_total: 1.9667e+02 
2026-06-24 15:26:24,549 INFO: [brain..][epoch:  1, iter:   1,120, lr:(1.000e-03,1.000e-03,)][eta: 1:20:59, time (data): 0.205 (0.012)]l_bij: 8.3629e+01 l_orth: 7.9541e+01 l_align: 3.9210e+01 l_total: 2.0238e+02 
2026-06-24 15:26:28,681 INFO: [brain..][epoch:  1, iter:   1,140, lr:(1.000e-03,1.000e-03,)][eta: 1:20:54, time (data): 0.205 (0.012)]l_bij: 7.9205e+01 l_orth: 7.4034e+01 l_align: 4.2327e+01 l_total: 1.9557e+02 
2026-06-24 15:26:32,781 INFO: [brain..][epoch:  1, iter:   1,160, lr:(1.000e-03,1.000e-03,)][eta: 1:20:49, time (data): 0.205 (0.012)]l_bij: 7.8613e+01 l_orth: 7.2782e+01 l_align: 4.2457e+01 l_total: 1.9385e+02 
2026-06-24 15:26:36,917 INFO: [brain..][epoch:  1, iter:   1,180, lr:(1.000e-03,1.000e-03,)][eta: 1:20:45, time (data): 0.206 (0.012)]l_bij: 8.0368e+01 l_orth: 7.4076e+01 l_align: 4.1885e+01 l_total: 1.9633e+02 
2026-06-24 15:26:41,086 INFO: [brain..][epoch:  1, iter:   1,200, lr:(1.000e-03,1.000e-03,)][eta: 1:20:41, time (data): 0.206 (0.012)]l_bij: 8.0111e+01 l_orth: 7.4229e+01 l_align: 4.0045e+01 l_total: 1.9439e+02 
2026-06-24 15:26:45,240 INFO: [brain..][epoch:  1, iter:   1,220, lr:(1.000e-03,1.000e-03,)][eta: 1:20:38, time (data): 0.209 (0.012)]l_bij: 8.0809e+01 l_orth: 7.6091e+01 l_align: 4.0450e+01 l_total: 1.9735e+02 
2026-06-24 15:26:49,345 INFO: [brain..][epoch:  1, iter:   1,240, lr:(1.000e-03,1.000e-03,)][eta: 1:20:33, time (data): 0.207 (0.012)]l_bij: 7.9740e+01 l_orth: 7.4800e+01 l_align: 4.0828e+01 l_total: 1.9537e+02 
2026-06-24 15:26:53,480 INFO: [brain..][epoch:  1, iter:   1,260, lr:(1.000e-03,1.000e-03,)][eta: 1:20:28, time (data): 0.207 (0.012)]l_bij: 7.9172e+01 l_orth: 7.3469e+01 l_align: 4.2165e+01 l_total: 1.9481e+02 
2026-06-24 15:26:57,565 INFO: [brain..][epoch:  1, iter:   1,280, lr:(1.000e-03,1.000e-03,)][eta: 1:20:23, time (data): 0.206 (0.012)]l_bij: 7.9438e+01 l_orth: 7.4743e+01 l_align: 4.2395e+01 l_total: 1.9658e+02 
2026-06-24 15:27:01,708 INFO: [brain..][epoch:  1, iter:   1,300, lr:(1.000e-03,1.000e-03,)][eta: 1:20:19, time (data): 0.206 (0.012)]l_bij: 7.7356e+01 l_orth: 7.1822e+01 l_align: 4.3563e+01 l_total: 1.9274e+02 
2026-06-24 15:27:05,778 INFO: [brain..][epoch:  1, iter:   1,320, lr:(1.000e-03,1.000e-03,)][eta: 1:20:14, time (data): 0.206 (0.012)]l_bij: 8.0782e+01 l_orth: 7.5166e+01 l_align: 4.1913e+01 l_total: 1.9786e+02 
2026-06-24 15:27:09,849 INFO: [brain..][epoch:  1, iter:   1,340, lr:(1.000e-03,1.000e-03,)][eta: 1:20:08, time (data): 0.205 (0.012)]l_bij: 7.4292e+01 l_orth: 6.9380e+01 l_align: 4.6761e+01 l_total: 1.9043e+02 
2026-06-24 15:27:13,933 INFO: [brain..][epoch:  1, iter:   1,360, lr:(1.000e-03,1.000e-03,)][eta: 1:20:03, time (data): 0.205 (0.012)]l_bij: 8.1476e+01 l_orth: 7.5058e+01 l_align: 3.9815e+01 l_total: 1.9635e+02 
2026-06-24 15:27:18,061 INFO: [brain..][epoch:  1, iter:   1,380, lr:(1.000e-03,1.000e-03,)][eta: 1:19:59, time (data): 0.205 (0.012)]l_bij: 8.0770e+01 l_orth: 7.4417e+01 l_align: 4.2153e+01 l_total: 1.9734e+02 
2026-06-24 15:27:22,293 INFO: [brain..][epoch:  1, iter:   1,400, lr:(1.000e-03,1.000e-03,)][eta: 1:19:56, time (data): 0.206 (0.012)]l_bij: 7.9703e+01 l_orth: 7.7108e+01 l_align: 4.3809e+01 l_total: 2.0062e+02 
2026-06-24 15:27:26,453 INFO: [brain..][epoch:  1, iter:   1,420, lr:(1.000e-03,1.000e-03,)][eta: 1:19:52, time (data): 0.206 (0.012)]l_bij: 8.0352e+01 l_orth: 7.4803e+01 l_align: 3.9668e+01 l_total: 1.9482e+02 
2026-06-24 15:27:30,630 INFO: [brain..][epoch:  1, iter:   1,440, lr:(1.000e-03,1.000e-03,)][eta: 1:19:49, time (data): 0.208 (0.012)]l_bij: 7.5488e+01 l_orth: 7.0008e+01 l_align: 4.3219e+01 l_total: 1.8872e+02 
2026-06-24 15:27:34,736 INFO: [brain..][epoch:  1, iter:   1,460, lr:(1.000e-03,1.000e-03,)][eta: 1:19:44, time (data): 0.207 (0.012)]l_bij: 7.7069e+01 l_orth: 7.1797e+01 l_align: 4.3145e+01 l_total: 1.9201e+02 
2026-06-24 15:27:38,880 INFO: [brain..][epoch:  1, iter:   1,480, lr:(1.000e-03,1.000e-03,)][eta: 1:19:40, time (data): 0.207 (0.012)]l_bij: 7.7431e+01 l_orth: 7.3713e+01 l_align: 4.4803e+01 l_total: 1.9595e+02 
2026-06-24 15:27:43,001 INFO: [brain..][epoch:  1, iter:   1,500, lr:(1.000e-03,1.000e-03,)][eta: 1:19:36, time (data): 0.207 (0.012)]l_bij: 7.2881e+01 l_orth: 6.8290e+01 l_align: 5.0222e+01 l_total: 1.9139e+02 
2026-06-24 15:27:47,109 INFO: [brain..][epoch:  1, iter:   1,520, lr:(1.000e-03,1.000e-03,)][eta: 1:19:31, time (data): 0.206 (0.012)]l_bij: 7.3993e+01 l_orth: 7.1518e+01 l_align: 4.8329e+01 l_total: 1.9384e+02 
2026-06-24 15:27:51,193 INFO: [brain..][epoch:  1, iter:   1,540, lr:(1.000e-03,1.000e-03,)][eta: 1:19:26, time (data): 0.206 (0.012)]l_bij: 7.3553e+01 l_orth: 7.0887e+01 l_align: 5.0331e+01 l_total: 1.9477e+02 
2026-06-24 15:27:55,308 INFO: [brain..][epoch:  1, iter:   1,560, lr:(1.000e-03,1.000e-03,)][eta: 1:19:21, time (data): 0.206 (0.012)]l_bij: 7.1135e+01 l_orth: 6.6880e+01 l_align: 5.0578e+01 l_total: 1.8859e+02 
2026-06-24 15:27:59,418 INFO: [brain..][epoch:  1, iter:   1,580, lr:(1.000e-03,1.000e-03,)][eta: 1:19:17, time (data): 0.206 (0.012)]l_bij: 7.2205e+01 l_orth: 6.8383e+01 l_align: 4.8951e+01 l_total: 1.8954e+02 
2026-06-24 15:28:03,554 INFO: [brain..][epoch:  1, iter:   1,600, lr:(1.000e-03,1.000e-03,)][eta: 1:19:13, time (data): 0.206 (0.012)]l_bij: 6.8338e+01 l_orth: 6.4034e+01 l_align: 5.2365e+01 l_total: 1.8474e+02 
2026-06-24 15:28:07,693 INFO: [brain..][epoch:  1, iter:   1,620, lr:(1.000e-03,1.000e-03,)][eta: 1:19:09, time (data): 0.204 (0.011)]l_bij: 7.8563e+01 l_orth: 7.5205e+01 l_align: 4.3232e+01 l_total: 1.9700e+02 
2026-06-24 15:28:11,792 INFO: [brain..][epoch:  1, iter:   1,640, lr:(1.000e-03,1.000e-03,)][eta: 1:19:04, time (data): 0.205 (0.012)]l_bij: 7.3735e+01 l_orth: 6.8434e+01 l_align: 4.7558e+01 l_total: 1.8973e+02 
2026-06-24 15:28:15,881 INFO: [brain..][epoch:  1, iter:   1,660, lr:(1.000e-03,1.000e-03,)][eta: 1:18:59, time (data): 0.204 (0.012)]l_bij: 7.6316e+01 l_orth: 7.2100e+01 l_align: 4.6247e+01 l_total: 1.9466e+02 
2026-06-24 15:28:19,993 INFO: [brain..][epoch:  1, iter:   1,680, lr:(1.000e-03,1.000e-03,)][eta: 1:18:55, time (data): 0.205 (0.012)]l_bij: 6.4653e+01 l_orth: 6.2574e+01 l_align: 5.5962e+01 l_total: 1.8319e+02 
2026-06-24 15:28:24,161 INFO: [brain..][epoch:  1, iter:   1,700, lr:(1.000e-03,1.000e-03,)][eta: 1:18:51, time (data): 0.205 (0.012)]l_bij: 6.9376e+01 l_orth: 6.5442e+01 l_align: 5.0656e+01 l_total: 1.8547e+02 
2026-06-24 15:28:28,348 INFO: [brain..][epoch:  1, iter:   1,720, lr:(1.000e-03,1.000e-03,)][eta: 1:18:47, time (data): 0.206 (0.012)]l_bij: 6.9168e+01 l_orth: 7.2942e+01 l_align: 5.7062e+01 l_total: 1.9917e+02 
2026-06-24 15:28:32,513 INFO: [brain..][epoch:  1, iter:   1,740, lr:(1.000e-03,1.000e-03,)][eta: 1:18:44, time (data): 0.206 (0.012)]l_bij: 6.7596e+01 l_orth: 6.4545e+01 l_align: 5.3741e+01 l_total: 1.8588e+02 
2026-06-24 15:28:36,633 INFO: [brain..][epoch:  1, iter:   1,760, lr:(1.000e-03,1.000e-03,)][eta: 1:18:39, time (data): 0.206 (0.012)]l_bij: 6.5566e+01 l_orth: 6.6198e+01 l_align: 5.3260e+01 l_total: 1.8502e+02 
2026-06-24 15:28:40,712 INFO: [brain..][epoch:  1, iter:   1,780, lr:(1.000e-03,1.000e-03,)][eta: 1:18:34, time (data): 0.206 (0.012)]l_bij: 6.5766e+01 l_orth: 6.4020e+01 l_align: 5.7085e+01 l_total: 1.8687e+02 
2026-06-24 15:28:44,860 INFO: [brain..][epoch:  1, iter:   1,800, lr:(1.000e-03,1.000e-03,)][eta: 1:18:30, time (data): 0.206 (0.012)]l_bij: 6.7063e+01 l_orth: 6.3427e+01 l_align: 5.6362e+01 l_total: 1.8685e+02 
2026-06-24 15:28:49,018 INFO: [brain..][epoch:  1, iter:   1,820, lr:(1.000e-03,1.000e-03,)][eta: 1:18:26, time (data): 0.208 (0.011)]l_bij: 7.8560e+01 l_orth: 7.7755e+01 l_align: 4.6193e+01 l_total: 2.0251e+02 
2026-06-24 15:28:53,134 INFO: [brain..][epoch:  1, iter:   1,840, lr:(1.000e-03,1.000e-03,)][eta: 1:18:22, time (data): 0.206 (0.011)]l_bij: 7.6464e+01 l_orth: 7.2920e+01 l_align: 4.7343e+01 l_total: 1.9673e+02 
2026-06-24 15:28:57,230 INFO: [brain..][epoch:  1, iter:   1,860, lr:(1.000e-03,1.000e-03,)][eta: 1:18:17, time (data): 0.206 (0.011)]l_bij: 6.7159e+01 l_orth: 6.3915e+01 l_align: 6.0577e+01 l_total: 1.9165e+02 
2026-06-24 15:29:01,329 INFO: [brain..][epoch:  1, iter:   1,880, lr:(1.000e-03,1.000e-03,)][eta: 1:18:13, time (data): 0.205 (0.011)]l_bij: 6.2719e+01 l_orth: 6.3119e+01 l_align: 5.7174e+01 l_total: 1.8301e+02 
2026-06-24 15:29:05,496 INFO: [brain..][epoch:  1, iter:   1,900, lr:(1.000e-03,1.000e-03,)][eta: 1:18:09, time (data): 0.206 (0.011)]l_bij: 7.7111e+01 l_orth: 7.3260e+01 l_align: 4.9127e+01 l_total: 1.9950e+02 
2026-06-24 15:29:09,629 INFO: [brain..][epoch:  1, iter:   1,920, lr:(1.000e-03,1.000e-03,)][eta: 1:18:05, time (data): 0.206 (0.011)]l_bij: 7.4449e+01 l_orth: 8.0074e+01 l_align: 5.0208e+01 l_total: 2.0473e+02 
2026-06-24 15:29:13,758 INFO: [brain..][epoch:  1, iter:   1,940, lr:(1.000e-03,1.000e-03,)][eta: 1:18:01, time (data): 0.206 (0.011)]l_bij: 7.3089e+01 l_orth: 7.3311e+01 l_align: 5.3324e+01 l_total: 1.9972e+02 
2026-06-24 15:29:17,905 INFO: [brain..][epoch:  1, iter:   1,960, lr:(1.000e-03,1.000e-03,)][eta: 1:17:57, time (data): 0.206 (0.011)]l_bij: 6.2250e+01 l_orth: 7.5039e+01 l_align: 6.8427e+01 l_total: 2.0572e+02 
2026-06-24 15:29:22,025 INFO: [brain..][epoch:  1, iter:   1,980, lr:(1.000e-03,1.000e-03,)][eta: 1:17:52, time (data): 0.206 (0.011)]l_bij: 6.0094e+01 l_orth: 6.3050e+01 l_align: 6.9402e+01 l_total: 1.9255e+02 
2026-06-24 15:29:26,133 INFO: [brain..][epoch:  1, iter:   2,000, lr:(1.000e-03,1.000e-03,)][eta: 1:17:48, time (data): 0.206 (0.011)]l_bij: 7.0001e+01 l_orth: 7.0443e+01 l_align: 5.4140e+01 l_total: 1.9458e+02 
2026-06-24 15:29:26,134 INFO: Saving models and training states.
2026-06-24 15:29:26,157 INFO: Start validation.
2026-06-24 15:29:33,777 INFO: Avg time: 0.0678
2026-06-24 15:29:33,780 INFO: [ONB diag] max|Q-I|: mean=8.9377e-02 max=1.0178e-01 | max|Φ̃ᵀMΦ̃-I|: mean=6.2386e-07 max=7.1526e-07
2026-06-24 15:29:37,925 INFO: [brain..][epoch:  1, iter:   2,020, lr:(1.000e-03,1.000e-03,)][eta: 1:19:09, time (data): 0.205 (0.011)]l_bij: 7.2733e+01 l_orth: 6.9745e+01 l_align: 4.9519e+01 l_total: 1.9200e+02 
2026-06-24 15:29:42,038 INFO: [brain..][epoch:  1, iter:   2,040, lr:(1.000e-03,1.000e-03,)][eta: 1:19:04, time (data): 0.205 (0.012)]l_bij: 7.0006e+01 l_orth: 7.2912e+01 l_align: 5.4463e+01 l_total: 1.9738e+02 
2026-06-24 15:29:46,164 INFO: [brain..][epoch:  1, iter:   2,060, lr:(1.000e-03,1.000e-03,)][eta: 1:18:59, time (data): 0.206 (0.012)]l_bij: 6.8433e+01 l_orth: 7.0235e+01 l_align: 5.9916e+01 l_total: 1.9858e+02 
2026-06-24 15:29:50,306 INFO: [brain..][epoch:  1, iter:   2,080, lr:(1.000e-03,1.000e-03,)][eta: 1:18:54, time (data): 0.206 (0.012)]l_bij: 7.1162e+01 l_orth: 6.8291e+01 l_align: 5.4218e+01 l_total: 1.9367e+02 
2026-06-24 15:29:54,398 INFO: [brain..][epoch:  1, iter:   2,100, lr:(1.000e-03,1.000e-03,)][eta: 1:18:48, time (data): 0.206 (0.012)]l_bij: 7.0499e+01 l_orth: 6.7368e+01 l_align: 5.1546e+01 l_total: 1.8941e+02 
2026-06-24 15:29:58,450 INFO: [brain..][epoch:  1, iter:   2,120, lr:(1.000e-03,1.000e-03,)][eta: 1:18:42, time (data): 0.205 (0.012)]l_bij: 7.5053e+01 l_orth: 7.6686e+01 l_align: 5.4731e+01 l_total: 2.0647e+02 
2026-06-24 15:30:02,517 INFO: [brain..][epoch:  1, iter:   2,140, lr:(1.000e-03,1.000e-03,)][eta: 1:18:37, time (data): 0.205 (0.012)]l_bij: 5.9949e+01 l_orth: 5.8823e+01 l_align: 6.3882e+01 l_total: 1.8265e+02 
2026-06-24 15:30:06,633 INFO: [brain..][epoch:  1, iter:   2,160, lr:(1.000e-03,1.000e-03,)][eta: 1:18:31, time (data): 0.205 (0.012)]l_bij: 7.6261e+01 l_orth: 7.3407e+01 l_align: 4.4174e+01 l_total: 1.9384e+02 
2026-06-24 15:30:10,738 INFO: [brain..][epoch:  1, iter:   2,180, lr:(1.000e-03,1.000e-03,)][eta: 1:18:26, time (data): 0.205 (0.012)]l_bij: 7.0979e+01 l_orth: 7.3244e+01 l_align: 5.3976e+01 l_total: 1.9820e+02 
2026-06-24 15:30:14,845 INFO: [brain..][epoch:  1, iter:   2,200, lr:(1.000e-03,1.000e-03,)][eta: 1:18:21, time (data): 0.205 (0.012)]l_bij: 6.6742e+01 l_orth: 6.6815e+01 l_align: 5.6330e+01 l_total: 1.8989e+02 
2026-06-24 15:30:18,998 INFO: [brain..][epoch:  1, iter:   2,220, lr:(1.000e-03,1.000e-03,)][eta: 1:18:16, time (data): 0.208 (0.011)]l_bij: 8.2688e+01 l_orth: 7.8540e+01 l_align: 4.2317e+01 l_total: 2.0355e+02 
2026-06-24 15:30:23,121 INFO: [brain..][epoch:  1, iter:   2,240, lr:(1.000e-03,1.000e-03,)][eta: 1:18:11, time (data): 0.207 (0.011)]l_bij: 6.6614e+01 l_orth: 6.4585e+01 l_align: 5.6560e+01 l_total: 1.8776e+02 
2026-06-24 15:30:27,253 INFO: [brain..][epoch:  1, iter:   2,260, lr:(1.000e-03,1.000e-03,)][eta: 1:18:06, time (data): 0.207 (0.012)]l_bij: 6.1799e+01 l_orth: 6.2868e+01 l_align: 6.3885e+01 l_total: 1.8855e+02 
2026-06-24 15:30:31,313 INFO: [brain..][epoch:  1, iter:   2,280, lr:(1.000e-03,1.000e-03,)][eta: 1:18:01, time (data): 0.205 (0.012)]l_bij: 7.1064e+01 l_orth: 7.0719e+01 l_align: 5.7291e+01 l_total: 1.9907e+02 
2026-06-24 15:30:35,429 INFO: [brain..][epoch:  1, iter:   2,300, lr:(1.000e-03,1.000e-03,)][eta: 1:17:56, time (data): 0.205 (0.012)]l_bij: 6.6162e+01 l_orth: 6.4085e+01 l_align: 6.0353e+01 l_total: 1.9060e+02 
2026-06-24 15:30:39,545 INFO: [brain..][epoch:  1, iter:   2,320, lr:(1.000e-03,1.000e-03,)][eta: 1:17:51, time (data): 0.205 (0.012)]l_bij: 8.0851e+01 l_orth: 7.9287e+01 l_align: 5.0901e+01 l_total: 2.1104e+02 
2026-06-24 15:30:43,637 INFO: [brain..][epoch:  1, iter:   2,340, lr:(1.000e-03,1.000e-03,)][eta: 1:17:46, time (data): 0.205 (0.012)]l_bij: 7.2941e+01 l_orth: 6.8688e+01 l_align: 4.7258e+01 l_total: 1.8889e+02 
2026-06-24 15:30:47,725 INFO: [brain..][epoch:  1, iter:   2,360, lr:(1.000e-03,1.000e-03,)][eta: 1:17:40, time (data): 0.205 (0.012)]l_bij: 6.4670e+01 l_orth: 6.2780e+01 l_align: 5.7250e+01 l_total: 1.8470e+02 
2026-06-24 15:30:51,865 INFO: [brain..][epoch:  1, iter:   2,380, lr:(1.000e-03,1.000e-03,)][eta: 1:17:36, time (data): 0.205 (0.012)]l_bij: 6.0940e+01 l_orth: 6.1294e+01 l_align: 6.0820e+01 l_total: 1.8305e+02 
2026-06-24 15:30:55,962 INFO: [brain..][epoch:  1, iter:   2,400, lr:(1.000e-03,1.000e-03,)][eta: 1:17:30, time (data): 0.205 (0.012)]l_bij: 7.1211e+01 l_orth: 6.8819e+01 l_align: 5.1859e+01 l_total: 1.9189e+02 
2026-06-24 15:31:00,085 INFO: [brain..][epoch:  1, iter:   2,420, lr:(1.000e-03,1.000e-03,)][eta: 1:17:26, time (data): 0.209 (0.011)]l_bij: 7.3352e+01 l_orth: 7.0014e+01 l_align: 4.7776e+01 l_total: 1.9114e+02 
2026-06-24 15:31:04,197 INFO: [brain..][epoch:  1, iter:   2,440, lr:(1.000e-03,1.000e-03,)][eta: 1:17:21, time (data): 0.206 (0.011)]l_bij: 7.1138e+01 l_orth: 6.7283e+01 l_align: 4.7332e+01 l_total: 1.8575e+02 
2026-06-24 15:31:08,339 INFO: [brain..][epoch:  1, iter:   2,460, lr:(1.000e-03,1.000e-03,)][eta: 1:17:16, time (data): 0.207 (0.012)]l_bij: 7.5119e+01 l_orth: 7.1690e+01 l_align: 4.2750e+01 l_total: 1.8956e+02 
2026-06-24 15:31:12,405 INFO: [brain..][epoch:  1, iter:   2,480, lr:(1.000e-03,1.000e-03,)][eta: 1:17:11, time (data): 0.206 (0.012)]l_bij: 6.1330e+01 l_orth: 6.0816e+01 l_align: 6.0759e+01 l_total: 1.8291e+02 
2026-06-24 15:31:16,482 INFO: [brain..][epoch:  1, iter:   2,500, lr:(1.000e-03,1.000e-03,)][eta: 1:17:05, time (data): 0.205 (0.012)]l_bij: 6.6139e+01 l_orth: 6.3242e+01 l_align: 5.5184e+01 l_total: 1.8456e+02 
2026-06-24 15:31:20,596 INFO: [brain..][epoch:  1, iter:   2,520, lr:(1.000e-03,1.000e-03,)][eta: 1:17:01, time (data): 0.205 (0.012)]l_bij: 6.3131e+01 l_orth: 6.2091e+01 l_align: 5.9678e+01 l_total: 1.8490e+02 
2026-06-24 15:31:24,689 INFO: [brain..][epoch:  1, iter:   2,540, lr:(1.000e-03,1.000e-03,)][eta: 1:16:56, time (data): 0.205 (0.012)]l_bij: 7.5041e+01 l_orth: 7.7842e+01 l_align: 5.3839e+01 l_total: 2.0672e+02 
2026-06-24 15:31:28,844 INFO: [brain..][epoch:  1, iter:   2,560, lr:(1.000e-03,1.000e-03,)][eta: 1:16:51, time (data): 0.205 (0.012)]l_bij: 8.1380e+01 l_orth: 7.7525e+01 l_align: 4.0511e+01 l_total: 1.9942e+02 
2026-06-24 15:31:32,966 INFO: [brain..][epoch:  1, iter:   2,580, lr:(1.000e-03,1.000e-03,)][eta: 1:16:46, time (data): 0.205 (0.012)]l_bij: 6.5047e+01 l_orth: 6.2540e+01 l_align: 5.4498e+01 l_total: 1.8208e+02 
2026-06-24 15:31:37,065 INFO: [brain..][epoch:  1, iter:   2,600, lr:(1.000e-03,1.000e-03,)][eta: 1:16:41, time (data): 0.205 (0.012)]l_bij: 6.6997e+01 l_orth: 6.5403e+01 l_align: 5.4064e+01 l_total: 1.8646e+02 
2026-06-24 15:31:41,306 INFO: [brain..][epoch:  1, iter:   2,620, lr:(1.000e-03,1.000e-03,)][eta: 1:16:38, time (data): 0.226 (0.012)]l_bij: 7.7527e+01 l_orth: 7.3694e+01 l_align: 4.3043e+01 l_total: 1.9426e+02 
2026-06-24 15:31:45,433 INFO: [brain..][epoch:  1, iter:   2,640, lr:(1.000e-03,1.000e-03,)][eta: 1:16:33, time (data): 0.211 (0.012)]l_bij: 7.8459e+01 l_orth: 7.2881e+01 l_align: 4.2868e+01 l_total: 1.9421e+02 
2026-06-24 15:31:49,541 INFO: [brain..][epoch:  1, iter:   2,660, lr:(1.000e-03,1.000e-03,)][eta: 1:16:28, time (data): 0.209 (0.012)]l_bij: 8.1329e+01 l_orth: 7.6586e+01 l_align: 3.9561e+01 l_total: 1.9747e+02 
2026-06-24 15:31:53,701 INFO: [brain..][epoch:  1, iter:   2,680, lr:(1.000e-03,1.000e-03,)][eta: 1:16:24, time (data): 0.208 (0.012)]l_bij: 6.3164e+01 l_orth: 6.1653e+01 l_align: 6.1264e+01 l_total: 1.8608e+02 
2026-06-24 15:31:57,788 INFO: [brain..][epoch:  1, iter:   2,700, lr:(1.000e-03,1.000e-03,)][eta: 1:16:19, time (data): 0.207 (0.012)]l_bij: 7.8960e+01 l_orth: 7.8263e+01 l_align: 4.6307e+01 l_total: 2.0353e+02 
2026-06-24 15:32:01,909 INFO: [brain..][epoch:  1, iter:   2,720, lr:(1.000e-03,1.000e-03,)][eta: 1:16:14, time (data): 0.207 (0.012)]l_bij: 6.9979e+01 l_orth: 6.6614e+01 l_align: 5.6717e+01 l_total: 1.9331e+02 
2026-06-24 15:32:06,061 INFO: [brain..][epoch:  1, iter:   2,740, lr:(1.000e-03,1.000e-03,)][eta: 1:16:09, time (data): 0.207 (0.012)]l_bij: 6.0035e+01 l_orth: 6.0790e+01 l_align: 6.1625e+01 l_total: 1.8245e+02 
2026-06-24 15:32:10,185 INFO: [brain..][epoch:  1, iter:   2,760, lr:(1.000e-03,1.000e-03,)][eta: 1:16:05, time (data): 0.207 (0.012)]l_bij: 6.7871e+01 l_orth: 6.8148e+01 l_align: 5.5721e+01 l_total: 1.9174e+02 
2026-06-24 15:32:14,331 INFO: [brain..][epoch:  1, iter:   2,780, lr:(1.000e-03,1.000e-03,)][eta: 1:16:00, time (data): 0.207 (0.012)]l_bij: 7.0752e+01 l_orth: 6.4167e+01 l_align: 5.2124e+01 l_total: 1.8704e+02 
2026-06-24 15:32:18,441 INFO: [brain..][epoch:  1, iter:   2,800, lr:(1.000e-03,1.000e-03,)][eta: 1:15:55, time (data): 0.207 (0.012)]l_bij: 6.1047e+01 l_orth: 5.9381e+01 l_align: 5.8713e+01 l_total: 1.7914e+02 
2026-06-24 15:32:22,569 INFO: [brain..][epoch:  1, iter:   2,820, lr:(1.000e-03,1.000e-03,)][eta: 1:15:51, time (data): 0.206 (0.011)]l_bij: 6.6489e+01 l_orth: 6.2710e+01 l_align: 5.2404e+01 l_total: 1.8160e+02 
2026-06-24 15:32:26,693 INFO: [brain..][epoch:  1, iter:   2,840, lr:(1.000e-03,1.000e-03,)][eta: 1:15:46, time (data): 0.206 (0.012)]l_bij: 7.4444e+01 l_orth: 7.0040e+01 l_align: 4.5005e+01 l_total: 1.8949e+02 
2026-06-24 15:32:30,805 INFO: [brain..][epoch:  1, iter:   2,860, lr:(1.000e-03,1.000e-03,)][eta: 1:15:41, time (data): 0.206 (0.012)]l_bij: 6.2812e+01 l_orth: 6.2244e+01 l_align: 5.9977e+01 l_total: 1.8503e+02 
2026-06-24 15:32:34,908 INFO: [brain..][epoch:  1, iter:   2,880, lr:(1.000e-03,1.000e-03,)][eta: 1:15:37, time (data): 0.205 (0.012)]l_bij: 7.3440e+01 l_orth: 6.9663e+01 l_align: 4.5773e+01 l_total: 1.8888e+02 
2026-06-24 15:32:38,981 INFO: [brain..][epoch:  1, iter:   2,900, lr:(1.000e-03,1.000e-03,)][eta: 1:15:32, time (data): 0.205 (0.011)]l_bij: 6.4174e+01 l_orth: 6.3890e+01 l_align: 5.6777e+01 l_total: 1.8484e+02 
2026-06-24 15:32:43,122 INFO: [brain..][epoch:  1, iter:   2,920, lr:(1.000e-03,1.000e-03,)][eta: 1:15:27, time (data): 0.205 (0.011)]l_bij: 6.2371e+01 l_orth: 6.7777e+01 l_align: 6.1552e+01 l_total: 1.9170e+02 
2026-06-24 15:32:47,193 INFO: [brain..][epoch:  1, iter:   2,940, lr:(1.000e-03,1.000e-03,)][eta: 1:15:22, time (data): 0.205 (0.011)]l_bij: 7.2837e+01 l_orth: 7.2454e+01 l_align: 4.7950e+01 l_total: 1.9324e+02 
2026-06-24 15:32:51,265 INFO: [brain..][epoch:  1, iter:   2,960, lr:(1.000e-03,1.000e-03,)][eta: 1:15:17, time (data): 0.205 (0.011)]l_bij: 6.7507e+01 l_orth: 6.6563e+01 l_align: 5.3361e+01 l_total: 1.8743e+02 
2026-06-24 15:32:55,393 INFO: [brain..][epoch:  1, iter:   2,980, lr:(1.000e-03,1.000e-03,)][eta: 1:15:12, time (data): 0.205 (0.011)]l_bij: 7.8847e+01 l_orth: 7.5301e+01 l_align: 4.3342e+01 l_total: 1.9749e+02 
2026-06-24 15:32:59,482 INFO: [brain..][epoch:  1, iter:   3,000, lr:(1.000e-03,1.000e-03,)][eta: 1:15:08, time (data): 0.205 (0.011)]l_bij: 4.8854e+01 l_orth: 5.0016e+01 l_align: 7.1960e+01 l_total: 1.7083e+02 
2026-06-24 15:33:03,617 INFO: [brain..][epoch:  1, iter:   3,020, lr:(1.000e-03,1.000e-03,)][eta: 1:15:03, time (data): 0.207 (0.012)]l_bij: 5.6863e+01 l_orth: 6.0074e+01 l_align: 6.6125e+01 l_total: 1.8306e+02 
2026-06-24 15:33:07,697 INFO: [brain..][epoch:  1, iter:   3,040, lr:(1.000e-03,1.000e-03,)][eta: 1:14:58, time (data): 0.205 (0.012)]l_bij: 6.7136e+01 l_orth: 6.3442e+01 l_align: 5.0592e+01 l_total: 1.8117e+02 
2026-06-24 15:33:11,814 INFO: [brain..][epoch:  1, iter:   3,060, lr:(1.000e-03,1.000e-03,)][eta: 1:14:54, time (data): 0.205 (0.012)]l_bij: 6.4679e+01 l_orth: 6.1866e+01 l_align: 5.5906e+01 l_total: 1.8245e+02 
2026-06-24 15:33:15,957 INFO: [brain..][epoch:  1, iter:   3,080, lr:(1.000e-03,1.000e-03,)][eta: 1:14:49, time (data): 0.206 (0.012)]l_bij: 6.5747e+01 l_orth: 6.3075e+01 l_align: 5.1845e+01 l_total: 1.8067e+02 
2026-06-24 15:33:20,032 INFO: [brain..][epoch:  1, iter:   3,100, lr:(1.000e-03,1.000e-03,)][eta: 1:14:44, time (data): 0.205 (0.012)]l_bij: 6.1927e+01 l_orth: 6.4958e+01 l_align: 6.4021e+01 l_total: 1.9091e+02 
2026-06-24 15:33:24,109 INFO: [brain..][epoch:  1, iter:   3,120, lr:(1.000e-03,1.000e-03,)][eta: 1:14:39, time (data): 0.205 (0.012)]l_bij: 6.0908e+01 l_orth: 6.0602e+01 l_align: 6.2713e+01 l_total: 1.8422e+02 
2026-06-24 15:33:28,229 INFO: [brain..][epoch:  1, iter:   3,140, lr:(1.000e-03,1.000e-03,)][eta: 1:14:35, time (data): 0.205 (0.012)]l_bij: 6.3819e+01 l_orth: 6.0815e+01 l_align: 5.5226e+01 l_total: 1.7986e+02 
2026-06-24 15:33:32,261 INFO: [brain..][epoch:  1, iter:   3,160, lr:(1.000e-03,1.000e-03,)][eta: 1:14:30, time (data): 0.204 (0.011)]l_bij: 5.5157e+01 l_orth: 5.6427e+01 l_align: 6.5086e+01 l_total: 1.7667e+02 
2026-06-24 15:33:36,346 INFO: [brain..][epoch:  1, iter:   3,180, lr:(1.000e-03,1.000e-03,)][eta: 1:14:25, time (data): 0.204 (0.011)]l_bij: 7.2898e+01 l_orth: 7.5437e+01 l_align: 5.0886e+01 l_total: 1.9922e+02 
2026-06-24 15:33:40,421 INFO: [brain..][epoch:  1, iter:   3,200, lr:(1.000e-03,1.000e-03,)][eta: 1:14:20, time (data): 0.204 (0.011)]l_bij: 5.4174e+01 l_orth: 5.3615e+01 l_align: 6.3436e+01 l_total: 1.7123e+02 
2026-06-24 15:33:44,522 INFO: [brain..][epoch:  1, iter:   3,220, lr:(1.000e-03,1.000e-03,)][eta: 1:14:15, time (data): 0.210 (0.012)]l_bij: 6.3596e+01 l_orth: 7.1183e+01 l_align: 6.3370e+01 l_total: 1.9815e+02 
2026-06-24 15:33:48,617 INFO: [brain..][epoch:  1, iter:   3,240, lr:(1.000e-03,1.000e-03,)][eta: 1:14:11, time (data): 0.205 (0.012)]l_bij: 6.5057e+01 l_orth: 6.4897e+01 l_align: 5.7667e+01 l_total: 1.8762e+02 
2026-06-24 15:33:52,694 INFO: [brain..][epoch:  1, iter:   3,260, lr:(1.000e-03,1.000e-03,)][eta: 1:14:06, time (data): 0.205 (0.011)]l_bij: 6.1780e+01 l_orth: 5.8776e+01 l_align: 6.0235e+01 l_total: 1.8079e+02 
2026-06-24 15:33:56,855 INFO: [brain..][epoch:  1, iter:   3,280, lr:(1.000e-03,1.000e-03,)][eta: 1:14:02, time (data): 0.206 (0.012)]l_bij: 5.9347e+01 l_orth: 6.0977e+01 l_align: 6.0232e+01 l_total: 1.8056e+02 
2026-06-24 15:34:00,978 INFO: [brain..][epoch:  1, iter:   3,300, lr:(1.000e-03,1.000e-03,)][eta: 1:13:57, time (data): 0.206 (0.012)]l_bij: 7.2290e+01 l_orth: 7.5850e+01 l_align: 5.2692e+01 l_total: 2.0083e+02 
2026-06-24 15:34:05,086 INFO: [brain..][epoch:  1, iter:   3,320, lr:(1.000e-03,1.000e-03,)][eta: 1:13:53, time (data): 0.206 (0.012)]l_bij: 5.1100e+01 l_orth: 5.4494e+01 l_align: 7.0704e+01 l_total: 1.7630e+02 
2026-06-24 15:34:09,186 INFO: [brain..][epoch:  1, iter:   3,340, lr:(1.000e-03,1.000e-03,)][eta: 1:13:48, time (data): 0.205 (0.012)]l_bij: 7.3980e+01 l_orth: 6.9567e+01 l_align: 4.6978e+01 l_total: 1.9053e+02 
2026-06-24 15:34:13,297 INFO: [brain..][epoch:  1, iter:   3,360, lr:(1.000e-03,1.000e-03,)][eta: 1:13:43, time (data): 0.205 (0.012)]l_bij: 7.2481e+01 l_orth: 7.1508e+01 l_align: 4.7264e+01 l_total: 1.9125e+02 
2026-06-24 15:34:17,441 INFO: [brain..][epoch:  1, iter:   3,380, lr:(1.000e-03,1.000e-03,)][eta: 1:13:39, time (data): 0.206 (0.012)]l_bij: 8.4355e+01 l_orth: 7.8690e+01 l_align: 3.8758e+01 l_total: 2.0180e+02 
2026-06-24 15:34:21,585 INFO: [brain..][epoch:  1, iter:   3,400, lr:(1.000e-03,1.000e-03,)][eta: 1:13:35, time (data): 0.206 (0.012)]l_bij: 6.3489e+01 l_orth: 6.5278e+01 l_align: 5.8201e+01 l_total: 1.8697e+02 
2026-06-24 15:34:25,758 INFO: [brain..][epoch:  1, iter:   3,420, lr:(1.000e-03,1.000e-03,)][eta: 1:13:31, time (data): 0.211 (0.013)]l_bij: 7.6133e+01 l_orth: 7.0550e+01 l_align: 4.4142e+01 l_total: 1.9082e+02 
2026-06-24 15:34:29,872 INFO: [brain..][epoch:  1, iter:   3,440, lr:(1.000e-03,1.000e-03,)][eta: 1:13:26, time (data): 0.206 (0.011)]l_bij: 6.9923e+01 l_orth: 6.6597e+01 l_align: 4.9369e+01 l_total: 1.8589e+02 
2026-06-24 15:34:34,025 INFO: [brain..][epoch:  1, iter:   3,460, lr:(1.000e-03,1.000e-03,)][eta: 1:13:22, time (data): 0.207 (0.011)]l_bij: 6.0974e+01 l_orth: 6.1801e+01 l_align: 5.8730e+01 l_total: 1.8150e+02 
2026-06-24 15:34:38,136 INFO: [brain..][epoch:  1, iter:   3,480, lr:(1.000e-03,1.000e-03,)][eta: 1:13:17, time (data): 0.206 (0.011)]l_bij: 6.8525e+01 l_orth: 6.8372e+01 l_align: 5.2719e+01 l_total: 1.8962e+02 
2026-06-24 15:34:42,234 INFO: [brain..][epoch:  1, iter:   3,500, lr:(1.000e-03,1.000e-03,)][eta: 1:13:13, time (data): 0.206 (0.011)]l_bij: 7.0387e+01 l_orth: 6.6680e+01 l_align: 5.0317e+01 l_total: 1.8738e+02 
2026-06-24 15:34:46,369 INFO: [brain..][epoch:  1, iter:   3,520, lr:(1.000e-03,1.000e-03,)][eta: 1:13:08, time (data): 0.206 (0.011)]l_bij: 7.4185e+01 l_orth: 6.9193e+01 l_align: 4.6563e+01 l_total: 1.8994e+02 
2026-06-24 15:34:50,425 INFO: [brain..][epoch:  1, iter:   3,540, lr:(1.000e-03,1.000e-03,)][eta: 1:13:03, time (data): 0.205 (0.011)]l_bij: 5.7295e+01 l_orth: 5.7946e+01 l_align: 6.3800e+01 l_total: 1.7904e+02 
2026-06-24 15:34:54,502 INFO: [brain..][epoch:  1, iter:   3,560, lr:(1.000e-03,1.000e-03,)][eta: 1:12:59, time (data): 0.205 (0.011)]l_bij: 7.2629e+01 l_orth: 6.8694e+01 l_align: 4.5719e+01 l_total: 1.8704e+02 
2026-06-24 15:34:58,613 INFO: [brain..][epoch:  1, iter:   3,580, lr:(1.000e-03,1.000e-03,)][eta: 1:12:54, time (data): 0.205 (0.011)]l_bij: 6.4414e+01 l_orth: 6.0860e+01 l_align: 5.3637e+01 l_total: 1.7891e+02 
2026-06-24 15:35:02,742 INFO: [brain..][epoch:  1, iter:   3,600, lr:(1.000e-03,1.000e-03,)][eta: 1:12:50, time (data): 0.205 (0.011)]l_bij: 5.8756e+01 l_orth: 5.8480e+01 l_align: 6.3164e+01 l_total: 1.8040e+02 
2026-06-24 15:35:06,873 INFO: [brain..][epoch:  1, iter:   3,620, lr:(1.000e-03,1.000e-03,)][eta: 1:12:45, time (data): 0.202 (0.011)]l_bij: 6.5848e+01 l_orth: 6.1755e+01 l_align: 5.1940e+01 l_total: 1.7954e+02 
2026-06-24 15:35:10,956 INFO: [brain..][epoch:  1, iter:   3,640, lr:(1.000e-03,1.000e-03,)][eta: 1:12:41, time (data): 0.204 (0.012)]l_bij: 5.8230e+01 l_orth: 6.0100e+01 l_align: 6.0236e+01 l_total: 1.7857e+02 
2026-06-24 15:35:15,053 INFO: [brain..][epoch:  1, iter:   3,660, lr:(1.000e-03,1.000e-03,)][eta: 1:12:36, time (data): 0.204 (0.012)]l_bij: 7.9374e+01 l_orth: 7.4049e+01 l_align: 3.9521e+01 l_total: 1.9294e+02 
2026-06-24 15:35:19,169 INFO: [brain..][epoch:  1, iter:   3,680, lr:(1.000e-03,1.000e-03,)][eta: 1:12:32, time (data): 0.205 (0.012)]l_bij: 7.5307e+01 l_orth: 7.3481e+01 l_align: 4.6184e+01 l_total: 1.9497e+02 
2026-06-24 15:35:23,265 INFO: [brain..][epoch:  1, iter:   3,700, lr:(1.000e-03,1.000e-03,)][eta: 1:12:27, time (data): 0.205 (0.012)]l_bij: 6.8573e+01 l_orth: 6.6302e+01 l_align: 4.8099e+01 l_total: 1.8297e+02 
2026-06-24 15:35:27,361 INFO: [brain..][epoch:  1, iter:   3,720, lr:(1.000e-03,1.000e-03,)][eta: 1:12:23, time (data): 0.205 (0.012)]l_bij: 8.9266e+01 l_orth: 8.8194e+01 l_align: 3.2023e+01 l_total: 2.0948e+02 
2026-06-24 15:35:31,454 INFO: [brain..][epoch:  1, iter:   3,740, lr:(1.000e-03,1.000e-03,)][eta: 1:12:18, time (data): 0.205 (0.012)]l_bij: 6.8931e+01 l_orth: 6.6418e+01 l_align: 5.1737e+01 l_total: 1.8709e+02 
2026-06-24 15:35:35,538 INFO: [brain..][epoch:  1, iter:   3,760, lr:(1.000e-03,1.000e-03,)][eta: 1:12:13, time (data): 0.205 (0.012)]l_bij: 6.2573e+01 l_orth: 6.3247e+01 l_align: 6.3497e+01 l_total: 1.8932e+02 
2026-06-24 15:35:39,669 INFO: [brain..][epoch:  1, iter:   3,780, lr:(1.000e-03,1.000e-03,)][eta: 1:12:09, time (data): 0.205 (0.012)]l_bij: 7.5011e+01 l_orth: 6.9920e+01 l_align: 4.6798e+01 l_total: 1.9173e+02 
2026-06-24 15:35:43,758 INFO: [brain..][epoch:  1, iter:   3,800, lr:(1.000e-03,1.000e-03,)][eta: 1:12:04, time (data): 0.205 (0.012)]l_bij: 8.2300e+01 l_orth: 7.7026e+01 l_align: 3.7818e+01 l_total: 1.9714e+02 
2026-06-24 15:35:47,848 INFO: [brain..][epoch:  1, iter:   3,820, lr:(1.000e-03,1.000e-03,)][eta: 1:12:00, time (data): 0.219 (0.014)]l_bij: 7.1677e+01 l_orth: 7.2349e+01 l_align: 5.2964e+01 l_total: 1.9699e+02 
2026-06-24 15:35:51,986 INFO: [brain..][epoch:  1, iter:   3,840, lr:(1.000e-03,1.000e-03,)][eta: 1:11:56, time (data): 0.207 (0.011)]l_bij: 8.0088e+01 l_orth: 7.5153e+01 l_align: 4.1942e+01 l_total: 1.9718e+02 
2026-06-24 15:35:56,120 INFO: [brain..][epoch:  1, iter:   3,860, lr:(1.000e-03,1.000e-03,)][eta: 1:11:51, time (data): 0.207 (0.011)]l_bij: 6.4229e+01 l_orth: 6.0918e+01 l_align: 5.3733e+01 l_total: 1.7888e+02 
2026-06-24 15:36:00,189 INFO: [brain..][epoch:  1, iter:   3,880, lr:(1.000e-03,1.000e-03,)][eta: 1:11:47, time (data): 0.206 (0.011)]l_bij: 6.1637e+01 l_orth: 6.0085e+01 l_align: 5.6481e+01 l_total: 1.7820e+02 
2026-06-24 15:36:04,315 INFO: [brain..][epoch:  1, iter:   3,900, lr:(1.000e-03,1.000e-03,)][eta: 1:11:42, time (data): 0.206 (0.011)]l_bij: 6.1242e+01 l_orth: 5.8876e+01 l_align: 5.5549e+01 l_total: 1.7567e+02 
2026-06-24 15:36:08,479 INFO: [brain..][epoch:  1, iter:   3,920, lr:(1.000e-03,1.000e-03,)][eta: 1:11:38, time (data): 0.206 (0.012)]l_bij: 5.9238e+01 l_orth: 6.1333e+01 l_align: 6.2815e+01 l_total: 1.8339e+02 
2026-06-24 15:36:12,569 INFO: [brain..][epoch:  1, iter:   3,940, lr:(1.000e-03,1.000e-03,)][eta: 1:11:33, time (data): 0.206 (0.011)]l_bij: 6.9954e+01 l_orth: 6.7389e+01 l_align: 5.0003e+01 l_total: 1.8735e+02 
2026-06-24 15:36:16,697 INFO: [brain..][epoch:  1, iter:   3,960, lr:(1.000e-03,1.000e-03,)][eta: 1:11:29, time (data): 0.206 (0.011)]l_bij: 7.4573e+01 l_orth: 7.4112e+01 l_align: 4.7194e+01 l_total: 1.9588e+02 
2026-06-24 15:36:20,934 INFO: [brain..][epoch:  1, iter:   3,980, lr:(1.000e-03,1.000e-03,)][eta: 1:11:25, time (data): 0.207 (0.011)]l_bij: 6.6846e+01 l_orth: 6.5445e+01 l_align: 5.6593e+01 l_total: 1.8888e+02 
2026-06-24 15:36:25,089 INFO: [brain..][epoch:  1, iter:   4,000, lr:(1.000e-03,1.000e-03,)][eta: 1:11:21, time (data): 0.207 (0.012)]l_bij: 7.0610e+01 l_orth: 6.8195e+01 l_align: 4.5270e+01 l_total: 1.8407e+02 
2026-06-24 15:36:25,090 INFO: Saving models and training states.
2026-06-24 15:36:25,112 INFO: Start validation.
2026-06-24 15:36:32,785 INFO: Avg time: 0.0680
2026-06-24 15:36:32,789 INFO: [ONB diag] max|Q-I|: mean=1.9064e-01 max=2.1365e-01 | max|Φ̃ᵀMΦ̃-I|: mean=5.7220e-07 max=5.9605e-07
2026-06-24 15:36:36,913 INFO: [brain..][epoch:  1, iter:   4,020, lr:(1.000e-03,1.000e-03,)][eta: 1:11:56, time (data): 0.207 (0.012)]l_bij: 6.9574e+01 l_orth: 6.5572e+01 l_align: 4.8707e+01 l_total: 1.8385e+02 
2026-06-24 15:36:41,033 INFO: [brain..][epoch:  1, iter:   4,040, lr:(1.000e-03,1.000e-03,)][eta: 1:11:52, time (data): 0.206 (0.012)]l_bij: 5.3960e+01 l_orth: 5.3925e+01 l_align: 6.3419e+01 l_total: 1.7130e+02 
2026-06-24 15:36:45,200 INFO: [brain..][epoch:  1, iter:   4,060, lr:(1.000e-03,1.000e-03,)][eta: 1:11:47, time (data): 0.207 (0.012)]l_bij: 6.4988e+01 l_orth: 6.2109e+01 l_align: 5.5079e+01 l_total: 1.8218e+02 
2026-06-24 15:36:49,290 INFO: [brain..][epoch:  1, iter:   4,080, lr:(1.000e-03,1.000e-03,)][eta: 1:11:42, time (data): 0.206 (0.012)]l_bij: 5.8947e+01 l_orth: 5.6968e+01 l_align: 5.5683e+01 l_total: 1.7160e+02 
2026-06-24 15:36:53,481 INFO: [brain..][epoch:  1, iter:   4,100, lr:(1.000e-03,1.000e-03,)][eta: 1:11:38, time (data): 0.207 (0.012)]l_bij: 7.1157e+01 l_orth: 6.6596e+01 l_align: 5.0408e+01 l_total: 1.8816e+02 
2026-06-24 15:36:57,625 INFO: [brain..][epoch:  1, iter:   4,120, lr:(1.000e-03,1.000e-03,)][eta: 1:11:34, time (data): 0.207 (0.012)]l_bij: 7.4944e+01 l_orth: 7.1816e+01 l_align: 5.0132e+01 l_total: 1.9689e+02 
2026-06-24 15:37:01,742 INFO: [brain..][epoch:  1, iter:   4,140, lr:(1.000e-03,1.000e-03,)][eta: 1:11:29, time (data): 0.207 (0.012)]l_bij: 6.5190e+01 l_orth: 6.1761e+01 l_align: 5.2641e+01 l_total: 1.7959e+02 
2026-06-24 15:37:05,845 INFO: [brain..][epoch:  1, iter:   4,160, lr:(1.000e-03,1.000e-03,)][eta: 1:11:24, time (data): 0.206 (0.012)]l_bij: 5.5526e+01 l_orth: 5.7142e+01 l_align: 6.3289e+01 l_total: 1.7596e+02 
2026-06-24 15:37:09,961 INFO: [brain..][epoch:  1, iter:   4,180, lr:(1.000e-03,1.000e-03,)][eta: 1:11:20, time (data): 0.206 (0.012)]l_bij: 6.6282e+01 l_orth: 6.5011e+01 l_align: 5.4620e+01 l_total: 1.8591e+02 
2026-06-24 15:37:14,017 INFO: [brain..][epoch:  1, iter:   4,200, lr:(1.000e-03,1.000e-03,)][eta: 1:11:15, time (data): 0.206 (0.012)]l_bij: 6.3476e+01 l_orth: 6.0445e+01 l_align: 5.8208e+01 l_total: 1.8213e+02 
2026-06-24 15:37:18,090 INFO: [brain..][epoch:  1, iter:   4,220, lr:(1.000e-03,1.000e-03,)][eta: 1:11:10, time (data): 0.206 (0.012)]l_bij: 6.9237e+01 l_orth: 6.4886e+01 l_align: 5.0351e+01 l_total: 1.8447e+02 
2026-06-24 15:37:22,201 INFO: [brain..][epoch:  1, iter:   4,240, lr:(1.000e-03,1.000e-03,)][eta: 1:11:05, time (data): 0.205 (0.012)]l_bij: 7.1009e+01 l_orth: 6.7024e+01 l_align: 4.8998e+01 l_total: 1.8703e+02 
2026-06-24 15:37:26,277 INFO: [brain..][epoch:  1, iter:   4,260, lr:(1.000e-03,1.000e-03,)][eta: 1:11:01, time (data): 0.205 (0.012)]l_bij: 6.5068e+01 l_orth: 6.3370e+01 l_align: 5.0796e+01 l_total: 1.7923e+02 
2026-06-24 15:37:30,385 INFO: [brain..][epoch:  1, iter:   4,280, lr:(1.000e-03,1.000e-03,)][eta: 1:10:56, time (data): 0.205 (0.012)]l_bij: 6.7408e+01 l_orth: 6.6619e+01 l_align: 5.3286e+01 l_total: 1.8731e+02 
2026-06-24 15:37:34,492 INFO: [brain..][epoch:  1, iter:   4,300, lr:(1.000e-03,1.000e-03,)][eta: 1:10:51, time (data): 0.205 (0.012)]l_bij: 6.2352e+01 l_orth: 5.9336e+01 l_align: 5.4216e+01 l_total: 1.7590e+02 
2026-06-24 15:37:38,633 INFO: [brain..][epoch:  1, iter:   4,320, lr:(1.000e-03,1.000e-03,)][eta: 1:10:47, time (data): 0.205 (0.012)]l_bij: 8.0361e+01 l_orth: 7.7091e+01 l_align: 4.0194e+01 l_total: 1.9765e+02 
2026-06-24 15:37:42,694 INFO: [brain..][epoch:  1, iter:   4,340, lr:(1.000e-03,1.000e-03,)][eta: 1:10:42, time (data): 0.205 (0.012)]l_bij: 6.1372e+01 l_orth: 5.8206e+01 l_align: 5.7578e+01 l_total: 1.7716e+02 
2026-06-24 15:37:46,765 INFO: [brain..][epoch:  1, iter:   4,360, lr:(1.000e-03,1.000e-03,)][eta: 1:10:37, time (data): 0.205 (0.012)]l_bij: 7.0573e+01 l_orth: 6.6885e+01 l_align: 4.9311e+01 l_total: 1.8677e+02 
2026-06-24 15:37:50,858 INFO: [brain..][epoch:  1, iter:   4,380, lr:(1.000e-03,1.000e-03,)][eta: 1:10:33, time (data): 0.205 (0.012)]l_bij: 6.2678e+01 l_orth: 5.9598e+01 l_align: 5.7446e+01 l_total: 1.7972e+02 
2026-06-24 15:37:54,988 INFO: [brain..][epoch:  1, iter:   4,400, lr:(1.000e-03,1.000e-03,)][eta: 1:10:28, time (data): 0.205 (0.012)]l_bij: 6.1567e+01 l_orth: 5.9697e+01 l_align: 5.9170e+01 l_total: 1.8043e+02 
2026-06-24 15:37:59,084 INFO: [brain..][epoch:  1, iter:   4,420, lr:(1.000e-03,1.000e-03,)][eta: 1:10:24, time (data): 0.205 (0.012)]l_bij: 6.1392e+01 l_orth: 5.9490e+01 l_align: 5.8658e+01 l_total: 1.7954e+02 
2026-06-24 15:38:03,193 INFO: [brain..][epoch:  1, iter:   4,440, lr:(1.000e-03,1.000e-03,)][eta: 1:10:19, time (data): 0.206 (0.011)]l_bij: 8.0205e+01 l_orth: 7.6354e+01 l_align: 3.8246e+01 l_total: 1.9481e+02 
2026-06-24 15:38:07,310 INFO: [brain..][epoch:  1, iter:   4,460, lr:(1.000e-03,1.000e-03,)][eta: 1:10:15, time (data): 0.206 (0.011)]l_bij: 6.1963e+01 l_orth: 6.0268e+01 l_align: 5.9216e+01 l_total: 1.8145e+02 
2026-06-24 15:38:11,400 INFO: [brain..][epoch:  1, iter:   4,480, lr:(1.000e-03,1.000e-03,)][eta: 1:10:10, time (data): 0.205 (0.012)]l_bij: 7.0476e+01 l_orth: 6.9865e+01 l_align: 5.1194e+01 l_total: 1.9153e+02 
2026-06-24 15:38:15,527 INFO: [brain..][epoch:  1, iter:   4,500, lr:(1.000e-03,1.000e-03,)][eta: 1:10:05, time (data): 0.205 (0.012)]l_bij: 6.8738e+01 l_orth: 6.9253e+01 l_align: 5.1763e+01 l_total: 1.8975e+02 
2026-06-24 15:38:19,661 INFO: [brain..][epoch:  1, iter:   4,520, lr:(1.000e-03,1.000e-03,)][eta: 1:10:01, time (data): 0.206 (0.012)]l_bij: 7.2430e+01 l_orth: 7.2311e+01 l_align: 4.9820e+01 l_total: 1.9456e+02 
2026-06-24 15:38:23,758 INFO: [brain..][epoch:  1, iter:   4,540, lr:(1.000e-03,1.000e-03,)][eta: 1:09:56, time (data): 0.205 (0.012)]l_bij: 7.2596e+01 l_orth: 6.8816e+01 l_align: 4.5911e+01 l_total: 1.8732e+02 
2026-06-24 15:38:27,822 INFO: [brain..][epoch:  1, iter:   4,560, lr:(1.000e-03,1.000e-03,)][eta: 1:09:52, time (data): 0.205 (0.011)]l_bij: 7.2795e+01 l_orth: 6.9479e+01 l_align: 4.4330e+01 l_total: 1.8660e+02 
2026-06-24 15:38:31,925 INFO: [brain..][epoch:  1, iter:   4,580, lr:(1.000e-03,1.000e-03,)][eta: 1:09:47, time (data): 0.205 (0.011)]l_bij: 5.5553e+01 l_orth: 5.7212e+01 l_align: 6.4735e+01 l_total: 1.7750e+02 
2026-06-24 15:38:36,057 INFO: [brain..][epoch:  1, iter:   4,600, lr:(1.000e-03,1.000e-03,)][eta: 1:09:43, time (data): 0.205 (0.011)]l_bij: 5.3695e+01 l_orth: 5.4957e+01 l_align: 6.3335e+01 l_total: 1.7199e+02 
2026-06-24 15:38:40,130 INFO: [brain..][epoch:  1, iter:   4,620, lr:(1.000e-03,1.000e-03,)][eta: 1:09:38, time (data): 0.205 (0.011)]l_bij: 8.5030e+01 l_orth: 7.8743e+01 l_align: 3.8094e+01 l_total: 2.0187e+02 
2026-06-24 15:38:44,230 INFO: [brain..][epoch:  1, iter:   4,640, lr:(1.000e-03,1.000e-03,)][eta: 1:09:33, time (data): 0.205 (0.011)]l_bij: 6.4196e+01 l_orth: 6.0566e+01 l_align: 5.4912e+01 l_total: 1.7967e+02 
2026-06-24 15:38:48,350 INFO: [brain..][epoch:  1, iter:   4,660, lr:(1.000e-03,1.000e-03,)][eta: 1:09:29, time (data): 0.205 (0.012)]l_bij: 7.5734e+01 l_orth: 7.1857e+01 l_align: 3.9959e+01 l_total: 1.8755e+02 
2026-06-24 15:38:52,426 INFO: [brain..][epoch:  1, iter:   4,680, lr:(1.000e-03,1.000e-03,)][eta: 1:09:24, time (data): 0.205 (0.012)]l_bij: 6.6460e+01 l_orth: 6.2236e+01 l_align: 5.4863e+01 l_total: 1.8356e+02 
2026-06-24 15:38:56,505 INFO: [brain..][epoch:  1, iter:   4,700, lr:(1.000e-03,1.000e-03,)][eta: 1:09:20, time (data): 0.205 (0.012)]l_bij: 5.3795e+01 l_orth: 5.2711e+01 l_align: 6.5279e+01 l_total: 1.7178e+02 
2026-06-24 15:39:00,665 INFO: [brain..][epoch:  1, iter:   4,720, lr:(1.000e-03,1.000e-03,)][eta: 1:09:15, time (data): 0.205 (0.012)]l_bij: 6.9338e+01 l_orth: 7.1153e+01 l_align: 5.1386e+01 l_total: 1.9188e+02 
2026-06-24 15:39:04,756 INFO: [brain..][epoch:  1, iter:   4,740, lr:(1.000e-03,1.000e-03,)][eta: 1:09:11, time (data): 0.205 (0.012)]l_bij: 5.9432e+01 l_orth: 5.7745e+01 l_align: 5.8760e+01 l_total: 1.7594e+02 
2026-06-24 15:39:08,880 INFO: [brain..][epoch:  1, iter:   4,760, lr:(1.000e-03,1.000e-03,)][eta: 1:09:06, time (data): 0.205 (0.012)]l_bij: 6.3268e+01 l_orth: 6.0533e+01 l_align: 5.6082e+01 l_total: 1.7988e+02 
2026-06-24 15:39:12,997 INFO: [brain..][epoch:  1, iter:   4,780, lr:(1.000e-03,1.000e-03,)][eta: 1:09:02, time (data): 0.205 (0.012)]l_bij: 6.1107e+01 l_orth: 5.9632e+01 l_align: 6.1015e+01 l_total: 1.8175e+02 
2026-06-24 15:39:17,109 INFO: [brain..][epoch:  1, iter:   4,800, lr:(1.000e-03,1.000e-03,)][eta: 1:08:57, time (data): 0.205 (0.012)]l_bij: 7.2437e+01 l_orth: 7.0870e+01 l_align: 4.3655e+01 l_total: 1.8696e+02 
2026-06-24 15:39:21,253 INFO: [brain..][epoch:  1, iter:   4,820, lr:(1.000e-03,1.000e-03,)][eta: 1:08:53, time (data): 0.205 (0.012)]l_bij: 6.4414e+01 l_orth: 6.6381e+01 l_align: 5.6692e+01 l_total: 1.8749e+02 
2026-06-24 15:39:25,373 INFO: [brain..][epoch:  1, iter:   4,840, lr:(1.000e-03,1.000e-03,)][eta: 1:08:48, time (data): 0.206 (0.012)]l_bij: 5.6994e+01 l_orth: 5.5451e+01 l_align: 6.0483e+01 l_total: 1.7293e+02 
2026-06-24 15:39:29,460 INFO: [brain..][epoch:  1, iter:   4,860, lr:(1.000e-03,1.000e-03,)][eta: 1:08:44, time (data): 0.205 (0.011)]l_bij: 6.1249e+01 l_orth: 6.1373e+01 l_align: 6.3052e+01 l_total: 1.8567e+02 
2026-06-24 15:39:33,566 INFO: [brain..][epoch:  1, iter:   4,880, lr:(1.000e-03,1.000e-03,)][eta: 1:08:39, time (data): 0.205 (0.011)]l_bij: 5.6524e+01 l_orth: 5.7213e+01 l_align: 6.2227e+01 l_total: 1.7596e+02 
2026-06-24 15:39:37,705 INFO: [brain..][epoch:  1, iter:   4,900, lr:(1.000e-03,1.000e-03,)][eta: 1:08:35, time (data): 0.206 (0.011)]l_bij: 6.4578e+01 l_orth: 6.0312e+01 l_align: 5.4201e+01 l_total: 1.7909e+02 
2026-06-24 15:39:41,852 INFO: [brain..][epoch:  1, iter:   4,920, lr:(1.000e-03,1.000e-03,)][eta: 1:08:31, time (data): 0.206 (0.011)]l_bij: 5.8109e+01 l_orth: 6.3747e+01 l_align: 6.3321e+01 l_total: 1.8518e+02 
2026-06-24 15:39:45,945 INFO: [brain..][epoch:  1, iter:   4,940, lr:(1.000e-03,1.000e-03,)][eta: 1:08:26, time (data): 0.206 (0.012)]l_bij: 6.4656e+01 l_orth: 6.1391e+01 l_align: 5.3286e+01 l_total: 1.7933e+02 
2026-06-24 15:39:50,029 INFO: [brain..][epoch:  1, iter:   4,960, lr:(1.000e-03,1.000e-03,)][eta: 1:08:21, time (data): 0.205 (0.012)]l_bij: 6.8984e+01 l_orth: 6.4885e+01 l_align: 4.8677e+01 l_total: 1.8255e+02 
2026-06-24 15:39:54,154 INFO: [brain..][epoch:  1, iter:   4,980, lr:(1.000e-03,1.000e-03,)][eta: 1:08:17, time (data): 0.205 (0.011)]l_bij: 8.0518e+01 l_orth: 7.6567e+01 l_align: 4.2920e+01 l_total: 2.0001e+02 
2026-06-24 15:39:58,233 INFO: [brain..][epoch:  1, iter:   5,000, lr:(1.000e-03,1.000e-03,)][eta: 1:08:12, time (data): 0.205 (0.012)]l_bij: 7.0484e+01 l_orth: 6.7915e+01 l_align: 5.0120e+01 l_total: 1.8852e+02 
2026-06-24 15:40:02,308 INFO: [brain..][epoch:  1, iter:   5,020, lr:(1.000e-03,1.000e-03,)][eta: 1:08:08, time (data): 0.205 (0.011)]l_bij: 6.2016e+01 l_orth: 5.9534e+01 l_align: 5.7146e+01 l_total: 1.7870e+02 
2026-06-24 15:40:06,442 INFO: [brain..][epoch:  1, iter:   5,040, lr:(1.000e-03,1.000e-03,)][eta: 1:08:04, time (data): 0.206 (0.012)]l_bij: 5.8724e+01 l_orth: 6.4540e+01 l_align: 6.4863e+01 l_total: 1.8813e+02 
2026-06-24 15:40:10,545 INFO: [brain..][epoch:  1, iter:   5,060, lr:(1.000e-03,1.000e-03,)][eta: 1:07:59, time (data): 0.206 (0.012)]l_bij: 5.9388e+01 l_orth: 5.7590e+01 l_align: 5.8420e+01 l_total: 1.7540e+02 
2026-06-24 15:40:14,686 INFO: [brain..][epoch:  1, iter:   5,080, lr:(1.000e-03,1.000e-03,)][eta: 1:07:55, time (data): 0.206 (0.012)]l_bij: 7.3316e+01 l_orth: 6.9460e+01 l_align: 4.8129e+01 l_total: 1.9090e+02 
2026-06-24 15:40:18,794 INFO: [brain..][epoch:  1, iter:   5,100, lr:(1.000e-03,1.000e-03,)][eta: 1:07:50, time (data): 0.206 (0.012)]l_bij: 6.0486e+01 l_orth: 5.9855e+01 l_align: 5.9559e+01 l_total: 1.7990e+02 
2026-06-24 15:40:22,880 INFO: [brain..][epoch:  1, iter:   5,120, lr:(1.000e-03,1.000e-03,)][eta: 1:07:46, time (data): 0.205 (0.012)]l_bij: 6.7903e+01 l_orth: 6.5944e+01 l_align: 5.0856e+01 l_total: 1.8470e+02 
2026-06-24 15:40:26,974 INFO: [brain..][epoch:  1, iter:   5,140, lr:(1.000e-03,1.000e-03,)][eta: 1:07:41, time (data): 0.205 (0.012)]l_bij: 7.3232e+01 l_orth: 6.9149e+01 l_align: 4.6769e+01 l_total: 1.8915e+02 
2026-06-24 15:40:31,113 INFO: [brain..][epoch:  1, iter:   5,160, lr:(1.000e-03,1.000e-03,)][eta: 1:07:37, time (data): 0.206 (0.012)]l_bij: 5.6691e+01 l_orth: 5.5657e+01 l_align: 6.0639e+01 l_total: 1.7299e+02 
2026-06-24 15:40:35,204 INFO: [brain..][epoch:  1, iter:   5,180, lr:(1.000e-03,1.000e-03,)][eta: 1:07:32, time (data): 0.205 (0.012)]l_bij: 8.2663e+01 l_orth: 7.8780e+01 l_align: 4.0066e+01 l_total: 2.0151e+02 
2026-06-24 15:40:39,278 INFO: [brain..][epoch:  1, iter:   5,200, lr:(1.000e-03,1.000e-03,)][eta: 1:07:28, time (data): 0.205 (0.011)]l_bij: 6.7086e+01 l_orth: 6.3183e+01 l_align: 5.2203e+01 l_total: 1.8247e+02 
2026-06-24 15:40:43,365 INFO: [brain..][epoch:  1, iter:   5,220, lr:(1.000e-03,1.000e-03,)][eta: 1:07:23, time (data): 0.205 (0.011)]l_bij: 6.9554e+01 l_orth: 6.6159e+01 l_align: 5.0216e+01 l_total: 1.8593e+02 
2026-06-24 15:40:47,501 INFO: [brain..][epoch:  1, iter:   5,240, lr:(1.000e-03,1.000e-03,)][eta: 1:07:19, time (data): 0.208 (0.012)]l_bij: 6.1004e+01 l_orth: 6.0005e+01 l_align: 5.9135e+01 l_total: 1.8014e+02 
2026-06-24 15:40:51,621 INFO: [brain..][epoch:  1, iter:   5,260, lr:(1.000e-03,1.000e-03,)][eta: 1:07:14, time (data): 0.207 (0.012)]l_bij: 5.4869e+01 l_orth: 5.2090e+01 l_align: 6.2714e+01 l_total: 1.6967e+02 
2026-06-24 15:40:55,909 INFO: [brain..][epoch:  1, iter:   5,280, lr:(1.000e-03,1.000e-03,)][eta: 1:07:11, time (data): 0.209 (0.012)]l_bij: 6.3626e+01 l_orth: 6.1539e+01 l_align: 5.5317e+01 l_total: 1.8048e+02 
2026-06-24 15:41:00,069 INFO: [brain..][epoch:  1, iter:   5,300, lr:(1.000e-03,1.000e-03,)][eta: 1:07:06, time (data): 0.209 (0.011)]l_bij: 6.6857e+01 l_orth: 6.4303e+01 l_align: 5.6332e+01 l_total: 1.8749e+02 
2026-06-24 15:41:04,172 INFO: [brain..][epoch:  1, iter:   5,320, lr:(1.000e-03,1.000e-03,)][eta: 1:07:02, time (data): 0.208 (0.011)]l_bij: 6.4042e+01 l_orth: 5.9880e+01 l_align: 5.3579e+01 l_total: 1.7750e+02 
2026-06-24 15:41:08,338 INFO: [brain..][epoch:  1, iter:   5,340, lr:(1.000e-03,1.000e-03,)][eta: 1:06:58, time (data): 0.208 (0.012)]l_bij: 6.5342e+01 l_orth: 6.3623e+01 l_align: 5.3231e+01 l_total: 1.8220e+02 
2026-06-24 15:41:12,437 INFO: [brain..][epoch:  1, iter:   5,360, lr:(1.000e-03,1.000e-03,)][eta: 1:06:53, time (data): 0.208 (0.012)]l_bij: 7.5997e+01 l_orth: 7.1861e+01 l_align: 4.2260e+01 l_total: 1.9012e+02 
2026-06-24 15:41:16,550 INFO: [brain..][epoch:  1, iter:   5,380, lr:(1.000e-03,1.000e-03,)][eta: 1:06:49, time (data): 0.207 (0.011)]l_bij: 6.8150e+01 l_orth: 6.3756e+01 l_align: 5.2251e+01 l_total: 1.8416e+02 
2026-06-24 15:41:20,697 INFO: [brain..][epoch:  1, iter:   5,400, lr:(1.000e-03,1.000e-03,)][eta: 1:06:45, time (data): 0.207 (0.011)]l_bij: 5.3988e+01 l_orth: 5.6158e+01 l_align: 6.6424e+01 l_total: 1.7657e+02 
2026-06-24 15:41:24,809 INFO: [brain..][epoch:  1, iter:   5,420, lr:(1.000e-03,1.000e-03,)][eta: 1:06:40, time (data): 0.207 (0.012)]l_bij: 6.7445e+01 l_orth: 6.4408e+01 l_align: 5.1771e+01 l_total: 1.8362e+02 
2026-06-24 15:41:28,926 INFO: [brain..][epoch:  1, iter:   5,440, lr:(1.000e-03,1.000e-03,)][eta: 1:06:36, time (data): 0.206 (0.012)]l_bij: 6.0644e+01 l_orth: 5.8844e+01 l_align: 5.5431e+01 l_total: 1.7492e+02 
2026-06-24 15:41:33,058 INFO: [brain..][epoch:  1, iter:   5,460, lr:(1.000e-03,1.000e-03,)][eta: 1:06:31, time (data): 0.206 (0.012)]l_bij: 7.0092e+01 l_orth: 6.6470e+01 l_align: 4.9473e+01 l_total: 1.8604e+02 
2026-06-24 15:41:37,162 INFO: [brain..][epoch:  1, iter:   5,480, lr:(1.000e-03,1.000e-03,)][eta: 1:06:27, time (data): 0.206 (0.012)]l_bij: 6.9251e+01 l_orth: 6.4860e+01 l_align: 4.8546e+01 l_total: 1.8266e+02 
2026-06-24 15:41:41,238 INFO: [brain..][epoch:  1, iter:   5,500, lr:(1.000e-03,1.000e-03,)][eta: 1:06:22, time (data): 0.205 (0.012)]l_bij: 7.6242e+01 l_orth: 7.1376e+01 l_align: 4.2993e+01 l_total: 1.9061e+02 
2026-06-24 15:41:45,359 INFO: [brain..][epoch:  1, iter:   5,520, lr:(1.000e-03,1.000e-03,)][eta: 1:06:18, time (data): 0.205 (0.012)]l_bij: 5.4706e+01 l_orth: 5.5817e+01 l_align: 6.3922e+01 l_total: 1.7444e+02 
2026-06-24 15:41:49,517 INFO: [brain..][epoch:  1, iter:   5,540, lr:(1.000e-03,1.000e-03,)][eta: 1:06:14, time (data): 0.206 (0.012)]l_bij: 6.6039e+01 l_orth: 6.3554e+01 l_align: 5.2131e+01 l_total: 1.8172e+02 
2026-06-24 15:41:53,647 INFO: [brain..][epoch:  1, iter:   5,560, lr:(1.000e-03,1.000e-03,)][eta: 1:06:09, time (data): 0.206 (0.012)]l_bij: 6.6882e+01 l_orth: 6.3826e+01 l_align: 5.3318e+01 l_total: 1.8403e+02 
2026-06-24 15:41:57,709 INFO: [brain..][epoch:  1, iter:   5,580, lr:(1.000e-03,1.000e-03,)][eta: 1:06:05, time (data): 0.205 (0.012)]l_bij: 7.5106e+01 l_orth: 7.1332e+01 l_align: 4.2641e+01 l_total: 1.8908e+02 
2026-06-24 15:42:01,812 INFO: [brain..][epoch:  1, iter:   5,600, lr:(1.000e-03,1.000e-03,)][eta: 1:06:01, time (data): 0.205 (0.012)]l_bij: 7.5353e+01 l_orth: 7.3990e+01 l_align: 4.2165e+01 l_total: 1.9151e+02 
2026-06-24 15:42:05,926 INFO: [brain..][epoch:  1, iter:   5,620, lr:(1.000e-03,1.000e-03,)][eta: 1:05:56, time (data): 0.205 (0.012)]l_bij: 7.6077e+01 l_orth: 7.3447e+01 l_align: 4.3695e+01 l_total: 1.9322e+02 
2026-06-24 15:42:10,040 INFO: [brain..][epoch:  1, iter:   5,640, lr:(1.000e-03,1.000e-03,)][eta: 1:05:52, time (data): 0.204 (0.012)]l_bij: 7.5686e+01 l_orth: 7.1329e+01 l_align: 4.3550e+01 l_total: 1.9056e+02 
2026-06-24 15:42:14,089 INFO: [brain..][epoch:  1, iter:   5,660, lr:(1.000e-03,1.000e-03,)][eta: 1:05:47, time (data): 0.203 (0.012)]l_bij: 5.5645e+01 l_orth: 5.6283e+01 l_align: 6.1816e+01 l_total: 1.7374e+02 
2026-06-24 15:42:18,209 INFO: [brain..][epoch:  1, iter:   5,680, lr:(1.000e-03,1.000e-03,)][eta: 1:05:43, time (data): 0.204 (0.012)]l_bij: 6.1913e+01 l_orth: 6.2465e+01 l_align: 6.0360e+01 l_total: 1.8474e+02 
2026-06-24 15:42:22,314 INFO: [brain..][epoch:  1, iter:   5,700, lr:(1.000e-03,1.000e-03,)][eta: 1:05:38, time (data): 0.204 (0.012)]l_bij: 6.3278e+01 l_orth: 6.1620e+01 l_align: 5.5296e+01 l_total: 1.8019e+02 
2026-06-24 15:42:26,437 INFO: [brain..][epoch:  1, iter:   5,720, lr:(1.000e-03,1.000e-03,)][eta: 1:05:34, time (data): 0.205 (0.012)]l_bij: 6.2292e+01 l_orth: 5.9232e+01 l_align: 5.5351e+01 l_total: 1.7688e+02 
2026-06-24 15:42:30,533 INFO: [brain..][epoch:  1, iter:   5,740, lr:(1.000e-03,1.000e-03,)][eta: 1:05:30, time (data): 0.205 (0.012)]l_bij: 4.8843e+01 l_orth: 5.0621e+01 l_align: 6.9839e+01 l_total: 1.6930e+02 
2026-06-24 15:42:34,666 INFO: [brain..][epoch:  1, iter:   5,760, lr:(1.000e-03,1.000e-03,)][eta: 1:05:25, time (data): 0.205 (0.011)]l_bij: 6.9531e+01 l_orth: 6.3935e+01 l_align: 4.9411e+01 l_total: 1.8288e+02 
2026-06-24 15:42:38,754 INFO: [brain..][epoch:  1, iter:   5,780, lr:(1.000e-03,1.000e-03,)][eta: 1:05:21, time (data): 0.205 (0.011)]l_bij: 5.2503e+01 l_orth: 5.2555e+01 l_align: 6.5394e+01 l_total: 1.7045e+02 
2026-06-24 15:42:42,829 INFO: [brain..][epoch:  1, iter:   5,800, lr:(1.000e-03,1.000e-03,)][eta: 1:05:16, time (data): 0.205 (0.011)]l_bij: 6.3580e+01 l_orth: 6.5047e+01 l_align: 5.5203e+01 l_total: 1.8383e+02 
2026-06-24 15:42:46,944 INFO: [brain..][epoch:  1, iter:   5,820, lr:(1.000e-03,1.000e-03,)][eta: 1:05:12, time (data): 0.205 (0.012)]l_bij: 6.5072e+01 l_orth: 6.3542e+01 l_align: 5.1070e+01 l_total: 1.7968e+02 
2026-06-24 15:42:51,102 INFO: [brain..][epoch:  1, iter:   5,840, lr:(1.000e-03,1.000e-03,)][eta: 1:05:08, time (data): 0.209 (0.013)]l_bij: 7.5756e+01 l_orth: 7.2100e+01 l_align: 4.2734e+01 l_total: 1.9059e+02 
2026-06-24 15:42:55,206 INFO: [brain..][epoch:  1, iter:   5,860, lr:(1.000e-03,1.000e-03,)][eta: 1:05:03, time (data): 0.206 (0.012)]l_bij: 6.0289e+01 l_orth: 5.8870e+01 l_align: 5.8804e+01 l_total: 1.7796e+02 
2026-06-24 15:42:59,317 INFO: [brain..][epoch:  1, iter:   5,880, lr:(1.000e-03,1.000e-03,)][eta: 1:04:59, time (data): 0.206 (0.012)]l_bij: 7.2877e+01 l_orth: 6.8105e+01 l_align: 4.5688e+01 l_total: 1.8667e+02 
2026-06-24 15:43:03,422 INFO: [brain..][epoch:  1, iter:   5,900, lr:(1.000e-03,1.000e-03,)][eta: 1:04:55, time (data): 0.206 (0.011)]l_bij: 6.0530e+01 l_orth: 5.8879e+01 l_align: 5.8157e+01 l_total: 1.7757e+02 
2026-06-24 15:43:07,537 INFO: [brain..][epoch:  1, iter:   5,920, lr:(1.000e-03,1.000e-03,)][eta: 1:04:50, time (data): 0.206 (0.011)]l_bij: 6.4025e+01 l_orth: 5.9867e+01 l_align: 5.3302e+01 l_total: 1.7719e+02 
2026-06-24 15:43:11,650 INFO: [brain..][epoch:  1, iter:   5,940, lr:(1.000e-03,1.000e-03,)][eta: 1:04:46, time (data): 0.206 (0.011)]l_bij: 6.8995e+01 l_orth: 6.5624e+01 l_align: 4.9172e+01 l_total: 1.8379e+02 
2026-06-24 15:43:15,741 INFO: [brain..][epoch:  1, iter:   5,960, lr:(1.000e-03,1.000e-03,)][eta: 1:04:41, time (data): 0.205 (0.011)]l_bij: 6.1580e+01 l_orth: 5.9328e+01 l_align: 5.8995e+01 l_total: 1.7990e+02 
2026-06-24 15:43:19,817 INFO: [brain..][epoch:  1, iter:   5,980, lr:(1.000e-03,1.000e-03,)][eta: 1:04:37, time (data): 0.205 (0.011)]l_bij: 5.8417e+01 l_orth: 5.7233e+01 l_align: 5.9595e+01 l_total: 1.7525e+02 
2026-06-24 15:43:23,940 INFO: [brain..][epoch:  1, iter:   6,000, lr:(1.000e-03,1.000e-03,)][eta: 1:04:33, time (data): 0.205 (0.011)]l_bij: 5.3699e+01 l_orth: 5.1560e+01 l_align: 6.6609e+01 l_total: 1.7187e+02 
2026-06-24 15:43:23,941 INFO: Saving models and training states.
2026-06-24 15:43:23,964 INFO: Start validation.
2026-06-24 15:43:31,517 INFO: Avg time: 0.0674
2026-06-24 15:43:31,521 INFO: [ONB diag] max|Q-I|: mean=2.5917e-01 max=3.0988e-01 | max|Φ̃ᵀMΦ̃-I|: mean=6.0267e-07 max=7.1526e-07
2026-06-24 15:43:35,650 INFO: [brain..][epoch:  1, iter:   6,020, lr:(1.000e-03,1.000e-03,)][eta: 1:04:52, time (data): 0.205 (0.011)]l_bij: 6.2620e+01 l_orth: 6.0758e+01 l_align: 5.6515e+01 l_total: 1.7989e+02 
2026-06-24 15:43:39,818 INFO: [brain..][epoch:  1, iter:   6,040, lr:(1.000e-03,1.000e-03,)][eta: 1:04:47, time (data): 0.208 (0.012)]l_bij: 6.4275e+01 l_orth: 6.3929e+01 l_align: 5.6031e+01 l_total: 1.8424e+02 
2026-06-24 15:43:43,853 INFO: [brain..][epoch:  1, iter:   6,060, lr:(1.000e-03,1.000e-03,)][eta: 1:04:43, time (data): 0.204 (0.012)]l_bij: 7.6824e+01 l_orth: 7.2495e+01 l_align: 4.2964e+01 l_total: 1.9228e+02 
2026-06-24 15:43:47,961 INFO: [brain..][epoch:  1, iter:   6,080, lr:(1.000e-03,1.000e-03,)][eta: 1:04:38, time (data): 0.204 (0.012)]l_bij: 7.3179e+01 l_orth: 7.1707e+01 l_align: 4.5968e+01 l_total: 1.9085e+02 
2026-06-24 15:43:52,057 INFO: [brain..][epoch:  1, iter:   6,100, lr:(1.000e-03,1.000e-03,)][eta: 1:04:34, time (data): 0.204 (0.012)]l_bij: 5.4757e+01 l_orth: 5.3831e+01 l_align: 6.0812e+01 l_total: 1.6940e+02 
2026-06-24 15:43:56,174 INFO: [brain..][epoch:  1, iter:   6,120, lr:(1.000e-03,1.000e-03,)][eta: 1:04:29, time (data): 0.205 (0.011)]l_bij: 5.6848e+01 l_orth: 5.3672e+01 l_align: 5.8984e+01 l_total: 1.6950e+02 
2026-06-24 15:44:00,237 INFO: [brain..][epoch:  1, iter:   6,140, lr:(1.000e-03,1.000e-03,)][eta: 1:04:25, time (data): 0.204 (0.011)]l_bij: 5.4678e+01 l_orth: 6.0205e+01 l_align: 6.6985e+01 l_total: 1.8187e+02 
2026-06-24 15:44:04,313 INFO: [brain..][epoch:  1, iter:   6,160, lr:(1.000e-03,1.000e-03,)][eta: 1:04:20, time (data): 0.204 (0.011)]l_bij: 5.5522e+01 l_orth: 5.5878e+01 l_align: 6.1132e+01 l_total: 1.7253e+02 
2026-06-24 15:44:08,396 INFO: [brain..][epoch:  1, iter:   6,180, lr:(1.000e-03,1.000e-03,)][eta: 1:04:16, time (data): 0.204 (0.011)]l_bij: 5.9599e+01 l_orth: 5.8848e+01 l_align: 5.9246e+01 l_total: 1.7769e+02 
2026-06-24 15:44:12,518 INFO: [brain..][epoch:  1, iter:   6,200, lr:(1.000e-03,1.000e-03,)][eta: 1:04:11, time (data): 0.204 (0.011)]l_bij: 7.3561e+01 l_orth: 7.1870e+01 l_align: 4.7316e+01 l_total: 1.9275e+02 
2026-06-24 15:44:16,633 INFO: [brain..][epoch:  1, iter:   6,220, lr:(1.000e-03,1.000e-03,)][eta: 1:04:07, time (data): 0.205 (0.011)]l_bij: 5.6970e+01 l_orth: 5.5383e+01 l_align: 6.1734e+01 l_total: 1.7409e+02 
2026-06-24 15:44:20,721 INFO: [brain..][epoch:  1, iter:   6,240, lr:(1.000e-03,1.000e-03,)][eta: 1:04:02, time (data): 0.207 (0.011)]l_bij: 7.5831e+01 l_orth: 7.1122e+01 l_align: 4.5369e+01 l_total: 1.9232e+02 
2026-06-24 15:44:24,789 INFO: [brain..][epoch:  1, iter:   6,260, lr:(1.000e-03,1.000e-03,)][eta: 1:03:58, time (data): 0.204 (0.011)]l_bij: 5.2020e+01 l_orth: 5.2586e+01 l_align: 6.6489e+01 l_total: 1.7109e+02 
2026-06-24 15:44:28,916 INFO: [brain..][epoch:  1, iter:   6,280, lr:(1.000e-03,1.000e-03,)][eta: 1:03:53, time (data): 0.205 (0.012)]l_bij: 6.2688e+01 l_orth: 6.0578e+01 l_align: 5.5982e+01 l_total: 1.7925e+02 
2026-06-24 15:44:33,028 INFO: [brain..][epoch:  1, iter:   6,300, lr:(1.000e-03,1.000e-03,)][eta: 1:03:49, time (data): 0.205 (0.012)]l_bij: 5.0370e+01 l_orth: 5.2986e+01 l_align: 6.8316e+01 l_total: 1.7167e+02 
2026-06-24 15:44:37,121 INFO: [brain..][epoch:  1, iter:   6,320, lr:(1.000e-03,1.000e-03,)][eta: 1:03:44, time (data): 0.205 (0.012)]l_bij: 6.5271e+01 l_orth: 6.2741e+01 l_align: 5.2041e+01 l_total: 1.8005e+02 
2026-06-24 15:44:41,257 INFO: [brain..][epoch:  1, iter:   6,340, lr:(1.000e-03,1.000e-03,)][eta: 1:03:40, time (data): 0.205 (0.012)]l_bij: 5.4247e+01 l_orth: 5.5896e+01 l_align: 6.1324e+01 l_total: 1.7147e+02 
2026-06-24 15:44:45,344 INFO: [brain..][epoch:  1, iter:   6,360, lr:(1.000e-03,1.000e-03,)][eta: 1:03:36, time (data): 0.205 (0.012)]l_bij: 4.9948e+01 l_orth: 4.9372e+01 l_align: 6.9570e+01 l_total: 1.6889e+02 
2026-06-24 15:44:49,468 INFO: [brain..][epoch:  1, iter:   6,380, lr:(1.000e-03,1.000e-03,)][eta: 1:03:31, time (data): 0.205 (0.012)]l_bij: 5.3299e+01 l_orth: 5.3632e+01 l_align: 6.5721e+01 l_total: 1.7265e+02 
2026-06-24 15:44:53,585 INFO: [brain..][epoch:  1, iter:   6,400, lr:(1.000e-03,1.000e-03,)][eta: 1:03:27, time (data): 0.205 (0.012)]l_bij: 5.5956e+01 l_orth: 5.5444e+01 l_align: 6.1765e+01 l_total: 1.7317e+02 
2026-06-24 15:44:57,696 INFO: [brain..][epoch:  1, iter:   6,420, lr:(1.000e-03,1.000e-03,)][eta: 1:03:22, time (data): 0.205 (0.012)]l_bij: 6.5252e+01 l_orth: 6.2211e+01 l_align: 5.1895e+01 l_total: 1.7936e+02 
2026-06-24 15:45:01,813 INFO: [brain..][epoch:  1, iter:   6,440, lr:(1.000e-03,1.000e-03,)][eta: 1:03:18, time (data): 0.205 (0.012)]l_bij: 5.8929e+01 l_orth: 5.4914e+01 l_align: 5.8978e+01 l_total: 1.7282e+02 
2026-06-24 15:45:05,913 INFO: [brain..][epoch:  1, iter:   6,460, lr:(1.000e-03,1.000e-03,)][eta: 1:03:14, time (data): 0.205 (0.012)]l_bij: 6.5223e+01 l_orth: 6.2808e+01 l_align: 5.2713e+01 l_total: 1.8074e+02 
2026-06-24 15:45:09,977 INFO: [brain..][epoch:  1, iter:   6,480, lr:(1.000e-03,1.000e-03,)][eta: 1:03:09, time (data): 0.204 (0.011)]l_bij: 6.7788e+01 l_orth: 6.5248e+01 l_align: 5.1395e+01 l_total: 1.8443e+02 
2026-06-24 15:45:14,045 INFO: [brain..][epoch:  1, iter:   6,500, lr:(1.000e-03,1.000e-03,)][eta: 1:03:05, time (data): 0.204 (0.012)]l_bij: 6.4218e+01 l_orth: 6.3885e+01 l_align: 5.5605e+01 l_total: 1.8371e+02 
2026-06-24 15:45:18,169 INFO: [brain..][epoch:  1, iter:   6,520, lr:(1.000e-03,1.000e-03,)][eta: 1:03:00, time (data): 0.204 (0.012)]l_bij: 6.2748e+01 l_orth: 6.3601e+01 l_align: 5.8827e+01 l_total: 1.8518e+02 
2026-06-24 15:45:22,257 INFO: [brain..][epoch:  1, iter:   6,540, lr:(1.000e-03,1.000e-03,)][eta: 1:02:56, time (data): 0.204 (0.012)]l_bij: 6.5042e+01 l_orth: 6.2140e+01 l_align: 5.5871e+01 l_total: 1.8305e+02 
2026-06-24 15:45:26,333 INFO: [brain..][epoch:  1, iter:   6,560, lr:(1.000e-03,1.000e-03,)][eta: 1:02:51, time (data): 0.204 (0.012)]l_bij: 6.7342e+01 l_orth: 6.5589e+01 l_align: 5.3969e+01 l_total: 1.8690e+02 
2026-06-24 15:45:30,382 INFO: [brain..][epoch:  1, iter:   6,580, lr:(1.000e-03,1.000e-03,)][eta: 1:02:47, time (data): 0.204 (0.012)]l_bij: 6.0867e+01 l_orth: 5.6892e+01 l_align: 5.7714e+01 l_total: 1.7547e+02 
2026-06-24 15:45:34,624 INFO: [brain..][epoch:  1, iter:   6,600, lr:(1.000e-03,1.000e-03,)][eta: 1:02:43, time (data): 0.205 (0.012)]l_bij: 7.0799e+01 l_orth: 6.7272e+01 l_align: 4.6027e+01 l_total: 1.8410e+02 
2026-06-24 15:45:38,729 INFO: [brain..][epoch:  1, iter:   6,620, lr:(1.000e-03,1.000e-03,)][eta: 1:02:38, time (data): 0.205 (0.011)]l_bij: 6.4465e+01 l_orth: 6.1721e+01 l_align: 5.3659e+01 l_total: 1.7984e+02 
2026-06-24 15:45:42,829 INFO: [brain..][epoch:  1, iter:   6,640, lr:(1.000e-03,1.000e-03,)][eta: 1:02:34, time (data): 0.202 (0.010)]l_bij: 5.7870e+01 l_orth: 5.8809e+01 l_align: 6.2882e+01 l_total: 1.7956e+02 
2026-06-24 15:45:46,933 INFO: [brain..][epoch:  1, iter:   6,660, lr:(1.000e-03,1.000e-03,)][eta: 1:02:29, time (data): 0.204 (0.011)]l_bij: 6.3712e+01 l_orth: 6.0637e+01 l_align: 5.4662e+01 l_total: 1.7901e+02 
2026-06-24 15:45:51,026 INFO: [brain..][epoch:  1, iter:   6,680, lr:(1.000e-03,1.000e-03,)][eta: 1:02:25, time (data): 0.204 (0.012)]l_bij: 6.4696e+01 l_orth: 6.0822e+01 l_align: 5.4580e+01 l_total: 1.8010e+02 
2026-06-24 15:45:55,163 INFO: [brain..][epoch:  1, iter:   6,700, lr:(1.000e-03,1.000e-03,)][eta: 1:02:21, time (data): 0.205 (0.012)]l_bij: 5.9908e+01 l_orth: 5.7644e+01 l_align: 5.9010e+01 l_total: 1.7656e+02 
2026-06-24 15:45:59,249 INFO: [brain..][epoch:  1, iter:   6,720, lr:(1.000e-03,1.000e-03,)][eta: 1:02:16, time (data): 0.205 (0.012)]l_bij: 6.3146e+01 l_orth: 5.9462e+01 l_align: 5.3406e+01 l_total: 1.7601e+02 
2026-06-24 15:46:03,365 INFO: [brain..][epoch:  1, iter:   6,740, lr:(1.000e-03,1.000e-03,)][eta: 1:02:12, time (data): 0.205 (0.012)]l_bij: 6.2682e+01 l_orth: 5.8919e+01 l_align: 5.4369e+01 l_total: 1.7597e+02 
2026-06-24 15:46:07,465 INFO: [brain..][epoch:  1, iter:   6,760, lr:(1.000e-03,1.000e-03,)][eta: 1:02:07, time (data): 0.205 (0.012)]l_bij: 5.8236e+01 l_orth: 5.8542e+01 l_align: 6.2243e+01 l_total: 1.7902e+02 
2026-06-24 15:46:11,613 INFO: [brain..][epoch:  1, iter:   6,780, lr:(1.000e-03,1.000e-03,)][eta: 1:02:03, time (data): 0.205 (0.012)]l_bij: 6.8815e+01 l_orth: 6.4938e+01 l_align: 5.1726e+01 l_total: 1.8548e+02 
2026-06-24 15:46:15,717 INFO: [brain..][epoch:  1, iter:   6,800, lr:(1.000e-03,1.000e-03,)][eta: 1:01:59, time (data): 0.205 (0.012)]l_bij: 6.2460e+01 l_orth: 5.9497e+01 l_align: 5.6243e+01 l_total: 1.7820e+02 
2026-06-24 15:46:19,833 INFO: [brain..][epoch:  1, iter:   6,820, lr:(1.000e-03,1.000e-03,)][eta: 1:01:54, time (data): 0.205 (0.012)]l_bij: 6.3885e+01 l_orth: 6.5504e+01 l_align: 5.7237e+01 l_total: 1.8663e+02 
2026-06-24 15:46:23,965 INFO: [brain..][epoch:  1, iter:   6,840, lr:(1.000e-03,1.000e-03,)][eta: 1:01:50, time (data): 0.207 (0.012)]l_bij: 6.6657e+01 l_orth: 6.3277e+01 l_align: 5.0854e+01 l_total: 1.8079e+02 
2026-06-24 15:46:28,093 INFO: [brain..][epoch:  1, iter:   6,860, lr:(1.000e-03,1.000e-03,)][eta: 1:01:46, time (data): 0.206 (0.012)]l_bij: 6.3155e+01 l_orth: 6.0869e+01 l_align: 5.5544e+01 l_total: 1.7957e+02 
2026-06-24 15:46:32,168 INFO: [brain..][epoch:  1, iter:   6,880, lr:(1.000e-03,1.000e-03,)][eta: 1:01:41, time (data): 0.205 (0.012)]l_bij: 5.2867e+01 l_orth: 5.2766e+01 l_align: 6.4941e+01 l_total: 1.7057e+02 
2026-06-24 15:46:36,262 INFO: [brain..][epoch:  1, iter:   6,900, lr:(1.000e-03,1.000e-03,)][eta: 1:01:37, time (data): 0.205 (0.012)]l_bij: 7.3955e+01 l_orth: 7.1899e+01 l_align: 4.9395e+01 l_total: 1.9525e+02 
2026-06-24 15:46:40,329 INFO: [brain..][epoch:  1, iter:   6,920, lr:(1.000e-03,1.000e-03,)][eta: 1:01:32, time (data): 0.205 (0.011)]l_bij: 6.9650e+01 l_orth: 6.6967e+01 l_align: 4.9895e+01 l_total: 1.8651e+02 
2026-06-24 15:46:44,410 INFO: [brain..][epoch:  1, iter:   6,940, lr:(1.000e-03,1.000e-03,)][eta: 1:01:28, time (data): 0.204 (0.011)]l_bij: 6.6234e+01 l_orth: 6.1819e+01 l_align: 5.2111e+01 l_total: 1.8016e+02 
2026-06-24 15:46:48,494 INFO: [brain..][epoch:  1, iter:   6,960, lr:(1.000e-03,1.000e-03,)][eta: 1:01:23, time (data): 0.204 (0.011)]l_bij: 6.2755e+01 l_orth: 6.3898e+01 l_align: 5.7809e+01 l_total: 1.8446e+02 
2026-06-24 15:46:52,602 INFO: [brain..][epoch:  1, iter:   6,980, lr:(1.000e-03,1.000e-03,)][eta: 1:01:19, time (data): 0.204 (0.012)]l_bij: 6.5204e+01 l_orth: 6.0899e+01 l_align: 5.2546e+01 l_total: 1.7865e+02 
2026-06-24 15:46:56,693 INFO: [brain..][epoch:  1, iter:   7,000, lr:(1.000e-03,1.000e-03,)][eta: 1:01:15, time (data): 0.204 (0.012)]l_bij: 7.6526e+01 l_orth: 7.3783e+01 l_align: 4.0477e+01 l_total: 1.9079e+02 
2026-06-24 15:47:00,776 INFO: [brain..][epoch:  1, iter:   7,020, lr:(1.000e-03,1.000e-03,)][eta: 1:01:10, time (data): 0.204 (0.012)]l_bij: 6.3198e+01 l_orth: 6.0736e+01 l_align: 5.7201e+01 l_total: 1.8113e+02 
2026-06-24 15:47:04,893 INFO: [brain..][epoch:  1, iter:   7,040, lr:(1.000e-03,1.000e-03,)][eta: 1:01:06, time (data): 0.208 (0.011)]l_bij: 5.5494e+01 l_orth: 5.4951e+01 l_align: 6.1937e+01 l_total: 1.7238e+02 
2026-06-24 15:47:09,022 INFO: [brain..][epoch:  1, iter:   7,060, lr:(1.000e-03,1.000e-03,)][eta: 1:01:01, time (data): 0.207 (0.011)]l_bij: 3.4123e+01 l_orth: 3.8168e+01 l_align: 8.9229e+01 l_total: 1.6152e+02 
2026-06-24 15:47:13,113 INFO: [brain..][epoch:  1, iter:   7,080, lr:(1.000e-03,1.000e-03,)][eta: 1:00:57, time (data): 0.206 (0.011)]l_bij: 6.8210e+01 l_orth: 6.5349e+01 l_align: 4.8196e+01 l_total: 1.8175e+02 
2026-06-24 15:47:17,244 INFO: [brain..][epoch:  1, iter:   7,100, lr:(1.000e-03,1.000e-03,)][eta: 1:00:53, time (data): 0.206 (0.011)]l_bij: 4.9439e+01 l_orth: 4.8542e+01 l_align: 6.8839e+01 l_total: 1.6682e+02 
2026-06-24 15:47:21,333 INFO: [brain..][epoch:  1, iter:   7,120, lr:(1.000e-03,1.000e-03,)][eta: 1:00:48, time (data): 0.205 (0.011)]l_bij: 7.1130e+01 l_orth: 6.6849e+01 l_align: 4.7197e+01 l_total: 1.8518e+02 
2026-06-24 15:47:25,450 INFO: [brain..][epoch:  1, iter:   7,140, lr:(1.000e-03,1.000e-03,)][eta: 1:00:44, time (data): 0.205 (0.011)]l_bij: 7.2294e+01 l_orth: 6.8501e+01 l_align: 5.0231e+01 l_total: 1.9103e+02 
2026-06-24 15:47:29,530 INFO: [brain..][epoch:  1, iter:   7,160, lr:(1.000e-03,1.000e-03,)][eta: 1:00:40, time (data): 0.205 (0.011)]l_bij: 6.9864e+01 l_orth: 6.9693e+01 l_align: 5.0017e+01 l_total: 1.8958e+02 
2026-06-24 15:47:33,641 INFO: [brain..][epoch:  1, iter:   7,180, lr:(1.000e-03,1.000e-03,)][eta: 1:00:35, time (data): 0.205 (0.011)]l_bij: 6.6875e+01 l_orth: 6.3738e+01 l_align: 5.0979e+01 l_total: 1.8159e+02 
2026-06-24 15:47:37,697 INFO: [brain..][epoch:  1, iter:   7,200, lr:(1.000e-03,1.000e-03,)][eta: 1:00:31, time (data): 0.205 (0.011)]l_bij: 5.4693e+01 l_orth: 5.5311e+01 l_align: 6.9807e+01 l_total: 1.7981e+02 
2026-06-24 15:47:41,797 INFO: [brain..][epoch:  1, iter:   7,220, lr:(1.000e-03,1.000e-03,)][eta: 1:00:26, time (data): 0.205 (0.011)]l_bij: 5.1908e+01 l_orth: 5.1373e+01 l_align: 6.5603e+01 l_total: 1.6888e+02 
2026-06-24 15:47:45,880 INFO: [brain..][epoch:  1, iter:   7,240, lr:(1.000e-03,1.000e-03,)][eta: 1:00:22, time (data): 0.204 (0.011)]l_bij: 6.9937e+01 l_orth: 6.6309e+01 l_align: 4.7797e+01 l_total: 1.8404e+02 
2026-06-24 15:47:49,945 INFO: [brain..][epoch:  1, iter:   7,260, lr:(1.000e-03,1.000e-03,)][eta: 1:00:17, time (data): 0.203 (0.011)]l_bij: 7.2610e+01 l_orth: 6.8426e+01 l_align: 4.7228e+01 l_total: 1.8826e+02 
2026-06-24 15:47:54,065 INFO: [brain..][epoch:  1, iter:   7,280, lr:(1.000e-03,1.000e-03,)][eta: 1:00:13, time (data): 0.204 (0.012)]l_bij: 5.0717e+01 l_orth: 5.0212e+01 l_align: 6.6105e+01 l_total: 1.6703e+02 
2026-06-24 15:47:58,205 INFO: [brain..][epoch:  1, iter:   7,300, lr:(1.000e-03,1.000e-03,)][eta: 1:00:09, time (data): 0.205 (0.012)]l_bij: 5.5363e+01 l_orth: 5.5520e+01 l_align: 6.4613e+01 l_total: 1.7550e+02 
2026-06-24 15:48:02,289 INFO: [brain..][epoch:  1, iter:   7,320, lr:(1.000e-03,1.000e-03,)][eta: 1:00:04, time (data): 0.205 (0.011)]l_bij: 7.2394e+01 l_orth: 6.9410e+01 l_align: 4.4801e+01 l_total: 1.8660e+02 
2026-06-24 15:48:06,397 INFO: [brain..][epoch:  1, iter:   7,340, lr:(1.000e-03,1.000e-03,)][eta: 1:00:00, time (data): 0.205 (0.012)]l_bij: 6.5418e+01 l_orth: 6.2980e+01 l_align: 5.3607e+01 l_total: 1.8200e+02 
2026-06-24 15:48:10,458 INFO: [brain..][epoch:  1, iter:   7,360, lr:(1.000e-03,1.000e-03,)][eta: 0:59:56, time (data): 0.205 (0.012)]l_bij: 6.7795e+01 l_orth: 6.6740e+01 l_align: 5.0418e+01 l_total: 1.8495e+02 
2026-06-24 15:48:14,517 INFO: [brain..][epoch:  1, iter:   7,380, lr:(1.000e-03,1.000e-03,)][eta: 0:59:51, time (data): 0.204 (0.012)]l_bij: 6.2861e+01 l_orth: 6.0035e+01 l_align: 5.4564e+01 l_total: 1.7746e+02 
2026-06-24 15:48:18,641 INFO: [brain..][epoch:  1, iter:   7,400, lr:(1.000e-03,1.000e-03,)][eta: 0:59:47, time (data): 0.205 (0.012)]l_bij: 5.3157e+01 l_orth: 5.8649e+01 l_align: 6.3873e+01 l_total: 1.7568e+02 
2026-06-24 15:48:22,757 INFO: [brain..][epoch:  1, iter:   7,420, lr:(1.000e-03,1.000e-03,)][eta: 0:59:43, time (data): 0.205 (0.012)]l_bij: 7.1535e+01 l_orth: 6.7516e+01 l_align: 4.4729e+01 l_total: 1.8378e+02 
2026-06-24 15:48:26,869 INFO: [brain..][epoch:  1, iter:   7,440, lr:(1.000e-03,1.000e-03,)][eta: 0:59:38, time (data): 0.202 (0.011)]l_bij: 6.2016e+01 l_orth: 6.0648e+01 l_align: 5.8905e+01 l_total: 1.8157e+02 
2026-06-24 15:48:31,017 INFO: [brain..][epoch:  1, iter:   7,460, lr:(1.000e-03,1.000e-03,)][eta: 0:59:34, time (data): 0.206 (0.011)]l_bij: 5.5227e+01 l_orth: 5.4049e+01 l_align: 6.5867e+01 l_total: 1.7514e+02 
2026-06-24 15:48:35,124 INFO: [brain..][epoch:  1, iter:   7,480, lr:(1.000e-03,1.000e-03,)][eta: 0:59:30, time (data): 0.206 (0.011)]l_bij: 6.6745e+01 l_orth: 6.3153e+01 l_align: 5.2444e+01 l_total: 1.8234e+02 
2026-06-24 15:48:39,217 INFO: [brain..][epoch:  1, iter:   7,500, lr:(1.000e-03,1.000e-03,)][eta: 0:59:25, time (data): 0.205 (0.011)]l_bij: 6.3784e+01 l_orth: 6.0767e+01 l_align: 5.5977e+01 l_total: 1.8053e+02 
2026-06-24 15:48:43,269 INFO: [brain..][epoch:  1, iter:   7,520, lr:(1.000e-03,1.000e-03,)][eta: 0:59:21, time (data): 0.205 (0.011)]l_bij: 6.7584e+01 l_orth: 6.3785e+01 l_align: 5.1586e+01 l_total: 1.8295e+02 
2026-06-24 15:48:47,365 INFO: [brain..][epoch:  1, iter:   7,540, lr:(1.000e-03,1.000e-03,)][eta: 0:59:16, time (data): 0.205 (0.012)]l_bij: 5.3541e+01 l_orth: 5.6607e+01 l_align: 6.3175e+01 l_total: 1.7332e+02 
2026-06-24 15:48:51,432 INFO: [brain..][epoch:  1, iter:   7,560, lr:(1.000e-03,1.000e-03,)][eta: 0:59:12, time (data): 0.204 (0.012)]l_bij: 6.2247e+01 l_orth: 5.9771e+01 l_align: 5.9877e+01 l_total: 1.8190e+02 
2026-06-24 15:48:55,537 INFO: [brain..][epoch:  1, iter:   7,580, lr:(1.000e-03,1.000e-03,)][eta: 0:59:08, time (data): 0.205 (0.012)]l_bij: 5.7026e+01 l_orth: 5.5426e+01 l_align: 6.0522e+01 l_total: 1.7297e+02 
2026-06-24 15:48:59,616 INFO: [brain..][epoch:  1, iter:   7,600, lr:(1.000e-03,1.000e-03,)][eta: 0:59:03, time (data): 0.204 (0.012)]l_bij: 5.5669e+01 l_orth: 5.4992e+01 l_align: 6.2072e+01 l_total: 1.7273e+02 
2026-06-24 15:49:03,730 INFO: [brain..][epoch:  1, iter:   7,620, lr:(1.000e-03,1.000e-03,)][eta: 0:58:59, time (data): 0.205 (0.012)]l_bij: 7.1918e+01 l_orth: 6.8172e+01 l_align: 4.8776e+01 l_total: 1.8887e+02 
2026-06-24 15:49:07,781 INFO: [brain..][epoch:  1, iter:   7,640, lr:(1.000e-03,1.000e-03,)][eta: 0:58:54, time (data): 0.200 (0.011)]l_bij: 6.1791e+01 l_orth: 5.9638e+01 l_align: 5.6997e+01 l_total: 1.7843e+02 
2026-06-24 15:49:11,844 INFO: [brain..][epoch:  1, iter:   7,660, lr:(1.000e-03,1.000e-03,)][eta: 0:58:50, time (data): 0.203 (0.011)]l_bij: 6.4245e+01 l_orth: 5.9448e+01 l_align: 5.2108e+01 l_total: 1.7580e+02 
2026-06-24 15:49:15,925 INFO: [brain..][epoch:  1, iter:   7,680, lr:(1.000e-03,1.000e-03,)][eta: 0:58:46, time (data): 0.203 (0.011)]l_bij: 6.4729e+01 l_orth: 6.3508e+01 l_align: 5.0860e+01 l_total: 1.7910e+02 
2026-06-24 15:49:20,021 INFO: [brain..][epoch:  1, iter:   7,700, lr:(1.000e-03,1.000e-03,)][eta: 0:58:41, time (data): 0.204 (0.011)]l_bij: 7.8181e+01 l_orth: 7.4183e+01 l_align: 4.0594e+01 l_total: 1.9296e+02 
2026-06-24 15:49:24,117 INFO: [brain..][epoch:  1, iter:   7,720, lr:(1.000e-03,1.000e-03,)][eta: 0:58:37, time (data): 0.204 (0.011)]l_bij: 6.5745e+01 l_orth: 6.2841e+01 l_align: 5.2429e+01 l_total: 1.8102e+02 
2026-06-24 15:49:28,251 INFO: [brain..][epoch:  1, iter:   7,740, lr:(1.000e-03,1.000e-03,)][eta: 0:58:33, time (data): 0.204 (0.012)]l_bij: 6.5550e+01 l_orth: 6.2002e+01 l_align: 5.5256e+01 l_total: 1.8281e+02 
2026-06-24 15:49:32,369 INFO: [brain..][epoch:  1, iter:   7,760, lr:(1.000e-03,1.000e-03,)][eta: 0:58:28, time (data): 0.205 (0.012)]l_bij: 7.9166e+01 l_orth: 7.4945e+01 l_align: 4.1740e+01 l_total: 1.9585e+02 
2026-06-24 15:49:36,545 INFO: [brain..][epoch:  1, iter:   7,780, lr:(1.000e-03,1.000e-03,)][eta: 0:58:24, time (data): 0.205 (0.012)]l_bij: 5.6109e+01 l_orth: 5.3198e+01 l_align: 6.0357e+01 l_total: 1.6966e+02 
2026-06-24 15:49:40,696 INFO: [brain..][epoch:  1, iter:   7,800, lr:(1.000e-03,1.000e-03,)][eta: 0:58:20, time (data): 0.205 (0.012)]l_bij: 6.2300e+01 l_orth: 5.9166e+01 l_align: 5.4455e+01 l_total: 1.7592e+02 
2026-06-24 15:49:44,789 INFO: [brain..][epoch:  1, iter:   7,820, lr:(1.000e-03,1.000e-03,)][eta: 0:58:16, time (data): 0.205 (0.012)]l_bij: 6.7880e+01 l_orth: 6.5157e+01 l_align: 4.9344e+01 l_total: 1.8238e+02 
2026-06-24 15:49:48,872 INFO: [brain..][epoch:  1, iter:   7,840, lr:(1.000e-03,1.000e-03,)][eta: 0:58:11, time (data): 0.204 (0.010)]l_bij: 7.3854e+01 l_orth: 6.9838e+01 l_align: 4.5750e+01 l_total: 1.8944e+02 
2026-06-24 15:49:53,004 INFO: [brain..][epoch:  1, iter:   7,860, lr:(1.000e-03,1.000e-03,)][eta: 0:58:07, time (data): 0.206 (0.012)]l_bij: 7.7733e+01 l_orth: 7.3792e+01 l_align: 4.1152e+01 l_total: 1.9268e+02 
2026-06-24 15:49:57,078 INFO: [brain..][epoch:  1, iter:   7,880, lr:(1.000e-03,1.000e-03,)][eta: 0:58:03, time (data): 0.205 (0.012)]l_bij: 6.6944e+01 l_orth: 6.3580e+01 l_align: 4.9839e+01 l_total: 1.8036e+02 
2026-06-24 15:50:01,196 INFO: [brain..][epoch:  1, iter:   7,900, lr:(1.000e-03,1.000e-03,)][eta: 0:57:58, time (data): 0.205 (0.012)]l_bij: 5.8079e+01 l_orth: 5.6821e+01 l_align: 6.3190e+01 l_total: 1.7809e+02 
2026-06-24 15:50:05,345 INFO: [brain..][epoch:  1, iter:   7,920, lr:(1.000e-03,1.000e-03,)][eta: 0:57:54, time (data): 0.206 (0.012)]l_bij: 7.1345e+01 l_orth: 6.7384e+01 l_align: 4.4247e+01 l_total: 1.8298e+02 
2026-06-24 15:50:09,589 INFO: [brain..][epoch:  1, iter:   7,940, lr:(1.000e-03,1.000e-03,)][eta: 0:57:50, time (data): 0.207 (0.012)]l_bij: 7.6527e+01 l_orth: 7.2188e+01 l_align: 4.0835e+01 l_total: 1.8955e+02 
2026-06-24 15:50:13,677 INFO: [brain..][epoch:  1, iter:   7,960, lr:(1.000e-03,1.000e-03,)][eta: 0:57:46, time (data): 0.206 (0.012)]l_bij: 6.4096e+01 l_orth: 5.9371e+01 l_align: 5.3785e+01 l_total: 1.7725e+02 
2026-06-24 15:50:17,804 INFO: [brain..][epoch:  1, iter:   7,980, lr:(1.000e-03,1.000e-03,)][eta: 0:57:41, time (data): 0.206 (0.012)]l_bij: 6.0866e+01 l_orth: 5.9591e+01 l_align: 5.8965e+01 l_total: 1.7942e+02 
2026-06-24 15:50:21,897 INFO: [brain..][epoch:  1, iter:   8,000, lr:(1.000e-03,1.000e-03,)][eta: 0:57:37, time (data): 0.206 (0.012)]l_bij: 5.9647e+01 l_orth: 5.6483e+01 l_align: 5.6560e+01 l_total: 1.7269e+02 
2026-06-24 15:50:21,898 INFO: Saving models and training states.
2026-06-24 15:50:21,920 INFO: Start validation.
2026-06-24 15:50:29,501 INFO: Avg time: 0.0679
2026-06-24 15:50:29,502 INFO: [ONB diag] max|Q-I|: mean=2.4577e-01 max=2.6511e-01 | max|Φ̃ᵀMΦ̃-I|: mean=5.5101e-07 max=7.1526e-07
2026-06-24 15:50:33,589 INFO: [brain..][epoch:  1, iter:   8,020, lr:(1.000e-03,1.000e-03,)][eta: 0:57:48, time (data): 0.206 (0.012)]l_bij: 5.2980e+01 l_orth: 5.2071e+01 l_align: 6.6036e+01 l_total: 1.7109e+02 
2026-06-24 15:50:37,709 INFO: [brain..][epoch:  1, iter:   8,040, lr:(1.000e-03,1.000e-03,)][eta: 0:57:44, time (data): 0.206 (0.012)]l_bij: 6.0670e+01 l_orth: 5.8347e+01 l_align: 5.8880e+01 l_total: 1.7790e+02 
2026-06-24 15:50:41,805 INFO: [brain..][epoch:  1, iter:   8,060, lr:(1.000e-03,1.000e-03,)][eta: 0:57:40, time (data): 0.205 (0.011)]l_bij: 7.6713e+01 l_orth: 7.3365e+01 l_align: 4.1798e+01 l_total: 1.9188e+02 
2026-06-24 15:50:45,876 INFO: [brain..][epoch:  1, iter:   8,080, lr:(1.000e-03,1.000e-03,)][eta: 0:57:35, time (data): 0.204 (0.011)]l_bij: 5.3924e+01 l_orth: 5.0605e+01 l_align: 6.3093e+01 l_total: 1.6762e+02 
2026-06-24 15:50:49,965 INFO: [brain..][epoch:  1, iter:   8,100, lr:(1.000e-03,1.000e-03,)][eta: 0:57:31, time (data): 0.204 (0.011)]l_bij: 5.6884e+01 l_orth: 5.5617e+01 l_align: 6.0825e+01 l_total: 1.7333e+02 
2026-06-24 15:50:54,057 INFO: [brain..][epoch:  1, iter:   8,120, lr:(1.000e-03,1.000e-03,)][eta: 0:57:27, time (data): 0.204 (0.011)]l_bij: 7.2405e+01 l_orth: 6.8939e+01 l_align: 4.6160e+01 l_total: 1.8751e+02 
2026-06-24 15:50:58,141 INFO: [brain..][epoch:  1, iter:   8,140, lr:(1.000e-03,1.000e-03,)][eta: 0:57:22, time (data): 0.204 (0.011)]l_bij: 5.2437e+01 l_orth: 5.1142e+01 l_align: 6.1796e+01 l_total: 1.6538e+02 
2026-06-24 15:51:02,253 INFO: [brain..][epoch:  1, iter:   8,160, lr:(1.000e-03,1.000e-03,)][eta: 0:57:18, time (data): 0.204 (0.011)]l_bij: 7.0681e+01 l_orth: 6.6457e+01 l_align: 4.6317e+01 l_total: 1.8346e+02 
2026-06-24 15:51:06,337 INFO: [brain..][epoch:  1, iter:   8,180, lr:(1.000e-03,1.000e-03,)][eta: 0:57:13, time (data): 0.204 (0.011)]l_bij: 6.2475e+01 l_orth: 5.9017e+01 l_align: 5.7123e+01 l_total: 1.7862e+02 
2026-06-24 15:51:10,541 INFO: [brain..][epoch:  2, iter:   8,200, lr:(7.750e-04,7.750e-04,)][eta: 0:57:09, time (data): 0.205 (0.012)]l_bij: 5.7918e+01 l_orth: 5.6493e+01 l_align: 6.1624e+01 l_total: 1.7603e+02 
2026-06-24 15:51:14,657 INFO: [brain..][epoch:  2, iter:   8,220, lr:(7.750e-04,7.750e-04,)][eta: 0:57:05, time (data): 0.205 (0.012)]l_bij: 6.2853e+01 l_orth: 6.1613e+01 l_align: 5.4618e+01 l_total: 1.7908e+02 
2026-06-24 15:51:18,762 INFO: [brain..][epoch:  2, iter:   8,240, lr:(7.750e-04,7.750e-04,)][eta: 0:57:00, time (data): 0.205 (0.012)]l_bij: 7.7702e+01 l_orth: 7.1612e+01 l_align: 4.0694e+01 l_total: 1.9001e+02 
2026-06-24 15:51:22,841 INFO: [brain..][epoch:  2, iter:   8,260, lr:(7.750e-04,7.750e-04,)][eta: 0:56:56, time (data): 0.204 (0.011)]l_bij: 7.9466e+01 l_orth: 7.2077e+01 l_align: 4.1369e+01 l_total: 1.9291e+02 
2026-06-24 15:51:26,933 INFO: [brain..][epoch:  2, iter:   8,280, lr:(7.750e-04,7.750e-04,)][eta: 0:56:52, time (data): 0.204 (0.011)]l_bij: 7.4165e+01 l_orth: 6.9991e+01 l_align: 4.4915e+01 l_total: 1.8907e+02 
2026-06-24 15:51:31,028 INFO: [brain..][epoch:  2, iter:   8,300, lr:(7.750e-04,7.750e-04,)][eta: 0:56:47, time (data): 0.204 (0.011)]l_bij: 6.6630e+01 l_orth: 6.3030e+01 l_align: 5.2258e+01 l_total: 1.8192e+02 
2026-06-24 15:51:35,153 INFO: [brain..][epoch:  2, iter:   8,320, lr:(7.750e-04,7.750e-04,)][eta: 0:56:43, time (data): 0.205 (0.011)]l_bij: 6.6950e+01 l_orth: 6.3040e+01 l_align: 5.0387e+01 l_total: 1.8038e+02 
2026-06-24 15:51:39,273 INFO: [brain..][epoch:  2, iter:   8,340, lr:(7.750e-04,7.750e-04,)][eta: 0:56:39, time (data): 0.205 (0.011)]l_bij: 5.5473e+01 l_orth: 5.5537e+01 l_align: 6.1478e+01 l_total: 1.7249e+02 
2026-06-24 15:51:43,389 INFO: [brain..][epoch:  2, iter:   8,360, lr:(7.750e-04,7.750e-04,)][eta: 0:56:34, time (data): 0.205 (0.011)]l_bij: 5.3611e+01 l_orth: 5.3434e+01 l_align: 6.2852e+01 l_total: 1.6990e+02 
2026-06-24 15:51:47,529 INFO: [brain..][epoch:  2, iter:   8,380, lr:(7.750e-04,7.750e-04,)][eta: 0:56:30, time (data): 0.205 (0.011)]l_bij: 6.8400e+01 l_orth: 6.6140e+01 l_align: 4.9839e+01 l_total: 1.8438e+02 
2026-06-24 15:51:51,609 INFO: [brain..][epoch:  2, iter:   8,400, lr:(7.750e-04,7.750e-04,)][eta: 0:56:26, time (data): 0.205 (0.011)]l_bij: 5.1047e+01 l_orth: 5.1008e+01 l_align: 6.7491e+01 l_total: 1.6955e+02 
2026-06-24 15:51:55,789 INFO: [brain..][epoch:  2, iter:   8,420, lr:(7.750e-04,7.750e-04,)][eta: 0:56:21, time (data): 0.205 (0.011)]l_bij: 5.8164e+01 l_orth: 5.6795e+01 l_align: 5.7851e+01 l_total: 1.7281e+02 
2026-06-24 15:51:59,904 INFO: [brain..][epoch:  2, iter:   8,440, lr:(7.750e-04,7.750e-04,)][eta: 0:56:17, time (data): 0.206 (0.011)]l_bij: 5.6123e+01 l_orth: 5.4262e+01 l_align: 6.2407e+01 l_total: 1.7279e+02 
2026-06-24 15:52:04,032 INFO: [brain..][epoch:  2, iter:   8,460, lr:(7.750e-04,7.750e-04,)][eta: 0:56:13, time (data): 0.206 (0.012)]l_bij: 5.3904e+01 l_orth: 5.2883e+01 l_align: 6.5646e+01 l_total: 1.7243e+02 
2026-06-24 15:52:08,177 INFO: [brain..][epoch:  2, iter:   8,480, lr:(7.750e-04,7.750e-04,)][eta: 0:56:09, time (data): 0.207 (0.011)]l_bij: 6.4553e+01 l_orth: 6.2584e+01 l_align: 5.5916e+01 l_total: 1.8305e+02 
2026-06-24 15:52:12,364 INFO: [brain..][epoch:  2, iter:   8,500, lr:(7.750e-04,7.750e-04,)][eta: 0:56:04, time (data): 0.207 (0.011)]l_bij: 5.7309e+01 l_orth: 5.5964e+01 l_align: 6.2939e+01 l_total: 1.7621e+02 
2026-06-24 15:52:16,532 INFO: [brain..][epoch:  2, iter:   8,520, lr:(7.750e-04,7.750e-04,)][eta: 0:56:00, time (data): 0.208 (0.011)]l_bij: 6.1390e+01 l_orth: 5.8780e+01 l_align: 5.6073e+01 l_total: 1.7624e+02 
2026-06-24 15:52:20,709 INFO: [brain..][epoch:  2, iter:   8,540, lr:(7.750e-04,7.750e-04,)][eta: 0:55:56, time (data): 0.208 (0.011)]l_bij: 6.0941e+01 l_orth: 5.7037e+01 l_align: 5.9576e+01 l_total: 1.7755e+02 
2026-06-24 15:52:24,788 INFO: [brain..][epoch:  2, iter:   8,560, lr:(7.750e-04,7.750e-04,)][eta: 0:55:52, time (data): 0.207 (0.011)]l_bij: 7.2789e+01 l_orth: 7.0125e+01 l_align: 4.5695e+01 l_total: 1.8861e+02 
2026-06-24 15:52:28,964 INFO: [brain..][epoch:  2, iter:   8,580, lr:(7.750e-04,7.750e-04,)][eta: 0:55:47, time (data): 0.207 (0.012)]l_bij: 6.7836e+01 l_orth: 6.4881e+01 l_align: 4.7851e+01 l_total: 1.8057e+02 
2026-06-24 15:52:33,054 INFO: [brain..][epoch:  2, iter:   8,600, lr:(7.750e-04,7.750e-04,)][eta: 0:55:43, time (data): 0.207 (0.012)]l_bij: 5.1431e+01 l_orth: 5.1681e+01 l_align: 6.7381e+01 l_total: 1.7049e+02 
2026-06-24 15:52:37,166 INFO: [brain..][epoch:  2, iter:   8,620, lr:(7.750e-04,7.750e-04,)][eta: 0:55:39, time (data): 0.207 (0.012)]l_bij: 5.9385e+01 l_orth: 5.8576e+01 l_align: 5.9471e+01 l_total: 1.7743e+02 
2026-06-24 15:52:41,257 INFO: [brain..][epoch:  2, iter:   8,640, lr:(7.750e-04,7.750e-04,)][eta: 0:55:34, time (data): 0.207 (0.012)]l_bij: 5.5547e+01 l_orth: 5.3771e+01 l_align: 6.1898e+01 l_total: 1.7122e+02 
2026-06-24 15:52:45,345 INFO: [brain..][epoch:  2, iter:   8,660, lr:(7.750e-04,7.750e-04,)][eta: 0:55:30, time (data): 0.203 (0.012)]l_bij: 5.7814e+01 l_orth: 5.6450e+01 l_align: 6.1216e+01 l_total: 1.7548e+02 
2026-06-24 15:52:49,468 INFO: [brain..][epoch:  2, iter:   8,680, lr:(7.750e-04,7.750e-04,)][eta: 0:55:26, time (data): 0.205 (0.012)]l_bij: 6.1008e+01 l_orth: 6.4911e+01 l_align: 5.7190e+01 l_total: 1.8311e+02 
2026-06-24 15:52:53,602 INFO: [brain..][epoch:  2, iter:   8,700, lr:(7.750e-04,7.750e-04,)][eta: 0:55:21, time (data): 0.205 (0.012)]l_bij: 6.9554e+01 l_orth: 6.5597e+01 l_align: 4.7851e+01 l_total: 1.8300e+02 
2026-06-24 15:52:57,736 INFO: [brain..][epoch:  2, iter:   8,720, lr:(7.750e-04,7.750e-04,)][eta: 0:55:17, time (data): 0.206 (0.012)]l_bij: 5.7493e+01 l_orth: 6.0766e+01 l_align: 6.0504e+01 l_total: 1.7876e+02 
2026-06-24 15:53:01,849 INFO: [brain..][epoch:  2, iter:   8,740, lr:(7.750e-04,7.750e-04,)][eta: 0:55:13, time (data): 0.206 (0.012)]l_bij: 5.7633e+01 l_orth: 5.6185e+01 l_align: 5.7772e+01 l_total: 1.7159e+02 
2026-06-24 15:53:05,969 INFO: [brain..][epoch:  2, iter:   8,760, lr:(7.750e-04,7.750e-04,)][eta: 0:55:08, time (data): 0.206 (0.012)]l_bij: 6.4027e+01 l_orth: 6.0411e+01 l_align: 5.5225e+01 l_total: 1.7966e+02 
2026-06-24 15:53:10,092 INFO: [brain..][epoch:  2, iter:   8,780, lr:(7.750e-04,7.750e-04,)][eta: 0:55:04, time (data): 0.206 (0.012)]l_bij: 6.2662e+01 l_orth: 5.8781e+01 l_align: 5.8102e+01 l_total: 1.7955e+02 
2026-06-24 15:53:14,265 INFO: [brain..][epoch:  2, iter:   8,800, lr:(7.750e-04,7.750e-04,)][eta: 0:55:00, time (data): 0.206 (0.012)]l_bij: 5.8985e+01 l_orth: 5.7379e+01 l_align: 5.7544e+01 l_total: 1.7391e+02 
2026-06-24 15:53:18,441 INFO: [brain..][epoch:  2, iter:   8,820, lr:(7.750e-04,7.750e-04,)][eta: 0:54:56, time (data): 0.206 (0.012)]l_bij: 7.6388e+01 l_orth: 7.2634e+01 l_align: 3.8944e+01 l_total: 1.8797e+02 
2026-06-24 15:53:22,590 INFO: [brain..][epoch:  2, iter:   8,840, lr:(7.750e-04,7.750e-04,)][eta: 0:54:51, time (data): 0.206 (0.012)]l_bij: 7.9295e+01 l_orth: 7.3553e+01 l_align: 4.0145e+01 l_total: 1.9299e+02 
2026-06-24 15:53:26,914 INFO: [brain..][epoch:  2, iter:   8,860, lr:(7.750e-04,7.750e-04,)][eta: 0:54:48, time (data): 0.216 (0.011)]l_bij: 5.7930e+01 l_orth: 5.4929e+01 l_align: 5.7684e+01 l_total: 1.7054e+02 
2026-06-24 15:53:31,159 INFO: [brain..][epoch:  2, iter:   8,880, lr:(7.750e-04,7.750e-04,)][eta: 0:54:43, time (data): 0.214 (0.011)]l_bij: 5.2271e+01 l_orth: 5.0372e+01 l_align: 6.4574e+01 l_total: 1.6722e+02 
2026-06-24 15:53:35,357 INFO: [brain..][epoch:  2, iter:   8,900, lr:(7.750e-04,7.750e-04,)][eta: 0:54:39, time (data): 0.212 (0.012)]l_bij: 6.7853e+01 l_orth: 6.5337e+01 l_align: 4.8960e+01 l_total: 1.8215e+02 
2026-06-24 15:53:39,514 INFO: [brain..][epoch:  2, iter:   8,920, lr:(7.750e-04,7.750e-04,)][eta: 0:54:35, time (data): 0.211 (0.012)]l_bij: 5.9801e+01 l_orth: 5.5736e+01 l_align: 5.7343e+01 l_total: 1.7288e+02 
2026-06-24 15:53:43,705 INFO: [brain..][epoch:  2, iter:   8,940, lr:(7.750e-04,7.750e-04,)][eta: 0:54:31, time (data): 0.211 (0.012)]l_bij: 5.2615e+01 l_orth: 5.2215e+01 l_align: 6.6768e+01 l_total: 1.7160e+02 
2026-06-24 15:53:47,816 INFO: [brain..][epoch:  2, iter:   8,960, lr:(7.750e-04,7.750e-04,)][eta: 0:54:27, time (data): 0.210 (0.012)]l_bij: 6.5361e+01 l_orth: 6.1877e+01 l_align: 5.0529e+01 l_total: 1.7777e+02 
2026-06-24 15:53:51,946 INFO: [brain..][epoch:  2, iter:   8,980, lr:(7.750e-04,7.750e-04,)][eta: 0:54:22, time (data): 0.209 (0.012)]l_bij: 6.0644e+01 l_orth: 5.7660e+01 l_align: 5.8728e+01 l_total: 1.7703e+02 
2026-06-24 15:53:56,078 INFO: [brain..][epoch:  2, iter:   9,000, lr:(7.750e-04,7.750e-04,)][eta: 0:54:18, time (data): 0.209 (0.012)]l_bij: 5.7336e+01 l_orth: 5.4960e+01 l_align: 5.8738e+01 l_total: 1.7103e+02 
2026-06-24 15:54:00,228 INFO: [brain..][epoch:  2, iter:   9,020, lr:(7.750e-04,7.750e-04,)][eta: 0:54:14, time (data): 0.209 (0.012)]l_bij: 5.5590e+01 l_orth: 5.6006e+01 l_align: 6.2624e+01 l_total: 1.7422e+02 
2026-06-24 15:54:04,372 INFO: [brain..][epoch:  2, iter:   9,040, lr:(7.750e-04,7.750e-04,)][eta: 0:54:09, time (data): 0.209 (0.012)]l_bij: 4.9938e+01 l_orth: 5.0241e+01 l_align: 6.8854e+01 l_total: 1.6903e+02 
2026-06-24 15:54:08,509 INFO: [brain..][epoch:  2, iter:   9,060, lr:(7.750e-04,7.750e-04,)][eta: 0:54:05, time (data): 0.207 (0.012)]l_bij: 6.5932e+01 l_orth: 6.2171e+01 l_align: 4.9468e+01 l_total: 1.7757e+02 
2026-06-24 15:54:12,605 INFO: [brain..][epoch:  2, iter:   9,080, lr:(7.750e-04,7.750e-04,)][eta: 0:54:01, time (data): 0.205 (0.012)]l_bij: 7.6190e+01 l_orth: 7.2155e+01 l_align: 4.4065e+01 l_total: 1.9241e+02 
2026-06-24 15:54:16,946 INFO: [brain..][epoch:  2, iter:   9,100, lr:(7.750e-04,7.750e-04,)][eta: 0:53:57, time (data): 0.210 (0.012)]l_bij: 6.0865e+01 l_orth: 5.8838e+01 l_align: 5.6470e+01 l_total: 1.7617e+02 
2026-06-24 15:54:21,022 INFO: [brain..][epoch:  2, iter:   9,120, lr:(7.750e-04,7.750e-04,)][eta: 0:53:53, time (data): 0.208 (0.011)]l_bij: 5.0644e+01 l_orth: 5.0290e+01 l_align: 7.0376e+01 l_total: 1.7131e+02 
2026-06-24 15:54:25,134 INFO: [brain..][epoch:  2, iter:   9,140, lr:(7.750e-04,7.750e-04,)][eta: 0:53:48, time (data): 0.207 (0.011)]l_bij: 5.7959e+01 l_orth: 5.6765e+01 l_align: 5.8653e+01 l_total: 1.7338e+02 
2026-06-24 15:54:29,230 INFO: [brain..][epoch:  2, iter:   9,160, lr:(7.750e-04,7.750e-04,)][eta: 0:53:44, time (data): 0.207 (0.011)]l_bij: 5.5184e+01 l_orth: 5.3342e+01 l_align: 6.0991e+01 l_total: 1.6952e+02 
2026-06-24 15:54:33,326 INFO: [brain..][epoch:  2, iter:   9,180, lr:(7.750e-04,7.750e-04,)][eta: 0:53:40, time (data): 0.207 (0.011)]l_bij: 5.5797e+01 l_orth: 5.3370e+01 l_align: 6.1742e+01 l_total: 1.7091e+02 
2026-06-24 15:54:37,674 INFO: [brain..][epoch:  2, iter:   9,200, lr:(7.750e-04,7.750e-04,)][eta: 0:53:36, time (data): 0.208 (0.011)]l_bij: 6.7996e+01 l_orth: 6.4454e+01 l_align: 5.0364e+01 l_total: 1.8281e+02 
2026-06-24 15:54:42,180 INFO: [brain..][epoch:  2, iter:   9,220, lr:(7.750e-04,7.750e-04,)][eta: 0:53:32, time (data): 0.210 (0.012)]l_bij: 5.2334e+01 l_orth: 5.1123e+01 l_align: 6.3663e+01 l_total: 1.6712e+02 
2026-06-24 15:54:46,690 INFO: [brain..][epoch:  2, iter:   9,240, lr:(7.750e-04,7.750e-04,)][eta: 0:53:28, time (data): 0.211 (0.011)]l_bij: 5.4670e+01 l_orth: 5.3058e+01 l_align: 6.4835e+01 l_total: 1.7256e+02 
2026-06-24 15:54:50,817 INFO: [brain..][epoch:  2, iter:   9,260, lr:(7.750e-04,7.750e-04,)][eta: 0:53:24, time (data): 0.204 (0.011)]l_bij: 5.4483e+01 l_orth: 5.4043e+01 l_align: 6.4943e+01 l_total: 1.7347e+02 
2026-06-24 15:54:54,885 INFO: [brain..][epoch:  2, iter:   9,280, lr:(7.750e-04,7.750e-04,)][eta: 0:53:20, time (data): 0.203 (0.011)]l_bij: 5.7067e+01 l_orth: 5.3517e+01 l_align: 5.8603e+01 l_total: 1.6919e+02 
2026-06-24 15:54:59,014 INFO: [brain..][epoch:  2, iter:   9,300, lr:(7.750e-04,7.750e-04,)][eta: 0:53:15, time (data): 0.204 (0.011)]l_bij: 7.0715e+01 l_orth: 6.7180e+01 l_align: 4.5610e+01 l_total: 1.8350e+02 
2026-06-24 15:55:03,133 INFO: [brain..][epoch:  2, iter:   9,320, lr:(7.750e-04,7.750e-04,)][eta: 0:53:11, time (data): 0.205 (0.011)]l_bij: 5.8480e+01 l_orth: 5.9765e+01 l_align: 6.4084e+01 l_total: 1.8233e+02 
2026-06-24 15:55:07,276 INFO: [brain..][epoch:  2, iter:   9,340, lr:(7.750e-04,7.750e-04,)][eta: 0:53:07, time (data): 0.205 (0.012)]l_bij: 5.8501e+01 l_orth: 5.8302e+01 l_align: 5.8780e+01 l_total: 1.7558e+02 
2026-06-24 15:55:11,364 INFO: [brain..][epoch:  2, iter:   9,360, lr:(7.750e-04,7.750e-04,)][eta: 0:53:03, time (data): 0.205 (0.011)]l_bij: 6.4958e+01 l_orth: 6.0385e+01 l_align: 5.5521e+01 l_total: 1.8086e+02 
2026-06-24 15:55:15,441 INFO: [brain..][epoch:  2, iter:   9,380, lr:(7.750e-04,7.750e-04,)][eta: 0:52:58, time (data): 0.205 (0.011)]l_bij: 7.4808e+01 l_orth: 7.0758e+01 l_align: 4.2197e+01 l_total: 1.8776e+02 
2026-06-24 15:55:19,612 INFO: [brain..][epoch:  2, iter:   9,400, lr:(7.750e-04,7.750e-04,)][eta: 0:52:54, time (data): 0.205 (0.011)]l_bij: 5.6200e+01 l_orth: 5.4696e+01 l_align: 5.9650e+01 l_total: 1.7055e+02 
2026-06-24 15:55:23,734 INFO: [brain..][epoch:  2, iter:   9,420, lr:(7.750e-04,7.750e-04,)][eta: 0:52:50, time (data): 0.205 (0.011)]l_bij: 5.5683e+01 l_orth: 5.4727e+01 l_align: 5.9365e+01 l_total: 1.6978e+02 
2026-06-24 15:55:27,805 INFO: [brain..][epoch:  2, iter:   9,440, lr:(7.750e-04,7.750e-04,)][eta: 0:52:45, time (data): 0.205 (0.011)]l_bij: 5.9966e+01 l_orth: 5.9564e+01 l_align: 5.8374e+01 l_total: 1.7790e+02 
2026-06-24 15:55:31,865 INFO: [brain..][epoch:  2, iter:   9,460, lr:(7.750e-04,7.750e-04,)][eta: 0:52:41, time (data): 0.204 (0.011)]l_bij: 5.9690e+01 l_orth: 5.7071e+01 l_align: 5.8842e+01 l_total: 1.7560e+02 
2026-06-24 15:55:35,973 INFO: [brain..][epoch:  2, iter:   9,480, lr:(7.750e-04,7.750e-04,)][eta: 0:52:37, time (data): 0.205 (0.011)]l_bij: 6.8603e+01 l_orth: 6.4820e+01 l_align: 4.6906e+01 l_total: 1.8033e+02 
2026-06-24 15:55:40,081 INFO: [brain..][epoch:  2, iter:   9,500, lr:(7.750e-04,7.750e-04,)][eta: 0:52:32, time (data): 0.205 (0.011)]l_bij: 6.1215e+01 l_orth: 6.3994e+01 l_align: 5.7870e+01 l_total: 1.8308e+02 
2026-06-24 15:55:44,160 INFO: [brain..][epoch:  2, iter:   9,520, lr:(7.750e-04,7.750e-04,)][eta: 0:52:28, time (data): 0.205 (0.011)]l_bij: 6.0874e+01 l_orth: 5.7808e+01 l_align: 5.7109e+01 l_total: 1.7579e+02 
2026-06-24 15:55:48,289 INFO: [brain..][epoch:  2, iter:   9,540, lr:(7.750e-04,7.750e-04,)][eta: 0:52:24, time (data): 0.205 (0.011)]l_bij: 5.9705e+01 l_orth: 5.6944e+01 l_align: 5.9132e+01 l_total: 1.7578e+02 
2026-06-24 15:55:52,457 INFO: [brain..][epoch:  2, iter:   9,560, lr:(7.750e-04,7.750e-04,)][eta: 0:52:19, time (data): 0.205 (0.012)]l_bij: 6.1185e+01 l_orth: 5.8718e+01 l_align: 5.7002e+01 l_total: 1.7691e+02 
2026-06-24 15:55:56,556 INFO: [brain..][epoch:  2, iter:   9,580, lr:(7.750e-04,7.750e-04,)][eta: 0:52:15, time (data): 0.205 (0.012)]l_bij: 5.0840e+01 l_orth: 5.1035e+01 l_align: 6.6806e+01 l_total: 1.6868e+02 
2026-06-24 15:56:00,693 INFO: [brain..][epoch:  2, iter:   9,600, lr:(7.750e-04,7.750e-04,)][eta: 0:52:11, time (data): 0.206 (0.012)]l_bij: 5.8358e+01 l_orth: 5.5365e+01 l_align: 5.6498e+01 l_total: 1.7022e+02 
2026-06-24 15:56:04,830 INFO: [brain..][epoch:  2, iter:   9,620, lr:(7.750e-04,7.750e-04,)][eta: 0:52:07, time (data): 0.206 (0.012)]l_bij: 5.1470e+01 l_orth: 5.0566e+01 l_align: 6.8492e+01 l_total: 1.7053e+02 
2026-06-24 15:56:08,969 INFO: [brain..][epoch:  2, iter:   9,640, lr:(7.750e-04,7.750e-04,)][eta: 0:52:02, time (data): 0.206 (0.012)]l_bij: 6.1369e+01 l_orth: 5.8718e+01 l_align: 5.8049e+01 l_total: 1.7814e+02 
2026-06-24 15:56:13,082 INFO: [brain..][epoch:  2, iter:   9,660, lr:(7.750e-04,7.750e-04,)][eta: 0:51:58, time (data): 0.206 (0.012)]l_bij: 7.4098e+01 l_orth: 7.0578e+01 l_align: 4.2700e+01 l_total: 1.8738e+02 
2026-06-24 15:56:17,172 INFO: [brain..][epoch:  2, iter:   9,680, lr:(7.750e-04,7.750e-04,)][eta: 0:51:54, time (data): 0.205 (0.012)]l_bij: 7.0982e+01 l_orth: 6.8914e+01 l_align: 4.5532e+01 l_total: 1.8543e+02 
2026-06-24 15:56:21,300 INFO: [brain..][epoch:  2, iter:   9,700, lr:(7.750e-04,7.750e-04,)][eta: 0:51:49, time (data): 0.205 (0.012)]l_bij: 6.1798e+01 l_orth: 5.8361e+01 l_align: 5.5107e+01 l_total: 1.7527e+02 
2026-06-24 15:56:25,449 INFO: [brain..][epoch:  2, iter:   9,720, lr:(7.750e-04,7.750e-04,)][eta: 0:51:45, time (data): 0.206 (0.012)]l_bij: 4.8039e+01 l_orth: 4.8109e+01 l_align: 6.8755e+01 l_total: 1.6490e+02 
2026-06-24 15:56:29,573 INFO: [brain..][epoch:  2, iter:   9,740, lr:(7.750e-04,7.750e-04,)][eta: 0:51:41, time (data): 0.206 (0.012)]l_bij: 5.9046e+01 l_orth: 5.9866e+01 l_align: 6.0249e+01 l_total: 1.7916e+02 
2026-06-24 15:56:33,701 INFO: [brain..][epoch:  2, iter:   9,760, lr:(7.750e-04,7.750e-04,)][eta: 0:51:37, time (data): 0.206 (0.012)]l_bij: 5.8203e+01 l_orth: 5.5892e+01 l_align: 5.8138e+01 l_total: 1.7223e+02 
2026-06-24 15:56:37,845 INFO: [brain..][epoch:  2, iter:   9,780, lr:(7.750e-04,7.750e-04,)][eta: 0:51:32, time (data): 0.206 (0.012)]l_bij: 5.9076e+01 l_orth: 5.6582e+01 l_align: 6.0294e+01 l_total: 1.7595e+02 
2026-06-24 15:56:41,949 INFO: [brain..][epoch:  2, iter:   9,800, lr:(7.750e-04,7.750e-04,)][eta: 0:51:28, time (data): 0.206 (0.012)]l_bij: 7.4444e+01 l_orth: 6.9863e+01 l_align: 4.2793e+01 l_total: 1.8710e+02 
2026-06-24 15:56:46,093 INFO: [brain..][epoch:  2, iter:   9,820, lr:(7.750e-04,7.750e-04,)][eta: 0:51:24, time (data): 0.206 (0.012)]l_bij: 4.6744e+01 l_orth: 4.7059e+01 l_align: 7.0226e+01 l_total: 1.6403e+02 
2026-06-24 15:56:50,205 INFO: [brain..][epoch:  2, iter:   9,840, lr:(7.750e-04,7.750e-04,)][eta: 0:51:20, time (data): 0.206 (0.012)]l_bij: 6.1251e+01 l_orth: 5.8298e+01 l_align: 5.3778e+01 l_total: 1.7333e+02 
2026-06-24 15:56:54,454 INFO: [brain..][epoch:  2, iter:   9,860, lr:(7.750e-04,7.750e-04,)][eta: 0:51:16, time (data): 0.218 (0.012)]l_bij: 5.0856e+01 l_orth: 5.1737e+01 l_align: 6.9651e+01 l_total: 1.7224e+02 
2026-06-24 15:56:58,990 INFO: [brain..][epoch:  2, iter:   9,880, lr:(7.750e-04,7.750e-04,)][eta: 0:51:12, time (data): 0.224 (0.012)]l_bij: 5.8751e+01 l_orth: 5.7461e+01 l_align: 5.8625e+01 l_total: 1.7484e+02 
2026-06-24 15:57:03,253 INFO: [brain..][epoch:  2, iter:   9,900, lr:(7.750e-04,7.750e-04,)][eta: 0:51:08, time (data): 0.219 (0.012)]l_bij: 5.5183e+01 l_orth: 5.6360e+01 l_align: 6.3953e+01 l_total: 1.7550e+02 
2026-06-24 15:57:07,582 INFO: [brain..][epoch:  2, iter:   9,920, lr:(7.750e-04,7.750e-04,)][eta: 0:51:04, time (data): 0.219 (0.012)]l_bij: 5.6030e+01 l_orth: 5.4388e+01 l_align: 6.2510e+01 l_total: 1.7293e+02 
2026-06-24 15:57:12,247 INFO: [brain..][epoch:  2, iter:   9,940, lr:(7.750e-04,7.750e-04,)][eta: 0:51:00, time (data): 0.222 (0.012)]l_bij: 6.7319e+01 l_orth: 6.6189e+01 l_align: 5.2941e+01 l_total: 1.8645e+02 
2026-06-24 15:57:16,458 INFO: [brain..][epoch:  2, iter:   9,960, lr:(7.750e-04,7.750e-04,)][eta: 0:50:56, time (data): 0.220 (0.012)]l_bij: 7.3013e+01 l_orth: 6.9702e+01 l_align: 4.8473e+01 l_total: 1.9119e+02 
2026-06-24 15:57:20,649 INFO: [brain..][epoch:  2, iter:   9,980, lr:(7.750e-04,7.750e-04,)][eta: 0:50:52, time (data): 0.218 (0.012)]l_bij: 5.8149e+01 l_orth: 5.6610e+01 l_align: 6.1834e+01 l_total: 1.7659e+02 
2026-06-24 15:57:24,778 INFO: [brain..][epoch:  2, iter:  10,000, lr:(7.750e-04,7.750e-04,)][eta: 0:50:48, time (data): 0.217 (0.012)]l_bij: 5.5558e+01 l_orth: 5.2966e+01 l_align: 6.0599e+01 l_total: 1.6912e+02 
2026-06-24 15:57:24,779 INFO: Saving models and training states.
2026-06-24 15:57:24,802 INFO: Start validation.
2026-06-24 15:57:32,422 INFO: Avg time: 0.0680
2026-06-24 15:57:32,425 INFO: [ONB diag] max|Q-I|: mean=3.0921e-01 max=3.3068e-01 | max|Φ̃ᵀMΦ̃-I|: mean=6.3578e-07 max=7.7486e-07
2026-06-24 15:57:36,606 INFO: [brain..][epoch:  2, iter:  10,020, lr:(7.750e-04,7.750e-04,)][eta: 0:50:55, time (data): 0.216 (0.012)]l_bij: 5.3707e+01 l_orth: 5.1985e+01 l_align: 6.3233e+01 l_total: 1.6892e+02 
2026-06-24 15:57:40,781 INFO: [brain..][epoch:  2, iter:  10,040, lr:(7.750e-04,7.750e-04,)][eta: 0:50:50, time (data): 0.215 (0.012)]l_bij: 6.1682e+01 l_orth: 5.9011e+01 l_align: 5.4987e+01 l_total: 1.7568e+02 
2026-06-24 15:57:44,975 INFO: [brain..][epoch:  2, iter:  10,060, lr:(7.750e-04,7.750e-04,)][eta: 0:50:46, time (data): 0.208 (0.012)]l_bij: 6.8698e+01 l_orth: 6.4252e+01 l_align: 4.7730e+01 l_total: 1.8068e+02 
2026-06-24 15:57:49,177 INFO: [brain..][epoch:  2, iter:  10,080, lr:(7.750e-04,7.750e-04,)][eta: 0:50:42, time (data): 0.209 (0.013)]l_bij: 5.4706e+01 l_orth: 5.1931e+01 l_align: 6.2628e+01 l_total: 1.6927e+02 
2026-06-24 15:57:53,406 INFO: [brain..][epoch:  2, iter:  10,100, lr:(7.750e-04,7.750e-04,)][eta: 0:50:38, time (data): 0.210 (0.012)]l_bij: 5.9150e+01 l_orth: 5.6219e+01 l_align: 5.8269e+01 l_total: 1.7364e+02 
2026-06-24 15:57:57,554 INFO: [brain..][epoch:  2, iter:  10,120, lr:(7.750e-04,7.750e-04,)][eta: 0:50:34, time (data): 0.209 (0.012)]l_bij: 6.5782e+01 l_orth: 6.3363e+01 l_align: 5.0999e+01 l_total: 1.8014e+02 
2026-06-24 15:58:01,734 INFO: [brain..][epoch:  2, iter:  10,140, lr:(7.750e-04,7.750e-04,)][eta: 0:50:29, time (data): 0.209 (0.012)]l_bij: 5.1804e+01 l_orth: 5.0023e+01 l_align: 6.5311e+01 l_total: 1.6714e+02 
2026-06-24 15:58:06,053 INFO: [brain..][epoch:  2, iter:  10,160, lr:(7.750e-04,7.750e-04,)][eta: 0:50:25, time (data): 0.210 (0.012)]l_bij: 6.4876e+01 l_orth: 6.1981e+01 l_align: 5.0898e+01 l_total: 1.7775e+02 
2026-06-24 15:58:10,281 INFO: [brain..][epoch:  2, iter:  10,180, lr:(7.750e-04,7.750e-04,)][eta: 0:50:21, time (data): 0.210 (0.012)]l_bij: 6.1711e+01 l_orth: 6.0123e+01 l_align: 5.5859e+01 l_total: 1.7769e+02 
2026-06-24 15:58:14,445 INFO: [brain..][epoch:  2, iter:  10,200, lr:(7.750e-04,7.750e-04,)][eta: 0:50:17, time (data): 0.210 (0.012)]l_bij: 5.1049e+01 l_orth: 4.9527e+01 l_align: 6.5642e+01 l_total: 1.6622e+02 
2026-06-24 15:58:18,638 INFO: [brain..][epoch:  2, iter:  10,220, lr:(7.750e-04,7.750e-04,)][eta: 0:50:13, time (data): 0.210 (0.012)]l_bij: 7.1589e+01 l_orth: 6.7327e+01 l_align: 4.4666e+01 l_total: 1.8358e+02 
2026-06-24 15:58:22,801 INFO: [brain..][epoch:  2, iter:  10,240, lr:(7.750e-04,7.750e-04,)][eta: 0:50:09, time (data): 0.210 (0.012)]l_bij: 4.8279e+01 l_orth: 5.1545e+01 l_align: 7.3751e+01 l_total: 1.7357e+02 
2026-06-24 15:58:27,085 INFO: [brain..][epoch:  2, iter:  10,260, lr:(7.750e-04,7.750e-04,)][eta: 0:50:04, time (data): 0.224 (0.011)]l_bij: 6.7631e+01 l_orth: 6.4724e+01 l_align: 4.9155e+01 l_total: 1.8151e+02 
2026-06-24 15:58:31,173 INFO: [brain..][epoch:  2, iter:  10,280, lr:(7.750e-04,7.750e-04,)][eta: 0:50:00, time (data): 0.211 (0.012)]l_bij: 5.2440e+01 l_orth: 5.1231e+01 l_align: 6.3070e+01 l_total: 1.6674e+02 
2026-06-24 15:58:35,277 INFO: [brain..][epoch:  2, iter:  10,300, lr:(7.750e-04,7.750e-04,)][eta: 0:49:56, time (data): 0.208 (0.011)]l_bij: 5.0583e+01 l_orth: 5.1245e+01 l_align: 6.8786e+01 l_total: 1.7061e+02 
2026-06-24 15:58:39,358 INFO: [brain..][epoch:  2, iter:  10,320, lr:(7.750e-04,7.750e-04,)][eta: 0:49:51, time (data): 0.207 (0.011)]l_bij: 5.5194e+01 l_orth: 5.4474e+01 l_align: 6.0836e+01 l_total: 1.7050e+02 
2026-06-24 15:58:43,486 INFO: [brain..][epoch:  2, iter:  10,340, lr:(7.750e-04,7.750e-04,)][eta: 0:49:47, time (data): 0.207 (0.011)]l_bij: 5.6453e+01 l_orth: 5.4993e+01 l_align: 6.1686e+01 l_total: 1.7313e+02 
2026-06-24 15:58:47,565 INFO: [brain..][epoch:  2, iter:  10,360, lr:(7.750e-04,7.750e-04,)][eta: 0:49:43, time (data): 0.206 (0.011)]l_bij: 5.8378e+01 l_orth: 5.6343e+01 l_align: 6.1375e+01 l_total: 1.7610e+02 
2026-06-24 15:58:51,714 INFO: [brain..][epoch:  2, iter:  10,380, lr:(7.750e-04,7.750e-04,)][eta: 0:49:38, time (data): 0.206 (0.012)]l_bij: 6.5434e+01 l_orth: 6.2665e+01 l_align: 5.1370e+01 l_total: 1.7947e+02 
2026-06-24 15:58:55,813 INFO: [brain..][epoch:  2, iter:  10,400, lr:(7.750e-04,7.750e-04,)][eta: 0:49:34, time (data): 0.206 (0.012)]l_bij: 5.0567e+01 l_orth: 5.1366e+01 l_align: 6.8098e+01 l_total: 1.7003e+02 
2026-06-24 15:58:59,913 INFO: [brain..][epoch:  2, iter:  10,420, lr:(7.750e-04,7.750e-04,)][eta: 0:49:30, time (data): 0.206 (0.012)]l_bij: 6.3415e+01 l_orth: 6.0179e+01 l_align: 5.2509e+01 l_total: 1.7610e+02 
2026-06-24 15:59:04,061 INFO: [brain..][epoch:  2, iter:  10,440, lr:(7.750e-04,7.750e-04,)][eta: 0:49:26, time (data): 0.206 (0.012)]l_bij: 4.9911e+01 l_orth: 4.9769e+01 l_align: 6.9487e+01 l_total: 1.6917e+02 
2026-06-24 15:59:08,201 INFO: [brain..][epoch:  2, iter:  10,460, lr:(7.750e-04,7.750e-04,)][eta: 0:49:21, time (data): 0.206 (0.012)]l_bij: 7.1401e+01 l_orth: 6.8259e+01 l_align: 4.4217e+01 l_total: 1.8388e+02 
2026-06-24 15:59:12,345 INFO: [brain..][epoch:  2, iter:  10,480, lr:(7.750e-04,7.750e-04,)][eta: 0:49:17, time (data): 0.207 (0.011)]l_bij: 5.6440e+01 l_orth: 5.5179e+01 l_align: 5.8890e+01 l_total: 1.7051e+02 
2026-06-24 15:59:16,493 INFO: [brain..][epoch:  2, iter:  10,500, lr:(7.750e-04,7.750e-04,)][eta: 0:49:13, time (data): 0.207 (0.012)]l_bij: 6.7732e+01 l_orth: 6.2772e+01 l_align: 4.9269e+01 l_total: 1.7977e+02 
2026-06-24 15:59:20,581 INFO: [brain..][epoch:  2, iter:  10,520, lr:(7.750e-04,7.750e-04,)][eta: 0:49:08, time (data): 0.206 (0.011)]l_bij: 6.1766e+01 l_orth: 5.9180e+01 l_align: 5.5309e+01 l_total: 1.7626e+02 
2026-06-24 15:59:24,705 INFO: [brain..][epoch:  2, iter:  10,540, lr:(7.750e-04,7.750e-04,)][eta: 0:49:04, time (data): 0.206 (0.011)]l_bij: 7.0806e+01 l_orth: 6.6510e+01 l_align: 4.5472e+01 l_total: 1.8279e+02 
2026-06-24 15:59:28,773 INFO: [brain..][epoch:  2, iter:  10,560, lr:(7.750e-04,7.750e-04,)][eta: 0:49:00, time (data): 0.206 (0.011)]l_bij: 6.4533e+01 l_orth: 6.2605e+01 l_align: 5.1200e+01 l_total: 1.7834e+02 
2026-06-24 15:59:32,890 INFO: [brain..][epoch:  2, iter:  10,580, lr:(7.750e-04,7.750e-04,)][eta: 0:48:55, time (data): 0.206 (0.011)]l_bij: 7.3396e+01 l_orth: 6.9561e+01 l_align: 4.2898e+01 l_total: 1.8585e+02 
2026-06-24 15:59:37,017 INFO: [brain..][epoch:  2, iter:  10,600, lr:(7.750e-04,7.750e-04,)][eta: 0:48:51, time (data): 0.206 (0.011)]l_bij: 5.9288e+01 l_orth: 5.8560e+01 l_align: 5.8142e+01 l_total: 1.7599e+02 
2026-06-24 15:59:41,169 INFO: [brain..][epoch:  2, iter:  10,620, lr:(7.750e-04,7.750e-04,)][eta: 0:48:47, time (data): 0.206 (0.011)]l_bij: 6.4786e+01 l_orth: 6.0478e+01 l_align: 5.2683e+01 l_total: 1.7795e+02 
2026-06-24 15:59:45,244 INFO: [brain..][epoch:  2, iter:  10,640, lr:(7.750e-04,7.750e-04,)][eta: 0:48:42, time (data): 0.206 (0.011)]l_bij: 5.4407e+01 l_orth: 5.3561e+01 l_align: 6.5802e+01 l_total: 1.7377e+02 
2026-06-24 15:59:49,382 INFO: [brain..][epoch:  2, iter:  10,660, lr:(7.750e-04,7.750e-04,)][eta: 0:48:38, time (data): 0.210 (0.013)]l_bij: 5.7531e+01 l_orth: 5.6549e+01 l_align: 5.9986e+01 l_total: 1.7407e+02 
2026-06-24 15:59:53,485 INFO: [brain..][epoch:  2, iter:  10,680, lr:(7.750e-04,7.750e-04,)][eta: 0:48:34, time (data): 0.206 (0.012)]l_bij: 5.9597e+01 l_orth: 5.6095e+01 l_align: 5.8325e+01 l_total: 1.7402e+02 
2026-06-24 15:59:57,726 INFO: [brain..][epoch:  2, iter:  10,700, lr:(7.750e-04,7.750e-04,)][eta: 0:48:30, time (data): 0.209 (0.012)]l_bij: 7.7006e+01 l_orth: 7.3687e+01 l_align: 4.2814e+01 l_total: 1.9351e+02 
2026-06-24 16:00:02,206 INFO: [brain..][epoch:  2, iter:  10,720, lr:(7.750e-04,7.750e-04,)][eta: 0:48:26, time (data): 0.213 (0.012)]l_bij: 7.0933e+01 l_orth: 8.3665e+01 l_align: 5.0327e+01 l_total: 2.0493e+02 
2026-06-24 16:00:06,328 INFO: [brain..][epoch:  2, iter:  10,740, lr:(7.750e-04,7.750e-04,)][eta: 0:48:22, time (data): 0.211 (0.012)]l_bij: 6.9076e+01 l_orth: 6.5968e+01 l_align: 4.7214e+01 l_total: 1.8226e+02 
2026-06-24 16:00:10,426 INFO: [brain..][epoch:  2, iter:  10,760, lr:(7.750e-04,7.750e-04,)][eta: 0:48:17, time (data): 0.210 (0.012)]l_bij: 5.5843e+01 l_orth: 5.8051e+01 l_align: 6.5273e+01 l_total: 1.7917e+02 
2026-06-24 16:00:14,494 INFO: [brain..][epoch:  2, iter:  10,780, lr:(7.750e-04,7.750e-04,)][eta: 0:48:13, time (data): 0.209 (0.012)]l_bij: 5.6108e+01 l_orth: 5.5747e+01 l_align: 6.2135e+01 l_total: 1.7399e+02 
2026-06-24 16:00:18,597 INFO: [brain..][epoch:  2, iter:  10,800, lr:(7.750e-04,7.750e-04,)][eta: 0:48:09, time (data): 0.209 (0.012)]l_bij: 6.7578e+01 l_orth: 6.4005e+01 l_align: 5.0202e+01 l_total: 1.8179e+02 
2026-06-24 16:00:22,786 INFO: [brain..][epoch:  2, iter:  10,820, lr:(7.750e-04,7.750e-04,)][eta: 0:48:04, time (data): 0.209 (0.012)]l_bij: 5.5037e+01 l_orth: 5.2157e+01 l_align: 6.1090e+01 l_total: 1.6828e+02 
2026-06-24 16:00:26,917 INFO: [brain..][epoch:  2, iter:  10,840, lr:(7.750e-04,7.750e-04,)][eta: 0:48:00, time (data): 0.208 (0.012)]l_bij: 5.2434e+01 l_orth: 5.3469e+01 l_align: 6.6814e+01 l_total: 1.7272e+02 
2026-06-24 16:00:30,977 INFO: [brain..][epoch:  2, iter:  10,860, lr:(7.750e-04,7.750e-04,)][eta: 0:47:56, time (data): 0.202 (0.011)]l_bij: 5.3120e+01 l_orth: 5.2192e+01 l_align: 6.1074e+01 l_total: 1.6639e+02 
2026-06-24 16:00:34,993 INFO: [brain..][epoch:  2, iter:  10,880, lr:(7.750e-04,7.750e-04,)][eta: 0:47:51, time (data): 0.201 (0.011)]l_bij: 5.1261e+01 l_orth: 5.2853e+01 l_align: 6.8419e+01 l_total: 1.7253e+02 
2026-06-24 16:00:39,085 INFO: [brain..][epoch:  2, iter:  10,900, lr:(7.750e-04,7.750e-04,)][eta: 0:47:47, time (data): 0.203 (0.011)]l_bij: 5.8806e+01 l_orth: 5.6091e+01 l_align: 5.9073e+01 l_total: 1.7397e+02 
2026-06-24 16:00:43,217 INFO: [brain..][epoch:  2, iter:  10,920, lr:(7.750e-04,7.750e-04,)][eta: 0:47:43, time (data): 0.204 (0.012)]l_bij: 6.8469e+01 l_orth: 6.4850e+01 l_align: 4.9615e+01 l_total: 1.8293e+02 
2026-06-24 16:00:47,290 INFO: [brain..][epoch:  2, iter:  10,940, lr:(7.750e-04,7.750e-04,)][eta: 0:47:38, time (data): 0.204 (0.012)]l_bij: 5.9345e+01 l_orth: 5.6237e+01 l_align: 5.7113e+01 l_total: 1.7269e+02 
2026-06-24 16:00:51,374 INFO: [brain..][epoch:  2, iter:  10,960, lr:(7.750e-04,7.750e-04,)][eta: 0:47:34, time (data): 0.204 (0.012)]l_bij: 7.7051e+01 l_orth: 7.2569e+01 l_align: 4.1641e+01 l_total: 1.9126e+02 
2026-06-24 16:00:55,482 INFO: [brain..][epoch:  2, iter:  10,980, lr:(7.750e-04,7.750e-04,)][eta: 0:47:30, time (data): 0.204 (0.012)]l_bij: 5.7698e+01 l_orth: 5.3868e+01 l_align: 6.0516e+01 l_total: 1.7208e+02 
2026-06-24 16:00:59,593 INFO: [brain..][epoch:  2, iter:  11,000, lr:(7.750e-04,7.750e-04,)][eta: 0:47:25, time (data): 0.204 (0.012)]l_bij: 5.7113e+01 l_orth: 5.3838e+01 l_align: 6.0336e+01 l_total: 1.7129e+02 
2026-06-24 16:01:03,673 INFO: [brain..][epoch:  2, iter:  11,020, lr:(7.750e-04,7.750e-04,)][eta: 0:47:21, time (data): 0.204 (0.012)]l_bij: 6.6606e+01 l_orth: 6.3095e+01 l_align: 4.8457e+01 l_total: 1.7816e+02 
2026-06-24 16:01:07,776 INFO: [brain..][epoch:  2, iter:  11,040, lr:(7.750e-04,7.750e-04,)][eta: 0:47:17, time (data): 0.204 (0.012)]l_bij: 5.8450e+01 l_orth: 5.5973e+01 l_align: 5.6759e+01 l_total: 1.7118e+02 
2026-06-24 16:01:11,849 INFO: [brain..][epoch:  2, iter:  11,060, lr:(7.750e-04,7.750e-04,)][eta: 0:47:12, time (data): 0.203 (0.012)]l_bij: 6.8319e+01 l_orth: 6.4203e+01 l_align: 4.8561e+01 l_total: 1.8108e+02 
2026-06-24 16:01:15,940 INFO: [brain..][epoch:  2, iter:  11,080, lr:(7.750e-04,7.750e-04,)][eta: 0:47:08, time (data): 0.204 (0.012)]l_bij: 7.1312e+01 l_orth: 6.7024e+01 l_align: 4.6327e+01 l_total: 1.8466e+02 
2026-06-24 16:01:20,021 INFO: [brain..][epoch:  2, iter:  11,100, lr:(7.750e-04,7.750e-04,)][eta: 0:47:04, time (data): 0.204 (0.012)]l_bij: 5.2162e+01 l_orth: 5.1359e+01 l_align: 6.1934e+01 l_total: 1.6545e+02 
2026-06-24 16:01:24,098 INFO: [brain..][epoch:  2, iter:  11,120, lr:(7.750e-04,7.750e-04,)][eta: 0:46:59, time (data): 0.204 (0.012)]l_bij: 7.4152e+01 l_orth: 6.9977e+01 l_align: 4.4026e+01 l_total: 1.8815e+02 
2026-06-24 16:01:28,229 INFO: [brain..][epoch:  2, iter:  11,140, lr:(7.750e-04,7.750e-04,)][eta: 0:46:55, time (data): 0.204 (0.012)]l_bij: 6.9717e+01 l_orth: 6.6272e+01 l_align: 4.7105e+01 l_total: 1.8309e+02 
2026-06-24 16:01:32,326 INFO: [brain..][epoch:  2, iter:  11,160, lr:(7.750e-04,7.750e-04,)][eta: 0:46:51, time (data): 0.204 (0.012)]l_bij: 4.9895e+01 l_orth: 5.0047e+01 l_align: 6.5147e+01 l_total: 1.6509e+02 
2026-06-24 16:01:36,434 INFO: [brain..][epoch:  2, iter:  11,180, lr:(7.750e-04,7.750e-04,)][eta: 0:46:47, time (data): 0.205 (0.012)]l_bij: 5.0257e+01 l_orth: 4.8002e+01 l_align: 6.5632e+01 l_total: 1.6389e+02 
2026-06-24 16:01:40,617 INFO: [brain..][epoch:  2, iter:  11,200, lr:(7.750e-04,7.750e-04,)][eta: 0:46:42, time (data): 0.205 (0.012)]l_bij: 6.3129e+01 l_orth: 6.0901e+01 l_align: 5.6596e+01 l_total: 1.8063e+02 
2026-06-24 16:01:44,679 INFO: [brain..][epoch:  2, iter:  11,220, lr:(7.750e-04,7.750e-04,)][eta: 0:46:38, time (data): 0.205 (0.012)]l_bij: 7.1771e+01 l_orth: 6.7636e+01 l_align: 4.4868e+01 l_total: 1.8427e+02 
2026-06-24 16:01:48,877 INFO: [brain..][epoch:  2, iter:  11,240, lr:(7.750e-04,7.750e-04,)][eta: 0:46:34, time (data): 0.205 (0.012)]l_bij: 7.2639e+01 l_orth: 6.9593e+01 l_align: 4.4344e+01 l_total: 1.8658e+02 
2026-06-24 16:01:53,026 INFO: [brain..][epoch:  2, iter:  11,260, lr:(7.750e-04,7.750e-04,)][eta: 0:46:30, time (data): 0.203 (0.012)]l_bij: 4.6758e+01 l_orth: 4.5271e+01 l_align: 7.0603e+01 l_total: 1.6263e+02 
2026-06-24 16:01:57,235 INFO: [brain..][epoch:  2, iter:  11,280, lr:(7.750e-04,7.750e-04,)][eta: 0:46:25, time (data): 0.209 (0.012)]l_bij: 5.1561e+01 l_orth: 4.9857e+01 l_align: 6.5239e+01 l_total: 1.6666e+02 
2026-06-24 16:02:01,393 INFO: [brain..][epoch:  2, iter:  11,300, lr:(7.750e-04,7.750e-04,)][eta: 0:46:21, time (data): 0.208 (0.012)]l_bij: 6.0409e+01 l_orth: 5.8185e+01 l_align: 5.5459e+01 l_total: 1.7405e+02 
2026-06-24 16:02:05,509 INFO: [brain..][epoch:  2, iter:  11,320, lr:(7.750e-04,7.750e-04,)][eta: 0:46:17, time (data): 0.208 (0.012)]l_bij: 6.9115e+01 l_orth: 6.5911e+01 l_align: 4.8028e+01 l_total: 1.8305e+02 
2026-06-24 16:02:09,713 INFO: [brain..][epoch:  2, iter:  11,340, lr:(7.750e-04,7.750e-04,)][eta: 0:46:13, time (data): 0.208 (0.012)]l_bij: 5.6931e+01 l_orth: 5.7006e+01 l_align: 6.1249e+01 l_total: 1.7519e+02 
2026-06-24 16:02:13,797 INFO: [brain..][epoch:  2, iter:  11,360, lr:(7.750e-04,7.750e-04,)][eta: 0:46:08, time (data): 0.207 (0.012)]l_bij: 5.9194e+01 l_orth: 5.5939e+01 l_align: 5.5933e+01 l_total: 1.7107e+02 
2026-06-24 16:02:17,908 INFO: [brain..][epoch:  2, iter:  11,380, lr:(7.750e-04,7.750e-04,)][eta: 0:46:04, time (data): 0.207 (0.012)]l_bij: 5.6836e+01 l_orth: 5.4706e+01 l_align: 5.7614e+01 l_total: 1.6916e+02 
2026-06-24 16:02:22,060 INFO: [brain..][epoch:  2, iter:  11,400, lr:(7.750e-04,7.750e-04,)][eta: 0:46:00, time (data): 0.207 (0.012)]l_bij: 8.0017e+01 l_orth: 7.6053e+01 l_align: 3.9852e+01 l_total: 1.9592e+02 
2026-06-24 16:02:26,185 INFO: [brain..][epoch:  2, iter:  11,420, lr:(7.750e-04,7.750e-04,)][eta: 0:45:56, time (data): 0.207 (0.012)]l_bij: 6.0401e+01 l_orth: 5.8719e+01 l_align: 5.9259e+01 l_total: 1.7838e+02 
2026-06-24 16:02:30,262 INFO: [brain..][epoch:  2, iter:  11,440, lr:(7.750e-04,7.750e-04,)][eta: 0:45:51, time (data): 0.207 (0.012)]l_bij: 5.1567e+01 l_orth: 5.2175e+01 l_align: 6.6825e+01 l_total: 1.7057e+02 
2026-06-24 16:02:34,418 INFO: [brain..][epoch:  2, iter:  11,460, lr:(7.750e-04,7.750e-04,)][eta: 0:45:47, time (data): 0.213 (0.013)]l_bij: 4.7543e+01 l_orth: 4.7740e+01 l_align: 6.8198e+01 l_total: 1.6348e+02 
2026-06-24 16:02:38,581 INFO: [brain..][epoch:  2, iter:  11,480, lr:(7.750e-04,7.750e-04,)][eta: 0:45:43, time (data): 0.209 (0.012)]l_bij: 5.2053e+01 l_orth: 5.0009e+01 l_align: 6.6388e+01 l_total: 1.6845e+02 
2026-06-24 16:02:42,703 INFO: [brain..][epoch:  2, iter:  11,500, lr:(7.750e-04,7.750e-04,)][eta: 0:45:39, time (data): 0.207 (0.012)]l_bij: 6.7773e+01 l_orth: 6.3953e+01 l_align: 4.6678e+01 l_total: 1.7840e+02 
2026-06-24 16:02:46,828 INFO: [brain..][epoch:  2, iter:  11,520, lr:(7.750e-04,7.750e-04,)][eta: 0:45:34, time (data): 0.207 (0.012)]l_bij: 5.4767e+01 l_orth: 5.3927e+01 l_align: 6.2213e+01 l_total: 1.7091e+02 
2026-06-24 16:02:50,913 INFO: [brain..][epoch:  2, iter:  11,540, lr:(7.750e-04,7.750e-04,)][eta: 0:45:30, time (data): 0.206 (0.012)]l_bij: 4.9052e+01 l_orth: 4.7989e+01 l_align: 6.9918e+01 l_total: 1.6696e+02 
2026-06-24 16:02:55,153 INFO: [brain..][epoch:  2, iter:  11,560, lr:(7.750e-04,7.750e-04,)][eta: 0:45:26, time (data): 0.207 (0.012)]l_bij: 5.9215e+01 l_orth: 5.6854e+01 l_align: 5.8450e+01 l_total: 1.7452e+02 
2026-06-24 16:02:59,288 INFO: [brain..][epoch:  2, iter:  11,580, lr:(7.750e-04,7.750e-04,)][eta: 0:45:22, time (data): 0.207 (0.012)]l_bij: 6.1645e+01 l_orth: 5.8133e+01 l_align: 5.7815e+01 l_total: 1.7759e+02 
2026-06-24 16:03:03,478 INFO: [brain..][epoch:  2, iter:  11,600, lr:(7.750e-04,7.750e-04,)][eta: 0:45:17, time (data): 0.207 (0.012)]l_bij: 5.7778e+01 l_orth: 5.6912e+01 l_align: 5.9030e+01 l_total: 1.7372e+02 
2026-06-24 16:03:07,589 INFO: [brain..][epoch:  2, iter:  11,620, lr:(7.750e-04,7.750e-04,)][eta: 0:45:13, time (data): 0.207 (0.012)]l_bij: 6.3881e+01 l_orth: 6.1097e+01 l_align: 5.3137e+01 l_total: 1.7811e+02 
2026-06-24 16:03:11,676 INFO: [brain..][epoch:  2, iter:  11,640, lr:(7.750e-04,7.750e-04,)][eta: 0:45:09, time (data): 0.207 (0.012)]l_bij: 5.5171e+01 l_orth: 5.2218e+01 l_align: 6.0746e+01 l_total: 1.6814e+02 
2026-06-24 16:03:15,874 INFO: [brain..][epoch:  2, iter:  11,660, lr:(7.750e-04,7.750e-04,)][eta: 0:45:05, time (data): 0.220 (0.013)]l_bij: 5.6072e+01 l_orth: 5.6130e+01 l_align: 6.2738e+01 l_total: 1.7494e+02 
2026-06-24 16:03:19,969 INFO: [brain..][epoch:  2, iter:  11,680, lr:(7.750e-04,7.750e-04,)][eta: 0:45:00, time (data): 0.206 (0.011)]l_bij: 5.1910e+01 l_orth: 5.1561e+01 l_align: 6.6027e+01 l_total: 1.6950e+02 
2026-06-24 16:03:24,105 INFO: [brain..][epoch:  2, iter:  11,700, lr:(7.750e-04,7.750e-04,)][eta: 0:44:56, time (data): 0.206 (0.011)]l_bij: 5.5118e+01 l_orth: 5.3209e+01 l_align: 6.4625e+01 l_total: 1.7295e+02 
2026-06-24 16:03:28,224 INFO: [brain..][epoch:  2, iter:  11,720, lr:(7.750e-04,7.750e-04,)][eta: 0:44:52, time (data): 0.206 (0.011)]l_bij: 7.1432e+01 l_orth: 6.7260e+01 l_align: 4.6680e+01 l_total: 1.8537e+02 
2026-06-24 16:03:32,313 INFO: [brain..][epoch:  2, iter:  11,740, lr:(7.750e-04,7.750e-04,)][eta: 0:44:48, time (data): 0.206 (0.011)]l_bij: 5.2261e+01 l_orth: 5.3179e+01 l_align: 6.6612e+01 l_total: 1.7205e+02 
2026-06-24 16:03:36,420 INFO: [brain..][epoch:  2, iter:  11,760, lr:(7.750e-04,7.750e-04,)][eta: 0:44:43, time (data): 0.206 (0.011)]l_bij: 4.5835e+01 l_orth: 4.6950e+01 l_align: 7.2393e+01 l_total: 1.6518e+02 
2026-06-24 16:03:40,550 INFO: [brain..][epoch:  2, iter:  11,780, lr:(7.750e-04,7.750e-04,)][eta: 0:44:39, time (data): 0.206 (0.011)]l_bij: 5.8061e+01 l_orth: 5.6838e+01 l_align: 6.0906e+01 l_total: 1.7580e+02 
2026-06-24 16:03:44,601 INFO: [brain..][epoch:  2, iter:  11,800, lr:(7.750e-04,7.750e-04,)][eta: 0:44:35, time (data): 0.205 (0.011)]l_bij: 5.4198e+01 l_orth: 5.1882e+01 l_align: 6.4198e+01 l_total: 1.7028e+02 
2026-06-24 16:03:48,725 INFO: [brain..][epoch:  2, iter:  11,820, lr:(7.750e-04,7.750e-04,)][eta: 0:44:30, time (data): 0.205 (0.011)]l_bij: 6.7056e+01 l_orth: 6.2797e+01 l_align: 5.2029e+01 l_total: 1.8188e+02 
2026-06-24 16:03:52,837 INFO: [brain..][epoch:  2, iter:  11,840, lr:(7.750e-04,7.750e-04,)][eta: 0:44:26, time (data): 0.205 (0.011)]l_bij: 5.2119e+01 l_orth: 5.1945e+01 l_align: 6.5451e+01 l_total: 1.6951e+02 
2026-06-24 16:03:56,945 INFO: [brain..][epoch:  2, iter:  11,860, lr:(7.750e-04,7.750e-04,)][eta: 0:44:22, time (data): 0.204 (0.013)]l_bij: 5.0476e+01 l_orth: 5.0923e+01 l_align: 7.0605e+01 l_total: 1.7200e+02 
2026-06-24 16:04:01,013 INFO: [brain..][epoch:  2, iter:  11,880, lr:(7.750e-04,7.750e-04,)][eta: 0:44:18, time (data): 0.203 (0.012)]l_bij: 8.1962e+01 l_orth: 8.2260e+01 l_align: 3.7973e+01 l_total: 2.0220e+02 
2026-06-24 16:04:05,120 INFO: [brain..][epoch:  2, iter:  11,900, lr:(7.750e-04,7.750e-04,)][eta: 0:44:13, time (data): 0.204 (0.012)]l_bij: 5.7799e+01 l_orth: 5.6720e+01 l_align: 5.9450e+01 l_total: 1.7397e+02 
2026-06-24 16:04:09,241 INFO: [brain..][epoch:  2, iter:  11,920, lr:(7.750e-04,7.750e-04,)][eta: 0:44:09, time (data): 0.205 (0.012)]l_bij: 6.4787e+01 l_orth: 6.1589e+01 l_align: 5.3653e+01 l_total: 1.8003e+02 
2026-06-24 16:04:13,341 INFO: [brain..][epoch:  2, iter:  11,940, lr:(7.750e-04,7.750e-04,)][eta: 0:44:05, time (data): 0.205 (0.012)]l_bij: 7.1945e+01 l_orth: 6.7828e+01 l_align: 4.5860e+01 l_total: 1.8563e+02 
2026-06-24 16:04:17,442 INFO: [brain..][epoch:  2, iter:  11,960, lr:(7.750e-04,7.750e-04,)][eta: 0:44:00, time (data): 0.205 (0.012)]l_bij: 6.2945e+01 l_orth: 6.0521e+01 l_align: 5.7725e+01 l_total: 1.8119e+02 
2026-06-24 16:04:21,505 INFO: [brain..][epoch:  2, iter:  11,980, lr:(7.750e-04,7.750e-04,)][eta: 0:43:56, time (data): 0.204 (0.012)]l_bij: 4.8691e+01 l_orth: 4.8296e+01 l_align: 6.8609e+01 l_total: 1.6560e+02 
2026-06-24 16:04:25,621 INFO: [brain..][epoch:  2, iter:  12,000, lr:(7.750e-04,7.750e-04,)][eta: 0:43:52, time (data): 0.205 (0.012)]l_bij: 7.1022e+01 l_orth: 6.7302e+01 l_align: 4.6250e+01 l_total: 1.8457e+02 
2026-06-24 16:04:25,622 INFO: Saving models and training states.
2026-06-24 16:04:25,645 INFO: Start validation.
2026-06-24 16:04:33,161 INFO: Avg time: 0.0669
2026-06-24 16:04:33,165 INFO: [ONB diag] max|Q-I|: mean=3.3758e-01 max=3.7836e-01 | max|Φ̃ᵀMΦ̃-I|: mean=6.1724e-07 max=7.1526e-07
2026-06-24 16:04:37,247 INFO: [brain..][epoch:  2, iter:  12,020, lr:(7.750e-04,7.750e-04,)][eta: 0:43:55, time (data): 0.205 (0.012)]l_bij: 6.4801e+01 l_orth: 6.0549e+01 l_align: 5.1462e+01 l_total: 1.7681e+02 
2026-06-24 16:04:41,333 INFO: [brain..][epoch:  2, iter:  12,040, lr:(7.750e-04,7.750e-04,)][eta: 0:43:51, time (data): 0.204 (0.012)]l_bij: 5.1041e+01 l_orth: 5.1320e+01 l_align: 6.8313e+01 l_total: 1.7067e+02 
2026-06-24 16:04:45,493 INFO: [brain..][epoch:  2, iter:  12,060, lr:(7.750e-04,7.750e-04,)][eta: 0:43:47, time (data): 0.205 (0.012)]l_bij: 5.6773e+01 l_orth: 5.4107e+01 l_align: 5.9567e+01 l_total: 1.7045e+02 
2026-06-24 16:04:49,624 INFO: [brain..][epoch:  2, iter:  12,080, lr:(7.750e-04,7.750e-04,)][eta: 0:43:43, time (data): 0.206 (0.012)]l_bij: 5.2610e+01 l_orth: 5.3305e+01 l_align: 6.4404e+01 l_total: 1.7032e+02 
2026-06-24 16:04:53,706 INFO: [brain..][epoch:  2, iter:  12,100, lr:(7.750e-04,7.750e-04,)][eta: 0:43:38, time (data): 0.205 (0.011)]l_bij: 6.0255e+01 l_orth: 5.8120e+01 l_align: 5.6655e+01 l_total: 1.7503e+02 
2026-06-24 16:04:57,881 INFO: [brain..][epoch:  2, iter:  12,120, lr:(7.750e-04,7.750e-04,)][eta: 0:43:34, time (data): 0.206 (0.011)]l_bij: 5.5724e+01 l_orth: 5.5896e+01 l_align: 6.5038e+01 l_total: 1.7666e+02 
2026-06-24 16:05:02,057 INFO: [brain..][epoch:  2, iter:  12,140, lr:(7.750e-04,7.750e-04,)][eta: 0:43:30, time (data): 0.207 (0.012)]l_bij: 7.1468e+01 l_orth: 6.7132e+01 l_align: 4.4809e+01 l_total: 1.8341e+02 
2026-06-24 16:05:06,153 INFO: [brain..][epoch:  2, iter:  12,160, lr:(7.750e-04,7.750e-04,)][eta: 0:43:25, time (data): 0.206 (0.012)]l_bij: 5.6280e+01 l_orth: 5.3802e+01 l_align: 6.1597e+01 l_total: 1.7168e+02 
2026-06-24 16:05:10,333 INFO: [brain..][epoch:  2, iter:  12,180, lr:(7.750e-04,7.750e-04,)][eta: 0:43:21, time (data): 0.207 (0.012)]l_bij: 4.6441e+01 l_orth: 4.5107e+01 l_align: 7.1160e+01 l_total: 1.6271e+02 
2026-06-24 16:05:14,469 INFO: [brain..][epoch:  2, iter:  12,200, lr:(7.750e-04,7.750e-04,)][eta: 0:43:17, time (data): 0.207 (0.012)]l_bij: 6.1755e+01 l_orth: 5.8556e+01 l_align: 5.7372e+01 l_total: 1.7768e+02 
2026-06-24 16:05:18,668 INFO: [brain..][epoch:  2, iter:  12,220, lr:(7.750e-04,7.750e-04,)][eta: 0:43:13, time (data): 0.207 (0.012)]l_bij: 5.4475e+01 l_orth: 5.4893e+01 l_align: 6.3329e+01 l_total: 1.7270e+02 
2026-06-24 16:05:23,137 INFO: [brain..][epoch:  2, iter:  12,240, lr:(7.750e-04,7.750e-04,)][eta: 0:43:09, time (data): 0.209 (0.012)]l_bij: 5.3780e+01 l_orth: 5.2719e+01 l_align: 6.0562e+01 l_total: 1.6706e+02 
2026-06-24 16:05:27,577 INFO: [brain..][epoch:  2, iter:  12,260, lr:(7.750e-04,7.750e-04,)][eta: 0:43:05, time (data): 0.210 (0.012)]l_bij: 6.3762e+01 l_orth: 5.8890e+01 l_align: 5.2834e+01 l_total: 1.7549e+02 
2026-06-24 16:05:36,693 INFO: [brain..][epoch:  2, iter:  12,280, lr:(7.750e-04,7.750e-04,)][eta: 0:43:06, time (data): 0.467 (0.026)]l_bij: 6.9838e+01 l_orth: 6.7662e+01 l_align: 4.9659e+01 l_total: 1.8716e+02 
2026-06-24 16:05:46,036 INFO: [brain..][epoch:  2, iter:  12,300, lr:(7.750e-04,7.750e-04,)][eta: 0:43:07, time (data): 0.467 (0.025)]l_bij: 6.0328e+01 l_orth: 5.8122e+01 l_align: 5.8219e+01 l_total: 1.7667e+02 
2026-06-24 16:05:57,367 INFO: [brain..][epoch:  2, iter:  12,320, lr:(7.750e-04,7.750e-04,)][eta: 0:43:09, time (data): 0.500 (0.027)]l_bij: 5.9714e+01 l_orth: 5.8367e+01 l_align: 5.6404e+01 l_total: 1.7449e+02 
2026-06-24 16:06:10,946 INFO: [brain..][epoch:  2, iter:  12,340, lr:(7.750e-04,7.750e-04,)][eta: 0:43:14, time (data): 0.545 (0.031)]l_bij: 5.3010e+01 l_orth: 5.0191e+01 l_align: 6.4960e+01 l_total: 1.6816e+02 
2026-06-24 16:06:23,802 INFO: [brain..][epoch:  2, iter:  12,360, lr:(7.750e-04,7.750e-04,)][eta: 0:43:19, time (data): 0.565 (0.032)]l_bij: 7.1688e+01 l_orth: 6.6447e+01 l_align: 4.6269e+01 l_total: 1.8440e+02 
2026-06-24 16:06:37,274 INFO: [brain..][epoch:  2, iter:  12,380, lr:(7.750e-04,7.750e-04,)][eta: 0:43:24, time (data): 0.583 (0.033)]l_bij: 5.5979e+01 l_orth: 5.5384e+01 l_align: 5.8882e+01 l_total: 1.7025e+02 
2026-06-24 16:06:51,430 INFO: [brain..][epoch:  2, iter:  12,400, lr:(7.750e-04,7.750e-04,)][eta: 0:43:29, time (data): 0.600 (0.033)]l_bij: 6.2341e+01 l_orth: 5.9594e+01 l_align: 5.5139e+01 l_total: 1.7707e+02 
2026-06-24 16:07:04,066 INFO: [brain..][epoch:  2, iter:  12,420, lr:(7.750e-04,7.750e-04,)][eta: 0:43:33, time (data): 0.604 (0.034)]l_bij: 6.4103e+01 l_orth: 6.1202e+01 l_align: 5.1472e+01 l_total: 1.7678e+02 
2026-06-24 16:07:17,784 INFO: [brain..][epoch:  2, iter:  12,440, lr:(7.750e-04,7.750e-04,)][eta: 0:43:38, time (data): 0.613 (0.034)]l_bij: 7.1252e+01 l_orth: 6.7453e+01 l_align: 4.3360e+01 l_total: 1.8206e+02 
2026-06-24 16:07:30,179 INFO: [brain..][epoch:  2, iter:  12,460, lr:(7.750e-04,7.750e-04,)][eta: 0:43:41, time (data): 0.614 (0.034)]l_bij: 5.2445e+01 l_orth: 5.2440e+01 l_align: 6.4698e+01 l_total: 1.6958e+02 
2026-06-24 16:07:39,780 INFO: [brain..][epoch:  2, iter:  12,480, lr:(7.750e-04,7.750e-04,)][eta: 0:43:42, time (data): 0.450 (0.022)]l_bij: 6.4986e+01 l_orth: 6.4528e+01 l_align: 5.3440e+01 l_total: 1.8295e+02 
2026-06-24 16:07:45,403 INFO: [brain..][epoch:  2, iter:  12,500, lr:(7.750e-04,7.750e-04,)][eta: 0:43:39, time (data): 0.361 (0.016)]l_bij: 7.5729e+01 l_orth: 7.2548e+01 l_align: 4.7793e+01 l_total: 1.9607e+02 
2026-06-24 16:07:50,826 INFO: [brain..][epoch:  2, iter:  12,520, lr:(7.750e-04,7.750e-04,)][eta: 0:43:36, time (data): 0.330 (0.014)]l_bij: 5.2951e+01 l_orth: 5.3559e+01 l_align: 6.7680e+01 l_total: 1.7419e+02 
2026-06-24 16:07:56,226 INFO: [brain..][epoch:  2, iter:  12,540, lr:(7.750e-04,7.750e-04,)][eta: 0:43:32, time (data): 0.314 (0.013)]l_bij: 5.0550e+01 l_orth: 5.0376e+01 l_align: 6.7095e+01 l_total: 1.6802e+02 
2026-06-24 16:08:01,588 INFO: [brain..][epoch:  2, iter:  12,560, lr:(7.750e-04,7.750e-04,)][eta: 0:43:29, time (data): 0.305 (0.013)]l_bij: 7.0355e+01 l_orth: 6.6689e+01 l_align: 4.7286e+01 l_total: 1.8433e+02 
2026-06-24 16:08:06,987 INFO: [brain..][epoch:  2, iter:  12,580, lr:(7.750e-04,7.750e-04,)][eta: 0:43:26, time (data): 0.299 (0.012)]l_bij: 5.7000e+01 l_orth: 5.5114e+01 l_align: 5.8178e+01 l_total: 1.7029e+02 
2026-06-24 16:08:12,467 INFO: [brain..][epoch:  2, iter:  12,600, lr:(7.750e-04,7.750e-04,)][eta: 0:43:22, time (data): 0.295 (0.012)]l_bij: 5.9257e+01 l_orth: 5.5576e+01 l_align: 6.0845e+01 l_total: 1.7568e+02 
2026-06-24 16:08:17,845 INFO: [brain..][epoch:  2, iter:  12,620, lr:(7.750e-04,7.750e-04,)][eta: 0:43:19, time (data): 0.292 (0.012)]l_bij: 5.0212e+01 l_orth: 4.9733e+01 l_align: 6.7799e+01 l_total: 1.6774e+02 
2026-06-24 16:08:23,238 INFO: [brain..][epoch:  2, iter:  12,640, lr:(7.750e-04,7.750e-04,)][eta: 0:43:16, time (data): 0.289 (0.012)]l_bij: 5.3213e+01 l_orth: 5.4103e+01 l_align: 6.4540e+01 l_total: 1.7186e+02 
2026-06-24 16:08:28,701 INFO: [brain..][epoch:  2, iter:  12,660, lr:(7.750e-04,7.750e-04,)][eta: 0:43:12, time (data): 0.288 (0.011)]l_bij: 5.6869e+01 l_orth: 5.5057e+01 l_align: 6.2575e+01 l_total: 1.7450e+02 
2026-06-24 16:08:34,128 INFO: [brain..][epoch:  2, iter:  12,680, lr:(7.750e-04,7.750e-04,)][eta: 0:43:09, time (data): 0.270 (0.010)]l_bij: 5.6881e+01 l_orth: 5.9125e+01 l_align: 6.4226e+01 l_total: 1.8023e+02 
2026-06-24 16:08:39,554 INFO: [brain..][epoch:  2, iter:  12,700, lr:(7.750e-04,7.750e-04,)][eta: 0:43:06, time (data): 0.270 (0.010)]l_bij: 7.2880e+01 l_orth: 6.9824e+01 l_align: 4.3116e+01 l_total: 1.8582e+02 
2026-06-24 16:08:45,067 INFO: [brain..][epoch:  2, iter:  12,720, lr:(7.750e-04,7.750e-04,)][eta: 0:43:02, time (data): 0.272 (0.010)]l_bij: 5.4282e+01 l_orth: 5.3069e+01 l_align: 6.2334e+01 l_total: 1.6969e+02 
2026-06-24 16:08:50,463 INFO: [brain..][epoch:  2, iter:  12,740, lr:(7.750e-04,7.750e-04,)][eta: 0:42:59, time (data): 0.272 (0.010)]l_bij: 5.6891e+01 l_orth: 5.2209e+01 l_align: 6.3353e+01 l_total: 1.7245e+02 
2026-06-24 16:08:55,832 INFO: [brain..][epoch:  2, iter:  12,760, lr:(7.750e-04,7.750e-04,)][eta: 0:42:55, time (data): 0.271 (0.010)]l_bij: 4.8925e+01 l_orth: 4.9342e+01 l_align: 6.9623e+01 l_total: 1.6789e+02 
2026-06-24 16:09:01,261 INFO: [brain..][epoch:  2, iter:  12,780, lr:(7.750e-04,7.750e-04,)][eta: 0:42:52, time (data): 0.271 (0.010)]l_bij: 6.3705e+01 l_orth: 6.1166e+01 l_align: 5.2729e+01 l_total: 1.7760e+02 
2026-06-24 16:09:06,694 INFO: [brain..][epoch:  2, iter:  12,800, lr:(7.750e-04,7.750e-04,)][eta: 0:42:49, time (data): 0.271 (0.010)]l_bij: 5.1200e+01 l_orth: 5.1269e+01 l_align: 6.7339e+01 l_total: 1.6981e+02 
2026-06-24 16:09:12,015 INFO: [brain..][epoch:  2, iter:  12,820, lr:(7.750e-04,7.750e-04,)][eta: 0:42:45, time (data): 0.270 (0.010)]l_bij: 5.0513e+01 l_orth: 5.0647e+01 l_align: 6.7537e+01 l_total: 1.6870e+02 
2026-06-24 16:09:17,462 INFO: [brain..][epoch:  2, iter:  12,840, lr:(7.750e-04,7.750e-04,)][eta: 0:42:42, time (data): 0.270 (0.010)]l_bij: 5.9401e+01 l_orth: 5.7579e+01 l_align: 5.6869e+01 l_total: 1.7385e+02 
2026-06-24 16:09:22,856 INFO: [brain..][epoch:  2, iter:  12,860, lr:(7.750e-04,7.750e-04,)][eta: 0:42:38, time (data): 0.270 (0.010)]l_bij: 5.1958e+01 l_orth: 5.0332e+01 l_align: 6.6325e+01 l_total: 1.6861e+02 
2026-06-24 16:09:28,259 INFO: [brain..][epoch:  2, iter:  12,880, lr:(7.750e-04,7.750e-04,)][eta: 0:42:35, time (data): 0.272 (0.010)]l_bij: 5.0030e+01 l_orth: 4.8553e+01 l_align: 6.7567e+01 l_total: 1.6615e+02 
2026-06-24 16:09:33,825 INFO: [brain..][epoch:  2, iter:  12,900, lr:(7.750e-04,7.750e-04,)][eta: 0:42:32, time (data): 0.275 (0.010)]l_bij: 5.9107e+01 l_orth: 5.7771e+01 l_align: 5.8590e+01 l_total: 1.7547e+02 
2026-06-24 16:09:39,244 INFO: [brain..][epoch:  2, iter:  12,920, lr:(7.750e-04,7.750e-04,)][eta: 0:42:28, time (data): 0.274 (0.010)]l_bij: 6.2415e+01 l_orth: 6.0007e+01 l_align: 5.4920e+01 l_total: 1.7734e+02 
2026-06-24 16:09:44,667 INFO: [brain..][epoch:  2, iter:  12,940, lr:(7.750e-04,7.750e-04,)][eta: 0:42:25, time (data): 0.273 (0.010)]l_bij: 5.5370e+01 l_orth: 5.2167e+01 l_align: 6.2408e+01 l_total: 1.6995e+02 
2026-06-24 16:09:50,165 INFO: [brain..][epoch:  2, iter:  12,960, lr:(7.750e-04,7.750e-04,)][eta: 0:42:21, time (data): 0.273 (0.010)]l_bij: 5.6274e+01 l_orth: 5.4306e+01 l_align: 6.1684e+01 l_total: 1.7226e+02 
2026-06-24 16:09:55,541 INFO: [brain..][epoch:  2, iter:  12,980, lr:(7.750e-04,7.750e-04,)][eta: 0:42:18, time (data): 0.272 (0.010)]l_bij: 4.9038e+01 l_orth: 4.9656e+01 l_align: 6.8171e+01 l_total: 1.6687e+02 
2026-06-24 16:10:01,028 INFO: [brain..][epoch:  2, iter:  13,000, lr:(7.750e-04,7.750e-04,)][eta: 0:42:15, time (data): 0.273 (0.010)]l_bij: 6.6090e+01 l_orth: 6.3026e+01 l_align: 4.8517e+01 l_total: 1.7763e+02 
2026-06-24 16:10:06,447 INFO: [brain..][epoch:  2, iter:  13,020, lr:(7.750e-04,7.750e-04,)][eta: 0:42:11, time (data): 0.272 (0.010)]l_bij: 6.1140e+01 l_orth: 5.7968e+01 l_align: 5.5406e+01 l_total: 1.7451e+02 
2026-06-24 16:10:11,894 INFO: [brain..][epoch:  2, iter:  13,040, lr:(7.750e-04,7.750e-04,)][eta: 0:42:08, time (data): 0.272 (0.010)]l_bij: 6.8375e+01 l_orth: 6.4759e+01 l_align: 4.5515e+01 l_total: 1.7865e+02 
2026-06-24 16:10:17,336 INFO: [brain..][epoch:  2, iter:  13,060, lr:(7.750e-04,7.750e-04,)][eta: 0:42:04, time (data): 0.272 (0.010)]l_bij: 4.8174e+01 l_orth: 4.8219e+01 l_align: 6.8920e+01 l_total: 1.6531e+02 
2026-06-24 16:10:22,690 INFO: [brain..][epoch:  2, iter:  13,080, lr:(7.750e-04,7.750e-04,)][eta: 0:42:01, time (data): 0.265 (0.010)]l_bij: 5.6845e+01 l_orth: 5.9011e+01 l_align: 6.3574e+01 l_total: 1.7943e+02 
2026-06-24 16:10:28,183 INFO: [brain..][epoch:  2, iter:  13,100, lr:(7.750e-04,7.750e-04,)][eta: 0:41:57, time (data): 0.270 (0.010)]l_bij: 6.5801e+01 l_orth: 6.3322e+01 l_align: 5.1554e+01 l_total: 1.8068e+02 
2026-06-24 16:10:33,605 INFO: [brain..][epoch:  2, iter:  13,120, lr:(7.750e-04,7.750e-04,)][eta: 0:41:54, time (data): 0.271 (0.010)]l_bij: 6.1505e+01 l_orth: 5.6253e+01 l_align: 5.7367e+01 l_total: 1.7512e+02 
2026-06-24 16:10:39,023 INFO: [brain..][epoch:  2, iter:  13,140, lr:(7.750e-04,7.750e-04,)][eta: 0:41:50, time (data): 0.271 (0.010)]l_bij: 6.0875e+01 l_orth: 5.7204e+01 l_align: 5.5725e+01 l_total: 1.7380e+02 
2026-06-24 16:10:44,405 INFO: [brain..][epoch:  2, iter:  13,160, lr:(7.750e-04,7.750e-04,)][eta: 0:41:47, time (data): 0.270 (0.010)]l_bij: 5.6089e+01 l_orth: 5.5294e+01 l_align: 6.0276e+01 l_total: 1.7166e+02 
2026-06-24 16:10:49,816 INFO: [brain..][epoch:  2, iter:  13,180, lr:(7.750e-04,7.750e-04,)][eta: 0:41:43, time (data): 0.270 (0.010)]l_bij: 6.3480e+01 l_orth: 6.0842e+01 l_align: 5.6901e+01 l_total: 1.8122e+02 
2026-06-24 16:10:55,260 INFO: [brain..][epoch:  2, iter:  13,200, lr:(7.750e-04,7.750e-04,)][eta: 0:41:40, time (data): 0.270 (0.010)]l_bij: 5.9992e+01 l_orth: 5.7683e+01 l_align: 5.5786e+01 l_total: 1.7346e+02 
2026-06-24 16:11:00,690 INFO: [brain..][epoch:  2, iter:  13,220, lr:(7.750e-04,7.750e-04,)][eta: 0:41:36, time (data): 0.271 (0.010)]l_bij: 5.1044e+01 l_orth: 5.0228e+01 l_align: 6.9131e+01 l_total: 1.7040e+02 
2026-06-24 16:11:06,041 INFO: [brain..][epoch:  2, iter:  13,240, lr:(7.750e-04,7.750e-04,)][eta: 0:41:33, time (data): 0.270 (0.010)]l_bij: 5.6320e+01 l_orth: 5.5807e+01 l_align: 6.3909e+01 l_total: 1.7604e+02 
2026-06-24 16:11:11,503 INFO: [brain..][epoch:  2, iter:  13,260, lr:(7.750e-04,7.750e-04,)][eta: 0:41:29, time (data): 0.270 (0.010)]l_bij: 5.6174e+01 l_orth: 5.4999e+01 l_align: 6.3441e+01 l_total: 1.7461e+02 
2026-06-24 16:11:16,903 INFO: [brain..][epoch:  2, iter:  13,280, lr:(7.750e-04,7.750e-04,)][eta: 0:41:25, time (data): 0.271 (0.010)]l_bij: 6.8558e+01 l_orth: 6.7394e+01 l_align: 5.0719e+01 l_total: 1.8667e+02 
2026-06-24 16:11:22,259 INFO: [brain..][epoch:  2, iter:  13,300, lr:(7.750e-04,7.750e-04,)][eta: 0:41:22, time (data): 0.269 (0.010)]l_bij: 6.2956e+01 l_orth: 5.9850e+01 l_align: 5.2434e+01 l_total: 1.7524e+02 
2026-06-24 16:11:27,597 INFO: [brain..][epoch:  2, iter:  13,320, lr:(7.750e-04,7.750e-04,)][eta: 0:41:18, time (data): 0.268 (0.010)]l_bij: 6.8971e+01 l_orth: 6.4092e+01 l_align: 4.7644e+01 l_total: 1.8071e+02 
2026-06-24 16:11:32,965 INFO: [brain..][epoch:  2, iter:  13,340, lr:(7.750e-04,7.750e-04,)][eta: 0:41:15, time (data): 0.268 (0.010)]l_bij: 5.7906e+01 l_orth: 5.7572e+01 l_align: 6.3555e+01 l_total: 1.7903e+02 
2026-06-24 16:11:38,377 INFO: [brain..][epoch:  2, iter:  13,360, lr:(7.750e-04,7.750e-04,)][eta: 0:41:11, time (data): 0.269 (0.010)]l_bij: 4.9913e+01 l_orth: 5.0314e+01 l_align: 6.7121e+01 l_total: 1.6735e+02 
2026-06-24 16:11:47,011 INFO: [brain..][epoch:  2, iter:  13,380, lr:(7.750e-04,7.750e-04,)][eta: 0:41:10, time (data): 0.297 (0.012)]l_bij: 5.5154e+01 l_orth: 5.3330e+01 l_align: 6.1401e+01 l_total: 1.6988e+02 
2026-06-24 16:11:51,448 INFO: [brain..][epoch:  2, iter:  13,400, lr:(7.750e-04,7.750e-04,)][eta: 0:41:06, time (data): 0.286 (0.012)]l_bij: 6.1459e+01 l_orth: 5.8070e+01 l_align: 5.4201e+01 l_total: 1.7373e+02 
2026-06-24 16:11:57,139 INFO: [brain..][epoch:  2, iter:  13,420, lr:(7.750e-04,7.750e-04,)][eta: 0:41:02, time (data): 0.286 (0.012)]l_bij: 5.8950e+01 l_orth: 5.8268e+01 l_align: 6.1755e+01 l_total: 1.7897e+02 
2026-06-24 16:12:03,290 INFO: [brain..][epoch:  2, iter:  13,440, lr:(7.750e-04,7.750e-04,)][eta: 0:40:59, time (data): 0.288 (0.013)]l_bij: 4.9148e+01 l_orth: 5.0059e+01 l_align: 7.0252e+01 l_total: 1.6946e+02 
2026-06-24 16:12:09,635 INFO: [brain..][epoch:  2, iter:  13,460, lr:(7.750e-04,7.750e-04,)][eta: 0:40:57, time (data): 0.291 (0.013)]l_bij: 5.1596e+01 l_orth: 5.1199e+01 l_align: 6.7873e+01 l_total: 1.7067e+02 
2026-06-24 16:12:16,391 INFO: [brain..][epoch:  2, iter:  13,480, lr:(7.750e-04,7.750e-04,)][eta: 0:40:54, time (data): 0.277 (0.012)]l_bij: 6.3108e+01 l_orth: 5.9026e+01 l_align: 5.4722e+01 l_total: 1.7686e+02 
2026-06-24 16:12:23,083 INFO: [brain..][epoch:  2, iter:  13,500, lr:(7.750e-04,7.750e-04,)][eta: 0:40:52, time (data): 0.312 (0.015)]l_bij: 6.6143e+01 l_orth: 6.2430e+01 l_align: 5.3094e+01 l_total: 1.8167e+02 
2026-06-24 16:12:30,520 INFO: [brain..][epoch:  2, iter:  13,520, lr:(7.750e-04,7.750e-04,)][eta: 0:40:50, time (data): 0.334 (0.016)]l_bij: 5.6906e+01 l_orth: 5.4591e+01 l_align: 5.9842e+01 l_total: 1.7134e+02 
2026-06-24 16:12:35,840 INFO: [brain..][epoch:  2, iter:  13,540, lr:(7.750e-04,7.750e-04,)][eta: 0:40:46, time (data): 0.315 (0.015)]l_bij: 5.2651e+01 l_orth: 5.2368e+01 l_align: 6.6493e+01 l_total: 1.7151e+02 
2026-06-24 16:12:44,643 INFO: [brain..][epoch:  2, iter:  13,560, lr:(7.750e-04,7.750e-04,)][eta: 0:40:45, time (data): 0.342 (0.017)]l_bij: 5.7396e+01 l_orth: 5.4820e+01 l_align: 5.9434e+01 l_total: 1.7165e+02 
2026-06-24 16:12:49,153 INFO: [brain..][epoch:  2, iter:  13,580, lr:(7.750e-04,7.750e-04,)][eta: 0:40:41, time (data): 0.321 (0.016)]l_bij: 5.3067e+01 l_orth: 5.4116e+01 l_align: 6.4352e+01 l_total: 1.7153e+02 
2026-06-24 16:12:55,818 INFO: [brain..][epoch:  2, iter:  13,600, lr:(7.750e-04,7.750e-04,)][eta: 0:40:38, time (data): 0.323 (0.016)]l_bij: 6.0043e+01 l_orth: 5.8271e+01 l_align: 5.5705e+01 l_total: 1.7402e+02 
2026-06-24 16:13:03,174 INFO: [brain..][epoch:  2, iter:  13,620, lr:(7.750e-04,7.750e-04,)][eta: 0:40:36, time (data): 0.329 (0.017)]l_bij: 7.3130e+01 l_orth: 7.0742e+01 l_align: 4.5822e+01 l_total: 1.8969e+02 
2026-06-24 16:13:09,516 INFO: [brain..][epoch:  2, iter:  13,640, lr:(7.750e-04,7.750e-04,)][eta: 0:40:33, time (data): 0.327 (0.016)]l_bij: 6.2941e+01 l_orth: 6.0486e+01 l_align: 5.2775e+01 l_total: 1.7620e+02 
2026-06-24 16:13:16,685 INFO: [brain..][epoch:  2, iter:  13,660, lr:(7.750e-04,7.750e-04,)][eta: 0:40:31, time (data): 0.331 (0.017)]l_bij: 5.4763e+01 l_orth: 5.3037e+01 l_align: 6.1852e+01 l_total: 1.6965e+02 
2026-06-24 16:13:21,206 INFO: [brain..][epoch:  2, iter:  13,680, lr:(7.750e-04,7.750e-04,)][eta: 0:40:26, time (data): 0.228 (0.010)]l_bij: 6.2837e+01 l_orth: 6.2057e+01 l_align: 5.5192e+01 l_total: 1.8009e+02 
2026-06-24 16:13:28,396 INFO: [brain..][epoch:  2, iter:  13,700, lr:(7.750e-04,7.750e-04,)][eta: 0:40:24, time (data): 0.310 (0.014)]l_bij: 5.8959e+01 l_orth: 5.6326e+01 l_align: 5.8928e+01 l_total: 1.7421e+02 
2026-06-24 16:13:34,530 INFO: [brain..][epoch:  2, iter:  13,720, lr:(7.750e-04,7.750e-04,)][eta: 0:40:21, time (data): 0.309 (0.015)]l_bij: 5.8824e+01 l_orth: 5.7122e+01 l_align: 5.8467e+01 l_total: 1.7441e+02 
2026-06-24 16:13:41,382 INFO: [brain..][epoch:  2, iter:  13,740, lr:(7.750e-04,7.750e-04,)][eta: 0:40:18, time (data): 0.318 (0.016)]l_bij: 6.6606e+01 l_orth: 6.4821e+01 l_align: 4.8841e+01 l_total: 1.8027e+02 
2026-06-24 16:13:48,244 INFO: [brain..][epoch:  2, iter:  13,760, lr:(7.750e-04,7.750e-04,)][eta: 0:40:16, time (data): 0.323 (0.016)]l_bij: 7.0504e+01 l_orth: 6.6330e+01 l_align: 4.5624e+01 l_total: 1.8246e+02 
2026-06-24 16:13:54,282 INFO: [brain..][epoch:  2, iter:  13,780, lr:(7.750e-04,7.750e-04,)][eta: 0:40:12, time (data): 0.320 (0.015)]l_bij: 5.7077e+01 l_orth: 5.5532e+01 l_align: 6.0799e+01 l_total: 1.7341e+02 
2026-06-24 16:14:02,233 INFO: [brain..][epoch:  2, iter:  13,800, lr:(7.750e-04,7.750e-04,)][eta: 0:40:11, time (data): 0.331 (0.017)]l_bij: 5.1073e+01 l_orth: 4.8267e+01 l_align: 6.5600e+01 l_total: 1.6494e+02 
2026-06-24 16:14:06,671 INFO: [brain..][epoch:  2, iter:  13,820, lr:(7.750e-04,7.750e-04,)][eta: 0:40:06, time (data): 0.317 (0.016)]l_bij: 5.2145e+01 l_orth: 5.0292e+01 l_align: 6.6387e+01 l_total: 1.6882e+02 
2026-06-24 16:14:14,101 INFO: [brain..][epoch:  2, iter:  13,840, lr:(7.750e-04,7.750e-04,)][eta: 0:40:04, time (data): 0.323 (0.016)]l_bij: 6.1331e+01 l_orth: 5.7981e+01 l_align: 5.6494e+01 l_total: 1.7581e+02 
2026-06-24 16:14:20,325 INFO: [brain..][epoch:  2, iter:  13,860, lr:(7.750e-04,7.750e-04,)][eta: 0:40:01, time (data): 0.322 (0.016)]l_bij: 5.1366e+01 l_orth: 5.1286e+01 l_align: 6.4510e+01 l_total: 1.6716e+02 
2026-06-24 16:14:24,729 INFO: [brain..][epoch:  2, iter:  13,880, lr:(7.750e-04,7.750e-04,)][eta: 0:39:56, time (data): 0.219 (0.010)]l_bij: 6.4401e+01 l_orth: 6.1647e+01 l_align: 5.1922e+01 l_total: 1.7797e+02 
2026-06-24 16:14:29,570 INFO: [brain..][epoch:  2, iter:  13,900, lr:(7.750e-04,7.750e-04,)][eta: 0:39:52, time (data): 0.234 (0.010)]l_bij: 4.9608e+01 l_orth: 4.6612e+01 l_align: 6.7630e+01 l_total: 1.6385e+02 
2026-06-24 16:14:34,437 INFO: [brain..][epoch:  2, iter:  13,920, lr:(7.750e-04,7.750e-04,)][eta: 0:39:48, time (data): 0.237 (0.010)]l_bij: 5.4912e+01 l_orth: 5.2478e+01 l_align: 6.4332e+01 l_total: 1.7172e+02 
2026-06-24 16:14:39,421 INFO: [brain..][epoch:  2, iter:  13,940, lr:(7.750e-04,7.750e-04,)][eta: 0:39:44, time (data): 0.241 (0.011)]l_bij: 6.4517e+01 l_orth: 6.0628e+01 l_align: 5.2469e+01 l_total: 1.7761e+02 
2026-06-24 16:14:44,422 INFO: [brain..][epoch:  2, iter:  13,960, lr:(7.750e-04,7.750e-04,)][eta: 0:39:40, time (data): 0.243 (0.011)]l_bij: 5.8761e+01 l_orth: 5.7525e+01 l_align: 5.7547e+01 l_total: 1.7383e+02 
2026-06-24 16:14:49,417 INFO: [brain..][epoch:  2, iter:  13,980, lr:(7.750e-04,7.750e-04,)][eta: 0:39:36, time (data): 0.244 (0.011)]l_bij: 4.8882e+01 l_orth: 4.7024e+01 l_align: 7.0390e+01 l_total: 1.6630e+02 
2026-06-24 16:14:54,417 INFO: [brain..][epoch:  2, iter:  14,000, lr:(7.750e-04,7.750e-04,)][eta: 0:39:31, time (data): 0.245 (0.011)]l_bij: 5.9550e+01 l_orth: 5.7104e+01 l_align: 5.7436e+01 l_total: 1.7409e+02 
2026-06-24 16:14:54,419 INFO: Saving models and training states.
2026-06-24 16:14:54,461 INFO: Start validation.
2026-06-24 16:15:03,069 INFO: Avg time: 0.0784
2026-06-24 16:15:03,071 INFO: [ONB diag] max|Q-I|: mean=3.7452e-01 max=4.0638e-01 | max|Φ̃ᵀMΦ̃-I|: mean=5.6691e-07 max=6.5565e-07
2026-06-24 16:15:08,058 INFO: [brain..][epoch:  2, iter:  14,020, lr:(7.750e-04,7.750e-04,)][eta: 0:39:34, time (data): 0.245 (0.011)]l_bij: 4.8227e+01 l_orth: 4.7633e+01 l_align: 7.2841e+01 l_total: 1.6870e+02 
2026-06-24 16:15:12,831 INFO: [brain..][epoch:  2, iter:  14,040, lr:(7.750e-04,7.750e-04,)][eta: 0:39:30, time (data): 0.244 (0.011)]l_bij: 7.0570e+01 l_orth: 6.6098e+01 l_align: 4.6125e+01 l_total: 1.8279e+02 
2026-06-24 16:15:17,715 INFO: [brain..][epoch:  2, iter:  14,060, lr:(7.750e-04,7.750e-04,)][eta: 0:39:25, time (data): 0.244 (0.011)]l_bij: 6.4212e+01 l_orth: 6.0872e+01 l_align: 5.2080e+01 l_total: 1.7716e+02 
2026-06-24 16:15:22,597 INFO: [brain..][epoch:  2, iter:  14,080, lr:(7.750e-04,7.750e-04,)][eta: 0:39:21, time (data): 0.245 (0.011)]l_bij: 6.1332e+01 l_orth: 5.7602e+01 l_align: 5.5742e+01 l_total: 1.7468e+02 
2026-06-24 16:15:27,522 INFO: [brain..][epoch:  2, iter:  14,100, lr:(7.750e-04,7.750e-04,)][eta: 0:39:17, time (data): 0.246 (0.011)]l_bij: 5.4556e+01 l_orth: 5.3042e+01 l_align: 6.1960e+01 l_total: 1.6956e+02 
2026-06-24 16:15:32,500 INFO: [brain..][epoch:  2, iter:  14,120, lr:(7.750e-04,7.750e-04,)][eta: 0:39:13, time (data): 0.247 (0.012)]l_bij: 5.4707e+01 l_orth: 5.3173e+01 l_align: 6.2608e+01 l_total: 1.7049e+02 
2026-06-24 16:15:37,591 INFO: [brain..][epoch:  2, iter:  14,140, lr:(7.750e-04,7.750e-04,)][eta: 0:39:09, time (data): 0.249 (0.011)]l_bij: 6.5097e+01 l_orth: 6.2215e+01 l_align: 5.1793e+01 l_total: 1.7911e+02 
2026-06-24 16:15:42,584 INFO: [brain..][epoch:  2, iter:  14,160, lr:(7.750e-04,7.750e-04,)][eta: 0:39:05, time (data): 0.249 (0.011)]l_bij: 6.3114e+01 l_orth: 6.0706e+01 l_align: 5.3010e+01 l_total: 1.7683e+02 
2026-06-24 16:15:47,517 INFO: [brain..][epoch:  2, iter:  14,180, lr:(7.750e-04,7.750e-04,)][eta: 0:39:00, time (data): 0.249 (0.011)]l_bij: 4.8858e+01 l_orth: 4.8337e+01 l_align: 6.8174e+01 l_total: 1.6537e+02 
2026-06-24 16:15:52,495 INFO: [brain..][epoch:  2, iter:  14,200, lr:(7.750e-04,7.750e-04,)][eta: 0:38:56, time (data): 0.249 (0.011)]l_bij: 6.8215e+01 l_orth: 6.5047e+01 l_align: 4.9076e+01 l_total: 1.8234e+02 
2026-06-24 16:15:57,435 INFO: [brain..][epoch:  2, iter:  14,220, lr:(7.750e-04,7.750e-04,)][eta: 0:38:52, time (data): 0.248 (0.011)]l_bij: 6.5625e+01 l_orth: 6.2645e+01 l_align: 5.0835e+01 l_total: 1.7910e+02 
2026-06-24 16:16:02,564 INFO: [brain..][epoch:  2, iter:  14,240, lr:(7.750e-04,7.750e-04,)][eta: 0:38:48, time (data): 0.249 (0.011)]l_bij: 5.9217e+01 l_orth: 5.5358e+01 l_align: 5.8094e+01 l_total: 1.7267e+02 
2026-06-24 16:16:07,976 INFO: [brain..][epoch:  2, iter:  14,260, lr:(7.750e-04,7.750e-04,)][eta: 0:38:44, time (data): 0.251 (0.011)]l_bij: 6.8337e+01 l_orth: 6.5669e+01 l_align: 5.0325e+01 l_total: 1.8433e+02 
2026-06-24 16:16:13,323 INFO: [brain..][epoch:  2, iter:  14,280, lr:(7.750e-04,7.750e-04,)][eta: 0:38:40, time (data): 0.266 (0.010)]l_bij: 6.8624e+01 l_orth: 6.4746e+01 l_align: 4.7814e+01 l_total: 1.8118e+02 
2026-06-24 16:16:18,711 INFO: [brain..][epoch:  2, iter:  14,300, lr:(7.750e-04,7.750e-04,)][eta: 0:38:36, time (data): 0.268 (0.010)]l_bij: 6.1159e+01 l_orth: 6.1867e+01 l_align: 5.6722e+01 l_total: 1.7975e+02 
2026-06-24 16:16:24,071 INFO: [brain..][epoch:  2, iter:  14,320, lr:(7.750e-04,7.750e-04,)][eta: 0:38:32, time (data): 0.268 (0.010)]l_bij: 4.5531e+01 l_orth: 4.6077e+01 l_align: 7.0591e+01 l_total: 1.6220e+02 
2026-06-24 16:16:29,462 INFO: [brain..][epoch:  2, iter:  14,340, lr:(7.750e-04,7.750e-04,)][eta: 0:38:29, time (data): 0.268 (0.010)]l_bij: 5.5056e+01 l_orth: 5.4136e+01 l_align: 6.2934e+01 l_total: 1.7213e+02 
2026-06-24 16:16:34,766 INFO: [brain..][epoch:  2, iter:  14,360, lr:(7.750e-04,7.750e-04,)][eta: 0:38:25, time (data): 0.268 (0.010)]l_bij: 5.9665e+01 l_orth: 5.8510e+01 l_align: 5.7712e+01 l_total: 1.7589e+02 
2026-06-24 16:16:40,591 INFO: [brain..][epoch:  2, iter:  14,380, lr:(7.750e-04,7.750e-04,)][eta: 0:38:21, time (data): 0.272 (0.010)]l_bij: 7.2433e+01 l_orth: 6.8302e+01 l_align: 4.5132e+01 l_total: 1.8587e+02 
2026-06-24 16:16:46,669 INFO: [brain..][epoch:  2, iter:  14,400, lr:(7.750e-04,7.750e-04,)][eta: 0:38:18, time (data): 0.277 (0.010)]l_bij: 6.2973e+01 l_orth: 5.9821e+01 l_align: 5.4380e+01 l_total: 1.7717e+02 
2026-06-24 16:16:52,456 INFO: [brain..][epoch:  2, iter:  14,420, lr:(7.750e-04,7.750e-04,)][eta: 0:38:14, time (data): 0.278 (0.010)]l_bij: 5.5887e+01 l_orth: 5.3432e+01 l_align: 5.8258e+01 l_total: 1.6758e+02 
2026-06-24 16:16:58,315 INFO: [brain..][epoch:  2, iter:  14,440, lr:(7.750e-04,7.750e-04,)][eta: 0:38:10, time (data): 0.280 (0.010)]l_bij: 6.6060e+01 l_orth: 6.4097e+01 l_align: 5.1733e+01 l_total: 1.8189e+02 
2026-06-24 16:17:04,154 INFO: [brain..][epoch:  2, iter:  14,460, lr:(7.750e-04,7.750e-04,)][eta: 0:38:07, time (data): 0.281 (0.011)]l_bij: 5.3891e+01 l_orth: 5.3296e+01 l_align: 6.3063e+01 l_total: 1.7025e+02 
2026-06-24 16:17:10,128 INFO: [brain..][epoch:  2, iter:  14,480, lr:(7.750e-04,7.750e-04,)][eta: 0:38:03, time (data): 0.283 (0.011)]l_bij: 5.5560e+01 l_orth: 5.4366e+01 l_align: 6.0867e+01 l_total: 1.7079e+02 
2026-06-24 16:17:16,098 INFO: [brain..][epoch:  2, iter:  14,500, lr:(7.750e-04,7.750e-04,)][eta: 0:38:00, time (data): 0.294 (0.011)]l_bij: 5.4768e+01 l_orth: 5.2811e+01 l_align: 6.0939e+01 l_total: 1.6852e+02 
2026-06-24 16:17:22,064 INFO: [brain..][epoch:  2, iter:  14,520, lr:(7.750e-04,7.750e-04,)][eta: 0:37:56, time (data): 0.296 (0.011)]l_bij: 6.5316e+01 l_orth: 6.0992e+01 l_align: 5.2028e+01 l_total: 1.7834e+02 
2026-06-24 16:17:28,084 INFO: [brain..][epoch:  2, iter:  14,540, lr:(7.750e-04,7.750e-04,)][eta: 0:37:53, time (data): 0.297 (0.011)]l_bij: 5.6048e+01 l_orth: 5.4517e+01 l_align: 5.9112e+01 l_total: 1.6968e+02 
2026-06-24 16:17:34,076 INFO: [brain..][epoch:  2, iter:  14,560, lr:(7.750e-04,7.750e-04,)][eta: 0:37:49, time (data): 0.298 (0.011)]l_bij: 5.6462e+01 l_orth: 5.4428e+01 l_align: 6.0664e+01 l_total: 1.7155e+02 
2026-06-24 16:17:39,978 INFO: [brain..][epoch:  2, iter:  14,580, lr:(7.750e-04,7.750e-04,)][eta: 0:37:46, time (data): 0.297 (0.011)]l_bij: 6.9379e+01 l_orth: 6.9202e+01 l_align: 5.0242e+01 l_total: 1.8882e+02 
2026-06-24 16:17:45,866 INFO: [brain..][epoch:  2, iter:  14,600, lr:(7.750e-04,7.750e-04,)][eta: 0:37:42, time (data): 0.297 (0.011)]l_bij: 6.3548e+01 l_orth: 5.9960e+01 l_align: 5.1490e+01 l_total: 1.7500e+02 
2026-06-24 16:17:51,884 INFO: [brain..][epoch:  2, iter:  14,620, lr:(7.750e-04,7.750e-04,)][eta: 0:37:38, time (data): 0.297 (0.011)]l_bij: 5.6459e+01 l_orth: 5.4046e+01 l_align: 5.9265e+01 l_total: 1.6977e+02 
2026-06-24 16:17:57,825 INFO: [brain..][epoch:  2, iter:  14,640, lr:(7.750e-04,7.750e-04,)][eta: 0:37:35, time (data): 0.297 (0.011)]l_bij: 6.2397e+01 l_orth: 5.9680e+01 l_align: 5.5269e+01 l_total: 1.7735e+02 
2026-06-24 16:18:04,109 INFO: [brain..][epoch:  2, iter:  14,660, lr:(7.750e-04,7.750e-04,)][eta: 0:37:31, time (data): 0.299 (0.011)]l_bij: 5.2678e+01 l_orth: 5.1032e+01 l_align: 6.6222e+01 l_total: 1.6993e+02 
2026-06-24 16:18:10,013 INFO: [brain..][epoch:  2, iter:  14,680, lr:(7.750e-04,7.750e-04,)][eta: 0:37:28, time (data): 0.305 (0.011)]l_bij: 5.0132e+01 l_orth: 4.8733e+01 l_align: 6.2981e+01 l_total: 1.6185e+02 
2026-06-24 16:18:15,960 INFO: [brain..][epoch:  2, iter:  14,700, lr:(7.750e-04,7.750e-04,)][eta: 0:37:24, time (data): 0.299 (0.011)]l_bij: 4.8998e+01 l_orth: 4.8171e+01 l_align: 6.8895e+01 l_total: 1.6606e+02 
2026-06-24 16:18:21,763 INFO: [brain..][epoch:  2, iter:  14,720, lr:(7.750e-04,7.750e-04,)][eta: 0:37:20, time (data): 0.295 (0.011)]l_bij: 5.2536e+01 l_orth: 5.1640e+01 l_align: 6.5214e+01 l_total: 1.6939e+02 
2026-06-24 16:18:27,124 INFO: [brain..][epoch:  2, iter:  14,740, lr:(7.750e-04,7.750e-04,)][eta: 0:37:16, time (data): 0.287 (0.011)]l_bij: 3.0077e+01 l_orth: 3.2461e+01 l_align: 9.0094e+01 l_total: 1.5263e+02 
2026-06-24 16:18:32,482 INFO: [brain..][epoch:  2, iter:  14,760, lr:(7.750e-04,7.750e-04,)][eta: 0:37:12, time (data): 0.283 (0.011)]l_bij: 5.0041e+01 l_orth: 4.8706e+01 l_align: 6.9953e+01 l_total: 1.6870e+02 
2026-06-24 16:18:37,887 INFO: [brain..][epoch:  2, iter:  14,780, lr:(7.750e-04,7.750e-04,)][eta: 0:37:08, time (data): 0.280 (0.011)]l_bij: 5.2446e+01 l_orth: 5.0961e+01 l_align: 6.3907e+01 l_total: 1.6731e+02 
2026-06-24 16:18:43,200 INFO: [brain..][epoch:  2, iter:  14,800, lr:(7.750e-04,7.750e-04,)][eta: 0:37:04, time (data): 0.278 (0.011)]l_bij: 6.0541e+01 l_orth: 5.6373e+01 l_align: 5.8070e+01 l_total: 1.7498e+02 
2026-06-24 16:18:48,608 INFO: [brain..][epoch:  2, iter:  14,820, lr:(7.750e-04,7.750e-04,)][eta: 0:37:00, time (data): 0.277 (0.011)]l_bij: 5.5490e+01 l_orth: 5.3093e+01 l_align: 6.0564e+01 l_total: 1.6915e+02 
2026-06-24 16:18:54,042 INFO: [brain..][epoch:  2, iter:  14,840, lr:(7.750e-04,7.750e-04,)][eta: 0:36:56, time (data): 0.276 (0.011)]l_bij: 5.8481e+01 l_orth: 5.5778e+01 l_align: 5.6719e+01 l_total: 1.7098e+02 
2026-06-24 16:18:59,406 INFO: [brain..][epoch:  2, iter:  14,860, lr:(7.750e-04,7.750e-04,)][eta: 0:36:52, time (data): 0.275 (0.011)]l_bij: 5.0552e+01 l_orth: 4.9803e+01 l_align: 6.5102e+01 l_total: 1.6546e+02 
2026-06-24 16:19:04,656 INFO: [brain..][epoch:  2, iter:  14,880, lr:(7.750e-04,7.750e-04,)][eta: 0:36:48, time (data): 0.281 (0.010)]l_bij: 7.2136e+01 l_orth: 6.9577e+01 l_align: 4.7575e+01 l_total: 1.8929e+02 
2026-06-24 16:19:10,059 INFO: [brain..][epoch:  2, iter:  14,900, lr:(7.750e-04,7.750e-04,)][eta: 0:36:44, time (data): 0.273 (0.010)]l_bij: 5.1373e+01 l_orth: 5.0160e+01 l_align: 6.4587e+01 l_total: 1.6612e+02 
2026-06-24 16:19:15,507 INFO: [brain..][epoch:  2, iter:  14,920, lr:(7.750e-04,7.750e-04,)][eta: 0:36:40, time (data): 0.272 (0.010)]l_bij: 7.3630e+01 l_orth: 6.9776e+01 l_align: 4.3959e+01 l_total: 1.8736e+02 
2026-06-24 16:19:20,867 INFO: [brain..][epoch:  2, iter:  14,940, lr:(7.750e-04,7.750e-04,)][eta: 0:36:36, time (data): 0.271 (0.010)]l_bij: 4.7122e+01 l_orth: 4.9545e+01 l_align: 7.1818e+01 l_total: 1.6848e+02 
2026-06-24 16:19:26,224 INFO: [brain..][epoch:  2, iter:  14,960, lr:(7.750e-04,7.750e-04,)][eta: 0:36:32, time (data): 0.270 (0.010)]l_bij: 6.7314e+01 l_orth: 6.4467e+01 l_align: 4.8318e+01 l_total: 1.8010e+02 
2026-06-24 16:19:31,574 INFO: [brain..][epoch:  2, iter:  14,980, lr:(7.750e-04,7.750e-04,)][eta: 0:36:28, time (data): 0.270 (0.010)]l_bij: 5.3530e+01 l_orth: 5.7184e+01 l_align: 6.6620e+01 l_total: 1.7733e+02 
2026-06-24 16:19:36,985 INFO: [brain..][epoch:  2, iter:  15,000, lr:(7.750e-04,7.750e-04,)][eta: 0:36:24, time (data): 0.270 (0.010)]l_bij: 6.0350e+01 l_orth: 5.7405e+01 l_align: 5.7474e+01 l_total: 1.7523e+02 
2026-06-24 16:19:42,353 INFO: [brain..][epoch:  2, iter:  15,020, lr:(7.750e-04,7.750e-04,)][eta: 0:36:20, time (data): 0.270 (0.010)]l_bij: 4.7953e+01 l_orth: 4.8842e+01 l_align: 7.0948e+01 l_total: 1.6774e+02 
2026-06-24 16:19:47,726 INFO: [brain..][epoch:  2, iter:  15,040, lr:(7.750e-04,7.750e-04,)][eta: 0:36:16, time (data): 0.269 (0.010)]l_bij: 5.2744e+01 l_orth: 5.2070e+01 l_align: 6.5937e+01 l_total: 1.7075e+02 
2026-06-24 16:19:53,071 INFO: [brain..][epoch:  2, iter:  15,060, lr:(7.750e-04,7.750e-04,)][eta: 0:36:12, time (data): 0.269 (0.010)]l_bij: 5.8235e+01 l_orth: 5.5190e+01 l_align: 6.0174e+01 l_total: 1.7360e+02 
2026-06-24 16:19:58,387 INFO: [brain..][epoch:  2, iter:  15,080, lr:(7.750e-04,7.750e-04,)][eta: 0:36:08, time (data): 0.261 (0.010)]l_bij: 5.9112e+01 l_orth: 5.7200e+01 l_align: 5.8526e+01 l_total: 1.7484e+02 
2026-06-24 16:20:03,791 INFO: [brain..][epoch:  2, iter:  15,100, lr:(7.750e-04,7.750e-04,)][eta: 0:36:04, time (data): 0.268 (0.010)]l_bij: 6.6852e+01 l_orth: 6.4944e+01 l_align: 5.1728e+01 l_total: 1.8352e+02 
2026-06-24 16:20:09,149 INFO: [brain..][epoch:  2, iter:  15,120, lr:(7.750e-04,7.750e-04,)][eta: 0:36:00, time (data): 0.268 (0.010)]l_bij: 5.6437e+01 l_orth: 5.3298e+01 l_align: 6.1452e+01 l_total: 1.7119e+02 
2026-06-24 16:20:14,502 INFO: [brain..][epoch:  2, iter:  15,140, lr:(7.750e-04,7.750e-04,)][eta: 0:35:56, time (data): 0.268 (0.010)]l_bij: 5.9550e+01 l_orth: 5.6432e+01 l_align: 5.9124e+01 l_total: 1.7511e+02 
2026-06-24 16:20:19,894 INFO: [brain..][epoch:  2, iter:  15,160, lr:(7.750e-04,7.750e-04,)][eta: 0:35:52, time (data): 0.268 (0.010)]l_bij: 6.5512e+01 l_orth: 6.2315e+01 l_align: 5.0669e+01 l_total: 1.7850e+02 
2026-06-24 16:20:24,843 INFO: [brain..][epoch:  2, iter:  15,180, lr:(7.750e-04,7.750e-04,)][eta: 0:35:47, time (data): 0.264 (0.010)]l_bij: 5.4817e+01 l_orth: 5.2581e+01 l_align: 6.1112e+01 l_total: 1.6851e+02 
2026-06-24 16:20:29,701 INFO: [brain..][epoch:  2, iter:  15,200, lr:(7.750e-04,7.750e-04,)][eta: 0:35:43, time (data): 0.261 (0.010)]l_bij: 5.6673e+01 l_orth: 5.4250e+01 l_align: 5.9812e+01 l_total: 1.7074e+02 
2026-06-24 16:20:34,701 INFO: [brain..][epoch:  2, iter:  15,220, lr:(7.750e-04,7.750e-04,)][eta: 0:35:38, time (data): 0.259 (0.010)]l_bij: 5.9527e+01 l_orth: 5.7457e+01 l_align: 5.7225e+01 l_total: 1.7421e+02 
2026-06-24 16:20:39,687 INFO: [brain..][epoch:  2, iter:  15,240, lr:(7.750e-04,7.750e-04,)][eta: 0:35:34, time (data): 0.258 (0.010)]l_bij: 5.8958e+01 l_orth: 5.7210e+01 l_align: 5.7370e+01 l_total: 1.7354e+02 
2026-06-24 16:20:44,713 INFO: [brain..][epoch:  2, iter:  15,260, lr:(7.750e-04,7.750e-04,)][eta: 0:35:30, time (data): 0.257 (0.011)]l_bij: 5.2181e+01 l_orth: 5.2918e+01 l_align: 6.7873e+01 l_total: 1.7297e+02 
2026-06-24 16:20:49,490 INFO: [brain..][epoch:  2, iter:  15,280, lr:(7.750e-04,7.750e-04,)][eta: 0:35:25, time (data): 0.247 (0.011)]l_bij: 4.7642e+01 l_orth: 4.5442e+01 l_align: 6.7460e+01 l_total: 1.6054e+02 
2026-06-24 16:20:54,351 INFO: [brain..][epoch:  2, iter:  15,300, lr:(7.750e-04,7.750e-04,)][eta: 0:35:21, time (data): 0.244 (0.010)]l_bij: 5.4123e+01 l_orth: 5.2091e+01 l_align: 6.1838e+01 l_total: 1.6805e+02 
2026-06-24 16:20:59,394 INFO: [brain..][epoch:  2, iter:  15,320, lr:(7.750e-04,7.750e-04,)][eta: 0:35:17, time (data): 0.247 (0.011)]l_bij: 6.5454e+01 l_orth: 6.2318e+01 l_align: 4.8619e+01 l_total: 1.7639e+02 
2026-06-24 16:21:04,379 INFO: [brain..][epoch:  2, iter:  15,340, lr:(7.750e-04,7.750e-04,)][eta: 0:35:12, time (data): 0.248 (0.011)]l_bij: 5.5366e+01 l_orth: 5.5838e+01 l_align: 6.2897e+01 l_total: 1.7410e+02 
2026-06-24 16:21:09,322 INFO: [brain..][epoch:  2, iter:  15,360, lr:(7.750e-04,7.750e-04,)][eta: 0:35:08, time (data): 0.248 (0.011)]l_bij: 7.5070e+01 l_orth: 7.1860e+01 l_align: 4.3894e+01 l_total: 1.9082e+02 
2026-06-24 16:21:14,332 INFO: [brain..][epoch:  2, iter:  15,380, lr:(7.750e-04,7.750e-04,)][eta: 0:35:04, time (data): 0.248 (0.011)]l_bij: 6.5295e+01 l_orth: 6.2224e+01 l_align: 5.2258e+01 l_total: 1.7978e+02 
2026-06-24 16:21:19,266 INFO: [brain..][epoch:  2, iter:  15,400, lr:(7.750e-04,7.750e-04,)][eta: 0:34:59, time (data): 0.248 (0.011)]l_bij: 5.7551e+01 l_orth: 5.4775e+01 l_align: 5.7247e+01 l_total: 1.6957e+02 
2026-06-24 16:21:24,203 INFO: [brain..][epoch:  2, iter:  15,420, lr:(7.750e-04,7.750e-04,)][eta: 0:34:55, time (data): 0.248 (0.011)]l_bij: 4.9681e+01 l_orth: 5.1101e+01 l_align: 6.9986e+01 l_total: 1.7077e+02 
2026-06-24 16:21:29,139 INFO: [brain..][epoch:  2, iter:  15,440, lr:(7.750e-04,7.750e-04,)][eta: 0:34:51, time (data): 0.248 (0.011)]l_bij: 3.8979e+01 l_orth: 3.9350e+01 l_align: 7.9862e+01 l_total: 1.5819e+02 
2026-06-24 16:21:34,179 INFO: [brain..][epoch:  2, iter:  15,460, lr:(7.750e-04,7.750e-04,)][eta: 0:34:46, time (data): 0.248 (0.011)]l_bij: 5.2897e+01 l_orth: 5.3699e+01 l_align: 6.5448e+01 l_total: 1.7204e+02 
2026-06-24 16:21:39,089 INFO: [brain..][epoch:  2, iter:  15,480, lr:(7.750e-04,7.750e-04,)][eta: 0:34:42, time (data): 0.248 (0.014)]l_bij: 5.6941e+01 l_orth: 5.5208e+01 l_align: 5.9664e+01 l_total: 1.7181e+02 
2026-06-24 16:21:43,975 INFO: [brain..][epoch:  2, iter:  15,500, lr:(7.750e-04,7.750e-04,)][eta: 0:34:37, time (data): 0.244 (0.011)]l_bij: 6.2836e+01 l_orth: 5.9999e+01 l_align: 5.6506e+01 l_total: 1.7934e+02 
2026-06-24 16:21:48,939 INFO: [brain..][epoch:  2, iter:  15,520, lr:(7.750e-04,7.750e-04,)][eta: 0:34:33, time (data): 0.246 (0.011)]l_bij: 6.6230e+01 l_orth: 6.3510e+01 l_align: 5.2765e+01 l_total: 1.8251e+02 
2026-06-24 16:21:53,948 INFO: [brain..][epoch:  2, iter:  15,540, lr:(7.750e-04,7.750e-04,)][eta: 0:34:29, time (data): 0.247 (0.011)]l_bij: 5.5458e+01 l_orth: 5.3979e+01 l_align: 6.1410e+01 l_total: 1.7085e+02 
2026-06-24 16:21:58,825 INFO: [brain..][epoch:  2, iter:  15,560, lr:(7.750e-04,7.750e-04,)][eta: 0:34:24, time (data): 0.246 (0.011)]l_bij: 5.1235e+01 l_orth: 5.0899e+01 l_align: 7.0096e+01 l_total: 1.7223e+02 
2026-06-24 16:22:04,014 INFO: [brain..][epoch:  2, iter:  15,580, lr:(7.750e-04,7.750e-04,)][eta: 0:34:20, time (data): 0.249 (0.011)]l_bij: 4.9211e+01 l_orth: 4.8903e+01 l_align: 6.8061e+01 l_total: 1.6618e+02 
2026-06-24 16:22:09,348 INFO: [brain..][epoch:  2, iter:  15,600, lr:(7.750e-04,7.750e-04,)][eta: 0:34:16, time (data): 0.252 (0.011)]l_bij: 6.1800e+01 l_orth: 5.8565e+01 l_align: 5.2355e+01 l_total: 1.7272e+02 
2026-06-24 16:22:14,708 INFO: [brain..][epoch:  2, iter:  15,620, lr:(7.750e-04,7.750e-04,)][eta: 0:34:12, time (data): 0.254 (0.011)]l_bij: 6.0698e+01 l_orth: 5.7241e+01 l_align: 5.5686e+01 l_total: 1.7362e+02 
2026-06-24 16:22:19,991 INFO: [brain..][epoch:  2, iter:  15,640, lr:(7.750e-04,7.750e-04,)][eta: 0:34:08, time (data): 0.255 (0.011)]l_bij: 5.5038e+01 l_orth: 5.2216e+01 l_align: 6.3097e+01 l_total: 1.7035e+02 
2026-06-24 16:22:25,383 INFO: [brain..][epoch:  2, iter:  15,660, lr:(7.750e-04,7.750e-04,)][eta: 0:34:04, time (data): 0.257 (0.011)]l_bij: 5.3622e+01 l_orth: 5.1947e+01 l_align: 6.5178e+01 l_total: 1.7075e+02 
2026-06-24 16:22:30,611 INFO: [brain..][epoch:  2, iter:  15,680, lr:(7.750e-04,7.750e-04,)][eta: 0:33:59, time (data): 0.257 (0.010)]l_bij: 6.8789e+01 l_orth: 6.4745e+01 l_align: 4.5972e+01 l_total: 1.7951e+02 
2026-06-24 16:22:36,038 INFO: [brain..][epoch:  2, iter:  15,700, lr:(7.750e-04,7.750e-04,)][eta: 0:33:55, time (data): 0.270 (0.010)]l_bij: 5.1506e+01 l_orth: 5.2243e+01 l_align: 6.9333e+01 l_total: 1.7308e+02 
2026-06-24 16:22:41,419 INFO: [brain..][epoch:  2, iter:  15,720, lr:(7.750e-04,7.750e-04,)][eta: 0:33:51, time (data): 0.269 (0.010)]l_bij: 4.9956e+01 l_orth: 5.2649e+01 l_align: 6.8145e+01 l_total: 1.7075e+02 
2026-06-24 16:22:46,800 INFO: [brain..][epoch:  2, iter:  15,740, lr:(7.750e-04,7.750e-04,)][eta: 0:33:47, time (data): 0.269 (0.010)]l_bij: 4.6739e+01 l_orth: 4.6792e+01 l_align: 7.1940e+01 l_total: 1.6547e+02 
2026-06-24 16:22:52,122 INFO: [brain..][epoch:  2, iter:  15,760, lr:(7.750e-04,7.750e-04,)][eta: 0:33:43, time (data): 0.268 (0.010)]l_bij: 7.2833e+01 l_orth: 6.7976e+01 l_align: 4.4040e+01 l_total: 1.8485e+02 
2026-06-24 16:22:57,590 INFO: [brain..][epoch:  2, iter:  15,780, lr:(7.750e-04,7.750e-04,)][eta: 0:33:39, time (data): 0.269 (0.010)]l_bij: 5.1113e+01 l_orth: 5.0160e+01 l_align: 7.0120e+01 l_total: 1.7139e+02 
2026-06-24 16:23:02,900 INFO: [brain..][epoch:  2, iter:  15,800, lr:(7.750e-04,7.750e-04,)][eta: 0:33:34, time (data): 0.269 (0.010)]l_bij: 5.5910e+01 l_orth: 5.4293e+01 l_align: 6.3094e+01 l_total: 1.7330e+02 
2026-06-24 16:23:08,283 INFO: [brain..][epoch:  2, iter:  15,820, lr:(7.750e-04,7.750e-04,)][eta: 0:33:30, time (data): 0.269 (0.010)]l_bij: 6.4276e+01 l_orth: 6.1122e+01 l_align: 5.3789e+01 l_total: 1.7919e+02 
2026-06-24 16:23:13,619 INFO: [brain..][epoch:  2, iter:  15,840, lr:(7.750e-04,7.750e-04,)][eta: 0:33:26, time (data): 0.268 (0.010)]l_bij: 5.8042e+01 l_orth: 5.7403e+01 l_align: 6.3129e+01 l_total: 1.7857e+02 
2026-06-24 16:23:19,053 INFO: [brain..][epoch:  2, iter:  15,860, lr:(7.750e-04,7.750e-04,)][eta: 0:33:22, time (data): 0.269 (0.010)]l_bij: 6.6700e+01 l_orth: 6.2433e+01 l_align: 4.8734e+01 l_total: 1.7787e+02 
2026-06-24 16:23:24,386 INFO: [brain..][epoch:  2, iter:  15,880, lr:(7.750e-04,7.750e-04,)][eta: 0:33:18, time (data): 0.259 (0.010)]l_bij: 5.3038e+01 l_orth: 5.2408e+01 l_align: 6.5673e+01 l_total: 1.7112e+02 
2026-06-24 16:23:29,817 INFO: [brain..][epoch:  2, iter:  15,900, lr:(7.750e-04,7.750e-04,)][eta: 0:33:14, time (data): 0.271 (0.010)]l_bij: 5.7124e+01 l_orth: 5.5489e+01 l_align: 5.9331e+01 l_total: 1.7194e+02 
2026-06-24 16:23:35,194 INFO: [brain..][epoch:  2, iter:  15,920, lr:(7.750e-04,7.750e-04,)][eta: 0:33:09, time (data): 0.270 (0.010)]l_bij: 4.8500e+01 l_orth: 4.8198e+01 l_align: 6.7348e+01 l_total: 1.6405e+02 
2026-06-24 16:23:40,545 INFO: [brain..][epoch:  2, iter:  15,940, lr:(7.750e-04,7.750e-04,)][eta: 0:33:05, time (data): 0.269 (0.010)]l_bij: 6.0547e+01 l_orth: 5.8619e+01 l_align: 5.6980e+01 l_total: 1.7615e+02 
2026-06-24 16:23:45,907 INFO: [brain..][epoch:  2, iter:  15,960, lr:(7.750e-04,7.750e-04,)][eta: 0:33:01, time (data): 0.269 (0.010)]l_bij: 6.8276e+01 l_orth: 6.5407e+01 l_align: 4.9361e+01 l_total: 1.8304e+02 
2026-06-24 16:23:51,210 INFO: [brain..][epoch:  2, iter:  15,980, lr:(7.750e-04,7.750e-04,)][eta: 0:32:57, time (data): 0.268 (0.010)]l_bij: 5.5658e+01 l_orth: 5.3987e+01 l_align: 6.0769e+01 l_total: 1.7041e+02 
2026-06-24 16:23:56,538 INFO: [brain..][epoch:  2, iter:  16,000, lr:(7.750e-04,7.750e-04,)][eta: 0:32:53, time (data): 0.268 (0.010)]l_bij: 5.6023e+01 l_orth: 5.2808e+01 l_align: 5.9601e+01 l_total: 1.6843e+02 
2026-06-24 16:23:56,539 INFO: Saving models and training states.
2026-06-24 16:23:56,563 INFO: Start validation.
2026-06-24 16:24:07,760 INFO: Avg time: 0.0940
2026-06-24 16:24:07,762 INFO: [ONB diag] max|Q-I|: mean=3.6508e-01 max=3.9504e-01 | max|Φ̃ᵀMΦ̃-I|: mean=6.1327e-07 max=7.1526e-07
2026-06-24 16:24:13,204 INFO: [brain..][epoch:  2, iter:  16,020, lr:(7.750e-04,7.750e-04,)][eta: 0:32:54, time (data): 0.268 (0.010)]l_bij: 4.5340e+01 l_orth: 4.6398e+01 l_align: 7.0442e+01 l_total: 1.6218e+02 
2026-06-24 16:24:18,597 INFO: [brain..][epoch:  2, iter:  16,040, lr:(7.750e-04,7.750e-04,)][eta: 0:32:50, time (data): 0.268 (0.010)]l_bij: 4.9968e+01 l_orth: 4.8886e+01 l_align: 6.6915e+01 l_total: 1.6577e+02 
2026-06-24 16:24:23,997 INFO: [brain..][epoch:  2, iter:  16,060, lr:(7.750e-04,7.750e-04,)][eta: 0:32:46, time (data): 0.269 (0.010)]l_bij: 5.3383e+01 l_orth: 5.3290e+01 l_align: 6.4625e+01 l_total: 1.7130e+02 
2026-06-24 16:24:29,435 INFO: [brain..][epoch:  2, iter:  16,080, lr:(7.750e-04,7.750e-04,)][eta: 0:32:42, time (data): 0.269 (0.010)]l_bij: 5.9601e+01 l_orth: 5.6960e+01 l_align: 5.5748e+01 l_total: 1.7231e+02 
2026-06-24 16:24:34,815 INFO: [brain..][epoch:  2, iter:  16,100, lr:(7.750e-04,7.750e-04,)][eta: 0:32:38, time (data): 0.269 (0.010)]l_bij: 5.5464e+01 l_orth: 5.3413e+01 l_align: 6.0400e+01 l_total: 1.6928e+02 
2026-06-24 16:24:40,197 INFO: [brain..][epoch:  2, iter:  16,120, lr:(7.750e-04,7.750e-04,)][eta: 0:32:33, time (data): 0.269 (0.010)]l_bij: 5.7985e+01 l_orth: 5.6581e+01 l_align: 5.8902e+01 l_total: 1.7347e+02 
2026-06-24 16:24:45,599 INFO: [brain..][epoch:  2, iter:  16,140, lr:(7.750e-04,7.750e-04,)][eta: 0:32:29, time (data): 0.269 (0.010)]l_bij: 4.8414e+01 l_orth: 4.8992e+01 l_align: 7.1400e+01 l_total: 1.6881e+02 
2026-06-24 16:24:50,969 INFO: [brain..][epoch:  2, iter:  16,160, lr:(7.750e-04,7.750e-04,)][eta: 0:32:25, time (data): 0.269 (0.010)]l_bij: 7.0027e+01 l_orth: 6.6233e+01 l_align: 4.6106e+01 l_total: 1.8237e+02 
2026-06-24 16:24:56,347 INFO: [brain..][epoch:  2, iter:  16,180, lr:(7.750e-04,7.750e-04,)][eta: 0:32:21, time (data): 0.269 (0.010)]l_bij: 5.1375e+01 l_orth: 5.3147e+01 l_align: 6.7053e+01 l_total: 1.7158e+02 
2026-06-24 16:25:01,806 INFO: [brain..][epoch:  2, iter:  16,200, lr:(7.750e-04,7.750e-04,)][eta: 0:32:16, time (data): 0.269 (0.010)]l_bij: 5.0770e+01 l_orth: 4.9237e+01 l_align: 6.8299e+01 l_total: 1.6831e+02 
2026-06-24 16:25:07,183 INFO: [brain..][epoch:  2, iter:  16,220, lr:(7.750e-04,7.750e-04,)][eta: 0:32:12, time (data): 0.269 (0.010)]l_bij: 5.2258e+01 l_orth: 5.1194e+01 l_align: 7.0515e+01 l_total: 1.7397e+02 
2026-06-24 16:25:12,558 INFO: [brain..][epoch:  2, iter:  16,240, lr:(7.750e-04,7.750e-04,)][eta: 0:32:08, time (data): 0.269 (0.010)]l_bij: 4.5994e+01 l_orth: 4.7505e+01 l_align: 7.2239e+01 l_total: 1.6574e+02 
2026-06-24 16:25:17,908 INFO: [brain..][epoch:  2, iter:  16,260, lr:(7.750e-04,7.750e-04,)][eta: 0:32:04, time (data): 0.269 (0.010)]l_bij: 4.9666e+01 l_orth: 4.9558e+01 l_align: 6.8169e+01 l_total: 1.6739e+02 
2026-06-24 16:25:23,314 INFO: [brain..][epoch:  2, iter:  16,280, lr:(7.750e-04,7.750e-04,)][eta: 0:31:59, time (data): 0.269 (0.010)]l_bij: 6.1018e+01 l_orth: 6.0256e+01 l_align: 5.5929e+01 l_total: 1.7720e+02 
2026-06-24 16:25:28,753 INFO: [brain..][epoch:  2, iter:  16,300, lr:(7.750e-04,7.750e-04,)][eta: 0:31:55, time (data): 0.272 (0.010)]l_bij: 5.1878e+01 l_orth: 5.1742e+01 l_align: 6.6575e+01 l_total: 1.7019e+02 
2026-06-24 16:25:34,213 INFO: [brain..][epoch:  2, iter:  16,320, lr:(7.750e-04,7.750e-04,)][eta: 0:31:51, time (data): 0.272 (0.010)]l_bij: 5.3528e+01 l_orth: 5.2629e+01 l_align: 6.5050e+01 l_total: 1.7121e+02 
2026-06-24 16:25:39,599 INFO: [brain..][epoch:  2, iter:  16,340, lr:(7.750e-04,7.750e-04,)][eta: 0:31:47, time (data): 0.271 (0.010)]l_bij: 5.5559e+01 l_orth: 5.3811e+01 l_align: 6.3484e+01 l_total: 1.7285e+02 
2026-06-24 16:25:45,044 INFO: [brain..][epoch:  2, iter:  16,360, lr:(7.750e-04,7.750e-04,)][eta: 0:31:43, time (data): 0.271 (0.010)]l_bij: 4.9480e+01 l_orth: 4.7937e+01 l_align: 6.5424e+01 l_total: 1.6284e+02 
2026-06-24 16:25:50,395 INFO: [brain..][epoch:  2, iter:  16,380, lr:(7.750e-04,7.750e-04,)][eta: 0:31:38, time (data): 0.271 (0.010)]l_bij: 6.3812e+01 l_orth: 5.9132e+01 l_align: 5.3356e+01 l_total: 1.7630e+02 
2026-06-24 16:25:55,940 INFO: [brain..][epoch:  3, iter:  16,400, lr:(3.250e-04,3.250e-04,)][eta: 0:31:34, time (data): 0.272 (0.012)]l_bij: 5.7527e+01 l_orth: 5.5505e+01 l_align: 5.9892e+01 l_total: 1.7292e+02 
2026-06-24 16:26:01,324 INFO: [brain..][epoch:  3, iter:  16,420, lr:(3.250e-04,3.250e-04,)][eta: 0:31:30, time (data): 0.271 (0.012)]l_bij: 6.3982e+01 l_orth: 6.0224e+01 l_align: 5.0293e+01 l_total: 1.7450e+02 
2026-06-24 16:26:06,654 INFO: [brain..][epoch:  3, iter:  16,440, lr:(3.250e-04,3.250e-04,)][eta: 0:31:25, time (data): 0.271 (0.011)]l_bij: 5.1780e+01 l_orth: 4.9114e+01 l_align: 6.3848e+01 l_total: 1.6474e+02 
2026-06-24 16:26:11,803 INFO: [brain..][epoch:  3, iter:  16,460, lr:(3.250e-04,3.250e-04,)][eta: 0:31:21, time (data): 0.269 (0.011)]l_bij: 5.5420e+01 l_orth: 5.4470e+01 l_align: 6.1074e+01 l_total: 1.7096e+02 
2026-06-24 16:26:16,920 INFO: [brain..][epoch:  3, iter:  16,480, lr:(3.250e-04,3.250e-04,)][eta: 0:31:17, time (data): 0.268 (0.011)]l_bij: 6.6272e+01 l_orth: 6.2540e+01 l_align: 5.1227e+01 l_total: 1.8004e+02 
2026-06-24 16:26:21,884 INFO: [brain..][epoch:  3, iter:  16,500, lr:(3.250e-04,3.250e-04,)][eta: 0:31:12, time (data): 0.248 (0.011)]l_bij: 6.8832e+01 l_orth: 6.5086e+01 l_align: 4.6783e+01 l_total: 1.8070e+02 
2026-06-24 16:26:26,948 INFO: [brain..][epoch:  3, iter:  16,520, lr:(3.250e-04,3.250e-04,)][eta: 0:31:08, time (data): 0.251 (0.011)]l_bij: 5.4114e+01 l_orth: 5.1717e+01 l_align: 6.1248e+01 l_total: 1.6708e+02 
2026-06-24 16:26:31,960 INFO: [brain..][epoch:  3, iter:  16,540, lr:(3.250e-04,3.250e-04,)][eta: 0:31:03, time (data): 0.251 (0.011)]l_bij: 4.6809e+01 l_orth: 4.6146e+01 l_align: 7.0070e+01 l_total: 1.6302e+02 
2026-06-24 16:26:36,900 INFO: [brain..][epoch:  3, iter:  16,560, lr:(3.250e-04,3.250e-04,)][eta: 0:30:59, time (data): 0.250 (0.011)]l_bij: 4.7988e+01 l_orth: 4.7157e+01 l_align: 6.5428e+01 l_total: 1.6057e+02 
2026-06-24 16:26:42,064 INFO: [brain..][epoch:  3, iter:  16,580, lr:(3.250e-04,3.250e-04,)][eta: 0:30:54, time (data): 0.251 (0.011)]l_bij: 6.6590e+01 l_orth: 6.3518e+01 l_align: 4.9916e+01 l_total: 1.8002e+02 
2026-06-24 16:26:47,959 INFO: [brain..][epoch:  3, iter:  16,600, lr:(3.250e-04,3.250e-04,)][eta: 0:30:50, time (data): 0.259 (0.012)]l_bij: 6.3596e+01 l_orth: 6.0931e+01 l_align: 5.2314e+01 l_total: 1.7684e+02 
2026-06-24 16:26:53,703 INFO: [brain..][epoch:  3, iter:  16,620, lr:(3.250e-04,3.250e-04,)][eta: 0:30:46, time (data): 0.263 (0.012)]l_bij: 5.5188e+01 l_orth: 5.3799e+01 l_align: 6.3314e+01 l_total: 1.7230e+02 
2026-06-24 16:26:59,663 INFO: [brain..][epoch:  3, iter:  16,640, lr:(3.250e-04,3.250e-04,)][eta: 0:30:42, time (data): 0.267 (0.012)]l_bij: 4.8320e+01 l_orth: 4.7977e+01 l_align: 6.8012e+01 l_total: 1.6431e+02 
2026-06-24 16:27:05,521 INFO: [brain..][epoch:  3, iter:  16,660, lr:(3.250e-04,3.250e-04,)][eta: 0:30:38, time (data): 0.270 (0.012)]l_bij: 6.0828e+01 l_orth: 5.8046e+01 l_align: 5.5013e+01 l_total: 1.7389e+02 
2026-06-24 16:27:11,006 INFO: [brain..][epoch:  3, iter:  16,680, lr:(3.250e-04,3.250e-04,)][eta: 0:30:34, time (data): 0.270 (0.012)]l_bij: 7.1122e+01 l_orth: 6.6827e+01 l_align: 4.6295e+01 l_total: 1.8424e+02 
2026-06-24 16:27:16,366 INFO: [brain..][epoch:  3, iter:  16,700, lr:(3.250e-04,3.250e-04,)][eta: 0:30:30, time (data): 0.269 (0.011)]l_bij: 4.6322e+01 l_orth: 4.6763e+01 l_align: 6.8926e+01 l_total: 1.6201e+02 
2026-06-24 16:27:21,744 INFO: [brain..][epoch:  3, iter:  16,720, lr:(3.250e-04,3.250e-04,)][eta: 0:30:25, time (data): 0.269 (0.011)]l_bij: 5.2494e+01 l_orth: 5.0193e+01 l_align: 6.1983e+01 l_total: 1.6467e+02 
2026-06-24 16:27:27,195 INFO: [brain..][epoch:  3, iter:  16,740, lr:(3.250e-04,3.250e-04,)][eta: 0:30:21, time (data): 0.270 (0.011)]l_bij: 4.7016e+01 l_orth: 4.6931e+01 l_align: 6.8797e+01 l_total: 1.6274e+02 
2026-06-24 16:27:32,556 INFO: [brain..][epoch:  3, iter:  16,760, lr:(3.250e-04,3.250e-04,)][eta: 0:30:17, time (data): 0.269 (0.011)]l_bij: 5.6520e+01 l_orth: 5.5816e+01 l_align: 5.9623e+01 l_total: 1.7196e+02 
2026-06-24 16:27:37,889 INFO: [brain..][epoch:  3, iter:  16,780, lr:(3.250e-04,3.250e-04,)][eta: 0:30:12, time (data): 0.269 (0.012)]l_bij: 5.5682e+01 l_orth: 5.4249e+01 l_align: 6.2819e+01 l_total: 1.7275e+02 
2026-06-24 16:27:43,423 INFO: [brain..][epoch:  3, iter:  16,800, lr:(3.250e-04,3.250e-04,)][eta: 0:30:08, time (data): 0.270 (0.012)]l_bij: 4.7074e+01 l_orth: 4.6364e+01 l_align: 7.0442e+01 l_total: 1.6388e+02 
2026-06-24 16:27:49,137 INFO: [brain..][epoch:  3, iter:  16,820, lr:(3.250e-04,3.250e-04,)][eta: 0:30:04, time (data): 0.272 (0.012)]l_bij: 4.4250e+01 l_orth: 4.4313e+01 l_align: 7.4406e+01 l_total: 1.6297e+02 
2026-06-24 16:27:54,518 INFO: [brain..][epoch:  3, iter:  16,840, lr:(3.250e-04,3.250e-04,)][eta: 0:30:00, time (data): 0.272 (0.012)]l_bij: 5.4779e+01 l_orth: 5.2975e+01 l_align: 6.5562e+01 l_total: 1.7332e+02 
2026-06-24 16:28:00,494 INFO: [brain..][epoch:  3, iter:  16,860, lr:(3.250e-04,3.250e-04,)][eta: 0:29:56, time (data): 0.275 (0.012)]l_bij: 5.2832e+01 l_orth: 4.9848e+01 l_align: 6.4262e+01 l_total: 1.6694e+02 
2026-06-24 16:28:06,495 INFO: [brain..][epoch:  3, iter:  16,880, lr:(3.250e-04,3.250e-04,)][eta: 0:29:51, time (data): 0.277 (0.012)]l_bij: 6.5763e+01 l_orth: 6.1822e+01 l_align: 4.8300e+01 l_total: 1.7588e+02 
2026-06-24 16:28:12,229 INFO: [brain..][epoch:  3, iter:  16,900, lr:(3.250e-04,3.250e-04,)][eta: 0:29:47, time (data): 0.286 (0.011)]l_bij: 6.5129e+01 l_orth: 6.1713e+01 l_align: 4.9325e+01 l_total: 1.7617e+02 
2026-06-24 16:28:17,923 INFO: [brain..][epoch:  3, iter:  16,920, lr:(3.250e-04,3.250e-04,)][eta: 0:29:43, time (data): 0.285 (0.011)]l_bij: 5.0765e+01 l_orth: 4.9627e+01 l_align: 6.3782e+01 l_total: 1.6417e+02 
2026-06-24 16:28:23,926 INFO: [brain..][epoch:  3, iter:  16,940, lr:(3.250e-04,3.250e-04,)][eta: 0:29:39, time (data): 0.290 (0.011)]l_bij: 5.3602e+01 l_orth: 5.2576e+01 l_align: 6.1615e+01 l_total: 1.6779e+02 
2026-06-24 16:28:29,692 INFO: [brain..][epoch:  3, iter:  16,960, lr:(3.250e-04,3.250e-04,)][eta: 0:29:35, time (data): 0.290 (0.011)]l_bij: 4.4915e+01 l_orth: 4.5068e+01 l_align: 7.1182e+01 l_total: 1.6116e+02 
2026-06-24 16:28:35,137 INFO: [brain..][epoch:  3, iter:  16,980, lr:(3.250e-04,3.250e-04,)][eta: 0:29:31, time (data): 0.286 (0.011)]l_bij: 6.5961e+01 l_orth: 6.2572e+01 l_align: 4.9335e+01 l_total: 1.7787e+02 
2026-06-24 16:28:40,557 INFO: [brain..][epoch:  3, iter:  17,000, lr:(3.250e-04,3.250e-04,)][eta: 0:29:26, time (data): 0.283 (0.011)]l_bij: 4.6539e+01 l_orth: 4.5727e+01 l_align: 7.1431e+01 l_total: 1.6370e+02 
2026-06-24 16:28:45,896 INFO: [brain..][epoch:  3, iter:  17,020, lr:(3.250e-04,3.250e-04,)][eta: 0:29:22, time (data): 0.281 (0.011)]l_bij: 5.0190e+01 l_orth: 4.8764e+01 l_align: 6.5074e+01 l_total: 1.6403e+02 
2026-06-24 16:28:51,258 INFO: [brain..][epoch:  3, iter:  17,040, lr:(3.250e-04,3.250e-04,)][eta: 0:29:17, time (data): 0.279 (0.011)]l_bij: 6.1724e+01 l_orth: 5.9007e+01 l_align: 5.1895e+01 l_total: 1.7263e+02 
2026-06-24 16:28:56,618 INFO: [brain..][epoch:  3, iter:  17,060, lr:(3.250e-04,3.250e-04,)][eta: 0:29:13, time (data): 0.278 (0.011)]l_bij: 4.9590e+01 l_orth: 4.8735e+01 l_align: 6.5650e+01 l_total: 1.6397e+02 
2026-06-24 16:29:01,939 INFO: [brain..][epoch:  3, iter:  17,080, lr:(3.250e-04,3.250e-04,)][eta: 0:29:09, time (data): 0.277 (0.011)]l_bij: 4.7814e+01 l_orth: 4.6210e+01 l_align: 6.7682e+01 l_total: 1.6171e+02 
2026-06-24 16:29:07,339 INFO: [brain..][epoch:  3, iter:  17,100, lr:(3.250e-04,3.250e-04,)][eta: 0:29:04, time (data): 0.270 (0.011)]l_bij: 5.2503e+01 l_orth: 5.1528e+01 l_align: 6.3020e+01 l_total: 1.6705e+02 
2026-06-24 16:29:12,758 INFO: [brain..][epoch:  3, iter:  17,120, lr:(3.250e-04,3.250e-04,)][eta: 0:29:00, time (data): 0.270 (0.010)]l_bij: 4.7844e+01 l_orth: 4.7013e+01 l_align: 6.7633e+01 l_total: 1.6249e+02 
2026-06-24 16:29:18,104 INFO: [brain..][epoch:  3, iter:  17,140, lr:(3.250e-04,3.250e-04,)][eta: 0:28:56, time (data): 0.269 (0.010)]l_bij: 6.1845e+01 l_orth: 5.9550e+01 l_align: 5.4977e+01 l_total: 1.7637e+02 
2026-06-24 16:29:23,417 INFO: [brain..][epoch:  3, iter:  17,160, lr:(3.250e-04,3.250e-04,)][eta: 0:28:51, time (data): 0.268 (0.010)]l_bij: 4.7434e+01 l_orth: 4.6635e+01 l_align: 6.9700e+01 l_total: 1.6377e+02 
2026-06-24 16:29:28,819 INFO: [brain..][epoch:  3, iter:  17,180, lr:(3.250e-04,3.250e-04,)][eta: 0:28:47, time (data): 0.269 (0.010)]l_bij: 5.5773e+01 l_orth: 5.3085e+01 l_align: 5.9922e+01 l_total: 1.6878e+02 
2026-06-24 16:29:34,242 INFO: [brain..][epoch:  3, iter:  17,200, lr:(3.250e-04,3.250e-04,)][eta: 0:28:43, time (data): 0.269 (0.010)]l_bij: 5.3943e+01 l_orth: 5.2859e+01 l_align: 6.2157e+01 l_total: 1.6896e+02 
2026-06-24 16:29:39,556 INFO: [brain..][epoch:  3, iter:  17,220, lr:(3.250e-04,3.250e-04,)][eta: 0:28:38, time (data): 0.268 (0.010)]l_bij: 5.1063e+01 l_orth: 4.9488e+01 l_align: 6.4569e+01 l_total: 1.6512e+02 
2026-06-24 16:29:45,001 INFO: [brain..][epoch:  3, iter:  17,240, lr:(3.250e-04,3.250e-04,)][eta: 0:28:34, time (data): 0.269 (0.010)]l_bij: 6.2266e+01 l_orth: 5.9132e+01 l_align: 5.3818e+01 l_total: 1.7522e+02 
2026-06-24 16:29:50,417 INFO: [brain..][epoch:  3, iter:  17,260, lr:(3.250e-04,3.250e-04,)][eta: 0:28:29, time (data): 0.269 (0.010)]l_bij: 4.9390e+01 l_orth: 5.4530e+01 l_align: 7.2462e+01 l_total: 1.7638e+02 
2026-06-24 16:29:55,693 INFO: [brain..][epoch:  3, iter:  17,280, lr:(3.250e-04,3.250e-04,)][eta: 0:28:25, time (data): 0.269 (0.010)]l_bij: 5.4017e+01 l_orth: 5.1539e+01 l_align: 5.9886e+01 l_total: 1.6544e+02 
2026-06-24 16:30:01,094 INFO: [brain..][epoch:  3, iter:  17,300, lr:(3.250e-04,3.250e-04,)][eta: 0:28:21, time (data): 0.271 (0.010)]l_bij: 4.9396e+01 l_orth: 4.8278e+01 l_align: 7.0477e+01 l_total: 1.6815e+02 
2026-06-24 16:30:06,496 INFO: [brain..][epoch:  3, iter:  17,320, lr:(3.250e-04,3.250e-04,)][eta: 0:28:16, time (data): 0.270 (0.010)]l_bij: 5.8105e+01 l_orth: 5.3942e+01 l_align: 5.6701e+01 l_total: 1.6875e+02 
2026-06-24 16:30:11,890 INFO: [brain..][epoch:  3, iter:  17,340, lr:(3.250e-04,3.250e-04,)][eta: 0:28:12, time (data): 0.270 (0.010)]l_bij: 4.7644e+01 l_orth: 4.6428e+01 l_align: 7.0943e+01 l_total: 1.6502e+02 
2026-06-24 16:30:17,271 INFO: [brain..][epoch:  3, iter:  17,360, lr:(3.250e-04,3.250e-04,)][eta: 0:28:07, time (data): 0.270 (0.010)]l_bij: 5.6154e+01 l_orth: 5.4158e+01 l_align: 6.1506e+01 l_total: 1.7182e+02 
2026-06-24 16:30:22,528 INFO: [brain..][epoch:  3, iter:  17,380, lr:(3.250e-04,3.250e-04,)][eta: 0:28:03, time (data): 0.268 (0.010)]l_bij: 5.1213e+01 l_orth: 5.0765e+01 l_align: 6.5759e+01 l_total: 1.6774e+02 
2026-06-24 16:30:27,988 INFO: [brain..][epoch:  3, iter:  17,400, lr:(3.250e-04,3.250e-04,)][eta: 0:27:59, time (data): 0.269 (0.010)]l_bij: 5.6971e+01 l_orth: 5.4928e+01 l_align: 5.9312e+01 l_total: 1.7121e+02 
2026-06-24 16:30:33,390 INFO: [brain..][epoch:  3, iter:  17,420, lr:(3.250e-04,3.250e-04,)][eta: 0:27:54, time (data): 0.269 (0.010)]l_bij: 5.1304e+01 l_orth: 5.0716e+01 l_align: 6.4403e+01 l_total: 1.6642e+02 
2026-06-24 16:30:38,778 INFO: [brain..][epoch:  3, iter:  17,440, lr:(3.250e-04,3.250e-04,)][eta: 0:27:50, time (data): 0.269 (0.010)]l_bij: 6.6867e+01 l_orth: 6.3334e+01 l_align: 4.8839e+01 l_total: 1.7904e+02 
2026-06-24 16:30:44,103 INFO: [brain..][epoch:  3, iter:  17,460, lr:(3.250e-04,3.250e-04,)][eta: 0:27:45, time (data): 0.269 (0.010)]l_bij: 5.5894e+01 l_orth: 5.5590e+01 l_align: 6.2945e+01 l_total: 1.7443e+02 
2026-06-24 16:30:49,552 INFO: [brain..][epoch:  3, iter:  17,480, lr:(3.250e-04,3.250e-04,)][eta: 0:27:41, time (data): 0.269 (0.010)]l_bij: 4.6463e+01 l_orth: 4.6357e+01 l_align: 7.1726e+01 l_total: 1.6455e+02 
2026-06-24 16:30:54,772 INFO: [brain..][epoch:  3, iter:  17,500, lr:(3.250e-04,3.250e-04,)][eta: 0:27:37, time (data): 0.259 (0.009)]l_bij: 4.6964e+01 l_orth: 4.5781e+01 l_align: 6.9272e+01 l_total: 1.6202e+02 
2026-06-24 16:31:00,218 INFO: [brain..][epoch:  3, iter:  17,520, lr:(3.250e-04,3.250e-04,)][eta: 0:27:32, time (data): 0.267 (0.010)]l_bij: 4.4529e+01 l_orth: 4.4503e+01 l_align: 7.4941e+01 l_total: 1.6397e+02 
2026-06-24 16:31:05,568 INFO: [brain..][epoch:  3, iter:  17,540, lr:(3.250e-04,3.250e-04,)][eta: 0:27:28, time (data): 0.267 (0.010)]l_bij: 6.2876e+01 l_orth: 6.0982e+01 l_align: 5.5024e+01 l_total: 1.7888e+02 
2026-06-24 16:31:10,917 INFO: [brain..][epoch:  3, iter:  17,560, lr:(3.250e-04,3.250e-04,)][eta: 0:27:23, time (data): 0.267 (0.010)]l_bij: 6.3064e+01 l_orth: 5.9393e+01 l_align: 5.3915e+01 l_total: 1.7637e+02 
2026-06-24 16:31:16,358 INFO: [brain..][epoch:  3, iter:  17,580, lr:(3.250e-04,3.250e-04,)][eta: 0:27:19, time (data): 0.268 (0.010)]l_bij: 6.7989e+01 l_orth: 6.4614e+01 l_align: 4.8092e+01 l_total: 1.8069e+02 
2026-06-24 16:31:21,662 INFO: [brain..][epoch:  3, iter:  17,600, lr:(3.250e-04,3.250e-04,)][eta: 0:27:15, time (data): 0.268 (0.010)]l_bij: 4.8690e+01 l_orth: 4.7431e+01 l_align: 6.7307e+01 l_total: 1.6343e+02 
2026-06-24 16:31:26,808 INFO: [brain..][epoch:  3, iter:  17,620, lr:(3.250e-04,3.250e-04,)][eta: 0:27:10, time (data): 0.266 (0.010)]l_bij: 6.8806e+01 l_orth: 6.6405e+01 l_align: 4.6630e+01 l_total: 1.8184e+02 
2026-06-24 16:31:32,243 INFO: [brain..][epoch:  3, iter:  17,640, lr:(3.250e-04,3.250e-04,)][eta: 0:27:06, time (data): 0.267 (0.010)]l_bij: 5.6680e+01 l_orth: 5.3450e+01 l_align: 6.0301e+01 l_total: 1.7043e+02 
2026-06-24 16:31:37,659 INFO: [brain..][epoch:  3, iter:  17,660, lr:(3.250e-04,3.250e-04,)][eta: 0:27:01, time (data): 0.267 (0.010)]l_bij: 4.5861e+01 l_orth: 4.5219e+01 l_align: 6.9619e+01 l_total: 1.6070e+02 
2026-06-24 16:31:43,052 INFO: [brain..][epoch:  3, iter:  17,680, lr:(3.250e-04,3.250e-04,)][eta: 0:26:57, time (data): 0.267 (0.010)]l_bij: 7.0517e+01 l_orth: 6.5314e+01 l_align: 4.5856e+01 l_total: 1.8169e+02 
2026-06-24 16:31:48,404 INFO: [brain..][epoch:  3, iter:  17,700, lr:(3.250e-04,3.250e-04,)][eta: 0:26:52, time (data): 0.269 (0.010)]l_bij: 4.9637e+01 l_orth: 4.7822e+01 l_align: 6.7234e+01 l_total: 1.6469e+02 
2026-06-24 16:31:53,836 INFO: [brain..][epoch:  3, iter:  17,720, lr:(3.250e-04,3.250e-04,)][eta: 0:26:48, time (data): 0.270 (0.010)]l_bij: 5.3650e+01 l_orth: 5.2431e+01 l_align: 6.4124e+01 l_total: 1.7020e+02 
2026-06-24 16:31:59,208 INFO: [brain..][epoch:  3, iter:  17,740, lr:(3.250e-04,3.250e-04,)][eta: 0:26:43, time (data): 0.270 (0.010)]l_bij: 5.7347e+01 l_orth: 5.4716e+01 l_align: 5.9518e+01 l_total: 1.7158e+02 
2026-06-24 16:32:04,610 INFO: [brain..][epoch:  3, iter:  17,760, lr:(3.250e-04,3.250e-04,)][eta: 0:26:39, time (data): 0.270 (0.010)]l_bij: 5.4011e+01 l_orth: 4.9498e+01 l_align: 6.4521e+01 l_total: 1.6803e+02 
2026-06-24 16:32:10,031 INFO: [brain..][epoch:  3, iter:  17,780, lr:(3.250e-04,3.250e-04,)][eta: 0:26:35, time (data): 0.270 (0.010)]l_bij: 5.1109e+01 l_orth: 4.9426e+01 l_align: 6.6420e+01 l_total: 1.6695e+02 
2026-06-24 16:32:15,155 INFO: [brain..][epoch:  3, iter:  17,800, lr:(3.250e-04,3.250e-04,)][eta: 0:26:30, time (data): 0.267 (0.010)]l_bij: 6.5279e+01 l_orth: 6.1759e+01 l_align: 4.8880e+01 l_total: 1.7592e+02 
2026-06-24 16:32:20,074 INFO: [brain..][epoch:  3, iter:  17,820, lr:(3.250e-04,3.250e-04,)][eta: 0:26:25, time (data): 0.264 (0.010)]l_bij: 6.5130e+01 l_orth: 6.0381e+01 l_align: 5.0473e+01 l_total: 1.7598e+02 
2026-06-24 16:32:25,119 INFO: [brain..][epoch:  3, iter:  17,840, lr:(3.250e-04,3.250e-04,)][eta: 0:26:21, time (data): 0.262 (0.010)]l_bij: 6.1534e+01 l_orth: 5.9116e+01 l_align: 5.4481e+01 l_total: 1.7513e+02 
2026-06-24 16:32:30,038 INFO: [brain..][epoch:  3, iter:  17,860, lr:(3.250e-04,3.250e-04,)][eta: 0:26:16, time (data): 0.261 (0.011)]l_bij: 5.8023e+01 l_orth: 5.4847e+01 l_align: 5.9165e+01 l_total: 1.7204e+02 
2026-06-24 16:32:34,881 INFO: [brain..][epoch:  3, iter:  17,880, lr:(3.250e-04,3.250e-04,)][eta: 0:26:12, time (data): 0.259 (0.011)]l_bij: 4.9529e+01 l_orth: 4.7068e+01 l_align: 6.5300e+01 l_total: 1.6190e+02 
2026-06-24 16:32:39,766 INFO: [brain..][epoch:  3, iter:  17,900, lr:(3.250e-04,3.250e-04,)][eta: 0:26:07, time (data): 0.244 (0.012)]l_bij: 4.6032e+01 l_orth: 4.5911e+01 l_align: 7.0960e+01 l_total: 1.6290e+02 
2026-06-24 16:32:44,777 INFO: [brain..][epoch:  3, iter:  17,920, lr:(3.250e-04,3.250e-04,)][eta: 0:26:02, time (data): 0.248 (0.011)]l_bij: 4.9499e+01 l_orth: 4.9374e+01 l_align: 6.6495e+01 l_total: 1.6537e+02 
2026-06-24 16:32:49,790 INFO: [brain..][epoch:  3, iter:  17,940, lr:(3.250e-04,3.250e-04,)][eta: 0:25:58, time (data): 0.249 (0.011)]l_bij: 4.5688e+01 l_orth: 4.4936e+01 l_align: 7.1010e+01 l_total: 1.6163e+02 
2026-06-24 16:32:54,886 INFO: [brain..][epoch:  3, iter:  17,960, lr:(3.250e-04,3.250e-04,)][eta: 0:25:53, time (data): 0.250 (0.011)]l_bij: 5.6748e+01 l_orth: 5.3094e+01 l_align: 6.0747e+01 l_total: 1.7059e+02 
2026-06-24 16:32:59,739 INFO: [brain..][epoch:  3, iter:  17,980, lr:(3.250e-04,3.250e-04,)][eta: 0:25:49, time (data): 0.249 (0.011)]l_bij: 5.1881e+01 l_orth: 4.9639e+01 l_align: 6.6916e+01 l_total: 1.6844e+02 
2026-06-24 16:33:04,746 INFO: [brain..][epoch:  3, iter:  18,000, lr:(3.250e-04,3.250e-04,)][eta: 0:25:44, time (data): 0.249 (0.011)]l_bij: 5.3955e+01 l_orth: 5.0787e+01 l_align: 6.1321e+01 l_total: 1.6606e+02 
2026-06-24 16:33:04,748 INFO: Saving models and training states.
2026-06-24 16:33:04,772 INFO: Start validation.
2026-06-24 16:33:13,467 INFO: Avg time: 0.0799
2026-06-24 16:33:13,471 INFO: [ONB diag] max|Q-I|: mean=3.8783e-01 max=4.1648e-01 | max|Φ̃ᵀMΦ̃-I|: mean=6.0797e-07 max=7.1526e-07
2026-06-24 16:33:18,333 INFO: [brain..][epoch:  3, iter:  18,020, lr:(3.250e-04,3.250e-04,)][eta: 0:25:43, time (data): 0.248 (0.011)]l_bij: 4.3514e+01 l_orth: 4.3370e+01 l_align: 7.5180e+01 l_total: 1.6206e+02 
2026-06-24 16:33:23,290 INFO: [brain..][epoch:  3, iter:  18,040, lr:(3.250e-04,3.250e-04,)][eta: 0:25:38, time (data): 0.248 (0.011)]l_bij: 4.7699e+01 l_orth: 4.6590e+01 l_align: 6.8051e+01 l_total: 1.6234e+02 
2026-06-24 16:33:28,368 INFO: [brain..][epoch:  3, iter:  18,060, lr:(3.250e-04,3.250e-04,)][eta: 0:25:33, time (data): 0.249 (0.011)]l_bij: 5.2116e+01 l_orth: 4.9995e+01 l_align: 6.5090e+01 l_total: 1.6720e+02 
2026-06-24 16:33:33,347 INFO: [brain..][epoch:  3, iter:  18,080, lr:(3.250e-04,3.250e-04,)][eta: 0:25:29, time (data): 0.249 (0.011)]l_bij: 5.3926e+01 l_orth: 5.2313e+01 l_align: 6.3778e+01 l_total: 1.7002e+02 
2026-06-24 16:33:38,335 INFO: [brain..][epoch:  3, iter:  18,100, lr:(3.250e-04,3.250e-04,)][eta: 0:25:24, time (data): 0.249 (0.012)]l_bij: 5.3150e+01 l_orth: 5.1623e+01 l_align: 6.3703e+01 l_total: 1.6848e+02 
2026-06-24 16:33:43,376 INFO: [brain..][epoch:  3, iter:  18,120, lr:(3.250e-04,3.250e-04,)][eta: 0:25:20, time (data): 0.251 (0.012)]l_bij: 5.2626e+01 l_orth: 5.1980e+01 l_align: 6.2169e+01 l_total: 1.6677e+02 
2026-06-24 16:33:48,229 INFO: [brain..][epoch:  3, iter:  18,140, lr:(3.250e-04,3.250e-04,)][eta: 0:25:15, time (data): 0.247 (0.012)]l_bij: 4.8766e+01 l_orth: 4.7368e+01 l_align: 6.8545e+01 l_total: 1.6468e+02 
2026-06-24 16:33:53,275 INFO: [brain..][epoch:  3, iter:  18,160, lr:(3.250e-04,3.250e-04,)][eta: 0:25:10, time (data): 0.249 (0.012)]l_bij: 5.8336e+01 l_orth: 5.6184e+01 l_align: 5.6300e+01 l_total: 1.7082e+02 
2026-06-24 16:33:58,470 INFO: [brain..][epoch:  3, iter:  18,180, lr:(3.250e-04,3.250e-04,)][eta: 0:25:06, time (data): 0.251 (0.011)]l_bij: 5.1896e+01 l_orth: 4.9772e+01 l_align: 6.4483e+01 l_total: 1.6615e+02 
2026-06-24 16:34:03,985 INFO: [brain..][epoch:  3, iter:  18,200, lr:(3.250e-04,3.250e-04,)][eta: 0:25:01, time (data): 0.256 (0.011)]l_bij: 4.7905e+01 l_orth: 4.6692e+01 l_align: 6.7516e+01 l_total: 1.6211e+02 
2026-06-24 16:34:09,322 INFO: [brain..][epoch:  3, iter:  18,220, lr:(3.250e-04,3.250e-04,)][eta: 0:24:57, time (data): 0.257 (0.011)]l_bij: 5.1455e+01 l_orth: 5.0841e+01 l_align: 6.9626e+01 l_total: 1.7192e+02 
2026-06-24 16:34:14,758 INFO: [brain..][epoch:  3, iter:  18,240, lr:(3.250e-04,3.250e-04,)][eta: 0:24:52, time (data): 0.259 (0.011)]l_bij: 4.7668e+01 l_orth: 4.6376e+01 l_align: 7.1437e+01 l_total: 1.6548e+02 
2026-06-24 16:34:20,094 INFO: [brain..][epoch:  3, iter:  18,260, lr:(3.250e-04,3.250e-04,)][eta: 0:24:48, time (data): 0.260 (0.011)]l_bij: 5.1387e+01 l_orth: 4.9557e+01 l_align: 6.7085e+01 l_total: 1.6803e+02 
2026-06-24 16:34:25,414 INFO: [brain..][epoch:  3, iter:  18,280, lr:(3.250e-04,3.250e-04,)][eta: 0:24:43, time (data): 0.261 (0.011)]l_bij: 5.5540e+01 l_orth: 5.3272e+01 l_align: 6.0635e+01 l_total: 1.6945e+02 
2026-06-24 16:34:30,760 INFO: [brain..][epoch:  3, iter:  18,300, lr:(3.250e-04,3.250e-04,)][eta: 0:24:39, time (data): 0.262 (0.010)]l_bij: 5.8493e+01 l_orth: 5.6709e+01 l_align: 5.6774e+01 l_total: 1.7198e+02 
2026-06-24 16:34:36,155 INFO: [brain..][epoch:  3, iter:  18,320, lr:(3.250e-04,3.250e-04,)][eta: 0:24:34, time (data): 0.267 (0.010)]l_bij: 4.6997e+01 l_orth: 4.5320e+01 l_align: 6.7781e+01 l_total: 1.6010e+02 
2026-06-24 16:34:41,546 INFO: [brain..][epoch:  3, iter:  18,340, lr:(3.250e-04,3.250e-04,)][eta: 0:24:30, time (data): 0.268 (0.010)]l_bij: 4.6531e+01 l_orth: 4.5847e+01 l_align: 7.1993e+01 l_total: 1.6437e+02 
2026-06-24 16:34:46,802 INFO: [brain..][epoch:  3, iter:  18,360, lr:(3.250e-04,3.250e-04,)][eta: 0:24:25, time (data): 0.266 (0.010)]l_bij: 4.4642e+01 l_orth: 4.4244e+01 l_align: 7.1287e+01 l_total: 1.6017e+02 
2026-06-24 16:34:52,129 INFO: [brain..][epoch:  3, iter:  18,380, lr:(3.250e-04,3.250e-04,)][eta: 0:24:21, time (data): 0.266 (0.010)]l_bij: 6.4361e+01 l_orth: 6.1682e+01 l_align: 4.9112e+01 l_total: 1.7516e+02 
2026-06-24 16:34:57,532 INFO: [brain..][epoch:  3, iter:  18,400, lr:(3.250e-04,3.250e-04,)][eta: 0:24:16, time (data): 0.267 (0.010)]l_bij: 6.5936e+01 l_orth: 6.1830e+01 l_align: 4.9497e+01 l_total: 1.7726e+02 
2026-06-24 16:35:02,999 INFO: [brain..][epoch:  3, iter:  18,420, lr:(3.250e-04,3.250e-04,)][eta: 0:24:12, time (data): 0.268 (0.010)]l_bij: 5.9997e+01 l_orth: 5.6949e+01 l_align: 5.5850e+01 l_total: 1.7280e+02 
2026-06-24 16:35:08,438 INFO: [brain..][epoch:  3, iter:  18,440, lr:(3.250e-04,3.250e-04,)][eta: 0:24:07, time (data): 0.268 (0.010)]l_bij: 5.8223e+01 l_orth: 5.5195e+01 l_align: 5.7738e+01 l_total: 1.7116e+02 
2026-06-24 16:35:13,848 INFO: [brain..][epoch:  3, iter:  18,460, lr:(3.250e-04,3.250e-04,)][eta: 0:24:03, time (data): 0.269 (0.010)]l_bij: 4.2807e+01 l_orth: 4.1002e+01 l_align: 7.1829e+01 l_total: 1.5564e+02 
2026-06-24 16:35:19,174 INFO: [brain..][epoch:  3, iter:  18,480, lr:(3.250e-04,3.250e-04,)][eta: 0:23:58, time (data): 0.268 (0.010)]l_bij: 5.0415e+01 l_orth: 4.8346e+01 l_align: 6.6065e+01 l_total: 1.6482e+02 
2026-06-24 16:35:24,509 INFO: [brain..][epoch:  3, iter:  18,500, lr:(3.250e-04,3.250e-04,)][eta: 0:23:54, time (data): 0.267 (0.009)]l_bij: 5.7122e+01 l_orth: 5.3667e+01 l_align: 5.7443e+01 l_total: 1.6823e+02 
2026-06-24 16:35:29,846 INFO: [brain..][epoch:  3, iter:  18,520, lr:(3.250e-04,3.250e-04,)][eta: 0:23:49, time (data): 0.267 (0.010)]l_bij: 5.1899e+01 l_orth: 5.0892e+01 l_align: 6.5515e+01 l_total: 1.6831e+02 
2026-06-24 16:35:35,325 INFO: [brain..][epoch:  3, iter:  18,540, lr:(3.250e-04,3.250e-04,)][eta: 0:23:45, time (data): 0.270 (0.010)]l_bij: 5.0697e+01 l_orth: 5.3754e+01 l_align: 6.6591e+01 l_total: 1.7104e+02 
2026-06-24 16:35:40,680 INFO: [brain..][epoch:  3, iter:  18,560, lr:(3.250e-04,3.250e-04,)][eta: 0:23:40, time (data): 0.269 (0.010)]l_bij: 5.5508e+01 l_orth: 5.2420e+01 l_align: 5.9651e+01 l_total: 1.6758e+02 
2026-06-24 16:35:46,013 INFO: [brain..][epoch:  3, iter:  18,580, lr:(3.250e-04,3.250e-04,)][eta: 0:23:36, time (data): 0.268 (0.010)]l_bij: 6.2835e+01 l_orth: 5.9432e+01 l_align: 5.1894e+01 l_total: 1.7416e+02 
2026-06-24 16:35:51,318 INFO: [brain..][epoch:  3, iter:  18,600, lr:(3.250e-04,3.250e-04,)][eta: 0:23:31, time (data): 0.268 (0.010)]l_bij: 5.3815e+01 l_orth: 4.9506e+01 l_align: 6.4904e+01 l_total: 1.6822e+02 
2026-06-24 16:35:56,731 INFO: [brain..][epoch:  3, iter:  18,620, lr:(3.250e-04,3.250e-04,)][eta: 0:23:27, time (data): 0.268 (0.010)]l_bij: 5.0814e+01 l_orth: 5.0058e+01 l_align: 6.4700e+01 l_total: 1.6557e+02 
2026-06-24 16:36:02,153 INFO: [brain..][epoch:  3, iter:  18,640, lr:(3.250e-04,3.250e-04,)][eta: 0:23:22, time (data): 0.269 (0.010)]l_bij: 4.8689e+01 l_orth: 4.7149e+01 l_align: 6.7010e+01 l_total: 1.6285e+02 
2026-06-24 16:36:07,500 INFO: [brain..][epoch:  3, iter:  18,660, lr:(3.250e-04,3.250e-04,)][eta: 0:23:18, time (data): 0.268 (0.010)]l_bij: 7.6005e+01 l_orth: 7.2485e+01 l_align: 4.1029e+01 l_total: 1.8952e+02 
2026-06-24 16:36:12,941 INFO: [brain..][epoch:  3, iter:  18,680, lr:(3.250e-04,3.250e-04,)][eta: 0:23:13, time (data): 0.269 (0.010)]l_bij: 5.3736e+01 l_orth: 5.4710e+01 l_align: 6.3408e+01 l_total: 1.7185e+02 
2026-06-24 16:36:18,315 INFO: [brain..][epoch:  3, iter:  18,700, lr:(3.250e-04,3.250e-04,)][eta: 0:23:09, time (data): 0.270 (0.010)]l_bij: 5.7483e+01 l_orth: 5.6463e+01 l_align: 6.1667e+01 l_total: 1.7561e+02 
2026-06-24 16:36:23,634 INFO: [brain..][epoch:  3, iter:  18,720, lr:(3.250e-04,3.250e-04,)][eta: 0:23:04, time (data): 0.267 (0.010)]l_bij: 4.6694e+01 l_orth: 4.4701e+01 l_align: 6.8698e+01 l_total: 1.6009e+02 
2026-06-24 16:36:29,033 INFO: [brain..][epoch:  3, iter:  18,740, lr:(3.250e-04,3.250e-04,)][eta: 0:22:59, time (data): 0.268 (0.010)]l_bij: 4.9941e+01 l_orth: 5.0254e+01 l_align: 6.5012e+01 l_total: 1.6521e+02 
2026-06-24 16:36:34,387 INFO: [brain..][epoch:  3, iter:  18,760, lr:(3.250e-04,3.250e-04,)][eta: 0:22:55, time (data): 0.268 (0.010)]l_bij: 4.9165e+01 l_orth: 4.7447e+01 l_align: 6.5379e+01 l_total: 1.6199e+02 
2026-06-24 16:36:39,603 INFO: [brain..][epoch:  3, iter:  18,780, lr:(3.250e-04,3.250e-04,)][eta: 0:22:50, time (data): 0.266 (0.010)]l_bij: 5.2525e+01 l_orth: 5.1671e+01 l_align: 6.4880e+01 l_total: 1.6908e+02 
2026-06-24 16:36:45,055 INFO: [brain..][epoch:  3, iter:  18,800, lr:(3.250e-04,3.250e-04,)][eta: 0:22:46, time (data): 0.267 (0.010)]l_bij: 5.2515e+01 l_orth: 5.0315e+01 l_align: 6.3860e+01 l_total: 1.6669e+02 
2026-06-24 16:36:50,502 INFO: [brain..][epoch:  3, iter:  18,820, lr:(3.250e-04,3.250e-04,)][eta: 0:22:41, time (data): 0.268 (0.010)]l_bij: 5.3255e+01 l_orth: 5.0430e+01 l_align: 6.0541e+01 l_total: 1.6423e+02 
2026-06-24 16:36:56,636 INFO: [brain..][epoch:  3, iter:  18,840, lr:(3.250e-04,3.250e-04,)][eta: 0:22:37, time (data): 0.273 (0.011)]l_bij: 3.9855e+01 l_orth: 4.1052e+01 l_align: 7.9128e+01 l_total: 1.6003e+02 
2026-06-24 16:37:02,787 INFO: [brain..][epoch:  3, iter:  18,860, lr:(3.250e-04,3.250e-04,)][eta: 0:22:33, time (data): 0.277 (0.011)]l_bij: 5.0945e+01 l_orth: 4.9676e+01 l_align: 6.5006e+01 l_total: 1.6563e+02 
2026-06-24 16:37:08,881 INFO: [brain..][epoch:  3, iter:  18,880, lr:(3.250e-04,3.250e-04,)][eta: 0:22:28, time (data): 0.280 (0.011)]l_bij: 4.8419e+01 l_orth: 4.7684e+01 l_align: 6.7055e+01 l_total: 1.6316e+02 
2026-06-24 16:37:15,019 INFO: [brain..][epoch:  3, iter:  18,900, lr:(3.250e-04,3.250e-04,)][eta: 0:22:24, time (data): 0.313 (0.012)]l_bij: 4.8417e+01 l_orth: 4.6905e+01 l_align: 6.6134e+01 l_total: 1.6146e+02 
2026-06-24 16:37:20,993 INFO: [brain..][epoch:  3, iter:  18,920, lr:(3.250e-04,3.250e-04,)][eta: 0:22:20, time (data): 0.302 (0.011)]l_bij: 6.0473e+01 l_orth: 5.8006e+01 l_align: 5.5277e+01 l_total: 1.7376e+02 
2026-06-24 16:37:26,729 INFO: [brain..][epoch:  3, iter:  18,940, lr:(3.250e-04,3.250e-04,)][eta: 0:22:15, time (data): 0.295 (0.011)]l_bij: 4.8414e+01 l_orth: 4.6655e+01 l_align: 6.8125e+01 l_total: 1.6319e+02 
2026-06-24 16:37:32,620 INFO: [brain..][epoch:  3, iter:  18,960, lr:(3.250e-04,3.250e-04,)][eta: 0:22:11, time (data): 0.295 (0.011)]l_bij: 6.2880e+01 l_orth: 5.9246e+01 l_align: 5.3248e+01 l_total: 1.7537e+02 
2026-06-24 16:37:38,699 INFO: [brain..][epoch:  3, iter:  18,980, lr:(3.250e-04,3.250e-04,)][eta: 0:22:06, time (data): 0.297 (0.011)]l_bij: 5.8002e+01 l_orth: 5.6136e+01 l_align: 5.8421e+01 l_total: 1.7256e+02 
2026-06-24 16:37:44,639 INFO: [brain..][epoch:  3, iter:  19,000, lr:(3.250e-04,3.250e-04,)][eta: 0:22:02, time (data): 0.297 (0.011)]l_bij: 5.3760e+01 l_orth: 5.2282e+01 l_align: 6.3060e+01 l_total: 1.6910e+02 
2026-06-24 16:37:50,904 INFO: [brain..][epoch:  3, iter:  19,020, lr:(3.250e-04,3.250e-04,)][eta: 0:21:58, time (data): 0.299 (0.011)]l_bij: 5.9909e+01 l_orth: 5.7198e+01 l_align: 5.7525e+01 l_total: 1.7463e+02 
2026-06-24 16:37:56,979 INFO: [brain..][epoch:  3, iter:  19,040, lr:(3.250e-04,3.250e-04,)][eta: 0:21:53, time (data): 0.300 (0.011)]l_bij: 6.1984e+01 l_orth: 5.8284e+01 l_align: 5.3234e+01 l_total: 1.7350e+02 
2026-06-24 16:38:02,870 INFO: [brain..][epoch:  3, iter:  19,060, lr:(3.250e-04,3.250e-04,)][eta: 0:21:49, time (data): 0.299 (0.011)]l_bij: 5.9668e+01 l_orth: 5.6514e+01 l_align: 5.2411e+01 l_total: 1.6859e+02 
2026-06-24 16:38:08,884 INFO: [brain..][epoch:  3, iter:  19,080, lr:(3.250e-04,3.250e-04,)][eta: 0:21:45, time (data): 0.299 (0.011)]l_bij: 4.5497e+01 l_orth: 4.3618e+01 l_align: 7.3014e+01 l_total: 1.6213e+02 
2026-06-24 16:38:14,338 INFO: [brain..][epoch:  3, iter:  19,100, lr:(3.250e-04,3.250e-04,)][eta: 0:21:40, time (data): 0.271 (0.012)]l_bij: 5.3301e+01 l_orth: 5.1273e+01 l_align: 6.3994e+01 l_total: 1.6857e+02 
2026-06-24 16:38:20,134 INFO: [brain..][epoch:  3, iter:  19,120, lr:(3.250e-04,3.250e-04,)][eta: 0:21:36, time (data): 0.286 (0.012)]l_bij: 5.7053e+01 l_orth: 5.6478e+01 l_align: 5.8128e+01 l_total: 1.7166e+02 
2026-06-24 16:38:25,674 INFO: [brain..][epoch:  3, iter:  19,140, lr:(3.250e-04,3.250e-04,)][eta: 0:21:31, time (data): 0.282 (0.012)]l_bij: 5.9297e+01 l_orth: 5.7635e+01 l_align: 5.3013e+01 l_total: 1.6994e+02 
2026-06-24 16:38:31,349 INFO: [brain..][epoch:  3, iter:  19,160, lr:(3.250e-04,3.250e-04,)][eta: 0:21:26, time (data): 0.282 (0.012)]l_bij: 5.7635e+01 l_orth: 5.5318e+01 l_align: 6.0127e+01 l_total: 1.7308e+02 
2026-06-24 16:38:36,647 INFO: [brain..][epoch:  3, iter:  19,180, lr:(3.250e-04,3.250e-04,)][eta: 0:21:22, time (data): 0.278 (0.012)]l_bij: 5.5020e+01 l_orth: 5.2145e+01 l_align: 6.1242e+01 l_total: 1.6841e+02 
2026-06-24 16:38:41,681 INFO: [brain..][epoch:  3, iter:  19,200, lr:(3.250e-04,3.250e-04,)][eta: 0:21:17, time (data): 0.273 (0.012)]l_bij: 4.7176e+01 l_orth: 4.7134e+01 l_align: 6.9087e+01 l_total: 1.6340e+02 
2026-06-24 16:38:46,803 INFO: [brain..][epoch:  3, iter:  19,220, lr:(3.250e-04,3.250e-04,)][eta: 0:21:13, time (data): 0.270 (0.012)]l_bij: 6.3554e+01 l_orth: 5.9360e+01 l_align: 5.4327e+01 l_total: 1.7724e+02 
2026-06-24 16:38:51,766 INFO: [brain..][epoch:  3, iter:  19,240, lr:(3.250e-04,3.250e-04,)][eta: 0:21:08, time (data): 0.267 (0.012)]l_bij: 5.6378e+01 l_orth: 5.3420e+01 l_align: 5.7712e+01 l_total: 1.6751e+02 
2026-06-24 16:38:56,752 INFO: [brain..][epoch:  3, iter:  19,260, lr:(3.250e-04,3.250e-04,)][eta: 0:21:03, time (data): 0.265 (0.012)]l_bij: 6.4859e+01 l_orth: 6.2447e+01 l_align: 5.0615e+01 l_total: 1.7792e+02 
2026-06-24 16:39:01,934 INFO: [brain..][epoch:  3, iter:  19,280, lr:(3.250e-04,3.250e-04,)][eta: 0:20:59, time (data): 0.264 (0.011)]l_bij: 4.3890e+01 l_orth: 4.4434e+01 l_align: 7.2828e+01 l_total: 1.6115e+02 
2026-06-24 16:39:06,994 INFO: [brain..][epoch:  3, iter:  19,300, lr:(3.250e-04,3.250e-04,)][eta: 0:20:54, time (data): 0.267 (0.011)]l_bij: 6.6834e+01 l_orth: 6.3149e+01 l_align: 4.9333e+01 l_total: 1.7932e+02 
2026-06-24 16:39:12,017 INFO: [brain..][epoch:  3, iter:  19,320, lr:(3.250e-04,3.250e-04,)][eta: 0:20:49, time (data): 0.254 (0.011)]l_bij: 5.9540e+01 l_orth: 5.7204e+01 l_align: 5.5139e+01 l_total: 1.7188e+02 
2026-06-24 16:39:16,948 INFO: [brain..][epoch:  3, iter:  19,340, lr:(3.250e-04,3.250e-04,)][eta: 0:20:44, time (data): 0.250 (0.011)]l_bij: 7.2896e+01 l_orth: 6.8860e+01 l_align: 4.4679e+01 l_total: 1.8644e+02 
2026-06-24 16:39:21,920 INFO: [brain..][epoch:  3, iter:  19,360, lr:(3.250e-04,3.250e-04,)][eta: 0:20:40, time (data): 0.250 (0.011)]l_bij: 4.8812e+01 l_orth: 5.0101e+01 l_align: 6.8530e+01 l_total: 1.6744e+02 
2026-06-24 16:39:26,888 INFO: [brain..][epoch:  3, iter:  19,380, lr:(3.250e-04,3.250e-04,)][eta: 0:20:35, time (data): 0.249 (0.011)]l_bij: 4.9969e+01 l_orth: 4.8142e+01 l_align: 6.7258e+01 l_total: 1.6537e+02 
2026-06-24 16:39:31,911 INFO: [brain..][epoch:  3, iter:  19,400, lr:(3.250e-04,3.250e-04,)][eta: 0:20:30, time (data): 0.250 (0.011)]l_bij: 5.5795e+01 l_orth: 5.4092e+01 l_align: 6.1442e+01 l_total: 1.7133e+02 
2026-06-24 16:39:36,990 INFO: [brain..][epoch:  3, iter:  19,420, lr:(3.250e-04,3.250e-04,)][eta: 0:20:26, time (data): 0.250 (0.011)]l_bij: 5.4674e+01 l_orth: 5.1924e+01 l_align: 6.3252e+01 l_total: 1.6985e+02 
2026-06-24 16:39:41,873 INFO: [brain..][epoch:  3, iter:  19,440, lr:(3.250e-04,3.250e-04,)][eta: 0:20:21, time (data): 0.249 (0.011)]l_bij: 5.0417e+01 l_orth: 4.9207e+01 l_align: 6.6453e+01 l_total: 1.6608e+02 
2026-06-24 16:39:46,835 INFO: [brain..][epoch:  3, iter:  19,460, lr:(3.250e-04,3.250e-04,)][eta: 0:20:16, time (data): 0.249 (0.011)]l_bij: 5.2762e+01 l_orth: 5.1497e+01 l_align: 6.3428e+01 l_total: 1.6769e+02 
2026-06-24 16:39:51,802 INFO: [brain..][epoch:  3, iter:  19,480, lr:(3.250e-04,3.250e-04,)][eta: 0:20:11, time (data): 0.249 (0.011)]l_bij: 4.9634e+01 l_orth: 5.0152e+01 l_align: 6.8207e+01 l_total: 1.6799e+02 
2026-06-24 16:39:57,128 INFO: [brain..][epoch:  3, iter:  19,500, lr:(3.250e-04,3.250e-04,)][eta: 0:20:07, time (data): 0.283 (0.010)]l_bij: 4.5986e+01 l_orth: 4.4481e+01 l_align: 7.1843e+01 l_total: 1.6231e+02 
2026-06-24 16:40:02,422 INFO: [brain..][epoch:  3, iter:  19,520, lr:(3.250e-04,3.250e-04,)][eta: 0:20:02, time (data): 0.267 (0.010)]l_bij: 5.9275e+01 l_orth: 5.6275e+01 l_align: 5.5031e+01 l_total: 1.7058e+02 
2026-06-24 16:40:07,617 INFO: [brain..][epoch:  3, iter:  19,540, lr:(3.250e-04,3.250e-04,)][eta: 0:19:58, time (data): 0.263 (0.010)]l_bij: 5.8186e+01 l_orth: 5.4836e+01 l_align: 5.6286e+01 l_total: 1.6931e+02 
2026-06-24 16:40:13,043 INFO: [brain..][epoch:  3, iter:  19,560, lr:(3.250e-04,3.250e-04,)][eta: 0:19:53, time (data): 0.266 (0.010)]l_bij: 5.6208e+01 l_orth: 5.4022e+01 l_align: 6.0385e+01 l_total: 1.7062e+02 
2026-06-24 16:40:18,355 INFO: [brain..][epoch:  3, iter:  19,580, lr:(3.250e-04,3.250e-04,)][eta: 0:19:48, time (data): 0.266 (0.010)]l_bij: 5.1052e+01 l_orth: 4.9402e+01 l_align: 6.3408e+01 l_total: 1.6386e+02 
2026-06-24 16:40:23,706 INFO: [brain..][epoch:  3, iter:  19,600, lr:(3.250e-04,3.250e-04,)][eta: 0:19:44, time (data): 0.266 (0.010)]l_bij: 5.0069e+01 l_orth: 4.7602e+01 l_align: 6.8432e+01 l_total: 1.6610e+02 
2026-06-24 16:40:29,089 INFO: [brain..][epoch:  3, iter:  19,620, lr:(3.250e-04,3.250e-04,)][eta: 0:19:39, time (data): 0.267 (0.010)]l_bij: 4.9185e+01 l_orth: 4.7370e+01 l_align: 6.6045e+01 l_total: 1.6260e+02 
2026-06-24 16:40:34,500 INFO: [brain..][epoch:  3, iter:  19,640, lr:(3.250e-04,3.250e-04,)][eta: 0:19:35, time (data): 0.267 (0.010)]l_bij: 6.9230e+01 l_orth: 6.5760e+01 l_align: 4.7622e+01 l_total: 1.8261e+02 
2026-06-24 16:40:39,878 INFO: [brain..][epoch:  3, iter:  19,660, lr:(3.250e-04,3.250e-04,)][eta: 0:19:30, time (data): 0.267 (0.010)]l_bij: 4.6993e+01 l_orth: 4.6307e+01 l_align: 7.0898e+01 l_total: 1.6420e+02 
2026-06-24 16:40:45,283 INFO: [brain..][epoch:  3, iter:  19,680, lr:(3.250e-04,3.250e-04,)][eta: 0:19:25, time (data): 0.268 (0.010)]l_bij: 5.4061e+01 l_orth: 5.1497e+01 l_align: 6.4394e+01 l_total: 1.6995e+02 
2026-06-24 16:40:50,745 INFO: [brain..][epoch:  3, iter:  19,700, lr:(3.250e-04,3.250e-04,)][eta: 0:19:21, time (data): 0.259 (0.011)]l_bij: 4.8072e+01 l_orth: 4.6443e+01 l_align: 6.7372e+01 l_total: 1.6189e+02 
2026-06-24 16:40:56,178 INFO: [brain..][epoch:  3, iter:  19,720, lr:(3.250e-04,3.250e-04,)][eta: 0:19:16, time (data): 0.270 (0.010)]l_bij: 6.3792e+01 l_orth: 6.0085e+01 l_align: 5.0995e+01 l_total: 1.7487e+02 
2026-06-24 16:41:01,538 INFO: [brain..][epoch:  3, iter:  19,740, lr:(3.250e-04,3.250e-04,)][eta: 0:19:11, time (data): 0.269 (0.010)]l_bij: 5.1459e+01 l_orth: 5.1282e+01 l_align: 6.5050e+01 l_total: 1.6779e+02 
2026-06-24 16:41:06,862 INFO: [brain..][epoch:  3, iter:  19,760, lr:(3.250e-04,3.250e-04,)][eta: 0:19:07, time (data): 0.268 (0.010)]l_bij: 4.4211e+01 l_orth: 4.2779e+01 l_align: 7.4277e+01 l_total: 1.6127e+02 
2026-06-24 16:41:12,218 INFO: [brain..][epoch:  3, iter:  19,780, lr:(3.250e-04,3.250e-04,)][eta: 0:19:02, time (data): 0.268 (0.010)]l_bij: 4.5663e+01 l_orth: 4.5747e+01 l_align: 7.2517e+01 l_total: 1.6393e+02 
2026-06-24 16:41:17,614 INFO: [brain..][epoch:  3, iter:  19,800, lr:(3.250e-04,3.250e-04,)][eta: 0:18:58, time (data): 0.268 (0.010)]l_bij: 5.6075e+01 l_orth: 5.3386e+01 l_align: 5.9247e+01 l_total: 1.6871e+02 
2026-06-24 16:41:23,089 INFO: [brain..][epoch:  3, iter:  19,820, lr:(3.250e-04,3.250e-04,)][eta: 0:18:53, time (data): 0.269 (0.010)]l_bij: 5.4372e+01 l_orth: 5.1954e+01 l_align: 6.1426e+01 l_total: 1.6775e+02 
2026-06-24 16:41:28,410 INFO: [brain..][epoch:  3, iter:  19,840, lr:(3.250e-04,3.250e-04,)][eta: 0:18:48, time (data): 0.269 (0.010)]l_bij: 5.4842e+01 l_orth: 5.3109e+01 l_align: 5.8394e+01 l_total: 1.6634e+02 
2026-06-24 16:41:33,838 INFO: [brain..][epoch:  3, iter:  19,860, lr:(3.250e-04,3.250e-04,)][eta: 0:18:44, time (data): 0.269 (0.010)]l_bij: 5.8614e+01 l_orth: 5.6827e+01 l_align: 5.6047e+01 l_total: 1.7149e+02 
2026-06-24 16:41:39,211 INFO: [brain..][epoch:  3, iter:  19,880, lr:(3.250e-04,3.250e-04,)][eta: 0:18:39, time (data): 0.269 (0.010)]l_bij: 4.4132e+01 l_orth: 4.5764e+01 l_align: 7.2901e+01 l_total: 1.6280e+02 
2026-06-24 16:41:44,591 INFO: [brain..][epoch:  3, iter:  19,900, lr:(3.250e-04,3.250e-04,)][eta: 0:18:34, time (data): 0.300 (0.009)]l_bij: 4.4883e+01 l_orth: 4.4426e+01 l_align: 6.8851e+01 l_total: 1.5816e+02 
2026-06-24 16:41:49,933 INFO: [brain..][epoch:  3, iter:  19,920, lr:(3.250e-04,3.250e-04,)][eta: 0:18:30, time (data): 0.268 (0.010)]l_bij: 7.0007e+01 l_orth: 6.6878e+01 l_align: 4.4874e+01 l_total: 1.8176e+02 
2026-06-24 16:41:55,204 INFO: [brain..][epoch:  3, iter:  19,940, lr:(3.250e-04,3.250e-04,)][eta: 0:18:25, time (data): 0.266 (0.010)]l_bij: 4.9816e+01 l_orth: 4.8327e+01 l_align: 6.8040e+01 l_total: 1.6618e+02 
2026-06-24 16:42:00,645 INFO: [brain..][epoch:  3, iter:  19,960, lr:(3.250e-04,3.250e-04,)][eta: 0:18:21, time (data): 0.268 (0.010)]l_bij: 4.3473e+01 l_orth: 4.3389e+01 l_align: 7.4483e+01 l_total: 1.6134e+02 
2026-06-24 16:42:05,975 INFO: [brain..][epoch:  3, iter:  19,980, lr:(3.250e-04,3.250e-04,)][eta: 0:18:16, time (data): 0.267 (0.010)]l_bij: 4.5231e+01 l_orth: 4.3929e+01 l_align: 7.2615e+01 l_total: 1.6178e+02 
2026-06-24 16:42:11,270 INFO: [brain..][epoch:  3, iter:  20,000, lr:(3.250e-04,3.250e-04,)][eta: 0:18:11, time (data): 0.267 (0.010)]l_bij: 4.8721e+01 l_orth: 4.7930e+01 l_align: 6.7504e+01 l_total: 1.6415e+02 
2026-06-24 16:42:11,271 INFO: Saving models and training states.
2026-06-24 16:42:11,298 INFO: Start validation.
2026-06-24 16:42:22,524 INFO: Avg time: 0.0955
2026-06-24 16:42:22,527 INFO: [ONB diag] max|Q-I|: mean=3.8141e-01 max=3.9867e-01 | max|Φ̃ᵀMΦ̃-I|: mean=5.1128e-07 max=5.9605e-07
2026-06-24 16:42:27,872 INFO: [brain..][epoch:  3, iter:  20,020, lr:(3.250e-04,3.250e-04,)][eta: 0:18:09, time (data): 0.267 (0.010)]l_bij: 4.3804e+01 l_orth: 4.2475e+01 l_align: 7.0966e+01 l_total: 1.5725e+02 
2026-06-24 16:42:33,258 INFO: [brain..][epoch:  3, iter:  20,040, lr:(3.250e-04,3.250e-04,)][eta: 0:18:04, time (data): 0.267 (0.010)]l_bij: 4.8319e+01 l_orth: 4.7649e+01 l_align: 6.7163e+01 l_total: 1.6313e+02 
2026-06-24 16:42:38,621 INFO: [brain..][epoch:  3, iter:  20,060, lr:(3.250e-04,3.250e-04,)][eta: 0:18:00, time (data): 0.267 (0.010)]l_bij: 5.3617e+01 l_orth: 5.1405e+01 l_align: 6.2250e+01 l_total: 1.6727e+02 
2026-06-24 16:42:44,024 INFO: [brain..][epoch:  3, iter:  20,080, lr:(3.250e-04,3.250e-04,)][eta: 0:17:55, time (data): 0.268 (0.010)]l_bij: 6.4781e+01 l_orth: 6.0564e+01 l_align: 5.1643e+01 l_total: 1.7699e+02 
2026-06-24 16:42:49,269 INFO: [brain..][epoch:  3, iter:  20,100, lr:(3.250e-04,3.250e-04,)][eta: 0:17:50, time (data): 0.267 (0.010)]l_bij: 4.5839e+01 l_orth: 4.5655e+01 l_align: 6.9467e+01 l_total: 1.6096e+02 
2026-06-24 16:42:54,650 INFO: [brain..][epoch:  3, iter:  20,120, lr:(3.250e-04,3.250e-04,)][eta: 0:17:46, time (data): 0.269 (0.011)]l_bij: 4.8818e+01 l_orth: 4.6594e+01 l_align: 6.7077e+01 l_total: 1.6249e+02 
2026-06-24 16:42:59,991 INFO: [brain..][epoch:  3, iter:  20,140, lr:(3.250e-04,3.250e-04,)][eta: 0:17:41, time (data): 0.268 (0.010)]l_bij: 5.0447e+01 l_orth: 4.9431e+01 l_align: 6.4745e+01 l_total: 1.6462e+02 
2026-06-24 16:43:05,364 INFO: [brain..][epoch:  3, iter:  20,160, lr:(3.250e-04,3.250e-04,)][eta: 0:17:36, time (data): 0.268 (0.010)]l_bij: 5.6802e+01 l_orth: 5.4365e+01 l_align: 5.8614e+01 l_total: 1.6978e+02 
2026-06-24 16:43:10,768 INFO: [brain..][epoch:  3, iter:  20,180, lr:(3.250e-04,3.250e-04,)][eta: 0:17:32, time (data): 0.268 (0.010)]l_bij: 5.4838e+01 l_orth: 5.1752e+01 l_align: 6.1005e+01 l_total: 1.6759e+02 
2026-06-24 16:43:16,076 INFO: [brain..][epoch:  3, iter:  20,200, lr:(3.250e-04,3.250e-04,)][eta: 0:17:27, time (data): 0.268 (0.010)]l_bij: 5.1708e+01 l_orth: 5.0837e+01 l_align: 6.3724e+01 l_total: 1.6627e+02 
2026-06-24 16:43:21,450 INFO: [brain..][epoch:  3, iter:  20,220, lr:(3.250e-04,3.250e-04,)][eta: 0:17:22, time (data): 0.268 (0.010)]l_bij: 5.9141e+01 l_orth: 5.5619e+01 l_align: 5.3851e+01 l_total: 1.6861e+02 
2026-06-24 16:43:26,734 INFO: [brain..][epoch:  3, iter:  20,240, lr:(3.250e-04,3.250e-04,)][eta: 0:17:18, time (data): 0.267 (0.010)]l_bij: 4.3243e+01 l_orth: 4.2842e+01 l_align: 7.3545e+01 l_total: 1.5963e+02 
2026-06-24 16:43:32,132 INFO: [brain..][epoch:  3, iter:  20,260, lr:(3.250e-04,3.250e-04,)][eta: 0:17:13, time (data): 0.268 (0.010)]l_bij: 6.6781e+01 l_orth: 6.3734e+01 l_align: 4.6299e+01 l_total: 1.7681e+02 
2026-06-24 16:43:37,433 INFO: [brain..][epoch:  3, iter:  20,280, lr:(3.250e-04,3.250e-04,)][eta: 0:17:08, time (data): 0.267 (0.010)]l_bij: 5.5386e+01 l_orth: 5.4645e+01 l_align: 6.1846e+01 l_total: 1.7188e+02 
2026-06-24 16:43:42,813 INFO: [brain..][epoch:  3, iter:  20,300, lr:(3.250e-04,3.250e-04,)][eta: 0:17:04, time (data): 0.267 (0.010)]l_bij: 5.6791e+01 l_orth: 5.5971e+01 l_align: 5.9649e+01 l_total: 1.7241e+02 
2026-06-24 16:43:48,241 INFO: [brain..][epoch:  3, iter:  20,320, lr:(3.250e-04,3.250e-04,)][eta: 0:16:59, time (data): 0.270 (0.010)]l_bij: 5.9483e+01 l_orth: 5.7107e+01 l_align: 5.7394e+01 l_total: 1.7398e+02 
2026-06-24 16:43:53,706 INFO: [brain..][epoch:  3, iter:  20,340, lr:(3.250e-04,3.250e-04,)][eta: 0:16:54, time (data): 0.272 (0.010)]l_bij: 5.3858e+01 l_orth: 5.1649e+01 l_align: 6.2836e+01 l_total: 1.6834e+02 
2026-06-24 16:43:59,045 INFO: [brain..][epoch:  3, iter:  20,360, lr:(3.250e-04,3.250e-04,)][eta: 0:16:50, time (data): 0.270 (0.010)]l_bij: 6.1404e+01 l_orth: 5.8620e+01 l_align: 5.5511e+01 l_total: 1.7553e+02 
2026-06-24 16:44:04,506 INFO: [brain..][epoch:  3, iter:  20,380, lr:(3.250e-04,3.250e-04,)][eta: 0:16:45, time (data): 0.271 (0.010)]l_bij: 5.4301e+01 l_orth: 5.2701e+01 l_align: 6.0877e+01 l_total: 1.6788e+02 
2026-06-24 16:44:09,590 INFO: [brain..][epoch:  3, iter:  20,400, lr:(3.250e-04,3.250e-04,)][eta: 0:16:40, time (data): 0.267 (0.010)]l_bij: 6.9705e+01 l_orth: 6.5694e+01 l_align: 4.6851e+01 l_total: 1.8225e+02 
2026-06-24 16:44:14,517 INFO: [brain..][epoch:  3, iter:  20,420, lr:(3.250e-04,3.250e-04,)][eta: 0:16:36, time (data): 0.264 (0.010)]l_bij: 5.5916e+01 l_orth: 5.3554e+01 l_align: 5.6173e+01 l_total: 1.6564e+02 
2026-06-24 16:44:19,397 INFO: [brain..][epoch:  3, iter:  20,440, lr:(3.250e-04,3.250e-04,)][eta: 0:16:31, time (data): 0.261 (0.010)]l_bij: 5.4650e+01 l_orth: 5.3051e+01 l_align: 6.2134e+01 l_total: 1.6984e+02 
2026-06-24 16:44:24,347 INFO: [brain..][epoch:  3, iter:  20,460, lr:(3.250e-04,3.250e-04,)][eta: 0:16:26, time (data): 0.259 (0.010)]l_bij: 4.4841e+01 l_orth: 4.3176e+01 l_align: 7.0989e+01 l_total: 1.5901e+02 
2026-06-24 16:44:29,271 INFO: [brain..][epoch:  3, iter:  20,480, lr:(3.250e-04,3.250e-04,)][eta: 0:16:21, time (data): 0.258 (0.010)]l_bij: 5.8619e+01 l_orth: 5.6419e+01 l_align: 5.5146e+01 l_total: 1.7018e+02 
2026-06-24 16:44:34,211 INFO: [brain..][epoch:  3, iter:  20,500, lr:(3.250e-04,3.250e-04,)][eta: 0:16:16, time (data): 0.257 (0.010)]l_bij: 5.0171e+01 l_orth: 4.7562e+01 l_align: 6.2975e+01 l_total: 1.6071e+02 
2026-06-24 16:44:39,064 INFO: [brain..][epoch:  3, iter:  20,520, lr:(3.250e-04,3.250e-04,)][eta: 0:16:12, time (data): 0.244 (0.011)]l_bij: 6.7723e+01 l_orth: 6.3772e+01 l_align: 4.7851e+01 l_total: 1.7935e+02 
2026-06-24 16:44:43,990 INFO: [brain..][epoch:  3, iter:  20,540, lr:(3.250e-04,3.250e-04,)][eta: 0:16:07, time (data): 0.245 (0.011)]l_bij: 5.2470e+01 l_orth: 4.9936e+01 l_align: 6.4416e+01 l_total: 1.6682e+02 
2026-06-24 16:44:48,960 INFO: [brain..][epoch:  3, iter:  20,560, lr:(3.250e-04,3.250e-04,)][eta: 0:16:02, time (data): 0.246 (0.011)]l_bij: 4.9247e+01 l_orth: 5.0662e+01 l_align: 6.9111e+01 l_total: 1.6902e+02 
2026-06-24 16:44:53,897 INFO: [brain..][epoch:  3, iter:  20,580, lr:(3.250e-04,3.250e-04,)][eta: 0:15:57, time (data): 0.246 (0.011)]l_bij: 6.6699e+01 l_orth: 6.4698e+01 l_align: 4.9509e+01 l_total: 1.8091e+02 
2026-06-24 16:44:58,844 INFO: [brain..][epoch:  3, iter:  20,600, lr:(3.250e-04,3.250e-04,)][eta: 0:15:53, time (data): 0.246 (0.011)]l_bij: 6.3808e+01 l_orth: 6.1150e+01 l_align: 5.0076e+01 l_total: 1.7503e+02 
2026-06-24 16:45:03,864 INFO: [brain..][epoch:  3, iter:  20,620, lr:(3.250e-04,3.250e-04,)][eta: 0:15:48, time (data): 0.247 (0.011)]l_bij: 5.1121e+01 l_orth: 5.0023e+01 l_align: 6.6116e+01 l_total: 1.6726e+02 
2026-06-24 16:45:08,871 INFO: [brain..][epoch:  3, iter:  20,640, lr:(3.250e-04,3.250e-04,)][eta: 0:15:43, time (data): 0.248 (0.011)]l_bij: 5.6005e+01 l_orth: 5.2279e+01 l_align: 5.9616e+01 l_total: 1.6790e+02 
2026-06-24 16:45:13,872 INFO: [brain..][epoch:  3, iter:  20,660, lr:(3.250e-04,3.250e-04,)][eta: 0:15:38, time (data): 0.248 (0.011)]l_bij: 4.6791e+01 l_orth: 4.7717e+01 l_align: 7.2100e+01 l_total: 1.6661e+02 
2026-06-24 16:45:18,769 INFO: [brain..][epoch:  3, iter:  20,680, lr:(3.250e-04,3.250e-04,)][eta: 0:15:33, time (data): 0.247 (0.011)]l_bij: 6.8505e+01 l_orth: 6.4390e+01 l_align: 4.6479e+01 l_total: 1.7937e+02 
2026-06-24 16:45:23,815 INFO: [brain..][epoch:  3, iter:  20,700, lr:(3.250e-04,3.250e-04,)][eta: 0:15:29, time (data): 0.248 (0.011)]l_bij: 4.7769e+01 l_orth: 4.8786e+01 l_align: 7.0085e+01 l_total: 1.6664e+02 
2026-06-24 16:45:28,734 INFO: [brain..][epoch:  3, iter:  20,720, lr:(3.250e-04,3.250e-04,)][eta: 0:15:24, time (data): 0.244 (0.011)]l_bij: 5.3079e+01 l_orth: 5.5899e+01 l_align: 6.4773e+01 l_total: 1.7375e+02 
2026-06-24 16:45:33,672 INFO: [brain..][epoch:  3, iter:  20,740, lr:(3.250e-04,3.250e-04,)][eta: 0:15:19, time (data): 0.245 (0.011)]l_bij: 4.7146e+01 l_orth: 4.6224e+01 l_align: 7.1488e+01 l_total: 1.6486e+02 
2026-06-24 16:45:38,639 INFO: [brain..][epoch:  3, iter:  20,760, lr:(3.250e-04,3.250e-04,)][eta: 0:15:14, time (data): 0.246 (0.011)]l_bij: 5.4891e+01 l_orth: 5.2259e+01 l_align: 6.1418e+01 l_total: 1.6857e+02 
2026-06-24 16:45:43,607 INFO: [brain..][epoch:  3, iter:  20,780, lr:(3.250e-04,3.250e-04,)][eta: 0:15:10, time (data): 0.247 (0.011)]l_bij: 4.3453e+01 l_orth: 4.2276e+01 l_align: 6.9738e+01 l_total: 1.5547e+02 
2026-06-24 16:45:48,835 INFO: [brain..][epoch:  3, iter:  20,800, lr:(3.250e-04,3.250e-04,)][eta: 0:15:05, time (data): 0.250 (0.011)]l_bij: 4.8076e+01 l_orth: 4.6573e+01 l_align: 6.6613e+01 l_total: 1.6126e+02 
2026-06-24 16:45:54,449 INFO: [brain..][epoch:  3, iter:  20,820, lr:(3.250e-04,3.250e-04,)][eta: 0:15:00, time (data): 0.255 (0.011)]l_bij: 6.3925e+01 l_orth: 6.0820e+01 l_align: 5.2856e+01 l_total: 1.7760e+02 
2026-06-24 16:45:59,758 INFO: [brain..][epoch:  3, iter:  20,840, lr:(3.250e-04,3.250e-04,)][eta: 0:14:55, time (data): 0.256 (0.011)]l_bij: 5.8376e+01 l_orth: 5.6765e+01 l_align: 5.7906e+01 l_total: 1.7305e+02 
2026-06-24 16:46:05,103 INFO: [brain..][epoch:  3, iter:  20,860, lr:(3.250e-04,3.250e-04,)][eta: 0:14:51, time (data): 0.258 (0.011)]l_bij: 5.2487e+01 l_orth: 5.0637e+01 l_align: 6.2568e+01 l_total: 1.6569e+02 
2026-06-24 16:46:10,519 INFO: [brain..][epoch:  3, iter:  20,880, lr:(3.250e-04,3.250e-04,)][eta: 0:14:46, time (data): 0.259 (0.011)]l_bij: 7.0346e+01 l_orth: 6.6748e+01 l_align: 4.3302e+01 l_total: 1.8040e+02 
2026-06-24 16:46:15,938 INFO: [brain..][epoch:  3, iter:  20,900, lr:(3.250e-04,3.250e-04,)][eta: 0:14:41, time (data): 0.260 (0.011)]l_bij: 5.5188e+01 l_orth: 5.1535e+01 l_align: 6.0980e+01 l_total: 1.6770e+02 
2026-06-24 16:46:21,346 INFO: [brain..][epoch:  3, iter:  20,920, lr:(3.250e-04,3.250e-04,)][eta: 0:14:37, time (data): 0.269 (0.010)]l_bij: 5.5092e+01 l_orth: 5.3321e+01 l_align: 6.0557e+01 l_total: 1.6897e+02 
2026-06-24 16:46:26,712 INFO: [brain..][epoch:  3, iter:  20,940, lr:(3.250e-04,3.250e-04,)][eta: 0:14:32, time (data): 0.269 (0.010)]l_bij: 4.8557e+01 l_orth: 4.6639e+01 l_align: 6.7427e+01 l_total: 1.6262e+02 
2026-06-24 16:46:32,056 INFO: [brain..][epoch:  3, iter:  20,960, lr:(3.250e-04,3.250e-04,)][eta: 0:14:27, time (data): 0.268 (0.010)]l_bij: 5.8552e+01 l_orth: 5.5910e+01 l_align: 5.5489e+01 l_total: 1.6995e+02 
2026-06-24 16:46:37,470 INFO: [brain..][epoch:  3, iter:  20,980, lr:(3.250e-04,3.250e-04,)][eta: 0:14:23, time (data): 0.269 (0.010)]l_bij: 4.5981e+01 l_orth: 4.4361e+01 l_align: 7.0182e+01 l_total: 1.6052e+02 
2026-06-24 16:46:42,879 INFO: [brain..][epoch:  3, iter:  21,000, lr:(3.250e-04,3.250e-04,)][eta: 0:14:18, time (data): 0.269 (0.010)]l_bij: 4.9986e+01 l_orth: 4.8956e+01 l_align: 6.7329e+01 l_total: 1.6627e+02 
2026-06-24 16:46:48,216 INFO: [brain..][epoch:  3, iter:  21,020, lr:(3.250e-04,3.250e-04,)][eta: 0:14:13, time (data): 0.269 (0.010)]l_bij: 5.0291e+01 l_orth: 4.8896e+01 l_align: 6.5427e+01 l_total: 1.6461e+02 
2026-06-24 16:46:53,556 INFO: [brain..][epoch:  3, iter:  21,040, lr:(3.250e-04,3.250e-04,)][eta: 0:14:08, time (data): 0.268 (0.010)]l_bij: 4.7833e+01 l_orth: 4.6653e+01 l_align: 6.7348e+01 l_total: 1.6183e+02 
2026-06-24 16:46:58,943 INFO: [brain..][epoch:  3, iter:  21,060, lr:(3.250e-04,3.250e-04,)][eta: 0:14:04, time (data): 0.268 (0.010)]l_bij: 5.4290e+01 l_orth: 5.2183e+01 l_align: 6.2407e+01 l_total: 1.6888e+02 
2026-06-24 16:47:04,981 INFO: [brain..][epoch:  3, iter:  21,080, lr:(3.250e-04,3.250e-04,)][eta: 0:13:59, time (data): 0.272 (0.010)]l_bij: 6.4780e+01 l_orth: 6.1835e+01 l_align: 5.0043e+01 l_total: 1.7666e+02 
2026-06-24 16:47:11,143 INFO: [brain..][epoch:  3, iter:  21,100, lr:(3.250e-04,3.250e-04,)][eta: 0:13:54, time (data): 0.276 (0.010)]l_bij: 5.8192e+01 l_orth: 5.5148e+01 l_align: 5.7705e+01 l_total: 1.7104e+02 
2026-06-24 16:47:16,976 INFO: [brain..][epoch:  3, iter:  21,120, lr:(3.250e-04,3.250e-04,)][eta: 0:13:50, time (data): 0.297 (0.010)]l_bij: 5.0414e+01 l_orth: 5.1030e+01 l_align: 6.7024e+01 l_total: 1.6847e+02 
2026-06-24 16:47:22,871 INFO: [brain..][epoch:  3, iter:  21,140, lr:(3.250e-04,3.250e-04,)][eta: 0:13:45, time (data): 0.296 (0.011)]l_bij: 3.9442e+01 l_orth: 3.9483e+01 l_align: 7.4338e+01 l_total: 1.5326e+02 
2026-06-24 16:47:28,675 INFO: [brain..][epoch:  3, iter:  21,160, lr:(3.250e-04,3.250e-04,)][eta: 0:13:41, time (data): 0.294 (0.011)]l_bij: 5.9724e+01 l_orth: 5.6874e+01 l_align: 5.5388e+01 l_total: 1.7199e+02 
2026-06-24 16:47:34,543 INFO: [brain..][epoch:  3, iter:  21,180, lr:(3.250e-04,3.250e-04,)][eta: 0:13:36, time (data): 0.293 (0.011)]l_bij: 5.5260e+01 l_orth: 5.3872e+01 l_align: 5.9108e+01 l_total: 1.6824e+02 
2026-06-24 16:47:40,425 INFO: [brain..][epoch:  3, iter:  21,200, lr:(3.250e-04,3.250e-04,)][eta: 0:13:31, time (data): 0.294 (0.011)]l_bij: 6.5120e+01 l_orth: 6.1465e+01 l_align: 4.9332e+01 l_total: 1.7592e+02 
2026-06-24 16:47:46,335 INFO: [brain..][epoch:  3, iter:  21,220, lr:(3.250e-04,3.250e-04,)][eta: 0:13:27, time (data): 0.294 (0.011)]l_bij: 5.2618e+01 l_orth: 4.9787e+01 l_align: 6.3309e+01 l_total: 1.6571e+02 
2026-06-24 16:47:52,236 INFO: [brain..][epoch:  3, iter:  21,240, lr:(3.250e-04,3.250e-04,)][eta: 0:13:22, time (data): 0.294 (0.011)]l_bij: 5.7206e+01 l_orth: 5.6101e+01 l_align: 5.7078e+01 l_total: 1.7039e+02 
2026-06-24 16:47:58,156 INFO: [brain..][epoch:  3, iter:  21,260, lr:(3.250e-04,3.250e-04,)][eta: 0:13:17, time (data): 0.294 (0.011)]l_bij: 3.5513e+01 l_orth: 3.9427e+01 l_align: 8.3519e+01 l_total: 1.5846e+02 
2026-06-24 16:48:04,045 INFO: [brain..][epoch:  3, iter:  21,280, lr:(3.250e-04,3.250e-04,)][eta: 0:13:13, time (data): 0.294 (0.011)]l_bij: 6.2926e+01 l_orth: 6.0904e+01 l_align: 5.3721e+01 l_total: 1.7755e+02 
2026-06-24 16:48:10,234 INFO: [brain..][epoch:  3, iter:  21,300, lr:(3.250e-04,3.250e-04,)][eta: 0:13:08, time (data): 0.296 (0.011)]l_bij: 5.4731e+01 l_orth: 5.3085e+01 l_align: 6.2598e+01 l_total: 1.7041e+02 
2026-06-24 16:48:16,109 INFO: [brain..][epoch:  3, iter:  21,320, lr:(3.250e-04,3.250e-04,)][eta: 0:13:03, time (data): 0.296 (0.011)]l_bij: 5.5735e+01 l_orth: 5.3590e+01 l_align: 5.6071e+01 l_total: 1.6540e+02 
2026-06-24 16:48:21,926 INFO: [brain..][epoch:  3, iter:  21,340, lr:(3.250e-04,3.250e-04,)][eta: 0:12:59, time (data): 0.293 (0.011)]l_bij: 5.1532e+01 l_orth: 4.9150e+01 l_align: 6.4657e+01 l_total: 1.6534e+02 
2026-06-24 16:48:27,800 INFO: [brain..][epoch:  3, iter:  21,360, lr:(3.250e-04,3.250e-04,)][eta: 0:12:54, time (data): 0.293 (0.011)]l_bij: 4.9342e+01 l_orth: 4.9055e+01 l_align: 6.5876e+01 l_total: 1.6427e+02 
2026-06-24 16:48:33,650 INFO: [brain..][epoch:  3, iter:  21,380, lr:(3.250e-04,3.250e-04,)][eta: 0:12:49, time (data): 0.293 (0.011)]l_bij: 5.2239e+01 l_orth: 4.9504e+01 l_align: 6.3793e+01 l_total: 1.6554e+02 
2026-06-24 16:48:39,690 INFO: [brain..][epoch:  3, iter:  21,400, lr:(3.250e-04,3.250e-04,)][eta: 0:12:45, time (data): 0.295 (0.011)]l_bij: 6.6657e+01 l_orth: 6.3375e+01 l_align: 4.9809e+01 l_total: 1.7984e+02 
2026-06-24 16:48:45,320 INFO: [brain..][epoch:  3, iter:  21,420, lr:(3.250e-04,3.250e-04,)][eta: 0:12:40, time (data): 0.292 (0.011)]l_bij: 4.7839e+01 l_orth: 4.7392e+01 l_align: 6.6994e+01 l_total: 1.6222e+02 
2026-06-24 16:48:50,679 INFO: [brain..][epoch:  3, iter:  21,440, lr:(3.250e-04,3.250e-04,)][eta: 0:12:35, time (data): 0.289 (0.011)]l_bij: 5.6457e+01 l_orth: 5.3506e+01 l_align: 5.6565e+01 l_total: 1.6653e+02 
2026-06-24 16:48:56,046 INFO: [brain..][epoch:  3, iter:  21,460, lr:(3.250e-04,3.250e-04,)][eta: 0:12:30, time (data): 0.286 (0.011)]l_bij: 4.2838e+01 l_orth: 4.2358e+01 l_align: 7.3039e+01 l_total: 1.5824e+02 
2026-06-24 16:49:01,370 INFO: [brain..][epoch:  3, iter:  21,480, lr:(3.250e-04,3.250e-04,)][eta: 0:12:26, time (data): 0.284 (0.011)]l_bij: 6.3655e+01 l_orth: 6.0561e+01 l_align: 5.0683e+01 l_total: 1.7490e+02 
2026-06-24 16:49:06,738 INFO: [brain..][epoch:  3, iter:  21,500, lr:(3.250e-04,3.250e-04,)][eta: 0:12:21, time (data): 0.282 (0.011)]l_bij: 4.3830e+01 l_orth: 4.4900e+01 l_align: 7.1250e+01 l_total: 1.5998e+02 
2026-06-24 16:49:12,147 INFO: [brain..][epoch:  3, iter:  21,520, lr:(3.250e-04,3.250e-04,)][eta: 0:12:16, time (data): 0.272 (0.010)]l_bij: 5.9187e+01 l_orth: 5.5865e+01 l_align: 5.6984e+01 l_total: 1.7204e+02 
2026-06-24 16:49:17,493 INFO: [brain..][epoch:  3, iter:  21,540, lr:(3.250e-04,3.250e-04,)][eta: 0:12:11, time (data): 0.269 (0.010)]l_bij: 4.4048e+01 l_orth: 4.4818e+01 l_align: 7.2349e+01 l_total: 1.6122e+02 
2026-06-24 16:49:22,783 INFO: [brain..][epoch:  3, iter:  21,560, lr:(3.250e-04,3.250e-04,)][eta: 0:12:07, time (data): 0.267 (0.010)]l_bij: 5.2323e+01 l_orth: 4.9166e+01 l_align: 6.2748e+01 l_total: 1.6424e+02 
2026-06-24 16:49:28,096 INFO: [brain..][epoch:  3, iter:  21,580, lr:(3.250e-04,3.250e-04,)][eta: 0:12:02, time (data): 0.267 (0.010)]l_bij: 6.3850e+01 l_orth: 6.0038e+01 l_align: 5.3012e+01 l_total: 1.7690e+02 
2026-06-24 16:49:33,490 INFO: [brain..][epoch:  3, iter:  21,600, lr:(3.250e-04,3.250e-04,)][eta: 0:11:57, time (data): 0.267 (0.010)]l_bij: 6.1989e+01 l_orth: 5.8172e+01 l_align: 5.4453e+01 l_total: 1.7461e+02 
2026-06-24 16:49:38,813 INFO: [brain..][epoch:  3, iter:  21,620, lr:(3.250e-04,3.250e-04,)][eta: 0:11:52, time (data): 0.267 (0.010)]l_bij: 5.3520e+01 l_orth: 5.3628e+01 l_align: 6.2298e+01 l_total: 1.6945e+02 
2026-06-24 16:49:44,226 INFO: [brain..][epoch:  3, iter:  21,640, lr:(3.250e-04,3.250e-04,)][eta: 0:11:48, time (data): 0.268 (0.010)]l_bij: 5.6664e+01 l_orth: 5.4068e+01 l_align: 5.8679e+01 l_total: 1.6941e+02 
2026-06-24 16:49:49,529 INFO: [brain..][epoch:  3, iter:  21,660, lr:(3.250e-04,3.250e-04,)][eta: 0:11:43, time (data): 0.267 (0.010)]l_bij: 5.7340e+01 l_orth: 5.4455e+01 l_align: 5.7623e+01 l_total: 1.6942e+02 
2026-06-24 16:49:54,860 INFO: [brain..][epoch:  3, iter:  21,680, lr:(3.250e-04,3.250e-04,)][eta: 0:11:38, time (data): 0.267 (0.010)]l_bij: 4.3999e+01 l_orth: 4.4571e+01 l_align: 7.5210e+01 l_total: 1.6378e+02 
2026-06-24 16:50:00,330 INFO: [brain..][epoch:  3, iter:  21,700, lr:(3.250e-04,3.250e-04,)][eta: 0:11:33, time (data): 0.268 (0.010)]l_bij: 4.5171e+01 l_orth: 4.3997e+01 l_align: 7.3113e+01 l_total: 1.6228e+02 
2026-06-24 16:50:05,443 INFO: [brain..][epoch:  3, iter:  21,720, lr:(3.250e-04,3.250e-04,)][eta: 0:11:29, time (data): 0.248 (0.011)]l_bij: 6.0529e+01 l_orth: 5.7354e+01 l_align: 5.3007e+01 l_total: 1.7089e+02 
2026-06-24 16:50:10,397 INFO: [brain..][epoch:  3, iter:  21,740, lr:(3.250e-04,3.250e-04,)][eta: 0:11:24, time (data): 0.248 (0.011)]l_bij: 4.6375e+01 l_orth: 4.8043e+01 l_align: 7.1166e+01 l_total: 1.6559e+02 
2026-06-24 16:50:15,390 INFO: [brain..][epoch:  3, iter:  21,760, lr:(3.250e-04,3.250e-04,)][eta: 0:11:19, time (data): 0.248 (0.011)]l_bij: 4.7975e+01 l_orth: 4.6054e+01 l_align: 6.6754e+01 l_total: 1.6078e+02 
2026-06-24 16:50:20,344 INFO: [brain..][epoch:  3, iter:  21,780, lr:(3.250e-04,3.250e-04,)][eta: 0:11:14, time (data): 0.248 (0.011)]l_bij: 6.0468e+01 l_orth: 5.7188e+01 l_align: 5.5374e+01 l_total: 1.7303e+02 
2026-06-24 16:50:25,198 INFO: [brain..][epoch:  3, iter:  21,800, lr:(3.250e-04,3.250e-04,)][eta: 0:11:09, time (data): 0.247 (0.011)]l_bij: 4.9409e+01 l_orth: 4.8224e+01 l_align: 6.5077e+01 l_total: 1.6271e+02 
2026-06-24 16:50:30,193 INFO: [brain..][epoch:  3, iter:  21,820, lr:(3.250e-04,3.250e-04,)][eta: 0:11:04, time (data): 0.247 (0.011)]l_bij: 5.9320e+01 l_orth: 5.6086e+01 l_align: 5.7576e+01 l_total: 1.7298e+02 
2026-06-24 16:50:35,180 INFO: [brain..][epoch:  3, iter:  21,840, lr:(3.250e-04,3.250e-04,)][eta: 0:11:00, time (data): 0.248 (0.011)]l_bij: 4.9668e+01 l_orth: 4.7631e+01 l_align: 6.4360e+01 l_total: 1.6166e+02 
2026-06-24 16:50:40,035 INFO: [brain..][epoch:  3, iter:  21,860, lr:(3.250e-04,3.250e-04,)][eta: 0:10:55, time (data): 0.247 (0.011)]l_bij: 5.9086e+01 l_orth: 5.6096e+01 l_align: 5.4701e+01 l_total: 1.6988e+02 
2026-06-24 16:50:45,015 INFO: [brain..][epoch:  3, iter:  21,880, lr:(3.250e-04,3.250e-04,)][eta: 0:10:50, time (data): 0.247 (0.011)]l_bij: 5.3716e+01 l_orth: 5.3295e+01 l_align: 6.5176e+01 l_total: 1.7219e+02 
2026-06-24 16:50:49,932 INFO: [brain..][epoch:  3, iter:  21,900, lr:(3.250e-04,3.250e-04,)][eta: 0:10:45, time (data): 0.247 (0.011)]l_bij: 4.7736e+01 l_orth: 4.6435e+01 l_align: 6.6637e+01 l_total: 1.6081e+02 
2026-06-24 16:50:54,971 INFO: [brain..][epoch:  3, iter:  21,920, lr:(3.250e-04,3.250e-04,)][eta: 0:10:40, time (data): 0.250 (0.011)]l_bij: 5.0260e+01 l_orth: 4.8891e+01 l_align: 6.6988e+01 l_total: 1.6614e+02 
2026-06-24 16:50:59,939 INFO: [brain..][epoch:  3, iter:  21,940, lr:(3.250e-04,3.250e-04,)][eta: 0:10:35, time (data): 0.249 (0.011)]l_bij: 5.0316e+01 l_orth: 4.9488e+01 l_align: 6.4285e+01 l_total: 1.6409e+02 
2026-06-24 16:51:04,823 INFO: [brain..][epoch:  3, iter:  21,960, lr:(3.250e-04,3.250e-04,)][eta: 0:10:31, time (data): 0.247 (0.011)]l_bij: 5.9818e+01 l_orth: 5.6802e+01 l_align: 5.5695e+01 l_total: 1.7231e+02 
2026-06-24 16:51:10,087 INFO: [brain..][epoch:  3, iter:  21,980, lr:(3.250e-04,3.250e-04,)][eta: 0:10:26, time (data): 0.251 (0.011)]l_bij: 6.4252e+01 l_orth: 6.0369e+01 l_align: 5.3719e+01 l_total: 1.7834e+02 
2026-06-24 16:51:15,086 INFO: [brain..][epoch:  3, iter:  22,000, lr:(3.250e-04,3.250e-04,)][eta: 0:10:21, time (data): 0.251 (0.011)]l_bij: 4.4316e+01 l_orth: 4.4041e+01 l_align: 7.0503e+01 l_total: 1.5886e+02 
2026-06-24 16:51:15,088 INFO: Saving models and training states.
2026-06-24 16:51:15,121 INFO: Start validation.
2026-06-24 16:51:23,771 INFO: Avg time: 0.0799
2026-06-24 16:51:23,774 INFO: [ONB diag] max|Q-I|: mean=3.9598e-01 max=4.2779e-01 | max|Φ̃ᵀMΦ̃-I|: mean=5.5896e-07 max=6.5565e-07
2026-06-24 16:51:28,631 INFO: [brain..][epoch:  3, iter:  22,020, lr:(3.250e-04,3.250e-04,)][eta: 0:10:17, time (data): 0.249 (0.011)]l_bij: 6.9922e+01 l_orth: 6.6437e+01 l_align: 4.5662e+01 l_total: 1.8202e+02 
2026-06-24 16:51:33,530 INFO: [brain..][epoch:  3, iter:  22,040, lr:(3.250e-04,3.250e-04,)][eta: 0:10:12, time (data): 0.249 (0.011)]l_bij: 5.2270e+01 l_orth: 5.1387e+01 l_align: 6.2830e+01 l_total: 1.6649e+02 
2026-06-24 16:51:38,350 INFO: [brain..][epoch:  3, iter:  22,060, lr:(3.250e-04,3.250e-04,)][eta: 0:10:08, time (data): 0.248 (0.011)]l_bij: 6.8879e+01 l_orth: 6.9464e+01 l_align: 4.8330e+01 l_total: 1.8667e+02 
2026-06-24 16:51:43,237 INFO: [brain..][epoch:  3, iter:  22,080, lr:(3.250e-04,3.250e-04,)][eta: 0:10:03, time (data): 0.247 (0.011)]l_bij: 4.5006e+01 l_orth: 4.6247e+01 l_align: 7.3493e+01 l_total: 1.6475e+02 
2026-06-24 16:51:48,478 INFO: [brain..][epoch:  3, iter:  22,100, lr:(3.250e-04,3.250e-04,)][eta: 0:09:58, time (data): 0.249 (0.011)]l_bij: 6.3586e+01 l_orth: 6.1894e+01 l_align: 5.1529e+01 l_total: 1.7701e+02 
2026-06-24 16:51:53,837 INFO: [brain..][epoch:  3, iter:  22,120, lr:(3.250e-04,3.250e-04,)][eta: 0:09:53, time (data): 0.268 (0.010)]l_bij: 4.9192e+01 l_orth: 4.7787e+01 l_align: 6.5950e+01 l_total: 1.6293e+02 
2026-06-24 16:51:59,202 INFO: [brain..][epoch:  3, iter:  22,140, lr:(3.250e-04,3.250e-04,)][eta: 0:09:48, time (data): 0.268 (0.010)]l_bij: 5.7804e+01 l_orth: 5.4224e+01 l_align: 5.8416e+01 l_total: 1.7044e+02 
2026-06-24 16:52:04,617 INFO: [brain..][epoch:  3, iter:  22,160, lr:(3.250e-04,3.250e-04,)][eta: 0:09:44, time (data): 0.269 (0.010)]l_bij: 4.3060e+01 l_orth: 4.1737e+01 l_align: 7.1696e+01 l_total: 1.5649e+02 
2026-06-24 16:52:10,191 INFO: [brain..][epoch:  3, iter:  22,180, lr:(3.250e-04,3.250e-04,)][eta: 0:09:39, time (data): 0.272 (0.010)]l_bij: 5.7526e+01 l_orth: 5.5662e+01 l_align: 5.7000e+01 l_total: 1.7019e+02 
2026-06-24 16:52:15,556 INFO: [brain..][epoch:  3, iter:  22,200, lr:(3.250e-04,3.250e-04,)][eta: 0:09:34, time (data): 0.271 (0.010)]l_bij: 6.1234e+01 l_orth: 5.8314e+01 l_align: 5.1880e+01 l_total: 1.7143e+02 
2026-06-24 16:52:20,914 INFO: [brain..][epoch:  3, iter:  22,220, lr:(3.250e-04,3.250e-04,)][eta: 0:09:29, time (data): 0.270 (0.010)]l_bij: 4.5906e+01 l_orth: 4.5911e+01 l_align: 7.0311e+01 l_total: 1.6213e+02 
2026-06-24 16:52:26,327 INFO: [brain..][epoch:  3, iter:  22,240, lr:(3.250e-04,3.250e-04,)][eta: 0:09:24, time (data): 0.270 (0.010)]l_bij: 4.9975e+01 l_orth: 4.9801e+01 l_align: 6.4639e+01 l_total: 1.6441e+02 
2026-06-24 16:52:31,606 INFO: [brain..][epoch:  3, iter:  22,260, lr:(3.250e-04,3.250e-04,)][eta: 0:09:20, time (data): 0.269 (0.010)]l_bij: 4.2804e+01 l_orth: 4.1913e+01 l_align: 7.1537e+01 l_total: 1.5625e+02 
2026-06-24 16:52:36,980 INFO: [brain..][epoch:  3, iter:  22,280, lr:(3.250e-04,3.250e-04,)][eta: 0:09:15, time (data): 0.269 (0.010)]l_bij: 5.5748e+01 l_orth: 5.3572e+01 l_align: 5.7468e+01 l_total: 1.6679e+02 
2026-06-24 16:52:42,334 INFO: [brain..][epoch:  3, iter:  22,300, lr:(3.250e-04,3.250e-04,)][eta: 0:09:10, time (data): 0.269 (0.010)]l_bij: 4.5653e+01 l_orth: 4.6573e+01 l_align: 7.1273e+01 l_total: 1.6350e+02 
2026-06-24 16:52:47,742 INFO: [brain..][epoch:  3, iter:  22,320, lr:(3.250e-04,3.250e-04,)][eta: 0:09:05, time (data): 0.272 (0.010)]l_bij: 4.8648e+01 l_orth: 4.7301e+01 l_align: 6.4588e+01 l_total: 1.6054e+02 
2026-06-24 16:52:53,245 INFO: [brain..][epoch:  3, iter:  22,340, lr:(3.250e-04,3.250e-04,)][eta: 0:09:00, time (data): 0.274 (0.011)]l_bij: 4.0001e+01 l_orth: 4.1322e+01 l_align: 7.4005e+01 l_total: 1.5533e+02 
2026-06-24 16:52:58,647 INFO: [brain..][epoch:  3, iter:  22,360, lr:(3.250e-04,3.250e-04,)][eta: 0:08:56, time (data): 0.272 (0.011)]l_bij: 4.5351e+01 l_orth: 4.3504e+01 l_align: 7.0573e+01 l_total: 1.5943e+02 
2026-06-24 16:53:04,035 INFO: [brain..][epoch:  3, iter:  22,380, lr:(3.250e-04,3.250e-04,)][eta: 0:08:51, time (data): 0.271 (0.011)]l_bij: 4.7277e+01 l_orth: 4.6730e+01 l_align: 6.9027e+01 l_total: 1.6303e+02 
2026-06-24 16:53:09,453 INFO: [brain..][epoch:  3, iter:  22,400, lr:(3.250e-04,3.250e-04,)][eta: 0:08:46, time (data): 0.271 (0.010)]l_bij: 5.5213e+01 l_orth: 5.2676e+01 l_align: 5.7881e+01 l_total: 1.6577e+02 
2026-06-24 16:53:14,806 INFO: [brain..][epoch:  3, iter:  22,420, lr:(3.250e-04,3.250e-04,)][eta: 0:08:41, time (data): 0.271 (0.010)]l_bij: 5.4977e+01 l_orth: 5.3196e+01 l_align: 6.0404e+01 l_total: 1.6858e+02 
2026-06-24 16:53:20,189 INFO: [brain..][epoch:  3, iter:  22,440, lr:(3.250e-04,3.250e-04,)][eta: 0:08:36, time (data): 0.270 (0.010)]l_bij: 4.6671e+01 l_orth: 4.6334e+01 l_align: 7.1438e+01 l_total: 1.6444e+02 
2026-06-24 16:53:25,565 INFO: [brain..][epoch:  3, iter:  22,460, lr:(3.250e-04,3.250e-04,)][eta: 0:08:32, time (data): 0.270 (0.010)]l_bij: 4.4761e+01 l_orth: 4.4336e+01 l_align: 7.1351e+01 l_total: 1.6045e+02 
2026-06-24 16:53:30,861 INFO: [brain..][epoch:  3, iter:  22,480, lr:(3.250e-04,3.250e-04,)][eta: 0:08:27, time (data): 0.269 (0.010)]l_bij: 5.6207e+01 l_orth: 5.4146e+01 l_align: 6.0389e+01 l_total: 1.7074e+02 
2026-06-24 16:53:36,206 INFO: [brain..][epoch:  3, iter:  22,500, lr:(3.250e-04,3.250e-04,)][eta: 0:08:22, time (data): 0.269 (0.010)]l_bij: 5.0727e+01 l_orth: 4.8385e+01 l_align: 6.2289e+01 l_total: 1.6140e+02 
2026-06-24 16:53:41,569 INFO: [brain..][epoch:  3, iter:  22,520, lr:(3.250e-04,3.250e-04,)][eta: 0:08:17, time (data): 0.268 (0.011)]l_bij: 4.7907e+01 l_orth: 4.9126e+01 l_align: 6.8748e+01 l_total: 1.6578e+02 
2026-06-24 16:53:47,007 INFO: [brain..][epoch:  3, iter:  22,540, lr:(3.250e-04,3.250e-04,)][eta: 0:08:12, time (data): 0.271 (0.011)]l_bij: 5.1308e+01 l_orth: 5.1277e+01 l_align: 6.2353e+01 l_total: 1.6494e+02 
2026-06-24 16:53:52,376 INFO: [brain..][epoch:  3, iter:  22,560, lr:(3.250e-04,3.250e-04,)][eta: 0:08:07, time (data): 0.270 (0.011)]l_bij: 6.8193e+01 l_orth: 6.4964e+01 l_align: 4.8989e+01 l_total: 1.8215e+02 
2026-06-24 16:53:57,803 INFO: [brain..][epoch:  3, iter:  22,580, lr:(3.250e-04,3.250e-04,)][eta: 0:08:03, time (data): 0.270 (0.010)]l_bij: 6.2770e+01 l_orth: 5.9432e+01 l_align: 5.4852e+01 l_total: 1.7705e+02 
2026-06-24 16:54:03,251 INFO: [brain..][epoch:  3, iter:  22,600, lr:(3.250e-04,3.250e-04,)][eta: 0:07:58, time (data): 0.271 (0.010)]l_bij: 6.6612e+01 l_orth: 6.3742e+01 l_align: 4.9076e+01 l_total: 1.7943e+02 
2026-06-24 16:54:08,669 INFO: [brain..][epoch:  3, iter:  22,620, lr:(3.250e-04,3.250e-04,)][eta: 0:07:53, time (data): 0.271 (0.010)]l_bij: 5.0751e+01 l_orth: 4.8526e+01 l_align: 6.2942e+01 l_total: 1.6222e+02 
2026-06-24 16:54:14,045 INFO: [brain..][epoch:  3, iter:  22,640, lr:(3.250e-04,3.250e-04,)][eta: 0:07:48, time (data): 0.270 (0.010)]l_bij: 4.2505e+01 l_orth: 4.3319e+01 l_align: 7.4507e+01 l_total: 1.6033e+02 
2026-06-24 16:54:19,360 INFO: [brain..][epoch:  3, iter:  22,660, lr:(3.250e-04,3.250e-04,)][eta: 0:07:43, time (data): 0.270 (0.010)]l_bij: 6.6289e+01 l_orth: 6.2701e+01 l_align: 4.8450e+01 l_total: 1.7744e+02 
2026-06-24 16:54:24,692 INFO: [brain..][epoch:  3, iter:  22,680, lr:(3.250e-04,3.250e-04,)][eta: 0:07:39, time (data): 0.269 (0.010)]l_bij: 4.3903e+01 l_orth: 4.4890e+01 l_align: 7.2668e+01 l_total: 1.6146e+02 
2026-06-24 16:54:30,071 INFO: [brain..][epoch:  3, iter:  22,700, lr:(3.250e-04,3.250e-04,)][eta: 0:07:34, time (data): 0.269 (0.010)]l_bij: 6.0188e+01 l_orth: 5.6295e+01 l_align: 5.4028e+01 l_total: 1.7051e+02 
2026-06-24 16:54:35,470 INFO: [brain..][epoch:  3, iter:  22,720, lr:(3.250e-04,3.250e-04,)][eta: 0:07:29, time (data): 0.271 (0.010)]l_bij: 4.9551e+01 l_orth: 4.8637e+01 l_align: 6.5541e+01 l_total: 1.6373e+02 
2026-06-24 16:54:40,805 INFO: [brain..][epoch:  3, iter:  22,740, lr:(3.250e-04,3.250e-04,)][eta: 0:07:24, time (data): 0.268 (0.010)]l_bij: 5.9877e+01 l_orth: 5.7279e+01 l_align: 5.3402e+01 l_total: 1.7056e+02 
2026-06-24 16:54:46,090 INFO: [brain..][epoch:  3, iter:  22,760, lr:(3.250e-04,3.250e-04,)][eta: 0:07:19, time (data): 0.266 (0.010)]l_bij: 5.5975e+01 l_orth: 5.6338e+01 l_align: 5.9481e+01 l_total: 1.7179e+02 
2026-06-24 16:54:51,542 INFO: [brain..][epoch:  3, iter:  22,780, lr:(3.250e-04,3.250e-04,)][eta: 0:07:15, time (data): 0.268 (0.010)]l_bij: 5.4230e+01 l_orth: 5.2664e+01 l_align: 6.0397e+01 l_total: 1.6729e+02 
2026-06-24 16:54:56,918 INFO: [brain..][epoch:  3, iter:  22,800, lr:(3.250e-04,3.250e-04,)][eta: 0:07:10, time (data): 0.268 (0.010)]l_bij: 5.7432e+01 l_orth: 5.4746e+01 l_align: 5.8037e+01 l_total: 1.7022e+02 
2026-06-24 16:55:02,303 INFO: [brain..][epoch:  3, iter:  22,820, lr:(3.250e-04,3.250e-04,)][eta: 0:07:05, time (data): 0.268 (0.010)]l_bij: 6.3625e+01 l_orth: 6.1453e+01 l_align: 5.2485e+01 l_total: 1.7756e+02 
2026-06-24 16:55:07,642 INFO: [brain..][epoch:  3, iter:  22,840, lr:(3.250e-04,3.250e-04,)][eta: 0:07:00, time (data): 0.268 (0.010)]l_bij: 6.1057e+01 l_orth: 5.7416e+01 l_align: 5.4180e+01 l_total: 1.7265e+02 
2026-06-24 16:55:12,977 INFO: [brain..][epoch:  3, iter:  22,860, lr:(3.250e-04,3.250e-04,)][eta: 0:06:55, time (data): 0.268 (0.010)]l_bij: 4.4913e+01 l_orth: 4.3833e+01 l_align: 7.1326e+01 l_total: 1.6007e+02 
2026-06-24 16:55:18,274 INFO: [brain..][epoch:  3, iter:  22,880, lr:(3.250e-04,3.250e-04,)][eta: 0:06:50, time (data): 0.267 (0.010)]l_bij: 4.3443e+01 l_orth: 4.3837e+01 l_align: 7.3240e+01 l_total: 1.6052e+02 
2026-06-24 16:55:23,666 INFO: [brain..][epoch:  3, iter:  22,900, lr:(3.250e-04,3.250e-04,)][eta: 0:06:46, time (data): 0.268 (0.010)]l_bij: 4.9151e+01 l_orth: 4.7670e+01 l_align: 6.6644e+01 l_total: 1.6347e+02 
2026-06-24 16:55:29,050 INFO: [brain..][epoch:  3, iter:  22,920, lr:(3.250e-04,3.250e-04,)][eta: 0:06:41, time (data): 0.272 (0.010)]l_bij: 5.0472e+01 l_orth: 4.7911e+01 l_align: 6.6515e+01 l_total: 1.6490e+02 
2026-06-24 16:55:34,423 INFO: [brain..][epoch:  3, iter:  22,940, lr:(3.250e-04,3.250e-04,)][eta: 0:06:36, time (data): 0.269 (0.010)]l_bij: 4.5931e+01 l_orth: 4.4812e+01 l_align: 7.0103e+01 l_total: 1.6085e+02 
2026-06-24 16:55:39,791 INFO: [brain..][epoch:  3, iter:  22,960, lr:(3.250e-04,3.250e-04,)][eta: 0:06:31, time (data): 0.269 (0.010)]l_bij: 7.0240e+01 l_orth: 6.6186e+01 l_align: 4.6886e+01 l_total: 1.8331e+02 
2026-06-24 16:55:45,129 INFO: [brain..][epoch:  3, iter:  22,980, lr:(3.250e-04,3.250e-04,)][eta: 0:06:26, time (data): 0.268 (0.010)]l_bij: 4.6041e+01 l_orth: 4.7332e+01 l_align: 7.3376e+01 l_total: 1.6675e+02 
2026-06-24 16:55:50,434 INFO: [brain..][epoch:  3, iter:  23,000, lr:(3.250e-04,3.250e-04,)][eta: 0:06:21, time (data): 0.267 (0.010)]l_bij: 4.4957e+01 l_orth: 4.4174e+01 l_align: 6.9504e+01 l_total: 1.5863e+02 
2026-06-24 16:55:55,717 INFO: [brain..][epoch:  3, iter:  23,020, lr:(3.250e-04,3.250e-04,)][eta: 0:06:17, time (data): 0.267 (0.010)]l_bij: 6.0159e+01 l_orth: 5.7710e+01 l_align: 5.2453e+01 l_total: 1.7032e+02 
2026-06-24 16:56:00,714 INFO: [brain..][epoch:  3, iter:  23,040, lr:(3.250e-04,3.250e-04,)][eta: 0:06:12, time (data): 0.264 (0.010)]l_bij: 4.8400e+01 l_orth: 4.7844e+01 l_align: 6.7488e+01 l_total: 1.6373e+02 
2026-06-24 16:56:05,756 INFO: [brain..][epoch:  3, iter:  23,060, lr:(3.250e-04,3.250e-04,)][eta: 0:06:07, time (data): 0.262 (0.010)]l_bij: 5.1330e+01 l_orth: 4.9281e+01 l_align: 6.6221e+01 l_total: 1.6683e+02 
2026-06-24 16:56:10,784 INFO: [brain..][epoch:  3, iter:  23,080, lr:(3.250e-04,3.250e-04,)][eta: 0:06:02, time (data): 0.261 (0.010)]l_bij: 5.3047e+01 l_orth: 5.2462e+01 l_align: 6.3162e+01 l_total: 1.6867e+02 
2026-06-24 16:56:15,650 INFO: [brain..][epoch:  3, iter:  23,100, lr:(3.250e-04,3.250e-04,)][eta: 0:05:57, time (data): 0.259 (0.011)]l_bij: 5.1940e+01 l_orth: 4.9222e+01 l_align: 6.3553e+01 l_total: 1.6471e+02 
2026-06-24 16:56:20,556 INFO: [brain..][epoch:  3, iter:  23,120, lr:(3.250e-04,3.250e-04,)][eta: 0:05:52, time (data): 0.249 (0.010)]l_bij: 6.4420e+01 l_orth: 6.2407e+01 l_align: 4.9880e+01 l_total: 1.7671e+02 
2026-06-24 16:56:25,467 INFO: [brain..][epoch:  3, iter:  23,140, lr:(3.250e-04,3.250e-04,)][eta: 0:05:47, time (data): 0.246 (0.011)]l_bij: 5.3225e+01 l_orth: 5.1028e+01 l_align: 6.1796e+01 l_total: 1.6605e+02 
2026-06-24 16:56:30,420 INFO: [brain..][epoch:  3, iter:  23,160, lr:(3.250e-04,3.250e-04,)][eta: 0:05:42, time (data): 0.247 (0.011)]l_bij: 4.2024e+01 l_orth: 4.1651e+01 l_align: 7.4947e+01 l_total: 1.5862e+02 
2026-06-24 16:56:35,335 INFO: [brain..][epoch:  3, iter:  23,180, lr:(3.250e-04,3.250e-04,)][eta: 0:05:38, time (data): 0.246 (0.011)]l_bij: 5.1112e+01 l_orth: 4.9902e+01 l_align: 6.6872e+01 l_total: 1.6789e+02 
2026-06-24 16:56:40,222 INFO: [brain..][epoch:  3, iter:  23,200, lr:(3.250e-04,3.250e-04,)][eta: 0:05:33, time (data): 0.246 (0.011)]l_bij: 5.1679e+01 l_orth: 4.9781e+01 l_align: 6.2365e+01 l_total: 1.6382e+02 
2026-06-24 16:56:45,177 INFO: [brain..][epoch:  3, iter:  23,220, lr:(3.250e-04,3.250e-04,)][eta: 0:05:28, time (data): 0.246 (0.011)]l_bij: 4.9187e+01 l_orth: 4.8034e+01 l_align: 6.6242e+01 l_total: 1.6346e+02 
2026-06-24 16:56:50,086 INFO: [brain..][epoch:  3, iter:  23,240, lr:(3.250e-04,3.250e-04,)][eta: 0:05:23, time (data): 0.246 (0.011)]l_bij: 5.6970e+01 l_orth: 5.4237e+01 l_align: 5.7218e+01 l_total: 1.6843e+02 
2026-06-24 16:56:55,143 INFO: [brain..][epoch:  3, iter:  23,260, lr:(3.250e-04,3.250e-04,)][eta: 0:05:18, time (data): 0.247 (0.011)]l_bij: 4.9191e+01 l_orth: 4.6741e+01 l_align: 6.5483e+01 l_total: 1.6142e+02 
2026-06-24 16:57:00,140 INFO: [brain..][epoch:  3, iter:  23,280, lr:(3.250e-04,3.250e-04,)][eta: 0:05:13, time (data): 0.247 (0.011)]l_bij: 4.5496e+01 l_orth: 4.5056e+01 l_align: 7.0946e+01 l_total: 1.6150e+02 
2026-06-24 16:57:05,077 INFO: [brain..][epoch:  3, iter:  23,300, lr:(3.250e-04,3.250e-04,)][eta: 0:05:08, time (data): 0.247 (0.011)]l_bij: 5.2902e+01 l_orth: 5.1187e+01 l_align: 6.2525e+01 l_total: 1.6661e+02 
2026-06-24 16:57:10,569 INFO: [brain..][epoch:  3, iter:  23,320, lr:(3.250e-04,3.250e-04,)][eta: 0:05:04, time (data): 0.268 (0.012)]l_bij: 7.1546e+01 l_orth: 6.8898e+01 l_align: 4.5399e+01 l_total: 1.8584e+02 
2026-06-24 16:57:16,352 INFO: [brain..][epoch:  3, iter:  23,340, lr:(3.250e-04,3.250e-04,)][eta: 0:04:59, time (data): 0.285 (0.012)]l_bij: 5.2896e+01 l_orth: 5.0575e+01 l_align: 6.2529e+01 l_total: 1.6600e+02 
2026-06-24 16:57:22,303 INFO: [brain..][epoch:  3, iter:  23,360, lr:(3.250e-04,3.250e-04,)][eta: 0:04:54, time (data): 0.291 (0.012)]l_bij: 5.0493e+01 l_orth: 4.9759e+01 l_align: 6.4482e+01 l_total: 1.6473e+02 
2026-06-24 16:57:28,403 INFO: [brain..][epoch:  3, iter:  23,380, lr:(3.250e-04,3.250e-04,)][eta: 0:04:49, time (data): 0.295 (0.012)]l_bij: 4.4969e+01 l_orth: 4.5492e+01 l_align: 7.0404e+01 l_total: 1.6087e+02 
2026-06-24 16:57:34,024 INFO: [brain..][epoch:  3, iter:  23,400, lr:(3.250e-04,3.250e-04,)][eta: 0:04:44, time (data): 0.292 (0.012)]l_bij: 5.1554e+01 l_orth: 5.0646e+01 l_align: 6.4990e+01 l_total: 1.6719e+02 
2026-06-24 16:57:39,930 INFO: [brain..][epoch:  3, iter:  23,420, lr:(3.250e-04,3.250e-04,)][eta: 0:04:40, time (data): 0.292 (0.012)]l_bij: 4.2437e+01 l_orth: 4.3422e+01 l_align: 7.3348e+01 l_total: 1.5921e+02 
2026-06-24 16:57:45,833 INFO: [brain..][epoch:  3, iter:  23,440, lr:(3.250e-04,3.250e-04,)][eta: 0:04:35, time (data): 0.293 (0.012)]l_bij: 6.3182e+01 l_orth: 5.9061e+01 l_align: 5.4651e+01 l_total: 1.7689e+02 
2026-06-24 16:57:51,563 INFO: [brain..][epoch:  3, iter:  23,460, lr:(3.250e-04,3.250e-04,)][eta: 0:04:30, time (data): 0.292 (0.012)]l_bij: 5.6869e+01 l_orth: 5.4908e+01 l_align: 6.0755e+01 l_total: 1.7253e+02 
2026-06-24 16:57:57,661 INFO: [brain..][epoch:  3, iter:  23,480, lr:(3.250e-04,3.250e-04,)][eta: 0:04:25, time (data): 0.293 (0.012)]l_bij: 5.6260e+01 l_orth: 5.4645e+01 l_align: 6.1064e+01 l_total: 1.7197e+02 
2026-06-24 16:58:03,708 INFO: [brain..][epoch:  3, iter:  23,500, lr:(3.250e-04,3.250e-04,)][eta: 0:04:20, time (data): 0.294 (0.012)]l_bij: 4.8341e+01 l_orth: 4.6727e+01 l_align: 6.9829e+01 l_total: 1.6490e+02 
2026-06-24 16:58:09,551 INFO: [brain..][epoch:  3, iter:  23,520, lr:(3.250e-04,3.250e-04,)][eta: 0:04:15, time (data): 0.297 (0.011)]l_bij: 4.7507e+01 l_orth: 4.5778e+01 l_align: 6.6602e+01 l_total: 1.5989e+02 
2026-06-24 16:58:15,439 INFO: [brain..][epoch:  3, iter:  23,540, lr:(3.250e-04,3.250e-04,)][eta: 0:04:11, time (data): 0.294 (0.011)]l_bij: 5.7801e+01 l_orth: 5.4935e+01 l_align: 5.8991e+01 l_total: 1.7173e+02 
2026-06-24 16:58:21,307 INFO: [brain..][epoch:  3, iter:  23,560, lr:(3.250e-04,3.250e-04,)][eta: 0:04:06, time (data): 0.294 (0.011)]l_bij: 5.2994e+01 l_orth: 5.3894e+01 l_align: 6.3826e+01 l_total: 1.7071e+02 
2026-06-24 16:58:27,284 INFO: [brain..][epoch:  3, iter:  23,580, lr:(3.250e-04,3.250e-04,)][eta: 0:04:01, time (data): 0.295 (0.011)]l_bij: 5.1393e+01 l_orth: 4.9870e+01 l_align: 6.3191e+01 l_total: 1.6445e+02 
2026-06-24 16:58:33,292 INFO: [brain..][epoch:  3, iter:  23,600, lr:(3.250e-04,3.250e-04,)][eta: 0:03:56, time (data): 0.296 (0.011)]l_bij: 4.5590e+01 l_orth: 4.5562e+01 l_align: 7.0025e+01 l_total: 1.6118e+02 
2026-06-24 16:58:39,205 INFO: [brain..][epoch:  3, iter:  23,620, lr:(3.250e-04,3.250e-04,)][eta: 0:03:51, time (data): 0.296 (0.011)]l_bij: 6.0423e+01 l_orth: 5.7304e+01 l_align: 5.5852e+01 l_total: 1.7358e+02 
2026-06-24 16:58:45,266 INFO: [brain..][epoch:  3, iter:  23,640, lr:(3.250e-04,3.250e-04,)][eta: 0:03:46, time (data): 0.297 (0.011)]l_bij: 5.8137e+01 l_orth: 5.4990e+01 l_align: 5.6079e+01 l_total: 1.6921e+02 
2026-06-24 16:58:51,168 INFO: [brain..][epoch:  3, iter:  23,660, lr:(3.250e-04,3.250e-04,)][eta: 0:03:42, time (data): 0.297 (0.011)]l_bij: 6.5010e+01 l_orth: 6.2370e+01 l_align: 5.2915e+01 l_total: 1.8029e+02 
2026-06-24 16:58:56,735 INFO: [brain..][epoch:  3, iter:  23,680, lr:(3.250e-04,3.250e-04,)][eta: 0:03:37, time (data): 0.295 (0.011)]l_bij: 4.3888e+01 l_orth: 4.3241e+01 l_align: 7.3147e+01 l_total: 1.6028e+02 
2026-06-24 16:59:02,036 INFO: [brain..][epoch:  3, iter:  23,700, lr:(3.250e-04,3.250e-04,)][eta: 0:03:32, time (data): 0.291 (0.011)]l_bij: 4.9561e+01 l_orth: 4.8957e+01 l_align: 6.4770e+01 l_total: 1.6329e+02 
2026-06-24 16:59:07,433 INFO: [brain..][epoch:  3, iter:  23,720, lr:(3.250e-04,3.250e-04,)][eta: 0:03:27, time (data): 0.274 (0.010)]l_bij: 4.7000e+01 l_orth: 4.6704e+01 l_align: 6.8079e+01 l_total: 1.6178e+02 
2026-06-24 16:59:12,932 INFO: [brain..][epoch:  3, iter:  23,740, lr:(3.250e-04,3.250e-04,)][eta: 0:03:22, time (data): 0.275 (0.010)]l_bij: 4.7543e+01 l_orth: 4.7156e+01 l_align: 6.9934e+01 l_total: 1.6463e+02 
2026-06-24 16:59:18,365 INFO: [brain..][epoch:  3, iter:  23,760, lr:(3.250e-04,3.250e-04,)][eta: 0:03:17, time (data): 0.273 (0.010)]l_bij: 5.1586e+01 l_orth: 4.9551e+01 l_align: 6.5331e+01 l_total: 1.6647e+02 
2026-06-24 16:59:23,646 INFO: [brain..][epoch:  3, iter:  23,780, lr:(3.250e-04,3.250e-04,)][eta: 0:03:12, time (data): 0.270 (0.010)]l_bij: 5.8210e+01 l_orth: 5.5159e+01 l_align: 5.6223e+01 l_total: 1.6959e+02 
2026-06-24 16:59:28,854 INFO: [brain..][epoch:  3, iter:  23,800, lr:(3.250e-04,3.250e-04,)][eta: 0:03:07, time (data): 0.268 (0.010)]l_bij: 4.8206e+01 l_orth: 4.6842e+01 l_align: 6.8351e+01 l_total: 1.6340e+02 
2026-06-24 16:59:33,880 INFO: [brain..][epoch:  3, iter:  23,820, lr:(3.250e-04,3.250e-04,)][eta: 0:03:03, time (data): 0.264 (0.010)]l_bij: 4.5602e+01 l_orth: 4.5558e+01 l_align: 6.8337e+01 l_total: 1.5950e+02 
2026-06-24 16:59:38,892 INFO: [brain..][epoch:  3, iter:  23,840, lr:(3.250e-04,3.250e-04,)][eta: 0:02:58, time (data): 0.262 (0.011)]l_bij: 4.8430e+01 l_orth: 4.6600e+01 l_align: 6.9263e+01 l_total: 1.6429e+02 
2026-06-24 16:59:43,794 INFO: [brain..][epoch:  3, iter:  23,860, lr:(3.250e-04,3.250e-04,)][eta: 0:02:53, time (data): 0.260 (0.011)]l_bij: 5.2242e+01 l_orth: 4.9429e+01 l_align: 6.3863e+01 l_total: 1.6553e+02 
2026-06-24 16:59:48,732 INFO: [brain..][epoch:  3, iter:  23,880, lr:(3.250e-04,3.250e-04,)][eta: 0:02:48, time (data): 0.258 (0.011)]l_bij: 4.5894e+01 l_orth: 4.5838e+01 l_align: 6.8250e+01 l_total: 1.5998e+02 
2026-06-24 16:59:53,684 INFO: [brain..][epoch:  3, iter:  23,900, lr:(3.250e-04,3.250e-04,)][eta: 0:02:43, time (data): 0.257 (0.011)]l_bij: 5.4413e+01 l_orth: 5.1555e+01 l_align: 5.9086e+01 l_total: 1.6505e+02 
2026-06-24 16:59:58,704 INFO: [brain..][epoch:  3, iter:  23,920, lr:(3.250e-04,3.250e-04,)][eta: 0:02:38, time (data): 0.230 (0.017)]l_bij: 5.2391e+01 l_orth: 4.9388e+01 l_align: 6.5902e+01 l_total: 1.6768e+02 
2026-06-24 17:00:03,709 INFO: [brain..][epoch:  3, iter:  23,940, lr:(3.250e-04,3.250e-04,)][eta: 0:02:33, time (data): 0.249 (0.011)]l_bij: 5.5943e+01 l_orth: 5.2933e+01 l_align: 5.7433e+01 l_total: 1.6631e+02 
2026-06-24 17:00:08,643 INFO: [brain..][epoch:  3, iter:  23,960, lr:(3.250e-04,3.250e-04,)][eta: 0:02:28, time (data): 0.248 (0.011)]l_bij: 4.4603e+01 l_orth: 4.3459e+01 l_align: 7.1119e+01 l_total: 1.5918e+02 
2026-06-24 17:00:13,610 INFO: [brain..][epoch:  3, iter:  23,980, lr:(3.250e-04,3.250e-04,)][eta: 0:02:23, time (data): 0.248 (0.011)]l_bij: 4.3777e+01 l_orth: 4.3307e+01 l_align: 7.0151e+01 l_total: 1.5723e+02 
2026-06-24 17:00:18,566 INFO: [brain..][epoch:  3, iter:  24,000, lr:(3.250e-04,3.250e-04,)][eta: 0:02:19, time (data): 0.248 (0.011)]l_bij: 6.0896e+01 l_orth: 5.8463e+01 l_align: 5.2356e+01 l_total: 1.7171e+02 
2026-06-24 17:00:18,567 INFO: Saving models and training states.
2026-06-24 17:00:18,591 INFO: Start validation.
2026-06-24 17:00:27,394 INFO: Avg time: 0.0809
2026-06-24 17:00:27,397 INFO: [ONB diag] max|Q-I|: mean=3.8210e-01 max=4.0072e-01 | max|Φ̃ᵀMΦ̃-I|: mean=6.1327e-07 max=7.1526e-07
2026-06-24 17:00:32,331 INFO: [brain..][epoch:  3, iter:  24,020, lr:(3.250e-04,3.250e-04,)][eta: 0:02:14, time (data): 0.248 (0.011)]l_bij: 3.7946e+01 l_orth: 3.7384e+01 l_align: 7.5688e+01 l_total: 1.5102e+02 
2026-06-24 17:00:37,307 INFO: [brain..][epoch:  3, iter:  24,040, lr:(3.250e-04,3.250e-04,)][eta: 0:02:09, time (data): 0.248 (0.011)]l_bij: 6.3120e+01 l_orth: 6.0082e+01 l_align: 4.9248e+01 l_total: 1.7245e+02 
2026-06-24 17:00:42,163 INFO: [brain..][epoch:  3, iter:  24,060, lr:(3.250e-04,3.250e-04,)][eta: 0:02:04, time (data): 0.247 (0.011)]l_bij: 4.9962e+01 l_orth: 4.7020e+01 l_align: 6.6283e+01 l_total: 1.6327e+02 
2026-06-24 17:00:47,049 INFO: [brain..][epoch:  3, iter:  24,080, lr:(3.250e-04,3.250e-04,)][eta: 0:01:59, time (data): 0.247 (0.011)]l_bij: 4.7605e+01 l_orth: 4.7154e+01 l_align: 7.0170e+01 l_total: 1.6493e+02 
2026-06-24 17:00:51,996 INFO: [brain..][epoch:  3, iter:  24,100, lr:(3.250e-04,3.250e-04,)][eta: 0:01:54, time (data): 0.247 (0.011)]l_bij: 4.7402e+01 l_orth: 4.6141e+01 l_align: 6.8572e+01 l_total: 1.6212e+02 
2026-06-24 17:00:56,957 INFO: [brain..][epoch:  3, iter:  24,120, lr:(3.250e-04,3.250e-04,)][eta: 0:01:49, time (data): 0.247 (0.011)]l_bij: 3.8843e+01 l_orth: 3.9484e+01 l_align: 7.6031e+01 l_total: 1.5436e+02 
2026-06-24 17:01:01,940 INFO: [brain..][epoch:  3, iter:  24,140, lr:(3.250e-04,3.250e-04,)][eta: 0:01:45, time (data): 0.249 (0.012)]l_bij: 4.9370e+01 l_orth: 4.7329e+01 l_align: 6.6532e+01 l_total: 1.6323e+02 
2026-06-24 17:01:06,977 INFO: [brain..][epoch:  3, iter:  24,160, lr:(3.250e-04,3.250e-04,)][eta: 0:01:40, time (data): 0.250 (0.012)]l_bij: 5.0092e+01 l_orth: 4.8190e+01 l_align: 6.4634e+01 l_total: 1.6292e+02 
2026-06-24 17:01:11,548 INFO: [brain..][epoch:  3, iter:  24,180, lr:(3.250e-04,3.250e-04,)][eta: 0:01:35, time (data): 0.243 (0.011)]l_bij: 6.0120e+01 l_orth: 5.7959e+01 l_align: 5.6262e+01 l_total: 1.7434e+02 
2026-06-24 17:01:15,977 INFO: [brain..][epoch:  3, iter:  24,200, lr:(3.250e-04,3.250e-04,)][eta: 0:01:30, time (data): 0.237 (0.011)]l_bij: 5.1265e+01 l_orth: 5.0214e+01 l_align: 6.3028e+01 l_total: 1.6451e+02 
2026-06-24 17:01:20,467 INFO: [brain..][epoch:  3, iter:  24,220, lr:(3.250e-04,3.250e-04,)][eta: 0:01:25, time (data): 0.235 (0.011)]l_bij: 4.7272e+01 l_orth: 4.5325e+01 l_align: 6.9181e+01 l_total: 1.6178e+02 
2026-06-24 17:01:24,828 INFO: [brain..][epoch:  3, iter:  24,240, lr:(3.250e-04,3.250e-04,)][eta: 0:01:20, time (data): 0.232 (0.011)]l_bij: 5.2624e+01 l_orth: 5.0539e+01 l_align: 6.2673e+01 l_total: 1.6584e+02 
2026-06-24 17:01:29,085 INFO: [brain..][epoch:  3, iter:  24,260, lr:(3.250e-04,3.250e-04,)][eta: 0:01:15, time (data): 0.229 (0.011)]l_bij: 5.7233e+01 l_orth: 5.5929e+01 l_align: 5.6292e+01 l_total: 1.6945e+02 
2026-06-24 17:01:33,492 INFO: [brain..][epoch:  3, iter:  24,280, lr:(3.250e-04,3.250e-04,)][eta: 0:01:10, time (data): 0.228 (0.011)]l_bij: 4.4246e+01 l_orth: 4.3606e+01 l_align: 7.0364e+01 l_total: 1.5822e+02 
2026-06-24 17:01:37,938 INFO: [brain..][epoch:  3, iter:  24,300, lr:(3.250e-04,3.250e-04,)][eta: 0:01:05, time (data): 0.227 (0.011)]l_bij: 7.2063e+01 l_orth: 6.8276e+01 l_align: 4.3329e+01 l_total: 1.8367e+02 
2026-06-24 17:01:42,452 INFO: [brain..][epoch:  3, iter:  24,320, lr:(3.250e-04,3.250e-04,)][eta: 0:01:00, time (data): 0.227 (0.011)]l_bij: 5.6921e+01 l_orth: 5.4064e+01 l_align: 5.9032e+01 l_total: 1.7002e+02 
2026-06-24 17:01:46,932 INFO: [brain..][epoch:  3, iter:  24,340, lr:(3.250e-04,3.250e-04,)][eta: 0:00:56, time (data): 0.224 (0.010)]l_bij: 4.8960e+01 l_orth: 4.7682e+01 l_align: 6.7093e+01 l_total: 1.6373e+02 
2026-06-24 17:01:51,344 INFO: [brain..][epoch:  3, iter:  24,360, lr:(3.250e-04,3.250e-04,)][eta: 0:00:51, time (data): 0.222 (0.011)]l_bij: 5.3567e+01 l_orth: 5.1169e+01 l_align: 5.9229e+01 l_total: 1.6396e+02 
2026-06-24 17:01:55,750 INFO: [brain..][epoch:  3, iter:  24,380, lr:(3.250e-04,3.250e-04,)][eta: 0:00:46, time (data): 0.221 (0.011)]l_bij: 4.6794e+01 l_orth: 4.5282e+01 l_align: 6.7823e+01 l_total: 1.5990e+02 
2026-06-24 17:02:00,242 INFO: [brain..][epoch:  3, iter:  24,400, lr:(3.250e-04,3.250e-04,)][eta: 0:00:41, time (data): 0.222 (0.011)]l_bij: 5.4228e+01 l_orth: 5.2163e+01 l_align: 5.9406e+01 l_total: 1.6580e+02 
2026-06-24 17:02:04,724 INFO: [brain..][epoch:  3, iter:  24,420, lr:(3.250e-04,3.250e-04,)][eta: 0:00:36, time (data): 0.223 (0.010)]l_bij: 5.3353e+01 l_orth: 5.0426e+01 l_align: 6.0157e+01 l_total: 1.6393e+02 
2026-06-24 17:02:09,197 INFO: [brain..][epoch:  3, iter:  24,440, lr:(3.250e-04,3.250e-04,)][eta: 0:00:31, time (data): 0.223 (0.011)]l_bij: 4.7179e+01 l_orth: 4.6995e+01 l_align: 6.8337e+01 l_total: 1.6251e+02 
2026-06-24 17:02:13,553 INFO: [brain..][epoch:  3, iter:  24,460, lr:(3.250e-04,3.250e-04,)][eta: 0:00:26, time (data): 0.222 (0.011)]l_bij: 4.2757e+01 l_orth: 4.4533e+01 l_align: 7.5208e+01 l_total: 1.6250e+02 
2026-06-24 17:02:17,896 INFO: [brain..][epoch:  3, iter:  24,480, lr:(3.250e-04,3.250e-04,)][eta: 0:00:21, time (data): 0.221 (0.011)]l_bij: 4.5278e+01 l_orth: 4.3816e+01 l_align: 7.1599e+01 l_total: 1.6069e+02 
2026-06-24 17:02:22,298 INFO: [brain..][epoch:  3, iter:  24,500, lr:(3.250e-04,3.250e-04,)][eta: 0:00:16, time (data): 0.221 (0.011)]l_bij: 5.2487e+01 l_orth: 4.9730e+01 l_align: 6.3751e+01 l_total: 1.6597e+02 
2026-06-24 17:02:26,676 INFO: [brain..][epoch:  3, iter:  24,520, lr:(3.250e-04,3.250e-04,)][eta: 0:00:11, time (data): 0.221 (0.011)]l_bij: 6.0076e+01 l_orth: 5.7154e+01 l_align: 5.3401e+01 l_total: 1.7063e+02 
2026-06-24 17:02:31,027 INFO: [brain..][epoch:  3, iter:  24,540, lr:(3.250e-04,3.250e-04,)][eta: 0:00:07, time (data): 0.218 (0.011)]l_bij: 5.4899e+01 l_orth: 5.2582e+01 l_align: 5.7536e+01 l_total: 1.6502e+02 
2026-06-24 17:02:35,325 INFO: [brain..][epoch:  3, iter:  24,560, lr:(3.250e-04,3.250e-04,)][eta: 0:00:02, time (data): 0.216 (0.011)]l_bij: 4.8418e+01 l_orth: 4.5867e+01 l_align: 6.8445e+01 l_total: 1.6273e+02 
2026-06-24 17:02:37,500 INFO: End of training. Time consumed: 1:40:06
2026-06-24 17:02:37,500 INFO: Last Validation.
2026-06-24 17:02:45,117 INFO: Avg time: 0.0689
2026-06-24 17:02:45,118 INFO: [ONB diag] max|Q-I|: mean=3.9094e-01 max=4.2615e-01 | max|Φ̃ᵀMΦ̃-I|: mean=5.8413e-07 max=7.1526e-07
2026-06-24 17:02:45,119 INFO: Save the best model.
