2026-06-30 09:54:16,415 INFO: 
Version Information: 
	Python: 3.10.20
	PyTorch: 2.3.0+cu121
	TorchVision: 0.18.0+cu121
2026-06-30 09:54:16,416 INFO: 
  backend: dp
  type: ONB_ULRSSM_Model
  num_gpu: 1
  manual_seed: 1234
  non-isometric: False
  partial: False
  path:[
    resume_state: None
    experiments_root: /home/ioana/cortex_project/LearningBasis/DeepShapeMatchingKit/experiments/ulrssm/smal_onb_qreg10
    models: /home/ioana/cortex_project/LearningBasis/DeepShapeMatchingKit/experiments/ulrssm/smal_onb_qreg10/models
    log: /home/ioana/cortex_project/LearningBasis/DeepShapeMatchingKit/experiments/ulrssm/smal_onb_qreg10/log
  ]
  datasets:[
    train_dataset:[
      name: SmalTrain
      type: PairSmalDataset
      phase: train
      data_root: ../data/SMAL_r/
      category: True
      return_evecs: True
      return_faces: True
      num_evecs: 200
      return_corr: False
      return_dist: False
    ]
    test_dataset:[
      name: SmalVal
      type: PairSmalDataset
      phase: test
      data_root: ../data/SMAL_r/
      category: True
      return_evecs: True
      return_faces: True
      num_evecs: 200
      return_corr: True
      return_dist: True
    ]
    batch_size: 1
    num_worker: 1
  ]
  networks:[
    feature_extractor:[
      type: DiffusionNet_B
      in_channels: 3
      out_channels: 256
      input_type: xyz
      augmentation:[
        train:[
          rot_x: 0.0
          rot_y: 90.0
          rot_z: 0.0
        ]
      ]
    ]
    onb_correction:[
      type: CayleyONBCorrection
      feature_dim: 256
      rank: 16
      num_steps: 20
      bypass: False
    ]
    fmap_net:[
      type: FasterRegularizedFMNet
      bidirectional: True
    ]
    permutation:[
      type: Similarity
      tau: 0.07
    ]
  ]
  train:[
    total_epochs: 20
    q_identity_reg_weight: 10.0
    optims:[
      feature_extractor:[
        type: Adam
        lr: 0.001
      ]
      onb_correction:[
        type: Adam
        lr: 0.001
      ]
    ]
    schedulers:[
      feature_extractor:[
        type: CosineAnnealingLR
        eta_min: 0.0001
        T_max: 20
      ]
      onb_correction:[
        type: CosineAnnealingLR
        eta_min: 0.0001
        T_max: 20
      ]
    ]
    losses:[
      surfmnet_loss:[
        type: SURFMNetLoss
        w_bij: 1.0
        w_orth: 1.0
        w_lap: 0.0
      ]
      align_loss:[
        type: SquaredFrobeniusLoss
        loss_weight: 1.0
      ]
    ]
  ]
  val:[
    val_freq: 2000
    metrics:[
      geo_error:[
        type: calculate_geodesic_error
      ]
      plot_pck:[
        type: plot_pck
      ]
    ]
  ]
  logger:[
    print_freq: 20
    save_checkpoint_freq: 2000
  ]
  name: smal_onb_qreg10
  is_train: True
  dist: False
  rank: 0
  world_size: 1
  root_path: /home/ioana/cortex_project/LearningBasis/DeepShapeMatchingKit

2026-06-30 09:54:16,417 INFO: Dataset [PairSmalDataset]-[SmalTrain] is built.
2026-06-30 09:54:16,418 INFO: Dataset [PairSmalDataset]-[SmalVal] is built.
2026-06-30 09:54:16,418 INFO: Training statistics:
	Number of train images: 841
	Dataset enlarge ratio: 1
	Batch size: 1
	World size (gpu number): 1
	Require iter number per epoch: 841
	Total epochs: 20; iters: 16820.
2026-06-30 09:54:16,418 INFO: Validation statistics:
	Number of val images: 400
2026-06-30 09:54:16,429 INFO: Network [DiffusionNet_B] is created.
2026-06-30 09:54:16,433 INFO: Network [CayleyONBCorrection] is created.
2026-06-30 09:54:16,433 INFO: Network [FasterRegularizedFMNet] is created.
2026-06-30 09:54:16,433 INFO: Network [Similarity] is created.
2026-06-30 09:54:16,602 INFO: Network: DiffusionNet_B, with parameters: 494,336
2026-06-30 09:54:16,602 INFO: Network: CayleyONBCorrection, with parameters: 79,872
2026-06-30 09:54:16,603 INFO: Network: FasterRegularizedFMNet, with parameters: 0
2026-06-30 09:54:16,603 INFO: Network: Similarity, with parameters: 0
2026-06-30 09:54:16,603 INFO: Metric [function] is created.
2026-06-30 09:54:16,603 INFO: Metric [function] is created.
2026-06-30 09:54:16,604 INFO: Network fmap_net has no param to optimize. Ignore it.
2026-06-30 09:54:16,604 INFO: Network permutation has no param to optimize. Ignore it.
2026-06-30 09:54:16,605 INFO: Loss [SURFMNetLoss] is created.
2026-06-30 09:54:16,605 INFO: Loss [SquaredFrobeniusLoss] is created.
2026-06-30 09:54:16,610 INFO: Model [ONB_ULRSSM_Model] is created.
2026-06-30 09:54:16,610 INFO: Start training from epoch: 0, iter: 0
2026-06-30 09:54:25,031 INFO: [smal_..][epoch:  1, iter:      20, lr:(1.000e-03,1.000e-03,)][eta: 1:33:11, time (data): 0.421 (0.026)]l_bij: 2.8254e+02 l_orth: 2.7220e+02 l_align: 9.2345e+01 l_qreg: 4.5800e+00 l_total: 6.5167e+02 
2026-06-30 09:54:32,772 INFO: [smal_..][epoch:  1, iter:      40, lr:(1.000e-03,1.000e-03,)][eta: 1:40:28, time (data): 0.404 (0.021)]l_bij: 2.7589e+02 l_orth: 2.6238e+02 l_align: 1.0779e+02 l_qreg: 4.1228e+00 l_total: 6.5018e+02 
2026-06-30 09:54:40,707 INFO: [smal_..][epoch:  1, iter:      60, lr:(1.000e-03,1.000e-03,)][eta: 1:43:47, time (data): 0.401 (0.019)]l_bij: 2.6547e+02 l_orth: 2.5557e+02 l_align: 1.1709e+02 l_qreg: 4.0084e+00 l_total: 6.4215e+02 
2026-06-30 09:54:48,375 INFO: [smal_..][epoch:  1, iter:      80, lr:(1.000e-03,1.000e-03,)][eta: 1:44:28, time (data): 0.397 (0.018)]l_bij: 2.4884e+02 l_orth: 2.3909e+02 l_align: 1.3168e+02 l_qreg: 3.9994e+00 l_total: 6.2362e+02 
2026-06-30 09:54:56,351 INFO: [smal_..][epoch:  1, iter:     100, lr:(1.000e-03,1.000e-03,)][eta: 1:45:41, time (data): 0.397 (0.018)]l_bij: 2.2985e+02 l_orth: 2.2514e+02 l_align: 1.4263e+02 l_qreg: 2.6892e+00 l_total: 6.0031e+02 
2026-06-30 09:55:04,307 INFO: [smal_..][epoch:  1, iter:     120, lr:(1.000e-03,1.000e-03,)][eta: 1:46:25, time (data): 0.397 (0.018)]l_bij: 2.1093e+02 l_orth: 2.0921e+02 l_align: 1.6246e+02 l_qreg: 3.2250e+00 l_total: 5.8582e+02 
2026-06-30 09:55:12,489 INFO: [smal_..][epoch:  1, iter:     140, lr:(1.000e-03,1.000e-03,)][eta: 1:47:20, time (data): 0.399 (0.017)]l_bij: 1.8970e+02 l_orth: 1.8899e+02 l_align: 1.8374e+02 l_qreg: 2.8003e+00 l_total: 5.6522e+02 
2026-06-30 09:55:20,168 INFO: [smal_..][epoch:  1, iter:     160, lr:(1.000e-03,1.000e-03,)][eta: 1:47:08, time (data): 0.397 (0.017)]l_bij: 2.1665e+02 l_orth: 6.5058e+02 l_align: 2.9979e+02 l_qreg: 2.3482e+00 l_total: 1.1694e+03 
2026-06-30 09:55:28,101 INFO: [smal_..][epoch:  1, iter:     180, lr:(1.000e-03,1.000e-03,)][eta: 1:47:20, time (data): 0.397 (0.017)]l_bij: 2.0974e+02 l_orth: 2.1134e+02 l_align: 1.8114e+02 l_qreg: 3.0922e+00 l_total: 6.0531e+02 
2026-06-30 09:55:35,766 INFO: [smal_..][epoch:  1, iter:     200, lr:(1.000e-03,1.000e-03,)][eta: 1:47:06, time (data): 0.396 (0.017)]l_bij: 2.0077e+02 l_orth: 2.0013e+02 l_align: 1.7647e+02 l_qreg: 2.3969e+00 l_total: 5.7976e+02 
2026-06-30 09:55:43,751 INFO: [smal_..][epoch:  1, iter:     220, lr:(1.000e-03,1.000e-03,)][eta: 1:47:17, time (data): 0.400 (0.016)]l_bij: 1.9992e+02 l_orth: 2.1177e+02 l_align: 1.8116e+02 l_qreg: 1.4215e+00 l_total: 5.9427e+02 
2026-06-30 09:55:51,446 INFO: [smal_..][epoch:  1, iter:     240, lr:(1.000e-03,1.000e-03,)][eta: 1:47:05, time (data): 0.392 (0.016)]l_bij: 3.8371e+01 l_orth: 5.0575e+01 l_align: 3.2470e+02 l_qreg: 2.5522e+00 l_total: 4.1620e+02 
2026-06-30 09:55:59,107 INFO: [smal_..][epoch:  1, iter:     260, lr:(1.000e-03,1.000e-03,)][eta: 1:46:52, time (data): 0.389 (0.016)]l_bij: 2.0675e+02 l_orth: 2.0573e+02 l_align: 1.7549e+02 l_qreg: 2.2167e+00 l_total: 5.9019e+02 
2026-06-30 09:56:06,816 INFO: [smal_..][epoch:  1, iter:     280, lr:(1.000e-03,1.000e-03,)][eta: 1:46:42, time (data): 0.388 (0.016)]l_bij: 5.6180e+01 l_orth: 5.7110e+01 l_align: 2.9394e+02 l_qreg: 2.0887e+00 l_total: 4.0932e+02 
2026-06-30 09:56:14,744 INFO: [smal_..][epoch:  1, iter:     300, lr:(1.000e-03,1.000e-03,)][eta: 1:46:44, time (data): 0.390 (0.016)]l_bij: 2.0700e+02 l_orth: 2.0645e+02 l_align: 1.7811e+02 l_qreg: 2.7783e+00 l_total: 5.9434e+02 
2026-06-30 09:56:22,683 INFO: [smal_..][epoch:  1, iter:     320, lr:(1.000e-03,1.000e-03,)][eta: 1:46:46, time (data): 0.391 (0.016)]l_bij: 2.0313e+02 l_orth: 1.9746e+02 l_align: 1.6708e+02 l_qreg: 1.2255e+00 l_total: 5.6889e+02 
2026-06-30 09:56:30,514 INFO: [smal_..][epoch:  1, iter:     340, lr:(1.000e-03,1.000e-03,)][eta: 1:46:41, time (data): 0.391 (0.016)]l_bij: 2.0873e+02 l_orth: 2.0394e+02 l_align: 1.7556e+02 l_qreg: 2.2128e+00 l_total: 5.9044e+02 
2026-06-30 09:56:38,395 INFO: [smal_..][epoch:  1, iter:     360, lr:(1.000e-03,1.000e-03,)][eta: 1:46:39, time (data): 0.391 (0.016)]l_bij: 2.1335e+02 l_orth: 2.1496e+02 l_align: 1.7243e+02 l_qreg: 2.2164e+00 l_total: 6.0296e+02 
2026-06-30 09:56:46,285 INFO: [smal_..][epoch:  1, iter:     380, lr:(1.000e-03,1.000e-03,)][eta: 1:46:36, time (data): 0.392 (0.015)]l_bij: 2.1089e+02 l_orth: 2.0924e+02 l_align: 1.6919e+02 l_qreg: 3.0672e+00 l_total: 5.9238e+02 
2026-06-30 09:56:54,077 INFO: [smal_..][epoch:  1, iter:     400, lr:(1.000e-03,1.000e-03,)][eta: 1:46:28, time (data): 0.391 (0.015)]l_bij: 1.9562e+02 l_orth: 1.9187e+02 l_align: 1.8523e+02 l_qreg: 2.7034e+00 l_total: 5.7543e+02 
2026-06-30 09:57:01,957 INFO: [smal_..][epoch:  1, iter:     420, lr:(1.000e-03,1.000e-03,)][eta: 1:46:24, time (data): 0.393 (0.014)]l_bij: 2.0906e+02 l_orth: 2.0427e+02 l_align: 1.7743e+02 l_qreg: 2.3815e+00 l_total: 5.9314e+02 
2026-06-30 09:57:09,736 INFO: [smal_..][epoch:  1, iter:     440, lr:(1.000e-03,1.000e-03,)][eta: 1:46:16, time (data): 0.391 (0.015)]l_bij: 2.0087e+02 l_orth: 1.9734e+02 l_align: 1.8158e+02 l_qreg: 2.8183e+00 l_total: 5.8261e+02 
2026-06-30 09:57:17,657 INFO: [smal_..][epoch:  1, iter:     460, lr:(1.000e-03,1.000e-03,)][eta: 1:46:13, time (data): 0.392 (0.015)]l_bij: 2.0713e+02 l_orth: 2.0353e+02 l_align: 1.6966e+02 l_qreg: 2.3486e+00 l_total: 5.8267e+02 
2026-06-30 09:57:25,450 INFO: [smal_..][epoch:  1, iter:     480, lr:(1.000e-03,1.000e-03,)][eta: 1:46:06, time (data): 0.392 (0.015)]l_bij: 1.9923e+02 l_orth: 1.9497e+02 l_align: 1.7288e+02 l_qreg: 2.6280e+00 l_total: 5.6970e+02 
2026-06-30 09:57:33,276 INFO: [smal_..][epoch:  1, iter:     500, lr:(1.000e-03,1.000e-03,)][eta: 1:45:59, time (data): 0.392 (0.015)]l_bij: 1.9341e+02 l_orth: 1.8844e+02 l_align: 1.7579e+02 l_qreg: 1.6400e+00 l_total: 5.5927e+02 
2026-06-30 09:57:41,171 INFO: [smal_..][epoch:  1, iter:     520, lr:(1.000e-03,1.000e-03,)][eta: 1:45:54, time (data): 0.392 (0.015)]l_bij: 2.0393e+02 l_orth: 2.1149e+02 l_align: 1.7485e+02 l_qreg: 1.8945e+00 l_total: 5.9217e+02 
2026-06-30 09:57:48,792 INFO: [smal_..][epoch:  1, iter:     540, lr:(1.000e-03,1.000e-03,)][eta: 1:45:41, time (data): 0.390 (0.015)]l_bij: 1.9253e+02 l_orth: 1.8734e+02 l_align: 1.8015e+02 l_qreg: 2.6693e+00 l_total: 5.6269e+02 
2026-06-30 09:57:56,653 INFO: [smal_..][epoch:  1, iter:     560, lr:(1.000e-03,1.000e-03,)][eta: 1:45:35, time (data): 0.391 (0.015)]l_bij: 2.0630e+02 l_orth: 2.0776e+02 l_align: 1.7415e+02 l_qreg: 1.9103e+00 l_total: 5.9011e+02 
2026-06-30 09:58:04,447 INFO: [smal_..][epoch:  1, iter:     580, lr:(1.000e-03,1.000e-03,)][eta: 1:45:28, time (data): 0.391 (0.015)]l_bij: 2.0251e+02 l_orth: 2.0692e+02 l_align: 1.8085e+02 l_qreg: 1.9696e+00 l_total: 5.9225e+02 
2026-06-30 09:58:12,425 INFO: [smal_..][epoch:  1, iter:     600, lr:(1.000e-03,1.000e-03,)][eta: 1:45:25, time (data): 0.391 (0.015)]l_bij: 2.0781e+02 l_orth: 2.0309e+02 l_align: 1.7252e+02 l_qreg: 1.9942e+00 l_total: 5.8542e+02 
2026-06-30 09:58:20,289 INFO: [smal_..][epoch:  1, iter:     620, lr:(1.000e-03,1.000e-03,)][eta: 1:45:19, time (data): 0.393 (0.015)]l_bij: 1.9702e+02 l_orth: 2.0118e+02 l_align: 1.9294e+02 l_qreg: 2.2088e+00 l_total: 5.9335e+02 
2026-06-30 09:58:28,110 INFO: [smal_..][epoch:  1, iter:     640, lr:(1.000e-03,1.000e-03,)][eta: 1:45:11, time (data): 0.392 (0.016)]l_bij: 2.1973e+02 l_orth: 2.1511e+02 l_align: 1.6101e+02 l_qreg: 1.3864e+00 l_total: 5.9724e+02 
2026-06-30 09:58:36,066 INFO: [smal_..][epoch:  1, iter:     660, lr:(1.000e-03,1.000e-03,)][eta: 1:45:07, time (data): 0.394 (0.015)]l_bij: 2.1301e+02 l_orth: 2.1384e+02 l_align: 1.6668e+02 l_qreg: 9.3842e-01 l_total: 5.9447e+02 
2026-06-30 09:58:43,596 INFO: [smal_..][epoch:  1, iter:     680, lr:(1.000e-03,1.000e-03,)][eta: 1:44:53, time (data): 0.389 (0.016)]l_bij: 2.0868e+02 l_orth: 2.0243e+02 l_align: 1.7267e+02 l_qreg: 2.0828e+00 l_total: 5.8586e+02 
2026-06-30 09:58:51,373 INFO: [smal_..][epoch:  1, iter:     700, lr:(1.000e-03,1.000e-03,)][eta: 1:44:45, time (data): 0.389 (0.016)]l_bij: 1.9985e+02 l_orth: 1.9961e+02 l_align: 1.7435e+02 l_qreg: 1.8779e+00 l_total: 5.7569e+02 
2026-06-30 09:58:59,079 INFO: [smal_..][epoch:  1, iter:     720, lr:(1.000e-03,1.000e-03,)][eta: 1:44:35, time (data): 0.388 (0.016)]l_bij: 2.0164e+02 l_orth: 1.9687e+02 l_align: 1.7153e+02 l_qreg: 2.1308e+00 l_total: 5.7218e+02 
2026-06-30 09:59:06,525 INFO: [smal_..][epoch:  1, iter:     740, lr:(1.000e-03,1.000e-03,)][eta: 1:44:19, time (data): 0.386 (0.016)]l_bij: 2.0102e+02 l_orth: 2.0189e+02 l_align: 1.8512e+02 l_qreg: 3.0491e+00 l_total: 5.9108e+02 
2026-06-30 09:59:14,401 INFO: [smal_..][epoch:  1, iter:     760, lr:(1.000e-03,1.000e-03,)][eta: 1:44:13, time (data): 0.387 (0.015)]l_bij: 2.2544e+02 l_orth: 2.3261e+02 l_align: 1.4964e+02 l_qreg: 1.4333e+00 l_total: 6.0912e+02 
2026-06-30 09:59:22,252 INFO: [smal_..][epoch:  1, iter:     780, lr:(1.000e-03,1.000e-03,)][eta: 1:44:07, time (data): 0.388 (0.016)]l_bij: 2.2152e+02 l_orth: 2.1736e+02 l_align: 1.5698e+02 l_qreg: 2.1443e+00 l_total: 5.9800e+02 
2026-06-30 09:59:29,841 INFO: [smal_..][epoch:  1, iter:     800, lr:(1.000e-03,1.000e-03,)][eta: 1:43:55, time (data): 0.387 (0.015)]l_bij: 2.0585e+02 l_orth: 2.0165e+02 l_align: 1.6941e+02 l_qreg: 2.4520e+00 l_total: 5.7936e+02 
2026-06-30 09:59:37,582 INFO: [smal_..][epoch:  1, iter:     820, lr:(1.000e-03,1.000e-03,)][eta: 1:43:46, time (data): 0.389 (0.014)]l_bij: 1.9594e+02 l_orth: 1.9392e+02 l_align: 1.8124e+02 l_qreg: 2.7885e+00 l_total: 5.7388e+02 
2026-06-30 09:59:45,238 INFO: [smal_..][epoch:  1, iter:     840, lr:(1.000e-03,1.000e-03,)][eta: 1:43:36, time (data): 0.385 (0.015)]l_bij: 2.1796e+02 l_orth: 2.1157e+02 l_align: 1.5184e+02 l_qreg: 1.8316e+00 l_total: 5.8319e+02 
2026-06-30 09:59:53,001 INFO: [smal_..][epoch:  2, iter:     860, lr:(9.945e-04,9.945e-04,)][eta: 1:43:28, time (data): 0.386 (0.020)]l_bij: 2.1014e+02 l_orth: 2.2385e+02 l_align: 1.7821e+02 l_qreg: 2.1870e+00 l_total: 6.1439e+02 
2026-06-30 10:00:00,510 INFO: [smal_..][epoch:  2, iter:     880, lr:(9.945e-04,9.945e-04,)][eta: 1:43:15, time (data): 0.383 (0.019)]l_bij: 1.9447e+02 l_orth: 1.9258e+02 l_align: 1.8324e+02 l_qreg: 2.2487e+00 l_total: 5.7254e+02 
2026-06-30 10:00:08,213 INFO: [smal_..][epoch:  2, iter:     900, lr:(9.945e-04,9.945e-04,)][eta: 1:43:06, time (data): 0.384 (0.018)]l_bij: 2.0880e+02 l_orth: 2.0820e+02 l_align: 1.6714e+02 l_qreg: 2.1151e+00 l_total: 5.8625e+02 
2026-06-30 10:00:15,947 INFO: [smal_..][epoch:  2, iter:     920, lr:(9.945e-04,9.945e-04,)][eta: 1:42:58, time (data): 0.384 (0.018)]l_bij: 2.2251e+02 l_orth: 2.1703e+02 l_align: 1.5507e+02 l_qreg: 1.5895e+00 l_total: 5.9620e+02 
2026-06-30 10:00:23,573 INFO: [smal_..][epoch:  2, iter:     940, lr:(9.945e-04,9.945e-04,)][eta: 1:42:48, time (data): 0.384 (0.018)]l_bij: 1.9811e+02 l_orth: 1.9375e+02 l_align: 1.7447e+02 l_qreg: 1.4561e+00 l_total: 5.6779e+02 
2026-06-30 10:00:31,179 INFO: [smal_..][epoch:  2, iter:     960, lr:(9.945e-04,9.945e-04,)][eta: 1:42:37, time (data): 0.383 (0.017)]l_bij: 1.9643e+02 l_orth: 1.9560e+02 l_align: 1.7638e+02 l_qreg: 1.5148e+00 l_total: 5.6993e+02 
2026-06-30 10:00:38,974 INFO: [smal_..][epoch:  2, iter:     980, lr:(9.945e-04,9.945e-04,)][eta: 1:42:30, time (data): 0.384 (0.017)]l_bij: 2.1303e+02 l_orth: 2.0679e+02 l_align: 1.6285e+02 l_qreg: 1.4125e+00 l_total: 5.8407e+02 
2026-06-30 10:00:46,733 INFO: [smal_..][epoch:  2, iter:   1,000, lr:(9.945e-04,9.945e-04,)][eta: 1:42:22, time (data): 0.384 (0.017)]l_bij: 2.0843e+02 l_orth: 2.0271e+02 l_align: 1.7212e+02 l_qreg: 1.4652e+00 l_total: 5.8472e+02 
2026-06-30 10:00:54,493 INFO: [smal_..][epoch:  2, iter:   1,020, lr:(9.945e-04,9.945e-04,)][eta: 1:42:14, time (data): 0.390 (0.017)]l_bij: 1.9711e+02 l_orth: 2.0011e+02 l_align: 1.7618e+02 l_qreg: 1.9214e+00 l_total: 5.7532e+02 
2026-06-30 10:01:02,052 INFO: [smal_..][epoch:  2, iter:   1,040, lr:(9.945e-04,9.945e-04,)][eta: 1:42:03, time (data): 0.383 (0.016)]l_bij: 2.0404e+02 l_orth: 2.0129e+02 l_align: 1.6851e+02 l_qreg: 1.3969e+00 l_total: 5.7524e+02 
2026-06-30 10:01:09,190 INFO: [smal_..][epoch:  2, iter:   1,060, lr:(9.945e-04,9.945e-04,)][eta: 1:41:46, time (data): 0.373 (0.017)]l_bij: 1.9978e+02 l_orth: 1.9651e+02 l_align: 1.7717e+02 l_qreg: 1.9030e+00 l_total: 5.7536e+02 
2026-06-30 10:01:16,091 INFO: [smal_..][epoch:  2, iter:   1,080, lr:(9.945e-04,9.945e-04,)][eta: 1:41:26, time (data): 0.366 (0.017)]l_bij: 1.9977e+02 l_orth: 1.9963e+02 l_align: 1.7778e+02 l_qreg: 2.0568e+00 l_total: 5.7925e+02 
2026-06-30 10:01:23,939 INFO: [smal_..][epoch:  2, iter:   1,100, lr:(9.945e-04,9.945e-04,)][eta: 1:41:20, time (data): 0.371 (0.017)]l_bij: 2.1515e+02 l_orth: 2.2544e+02 l_align: 1.7492e+02 l_qreg: 1.9900e+00 l_total: 6.1751e+02 
2026-06-30 10:01:31,166 INFO: [smal_..][epoch:  2, iter:   1,120, lr:(9.945e-04,9.945e-04,)][eta: 1:41:05, time (data): 0.369 (0.017)]l_bij: 1.9272e+02 l_orth: 1.9054e+02 l_align: 1.7729e+02 l_qreg: 2.2591e+00 l_total: 5.6281e+02 
2026-06-30 10:01:38,404 INFO: [smal_..][epoch:  2, iter:   1,140, lr:(9.945e-04,9.945e-04,)][eta: 1:40:51, time (data): 0.368 (0.017)]l_bij: 1.9760e+02 l_orth: 1.9481e+02 l_align: 1.6828e+02 l_qreg: 1.7956e+00 l_total: 5.6249e+02 
2026-06-30 10:01:45,655 INFO: [smal_..][epoch:  2, iter:   1,160, lr:(9.945e-04,9.945e-04,)][eta: 1:40:37, time (data): 0.367 (0.018)]l_bij: 1.9684e+02 l_orth: 1.9297e+02 l_align: 1.7045e+02 l_qreg: 1.8565e+00 l_total: 5.6211e+02 
2026-06-30 10:01:52,984 INFO: [smal_..][epoch:  2, iter:   1,180, lr:(9.945e-04,9.945e-04,)][eta: 1:40:24, time (data): 0.367 (0.018)]l_bij: 1.9268e+02 l_orth: 1.9099e+02 l_align: 1.8074e+02 l_qreg: 2.8103e+00 l_total: 5.6722e+02 
2026-06-30 10:02:00,521 INFO: [smal_..][epoch:  2, iter:   1,200, lr:(9.945e-04,9.945e-04,)][eta: 1:40:14, time (data): 0.368 (0.018)]l_bij: 1.9392e+02 l_orth: 1.9119e+02 l_align: 1.7952e+02 l_qreg: 2.1298e+00 l_total: 5.6675e+02 
2026-06-30 10:02:07,938 INFO: [smal_..][epoch:  2, iter:   1,220, lr:(9.945e-04,9.945e-04,)][eta: 1:40:03, time (data): 0.377 (0.018)]l_bij: 1.9549e+02 l_orth: 1.8747e+02 l_align: 1.7657e+02 l_qreg: 2.3468e+00 l_total: 5.6188e+02 
2026-06-30 10:02:15,178 INFO: [smal_..][epoch:  2, iter:   1,240, lr:(9.945e-04,9.945e-04,)][eta: 1:39:49, time (data): 0.368 (0.018)]l_bij: 2.0183e+02 l_orth: 2.0026e+02 l_align: 1.6663e+02 l_qreg: 1.6745e+00 l_total: 5.7040e+02 
2026-06-30 10:02:22,525 INFO: [smal_..][epoch:  2, iter:   1,260, lr:(9.945e-04,9.945e-04,)][eta: 1:39:37, time (data): 0.368 (0.018)]l_bij: 2.0070e+02 l_orth: 1.9851e+02 l_align: 1.7421e+02 l_qreg: 1.9780e+00 l_total: 5.7539e+02 
2026-06-30 10:02:30,034 INFO: [smal_..][epoch:  2, iter:   1,280, lr:(9.945e-04,9.945e-04,)][eta: 1:39:28, time (data): 0.370 (0.018)]l_bij: 2.0128e+02 l_orth: 1.9463e+02 l_align: 1.8029e+02 l_qreg: 1.9731e+00 l_total: 5.7818e+02 
2026-06-30 10:02:37,530 INFO: [smal_..][epoch:  2, iter:   1,300, lr:(9.945e-04,9.945e-04,)][eta: 1:39:18, time (data): 0.371 (0.018)]l_bij: 2.0843e+02 l_orth: 2.0492e+02 l_align: 1.6493e+02 l_qreg: 1.5897e+00 l_total: 5.7988e+02 
2026-06-30 10:02:45,002 INFO: [smal_..][epoch:  2, iter:   1,320, lr:(9.945e-04,9.945e-04,)][eta: 1:39:08, time (data): 0.371 (0.018)]l_bij: 2.0627e+02 l_orth: 2.0539e+02 l_align: 1.8172e+02 l_qreg: 1.6062e+00 l_total: 5.9498e+02 
2026-06-30 10:02:52,382 INFO: [smal_..][epoch:  2, iter:   1,340, lr:(9.945e-04,9.945e-04,)][eta: 1:38:56, time (data): 0.371 (0.018)]l_bij: 2.0455e+02 l_orth: 2.0017e+02 l_align: 1.6870e+02 l_qreg: 2.2008e+00 l_total: 5.7562e+02 
2026-06-30 10:02:59,786 INFO: [smal_..][epoch:  2, iter:   1,360, lr:(9.945e-04,9.945e-04,)][eta: 1:38:46, time (data): 0.371 (0.018)]l_bij: 2.0374e+02 l_orth: 2.0109e+02 l_align: 1.7436e+02 l_qreg: 1.5413e+00 l_total: 5.8072e+02 
2026-06-30 10:03:07,522 INFO: [smal_..][epoch:  2, iter:   1,380, lr:(9.945e-04,9.945e-04,)][eta: 1:38:39, time (data): 0.372 (0.018)]l_bij: 1.9723e+02 l_orth: 1.9334e+02 l_align: 1.7415e+02 l_qreg: 2.1224e+00 l_total: 5.6684e+02 
2026-06-30 10:03:15,331 INFO: [smal_..][epoch:  2, iter:   1,400, lr:(9.945e-04,9.945e-04,)][eta: 1:38:33, time (data): 0.374 (0.018)]l_bij: 2.0046e+02 l_orth: 1.9794e+02 l_align: 1.7042e+02 l_qreg: 1.8209e+00 l_total: 5.7065e+02 
2026-06-30 10:03:23,270 INFO: [smal_..][epoch:  2, iter:   1,420, lr:(9.945e-04,9.945e-04,)][eta: 1:38:28, time (data): 0.394 (0.015)]l_bij: 2.1617e+02 l_orth: 2.1287e+02 l_align: 1.6174e+02 l_qreg: 1.3029e+00 l_total: 5.9208e+02 
2026-06-30 10:03:31,155 INFO: [smal_..][epoch:  2, iter:   1,440, lr:(9.945e-04,9.945e-04,)][eta: 1:38:23, time (data): 0.394 (0.016)]l_bij: 2.0342e+02 l_orth: 1.9923e+02 l_align: 1.7119e+02 l_qreg: 1.8858e+00 l_total: 5.7572e+02 
2026-06-30 10:03:39,090 INFO: [smal_..][epoch:  2, iter:   1,460, lr:(9.945e-04,9.945e-04,)][eta: 1:38:18, time (data): 0.395 (0.016)]l_bij: 2.0839e+02 l_orth: 2.0463e+02 l_align: 1.6565e+02 l_qreg: 1.4742e+00 l_total: 5.8016e+02 
2026-06-30 10:03:46,816 INFO: [smal_..][epoch:  2, iter:   1,480, lr:(9.945e-04,9.945e-04,)][eta: 1:38:10, time (data): 0.392 (0.016)]l_bij: 2.1287e+02 l_orth: 2.1140e+02 l_align: 1.6624e+02 l_qreg: 1.5451e+00 l_total: 5.9206e+02 
2026-06-30 10:03:54,648 INFO: [smal_..][epoch:  2, iter:   1,500, lr:(9.945e-04,9.945e-04,)][eta: 1:38:04, time (data): 0.392 (0.016)]l_bij: 2.1567e+02 l_orth: 2.1163e+02 l_align: 1.6543e+02 l_qreg: 1.2532e+00 l_total: 5.9398e+02 
2026-06-30 10:04:02,603 INFO: [smal_..][epoch:  2, iter:   1,520, lr:(9.945e-04,9.945e-04,)][eta: 1:37:59, time (data): 0.393 (0.016)]l_bij: 2.2369e+02 l_orth: 2.2046e+02 l_align: 1.5446e+02 l_qreg: 1.2752e+00 l_total: 5.9988e+02 
2026-06-30 10:04:10,592 INFO: [smal_..][epoch:  2, iter:   1,540, lr:(9.945e-04,9.945e-04,)][eta: 1:37:55, time (data): 0.394 (0.016)]l_bij: 2.1598e+02 l_orth: 2.0841e+02 l_align: 1.5995e+02 l_qreg: 1.3595e+00 l_total: 5.8570e+02 
2026-06-30 10:04:18,176 INFO: [smal_..][epoch:  2, iter:   1,560, lr:(9.945e-04,9.945e-04,)][eta: 1:37:46, time (data): 0.392 (0.016)]l_bij: 1.9290e+02 l_orth: 1.8601e+02 l_align: 1.7775e+02 l_qreg: 2.3026e+00 l_total: 5.5896e+02 
2026-06-30 10:04:25,955 INFO: [smal_..][epoch:  2, iter:   1,580, lr:(9.945e-04,9.945e-04,)][eta: 1:37:39, time (data): 0.392 (0.016)]l_bij: 2.0393e+02 l_orth: 2.0287e+02 l_align: 1.7490e+02 l_qreg: 2.2391e+00 l_total: 5.8394e+02 
2026-06-30 10:04:33,763 INFO: [smal_..][epoch:  2, iter:   1,600, lr:(9.945e-04,9.945e-04,)][eta: 1:37:33, time (data): 0.391 (0.016)]l_bij: 2.0386e+02 l_orth: 2.0103e+02 l_align: 1.6816e+02 l_qreg: 1.4316e+00 l_total: 5.7449e+02 
2026-06-30 10:04:41,462 INFO: [smal_..][epoch:  2, iter:   1,620, lr:(9.945e-04,9.945e-04,)][eta: 1:37:25, time (data): 0.380 (0.015)]l_bij: 2.0197e+02 l_orth: 1.9852e+02 l_align: 1.7669e+02 l_qreg: 1.5490e+00 l_total: 5.7873e+02 
2026-06-30 10:04:49,311 INFO: [smal_..][epoch:  2, iter:   1,640, lr:(9.945e-04,9.945e-04,)][eta: 1:37:19, time (data): 0.388 (0.016)]l_bij: 4.8893e+01 l_orth: 4.9496e+01 l_align: 3.0633e+02 l_qreg: 2.9053e+00 l_total: 4.0762e+02 
2026-06-30 10:04:57,083 INFO: [smal_..][epoch:  2, iter:   1,660, lr:(9.945e-04,9.945e-04,)][eta: 1:37:12, time (data): 0.388 (0.015)]l_bij: 1.9813e+02 l_orth: 2.0053e+02 l_align: 1.8083e+02 l_qreg: 1.6139e+00 l_total: 5.8110e+02 
2026-06-30 10:05:04,839 INFO: [smal_..][epoch:  2, iter:   1,680, lr:(9.945e-04,9.945e-04,)][eta: 1:37:05, time (data): 0.388 (0.015)]l_bij: 3.3365e+01 l_orth: 3.5052e+01 l_align: 3.1945e+02 l_qreg: 1.4878e+00 l_total: 3.8936e+02 
2026-06-30 10:05:12,731 INFO: [smal_..][epoch:  3, iter:   1,700, lr:(9.780e-04,9.780e-04,)][eta: 1:36:59, time (data): 0.389 (0.017)]l_bij: 2.0800e+02 l_orth: 2.0466e+02 l_align: 1.7167e+02 l_qreg: 1.6814e+00 l_total: 5.8600e+02 
2026-06-30 10:05:20,197 INFO: [smal_..][epoch:  3, iter:   1,720, lr:(9.780e-04,9.780e-04,)][eta: 1:36:49, time (data): 0.386 (0.017)]l_bij: 1.8589e+02 l_orth: 1.9588e+02 l_align: 1.9782e+02 l_qreg: 2.0229e+00 l_total: 5.8162e+02 
2026-06-30 10:05:27,723 INFO: [smal_..][epoch:  3, iter:   1,740, lr:(9.780e-04,9.780e-04,)][eta: 1:36:40, time (data): 0.385 (0.017)]l_bij: 1.9509e+02 l_orth: 1.8883e+02 l_align: 1.7486e+02 l_qreg: 1.3731e+00 l_total: 5.6015e+02 
2026-06-30 10:05:35,292 INFO: [smal_..][epoch:  3, iter:   1,760, lr:(9.780e-04,9.780e-04,)][eta: 1:36:31, time (data): 0.384 (0.017)]l_bij: 2.1428e+02 l_orth: 2.1383e+02 l_align: 1.6621e+02 l_qreg: 1.5095e+00 l_total: 5.9583e+02 
2026-06-30 10:05:42,993 INFO: [smal_..][epoch:  3, iter:   1,780, lr:(9.780e-04,9.780e-04,)][eta: 1:36:23, time (data): 0.384 (0.017)]l_bij: 1.9674e+02 l_orth: 1.9233e+02 l_align: 1.7816e+02 l_qreg: 1.3452e+00 l_total: 5.6858e+02 
2026-06-30 10:05:50,515 INFO: [smal_..][epoch:  3, iter:   1,800, lr:(9.780e-04,9.780e-04,)][eta: 1:36:14, time (data): 0.383 (0.017)]l_bij: 2.0084e+02 l_orth: 1.9403e+02 l_align: 1.7063e+02 l_qreg: 1.4978e+00 l_total: 5.6699e+02 
2026-06-30 10:05:58,161 INFO: [smal_..][epoch:  3, iter:   1,820, lr:(9.780e-04,9.780e-04,)][eta: 1:36:06, time (data): 0.387 (0.014)]l_bij: 1.9543e+02 l_orth: 1.9157e+02 l_align: 1.7801e+02 l_qreg: 1.7227e+00 l_total: 5.6674e+02 
2026-06-30 10:06:05,766 INFO: [smal_..][epoch:  3, iter:   1,840, lr:(9.780e-04,9.780e-04,)][eta: 1:35:58, time (data): 0.382 (0.015)]l_bij: 1.9961e+02 l_orth: 1.9763e+02 l_align: 1.7936e+02 l_qreg: 1.9617e+00 l_total: 5.7856e+02 
2026-06-30 10:06:13,230 INFO: [smal_..][epoch:  3, iter:   1,860, lr:(9.780e-04,9.780e-04,)][eta: 1:35:48, time (data): 0.379 (0.015)]l_bij: 2.0303e+02 l_orth: 1.9919e+02 l_align: 1.7480e+02 l_qreg: 1.7908e+00 l_total: 5.7880e+02 
2026-06-30 10:06:21,115 INFO: [smal_..][epoch:  3, iter:   1,880, lr:(9.780e-04,9.780e-04,)][eta: 1:35:42, time (data): 0.383 (0.015)]l_bij: 2.0214e+02 l_orth: 1.9871e+02 l_align: 1.7277e+02 l_qreg: 1.8862e+00 l_total: 5.7551e+02 
2026-06-30 10:06:28,929 INFO: [smal_..][epoch:  3, iter:   1,900, lr:(9.780e-04,9.780e-04,)][eta: 1:35:35, time (data): 0.385 (0.015)]l_bij: 2.1238e+02 l_orth: 2.0879e+02 l_align: 1.6206e+02 l_qreg: 1.5673e+00 l_total: 5.8480e+02 
2026-06-30 10:06:36,905 INFO: [smal_..][epoch:  3, iter:   1,920, lr:(9.780e-04,9.780e-04,)][eta: 1:35:30, time (data): 0.387 (0.015)]l_bij: 2.1468e+02 l_orth: 2.1311e+02 l_align: 1.6234e+02 l_qreg: 1.7785e+00 l_total: 5.9192e+02 
2026-06-30 10:06:44,805 INFO: [smal_..][epoch:  3, iter:   1,940, lr:(9.780e-04,9.780e-04,)][eta: 1:35:24, time (data): 0.388 (0.015)]l_bij: 2.0760e+02 l_orth: 2.0083e+02 l_align: 1.6610e+02 l_qreg: 1.6243e+00 l_total: 5.7616e+02 
2026-06-30 10:06:52,587 INFO: [smal_..][epoch:  3, iter:   1,960, lr:(9.780e-04,9.780e-04,)][eta: 1:35:17, time (data): 0.388 (0.015)]l_bij: 1.9913e+02 l_orth: 1.9538e+02 l_align: 1.6798e+02 l_qreg: 1.6991e+00 l_total: 5.6419e+02 
2026-06-30 10:07:00,184 INFO: [smal_..][epoch:  3, iter:   1,980, lr:(9.780e-04,9.780e-04,)][eta: 1:35:08, time (data): 0.387 (0.015)]l_bij: 1.9978e+02 l_orth: 1.9523e+02 l_align: 1.7360e+02 l_qreg: 1.5053e+00 l_total: 5.7012e+02 
2026-06-30 10:07:07,871 INFO: [smal_..][epoch:  3, iter:   2,000, lr:(9.780e-04,9.780e-04,)][eta: 1:35:01, time (data): 0.387 (0.015)]l_bij: 2.2283e+02 l_orth: 2.1841e+02 l_align: 1.5623e+02 l_qreg: 1.3273e+00 l_total: 5.9880e+02 
2026-06-30 10:07:07,873 INFO: Saving models and training states.
2026-06-30 10:07:07,908 INFO: Start validation.
2026-06-30 10:07:09,036 INFO: avg err:0.0000 | err:0.0000 | cougar_01 cougar_01
2026-06-30 10:07:09,368 INFO: avg err:0.0986 | err:0.1972 | cougar_01 cougar_02
2026-06-30 10:07:09,718 INFO: avg err:0.3322 | err:0.7995 | cougar_01 cougar_03
2026-06-30 10:07:10,022 INFO: avg err:0.4598 | err:0.8427 | cougar_01 cougar_04
2026-06-30 10:07:10,308 INFO: avg err:0.5276 | err:0.7984 | cougar_01 hippo_01
2026-06-30 10:07:10,561 INFO: avg err:0.5630 | err:0.7401 | cougar_01 hippo_02
2026-06-30 10:07:10,922 INFO: avg err:0.5306 | err:0.3362 | cougar_01 hippo_03
2026-06-30 10:07:11,253 INFO: avg err:0.5584 | err:0.7529 | cougar_01 hippo_04
2026-06-30 10:07:11,586 INFO: avg err:0.5826 | err:0.7764 | cougar_01 hippo_05
2026-06-30 10:07:11,901 INFO: avg err:0.5992 | err:0.7483 | cougar_01 hippo_06
2026-06-30 10:07:12,210 INFO: avg err:0.6156 | err:0.7796 | cougar_01 horse_01
2026-06-30 10:07:12,446 INFO: avg err:0.5852 | err:0.2510 | cougar_01 horse_02
2026-06-30 10:07:12,717 INFO: avg err:0.5961 | err:0.7263 | cougar_01 horse_03
2026-06-30 10:07:13,010 INFO: avg err:0.6074 | err:0.7544 | cougar_01 horse_04
2026-06-30 10:07:13,345 INFO: avg err:0.6154 | err:0.7283 | cougar_01 horse_05
2026-06-30 10:07:13,648 INFO: avg err:0.6260 | err:0.7843 | cougar_01 horse_06
2026-06-30 10:07:14,037 INFO: avg err:0.6331 | err:0.7473 | cougar_01 horse_07
2026-06-30 10:07:14,355 INFO: avg err:0.6408 | err:0.7708 | cougar_01 horse_08
2026-06-30 10:07:14,815 INFO: avg err:0.6212 | err:0.2689 | cougar_01 horse_09
2026-06-30 10:07:15,145 INFO: avg err:0.6093 | err:0.3833 | cougar_01 horse_10
2026-06-30 10:07:15,527 INFO: avg err:0.5887 | err:0.1778 | cougar_02 cougar_01
2026-06-30 10:07:15,852 INFO: avg err:0.5620 | err:0.0000 | cougar_02 cougar_02
2026-06-30 10:07:16,265 INFO: avg err:0.5744 | err:0.8467 | cougar_02 cougar_03
2026-06-30 10:07:16,583 INFO: avg err:0.5874 | err:0.8877 | cougar_02 cougar_04
2026-06-30 10:07:17,005 INFO: avg err:0.5955 | err:0.7902 | cougar_02 hippo_01
2026-06-30 10:07:17,314 INFO: avg err:0.6021 | err:0.7664 | cougar_02 hippo_02
2026-06-30 10:07:17,593 INFO: avg err:0.5937 | err:0.3741 | cougar_02 hippo_03
2026-06-30 10:07:17,911 INFO: avg err:0.6008 | err:0.7921 | cougar_02 hippo_04
2026-06-30 10:07:18,325 INFO: avg err:0.6108 | err:0.8914 | cougar_02 hippo_05
2026-06-30 10:07:18,681 INFO: avg err:0.6169 | err:0.7940 | cougar_02 hippo_06
2026-06-30 10:07:19,088 INFO: avg err:0.6252 | err:0.8761 | cougar_02 horse_01
2026-06-30 10:07:19,440 INFO: avg err:0.6194 | err:0.4379 | cougar_02 horse_02
2026-06-30 10:07:19,858 INFO: avg err:0.6262 | err:0.8449 | cougar_02 horse_03
2026-06-30 10:07:20,196 INFO: avg err:0.6306 | err:0.7766 | cougar_02 horse_04
2026-06-30 10:07:20,505 INFO: avg err:0.6345 | err:0.7662 | cougar_02 horse_05
2026-06-30 10:07:20,810 INFO: avg err:0.6390 | err:0.7961 | cougar_02 horse_06
2026-06-30 10:07:21,327 INFO: avg err:0.6424 | err:0.7627 | cougar_02 horse_07
2026-06-30 10:07:21,674 INFO: avg err:0.6458 | err:0.7715 | cougar_02 horse_08
2026-06-30 10:07:22,075 INFO: avg err:0.6396 | err:0.4052 | cougar_02 horse_09
2026-06-30 10:07:22,364 INFO: avg err:0.6323 | err:0.3475 | cougar_02 horse_10
2026-06-30 10:07:22,671 INFO: avg err:0.6360 | err:0.7844 | cougar_03 cougar_01
2026-06-30 10:07:22,966 INFO: avg err:0.6402 | err:0.8132 | cougar_03 cougar_02
2026-06-30 10:07:23,332 INFO: avg err:0.6253 | err:0.0000 | cougar_03 cougar_03
2026-06-30 10:07:23,647 INFO: avg err:0.6183 | err:0.3158 | cougar_03 cougar_04
2026-06-30 10:07:23,989 INFO: avg err:0.6116 | err:0.3181 | cougar_03 hippo_01
2026-06-30 10:07:24,230 INFO: avg err:0.6071 | err:0.4043 | cougar_03 hippo_02
2026-06-30 10:07:24,627 INFO: avg err:0.6081 | err:0.6521 | cougar_03 hippo_03
2026-06-30 10:07:24,973 INFO: avg err:0.6009 | err:0.2632 | cougar_03 hippo_04
2026-06-30 10:07:25,396 INFO: avg err:0.5966 | err:0.3897 | cougar_03 hippo_05
2026-06-30 10:07:25,713 INFO: avg err:0.5927 | err:0.4041 | cougar_03 hippo_06
2026-06-30 10:07:26,075 INFO: avg err:0.5878 | err:0.3404 | cougar_03 horse_01
2026-06-30 10:07:26,397 INFO: avg err:0.5903 | err:0.7169 | cougar_03 horse_02
2026-06-30 10:07:26,782 INFO: avg err:0.5858 | err:0.3557 | cougar_03 horse_03
2026-06-30 10:07:27,149 INFO: avg err:0.5797 | err:0.2532 | cougar_03 horse_04
2026-06-30 10:07:27,502 INFO: avg err:0.5783 | err:0.5020 | cougar_03 horse_05
2026-06-30 10:07:27,747 INFO: avg err:0.5743 | err:0.3559 | cougar_03 horse_06
2026-06-30 10:07:28,089 INFO: avg err:0.5662 | err:0.1109 | cougar_03 horse_07
2026-06-30 10:07:28,406 INFO: avg err:0.5627 | err:0.3641 | cougar_03 horse_08
2026-06-30 10:07:28,734 INFO: avg err:0.5654 | err:0.7212 | cougar_03 horse_09
2026-06-30 10:07:29,076 INFO: avg err:0.5668 | err:0.6542 | cougar_03 horse_10
2026-06-30 10:07:29,441 INFO: avg err:0.5707 | err:0.8043 | cougar_04 cougar_01
2026-06-30 10:07:29,754 INFO: avg err:0.5752 | err:0.8492 | cougar_04 cougar_02
2026-06-30 10:07:30,109 INFO: avg err:0.5704 | err:0.2723 | cougar_04 cougar_03
2026-06-30 10:07:30,470 INFO: avg err:0.5615 | err:0.0000 | cougar_04 cougar_04
2026-06-30 10:07:30,839 INFO: avg err:0.5556 | err:0.1771 | cougar_04 hippo_01
2026-06-30 10:07:31,214 INFO: avg err:0.5515 | err:0.2876 | cougar_04 hippo_02
2026-06-30 10:07:31,611 INFO: avg err:0.5536 | err:0.6884 | cougar_04 hippo_03
2026-06-30 10:07:31,968 INFO: avg err:0.5490 | err:0.2414 | cougar_04 hippo_04
2026-06-30 10:07:32,287 INFO: avg err:0.5460 | err:0.3443 | cougar_04 hippo_05
2026-06-30 10:07:32,622 INFO: avg err:0.5415 | err:0.2280 | cougar_04 hippo_06
2026-06-30 10:07:33,034 INFO: avg err:0.5388 | err:0.3553 | cougar_04 horse_01
2026-06-30 10:07:33,446 INFO: avg err:0.5423 | err:0.7850 | cougar_04 horse_02
2026-06-30 10:07:33,813 INFO: avg err:0.5391 | err:0.3120 | cougar_04 horse_03
2026-06-30 10:07:34,164 INFO: avg err:0.5353 | err:0.2567 | cougar_04 horse_04
2026-06-30 10:07:34,627 INFO: avg err:0.5338 | err:0.4260 | cougar_04 horse_05
2026-06-30 10:07:34,996 INFO: avg err:0.5310 | err:0.3145 | cougar_04 horse_06
2026-06-30 10:07:35,379 INFO: avg err:0.5264 | err:0.1794 | cougar_04 horse_07
2026-06-30 10:07:35,715 INFO: avg err:0.5255 | err:0.4534 | cougar_04 horse_08
2026-06-30 10:07:36,085 INFO: avg err:0.5282 | err:0.7462 | cougar_04 horse_09
2026-06-30 10:07:36,438 INFO: avg err:0.5298 | err:0.6525 | cougar_04 horse_10
2026-06-30 10:07:36,780 INFO: avg err:0.5322 | err:0.7259 | hippo_01 cougar_01
2026-06-30 10:07:37,031 INFO: avg err:0.5339 | err:0.6668 | hippo_01 cougar_02
2026-06-30 10:07:37,379 INFO: avg err:0.5317 | err:0.3564 | hippo_01 cougar_03
2026-06-30 10:07:37,719 INFO: avg err:0.5275 | err:0.1752 | hippo_01 cougar_04
2026-06-30 10:07:38,111 INFO: avg err:0.5213 | err:0.0000 | hippo_01 hippo_01
2026-06-30 10:07:38,391 INFO: avg err:0.5173 | err:0.1775 | hippo_01 hippo_02
2026-06-30 10:07:38,755 INFO: avg err:0.5175 | err:0.5327 | hippo_01 hippo_03
2026-06-30 10:07:39,078 INFO: avg err:0.5129 | err:0.1162 | hippo_01 hippo_04
2026-06-30 10:07:39,424 INFO: avg err:0.5100 | err:0.2537 | hippo_01 hippo_05
2026-06-30 10:07:39,723 INFO: avg err:0.5059 | err:0.1456 | hippo_01 hippo_06
2026-06-30 10:07:40,088 INFO: avg err:0.5035 | err:0.2861 | hippo_01 horse_01
2026-06-30 10:07:40,457 INFO: avg err:0.5053 | err:0.6708 | hippo_01 horse_02
2026-06-30 10:07:40,802 INFO: avg err:0.5017 | err:0.1650 | hippo_01 horse_03
2026-06-30 10:07:41,155 INFO: avg err:0.4987 | err:0.2177 | hippo_01 horse_04
2026-06-30 10:07:41,530 INFO: avg err:0.4958 | err:0.2280 | hippo_01 horse_05
2026-06-30 10:07:41,841 INFO: avg err:0.4933 | err:0.2545 | hippo_01 horse_06
2026-06-30 10:07:42,161 INFO: avg err:0.4904 | err:0.2129 | hippo_01 horse_07
2026-06-30 10:07:42,509 INFO: avg err:0.4890 | err:0.3573 | hippo_01 horse_08
2026-06-30 10:07:42,938 INFO: avg err:0.4891 | err:0.4935 | hippo_01 horse_09
2026-06-30 10:07:43,270 INFO: avg err:0.4904 | err:0.6230 | hippo_01 horse_10
2026-06-30 10:07:43,615 INFO: avg err:0.4923 | err:0.6762 | hippo_02 cougar_01
2026-06-30 10:07:43,947 INFO: avg err:0.4942 | err:0.6857 | hippo_02 cougar_02
2026-06-30 10:07:44,288 INFO: avg err:0.4925 | err:0.3216 | hippo_02 cougar_03
2026-06-30 10:07:44,653 INFO: avg err:0.4895 | err:0.1776 | hippo_02 cougar_04
2026-06-30 10:07:45,003 INFO: avg err:0.4864 | err:0.1648 | hippo_02 hippo_01
2026-06-30 10:07:45,337 INFO: avg err:0.4818 | err:0.0000 | hippo_02 hippo_02
2026-06-30 10:07:45,742 INFO: avg err:0.4825 | err:0.5563 | hippo_02 hippo_03
2026-06-30 10:07:46,086 INFO: avg err:0.4803 | err:0.2444 | hippo_02 hippo_04
2026-06-30 10:07:46,490 INFO: avg err:0.4785 | err:0.2828 | hippo_02 hippo_05
2026-06-30 10:07:46,851 INFO: avg err:0.4755 | err:0.1503 | hippo_02 hippo_06
2026-06-30 10:07:47,241 INFO: avg err:0.4733 | err:0.2310 | hippo_02 horse_01
2026-06-30 10:07:47,578 INFO: avg err:0.4746 | err:0.6180 | hippo_02 horse_02
2026-06-30 10:07:47,881 INFO: avg err:0.4725 | err:0.2435 | hippo_02 horse_03
2026-06-30 10:07:48,155 INFO: avg err:0.4704 | err:0.2347 | hippo_02 horse_04
2026-06-30 10:07:48,479 INFO: avg err:0.4674 | err:0.1226 | hippo_02 horse_05
2026-06-30 10:07:48,823 INFO: avg err:0.4657 | err:0.2674 | hippo_02 horse_06
2026-06-30 10:07:49,241 INFO: avg err:0.4642 | err:0.2891 | hippo_02 horse_07
2026-06-30 10:07:49,555 INFO: avg err:0.4626 | err:0.2756 | hippo_02 horse_08
2026-06-30 10:07:49,872 INFO: avg err:0.4625 | err:0.4581 | hippo_02 horse_09
2026-06-30 10:07:50,189 INFO: avg err:0.4624 | err:0.4406 | hippo_02 horse_10
2026-06-30 10:07:50,599 INFO: avg err:0.4605 | err:0.2320 | hippo_03 cougar_01
2026-06-30 10:07:50,922 INFO: avg err:0.4582 | err:0.1887 | hippo_03 cougar_02
2026-06-30 10:07:51,353 INFO: avg err:0.4600 | err:0.6772 | hippo_03 cougar_03
2026-06-30 10:07:51,668 INFO: avg err:0.4615 | err:0.6505 | hippo_03 cougar_04
2026-06-30 10:07:52,085 INFO: avg err:0.4626 | err:0.5934 | hippo_03 hippo_01
2026-06-30 10:07:52,404 INFO: avg err:0.4635 | err:0.5784 | hippo_03 hippo_02
2026-06-30 10:07:52,890 INFO: avg err:0.4599 | err:0.0000 | hippo_03 hippo_03
2026-06-30 10:07:53,218 INFO: avg err:0.4610 | err:0.6042 | hippo_03 hippo_04
2026-06-30 10:07:53,667 INFO: avg err:0.4625 | err:0.6512 | hippo_03 hippo_05
2026-06-30 10:07:54,012 INFO: avg err:0.4625 | err:0.4674 | hippo_03 hippo_06
2026-06-30 10:07:54,398 INFO: avg err:0.4644 | err:0.7155 | hippo_03 horse_01
2026-06-30 10:07:54,733 INFO: avg err:0.4634 | err:0.3289 | hippo_03 horse_02
2026-06-30 10:07:55,022 INFO: avg err:0.4648 | err:0.6490 | hippo_03 horse_03
2026-06-30 10:07:55,320 INFO: avg err:0.4660 | err:0.6311 | hippo_03 horse_04
2026-06-30 10:07:55,770 INFO: avg err:0.4668 | err:0.5628 | hippo_03 horse_05
2026-06-30 10:07:56,104 INFO: avg err:0.4684 | err:0.6896 | hippo_03 horse_06
2026-06-30 10:07:56,479 INFO: avg err:0.4697 | err:0.6393 | hippo_03 horse_07
2026-06-30 10:07:56,785 INFO: avg err:0.4710 | err:0.6556 | hippo_03 horse_08
2026-06-30 10:07:57,264 INFO: avg err:0.4701 | err:0.3400 | hippo_03 horse_09
2026-06-30 10:07:57,603 INFO: avg err:0.4703 | err:0.5022 | hippo_03 horse_10
2026-06-30 10:07:58,022 INFO: avg err:0.4719 | err:0.6959 | hippo_04 cougar_01
2026-06-30 10:07:58,334 INFO: avg err:0.4733 | err:0.6777 | hippo_04 cougar_02
2026-06-30 10:07:58,805 INFO: avg err:0.4716 | err:0.2223 | hippo_04 cougar_03
2026-06-30 10:07:59,146 INFO: avg err:0.4696 | err:0.1794 | hippo_04 cougar_04
2026-06-30 10:07:59,559 INFO: avg err:0.4670 | err:0.1029 | hippo_04 hippo_01
2026-06-30 10:07:59,884 INFO: avg err:0.4654 | err:0.2259 | hippo_04 hippo_02
2026-06-30 10:08:00,239 INFO: avg err:0.4660 | err:0.5607 | hippo_04 hippo_03
2026-06-30 10:08:00,547 INFO: avg err:0.4629 | err:0.0000 | hippo_04 hippo_04
2026-06-30 10:08:00,925 INFO: avg err:0.4614 | err:0.2406 | hippo_04 hippo_05
2026-06-30 10:08:01,235 INFO: avg err:0.4602 | err:0.2802 | hippo_04 hippo_06
2026-06-30 10:08:01,538 INFO: avg err:0.4585 | err:0.2100 | hippo_04 horse_01
2026-06-30 10:08:01,842 INFO: avg err:0.4598 | err:0.6490 | hippo_04 horse_02
2026-06-30 10:08:02,201 INFO: avg err:0.4582 | err:0.2218 | hippo_04 horse_03
2026-06-30 10:08:02,528 INFO: avg err:0.4561 | err:0.1291 | hippo_04 horse_04
2026-06-30 10:08:02,900 INFO: avg err:0.4549 | err:0.2762 | hippo_04 horse_05
2026-06-30 10:08:03,261 INFO: avg err:0.4533 | err:0.2086 | hippo_04 horse_06
2026-06-30 10:08:03,610 INFO: avg err:0.4512 | err:0.1224 | hippo_04 horse_07
2026-06-30 10:08:03,988 INFO: avg err:0.4501 | err:0.2688 | hippo_04 horse_08
2026-06-30 10:08:04,349 INFO: avg err:0.4500 | err:0.4382 | hippo_04 horse_09
2026-06-30 10:08:04,771 INFO: avg err:0.4507 | err:0.5618 | hippo_04 horse_10
2026-06-30 10:08:05,022 INFO: avg err:0.4518 | err:0.6276 | hippo_05 cougar_01
2026-06-30 10:08:05,325 INFO: avg err:0.4528 | err:0.6101 | hippo_05 cougar_02
2026-06-30 10:08:05,667 INFO: avg err:0.4518 | err:0.2887 | hippo_05 cougar_03
2026-06-30 10:08:05,953 INFO: avg err:0.4506 | err:0.2558 | hippo_05 cougar_04
2026-06-30 10:08:06,327 INFO: avg err:0.4492 | err:0.2321 | hippo_05 hippo_01
2026-06-30 10:08:06,614 INFO: avg err:0.4480 | err:0.2365 | hippo_05 hippo_02
2026-06-30 10:08:06,929 INFO: avg err:0.4488 | err:0.5818 | hippo_05 hippo_03
2026-06-30 10:08:07,230 INFO: avg err:0.4474 | err:0.2211 | hippo_05 hippo_04
2026-06-30 10:08:07,663 INFO: avg err:0.4448 | err:0.0000 | hippo_05 hippo_05
2026-06-30 10:08:07,969 INFO: avg err:0.4442 | err:0.3551 | hippo_05 hippo_06
2026-06-30 10:08:08,364 INFO: avg err:0.4425 | err:0.1409 | hippo_05 horse_01
2026-06-30 10:08:08,692 INFO: avg err:0.4430 | err:0.5355 | hippo_05 horse_02
2026-06-30 10:08:09,049 INFO: avg err:0.4411 | err:0.1218 | hippo_05 horse_03
2026-06-30 10:08:09,412 INFO: avg err:0.4397 | err:0.1915 | hippo_05 horse_04
2026-06-30 10:08:09,697 INFO: avg err:0.4391 | err:0.3303 | hippo_05 horse_05
2026-06-30 10:08:10,017 INFO: avg err:0.4374 | err:0.1388 | hippo_05 horse_06
2026-06-30 10:08:10,347 INFO: avg err:0.4360 | err:0.1870 | hippo_05 horse_07
2026-06-30 10:08:10,664 INFO: avg err:0.4346 | err:0.1994 | hippo_05 horse_08
2026-06-30 10:08:10,981 INFO: avg err:0.4348 | err:0.4652 | hippo_05 horse_09
2026-06-30 10:08:11,386 INFO: avg err:0.4349 | err:0.4476 | hippo_05 horse_10
2026-06-30 10:08:11,827 INFO: avg err:0.4363 | err:0.6938 | hippo_06 cougar_01
2026-06-30 10:08:12,163 INFO: avg err:0.4377 | err:0.6825 | hippo_06 cougar_02
2026-06-30 10:08:12,512 INFO: avg err:0.4371 | err:0.3318 | hippo_06 cougar_03
2026-06-30 10:08:12,837 INFO: avg err:0.4361 | err:0.2502 | hippo_06 cougar_04
2026-06-30 10:08:13,226 INFO: avg err:0.4346 | err:0.1675 | hippo_06 hippo_01
2026-06-30 10:08:13,535 INFO: avg err:0.4332 | err:0.1694 | hippo_06 hippo_02
2026-06-30 10:08:13,909 INFO: avg err:0.4335 | err:0.4895 | hippo_06 hippo_03
2026-06-30 10:08:14,285 INFO: avg err:0.4326 | err:0.2650 | hippo_06 hippo_04
2026-06-30 10:08:14,663 INFO: avg err:0.4323 | err:0.3845 | hippo_06 hippo_05
2026-06-30 10:08:14,982 INFO: avg err:0.4301 | err:0.0000 | hippo_06 hippo_06
2026-06-30 10:08:15,428 INFO: avg err:0.4297 | err:0.3619 | hippo_06 horse_01
2026-06-30 10:08:15,748 INFO: avg err:0.4310 | err:0.6730 | hippo_06 horse_02
2026-06-30 10:08:16,145 INFO: avg err:0.4304 | err:0.3150 | hippo_06 horse_03
2026-06-30 10:08:16,495 INFO: avg err:0.4296 | err:0.2815 | hippo_06 horse_04
2026-06-30 10:08:16,832 INFO: avg err:0.4281 | err:0.1407 | hippo_06 horse_05
2026-06-30 10:08:17,189 INFO: avg err:0.4276 | err:0.3331 | hippo_06 horse_06
2026-06-30 10:08:17,567 INFO: avg err:0.4270 | err:0.3037 | hippo_06 horse_07
2026-06-30 10:08:17,921 INFO: avg err:0.4268 | err:0.3773 | hippo_06 horse_08
2026-06-30 10:08:18,202 INFO: avg err:0.4274 | err:0.5600 | hippo_06 horse_09
2026-06-30 10:08:18,470 INFO: avg err:0.4280 | err:0.5475 | hippo_06 horse_10
2026-06-30 10:08:18,917 INFO: avg err:0.4300 | err:0.8338 | horse_01 cougar_01
2026-06-30 10:08:19,263 INFO: avg err:0.4319 | err:0.7997 | horse_01 cougar_02
2026-06-30 10:08:19,622 INFO: avg err:0.4318 | err:0.4059 | horse_01 cougar_03
2026-06-30 10:08:19,940 INFO: avg err:0.4313 | err:0.3383 | horse_01 cougar_04
2026-06-30 10:08:20,435 INFO: avg err:0.4308 | err:0.3303 | horse_01 hippo_01
2026-06-30 10:08:20,816 INFO: avg err:0.4302 | err:0.3049 | horse_01 hippo_02
2026-06-30 10:08:21,218 INFO: avg err:0.4316 | err:0.7125 | horse_01 hippo_03
2026-06-30 10:08:21,544 INFO: avg err:0.4307 | err:0.2510 | horse_01 hippo_04
2026-06-30 10:08:21,970 INFO: avg err:0.4294 | err:0.1518 | horse_01 hippo_05
2026-06-30 10:08:22,291 INFO: avg err:0.4295 | err:0.4532 | horse_01 hippo_06
2026-06-30 10:08:22,691 INFO: avg err:0.4274 | err:0.0000 | horse_01 horse_01
2026-06-30 10:08:23,002 INFO: avg err:0.4284 | err:0.6251 | horse_01 horse_02
2026-06-30 10:08:23,382 INFO: avg err:0.4279 | err:0.3299 | horse_01 horse_03
2026-06-30 10:08:23,667 INFO: avg err:0.4270 | err:0.2443 | horse_01 horse_04
2026-06-30 10:08:24,179 INFO: avg err:0.4270 | err:0.4085 | horse_01 horse_05
2026-06-30 10:08:24,484 INFO: avg err:0.4264 | err:0.3017 | horse_01 horse_06
2026-06-30 10:08:24,897 INFO: avg err:0.4257 | err:0.2702 | horse_01 horse_07
2026-06-30 10:08:25,267 INFO: avg err:0.4251 | err:0.3075 | horse_01 horse_08
2026-06-30 10:08:25,653 INFO: avg err:0.4261 | err:0.6396 | horse_01 horse_09
2026-06-30 10:08:26,003 INFO: avg err:0.4269 | err:0.6007 | horse_01 horse_10
2026-06-30 10:08:26,345 INFO: avg err:0.4259 | err:0.2125 | horse_02 cougar_01
2026-06-30 10:08:26,692 INFO: avg err:0.4256 | err:0.3570 | horse_02 cougar_02
2026-06-30 10:08:27,102 INFO: avg err:0.4272 | err:0.7885 | horse_02 cougar_03
2026-06-30 10:08:27,447 INFO: avg err:0.4287 | err:0.7646 | horse_02 cougar_04
2026-06-30 10:08:27,845 INFO: avg err:0.4301 | err:0.7261 | horse_02 hippo_01
2026-06-30 10:08:28,192 INFO: avg err:0.4312 | err:0.6892 | horse_02 hippo_02
2026-06-30 10:08:28,576 INFO: avg err:0.4312 | err:0.4251 | horse_02 hippo_03
2026-06-30 10:08:28,886 INFO: avg err:0.4324 | err:0.7123 | horse_02 hippo_04
2026-06-30 10:08:29,297 INFO: avg err:0.4334 | err:0.6650 | horse_02 hippo_05
2026-06-30 10:08:29,628 INFO: avg err:0.4348 | err:0.7392 | horse_02 hippo_06
2026-06-30 10:08:30,011 INFO: avg err:0.4356 | err:0.6179 | horse_02 horse_01
2026-06-30 10:08:30,365 INFO: avg err:0.4337 | err:0.0000 | horse_02 horse_02
2026-06-30 10:08:30,749 INFO: avg err:0.4350 | err:0.7375 | horse_02 horse_03
2026-06-30 10:08:31,051 INFO: avg err:0.4363 | err:0.7413 | horse_02 horse_04
2026-06-30 10:08:31,441 INFO: avg err:0.4374 | err:0.6969 | horse_02 horse_05
2026-06-30 10:08:31,713 INFO: avg err:0.4388 | err:0.7621 | horse_02 horse_06
2026-06-30 10:08:32,079 INFO: avg err:0.4402 | err:0.7681 | horse_02 horse_07
2026-06-30 10:08:32,392 INFO: avg err:0.4405 | err:0.5218 | horse_02 horse_08
2026-06-30 10:08:32,758 INFO: avg err:0.4399 | err:0.2972 | horse_02 horse_09
2026-06-30 10:08:33,116 INFO: avg err:0.4394 | err:0.3236 | horse_02 horse_10
2026-06-30 10:08:33,437 INFO: avg err:0.4409 | err:0.8035 | horse_03 cougar_01
2026-06-30 10:08:33,735 INFO: avg err:0.4423 | err:0.7701 | horse_03 cougar_02
2026-06-30 10:08:34,066 INFO: avg err:0.4419 | err:0.3509 | horse_03 cougar_03
2026-06-30 10:08:34,416 INFO: avg err:0.4414 | err:0.3257 | horse_03 cougar_04
2026-06-30 10:08:34,836 INFO: avg err:0.4406 | err:0.2405 | horse_03 hippo_01
2026-06-30 10:08:35,142 INFO: avg err:0.4401 | err:0.3023 | horse_03 hippo_02
2026-06-30 10:08:35,453 INFO: avg err:0.4410 | err:0.6791 | horse_03 hippo_03
2026-06-30 10:08:35,801 INFO: avg err:0.4402 | err:0.2365 | horse_03 hippo_04
2026-06-30 10:08:36,187 INFO: avg err:0.4392 | err:0.1827 | horse_03 hippo_05
2026-06-30 10:08:36,521 INFO: avg err:0.4389 | err:0.3767 | horse_03 hippo_06
2026-06-30 10:08:36,915 INFO: avg err:0.4382 | err:0.2713 | horse_03 horse_01
2026-06-30 10:08:37,281 INFO: avg err:0.4392 | err:0.6672 | horse_03 horse_02
2026-06-30 10:08:37,637 INFO: avg err:0.4374 | err:0.0000 | horse_03 horse_03
2026-06-30 10:08:37,984 INFO: avg err:0.4364 | err:0.1728 | horse_03 horse_04
2026-06-30 10:08:38,300 INFO: avg err:0.4362 | err:0.3895 | horse_03 horse_05
2026-06-30 10:08:38,612 INFO: avg err:0.4347 | err:0.0607 | horse_03 horse_06
2026-06-30 10:08:38,948 INFO: avg err:0.4339 | err:0.2195 | horse_03 horse_07
2026-06-30 10:08:39,285 INFO: avg err:0.4334 | err:0.3182 | horse_03 horse_08
2026-06-30 10:08:39,636 INFO: avg err:0.4338 | err:0.5180 | horse_03 horse_09
2026-06-30 10:08:39,968 INFO: avg err:0.4342 | err:0.5411 | horse_03 horse_10
2026-06-30 10:08:40,295 INFO: avg err:0.4356 | err:0.8119 | horse_04 cougar_01
2026-06-30 10:08:40,562 INFO: avg err:0.4370 | err:0.7960 | horse_04 cougar_02
2026-06-30 10:08:40,932 INFO: avg err:0.4364 | err:0.2659 | horse_04 cougar_03
2026-06-30 10:08:41,282 INFO: avg err:0.4359 | err:0.3294 | horse_04 cougar_04
2026-06-30 10:08:41,628 INFO: avg err:0.4354 | err:0.2979 | horse_04 hippo_01
2026-06-30 10:08:41,910 INFO: avg err:0.4346 | err:0.2194 | horse_04 hippo_02
2026-06-30 10:08:42,405 INFO: avg err:0.4356 | err:0.6871 | horse_04 hippo_03
2026-06-30 10:08:42,748 INFO: avg err:0.4348 | err:0.2184 | horse_04 hippo_04
2026-06-30 10:08:43,087 INFO: avg err:0.4345 | err:0.3615 | horse_04 hippo_05
2026-06-30 10:08:43,407 INFO: avg err:0.4343 | err:0.3913 | horse_04 hippo_06
2026-06-30 10:08:43,705 INFO: avg err:0.4338 | err:0.3015 | horse_04 horse_01
2026-06-30 10:08:44,099 INFO: avg err:0.4350 | err:0.7577 | horse_04 horse_02
2026-06-30 10:08:44,486 INFO: avg err:0.4340 | err:0.1587 | horse_04 horse_03
2026-06-30 10:08:44,801 INFO: avg err:0.4324 | err:0.0000 | horse_04 horse_04
2026-06-30 10:08:45,301 INFO: avg err:0.4322 | err:0.3726 | horse_04 horse_05
2026-06-30 10:08:45,539 INFO: avg err:0.4312 | err:0.1468 | horse_04 horse_06
2026-06-30 10:08:45,937 INFO: avg err:0.4305 | err:0.2455 | horse_04 horse_07
2026-06-30 10:08:46,275 INFO: avg err:0.4301 | err:0.3130 | horse_04 horse_08
2026-06-30 10:08:46,613 INFO: avg err:0.4304 | err:0.5180 | horse_04 horse_09
2026-06-30 10:08:46,946 INFO: avg err:0.4311 | err:0.6271 | horse_04 horse_10
2026-06-30 10:08:47,350 INFO: avg err:0.4328 | err:0.9020 | horse_05 cougar_01
2026-06-30 10:08:47,682 INFO: avg err:0.4345 | err:0.9195 | horse_05 cougar_02
2026-06-30 10:08:48,015 INFO: avg err:0.4347 | err:0.5009 | horse_05 cougar_03
2026-06-30 10:08:48,310 INFO: avg err:0.4346 | err:0.3976 | horse_05 cougar_04
2026-06-30 10:08:48,795 INFO: avg err:0.4341 | err:0.3004 | horse_05 hippo_01
2026-06-30 10:08:49,147 INFO: avg err:0.4332 | err:0.1664 | horse_05 hippo_02
2026-06-30 10:08:49,551 INFO: avg err:0.4339 | err:0.6373 | horse_05 hippo_03
2026-06-30 10:08:49,871 INFO: avg err:0.4339 | err:0.4185 | horse_05 hippo_04
2026-06-30 10:08:50,244 INFO: avg err:0.4343 | err:0.5546 | horse_05 hippo_05
2026-06-30 10:08:50,559 INFO: avg err:0.4334 | err:0.1682 | horse_05 hippo_06
2026-06-30 10:08:50,862 INFO: avg err:0.4332 | err:0.3947 | horse_05 horse_01
2026-06-30 10:08:51,224 INFO: avg err:0.4344 | err:0.7885 | horse_05 horse_02
2026-06-30 10:08:51,543 INFO: avg err:0.4342 | err:0.3737 | horse_05 horse_03
2026-06-30 10:08:51,885 INFO: avg err:0.4339 | err:0.3293 | horse_05 horse_04
2026-06-30 10:08:52,235 INFO: avg err:0.4324 | err:0.0000 | horse_05 horse_05
2026-06-30 10:08:52,563 INFO: avg err:0.4326 | err:0.4860 | horse_05 horse_06
2026-06-30 10:08:52,955 INFO: avg err:0.4327 | err:0.4550 | horse_05 horse_07
2026-06-30 10:08:53,242 INFO: avg err:0.4327 | err:0.4415 | horse_05 horse_08
2026-06-30 10:08:53,707 INFO: avg err:0.4335 | err:0.6794 | horse_05 horse_09
2026-06-30 10:08:54,072 INFO: avg err:0.4347 | err:0.7790 | horse_05 horse_10
2026-06-30 10:08:54,401 INFO: avg err:0.4358 | err:0.7743 | horse_06 cougar_01
2026-06-30 10:08:54,790 INFO: avg err:0.4369 | err:0.7826 | horse_06 cougar_02
2026-06-30 10:08:55,057 INFO: avg err:0.4364 | err:0.2707 | horse_06 cougar_03
2026-06-30 10:08:55,354 INFO: avg err:0.4359 | err:0.2845 | horse_06 cougar_04
2026-06-30 10:08:55,768 INFO: avg err:0.4356 | err:0.3315 | horse_06 hippo_01
2026-06-30 10:08:56,136 INFO: avg err:0.4351 | err:0.3081 | horse_06 hippo_02
2026-06-30 10:08:56,471 INFO: avg err:0.4360 | err:0.6911 | horse_06 hippo_03
2026-06-30 10:08:56,745 INFO: avg err:0.4354 | err:0.2748 | horse_06 hippo_04
2026-06-30 10:08:57,226 INFO: avg err:0.4347 | err:0.2089 | horse_06 hippo_05
2026-06-30 10:08:57,584 INFO: avg err:0.4347 | err:0.4292 | horse_06 hippo_06
2026-06-30 10:08:57,895 INFO: avg err:0.4342 | err:0.2807 | horse_06 horse_01
2026-06-30 10:08:58,240 INFO: avg err:0.4349 | err:0.6637 | horse_06 horse_02
2026-06-30 10:08:58,553 INFO: avg err:0.4337 | err:0.0546 | horse_06 horse_03
2026-06-30 10:08:58,874 INFO: avg err:0.4329 | err:0.1915 | horse_06 horse_04
2026-06-30 10:08:59,393 INFO: avg err:0.4330 | err:0.4647 | horse_06 horse_05
2026-06-30 10:08:59,748 INFO: avg err:0.4317 | err:0.0000 | horse_06 horse_06
2026-06-30 10:09:00,134 INFO: avg err:0.4308 | err:0.1669 | horse_06 horse_07
2026-06-30 10:09:00,496 INFO: avg err:0.4306 | err:0.3625 | horse_06 horse_08
2026-06-30 10:09:00,873 INFO: avg err:0.4310 | err:0.5610 | horse_06 horse_09
2026-06-30 10:09:01,217 INFO: avg err:0.4316 | err:0.6183 | horse_06 horse_10
2026-06-30 10:09:01,607 INFO: avg err:0.4326 | err:0.7504 | horse_07 cougar_01
2026-06-30 10:09:01,968 INFO: avg err:0.4336 | err:0.7577 | horse_07 cougar_02
2026-06-30 10:09:02,303 INFO: avg err:0.4328 | err:0.1803 | horse_07 cougar_03
2026-06-30 10:09:02,643 INFO: avg err:0.4321 | err:0.2005 | horse_07 cougar_04
2026-06-30 10:09:03,042 INFO: avg err:0.4316 | err:0.2491 | horse_07 hippo_01
2026-06-30 10:09:03,356 INFO: avg err:0.4313 | err:0.3380 | horse_07 hippo_02
2026-06-30 10:09:03,715 INFO: avg err:0.4318 | err:0.6052 | horse_07 hippo_03
2026-06-30 10:09:04,047 INFO: avg err:0.4312 | err:0.2271 | horse_07 hippo_04
2026-06-30 10:09:04,428 INFO: avg err:0.4307 | err:0.2672 | horse_07 hippo_05
2026-06-30 10:09:04,746 INFO: avg err:0.4304 | err:0.3532 | horse_07 hippo_06
2026-06-30 10:09:05,112 INFO: avg err:0.4302 | err:0.3432 | horse_07 horse_01
2026-06-30 10:09:05,445 INFO: avg err:0.4312 | err:0.7587 | horse_07 horse_02
2026-06-30 10:09:05,833 INFO: avg err:0.4308 | err:0.3073 | horse_07 horse_03
2026-06-30 10:09:06,182 INFO: avg err:0.4302 | err:0.2428 | horse_07 horse_04
2026-06-30 10:09:06,508 INFO: avg err:0.4303 | err:0.4426 | horse_07 horse_05
2026-06-30 10:09:06,893 INFO: avg err:0.4297 | err:0.2199 | horse_07 horse_06
2026-06-30 10:09:07,211 INFO: avg err:0.4284 | err:0.0000 | horse_07 horse_07
2026-06-30 10:09:07,596 INFO: avg err:0.4279 | err:0.2644 | horse_07 horse_08
2026-06-30 10:09:07,964 INFO: avg err:0.4282 | err:0.5351 | horse_07 horse_09
2026-06-30 10:09:08,341 INFO: avg err:0.4287 | err:0.6034 | horse_07 horse_10
2026-06-30 10:09:08,698 INFO: avg err:0.4298 | err:0.7820 | horse_08 cougar_01
2026-06-30 10:09:09,066 INFO: avg err:0.4308 | err:0.7811 | horse_08 cougar_02
2026-06-30 10:09:09,445 INFO: avg err:0.4305 | err:0.3395 | horse_08 cougar_03
2026-06-30 10:09:09,764 INFO: avg err:0.4306 | err:0.4734 | horse_08 cougar_04
2026-06-30 10:09:10,108 INFO: avg err:0.4306 | err:0.4169 | horse_08 hippo_01
2026-06-30 10:09:10,485 INFO: avg err:0.4304 | err:0.3578 | horse_08 hippo_02
2026-06-30 10:09:10,831 INFO: avg err:0.4312 | err:0.6995 | horse_08 hippo_03
2026-06-30 10:09:11,172 INFO: avg err:0.4311 | err:0.3997 | horse_08 hippo_04
2026-06-30 10:09:11,547 INFO: avg err:0.4305 | err:0.2321 | horse_08 hippo_05
2026-06-30 10:09:11,912 INFO: avg err:0.4305 | err:0.4418 | horse_08 hippo_06
2026-06-30 10:09:12,229 INFO: avg err:0.4301 | err:0.2907 | horse_08 horse_01
2026-06-30 10:09:12,589 INFO: avg err:0.4311 | err:0.7575 | horse_08 horse_02
2026-06-30 10:09:12,868 INFO: avg err:0.4310 | err:0.3948 | horse_08 horse_03
2026-06-30 10:09:13,189 INFO: avg err:0.4307 | err:0.3469 | horse_08 horse_04
2026-06-30 10:09:13,569 INFO: avg err:0.4309 | err:0.4808 | horse_08 horse_05
2026-06-30 10:09:13,901 INFO: avg err:0.4305 | err:0.3096 | horse_08 horse_06
2026-06-30 10:09:14,287 INFO: avg err:0.4298 | err:0.1759 | horse_08 horse_07
2026-06-30 10:09:14,643 INFO: avg err:0.4286 | err:0.0000 | horse_08 horse_08
2026-06-30 10:09:15,000 INFO: avg err:0.4292 | err:0.6346 | horse_08 horse_09
2026-06-30 10:09:15,308 INFO: avg err:0.4299 | err:0.6893 | horse_08 horse_10
2026-06-30 10:09:15,647 INFO: avg err:0.4299 | err:0.4246 | horse_09 cougar_01
2026-06-30 10:09:16,017 INFO: avg err:0.4298 | err:0.3904 | horse_09 cougar_02
2026-06-30 10:09:16,391 INFO: avg err:0.4304 | err:0.6457 | horse_09 cougar_03
2026-06-30 10:09:16,747 INFO: avg err:0.4313 | err:0.7616 | horse_09 cougar_04
2026-06-30 10:09:17,117 INFO: avg err:0.4320 | err:0.6916 | horse_09 hippo_01
2026-06-30 10:09:17,480 INFO: avg err:0.4326 | err:0.6651 | horse_09 hippo_02
2026-06-30 10:09:17,817 INFO: avg err:0.4328 | err:0.4867 | horse_09 hippo_03
2026-06-30 10:09:18,140 INFO: avg err:0.4335 | err:0.6857 | horse_09 hippo_04
2026-06-30 10:09:18,436 INFO: avg err:0.4338 | err:0.5520 | horse_09 hippo_05
2026-06-30 10:09:18,774 INFO: avg err:0.4344 | err:0.6416 | horse_09 hippo_06
2026-06-30 10:09:19,097 INFO: avg err:0.4348 | err:0.6051 | horse_09 horse_01
2026-06-30 10:09:19,449 INFO: avg err:0.4344 | err:0.2844 | horse_09 horse_02
2026-06-30 10:09:19,865 INFO: avg err:0.4349 | err:0.5999 | horse_09 horse_03
2026-06-30 10:09:20,217 INFO: avg err:0.4353 | err:0.5910 | horse_09 horse_04
2026-06-30 10:09:20,620 INFO: avg err:0.4358 | err:0.6483 | horse_09 horse_05
2026-06-30 10:09:20,986 INFO: avg err:0.4365 | err:0.6794 | horse_09 horse_06
2026-06-30 10:09:21,267 INFO: avg err:0.4372 | err:0.7171 | horse_09 horse_07
2026-06-30 10:09:21,570 INFO: avg err:0.4376 | err:0.5746 | horse_09 horse_08
2026-06-30 10:09:22,044 INFO: avg err:0.4364 | err:0.0000 | horse_09 horse_09
2026-06-30 10:09:22,379 INFO: avg err:0.4359 | err:0.2341 | horse_09 horse_10
2026-06-30 10:09:22,812 INFO: avg err:0.4359 | err:0.4308 | horse_10 cougar_01
2026-06-30 10:09:23,141 INFO: avg err:0.4359 | err:0.4234 | horse_10 cougar_02
2026-06-30 10:09:23,540 INFO: avg err:0.4366 | err:0.7319 | horse_10 cougar_03
2026-06-30 10:09:23,898 INFO: avg err:0.4373 | err:0.7008 | horse_10 cougar_04
2026-06-30 10:09:24,287 INFO: avg err:0.4380 | err:0.7102 | horse_10 hippo_01
2026-06-30 10:09:24,544 INFO: avg err:0.4387 | err:0.6813 | horse_10 hippo_02
2026-06-30 10:09:25,023 INFO: avg err:0.4389 | err:0.5352 | horse_10 hippo_03
2026-06-30 10:09:25,361 INFO: avg err:0.4395 | err:0.6684 | horse_10 hippo_04
2026-06-30 10:09:25,733 INFO: avg err:0.4398 | err:0.5638 | horse_10 hippo_05
2026-06-30 10:09:26,129 INFO: avg err:0.4405 | err:0.6858 | horse_10 hippo_06
2026-06-30 10:09:26,530 INFO: avg err:0.4409 | err:0.6049 | horse_10 horse_01
2026-06-30 10:09:26,799 INFO: avg err:0.4406 | err:0.3224 | horse_10 horse_02
2026-06-30 10:09:27,233 INFO: avg err:0.4409 | err:0.5835 | horse_10 horse_03
2026-06-30 10:09:27,589 INFO: avg err:0.4415 | err:0.6694 | horse_10 horse_04
2026-06-30 10:09:27,999 INFO: avg err:0.4422 | err:0.6947 | horse_10 horse_05
2026-06-30 10:09:28,352 INFO: avg err:0.4426 | err:0.6245 | horse_10 horse_06
2026-06-30 10:09:28,811 INFO: avg err:0.4436 | err:0.8260 | horse_10 horse_07
2026-06-30 10:09:29,186 INFO: avg err:0.4436 | err:0.4471 | horse_10 horse_08
2026-06-30 10:09:29,532 INFO: avg err:0.4431 | err:0.2485 | horse_10 horse_09
2026-06-30 10:09:29,956 INFO: avg err:0.4420 | err:0.0000 | horse_10 horse_10
2026-06-30 10:09:29,992 INFO: Avg time: 0.1420
2026-06-30 10:09:30,640 INFO: Val auc: 0.2077
2026-06-30 10:09:30,645 INFO: Val avg error: 0.4420
2026-06-30 10:09:30,651 INFO: Best model is updated, average geodesic error: 0.4420
2026-06-30 10:09:30,729 INFO: [ONB diag] max|Q-I|: mean=3.6861e-02 max=3.9004e-02 | max|Φ̃ᵀMΦ̃-I|: mean=7.6070e-07 max=8.9407e-07
2026-06-30 10:09:37,907 INFO: [smal_..][epoch:  3, iter:   2,020, lr:(9.780e-04,9.780e-04,)][eta: 1:52:15, time (data): 0.342 (0.018)]l_bij: 1.9846e+02 l_orth: 1.9147e+02 l_align: 1.7556e+02 l_qreg: 1.6072e+00 l_total: 5.6710e+02 
2026-06-30 10:09:45,072 INFO: [smal_..][epoch:  3, iter:   2,040, lr:(9.780e-04,9.780e-04,)][eta: 1:51:52, time (data): 0.353 (0.018)]l_bij: 2.0488e+02 l_orth: 2.0022e+02 l_align: 1.7255e+02 l_qreg: 1.6290e+00 l_total: 5.7928e+02 
2026-06-30 10:09:52,459 INFO: [smal_..][epoch:  3, iter:   2,060, lr:(9.780e-04,9.780e-04,)][eta: 1:51:31, time (data): 0.359 (0.018)]l_bij: 2.0350e+02 l_orth: 1.9415e+02 l_align: 1.7178e+02 l_qreg: 1.8762e+00 l_total: 5.7131e+02 
2026-06-30 10:09:59,840 INFO: [smal_..][epoch:  3, iter:   2,080, lr:(9.780e-04,9.780e-04,)][eta: 1:51:10, time (data): 0.362 (0.018)]l_bij: 2.0624e+02 l_orth: 2.0265e+02 l_align: 1.7208e+02 l_qreg: 1.8922e+00 l_total: 5.8287e+02 
2026-06-30 10:10:07,235 INFO: [smal_..][epoch:  3, iter:   2,100, lr:(9.780e-04,9.780e-04,)][eta: 1:50:49, time (data): 0.364 (0.018)]l_bij: 4.8171e+01 l_orth: 5.3807e+01 l_align: 3.0733e+02 l_qreg: 1.5134e+00 l_total: 4.1082e+02 
2026-06-30 10:10:14,351 INFO: [smal_..][epoch:  3, iter:   2,120, lr:(9.780e-04,9.780e-04,)][eta: 1:50:27, time (data): 0.362 (0.018)]l_bij: 2.0777e+02 l_orth: 2.0397e+02 l_align: 1.6898e+02 l_qreg: 1.8770e+00 l_total: 5.8260e+02 
2026-06-30 10:10:21,395 INFO: [smal_..][epoch:  3, iter:   2,140, lr:(9.780e-04,9.780e-04,)][eta: 1:50:04, time (data): 0.361 (0.018)]l_bij: 1.9216e+02 l_orth: 1.8798e+02 l_align: 1.7371e+02 l_qreg: 1.5623e+00 l_total: 5.5541e+02 
2026-06-30 10:10:28,242 INFO: [smal_..][epoch:  3, iter:   2,160, lr:(9.780e-04,9.780e-04,)][eta: 1:49:41, time (data): 0.358 (0.018)]l_bij: 2.0166e+02 l_orth: 2.0088e+02 l_align: 1.7366e+02 l_qreg: 1.7123e+00 l_total: 5.7791e+02 
2026-06-30 10:10:35,372 INFO: [smal_..][epoch:  3, iter:   2,180, lr:(9.780e-04,9.780e-04,)][eta: 1:49:19, time (data): 0.358 (0.018)]l_bij: 2.0939e+02 l_orth: 2.0462e+02 l_align: 1.7450e+02 l_qreg: 1.7459e+00 l_total: 5.9025e+02 
2026-06-30 10:10:42,516 INFO: [smal_..][epoch:  3, iter:   2,200, lr:(9.780e-04,9.780e-04,)][eta: 1:48:58, time (data): 0.358 (0.018)]l_bij: 1.9930e+02 l_orth: 1.9386e+02 l_align: 1.7903e+02 l_qreg: 1.3412e+00 l_total: 5.7353e+02 
2026-06-30 10:10:49,515 INFO: [smal_..][epoch:  3, iter:   2,220, lr:(9.780e-04,9.780e-04,)][eta: 1:48:37, time (data): 0.358 (0.017)]l_bij: 2.0553e+02 l_orth: 2.0127e+02 l_align: 1.6254e+02 l_qreg: 1.5573e+00 l_total: 5.7090e+02 
2026-06-30 10:10:56,737 INFO: [smal_..][epoch:  3, iter:   2,240, lr:(9.780e-04,9.780e-04,)][eta: 1:48:17, time (data): 0.360 (0.017)]l_bij: 2.0532e+02 l_orth: 1.9923e+02 l_align: 1.6773e+02 l_qreg: 1.8505e+00 l_total: 5.7413e+02 
2026-06-30 10:11:04,169 INFO: [smal_..][epoch:  3, iter:   2,260, lr:(9.780e-04,9.780e-04,)][eta: 1:47:58, time (data): 0.365 (0.017)]l_bij: 2.0564e+02 l_orth: 2.0114e+02 l_align: 1.7064e+02 l_qreg: 1.5699e+00 l_total: 5.7898e+02 
2026-06-30 10:11:11,195 INFO: [smal_..][epoch:  3, iter:   2,280, lr:(9.780e-04,9.780e-04,)][eta: 1:47:37, time (data): 0.361 (0.017)]l_bij: 2.0389e+02 l_orth: 2.0029e+02 l_align: 1.7329e+02 l_qreg: 1.7099e+00 l_total: 5.7918e+02 
2026-06-30 10:11:18,459 INFO: [smal_..][epoch:  3, iter:   2,300, lr:(9.780e-04,9.780e-04,)][eta: 1:47:18, time (data): 0.361 (0.017)]l_bij: 1.9490e+02 l_orth: 1.9231e+02 l_align: 1.7596e+02 l_qreg: 1.5320e+00 l_total: 5.6470e+02 
2026-06-30 10:11:26,282 INFO: [smal_..][epoch:  3, iter:   2,320, lr:(9.780e-04,9.780e-04,)][eta: 1:47:03, time (data): 0.367 (0.016)]l_bij: 1.9868e+02 l_orth: 1.9434e+02 l_align: 1.7398e+02 l_qreg: 1.4988e+00 l_total: 5.6849e+02 
2026-06-30 10:11:34,119 INFO: [smal_..][epoch:  3, iter:   2,340, lr:(9.780e-04,9.780e-04,)][eta: 1:46:48, time (data): 0.370 (0.017)]l_bij: 1.9031e+02 l_orth: 1.8754e+02 l_align: 1.8369e+02 l_qreg: 1.5928e+00 l_total: 5.6314e+02 
2026-06-30 10:11:42,031 INFO: [smal_..][epoch:  3, iter:   2,360, lr:(9.780e-04,9.780e-04,)][eta: 1:46:33, time (data): 0.374 (0.017)]l_bij: 2.0153e+02 l_orth: 1.9746e+02 l_align: 1.6906e+02 l_qreg: 1.3608e+00 l_total: 5.6941e+02 
2026-06-30 10:11:49,980 INFO: [smal_..][epoch:  3, iter:   2,380, lr:(9.780e-04,9.780e-04,)][eta: 1:46:19, time (data): 0.377 (0.017)]l_bij: 2.1194e+02 l_orth: 2.1633e+02 l_align: 1.6765e+02 l_qreg: 1.6821e+00 l_total: 5.9760e+02 
2026-06-30 10:11:57,496 INFO: [smal_..][epoch:  3, iter:   2,400, lr:(9.780e-04,9.780e-04,)][eta: 1:46:02, time (data): 0.376 (0.017)]l_bij: 2.0178e+02 l_orth: 1.9861e+02 l_align: 1.6756e+02 l_qreg: 1.4319e+00 l_total: 5.6938e+02 
2026-06-30 10:12:05,181 INFO: [smal_..][epoch:  3, iter:   2,420, lr:(9.780e-04,9.780e-04,)][eta: 1:45:46, time (data): 0.382 (0.016)]l_bij: 2.0452e+02 l_orth: 2.0665e+02 l_align: 1.8456e+02 l_qreg: 1.9553e+00 l_total: 5.9769e+02 
2026-06-30 10:12:12,872 INFO: [smal_..][epoch:  3, iter:   2,440, lr:(9.780e-04,9.780e-04,)][eta: 1:45:31, time (data): 0.384 (0.016)]l_bij: 2.0543e+02 l_orth: 2.0056e+02 l_align: 1.6254e+02 l_qreg: 1.5509e+00 l_total: 5.7008e+02 
2026-06-30 10:12:20,481 INFO: [smal_..][epoch:  3, iter:   2,460, lr:(9.780e-04,9.780e-04,)][eta: 1:45:15, time (data): 0.382 (0.016)]l_bij: 2.0655e+02 l_orth: 2.0215e+02 l_align: 1.6200e+02 l_qreg: 1.5832e+00 l_total: 5.7228e+02 
2026-06-30 10:12:28,207 INFO: [smal_..][epoch:  3, iter:   2,480, lr:(9.780e-04,9.780e-04,)][eta: 1:45:00, time (data): 0.383 (0.015)]l_bij: 2.0463e+02 l_orth: 2.0028e+02 l_align: 1.7384e+02 l_qreg: 2.1098e+00 l_total: 5.8086e+02 
2026-06-30 10:12:36,153 INFO: [smal_..][epoch:  3, iter:   2,500, lr:(9.780e-04,9.780e-04,)][eta: 1:44:47, time (data): 0.386 (0.016)]l_bij: 1.9408e+02 l_orth: 1.9526e+02 l_align: 1.8329e+02 l_qreg: 2.2606e+00 l_total: 5.7488e+02 
2026-06-30 10:12:43,899 INFO: [smal_..][epoch:  3, iter:   2,520, lr:(9.780e-04,9.780e-04,)][eta: 1:44:32, time (data): 0.387 (0.016)]l_bij: 1.9817e+02 l_orth: 1.9367e+02 l_align: 1.7269e+02 l_qreg: 2.1466e+00 l_total: 5.6668e+02 
2026-06-30 10:12:51,798 INFO: [smal_..][epoch:  4, iter:   2,540, lr:(9.510e-04,9.510e-04,)][eta: 1:44:18, time (data): 0.388 (0.018)]l_bij: 1.9493e+02 l_orth: 1.9082e+02 l_align: 1.8173e+02 l_qreg: 2.0090e+00 l_total: 5.6949e+02 
2026-06-30 10:13:00,151 INFO: [smal_..][epoch:  4, iter:   2,560, lr:(9.510e-04,9.510e-04,)][eta: 1:44:07, time (data): 0.392 (0.018)]l_bij: 2.0171e+02 l_orth: 1.9800e+02 l_align: 1.7306e+02 l_qreg: 1.7175e+00 l_total: 5.7449e+02 
2026-06-30 10:13:07,796 INFO: [smal_..][epoch:  4, iter:   2,580, lr:(9.510e-04,9.510e-04,)][eta: 1:43:52, time (data): 0.391 (0.018)]l_bij: 2.0664e+02 l_orth: 2.0175e+02 l_align: 1.6860e+02 l_qreg: 1.7632e+00 l_total: 5.7875e+02 
2026-06-30 10:13:15,903 INFO: [smal_..][epoch:  4, iter:   2,600, lr:(9.510e-04,9.510e-04,)][eta: 1:43:40, time (data): 0.392 (0.018)]l_bij: 1.9461e+02 l_orth: 1.9066e+02 l_align: 1.7034e+02 l_qreg: 1.6902e+00 l_total: 5.5731e+02 
2026-06-30 10:13:23,797 INFO: [smal_..][epoch:  4, iter:   2,620, lr:(9.510e-04,9.510e-04,)][eta: 1:43:27, time (data): 0.400 (0.017)]l_bij: 2.0562e+02 l_orth: 2.0287e+02 l_align: 1.6651e+02 l_qreg: 1.8096e+00 l_total: 5.7680e+02 
2026-06-30 10:13:31,663 INFO: [smal_..][epoch:  4, iter:   2,640, lr:(9.510e-04,9.510e-04,)][eta: 1:43:13, time (data): 0.395 (0.017)]l_bij: 1.9934e+02 l_orth: 1.9447e+02 l_align: 1.6629e+02 l_qreg: 1.4704e+00 l_total: 5.6156e+02 
2026-06-30 10:13:39,635 INFO: [smal_..][epoch:  4, iter:   2,660, lr:(9.510e-04,9.510e-04,)][eta: 1:43:00, time (data): 0.396 (0.017)]l_bij: 1.9771e+02 l_orth: 1.9676e+02 l_align: 1.7530e+02 l_qreg: 1.4970e+00 l_total: 5.7126e+02 
2026-06-30 10:13:47,425 INFO: [smal_..][epoch:  4, iter:   2,680, lr:(9.510e-04,9.510e-04,)][eta: 1:42:47, time (data): 0.394 (0.017)]l_bij: 1.9525e+02 l_orth: 1.8863e+02 l_align: 1.7840e+02 l_qreg: 1.4891e+00 l_total: 5.6378e+02 
2026-06-30 10:13:55,194 INFO: [smal_..][epoch:  4, iter:   2,700, lr:(9.510e-04,9.510e-04,)][eta: 1:42:33, time (data): 0.393 (0.017)]l_bij: 1.9513e+02 l_orth: 1.9016e+02 l_align: 1.7530e+02 l_qreg: 1.8230e+00 l_total: 5.6242e+02 
2026-06-30 10:14:03,212 INFO: [smal_..][epoch:  4, iter:   2,720, lr:(9.510e-04,9.510e-04,)][eta: 1:42:21, time (data): 0.394 (0.017)]l_bij: 1.9187e+02 l_orth: 1.9214e+02 l_align: 1.8691e+02 l_qreg: 1.7192e+00 l_total: 5.7264e+02 
2026-06-30 10:14:11,024 INFO: [smal_..][epoch:  4, iter:   2,740, lr:(9.510e-04,9.510e-04,)][eta: 1:42:07, time (data): 0.394 (0.017)]l_bij: 2.0625e+02 l_orth: 2.0239e+02 l_align: 1.6365e+02 l_qreg: 1.5589e+00 l_total: 5.7385e+02 
2026-06-30 10:14:19,098 INFO: [smal_..][epoch:  4, iter:   2,760, lr:(9.510e-04,9.510e-04,)][eta: 1:41:55, time (data): 0.395 (0.017)]l_bij: 2.0020e+02 l_orth: 1.9712e+02 l_align: 1.7031e+02 l_qreg: 1.4348e+00 l_total: 5.6907e+02 
2026-06-30 10:14:27,020 INFO: [smal_..][epoch:  4, iter:   2,780, lr:(9.510e-04,9.510e-04,)][eta: 1:41:43, time (data): 0.395 (0.017)]l_bij: 2.0293e+02 l_orth: 1.9888e+02 l_align: 1.6715e+02 l_qreg: 1.4638e+00 l_total: 5.7042e+02 
2026-06-30 10:14:34,944 INFO: [smal_..][epoch:  4, iter:   2,800, lr:(9.510e-04,9.510e-04,)][eta: 1:41:30, time (data): 0.395 (0.017)]l_bij: 2.0043e+02 l_orth: 1.9466e+02 l_align: 1.6958e+02 l_qreg: 1.6956e+00 l_total: 5.6637e+02 
2026-06-30 10:14:42,813 INFO: [smal_..][epoch:  4, iter:   2,820, lr:(9.510e-04,9.510e-04,)][eta: 1:41:17, time (data): 0.388 (0.017)]l_bij: 1.9994e+02 l_orth: 1.9438e+02 l_align: 1.7854e+02 l_qreg: 1.6738e+00 l_total: 5.7454e+02 
2026-06-30 10:14:50,753 INFO: [smal_..][epoch:  4, iter:   2,840, lr:(9.510e-04,9.510e-04,)][eta: 1:41:05, time (data): 0.395 (0.017)]l_bij: 1.9487e+02 l_orth: 1.9208e+02 l_align: 1.7461e+02 l_qreg: 1.6454e+00 l_total: 5.6320e+02 
2026-06-30 10:14:58,358 INFO: [smal_..][epoch:  4, iter:   2,860, lr:(9.510e-04,9.510e-04,)][eta: 1:40:51, time (data): 0.388 (0.017)]l_bij: 1.8350e+02 l_orth: 1.7863e+02 l_align: 1.8525e+02 l_qreg: 1.6581e+00 l_total: 5.4904e+02 
2026-06-30 10:15:06,095 INFO: [smal_..][epoch:  4, iter:   2,880, lr:(9.510e-04,9.510e-04,)][eta: 1:40:38, time (data): 0.388 (0.017)]l_bij: 2.1470e+02 l_orth: 2.1157e+02 l_align: 1.5947e+02 l_qreg: 1.7923e+00 l_total: 5.8754e+02 
2026-06-30 10:15:14,042 INFO: [smal_..][epoch:  4, iter:   2,900, lr:(9.510e-04,9.510e-04,)][eta: 1:40:26, time (data): 0.390 (0.017)]l_bij: 1.8881e+02 l_orth: 1.9095e+02 l_align: 1.8328e+02 l_qreg: 1.5686e+00 l_total: 5.6461e+02 
2026-06-30 10:15:21,816 INFO: [smal_..][epoch:  4, iter:   2,920, lr:(9.510e-04,9.510e-04,)][eta: 1:40:13, time (data): 0.390 (0.017)]l_bij: 3.4051e+01 l_orth: 3.4903e+01 l_align: 3.2337e+02 l_qreg: 1.8108e+00 l_total: 3.9413e+02 
2026-06-30 10:15:29,813 INFO: [smal_..][epoch:  4, iter:   2,940, lr:(9.510e-04,9.510e-04,)][eta: 1:40:01, time (data): 0.391 (0.016)]l_bij: 2.0089e+02 l_orth: 2.0344e+02 l_align: 1.7646e+02 l_qreg: 1.9262e+00 l_total: 5.8271e+02 
2026-06-30 10:15:37,700 INFO: [smal_..][epoch:  4, iter:   2,960, lr:(9.510e-04,9.510e-04,)][eta: 1:39:49, time (data): 0.392 (0.016)]l_bij: 1.9591e+02 l_orth: 1.9381e+02 l_align: 1.7360e+02 l_qreg: 1.6160e+00 l_total: 5.6494e+02 
2026-06-30 10:15:45,607 INFO: [smal_..][epoch:  4, iter:   2,980, lr:(9.510e-04,9.510e-04,)][eta: 1:39:37, time (data): 0.392 (0.016)]l_bij: 2.0420e+02 l_orth: 1.9946e+02 l_align: 1.6672e+02 l_qreg: 1.4284e+00 l_total: 5.7180e+02 
2026-06-30 10:15:53,420 INFO: [smal_..][epoch:  4, iter:   3,000, lr:(9.510e-04,9.510e-04,)][eta: 1:39:24, time (data): 0.392 (0.016)]l_bij: 2.0514e+02 l_orth: 1.9799e+02 l_align: 1.6615e+02 l_qreg: 1.3408e+00 l_total: 5.7061e+02 
2026-06-30 10:16:01,299 INFO: [smal_..][epoch:  4, iter:   3,020, lr:(9.510e-04,9.510e-04,)][eta: 1:39:12, time (data): 0.390 (0.014)]l_bij: 1.9378e+02 l_orth: 1.8769e+02 l_align: 1.7911e+02 l_qreg: 2.0428e+00 l_total: 5.6262e+02 
2026-06-30 10:16:09,061 INFO: [smal_..][epoch:  4, iter:   3,040, lr:(9.510e-04,9.510e-04,)][eta: 1:39:00, time (data): 0.388 (0.015)]l_bij: 1.9228e+02 l_orth: 1.8725e+02 l_align: 1.7625e+02 l_qreg: 1.6964e+00 l_total: 5.5748e+02 
2026-06-30 10:16:16,665 INFO: [smal_..][epoch:  4, iter:   3,060, lr:(9.510e-04,9.510e-04,)][eta: 1:38:47, time (data): 0.385 (0.015)]l_bij: 2.0571e+02 l_orth: 1.9796e+02 l_align: 1.7029e+02 l_qreg: 1.7482e+00 l_total: 5.7571e+02 
2026-06-30 10:16:24,410 INFO: [smal_..][epoch:  4, iter:   3,080, lr:(9.510e-04,9.510e-04,)][eta: 1:38:34, time (data): 0.385 (0.016)]l_bij: 1.9114e+02 l_orth: 1.8471e+02 l_align: 1.7590e+02 l_qreg: 1.7573e+00 l_total: 5.5350e+02 
2026-06-30 10:16:32,024 INFO: [smal_..][epoch:  4, iter:   3,100, lr:(9.510e-04,9.510e-04,)][eta: 1:38:21, time (data): 0.384 (0.016)]l_bij: 1.9848e+02 l_orth: 1.9282e+02 l_align: 1.6495e+02 l_qreg: 1.7526e+00 l_total: 5.5801e+02 
2026-06-30 10:16:39,745 INFO: [smal_..][epoch:  4, iter:   3,120, lr:(9.510e-04,9.510e-04,)][eta: 1:38:09, time (data): 0.384 (0.016)]l_bij: 2.0436e+02 l_orth: 2.0431e+02 l_align: 1.7136e+02 l_qreg: 1.4374e+00 l_total: 5.8147e+02 
2026-06-30 10:16:47,384 INFO: [smal_..][epoch:  4, iter:   3,140, lr:(9.510e-04,9.510e-04,)][eta: 1:37:56, time (data): 0.384 (0.016)]l_bij: 2.0627e+02 l_orth: 1.9995e+02 l_align: 1.6761e+02 l_qreg: 1.7508e+00 l_total: 5.7558e+02 
2026-06-30 10:16:54,789 INFO: [smal_..][epoch:  4, iter:   3,160, lr:(9.510e-04,9.510e-04,)][eta: 1:37:42, time (data): 0.382 (0.016)]l_bij: 1.9899e+02 l_orth: 1.9434e+02 l_align: 1.7317e+02 l_qreg: 2.1494e+00 l_total: 5.6865e+02 
2026-06-30 10:17:02,532 INFO: [smal_..][epoch:  4, iter:   3,180, lr:(9.510e-04,9.510e-04,)][eta: 1:37:30, time (data): 0.383 (0.016)]l_bij: 1.8883e+02 l_orth: 1.9002e+02 l_align: 1.8449e+02 l_qreg: 1.4346e+00 l_total: 5.6477e+02 
2026-06-30 10:17:10,310 INFO: [smal_..][epoch:  4, iter:   3,200, lr:(9.510e-04,9.510e-04,)][eta: 1:37:18, time (data): 0.383 (0.016)]l_bij: 2.1178e+02 l_orth: 2.1174e+02 l_align: 1.7048e+02 l_qreg: 1.7940e+00 l_total: 5.9580e+02 
2026-06-30 10:17:18,020 INFO: [smal_..][epoch:  4, iter:   3,220, lr:(9.510e-04,9.510e-04,)][eta: 1:37:06, time (data): 0.371 (0.015)]l_bij: 2.0041e+02 l_orth: 1.9607e+02 l_align: 1.7498e+02 l_qreg: 1.9746e+00 l_total: 5.7344e+02 
2026-06-30 10:17:25,793 INFO: [smal_..][epoch:  4, iter:   3,240, lr:(9.510e-04,9.510e-04,)][eta: 1:36:54, time (data): 0.386 (0.016)]l_bij: 4.2524e+01 l_orth: 4.2325e+01 l_align: 3.1664e+02 l_qreg: 2.1858e+00 l_total: 4.0367e+02 
2026-06-30 10:17:33,337 INFO: [smal_..][epoch:  4, iter:   3,260, lr:(9.510e-04,9.510e-04,)][eta: 1:36:41, time (data): 0.382 (0.016)]l_bij: 1.8791e+02 l_orth: 1.8407e+02 l_align: 1.8420e+02 l_qreg: 1.5235e+00 l_total: 5.5770e+02 
2026-06-30 10:17:40,995 INFO: [smal_..][epoch:  4, iter:   3,280, lr:(9.510e-04,9.510e-04,)][eta: 1:36:29, time (data): 0.382 (0.016)]l_bij: 2.0169e+02 l_orth: 2.0348e+02 l_align: 1.7710e+02 l_qreg: 1.7691e+00 l_total: 5.8405e+02 
2026-06-30 10:17:48,520 INFO: [smal_..][epoch:  4, iter:   3,300, lr:(9.510e-04,9.510e-04,)][eta: 1:36:16, time (data): 0.380 (0.016)]l_bij: 1.9840e+02 l_orth: 2.0765e+02 l_align: 1.8121e+02 l_qreg: 2.1496e+00 l_total: 5.8941e+02 
2026-06-30 10:17:56,349 INFO: [smal_..][epoch:  4, iter:   3,320, lr:(9.510e-04,9.510e-04,)][eta: 1:36:05, time (data): 0.383 (0.016)]l_bij: 2.0495e+02 l_orth: 2.0050e+02 l_align: 1.7035e+02 l_qreg: 2.2171e+00 l_total: 5.7802e+02 
2026-06-30 10:18:03,543 INFO: [smal_..][epoch:  4, iter:   3,340, lr:(9.510e-04,9.510e-04,)][eta: 1:35:51, time (data): 0.379 (0.016)]l_bij: 2.0136e+02 l_orth: 1.9960e+02 l_align: 1.6604e+02 l_qreg: 1.9138e+00 l_total: 5.6891e+02 
2026-06-30 10:18:10,783 INFO: [smal_..][epoch:  4, iter:   3,360, lr:(9.510e-04,9.510e-04,)][eta: 1:35:37, time (data): 0.376 (0.016)]l_bij: 2.0320e+02 l_orth: 1.9753e+02 l_align: 1.6857e+02 l_qreg: 2.0230e+00 l_total: 5.7132e+02 
2026-06-30 10:18:18,398 INFO: [smal_..][epoch:  5, iter:   3,380, lr:(9.141e-04,9.141e-04,)][eta: 1:35:25, time (data): 0.377 (0.018)]l_bij: 2.0153e+02 l_orth: 2.0341e+02 l_align: 1.7807e+02 l_qreg: 1.5460e+00 l_total: 5.8456e+02 
2026-06-30 10:18:25,494 INFO: [smal_..][epoch:  5, iter:   3,400, lr:(9.141e-04,9.141e-04,)][eta: 1:35:11, time (data): 0.374 (0.018)]l_bij: 2.0413e+01 l_orth: 2.2424e+01 l_align: 3.4067e+02 l_qreg: 1.7126e+00 l_total: 3.8522e+02 
2026-06-30 10:18:32,705 INFO: [smal_..][epoch:  5, iter:   3,420, lr:(9.141e-04,9.141e-04,)][eta: 1:34:57, time (data): 0.354 (0.016)]l_bij: 1.9442e+02 l_orth: 2.0856e+02 l_align: 1.8845e+02 l_qreg: 1.4160e+00 l_total: 5.9285e+02 
2026-06-30 10:18:39,902 INFO: [smal_..][epoch:  5, iter:   3,440, lr:(9.141e-04,9.141e-04,)][eta: 1:34:43, time (data): 0.359 (0.017)]l_bij: 1.9755e+02 l_orth: 1.9388e+02 l_align: 1.6810e+02 l_qreg: 1.5592e+00 l_total: 5.6109e+02 
2026-06-30 10:18:46,995 INFO: [smal_..][epoch:  5, iter:   3,460, lr:(9.141e-04,9.141e-04,)][eta: 1:34:29, time (data): 0.357 (0.017)]l_bij: 1.8756e+02 l_orth: 1.8387e+02 l_align: 1.8310e+02 l_qreg: 1.5699e+00 l_total: 5.5610e+02 
2026-06-30 10:18:54,162 INFO: [smal_..][epoch:  5, iter:   3,480, lr:(9.141e-04,9.141e-04,)][eta: 1:34:16, time (data): 0.357 (0.017)]l_bij: 2.0841e+02 l_orth: 2.0311e+02 l_align: 1.6825e+02 l_qreg: 1.5884e+00 l_total: 5.8136e+02 
2026-06-30 10:19:01,228 INFO: [smal_..][epoch:  5, iter:   3,500, lr:(9.141e-04,9.141e-04,)][eta: 1:34:02, time (data): 0.356 (0.017)]l_bij: 1.9778e+02 l_orth: 1.9200e+02 l_align: 1.6950e+02 l_qreg: 1.2145e+00 l_total: 5.6051e+02 
2026-06-30 10:19:08,373 INFO: [smal_..][epoch:  5, iter:   3,520, lr:(9.141e-04,9.141e-04,)][eta: 1:33:49, time (data): 0.356 (0.018)]l_bij: 2.0385e+02 l_orth: 1.9992e+02 l_align: 1.7179e+02 l_qreg: 1.8778e+00 l_total: 5.7745e+02 
2026-06-30 10:19:15,611 INFO: [smal_..][epoch:  5, iter:   3,540, lr:(9.141e-04,9.141e-04,)][eta: 1:33:35, time (data): 0.357 (0.017)]l_bij: 1.9927e+02 l_orth: 1.9261e+02 l_align: 1.7575e+02 l_qreg: 2.0676e+00 l_total: 5.6971e+02 
2026-06-30 10:19:22,857 INFO: [smal_..][epoch:  5, iter:   3,560, lr:(9.141e-04,9.141e-04,)][eta: 1:33:23, time (data): 0.358 (0.018)]l_bij: 1.8798e+02 l_orth: 1.8250e+02 l_align: 1.8068e+02 l_qreg: 1.8289e+00 l_total: 5.5298e+02 
2026-06-30 10:19:30,146 INFO: [smal_..][epoch:  5, iter:   3,580, lr:(9.141e-04,9.141e-04,)][eta: 1:33:10, time (data): 0.359 (0.018)]l_bij: 2.0427e+02 l_orth: 1.9837e+02 l_align: 1.7172e+02 l_qreg: 1.8309e+00 l_total: 5.7618e+02 
2026-06-30 10:19:37,029 INFO: [smal_..][epoch:  5, iter:   3,600, lr:(9.141e-04,9.141e-04,)][eta: 1:32:56, time (data): 0.357 (0.018)]l_bij: 2.0159e+02 l_orth: 1.9583e+02 l_align: 1.6945e+02 l_qreg: 1.9614e+00 l_total: 5.6883e+02 
2026-06-30 10:19:44,421 INFO: [smal_..][epoch:  5, iter:   3,620, lr:(9.141e-04,9.141e-04,)][eta: 1:32:43, time (data): 0.379 (0.016)]l_bij: 1.9291e+02 l_orth: 1.8839e+02 l_align: 1.7730e+02 l_qreg: 1.8602e+00 l_total: 5.6046e+02 
2026-06-30 10:19:51,713 INFO: [smal_..][epoch:  5, iter:   3,640, lr:(9.141e-04,9.141e-04,)][eta: 1:32:31, time (data): 0.365 (0.018)]l_bij: 2.0227e+02 l_orth: 1.9563e+02 l_align: 1.6702e+02 l_qreg: 1.4496e+00 l_total: 5.6636e+02 
2026-06-30 10:19:59,222 INFO: [smal_..][epoch:  5, iter:   3,660, lr:(9.141e-04,9.141e-04,)][eta: 1:32:19, time (data): 0.370 (0.017)]l_bij: 1.9292e+02 l_orth: 1.8858e+02 l_align: 1.7429e+02 l_qreg: 1.6332e+00 l_total: 5.5742e+02 
2026-06-30 10:20:07,017 INFO: [smal_..][epoch:  5, iter:   3,680, lr:(9.141e-04,9.141e-04,)][eta: 1:32:08, time (data): 0.376 (0.016)]l_bij: 1.9322e+02 l_orth: 1.9192e+02 l_align: 1.7784e+02 l_qreg: 1.9472e+00 l_total: 5.6493e+02 
2026-06-30 10:20:14,736 INFO: [smal_..][epoch:  5, iter:   3,700, lr:(9.141e-04,9.141e-04,)][eta: 1:31:58, time (data): 0.379 (0.016)]l_bij: 2.0626e+02 l_orth: 2.0726e+02 l_align: 1.7542e+02 l_qreg: 1.8010e+00 l_total: 5.9074e+02 
2026-06-30 10:20:22,439 INFO: [smal_..][epoch:  5, iter:   3,720, lr:(9.141e-04,9.141e-04,)][eta: 1:31:47, time (data): 0.380 (0.016)]l_bij: 2.1420e+02 l_orth: 2.2138e+02 l_align: 1.6944e+02 l_qreg: 1.9469e+00 l_total: 6.0696e+02 
2026-06-30 10:20:30,270 INFO: [smal_..][epoch:  5, iter:   3,740, lr:(9.141e-04,9.141e-04,)][eta: 1:31:36, time (data): 0.382 (0.016)]l_bij: 2.0777e+02 l_orth: 2.0202e+02 l_align: 1.7230e+02 l_qreg: 1.8360e+00 l_total: 5.8392e+02 
2026-06-30 10:20:37,955 INFO: [smal_..][epoch:  5, iter:   3,760, lr:(9.141e-04,9.141e-04,)][eta: 1:31:25, time (data): 0.382 (0.016)]l_bij: 1.9380e+02 l_orth: 1.8651e+02 l_align: 1.7758e+02 l_qreg: 2.2539e+00 l_total: 5.6015e+02 
2026-06-30 10:20:45,746 INFO: [smal_..][epoch:  5, iter:   3,780, lr:(9.141e-04,9.141e-04,)][eta: 1:31:15, time (data): 0.383 (0.016)]l_bij: 2.0966e+02 l_orth: 2.0586e+02 l_align: 1.6242e+02 l_qreg: 1.6302e+00 l_total: 5.7956e+02 
2026-06-30 10:20:53,719 INFO: [smal_..][epoch:  5, iter:   3,800, lr:(9.141e-04,9.141e-04,)][eta: 1:31:05, time (data): 0.385 (0.016)]l_bij: 1.9895e+02 l_orth: 2.3227e+02 l_align: 1.8652e+02 l_qreg: 2.1660e+00 l_total: 6.1990e+02 
2026-06-30 10:21:01,592 INFO: [smal_..][epoch:  5, iter:   3,820, lr:(9.141e-04,9.141e-04,)][eta: 1:30:55, time (data): 0.379 (0.013)]l_bij: 2.0085e+02 l_orth: 1.9565e+02 l_align: 1.6935e+02 l_qreg: 1.6613e+00 l_total: 5.6752e+02 
2026-06-30 10:21:09,289 INFO: [smal_..][epoch:  5, iter:   3,840, lr:(9.141e-04,9.141e-04,)][eta: 1:30:44, time (data): 0.384 (0.017)]l_bij: 1.9271e+02 l_orth: 1.8623e+02 l_align: 1.7348e+02 l_qreg: 2.1830e+00 l_total: 5.5461e+02 
2026-06-30 10:21:16,780 INFO: [smal_..][epoch:  5, iter:   3,860, lr:(9.141e-04,9.141e-04,)][eta: 1:30:33, time (data): 0.379 (0.016)]l_bij: 1.9246e+02 l_orth: 1.8783e+02 l_align: 1.7915e+02 l_qreg: 2.0772e+00 l_total: 5.6152e+02 
2026-06-30 10:21:24,658 INFO: [smal_..][epoch:  5, iter:   3,880, lr:(9.141e-04,9.141e-04,)][eta: 1:30:23, time (data): 0.384 (0.016)]l_bij: 1.9945e+02 l_orth: 1.9386e+02 l_align: 1.6939e+02 l_qreg: 1.5226e+00 l_total: 5.6422e+02 
2026-06-30 10:21:32,634 INFO: [smal_..][epoch:  5, iter:   3,900, lr:(9.141e-04,9.141e-04,)][eta: 1:30:13, time (data): 0.388 (0.016)]l_bij: 1.9746e+02 l_orth: 1.9391e+02 l_align: 1.7187e+02 l_qreg: 1.5842e+00 l_total: 5.6482e+02 
2026-06-30 10:21:40,438 INFO: [smal_..][epoch:  5, iter:   3,920, lr:(9.141e-04,9.141e-04,)][eta: 1:30:03, time (data): 0.388 (0.016)]l_bij: 1.8553e+02 l_orth: 1.8197e+02 l_align: 1.8872e+02 l_qreg: 1.7076e+00 l_total: 5.5793e+02 
2026-06-30 10:21:48,133 INFO: [smal_..][epoch:  5, iter:   3,940, lr:(9.141e-04,9.141e-04,)][eta: 1:29:52, time (data): 0.387 (0.016)]l_bij: 2.0062e+02 l_orth: 1.9752e+02 l_align: 1.8316e+02 l_qreg: 1.8961e+00 l_total: 5.8319e+02 
2026-06-30 10:21:55,860 INFO: [smal_..][epoch:  5, iter:   3,960, lr:(9.141e-04,9.141e-04,)][eta: 1:29:41, time (data): 0.387 (0.016)]l_bij: 1.9244e+02 l_orth: 1.8607e+02 l_align: 1.7689e+02 l_qreg: 1.9051e+00 l_total: 5.5731e+02 
2026-06-30 10:22:03,632 INFO: [smal_..][epoch:  5, iter:   3,980, lr:(9.141e-04,9.141e-04,)][eta: 1:29:31, time (data): 0.387 (0.016)]l_bij: 2.0581e+02 l_orth: 2.0293e+02 l_align: 1.6416e+02 l_qreg: 1.3111e+00 l_total: 5.7421e+02 
2026-06-30 10:22:11,394 INFO: [smal_..][epoch:  5, iter:   4,000, lr:(9.141e-04,9.141e-04,)][eta: 1:29:21, time (data): 0.387 (0.016)]l_bij: 2.0039e+02 l_orth: 1.9547e+02 l_align: 1.7371e+02 l_qreg: 1.9925e+00 l_total: 5.7156e+02 
2026-06-30 10:22:11,396 INFO: Saving models and training states.
2026-06-30 10:22:11,430 INFO: Start validation.
2026-06-30 10:22:12,388 INFO: avg err:0.0000 | err:0.0000 | cougar_01 cougar_01
2026-06-30 10:22:12,779 INFO: avg err:0.0925 | err:0.1850 | cougar_01 cougar_02
2026-06-30 10:22:13,069 INFO: avg err:0.3279 | err:0.7985 | cougar_01 cougar_03
2026-06-30 10:22:13,407 INFO: avg err:0.4491 | err:0.8127 | cougar_01 cougar_04
2026-06-30 10:22:13,746 INFO: avg err:0.5147 | err:0.7772 | cougar_01 hippo_01
2026-06-30 10:22:14,002 INFO: avg err:0.5594 | err:0.7827 | cougar_01 hippo_02
2026-06-30 10:22:14,337 INFO: avg err:0.5115 | err:0.2241 | cougar_01 hippo_03
2026-06-30 10:22:14,674 INFO: avg err:0.5340 | err:0.6921 | cougar_01 hippo_04
2026-06-30 10:22:14,951 INFO: avg err:0.5584 | err:0.7532 | cougar_01 hippo_05
2026-06-30 10:22:15,271 INFO: avg err:0.5737 | err:0.7115 | cougar_01 hippo_06
2026-06-30 10:22:15,600 INFO: avg err:0.5947 | err:0.8048 | cougar_01 horse_01
2026-06-30 10:22:15,911 INFO: avg err:0.5641 | err:0.2270 | cougar_01 horse_02
2026-06-30 10:22:16,223 INFO: avg err:0.5801 | err:0.7729 | cougar_01 horse_03
2026-06-30 10:22:16,515 INFO: avg err:0.5890 | err:0.7040 | cougar_01 horse_04
2026-06-30 10:22:16,843 INFO: avg err:0.5999 | err:0.7534 | cougar_01 horse_05
2026-06-30 10:22:17,149 INFO: avg err:0.6149 | err:0.8391 | cougar_01 horse_06
2026-06-30 10:22:17,530 INFO: avg err:0.6221 | err:0.7371 | cougar_01 horse_07
2026-06-30 10:22:17,902 INFO: avg err:0.6320 | err:0.8014 | cougar_01 horse_08
2026-06-30 10:22:18,266 INFO: avg err:0.6110 | err:0.2323 | cougar_01 horse_09
2026-06-30 10:22:18,582 INFO: avg err:0.6011 | err:0.4127 | cougar_01 horse_10
2026-06-30 10:22:18,854 INFO: avg err:0.5836 | err:0.2345 | cougar_02 cougar_01
2026-06-30 10:22:19,170 INFO: avg err:0.5571 | err:0.0000 | cougar_02 cougar_02
2026-06-30 10:22:19,467 INFO: avg err:0.5691 | err:0.8328 | cougar_02 cougar_03
2026-06-30 10:22:19,766 INFO: avg err:0.5811 | err:0.8576 | cougar_02 cougar_04
2026-06-30 10:22:20,073 INFO: avg err:0.5879 | err:0.7514 | cougar_02 hippo_01
2026-06-30 10:22:20,402 INFO: avg err:0.5929 | err:0.7163 | cougar_02 hippo_02
2026-06-30 10:22:20,738 INFO: avg err:0.5813 | err:0.2804 | cougar_02 hippo_03
2026-06-30 10:22:21,074 INFO: avg err:0.5884 | err:0.7794 | cougar_02 hippo_04
2026-06-30 10:22:21,333 INFO: avg err:0.5957 | err:0.8004 | cougar_02 hippo_05
2026-06-30 10:22:21,646 INFO: avg err:0.6026 | err:0.8030 | cougar_02 hippo_06
2026-06-30 10:22:21,962 INFO: avg err:0.6100 | err:0.8326 | cougar_02 horse_01
2026-06-30 10:22:22,314 INFO: avg err:0.6034 | err:0.3993 | cougar_02 horse_02
2026-06-30 10:22:22,651 INFO: avg err:0.6081 | err:0.7573 | cougar_02 horse_03
2026-06-30 10:22:22,931 INFO: avg err:0.6131 | err:0.7794 | cougar_02 horse_04
2026-06-30 10:22:23,288 INFO: avg err:0.6175 | err:0.7662 | cougar_02 horse_05
2026-06-30 10:22:23,637 INFO: avg err:0.6221 | err:0.7834 | cougar_02 horse_06
2026-06-30 10:22:24,011 INFO: avg err:0.6243 | err:0.7027 | cougar_02 horse_07
2026-06-30 10:22:24,325 INFO: avg err:0.6287 | err:0.7913 | cougar_02 horse_08
2026-06-30 10:22:24,676 INFO: avg err:0.6217 | err:0.3569 | cougar_02 horse_09
2026-06-30 10:22:25,038 INFO: avg err:0.6155 | err:0.3741 | cougar_02 horse_10
2026-06-30 10:22:25,415 INFO: avg err:0.6213 | err:0.8505 | cougar_03 cougar_01
2026-06-30 10:22:25,747 INFO: avg err:0.6257 | err:0.8081 | cougar_03 cougar_02
2026-06-30 10:22:26,085 INFO: avg err:0.6112 | err:0.0000 | cougar_03 cougar_03
2026-06-30 10:22:26,393 INFO: avg err:0.6048 | err:0.3307 | cougar_03 cougar_04
2026-06-30 10:22:26,693 INFO: avg err:0.5983 | err:0.3140 | cougar_03 hippo_01
2026-06-30 10:22:27,026 INFO: avg err:0.5941 | err:0.4050 | cougar_03 hippo_02
2026-06-30 10:22:27,292 INFO: avg err:0.5971 | err:0.7358 | cougar_03 hippo_03
2026-06-30 10:22:27,621 INFO: avg err:0.5890 | err:0.2049 | cougar_03 hippo_04
2026-06-30 10:22:28,004 INFO: avg err:0.5846 | err:0.3769 | cougar_03 hippo_05
2026-06-30 10:22:28,351 INFO: avg err:0.5811 | err:0.4063 | cougar_03 hippo_06
2026-06-30 10:22:28,743 INFO: avg err:0.5769 | err:0.3678 | cougar_03 horse_01
2026-06-30 10:22:29,074 INFO: avg err:0.5788 | err:0.6777 | cougar_03 horse_02
2026-06-30 10:22:29,444 INFO: avg err:0.5742 | err:0.3316 | cougar_03 horse_03
2026-06-30 10:22:29,824 INFO: avg err:0.5690 | err:0.2935 | cougar_03 horse_04
2026-06-30 10:22:30,179 INFO: avg err:0.5676 | err:0.4966 | cougar_03 horse_05
2026-06-30 10:22:30,533 INFO: avg err:0.5628 | err:0.2966 | cougar_03 horse_06
2026-06-30 10:22:30,875 INFO: avg err:0.5551 | err:0.1223 | cougar_03 horse_07
2026-06-30 10:22:31,205 INFO: avg err:0.5503 | err:0.2796 | cougar_03 horse_08
2026-06-30 10:22:31,564 INFO: avg err:0.5530 | err:0.7077 | cougar_03 horse_09
2026-06-30 10:22:31,909 INFO: avg err:0.5574 | err:0.8155 | cougar_03 horse_10
2026-06-30 10:22:32,258 INFO: avg err:0.5607 | err:0.7627 | cougar_04 cougar_01
2026-06-30 10:22:32,605 INFO: avg err:0.5655 | err:0.8577 | cougar_04 cougar_02
2026-06-30 10:22:32,946 INFO: avg err:0.5605 | err:0.2460 | cougar_04 cougar_03
2026-06-30 10:22:33,303 INFO: avg err:0.5517 | err:0.0000 | cougar_04 cougar_04
2026-06-30 10:22:33,653 INFO: avg err:0.5465 | err:0.2163 | cougar_04 hippo_01
2026-06-30 10:22:33,998 INFO: avg err:0.5422 | err:0.2586 | cougar_04 hippo_02
2026-06-30 10:22:34,297 INFO: avg err:0.5447 | err:0.7097 | cougar_04 hippo_03
2026-06-30 10:22:34,600 INFO: avg err:0.5407 | err:0.2721 | cougar_04 hippo_04
2026-06-30 10:22:34,927 INFO: avg err:0.5375 | err:0.3227 | cougar_04 hippo_05
2026-06-30 10:22:35,276 INFO: avg err:0.5333 | err:0.2439 | cougar_04 hippo_06
2026-06-30 10:22:35,623 INFO: avg err:0.5303 | err:0.3198 | cougar_04 horse_01
2026-06-30 10:22:35,976 INFO: avg err:0.5340 | err:0.7995 | cougar_04 horse_02
2026-06-30 10:22:36,355 INFO: avg err:0.5313 | err:0.3344 | cougar_04 horse_03
2026-06-30 10:22:36,694 INFO: avg err:0.5282 | err:0.3034 | cougar_04 horse_04
2026-06-30 10:22:37,060 INFO: avg err:0.5269 | err:0.4253 | cougar_04 horse_05
2026-06-30 10:22:37,356 INFO: avg err:0.5243 | err:0.3289 | cougar_04 horse_06
2026-06-30 10:22:37,665 INFO: avg err:0.5193 | err:0.1456 | cougar_04 horse_07
2026-06-30 10:22:38,062 INFO: avg err:0.5180 | err:0.4117 | cougar_04 horse_08
2026-06-30 10:22:38,402 INFO: avg err:0.5212 | err:0.7756 | cougar_04 horse_09
2026-06-30 10:22:38,755 INFO: avg err:0.5233 | err:0.6843 | cougar_04 horse_10
2026-06-30 10:22:39,034 INFO: avg err:0.5255 | err:0.7082 | hippo_01 cougar_01
2026-06-30 10:22:39,423 INFO: avg err:0.5276 | err:0.6924 | hippo_01 cougar_02
2026-06-30 10:22:39,748 INFO: avg err:0.5246 | err:0.2791 | hippo_01 cougar_03
2026-06-30 10:22:40,166 INFO: avg err:0.5206 | err:0.1870 | hippo_01 cougar_04
2026-06-30 10:22:40,511 INFO: avg err:0.5144 | err:0.0000 | hippo_01 hippo_01
2026-06-30 10:22:40,899 INFO: avg err:0.5103 | err:0.1611 | hippo_01 hippo_02
2026-06-30 10:22:41,217 INFO: avg err:0.5113 | err:0.5984 | hippo_01 hippo_03
2026-06-30 10:22:41,585 INFO: avg err:0.5071 | err:0.1400 | hippo_01 hippo_04
2026-06-30 10:22:41,870 INFO: avg err:0.5040 | err:0.2269 | hippo_01 hippo_05
2026-06-30 10:22:42,299 INFO: avg err:0.4999 | err:0.1409 | hippo_01 hippo_06
2026-06-30 10:22:42,624 INFO: avg err:0.4967 | err:0.2096 | hippo_01 horse_01
2026-06-30 10:22:42,968 INFO: avg err:0.4991 | err:0.7176 | hippo_01 horse_02
2026-06-30 10:22:43,251 INFO: avg err:0.4960 | err:0.2096 | hippo_01 horse_03
2026-06-30 10:22:43,723 INFO: avg err:0.4933 | err:0.2349 | hippo_01 horse_04
2026-06-30 10:22:43,979 INFO: avg err:0.4900 | err:0.1811 | hippo_01 horse_05
2026-06-30 10:22:44,445 INFO: avg err:0.4873 | err:0.2360 | hippo_01 horse_06
2026-06-30 10:22:44,740 INFO: avg err:0.4845 | err:0.2120 | hippo_01 horse_07
2026-06-30 10:22:45,221 INFO: avg err:0.4826 | err:0.3024 | hippo_01 horse_08
2026-06-30 10:22:45,532 INFO: avg err:0.4837 | err:0.5840 | hippo_01 horse_09
2026-06-30 10:22:45,928 INFO: avg err:0.4848 | err:0.5991 | hippo_01 horse_10
2026-06-30 10:22:46,214 INFO: avg err:0.4865 | err:0.6540 | hippo_02 cougar_01
2026-06-30 10:22:46,607 INFO: avg err:0.4886 | err:0.7028 | hippo_02 cougar_02
2026-06-30 10:22:46,938 INFO: avg err:0.4869 | err:0.3088 | hippo_02 cougar_03
2026-06-30 10:22:47,357 INFO: avg err:0.4836 | err:0.1478 | hippo_02 cougar_04
2026-06-30 10:22:47,664 INFO: avg err:0.4803 | err:0.1410 | hippo_02 hippo_01
2026-06-30 10:22:48,107 INFO: avg err:0.4758 | err:0.0000 | hippo_02 hippo_02
2026-06-30 10:22:48,459 INFO: avg err:0.4765 | err:0.5457 | hippo_02 hippo_03
2026-06-30 10:22:48,811 INFO: avg err:0.4745 | err:0.2700 | hippo_02 hippo_04
2026-06-30 10:22:49,138 INFO: avg err:0.4727 | err:0.2782 | hippo_02 hippo_05
2026-06-30 10:22:49,543 INFO: avg err:0.4697 | err:0.1349 | hippo_02 hippo_06
2026-06-30 10:22:49,873 INFO: avg err:0.4677 | err:0.2521 | hippo_02 horse_01
2026-06-30 10:22:50,256 INFO: avg err:0.4694 | err:0.6526 | hippo_02 horse_02
2026-06-30 10:22:50,592 INFO: avg err:0.4674 | err:0.2434 | hippo_02 horse_03
2026-06-30 10:22:50,998 INFO: avg err:0.4654 | err:0.2479 | hippo_02 horse_04
2026-06-30 10:22:51,295 INFO: avg err:0.4625 | err:0.1238 | hippo_02 horse_05
2026-06-30 10:22:51,726 INFO: avg err:0.4606 | err:0.2442 | hippo_02 horse_06
2026-06-30 10:22:52,110 INFO: avg err:0.4588 | err:0.2526 | hippo_02 horse_07
2026-06-30 10:22:52,487 INFO: avg err:0.4571 | err:0.2568 | hippo_02 horse_08
2026-06-30 10:22:52,809 INFO: avg err:0.4578 | err:0.5384 | hippo_02 horse_09
2026-06-30 10:22:53,149 INFO: avg err:0.4581 | err:0.5008 | hippo_02 horse_10
2026-06-30 10:22:53,447 INFO: avg err:0.4563 | err:0.2351 | hippo_03 cougar_01
2026-06-30 10:22:53,760 INFO: avg err:0.4544 | err:0.2223 | hippo_03 cougar_02
2026-06-30 10:22:54,113 INFO: avg err:0.4558 | err:0.6253 | hippo_03 cougar_03
2026-06-30 10:22:54,605 INFO: avg err:0.4566 | err:0.5545 | hippo_03 cougar_04
2026-06-30 10:22:54,921 INFO: avg err:0.4574 | err:0.5621 | hippo_03 hippo_01
2026-06-30 10:22:55,281 INFO: avg err:0.4585 | err:0.5969 | hippo_03 hippo_02
2026-06-30 10:22:55,569 INFO: avg err:0.4549 | err:0.0000 | hippo_03 hippo_03
2026-06-30 10:22:56,081 INFO: avg err:0.4558 | err:0.5671 | hippo_03 hippo_04
2026-06-30 10:22:56,434 INFO: avg err:0.4573 | err:0.6472 | hippo_03 hippo_05
2026-06-30 10:22:56,773 INFO: avg err:0.4568 | err:0.3983 | hippo_03 hippo_06
2026-06-30 10:22:57,101 INFO: avg err:0.4581 | err:0.6192 | hippo_03 horse_01
2026-06-30 10:22:57,595 INFO: avg err:0.4570 | err:0.3129 | hippo_03 horse_02
2026-06-30 10:22:57,934 INFO: avg err:0.4582 | err:0.6213 | hippo_03 horse_03
2026-06-30 10:22:58,303 INFO: avg err:0.4594 | err:0.6195 | hippo_03 horse_04
2026-06-30 10:22:58,650 INFO: avg err:0.4597 | err:0.4987 | hippo_03 horse_05
2026-06-30 10:22:58,995 INFO: avg err:0.4611 | err:0.6505 | hippo_03 horse_06
2026-06-30 10:22:59,329 INFO: avg err:0.4617 | err:0.5472 | hippo_03 horse_07
2026-06-30 10:22:59,713 INFO: avg err:0.4627 | err:0.5911 | hippo_03 horse_08
2026-06-30 10:23:00,039 INFO: avg err:0.4615 | err:0.3067 | hippo_03 horse_09
2026-06-30 10:23:00,391 INFO: avg err:0.4621 | err:0.5476 | hippo_03 horse_10
2026-06-30 10:23:00,684 INFO: avg err:0.4637 | err:0.6851 | hippo_04 cougar_01
2026-06-30 10:23:01,019 INFO: avg err:0.4653 | err:0.6930 | hippo_04 cougar_02
2026-06-30 10:23:01,370 INFO: avg err:0.4636 | err:0.2227 | hippo_04 cougar_03
2026-06-30 10:23:01,710 INFO: avg err:0.4620 | err:0.2275 | hippo_04 cougar_04
2026-06-30 10:23:02,048 INFO: avg err:0.4596 | err:0.1161 | hippo_04 hippo_01
2026-06-30 10:23:02,415 INFO: avg err:0.4579 | err:0.2096 | hippo_04 hippo_02
2026-06-30 10:23:02,683 INFO: avg err:0.4588 | err:0.5849 | hippo_04 hippo_03
2026-06-30 10:23:03,047 INFO: avg err:0.4557 | err:0.0000 | hippo_04 hippo_04
2026-06-30 10:23:03,353 INFO: avg err:0.4542 | err:0.2358 | hippo_04 hippo_05
2026-06-30 10:23:03,673 INFO: avg err:0.4532 | err:0.3051 | hippo_04 hippo_06
2026-06-30 10:23:03,999 INFO: avg err:0.4515 | err:0.1915 | hippo_04 horse_01
2026-06-30 10:23:04,314 INFO: avg err:0.4523 | err:0.5773 | hippo_04 horse_02
2026-06-30 10:23:04,668 INFO: avg err:0.4503 | err:0.1405 | hippo_04 horse_03
2026-06-30 10:23:05,021 INFO: avg err:0.4485 | err:0.1853 | hippo_04 horse_04
2026-06-30 10:23:05,394 INFO: avg err:0.4473 | err:0.2636 | hippo_04 horse_05
2026-06-30 10:23:05,764 INFO: avg err:0.4453 | err:0.1308 | hippo_04 horse_06
2026-06-30 10:23:06,068 INFO: avg err:0.4438 | err:0.2127 | hippo_04 horse_07
2026-06-30 10:23:06,409 INFO: avg err:0.4425 | err:0.2335 | hippo_04 horse_08
2026-06-30 10:23:06,758 INFO: avg err:0.4429 | err:0.5028 | hippo_04 horse_09
2026-06-30 10:23:07,104 INFO: avg err:0.4434 | err:0.5318 | hippo_04 horse_10
2026-06-30 10:23:07,484 INFO: avg err:0.4446 | err:0.6231 | hippo_05 cougar_01
2026-06-30 10:23:07,791 INFO: avg err:0.4456 | err:0.6171 | hippo_05 cougar_02
2026-06-30 10:23:08,089 INFO: avg err:0.4445 | err:0.2626 | hippo_05 cougar_03
2026-06-30 10:23:08,422 INFO: avg err:0.4436 | err:0.2903 | hippo_05 cougar_04
2026-06-30 10:23:08,754 INFO: avg err:0.4426 | err:0.2798 | hippo_05 hippo_01
2026-06-30 10:23:09,097 INFO: avg err:0.4414 | err:0.2536 | hippo_05 hippo_02
2026-06-30 10:23:09,452 INFO: avg err:0.4425 | err:0.6292 | hippo_05 hippo_03
2026-06-30 10:23:09,782 INFO: avg err:0.4413 | err:0.2278 | hippo_05 hippo_04
2026-06-30 10:23:10,135 INFO: avg err:0.4387 | err:0.0000 | hippo_05 hippo_05
2026-06-30 10:23:10,485 INFO: avg err:0.4385 | err:0.4111 | hippo_05 hippo_06
2026-06-30 10:23:10,839 INFO: avg err:0.4367 | err:0.1240 | hippo_05 horse_01
2026-06-30 10:23:11,142 INFO: avg err:0.4373 | err:0.5524 | hippo_05 horse_02
2026-06-30 10:23:11,416 INFO: avg err:0.4356 | err:0.1453 | hippo_05 horse_03
2026-06-30 10:23:11,798 INFO: avg err:0.4342 | err:0.1907 | hippo_05 horse_04
2026-06-30 10:23:12,173 INFO: avg err:0.4337 | err:0.3455 | hippo_05 horse_05
2026-06-30 10:23:12,528 INFO: avg err:0.4323 | err:0.1749 | hippo_05 horse_06
2026-06-30 10:23:12,918 INFO: avg err:0.4311 | err:0.2259 | hippo_05 horse_07
2026-06-30 10:23:13,245 INFO: avg err:0.4298 | err:0.1932 | hippo_05 horse_08
2026-06-30 10:23:13,592 INFO: avg err:0.4297 | err:0.4112 | hippo_05 horse_09
2026-06-30 10:23:13,979 INFO: avg err:0.4294 | err:0.3871 | hippo_05 horse_10
2026-06-30 10:23:14,313 INFO: avg err:0.4304 | err:0.6000 | hippo_06 cougar_01
2026-06-30 10:23:14,689 INFO: avg err:0.4316 | err:0.6590 | hippo_06 cougar_02
2026-06-30 10:23:15,042 INFO: avg err:0.4312 | err:0.3482 | hippo_06 cougar_03
2026-06-30 10:23:15,444 INFO: avg err:0.4301 | err:0.2416 | hippo_06 cougar_04
2026-06-30 10:23:15,838 INFO: avg err:0.4286 | err:0.1393 | hippo_06 hippo_01
2026-06-30 10:23:16,219 INFO: avg err:0.4271 | err:0.1594 | hippo_06 hippo_02
2026-06-30 10:23:16,543 INFO: avg err:0.4268 | err:0.3623 | hippo_06 hippo_03
2026-06-30 10:23:16,917 INFO: avg err:0.4261 | err:0.3004 | hippo_06 hippo_04
2026-06-30 10:23:17,327 INFO: avg err:0.4259 | err:0.3907 | hippo_06 hippo_05
2026-06-30 10:23:17,681 INFO: avg err:0.4237 | err:0.0000 | hippo_06 hippo_06
2026-06-30 10:23:18,026 INFO: avg err:0.4232 | err:0.3396 | hippo_06 horse_01
2026-06-30 10:23:18,335 INFO: avg err:0.4243 | err:0.6293 | hippo_06 horse_02
2026-06-30 10:23:18,722 INFO: avg err:0.4238 | err:0.3300 | hippo_06 horse_03
2026-06-30 10:23:19,062 INFO: avg err:0.4235 | err:0.3703 | hippo_06 horse_04
2026-06-30 10:23:19,463 INFO: avg err:0.4221 | err:0.1538 | hippo_06 horse_05
2026-06-30 10:23:19,849 INFO: avg err:0.4217 | err:0.3314 | hippo_06 horse_06
2026-06-30 10:23:20,140 INFO: avg err:0.4208 | err:0.2538 | hippo_06 horse_07
2026-06-30 10:23:20,605 INFO: avg err:0.4207 | err:0.3977 | hippo_06 horse_08
2026-06-30 10:23:20,935 INFO: avg err:0.4217 | err:0.6099 | hippo_06 horse_09
2026-06-30 10:23:21,274 INFO: avg err:0.4224 | err:0.5646 | hippo_06 horse_10
2026-06-30 10:23:21,608 INFO: avg err:0.4241 | err:0.7752 | horse_01 cougar_01
2026-06-30 10:23:22,015 INFO: avg err:0.4257 | err:0.7439 | horse_01 cougar_02
2026-06-30 10:23:22,361 INFO: avg err:0.4255 | err:0.3771 | horse_01 cougar_03
2026-06-30 10:23:22,849 INFO: avg err:0.4255 | err:0.4332 | horse_01 cougar_04
2026-06-30 10:23:23,138 INFO: avg err:0.4254 | err:0.4069 | horse_01 hippo_01
2026-06-30 10:23:23,527 INFO: avg err:0.4251 | err:0.3663 | horse_01 hippo_02
2026-06-30 10:23:23,884 INFO: avg err:0.4266 | err:0.7344 | horse_01 hippo_03
2026-06-30 10:23:24,244 INFO: avg err:0.4261 | err:0.3127 | horse_01 hippo_04
2026-06-30 10:23:24,606 INFO: avg err:0.4248 | err:0.1622 | horse_01 hippo_05
2026-06-30 10:23:24,943 INFO: avg err:0.4252 | err:0.5021 | horse_01 hippo_06
2026-06-30 10:23:25,234 INFO: avg err:0.4232 | err:0.0000 | horse_01 horse_01
2026-06-30 10:23:25,521 INFO: avg err:0.4242 | err:0.6386 | horse_01 horse_02
2026-06-30 10:23:26,010 INFO: avg err:0.4236 | err:0.3080 | horse_01 horse_03
2026-06-30 10:23:26,381 INFO: avg err:0.4226 | err:0.1915 | horse_01 horse_04
2026-06-30 10:23:26,727 INFO: avg err:0.4227 | err:0.4612 | horse_01 horse_05
2026-06-30 10:23:27,055 INFO: avg err:0.4225 | err:0.3722 | horse_01 horse_06
2026-06-30 10:23:27,405 INFO: avg err:0.4221 | err:0.3450 | horse_01 horse_07
2026-06-30 10:23:27,804 INFO: avg err:0.4218 | err:0.3547 | horse_01 horse_08
2026-06-30 10:23:28,112 INFO: avg err:0.4230 | err:0.6665 | horse_01 horse_09
2026-06-30 10:23:28,468 INFO: avg err:0.4237 | err:0.5945 | horse_01 horse_10
2026-06-30 10:23:28,770 INFO: avg err:0.4227 | err:0.1974 | horse_02 cougar_01
2026-06-30 10:23:29,115 INFO: avg err:0.4223 | err:0.3232 | horse_02 cougar_02
2026-06-30 10:23:29,590 INFO: avg err:0.4240 | err:0.8152 | horse_02 cougar_03
2026-06-30 10:23:29,937 INFO: avg err:0.4255 | err:0.7591 | horse_02 cougar_04
2026-06-30 10:23:30,370 INFO: avg err:0.4269 | err:0.7376 | horse_02 hippo_01
2026-06-30 10:23:30,734 INFO: avg err:0.4283 | err:0.7463 | horse_02 hippo_02
2026-06-30 10:23:31,084 INFO: avg err:0.4283 | err:0.4151 | horse_02 hippo_03
2026-06-30 10:23:31,400 INFO: avg err:0.4295 | err:0.6995 | horse_02 hippo_04
2026-06-30 10:23:31,737 INFO: avg err:0.4308 | err:0.7324 | horse_02 hippo_05
2026-06-30 10:23:32,062 INFO: avg err:0.4319 | err:0.6888 | horse_02 hippo_06
2026-06-30 10:23:32,474 INFO: avg err:0.4329 | err:0.6743 | horse_02 horse_01
2026-06-30 10:23:32,790 INFO: avg err:0.4311 | err:0.0000 | horse_02 horse_02
2026-06-30 10:23:33,201 INFO: avg err:0.4324 | err:0.7431 | horse_02 horse_03
2026-06-30 10:23:33,487 INFO: avg err:0.4338 | err:0.7566 | horse_02 horse_04
2026-06-30 10:23:34,009 INFO: avg err:0.4350 | err:0.7054 | horse_02 horse_05
2026-06-30 10:23:34,329 INFO: avg err:0.4364 | err:0.7654 | horse_02 horse_06
2026-06-30 10:23:34,661 INFO: avg err:0.4377 | err:0.7641 | horse_02 horse_07
2026-06-30 10:23:35,028 INFO: avg err:0.4380 | err:0.5076 | horse_02 horse_08
2026-06-30 10:23:35,407 INFO: avg err:0.4371 | err:0.2233 | horse_02 horse_09
2026-06-30 10:23:35,785 INFO: avg err:0.4367 | err:0.3239 | horse_02 horse_10
2026-06-30 10:23:36,108 INFO: avg err:0.4381 | err:0.7892 | horse_03 cougar_01
2026-06-30 10:23:36,455 INFO: avg err:0.4395 | err:0.7754 | horse_03 cougar_02
2026-06-30 10:23:36,828 INFO: avg err:0.4388 | err:0.2579 | horse_03 cougar_03
2026-06-30 10:23:37,141 INFO: avg err:0.4384 | err:0.3553 | horse_03 cougar_04
2026-06-30 10:23:37,526 INFO: avg err:0.4378 | err:0.2949 | horse_03 hippo_01
2026-06-30 10:23:37,879 INFO: avg err:0.4374 | err:0.3314 | horse_03 hippo_02
2026-06-30 10:23:38,242 INFO: avg err:0.4384 | err:0.6774 | horse_03 hippo_03
2026-06-30 10:23:38,583 INFO: avg err:0.4375 | err:0.2199 | horse_03 hippo_04
2026-06-30 10:23:38,954 INFO: avg err:0.4365 | err:0.1950 | horse_03 hippo_05
2026-06-30 10:23:39,311 INFO: avg err:0.4367 | err:0.4777 | horse_03 hippo_06
2026-06-30 10:23:39,728 INFO: avg err:0.4361 | err:0.2862 | horse_03 horse_01
2026-06-30 10:23:40,082 INFO: avg err:0.4373 | err:0.7392 | horse_03 horse_02
2026-06-30 10:23:40,393 INFO: avg err:0.4356 | err:0.0000 | horse_03 horse_03
2026-06-30 10:23:40,696 INFO: avg err:0.4343 | err:0.1180 | horse_03 horse_04
2026-06-30 10:23:41,073 INFO: avg err:0.4342 | err:0.4060 | horse_03 horse_05
2026-06-30 10:23:41,413 INFO: avg err:0.4328 | err:0.0626 | horse_03 horse_06
2026-06-30 10:23:41,818 INFO: avg err:0.4322 | err:0.2981 | horse_03 horse_07
2026-06-30 10:23:42,146 INFO: avg err:0.4318 | err:0.3310 | horse_03 horse_08
2026-06-30 10:23:42,500 INFO: avg err:0.4324 | err:0.5697 | horse_03 horse_09
2026-06-30 10:23:42,839 INFO: avg err:0.4327 | err:0.5240 | horse_03 horse_10
2026-06-30 10:23:43,183 INFO: avg err:0.4340 | err:0.7706 | horse_04 cougar_01
2026-06-30 10:23:43,446 INFO: avg err:0.4354 | err:0.7921 | horse_04 cougar_02
2026-06-30 10:23:43,905 INFO: avg err:0.4348 | err:0.2701 | horse_04 cougar_03
2026-06-30 10:23:44,202 INFO: avg err:0.4347 | err:0.4087 | horse_04 cougar_04
2026-06-30 10:23:44,508 INFO: avg err:0.4343 | err:0.3513 | horse_04 hippo_01
2026-06-30 10:23:44,874 INFO: avg err:0.4341 | err:0.3615 | horse_04 hippo_02
2026-06-30 10:23:45,262 INFO: avg err:0.4352 | err:0.7285 | horse_04 hippo_03
2026-06-30 10:23:45,541 INFO: avg err:0.4344 | err:0.2354 | horse_04 hippo_04
2026-06-30 10:23:45,949 INFO: avg err:0.4340 | err:0.3228 | horse_04 hippo_05
2026-06-30 10:23:46,275 INFO: avg err:0.4341 | err:0.4452 | horse_04 hippo_06
2026-06-30 10:23:46,707 INFO: avg err:0.4334 | err:0.2529 | horse_04 horse_01
2026-06-30 10:23:47,033 INFO: avg err:0.4345 | err:0.7229 | horse_04 horse_02
2026-06-30 10:23:47,354 INFO: avg err:0.4335 | err:0.1778 | horse_04 horse_03
2026-06-30 10:23:47,713 INFO: avg err:0.4319 | err:0.0000 | horse_04 horse_04
2026-06-30 10:23:48,047 INFO: avg err:0.4317 | err:0.3817 | horse_04 horse_05
2026-06-30 10:23:48,404 INFO: avg err:0.4305 | err:0.0890 | horse_04 horse_06
2026-06-30 10:23:48,684 INFO: avg err:0.4300 | err:0.2787 | horse_04 horse_07
2026-06-30 10:23:48,994 INFO: avg err:0.4299 | err:0.4027 | horse_04 horse_08
2026-06-30 10:23:49,348 INFO: avg err:0.4303 | err:0.5388 | horse_04 horse_09
2026-06-30 10:23:49,740 INFO: avg err:0.4306 | err:0.5405 | horse_04 horse_10
2026-06-30 10:23:50,093 INFO: avg err:0.4322 | err:0.8540 | horse_05 cougar_01
2026-06-30 10:23:50,428 INFO: avg err:0.4339 | err:0.9150 | horse_05 cougar_02
2026-06-30 10:23:50,802 INFO: avg err:0.4341 | err:0.5098 | horse_05 cougar_03
2026-06-30 10:23:51,119 INFO: avg err:0.4340 | err:0.3924 | horse_05 cougar_04
2026-06-30 10:23:51,552 INFO: avg err:0.4335 | err:0.2993 | horse_05 hippo_01
2026-06-30 10:23:51,863 INFO: avg err:0.4326 | err:0.1627 | horse_05 hippo_02
2026-06-30 10:23:52,327 INFO: avg err:0.4333 | err:0.6561 | horse_05 hippo_03
2026-06-30 10:23:52,692 INFO: avg err:0.4335 | err:0.4697 | horse_05 hippo_04
2026-06-30 10:23:53,069 INFO: avg err:0.4335 | err:0.4554 | horse_05 hippo_05
2026-06-30 10:23:53,437 INFO: avg err:0.4327 | err:0.1769 | horse_05 hippo_06
2026-06-30 10:23:53,774 INFO: avg err:0.4322 | err:0.3044 | horse_05 horse_01
2026-06-30 10:23:54,068 INFO: avg err:0.4338 | err:0.8846 | horse_05 horse_02
2026-06-30 10:23:54,491 INFO: avg err:0.4337 | err:0.4255 | horse_05 horse_03
2026-06-30 10:23:54,770 INFO: avg err:0.4334 | err:0.3403 | horse_05 horse_04
2026-06-30 10:23:55,207 INFO: avg err:0.4320 | err:0.0000 | horse_05 horse_05
2026-06-30 10:23:55,504 INFO: avg err:0.4323 | err:0.5272 | horse_05 horse_06
2026-06-30 10:23:55,834 INFO: avg err:0.4323 | err:0.4496 | horse_05 horse_07
2026-06-30 10:23:56,116 INFO: avg err:0.4323 | err:0.4241 | horse_05 horse_08
2026-06-30 10:23:56,504 INFO: avg err:0.4333 | err:0.7307 | horse_05 horse_09
2026-06-30 10:23:56,869 INFO: avg err:0.4348 | err:0.8726 | horse_05 horse_10
2026-06-30 10:23:57,279 INFO: avg err:0.4359 | err:0.7655 | horse_06 cougar_01
2026-06-30 10:23:57,627 INFO: avg err:0.4368 | err:0.7292 | horse_06 cougar_02
2026-06-30 10:23:58,113 INFO: avg err:0.4363 | err:0.2704 | horse_06 cougar_03
2026-06-30 10:23:58,393 INFO: avg err:0.4358 | err:0.2890 | horse_06 cougar_04
2026-06-30 10:23:58,835 INFO: avg err:0.4357 | err:0.3896 | horse_06 hippo_01
2026-06-30 10:23:59,137 INFO: avg err:0.4353 | err:0.3240 | horse_06 hippo_02
2026-06-30 10:23:59,500 INFO: avg err:0.4362 | err:0.7259 | horse_06 hippo_03
2026-06-30 10:23:59,803 INFO: avg err:0.4358 | err:0.2995 | horse_06 hippo_04
2026-06-30 10:24:00,303 INFO: avg err:0.4350 | err:0.2018 | horse_06 hippo_05
2026-06-30 10:24:00,617 INFO: avg err:0.4349 | err:0.3922 | horse_06 hippo_06
2026-06-30 10:24:00,954 INFO: avg err:0.4344 | err:0.2744 | horse_06 horse_01
2026-06-30 10:24:01,287 INFO: avg err:0.4352 | err:0.6818 | horse_06 horse_02
2026-06-30 10:24:01,631 INFO: avg err:0.4340 | err:0.0562 | horse_06 horse_03
2026-06-30 10:24:01,969 INFO: avg err:0.4331 | err:0.1711 | horse_06 horse_04
2026-06-30 10:24:02,376 INFO: avg err:0.4332 | err:0.4414 | horse_06 horse_05
2026-06-30 10:24:02,724 INFO: avg err:0.4318 | err:0.0001 | horse_06 horse_06
2026-06-30 10:24:03,138 INFO: avg err:0.4310 | err:0.1899 | horse_06 horse_07
2026-06-30 10:24:03,487 INFO: avg err:0.4307 | err:0.3435 | horse_06 horse_08
2026-06-30 10:24:03,842 INFO: avg err:0.4312 | err:0.5860 | horse_06 horse_09
2026-06-30 10:24:04,185 INFO: avg err:0.4315 | err:0.5074 | horse_06 horse_10
2026-06-30 10:24:04,519 INFO: avg err:0.4325 | err:0.7640 | horse_07 cougar_01
2026-06-30 10:24:04,833 INFO: avg err:0.4336 | err:0.7760 | horse_07 cougar_02
2026-06-30 10:24:05,282 INFO: avg err:0.4328 | err:0.1785 | horse_07 cougar_03
2026-06-30 10:24:05,571 INFO: avg err:0.4320 | err:0.1727 | horse_07 cougar_04
2026-06-30 10:24:06,003 INFO: avg err:0.4316 | err:0.3104 | horse_07 hippo_01
2026-06-30 10:24:06,307 INFO: avg err:0.4313 | err:0.3247 | horse_07 hippo_02
2026-06-30 10:24:06,778 INFO: avg err:0.4321 | err:0.6900 | horse_07 hippo_03
2026-06-30 10:24:07,083 INFO: avg err:0.4315 | err:0.2548 | horse_07 hippo_04
2026-06-30 10:24:07,420 INFO: avg err:0.4309 | err:0.2323 | horse_07 hippo_05
2026-06-30 10:24:07,759 INFO: avg err:0.4308 | err:0.4038 | horse_07 hippo_06
2026-06-30 10:24:08,111 INFO: avg err:0.4302 | err:0.2350 | horse_07 horse_01
2026-06-30 10:24:08,389 INFO: avg err:0.4311 | err:0.7080 | horse_07 horse_02
2026-06-30 10:24:08,875 INFO: avg err:0.4306 | err:0.2555 | horse_07 horse_03
2026-06-30 10:24:09,194 INFO: avg err:0.4300 | err:0.2447 | horse_07 horse_04
2026-06-30 10:24:09,640 INFO: avg err:0.4300 | err:0.4240 | horse_07 horse_05
2026-06-30 10:24:09,937 INFO: avg err:0.4292 | err:0.1736 | horse_07 horse_06
2026-06-30 10:24:10,398 INFO: avg err:0.4279 | err:0.0000 | horse_07 horse_07
2026-06-30 10:24:10,745 INFO: avg err:0.4274 | err:0.2306 | horse_07 horse_08
2026-06-30 10:24:11,213 INFO: avg err:0.4277 | err:0.5283 | horse_07 horse_09
2026-06-30 10:24:11,551 INFO: avg err:0.4283 | err:0.6493 | horse_07 horse_10
2026-06-30 10:24:11,921 INFO: avg err:0.4293 | err:0.7769 | horse_08 cougar_01
2026-06-30 10:24:12,204 INFO: avg err:0.4303 | err:0.7620 | horse_08 cougar_02
2026-06-30 10:24:12,547 INFO: avg err:0.4300 | err:0.3229 | horse_08 cougar_03
2026-06-30 10:24:12,857 INFO: avg err:0.4300 | err:0.4392 | horse_08 cougar_04
2026-06-30 10:24:13,248 INFO: avg err:0.4299 | err:0.3813 | horse_08 hippo_01
2026-06-30 10:24:13,589 INFO: avg err:0.4296 | err:0.3402 | horse_08 hippo_02
2026-06-30 10:24:13,968 INFO: avg err:0.4304 | err:0.6887 | horse_08 hippo_03
2026-06-30 10:24:14,317 INFO: avg err:0.4303 | err:0.3966 | horse_08 hippo_04
2026-06-30 10:24:14,684 INFO: avg err:0.4298 | err:0.2654 | horse_08 hippo_05
2026-06-30 10:24:15,015 INFO: avg err:0.4299 | err:0.4828 | horse_08 hippo_06
2026-06-30 10:24:15,390 INFO: avg err:0.4297 | err:0.3467 | horse_08 horse_01
2026-06-30 10:24:15,675 INFO: avg err:0.4307 | err:0.7622 | horse_08 horse_02
2026-06-30 10:24:16,059 INFO: avg err:0.4307 | err:0.4414 | horse_08 horse_03
2026-06-30 10:24:16,375 INFO: avg err:0.4306 | err:0.4022 | horse_08 horse_04
2026-06-30 10:24:16,753 INFO: avg err:0.4307 | err:0.4644 | horse_08 horse_05
2026-06-30 10:24:17,119 INFO: avg err:0.4303 | err:0.3052 | horse_08 horse_06
2026-06-30 10:24:17,467 INFO: avg err:0.4296 | err:0.1712 | horse_08 horse_07
2026-06-30 10:24:17,815 INFO: avg err:0.4284 | err:0.0000 | horse_08 horse_08
2026-06-30 10:24:18,234 INFO: avg err:0.4286 | err:0.5034 | horse_08 horse_09
2026-06-30 10:24:18,584 INFO: avg err:0.4291 | err:0.5944 | horse_08 horse_10
2026-06-30 10:24:18,957 INFO: avg err:0.4289 | err:0.3642 | horse_09 cougar_01
2026-06-30 10:24:19,316 INFO: avg err:0.4286 | err:0.3047 | horse_09 cougar_02
2026-06-30 10:24:19,652 INFO: avg err:0.4294 | err:0.7231 | horse_09 cougar_03
2026-06-30 10:24:19,980 INFO: avg err:0.4302 | err:0.7244 | horse_09 cougar_04
2026-06-30 10:24:20,336 INFO: avg err:0.4309 | err:0.7070 | horse_09 hippo_01
2026-06-30 10:24:20,655 INFO: avg err:0.4316 | err:0.6789 | horse_09 hippo_02
2026-06-30 10:24:21,017 INFO: avg err:0.4316 | err:0.4365 | horse_09 hippo_03
2026-06-30 10:24:21,357 INFO: avg err:0.4323 | err:0.6771 | horse_09 hippo_04
2026-06-30 10:24:21,697 INFO: avg err:0.4328 | err:0.6300 | horse_09 hippo_05
2026-06-30 10:24:22,029 INFO: avg err:0.4335 | err:0.6618 | horse_09 hippo_06
2026-06-30 10:24:22,284 INFO: avg err:0.4340 | err:0.6307 | horse_09 horse_01
2026-06-30 10:24:22,692 INFO: avg err:0.4335 | err:0.2504 | horse_09 horse_02
2026-06-30 10:24:23,050 INFO: avg err:0.4341 | err:0.6395 | horse_09 horse_03
2026-06-30 10:24:23,355 INFO: avg err:0.4346 | err:0.6457 | horse_09 horse_04
2026-06-30 10:24:23,748 INFO: avg err:0.4352 | err:0.6353 | horse_09 horse_05
2026-06-30 10:24:24,132 INFO: avg err:0.4358 | err:0.6714 | horse_09 horse_06
2026-06-30 10:24:24,500 INFO: avg err:0.4365 | err:0.6906 | horse_09 horse_07
2026-06-30 10:24:24,820 INFO: avg err:0.4368 | err:0.5588 | horse_09 horse_08
2026-06-30 10:24:25,228 INFO: avg err:0.4356 | err:0.0000 | horse_09 horse_09
2026-06-30 10:24:25,611 INFO: avg err:0.4352 | err:0.2796 | horse_09 horse_10
2026-06-30 10:24:25,969 INFO: avg err:0.4352 | err:0.4298 | horse_10 cougar_01
2026-06-30 10:24:26,318 INFO: avg err:0.4352 | err:0.4312 | horse_10 cougar_02
2026-06-30 10:24:26,643 INFO: avg err:0.4360 | err:0.7406 | horse_10 cougar_03
2026-06-30 10:24:27,012 INFO: avg err:0.4367 | err:0.6916 | horse_10 cougar_04
2026-06-30 10:24:27,480 INFO: avg err:0.4374 | err:0.7378 | horse_10 hippo_01
2026-06-30 10:24:27,827 INFO: avg err:0.4380 | err:0.6707 | horse_10 hippo_02
2026-06-30 10:24:28,253 INFO: avg err:0.4384 | err:0.5731 | horse_10 hippo_03
2026-06-30 10:24:28,622 INFO: avg err:0.4390 | err:0.6739 | horse_10 hippo_04
2026-06-30 10:24:28,975 INFO: avg err:0.4394 | err:0.5790 | horse_10 hippo_05
2026-06-30 10:24:29,343 INFO: avg err:0.4400 | err:0.6943 | horse_10 hippo_06
2026-06-30 10:24:29,706 INFO: avg err:0.4404 | err:0.6082 | horse_10 horse_01
2026-06-30 10:24:30,077 INFO: avg err:0.4402 | err:0.3261 | horse_10 horse_02
2026-06-30 10:24:30,440 INFO: avg err:0.4404 | err:0.5537 | horse_10 horse_03
2026-06-30 10:24:30,797 INFO: avg err:0.4410 | err:0.6700 | horse_10 horse_04
2026-06-30 10:24:31,155 INFO: avg err:0.4417 | err:0.7041 | horse_10 horse_05
2026-06-30 10:24:31,537 INFO: avg err:0.4421 | err:0.5931 | horse_10 horse_06
2026-06-30 10:24:31,875 INFO: avg err:0.4430 | err:0.8024 | horse_10 horse_07
2026-06-30 10:24:32,226 INFO: avg err:0.4431 | err:0.4721 | horse_10 horse_08
2026-06-30 10:24:32,512 INFO: avg err:0.4426 | err:0.2745 | horse_10 horse_09
2026-06-30 10:24:32,808 INFO: avg err:0.4415 | err:0.0000 | horse_10 horse_10
2026-06-30 10:24:32,849 INFO: Avg time: 0.1459
2026-06-30 10:24:33,438 INFO: Val auc: 0.2151
2026-06-30 10:24:33,442 INFO: Val avg error: 0.4415
2026-06-30 10:24:33,447 INFO: Best model is updated, average geodesic error: 0.4415
2026-06-30 10:24:33,529 INFO: [ONB diag] max|Q-I|: mean=5.9402e-02 max=6.4728e-02 | max|Φ̃ᵀMΦ̃-I|: mean=6.9976e-07 max=8.3447e-07
2026-06-30 10:24:41,652 INFO: [smal_..][epoch:  5, iter:   4,020, lr:(9.141e-04,9.141e-04,)][eta: 1:36:44, time (data): 0.389 (0.016)]l_bij: 2.1013e+02 l_orth: 2.0539e+02 l_align: 1.6070e+02 l_qreg: 1.6183e+00 l_total: 5.7783e+02 
2026-06-30 10:24:49,550 INFO: [smal_..][epoch:  5, iter:   4,040, lr:(9.141e-04,9.141e-04,)][eta: 1:36:31, time (data): 0.395 (0.017)]l_bij: 1.9587e+02 l_orth: 1.8881e+02 l_align: 1.8073e+02 l_qreg: 1.7542e+00 l_total: 5.6717e+02 
2026-06-30 10:24:57,489 INFO: [smal_..][epoch:  5, iter:   4,060, lr:(9.141e-04,9.141e-04,)][eta: 1:36:19, time (data): 0.396 (0.016)]l_bij: 2.1016e+02 l_orth: 2.0224e+02 l_align: 1.6619e+02 l_qreg: 1.8531e+00 l_total: 5.8044e+02 
2026-06-30 10:25:05,278 INFO: [smal_..][epoch:  5, iter:   4,080, lr:(9.141e-04,9.141e-04,)][eta: 1:36:06, time (data): 0.393 (0.016)]l_bij: 1.8760e+02 l_orth: 1.8107e+02 l_align: 1.9589e+02 l_qreg: 2.1276e+00 l_total: 5.6669e+02 
2026-06-30 10:25:13,163 INFO: [smal_..][epoch:  5, iter:   4,100, lr:(9.141e-04,9.141e-04,)][eta: 1:35:53, time (data): 0.394 (0.016)]l_bij: 1.9038e+02 l_orth: 1.8705e+02 l_align: 1.8308e+02 l_qreg: 1.3160e+00 l_total: 5.6183e+02 
2026-06-30 10:25:20,925 INFO: [smal_..][epoch:  5, iter:   4,120, lr:(9.141e-04,9.141e-04,)][eta: 1:35:40, time (data): 0.392 (0.016)]l_bij: 2.0017e+02 l_orth: 1.9495e+02 l_align: 1.7410e+02 l_qreg: 1.6657e+00 l_total: 5.7089e+02 
2026-06-30 10:25:28,962 INFO: [smal_..][epoch:  5, iter:   4,140, lr:(9.141e-04,9.141e-04,)][eta: 1:35:28, time (data): 0.394 (0.016)]l_bij: 2.0270e+02 l_orth: 2.0213e+02 l_align: 1.7475e+02 l_qreg: 1.7097e+00 l_total: 5.8130e+02 
2026-06-30 10:25:36,868 INFO: [smal_..][epoch:  5, iter:   4,160, lr:(9.141e-04,9.141e-04,)][eta: 1:35:15, time (data): 0.394 (0.016)]l_bij: 1.9745e+02 l_orth: 1.9190e+02 l_align: 1.7800e+02 l_qreg: 2.2223e+00 l_total: 5.6957e+02 
2026-06-30 10:25:44,642 INFO: [smal_..][epoch:  5, iter:   4,180, lr:(9.141e-04,9.141e-04,)][eta: 1:35:03, time (data): 0.393 (0.016)]l_bij: 2.1020e+02 l_orth: 2.0368e+02 l_align: 1.6265e+02 l_qreg: 1.4024e+00 l_total: 5.7793e+02 
2026-06-30 10:25:52,360 INFO: [smal_..][epoch:  5, iter:   4,200, lr:(9.141e-04,9.141e-04,)][eta: 1:34:50, time (data): 0.393 (0.016)]l_bij: 2.1266e+02 l_orth: 2.0605e+02 l_align: 1.5665e+02 l_qreg: 1.6686e+00 l_total: 5.7702e+02 
2026-06-30 10:26:00,348 INFO: [smal_..][epoch:  6, iter:   4,220, lr:(8.682e-04,8.682e-04,)][eta: 1:34:38, time (data): 0.393 (0.018)]l_bij: 1.9090e+02 l_orth: 1.8922e+02 l_align: 1.8374e+02 l_qreg: 1.7768e+00 l_total: 5.6563e+02 
2026-06-30 10:26:08,305 INFO: [smal_..][epoch:  6, iter:   4,240, lr:(8.682e-04,8.682e-04,)][eta: 1:34:25, time (data): 0.396 (0.016)]l_bij: 2.1539e+02 l_orth: 2.0763e+02 l_align: 1.6043e+02 l_qreg: 1.5360e+00 l_total: 5.8498e+02 
2026-06-30 10:26:16,226 INFO: [smal_..][epoch:  6, iter:   4,260, lr:(8.682e-04,8.682e-04,)][eta: 1:34:13, time (data): 0.396 (0.016)]l_bij: 2.0517e+02 l_orth: 1.9952e+02 l_align: 1.7709e+02 l_qreg: 2.1259e+00 l_total: 5.8391e+02 
2026-06-30 10:26:23,594 INFO: [smal_..][epoch:  6, iter:   4,280, lr:(8.682e-04,8.682e-04,)][eta: 1:33:59, time (data): 0.387 (0.017)]l_bij: 2.0960e+02 l_orth: 2.0350e+02 l_align: 1.7285e+02 l_qreg: 2.2229e+00 l_total: 5.8817e+02 
2026-06-30 10:26:30,948 INFO: [smal_..][epoch:  6, iter:   4,300, lr:(8.682e-04,8.682e-04,)][eta: 1:33:46, time (data): 0.382 (0.017)]l_bij: 1.9532e+02 l_orth: 1.8756e+02 l_align: 1.7304e+02 l_qreg: 1.5971e+00 l_total: 5.5752e+02 
2026-06-30 10:26:38,246 INFO: [smal_..][epoch:  6, iter:   4,320, lr:(8.682e-04,8.682e-04,)][eta: 1:33:32, time (data): 0.378 (0.017)]l_bij: 2.0764e+02 l_orth: 2.0190e+02 l_align: 1.6248e+02 l_qreg: 2.0534e+00 l_total: 5.7407e+02 
2026-06-30 10:26:45,548 INFO: [smal_..][epoch:  6, iter:   4,340, lr:(8.682e-04,8.682e-04,)][eta: 1:33:18, time (data): 0.376 (0.018)]l_bij: 1.8988e+02 l_orth: 1.8427e+02 l_align: 1.7894e+02 l_qreg: 1.9270e+00 l_total: 5.5501e+02 
2026-06-30 10:26:53,084 INFO: [smal_..][epoch:  6, iter:   4,360, lr:(8.682e-04,8.682e-04,)][eta: 1:33:05, time (data): 0.376 (0.018)]l_bij: 1.9520e+02 l_orth: 1.9136e+02 l_align: 1.8220e+02 l_qreg: 1.8354e+00 l_total: 5.7059e+02 
2026-06-30 10:27:00,395 INFO: [smal_..][epoch:  6, iter:   4,380, lr:(8.682e-04,8.682e-04,)][eta: 1:32:51, time (data): 0.375 (0.018)]l_bij: 2.0949e+02 l_orth: 2.0469e+02 l_align: 1.6396e+02 l_qreg: 1.7958e+00 l_total: 5.7993e+02 
2026-06-30 10:27:07,891 INFO: [smal_..][epoch:  6, iter:   4,400, lr:(8.682e-04,8.682e-04,)][eta: 1:32:38, time (data): 0.375 (0.018)]l_bij: 1.9101e+02 l_orth: 1.8848e+02 l_align: 1.8451e+02 l_qreg: 2.0416e+00 l_total: 5.6604e+02 
2026-06-30 10:27:15,331 INFO: [smal_..][epoch:  6, iter:   4,420, lr:(8.682e-04,8.682e-04,)][eta: 1:32:25, time (data): 0.374 (0.018)]l_bij: 1.9118e+02 l_orth: 1.8525e+02 l_align: 1.7913e+02 l_qreg: 2.0500e+00 l_total: 5.5762e+02 
2026-06-30 10:27:22,714 INFO: [smal_..][epoch:  6, iter:   4,440, lr:(8.682e-04,8.682e-04,)][eta: 1:32:12, time (data): 0.367 (0.017)]l_bij: 1.9139e+02 l_orth: 1.8616e+02 l_align: 1.7630e+02 l_qreg: 1.8566e+00 l_total: 5.5571e+02 
2026-06-30 10:27:29,886 INFO: [smal_..][epoch:  6, iter:   4,460, lr:(8.682e-04,8.682e-04,)][eta: 1:31:58, time (data): 0.362 (0.018)]l_bij: 1.9923e+02 l_orth: 1.9376e+02 l_align: 1.7800e+02 l_qreg: 1.6678e+00 l_total: 5.7265e+02 
2026-06-30 10:27:37,136 INFO: [smal_..][epoch:  6, iter:   4,480, lr:(8.682e-04,8.682e-04,)][eta: 1:31:44, time (data): 0.362 (0.018)]l_bij: 2.0816e+02 l_orth: 2.0160e+02 l_align: 1.6497e+02 l_qreg: 1.4655e+00 l_total: 5.7620e+02 
2026-06-30 10:27:44,335 INFO: [smal_..][epoch:  6, iter:   4,500, lr:(8.682e-04,8.682e-04,)][eta: 1:31:31, time (data): 0.362 (0.018)]l_bij: 1.9444e+02 l_orth: 1.9190e+02 l_align: 1.7907e+02 l_qreg: 1.7105e+00 l_total: 5.6712e+02 
2026-06-30 10:27:51,765 INFO: [smal_..][epoch:  6, iter:   4,520, lr:(8.682e-04,8.682e-04,)][eta: 1:31:18, time (data): 0.364 (0.018)]l_bij: 1.8835e+02 l_orth: 1.8094e+02 l_align: 1.8015e+02 l_qreg: 1.9933e+00 l_total: 5.5142e+02 
2026-06-30 10:27:59,170 INFO: [smal_..][epoch:  6, iter:   4,540, lr:(8.682e-04,8.682e-04,)][eta: 1:31:05, time (data): 0.365 (0.018)]l_bij: 2.0193e+02 l_orth: 1.9480e+02 l_align: 1.6586e+02 l_qreg: 1.9474e+00 l_total: 5.6454e+02 
2026-06-30 10:28:06,400 INFO: [smal_..][epoch:  6, iter:   4,560, lr:(8.682e-04,8.682e-04,)][eta: 1:30:51, time (data): 0.364 (0.018)]l_bij: 2.0915e+02 l_orth: 2.0409e+02 l_align: 1.6219e+02 l_qreg: 1.2323e+00 l_total: 5.7666e+02 
2026-06-30 10:28:13,695 INFO: [smal_..][epoch:  6, iter:   4,580, lr:(8.682e-04,8.682e-04,)][eta: 1:30:38, time (data): 0.364 (0.018)]l_bij: 1.9737e+02 l_orth: 1.9169e+02 l_align: 1.6837e+02 l_qreg: 1.6058e+00 l_total: 5.5904e+02 
2026-06-30 10:28:21,348 INFO: [smal_..][epoch:  6, iter:   4,600, lr:(8.682e-04,8.682e-04,)][eta: 1:30:26, time (data): 0.366 (0.018)]l_bij: 2.0873e+02 l_orth: 2.0268e+02 l_align: 1.6687e+02 l_qreg: 1.8998e+00 l_total: 5.8018e+02 
2026-06-30 10:28:28,838 INFO: [smal_..][epoch:  6, iter:   4,620, lr:(8.682e-04,8.682e-04,)][eta: 1:30:13, time (data): 0.367 (0.017)]l_bij: 1.8470e+02 l_orth: 1.8317e+02 l_align: 1.8597e+02 l_qreg: 1.8213e+00 l_total: 5.5566e+02 
2026-06-30 10:28:36,726 INFO: [smal_..][epoch:  6, iter:   4,640, lr:(8.682e-04,8.682e-04,)][eta: 1:30:02, time (data): 0.393 (0.016)]l_bij: 2.0476e+02 l_orth: 1.9878e+02 l_align: 1.6137e+02 l_qreg: 1.6547e+00 l_total: 5.6658e+02 
2026-06-30 10:28:44,548 INFO: [smal_..][epoch:  6, iter:   4,660, lr:(8.682e-04,8.682e-04,)][eta: 1:29:50, time (data): 0.392 (0.015)]l_bij: 1.9743e+02 l_orth: 1.9293e+02 l_align: 1.6844e+02 l_qreg: 1.7174e+00 l_total: 5.6052e+02 
2026-06-30 10:28:52,294 INFO: [smal_..][epoch:  6, iter:   4,680, lr:(8.682e-04,8.682e-04,)][eta: 1:29:39, time (data): 0.390 (0.015)]l_bij: 1.9365e+02 l_orth: 1.9211e+02 l_align: 1.7842e+02 l_qreg: 2.0172e+00 l_total: 5.6620e+02 
2026-06-30 10:28:59,983 INFO: [smal_..][epoch:  6, iter:   4,700, lr:(8.682e-04,8.682e-04,)][eta: 1:29:27, time (data): 0.389 (0.015)]l_bij: 2.0273e+02 l_orth: 1.9944e+02 l_align: 1.6961e+02 l_qreg: 1.6571e+00 l_total: 5.7344e+02 
2026-06-30 10:29:07,845 INFO: [smal_..][epoch:  6, iter:   4,720, lr:(8.682e-04,8.682e-04,)][eta: 1:29:15, time (data): 0.389 (0.015)]l_bij: 2.0845e+02 l_orth: 2.0430e+02 l_align: 1.6031e+02 l_qreg: 1.7545e+00 l_total: 5.7481e+02 
2026-06-30 10:29:15,702 INFO: [smal_..][epoch:  6, iter:   4,740, lr:(8.682e-04,8.682e-04,)][eta: 1:29:04, time (data): 0.390 (0.015)]l_bij: 2.0975e+02 l_orth: 2.0471e+02 l_align: 1.6000e+02 l_qreg: 1.4522e+00 l_total: 5.7591e+02 
2026-06-30 10:29:23,474 INFO: [smal_..][epoch:  6, iter:   4,760, lr:(8.682e-04,8.682e-04,)][eta: 1:28:52, time (data): 0.390 (0.016)]l_bij: 1.9605e+02 l_orth: 1.9418e+02 l_align: 1.7519e+02 l_qreg: 1.5830e+00 l_total: 5.6699e+02 
2026-06-30 10:29:31,108 INFO: [smal_..][epoch:  6, iter:   4,780, lr:(8.682e-04,8.682e-04,)][eta: 1:28:40, time (data): 0.389 (0.016)]l_bij: 2.0864e+02 l_orth: 2.0471e+02 l_align: 1.7305e+02 l_qreg: 1.9069e+00 l_total: 5.8831e+02 
2026-06-30 10:29:38,890 INFO: [smal_..][epoch:  6, iter:   4,800, lr:(8.682e-04,8.682e-04,)][eta: 1:28:29, time (data): 0.389 (0.016)]l_bij: 1.9918e+02 l_orth: 2.2896e+02 l_align: 1.7960e+02 l_qreg: 1.6186e+00 l_total: 6.0936e+02 
2026-06-30 10:29:46,487 INFO: [smal_..][epoch:  6, iter:   4,820, lr:(8.682e-04,8.682e-04,)][eta: 1:28:17, time (data): 0.388 (0.016)]l_bij: 2.0747e+02 l_orth: 1.9843e+02 l_align: 1.6890e+02 l_qreg: 2.0177e+00 l_total: 5.7682e+02 
2026-06-30 10:29:54,308 INFO: [smal_..][epoch:  6, iter:   4,840, lr:(8.682e-04,8.682e-04,)][eta: 1:28:06, time (data): 0.388 (0.016)]l_bij: 2.0418e+02 l_orth: 1.9898e+02 l_align: 1.6877e+02 l_qreg: 1.9292e+00 l_total: 5.7385e+02 
2026-06-30 10:30:02,183 INFO: [smal_..][epoch:  6, iter:   4,860, lr:(8.682e-04,8.682e-04,)][eta: 1:27:55, time (data): 0.391 (0.016)]l_bij: 2.0231e+02 l_orth: 1.9717e+02 l_align: 1.6826e+02 l_qreg: 1.8471e+00 l_total: 5.6958e+02 
2026-06-30 10:30:09,942 INFO: [smal_..][epoch:  6, iter:   4,880, lr:(8.682e-04,8.682e-04,)][eta: 1:27:43, time (data): 0.390 (0.016)]l_bij: 2.0956e+02 l_orth: 2.0614e+02 l_align: 1.6481e+02 l_qreg: 1.6014e+00 l_total: 5.8211e+02 
2026-06-30 10:30:17,732 INFO: [smal_..][epoch:  6, iter:   4,900, lr:(8.682e-04,8.682e-04,)][eta: 1:27:32, time (data): 0.390 (0.016)]l_bij: 2.1030e+02 l_orth: 2.0374e+02 l_align: 1.6423e+02 l_qreg: 1.8083e+00 l_total: 5.8007e+02 
2026-06-30 10:30:25,452 INFO: [smal_..][epoch:  6, iter:   4,920, lr:(8.682e-04,8.682e-04,)][eta: 1:27:20, time (data): 0.389 (0.016)]l_bij: 1.9218e+02 l_orth: 1.8925e+02 l_align: 1.7927e+02 l_qreg: 1.7394e+00 l_total: 5.6244e+02 
2026-06-30 10:30:33,061 INFO: [smal_..][epoch:  6, iter:   4,940, lr:(8.682e-04,8.682e-04,)][eta: 1:27:09, time (data): 0.387 (0.016)]l_bij: 2.1024e+02 l_orth: 2.0542e+02 l_align: 1.7063e+02 l_qreg: 1.6428e+00 l_total: 5.8793e+02 
2026-06-30 10:30:41,007 INFO: [smal_..][epoch:  6, iter:   4,960, lr:(8.682e-04,8.682e-04,)][eta: 1:26:58, time (data): 0.389 (0.016)]l_bij: 2.1265e+02 l_orth: 2.0862e+02 l_align: 1.7654e+02 l_qreg: 1.7593e+00 l_total: 5.9957e+02 
2026-06-30 10:30:48,888 INFO: [smal_..][epoch:  6, iter:   4,980, lr:(8.682e-04,8.682e-04,)][eta: 1:26:47, time (data): 0.389 (0.016)]l_bij: 2.0876e+02 l_orth: 2.0579e+02 l_align: 1.6638e+02 l_qreg: 1.6768e+00 l_total: 5.8261e+02 
2026-06-30 10:30:56,772 INFO: [smal_..][epoch:  6, iter:   5,000, lr:(8.682e-04,8.682e-04,)][eta: 1:26:36, time (data): 0.390 (0.016)]l_bij: 1.9956e+02 l_orth: 1.9582e+02 l_align: 1.6963e+02 l_qreg: 1.8586e+00 l_total: 5.6687e+02 
2026-06-30 10:31:04,770 INFO: [smal_..][epoch:  6, iter:   5,020, lr:(8.682e-04,8.682e-04,)][eta: 1:26:25, time (data): 0.391 (0.016)]l_bij: 1.9654e+02 l_orth: 1.9296e+02 l_align: 1.6987e+02 l_qreg: 1.5449e+00 l_total: 5.6091e+02 
2026-06-30 10:31:12,631 INFO: [smal_..][epoch:  6, iter:   5,040, lr:(8.682e-04,8.682e-04,)][eta: 1:26:14, time (data): 0.392 (0.015)]l_bij: 1.8641e+02 l_orth: 1.8277e+02 l_align: 1.9036e+02 l_qreg: 2.0133e+00 l_total: 5.6156e+02 
2026-06-30 10:31:20,408 INFO: [smal_..][epoch:  7, iter:   5,060, lr:(8.145e-04,8.145e-04,)][eta: 1:26:03, time (data): 0.390 (0.022)]l_bij: 2.0245e+02 l_orth: 1.9863e+02 l_align: 1.7409e+02 l_qreg: 1.8918e+00 l_total: 5.7705e+02 
2026-06-30 10:31:28,067 INFO: [smal_..][epoch:  7, iter:   5,080, lr:(8.145e-04,8.145e-04,)][eta: 1:25:52, time (data): 0.387 (0.019)]l_bij: 3.4668e+01 l_orth: 3.5317e+01 l_align: 3.2560e+02 l_qreg: 1.7862e+00 l_total: 3.9737e+02 
2026-06-30 10:31:35,846 INFO: [smal_..][epoch:  7, iter:   5,100, lr:(8.145e-04,8.145e-04,)][eta: 1:25:41, time (data): 0.388 (0.018)]l_bij: 2.0375e+02 l_orth: 2.0175e+02 l_align: 1.7733e+02 l_qreg: 1.9936e+00 l_total: 5.8482e+02 
2026-06-30 10:31:43,418 INFO: [smal_..][epoch:  7, iter:   5,120, lr:(8.145e-04,8.145e-04,)][eta: 1:25:29, time (data): 0.386 (0.018)]l_bij: 2.6774e+01 l_orth: 2.9048e+01 l_align: 3.2987e+02 l_qreg: 1.9663e+00 l_total: 3.8766e+02 
2026-06-30 10:31:50,933 INFO: [smal_..][epoch:  7, iter:   5,140, lr:(8.145e-04,8.145e-04,)][eta: 1:25:17, time (data): 0.384 (0.017)]l_bij: 1.8784e+02 l_orth: 1.8110e+02 l_align: 1.8480e+02 l_qreg: 1.7083e+00 l_total: 5.5544e+02 
2026-06-30 10:31:58,703 INFO: [smal_..][epoch:  7, iter:   5,160, lr:(8.145e-04,8.145e-04,)][eta: 1:25:06, time (data): 0.385 (0.017)]l_bij: 2.0043e+02 l_orth: 1.9513e+02 l_align: 1.7255e+02 l_qreg: 1.6691e+00 l_total: 5.6978e+02 
2026-06-30 10:32:06,366 INFO: [smal_..][epoch:  7, iter:   5,180, lr:(8.145e-04,8.145e-04,)][eta: 1:24:55, time (data): 0.384 (0.017)]l_bij: 2.0013e+02 l_orth: 2.0032e+02 l_align: 1.7462e+02 l_qreg: 2.0650e+00 l_total: 5.7713e+02 
2026-06-30 10:32:14,203 INFO: [smal_..][epoch:  7, iter:   5,200, lr:(8.145e-04,8.145e-04,)][eta: 1:24:44, time (data): 0.385 (0.017)]l_bij: 1.8897e+02 l_orth: 1.8640e+02 l_align: 1.8640e+02 l_qreg: 1.7846e+00 l_total: 5.6355e+02 
2026-06-30 10:32:22,148 INFO: [smal_..][epoch:  7, iter:   5,220, lr:(8.145e-04,8.145e-04,)][eta: 1:24:34, time (data): 0.386 (0.017)]l_bij: 1.9382e+02 l_orth: 1.8883e+02 l_align: 1.8203e+02 l_qreg: 1.6679e+00 l_total: 5.6636e+02 
2026-06-30 10:32:29,935 INFO: [smal_..][epoch:  7, iter:   5,240, lr:(8.145e-04,8.145e-04,)][eta: 1:24:23, time (data): 0.394 (0.014)]l_bij: 2.0096e+02 l_orth: 1.9625e+02 l_align: 1.7441e+02 l_qreg: 1.5976e+00 l_total: 5.7322e+02 
2026-06-30 10:32:37,819 INFO: [smal_..][epoch:  7, iter:   5,260, lr:(8.145e-04,8.145e-04,)][eta: 1:24:12, time (data): 0.394 (0.015)]l_bij: 1.9913e+02 l_orth: 1.9406e+02 l_align: 1.6946e+02 l_qreg: 2.2011e+00 l_total: 5.6485e+02 
2026-06-30 10:32:45,339 INFO: [smal_..][epoch:  7, iter:   5,280, lr:(8.145e-04,8.145e-04,)][eta: 1:24:01, time (data): 0.387 (0.015)]l_bij: 1.9985e+02 l_orth: 1.9580e+02 l_align: 1.7653e+02 l_qreg: 1.4867e+00 l_total: 5.7366e+02 
2026-06-30 10:32:53,236 INFO: [smal_..][epoch:  7, iter:   5,300, lr:(8.145e-04,8.145e-04,)][eta: 1:23:50, time (data): 0.389 (0.016)]l_bij: 2.0090e+02 l_orth: 1.9408e+02 l_align: 1.6965e+02 l_qreg: 1.4878e+00 l_total: 5.6612e+02 
2026-06-30 10:33:00,696 INFO: [smal_..][epoch:  7, iter:   5,320, lr:(8.145e-04,8.145e-04,)][eta: 1:23:39, time (data): 0.386 (0.016)]l_bij: 2.0521e+02 l_orth: 2.0045e+02 l_align: 1.6363e+02 l_qreg: 2.1241e+00 l_total: 5.7141e+02 
2026-06-30 10:33:08,417 INFO: [smal_..][epoch:  7, iter:   5,340, lr:(8.145e-04,8.145e-04,)][eta: 1:23:28, time (data): 0.386 (0.016)]l_bij: 1.9452e+02 l_orth: 1.8818e+02 l_align: 1.7598e+02 l_qreg: 2.1858e+00 l_total: 5.6087e+02 
2026-06-30 10:33:16,322 INFO: [smal_..][epoch:  7, iter:   5,360, lr:(8.145e-04,8.145e-04,)][eta: 1:23:18, time (data): 0.387 (0.016)]l_bij: 1.9215e+02 l_orth: 1.8974e+02 l_align: 1.7383e+02 l_qreg: 1.6160e+00 l_total: 5.5733e+02 
2026-06-30 10:33:24,260 INFO: [smal_..][epoch:  7, iter:   5,380, lr:(8.145e-04,8.145e-04,)][eta: 1:23:07, time (data): 0.388 (0.016)]l_bij: 1.9951e+02 l_orth: 1.9365e+02 l_align: 1.7789e+02 l_qreg: 2.4213e+00 l_total: 5.7348e+02 
2026-06-30 10:33:31,977 INFO: [smal_..][epoch:  7, iter:   5,400, lr:(8.145e-04,8.145e-04,)][eta: 1:22:56, time (data): 0.388 (0.016)]l_bij: 1.9787e+02 l_orth: 1.9252e+02 l_align: 1.7567e+02 l_qreg: 2.0385e+00 l_total: 5.6810e+02 
2026-06-30 10:33:39,823 INFO: [smal_..][epoch:  7, iter:   5,420, lr:(8.145e-04,8.145e-04,)][eta: 1:22:46, time (data): 0.388 (0.016)]l_bij: 1.9773e+02 l_orth: 1.9131e+02 l_align: 1.7393e+02 l_qreg: 2.0396e+00 l_total: 5.6501e+02 
2026-06-30 10:33:47,605 INFO: [smal_..][epoch:  7, iter:   5,440, lr:(8.145e-04,8.145e-04,)][eta: 1:22:35, time (data): 0.389 (0.016)]l_bij: 1.9961e+02 l_orth: 1.9631e+02 l_align: 1.7102e+02 l_qreg: 1.7919e+00 l_total: 5.6873e+02 
2026-06-30 10:33:55,358 INFO: [smal_..][epoch:  7, iter:   5,460, lr:(8.145e-04,8.145e-04,)][eta: 1:22:24, time (data): 0.388 (0.016)]l_bij: 1.9718e+02 l_orth: 1.9361e+02 l_align: 1.8009e+02 l_qreg: 2.3422e+00 l_total: 5.7321e+02 
2026-06-30 10:34:03,255 INFO: [smal_..][epoch:  7, iter:   5,480, lr:(8.145e-04,8.145e-04,)][eta: 1:22:14, time (data): 0.391 (0.016)]l_bij: 1.9920e+02 l_orth: 1.9205e+02 l_align: 1.7514e+02 l_qreg: 2.0104e+00 l_total: 5.6841e+02 
2026-06-30 10:34:10,915 INFO: [smal_..][epoch:  7, iter:   5,500, lr:(8.145e-04,8.145e-04,)][eta: 1:22:03, time (data): 0.388 (0.016)]l_bij: 1.9501e+02 l_orth: 1.8899e+02 l_align: 1.7387e+02 l_qreg: 1.6501e+00 l_total: 5.5952e+02 
2026-06-30 10:34:18,820 INFO: [smal_..][epoch:  7, iter:   5,520, lr:(8.145e-04,8.145e-04,)][eta: 1:21:53, time (data): 0.390 (0.016)]l_bij: 2.0140e+02 l_orth: 1.9740e+02 l_align: 1.6777e+02 l_qreg: 1.7297e+00 l_total: 5.6831e+02 
2026-06-30 10:34:26,621 INFO: [smal_..][epoch:  7, iter:   5,540, lr:(8.145e-04,8.145e-04,)][eta: 1:21:42, time (data): 0.390 (0.016)]l_bij: 2.0268e+02 l_orth: 1.9675e+02 l_align: 1.6746e+02 l_qreg: 1.9057e+00 l_total: 5.6880e+02 
2026-06-30 10:34:34,317 INFO: [smal_..][epoch:  7, iter:   5,560, lr:(8.145e-04,8.145e-04,)][eta: 1:21:32, time (data): 0.389 (0.016)]l_bij: 2.0729e+02 l_orth: 2.0338e+02 l_align: 1.6691e+02 l_qreg: 1.8092e+00 l_total: 5.7939e+02 
2026-06-30 10:34:41,818 INFO: [smal_..][epoch:  7, iter:   5,580, lr:(8.145e-04,8.145e-04,)][eta: 1:21:20, time (data): 0.387 (0.016)]l_bij: 1.9510e+02 l_orth: 1.9054e+02 l_align: 1.7806e+02 l_qreg: 1.7982e+00 l_total: 5.6549e+02 
2026-06-30 10:34:49,298 INFO: [smal_..][epoch:  7, iter:   5,600, lr:(8.145e-04,8.145e-04,)][eta: 1:21:09, time (data): 0.386 (0.016)]l_bij: 2.0079e+02 l_orth: 1.9469e+02 l_align: 1.7285e+02 l_qreg: 1.9179e+00 l_total: 5.7025e+02 
2026-06-30 10:34:57,101 INFO: [smal_..][epoch:  7, iter:   5,620, lr:(8.145e-04,8.145e-04,)][eta: 1:20:59, time (data): 0.386 (0.016)]l_bij: 1.9408e+02 l_orth: 1.9005e+02 l_align: 1.7585e+02 l_qreg: 1.5671e+00 l_total: 5.6155e+02 
2026-06-30 10:35:04,794 INFO: [smal_..][epoch:  7, iter:   5,640, lr:(8.145e-04,8.145e-04,)][eta: 1:20:48, time (data): 0.376 (0.016)]l_bij: 2.0144e+02 l_orth: 1.9525e+02 l_align: 1.7140e+02 l_qreg: 1.6785e+00 l_total: 5.6976e+02 
2026-06-30 10:35:12,038 INFO: [smal_..][epoch:  7, iter:   5,660, lr:(8.145e-04,8.145e-04,)][eta: 1:20:37, time (data): 0.367 (0.017)]l_bij: 1.9295e+02 l_orth: 1.8964e+02 l_align: 1.9047e+02 l_qreg: 2.3675e+00 l_total: 5.7542e+02 
2026-06-30 10:35:19,195 INFO: [smal_..][epoch:  7, iter:   5,680, lr:(8.145e-04,8.145e-04,)][eta: 1:20:25, time (data): 0.364 (0.017)]l_bij: 2.0132e+02 l_orth: 1.9670e+02 l_align: 1.6800e+02 l_qreg: 1.5717e+00 l_total: 5.6759e+02 
2026-06-30 10:35:26,668 INFO: [smal_..][epoch:  7, iter:   5,700, lr:(8.145e-04,8.145e-04,)][eta: 1:20:14, time (data): 0.366 (0.017)]l_bij: 2.0101e+02 l_orth: 2.0034e+02 l_align: 1.7186e+02 l_qreg: 1.8077e+00 l_total: 5.7502e+02 
2026-06-30 10:35:34,087 INFO: [smal_..][epoch:  7, iter:   5,720, lr:(8.145e-04,8.145e-04,)][eta: 1:20:03, time (data): 0.367 (0.017)]l_bij: 1.9646e+02 l_orth: 1.9184e+02 l_align: 1.7113e+02 l_qreg: 1.5140e+00 l_total: 5.6094e+02 
2026-06-30 10:35:41,593 INFO: [smal_..][epoch:  7, iter:   5,740, lr:(8.145e-04,8.145e-04,)][eta: 1:19:52, time (data): 0.369 (0.017)]l_bij: 1.8390e+02 l_orth: 1.7939e+02 l_align: 1.8309e+02 l_qreg: 1.7992e+00 l_total: 5.4819e+02 
2026-06-30 10:35:49,174 INFO: [smal_..][epoch:  7, iter:   5,760, lr:(8.145e-04,8.145e-04,)][eta: 1:19:42, time (data): 0.370 (0.017)]l_bij: 1.9417e+02 l_orth: 1.9395e+02 l_align: 1.7594e+02 l_qreg: 1.6300e+00 l_total: 5.6568e+02 
2026-06-30 10:35:56,316 INFO: [smal_..][epoch:  7, iter:   5,780, lr:(8.145e-04,8.145e-04,)][eta: 1:19:30, time (data): 0.368 (0.018)]l_bij: 2.0101e+02 l_orth: 1.9492e+02 l_align: 1.7361e+02 l_qreg: 1.5634e+00 l_total: 5.7110e+02 
2026-06-30 10:36:03,616 INFO: [smal_..][epoch:  7, iter:   5,800, lr:(8.145e-04,8.145e-04,)][eta: 1:19:19, time (data): 0.368 (0.018)]l_bij: 2.0483e+02 l_orth: 2.0012e+02 l_align: 1.7010e+02 l_qreg: 1.8430e+00 l_total: 5.7690e+02 
2026-06-30 10:36:11,056 INFO: [smal_..][epoch:  7, iter:   5,820, lr:(8.145e-04,8.145e-04,)][eta: 1:19:08, time (data): 0.368 (0.018)]l_bij: 1.8795e+02 l_orth: 1.8868e+02 l_align: 1.8517e+02 l_qreg: 1.8871e+00 l_total: 5.6369e+02 
2026-06-30 10:36:18,374 INFO: [smal_..][epoch:  7, iter:   5,840, lr:(8.145e-04,8.145e-04,)][eta: 1:18:57, time (data): 0.375 (0.018)]l_bij: 1.9696e+02 l_orth: 1.9134e+02 l_align: 1.7636e+02 l_qreg: 1.5360e+00 l_total: 5.6619e+02 
2026-06-30 10:36:25,894 INFO: [smal_..][epoch:  7, iter:   5,860, lr:(8.145e-04,8.145e-04,)][eta: 1:18:46, time (data): 0.375 (0.017)]l_bij: 1.9317e+02 l_orth: 1.8766e+02 l_align: 1.7424e+02 l_qreg: 1.7287e+00 l_total: 5.5680e+02 
2026-06-30 10:36:33,374 INFO: [smal_..][epoch:  7, iter:   5,880, lr:(8.145e-04,8.145e-04,)][eta: 1:18:35, time (data): 0.375 (0.018)]l_bij: 2.0279e+02 l_orth: 1.9657e+02 l_align: 1.7148e+02 l_qreg: 1.7620e+00 l_total: 5.7259e+02 
2026-06-30 10:36:40,916 INFO: [smal_..][epoch:  8, iter:   5,900, lr:(7.543e-04,7.543e-04,)][eta: 1:18:25, time (data): 0.375 (0.022)]l_bij: 1.9806e+02 l_orth: 1.9116e+02 l_align: 1.7025e+02 l_qreg: 1.8175e+00 l_total: 5.6129e+02 
2026-06-30 10:36:48,325 INFO: [smal_..][epoch:  8, iter:   5,920, lr:(7.543e-04,7.543e-04,)][eta: 1:18:14, time (data): 0.374 (0.021)]l_bij: 2.0059e+02 l_orth: 1.9426e+02 l_align: 1.7319e+02 l_qreg: 1.7640e+00 l_total: 5.6981e+02 
2026-06-30 10:36:55,741 INFO: [smal_..][epoch:  8, iter:   5,940, lr:(7.543e-04,7.543e-04,)][eta: 1:18:03, time (data): 0.373 (0.021)]l_bij: 2.0244e+02 l_orth: 2.0096e+02 l_align: 1.6996e+02 l_qreg: 1.7294e+00 l_total: 5.7508e+02 
2026-06-30 10:37:03,554 INFO: [smal_..][epoch:  8, iter:   5,960, lr:(7.543e-04,7.543e-04,)][eta: 1:17:53, time (data): 0.376 (0.020)]l_bij: 2.0057e+02 l_orth: 1.9623e+02 l_align: 1.7043e+02 l_qreg: 1.8970e+00 l_total: 5.6913e+02 
2026-06-30 10:37:11,373 INFO: [smal_..][epoch:  8, iter:   5,980, lr:(7.543e-04,7.543e-04,)][eta: 1:17:43, time (data): 0.378 (0.020)]l_bij: 1.8813e+02 l_orth: 1.8291e+02 l_align: 1.8368e+02 l_qreg: 1.7914e+00 l_total: 5.5651e+02 
2026-06-30 10:37:19,301 INFO: [smal_..][epoch:  8, iter:   6,000, lr:(7.543e-04,7.543e-04,)][eta: 1:17:33, time (data): 0.380 (0.020)]l_bij: 2.0265e+02 l_orth: 1.9542e+02 l_align: 1.7463e+02 l_qreg: 1.9345e+00 l_total: 5.7463e+02 
2026-06-30 10:37:19,302 INFO: Saving models and training states.
2026-06-30 10:37:19,341 INFO: Start validation.
2026-06-30 10:37:20,339 INFO: avg err:0.0000 | err:0.0000 | cougar_01 cougar_01
2026-06-30 10:37:20,658 INFO: avg err:0.0844 | err:0.1689 | cougar_01 cougar_02
2026-06-30 10:37:20,977 INFO: avg err:0.3182 | err:0.7856 | cougar_01 cougar_03
2026-06-30 10:37:21,260 INFO: avg err:0.4449 | err:0.8250 | cougar_01 cougar_04
2026-06-30 10:37:21,655 INFO: avg err:0.5072 | err:0.7566 | cougar_01 hippo_01
2026-06-30 10:37:21,944 INFO: avg err:0.5561 | err:0.8007 | cougar_01 hippo_02
2026-06-30 10:37:22,254 INFO: avg err:0.5112 | err:0.2414 | cougar_01 hippo_03
2026-06-30 10:37:22,571 INFO: avg err:0.5365 | err:0.7134 | cougar_01 hippo_04
2026-06-30 10:37:22,881 INFO: avg err:0.5577 | err:0.7277 | cougar_01 hippo_05
2026-06-30 10:37:23,180 INFO: avg err:0.5776 | err:0.7569 | cougar_01 hippo_06
2026-06-30 10:37:23,485 INFO: avg err:0.5949 | err:0.7673 | cougar_01 horse_01
2026-06-30 10:37:23,798 INFO: avg err:0.5546 | err:0.1114 | cougar_01 horse_02
2026-06-30 10:37:24,170 INFO: avg err:0.5628 | err:0.6613 | cougar_01 horse_03
2026-06-30 10:37:24,500 INFO: avg err:0.5732 | err:0.7085 | cougar_01 horse_04
2026-06-30 10:37:24,844 INFO: avg err:0.5884 | err:0.8009 | cougar_01 horse_05
2026-06-30 10:37:25,089 INFO: avg err:0.5981 | err:0.7435 | cougar_01 horse_06
2026-06-30 10:37:25,457 INFO: avg err:0.6053 | err:0.7206 | cougar_01 horse_07
2026-06-30 10:37:25,773 INFO: avg err:0.6150 | err:0.7807 | cougar_01 horse_08
2026-06-30 10:37:26,121 INFO: avg err:0.5966 | err:0.2657 | cougar_01 horse_09
2026-06-30 10:37:26,440 INFO: avg err:0.5840 | err:0.3439 | cougar_01 horse_10
2026-06-30 10:37:26,763 INFO: avg err:0.5649 | err:0.1819 | cougar_02 cougar_01
2026-06-30 10:37:27,066 INFO: avg err:0.5392 | err:0.0000 | cougar_02 cougar_02
2026-06-30 10:37:27,420 INFO: avg err:0.5518 | err:0.8293 | cougar_02 cougar_03
2026-06-30 10:37:27,752 INFO: avg err:0.5644 | err:0.8535 | cougar_02 cougar_04
2026-06-30 10:37:28,051 INFO: avg err:0.5715 | err:0.7438 | cougar_02 hippo_01
2026-06-30 10:37:28,388 INFO: avg err:0.5779 | err:0.7380 | cougar_02 hippo_02
2026-06-30 10:37:28,694 INFO: avg err:0.5665 | err:0.2699 | cougar_02 hippo_03
2026-06-30 10:37:29,051 INFO: avg err:0.5740 | err:0.7745 | cougar_02 hippo_04
2026-06-30 10:37:29,360 INFO: avg err:0.5822 | err:0.8114 | cougar_02 hippo_05
2026-06-30 10:37:29,677 INFO: avg err:0.5900 | err:0.8182 | cougar_02 hippo_06
2026-06-30 10:37:29,993 INFO: avg err:0.5988 | err:0.8608 | cougar_02 horse_01
2026-06-30 10:37:30,338 INFO: avg err:0.5932 | err:0.4208 | cougar_02 horse_02
2026-06-30 10:37:30,659 INFO: avg err:0.5997 | err:0.8074 | cougar_02 horse_03
2026-06-30 10:37:31,022 INFO: avg err:0.6049 | err:0.7763 | cougar_02 horse_04
2026-06-30 10:37:31,395 INFO: avg err:0.6092 | err:0.7557 | cougar_02 horse_05
2026-06-30 10:37:31,741 INFO: avg err:0.6144 | err:0.7958 | cougar_02 horse_06
2026-06-30 10:37:32,057 INFO: avg err:0.6160 | err:0.6761 | cougar_02 horse_07
2026-06-30 10:37:32,414 INFO: avg err:0.6214 | err:0.8210 | cougar_02 horse_08
2026-06-30 10:37:32,746 INFO: avg err:0.6139 | err:0.3293 | cougar_02 horse_09
2026-06-30 10:37:33,056 INFO: avg err:0.6077 | err:0.3643 | cougar_02 horse_10
2026-06-30 10:37:33,367 INFO: avg err:0.6133 | err:0.8384 | cougar_03 cougar_01
2026-06-30 10:37:33,743 INFO: avg err:0.6168 | err:0.7610 | cougar_03 cougar_02
2026-06-30 10:37:34,067 INFO: avg err:0.6025 | err:0.0000 | cougar_03 cougar_03
2026-06-30 10:37:34,363 INFO: avg err:0.5956 | err:0.2979 | cougar_03 cougar_04
2026-06-30 10:37:34,712 INFO: avg err:0.5886 | err:0.2800 | cougar_03 hippo_01
2026-06-30 10:37:35,019 INFO: avg err:0.5842 | err:0.3881 | cougar_03 hippo_02
2026-06-30 10:37:35,337 INFO: avg err:0.5880 | err:0.7617 | cougar_03 hippo_03
2026-06-30 10:37:35,659 INFO: avg err:0.5797 | err:0.1902 | cougar_03 hippo_04
2026-06-30 10:37:35,973 INFO: avg err:0.5753 | err:0.3653 | cougar_03 hippo_05
2026-06-30 10:37:36,279 INFO: avg err:0.5714 | err:0.3781 | cougar_03 hippo_06
2026-06-30 10:37:36,632 INFO: avg err:0.5673 | err:0.3627 | cougar_03 horse_01
2026-06-30 10:37:36,980 INFO: avg err:0.5693 | err:0.6748 | cougar_03 horse_02
2026-06-30 10:37:37,317 INFO: avg err:0.5650 | err:0.3387 | cougar_03 horse_03
2026-06-30 10:37:37,625 INFO: avg err:0.5594 | err:0.2631 | cougar_03 horse_04
2026-06-30 10:37:37,989 INFO: avg err:0.5576 | err:0.4579 | cougar_03 horse_05
2026-06-30 10:37:38,345 INFO: avg err:0.5538 | err:0.3445 | cougar_03 horse_06
2026-06-30 10:37:38,675 INFO: avg err:0.5468 | err:0.1588 | cougar_03 horse_07
2026-06-30 10:37:39,003 INFO: avg err:0.5415 | err:0.2355 | cougar_03 horse_08
2026-06-30 10:37:39,358 INFO: avg err:0.5428 | err:0.6223 | cougar_03 horse_09
2026-06-30 10:37:39,694 INFO: avg err:0.5467 | err:0.7731 | cougar_03 horse_10
2026-06-30 10:37:40,029 INFO: avg err:0.5500 | err:0.7510 | cougar_04 cougar_01
2026-06-30 10:37:40,386 INFO: avg err:0.5542 | err:0.8121 | cougar_04 cougar_02
2026-06-30 10:37:40,750 INFO: avg err:0.5490 | err:0.2260 | cougar_04 cougar_03
2026-06-30 10:37:41,125 INFO: avg err:0.5405 | err:0.0000 | cougar_04 cougar_04
2026-06-30 10:37:41,472 INFO: avg err:0.5353 | err:0.2085 | cougar_04 hippo_01
2026-06-30 10:37:41,834 INFO: avg err:0.5321 | err:0.3192 | cougar_04 hippo_02
2026-06-30 10:37:42,197 INFO: avg err:0.5353 | err:0.7512 | cougar_04 hippo_03
2026-06-30 10:37:42,560 INFO: avg err:0.5314 | err:0.2678 | cougar_04 hippo_04
2026-06-30 10:37:42,862 INFO: avg err:0.5281 | err:0.3062 | cougar_04 hippo_05
2026-06-30 10:37:43,199 INFO: avg err:0.5237 | err:0.2142 | cougar_04 hippo_06
2026-06-30 10:37:43,537 INFO: avg err:0.5196 | err:0.2372 | cougar_04 horse_01
2026-06-30 10:37:43,895 INFO: avg err:0.5233 | err:0.7871 | cougar_04 horse_02
2026-06-30 10:37:44,227 INFO: avg err:0.5203 | err:0.2980 | cougar_04 horse_03
2026-06-30 10:37:44,603 INFO: avg err:0.5165 | err:0.2419 | cougar_04 horse_04
2026-06-30 10:37:44,953 INFO: avg err:0.5156 | err:0.4483 | cougar_04 horse_05
2026-06-30 10:37:45,309 INFO: avg err:0.5127 | err:0.2940 | cougar_04 horse_06
2026-06-30 10:37:45,666 INFO: avg err:0.5086 | err:0.2004 | cougar_04 horse_07
2026-06-30 10:37:46,055 INFO: avg err:0.5069 | err:0.3746 | cougar_04 horse_08
2026-06-30 10:37:46,433 INFO: avg err:0.5103 | err:0.7732 | cougar_04 horse_09
2026-06-30 10:37:46,781 INFO: avg err:0.5130 | err:0.7270 | cougar_04 horse_10
2026-06-30 10:37:47,159 INFO: avg err:0.5152 | err:0.6957 | hippo_01 cougar_01
2026-06-30 10:37:47,476 INFO: avg err:0.5175 | err:0.7054 | hippo_01 cougar_02
2026-06-30 10:37:47,795 INFO: avg err:0.5148 | err:0.2922 | hippo_01 cougar_03
2026-06-30 10:37:48,162 INFO: avg err:0.5110 | err:0.1904 | hippo_01 cougar_04
2026-06-30 10:37:48,500 INFO: avg err:0.5050 | err:0.0000 | hippo_01 hippo_01
2026-06-30 10:37:48,876 INFO: avg err:0.5013 | err:0.1941 | hippo_01 hippo_02
2026-06-30 10:37:49,198 INFO: avg err:0.5025 | err:0.6035 | hippo_01 hippo_03
2026-06-30 10:37:49,539 INFO: avg err:0.4981 | err:0.1139 | hippo_01 hippo_04
2026-06-30 10:37:49,864 INFO: avg err:0.4947 | err:0.1933 | hippo_01 hippo_05
2026-06-30 10:37:50,190 INFO: avg err:0.4910 | err:0.1623 | hippo_01 hippo_06
2026-06-30 10:37:50,545 INFO: avg err:0.4875 | err:0.1746 | hippo_01 horse_01
2026-06-30 10:37:50,910 INFO: avg err:0.4899 | err:0.7069 | hippo_01 horse_02
2026-06-30 10:37:51,266 INFO: avg err:0.4869 | err:0.2087 | hippo_01 horse_03
2026-06-30 10:37:51,609 INFO: avg err:0.4841 | err:0.2310 | hippo_01 horse_04
2026-06-30 10:37:51,935 INFO: avg err:0.4810 | err:0.1839 | hippo_01 horse_05
2026-06-30 10:37:52,282 INFO: avg err:0.4776 | err:0.1552 | hippo_01 horse_06
2026-06-30 10:37:52,620 INFO: avg err:0.4745 | err:0.1781 | hippo_01 horse_07
2026-06-30 10:37:52,976 INFO: avg err:0.4729 | err:0.3153 | hippo_01 horse_08
2026-06-30 10:37:53,345 INFO: avg err:0.4735 | err:0.5329 | hippo_01 horse_09
2026-06-30 10:37:53,715 INFO: avg err:0.4750 | err:0.6295 | hippo_01 horse_10
2026-06-30 10:37:54,067 INFO: avg err:0.4769 | err:0.6624 | hippo_02 cougar_01
2026-06-30 10:37:54,402 INFO: avg err:0.4787 | err:0.6610 | hippo_02 cougar_02
2026-06-30 10:37:54,723 INFO: avg err:0.4771 | err:0.3130 | hippo_02 cougar_03
2026-06-30 10:37:55,080 INFO: avg err:0.4742 | err:0.1786 | hippo_02 cougar_04
2026-06-30 10:37:55,436 INFO: avg err:0.4712 | err:0.1612 | hippo_02 hippo_01
2026-06-30 10:37:55,791 INFO: avg err:0.4668 | err:0.0000 | hippo_02 hippo_02
2026-06-30 10:37:56,151 INFO: avg err:0.4679 | err:0.5886 | hippo_02 hippo_03
2026-06-30 10:37:56,532 INFO: avg err:0.4663 | err:0.2872 | hippo_02 hippo_04
2026-06-30 10:37:56,886 INFO: avg err:0.4643 | err:0.2544 | hippo_02 hippo_05
2026-06-30 10:37:57,255 INFO: avg err:0.4614 | err:0.1425 | hippo_02 hippo_06
2026-06-30 10:37:57,577 INFO: avg err:0.4594 | err:0.2376 | hippo_02 horse_01
2026-06-30 10:37:57,950 INFO: avg err:0.4608 | err:0.6184 | hippo_02 horse_02
2026-06-30 10:37:58,309 INFO: avg err:0.4586 | err:0.2103 | hippo_02 horse_03
2026-06-30 10:37:58,659 INFO: avg err:0.4561 | err:0.1792 | hippo_02 horse_04
2026-06-30 10:37:58,988 INFO: avg err:0.4534 | err:0.1416 | hippo_02 horse_05
2026-06-30 10:37:59,355 INFO: avg err:0.4515 | err:0.2320 | hippo_02 horse_06
2026-06-30 10:37:59,720 INFO: avg err:0.4496 | err:0.2293 | hippo_02 horse_07
2026-06-30 10:38:00,091 INFO: avg err:0.4476 | err:0.2195 | hippo_02 horse_08
2026-06-30 10:38:00,434 INFO: avg err:0.4486 | err:0.5619 | hippo_02 horse_09
2026-06-30 10:38:00,787 INFO: avg err:0.4494 | err:0.5501 | hippo_02 horse_10
2026-06-30 10:38:01,150 INFO: avg err:0.4479 | err:0.2570 | hippo_03 cougar_01
2026-06-30 10:38:01,514 INFO: avg err:0.4459 | err:0.2082 | hippo_03 cougar_02
2026-06-30 10:38:01,879 INFO: avg err:0.4479 | err:0.6874 | hippo_03 cougar_03
2026-06-30 10:38:02,259 INFO: avg err:0.4493 | err:0.6274 | hippo_03 cougar_04
2026-06-30 10:38:02,604 INFO: avg err:0.4506 | err:0.6076 | hippo_03 hippo_01
2026-06-30 10:38:02,974 INFO: avg err:0.4524 | err:0.6819 | hippo_03 hippo_02
2026-06-30 10:38:03,344 INFO: avg err:0.4488 | err:0.0000 | hippo_03 hippo_03
2026-06-30 10:38:03,692 INFO: avg err:0.4500 | err:0.5938 | hippo_03 hippo_04
2026-06-30 10:38:04,047 INFO: avg err:0.4515 | err:0.6478 | hippo_03 hippo_05
2026-06-30 10:38:04,422 INFO: avg err:0.4519 | err:0.4962 | hippo_03 hippo_06
2026-06-30 10:38:04,723 INFO: avg err:0.4535 | err:0.6651 | hippo_03 horse_01
2026-06-30 10:38:05,062 INFO: avg err:0.4523 | err:0.2991 | hippo_03 horse_02
2026-06-30 10:38:05,437 INFO: avg err:0.4532 | err:0.5722 | hippo_03 horse_03
2026-06-30 10:38:05,754 INFO: avg err:0.4546 | err:0.6333 | hippo_03 horse_04
2026-06-30 10:38:06,108 INFO: avg err:0.4554 | err:0.5709 | hippo_03 horse_05
2026-06-30 10:38:06,412 INFO: avg err:0.4564 | err:0.5838 | hippo_03 horse_06
2026-06-30 10:38:06,857 INFO: avg err:0.4573 | err:0.5906 | hippo_03 horse_07
2026-06-30 10:38:07,159 INFO: avg err:0.4581 | err:0.5638 | hippo_03 horse_08
2026-06-30 10:38:07,613 INFO: avg err:0.4571 | err:0.3166 | hippo_03 horse_09
2026-06-30 10:38:07,909 INFO: avg err:0.4566 | err:0.3894 | hippo_03 horse_10
2026-06-30 10:38:08,330 INFO: avg err:0.4583 | err:0.6974 | hippo_04 cougar_01
2026-06-30 10:38:08,641 INFO: avg err:0.4599 | err:0.6895 | hippo_04 cougar_02
2026-06-30 10:38:09,153 INFO: avg err:0.4584 | err:0.2325 | hippo_04 cougar_03
2026-06-30 10:38:09,472 INFO: avg err:0.4570 | err:0.2620 | hippo_04 cougar_04
2026-06-30 10:38:09,842 INFO: avg err:0.4545 | err:0.0909 | hippo_04 hippo_01
2026-06-30 10:38:10,159 INFO: avg err:0.4528 | err:0.2085 | hippo_04 hippo_02
2026-06-30 10:38:10,663 INFO: avg err:0.4536 | err:0.5668 | hippo_04 hippo_03
2026-06-30 10:38:11,050 INFO: avg err:0.4505 | err:0.0000 | hippo_04 hippo_04
2026-06-30 10:38:11,425 INFO: avg err:0.4489 | err:0.2189 | hippo_04 hippo_05
2026-06-30 10:38:11,746 INFO: avg err:0.4479 | err:0.2927 | hippo_04 hippo_06
2026-06-30 10:38:12,131 INFO: avg err:0.4469 | err:0.2919 | hippo_04 horse_01
2026-06-30 10:38:12,462 INFO: avg err:0.4483 | err:0.6626 | hippo_04 horse_02
2026-06-30 10:38:12,858 INFO: avg err:0.4468 | err:0.2162 | hippo_04 horse_03
2026-06-30 10:38:13,183 INFO: avg err:0.4446 | err:0.1111 | hippo_04 horse_04
2026-06-30 10:38:13,629 INFO: avg err:0.4433 | err:0.2505 | hippo_04 horse_05
2026-06-30 10:38:13,978 INFO: avg err:0.4413 | err:0.1211 | hippo_04 horse_06
2026-06-30 10:38:14,349 INFO: avg err:0.4396 | err:0.1716 | hippo_04 horse_07
2026-06-30 10:38:14,657 INFO: avg err:0.4381 | err:0.2070 | hippo_04 horse_08
2026-06-30 10:38:15,140 INFO: avg err:0.4384 | err:0.4839 | hippo_04 horse_09
2026-06-30 10:38:15,506 INFO: avg err:0.4392 | err:0.5652 | hippo_04 horse_10
2026-06-30 10:38:15,868 INFO: avg err:0.4403 | err:0.6248 | hippo_05 cougar_01
2026-06-30 10:38:16,210 INFO: avg err:0.4413 | err:0.6061 | hippo_05 cougar_02
2026-06-30 10:38:16,689 INFO: avg err:0.4405 | err:0.2987 | hippo_05 cougar_03
2026-06-30 10:38:17,042 INFO: avg err:0.4395 | err:0.2794 | hippo_05 cougar_04
2026-06-30 10:38:17,431 INFO: avg err:0.4383 | err:0.2396 | hippo_05 hippo_01
2026-06-30 10:38:17,757 INFO: avg err:0.4369 | err:0.2117 | hippo_05 hippo_02
2026-06-30 10:38:18,182 INFO: avg err:0.4378 | err:0.5845 | hippo_05 hippo_03
2026-06-30 10:38:18,507 INFO: avg err:0.4364 | err:0.2101 | hippo_05 hippo_04
2026-06-30 10:38:18,908 INFO: avg err:0.4338 | err:0.0000 | hippo_05 hippo_05
2026-06-30 10:38:19,228 INFO: avg err:0.4335 | err:0.3803 | hippo_05 hippo_06
2026-06-30 10:38:19,672 INFO: avg err:0.4318 | err:0.1308 | hippo_05 horse_01
2026-06-30 10:38:19,949 INFO: avg err:0.4324 | err:0.5420 | hippo_05 horse_02
2026-06-30 10:38:20,417 INFO: avg err:0.4309 | err:0.1735 | hippo_05 horse_03
2026-06-30 10:38:20,749 INFO: avg err:0.4295 | err:0.1877 | hippo_05 horse_04
2026-06-30 10:38:21,178 INFO: avg err:0.4288 | err:0.2970 | hippo_05 horse_05
2026-06-30 10:38:21,463 INFO: avg err:0.4273 | err:0.1667 | hippo_05 horse_06
2026-06-30 10:38:21,985 INFO: avg err:0.4261 | err:0.2198 | hippo_05 horse_07
2026-06-30 10:38:22,291 INFO: avg err:0.4251 | err:0.2502 | hippo_05 horse_08
2026-06-30 10:38:22,737 INFO: avg err:0.4253 | err:0.4630 | hippo_05 horse_09
2026-06-30 10:38:23,073 INFO: avg err:0.4257 | err:0.4944 | hippo_05 horse_10
2026-06-30 10:38:23,456 INFO: avg err:0.4267 | err:0.6044 | hippo_06 cougar_01
2026-06-30 10:38:23,843 INFO: avg err:0.4281 | err:0.6825 | hippo_06 cougar_02
2026-06-30 10:38:24,188 INFO: avg err:0.4275 | err:0.3189 | hippo_06 cougar_03
2026-06-30 10:38:24,526 INFO: avg err:0.4265 | err:0.2516 | hippo_06 cougar_04
2026-06-30 10:38:24,918 INFO: avg err:0.4250 | err:0.1341 | hippo_06 hippo_01
2026-06-30 10:38:25,215 INFO: avg err:0.4234 | err:0.1417 | hippo_06 hippo_02
2026-06-30 10:38:25,617 INFO: avg err:0.4237 | err:0.4821 | hippo_06 hippo_03
2026-06-30 10:38:25,949 INFO: avg err:0.4230 | err:0.2830 | hippo_06 hippo_04
2026-06-30 10:38:26,403 INFO: avg err:0.4225 | err:0.3321 | hippo_06 hippo_05
2026-06-30 10:38:26,753 INFO: avg err:0.4203 | err:0.0000 | hippo_06 hippo_06
2026-06-30 10:38:27,139 INFO: avg err:0.4192 | err:0.2046 | hippo_06 horse_01
2026-06-30 10:38:27,482 INFO: avg err:0.4203 | err:0.6386 | hippo_06 horse_02
2026-06-30 10:38:27,834 INFO: avg err:0.4196 | err:0.2826 | hippo_06 horse_03
2026-06-30 10:38:28,159 INFO: avg err:0.4189 | err:0.2910 | hippo_06 horse_04
2026-06-30 10:38:28,527 INFO: avg err:0.4175 | err:0.1458 | hippo_06 horse_05
2026-06-30 10:38:28,782 INFO: avg err:0.4170 | err:0.3035 | hippo_06 horse_06
2026-06-30 10:38:29,281 INFO: avg err:0.4161 | err:0.2405 | hippo_06 horse_07
2026-06-30 10:38:29,606 INFO: avg err:0.4152 | err:0.2477 | hippo_06 horse_08
2026-06-30 10:38:29,962 INFO: avg err:0.4158 | err:0.5397 | hippo_06 horse_09
2026-06-30 10:38:30,254 INFO: avg err:0.4171 | err:0.6734 | hippo_06 horse_10
2026-06-30 10:38:30,698 INFO: avg err:0.4187 | err:0.7364 | horse_01 cougar_01
2026-06-30 10:38:31,046 INFO: avg err:0.4205 | err:0.7724 | horse_01 cougar_02
2026-06-30 10:38:31,427 INFO: avg err:0.4204 | err:0.4060 | horse_01 cougar_03
2026-06-30 10:38:31,722 INFO: avg err:0.4201 | err:0.3637 | horse_01 cougar_04
2026-06-30 10:38:32,075 INFO: avg err:0.4197 | err:0.3297 | horse_01 hippo_01
2026-06-30 10:38:32,389 INFO: avg err:0.4191 | err:0.3018 | horse_01 hippo_02
2026-06-30 10:38:32,858 INFO: avg err:0.4207 | err:0.7450 | horse_01 hippo_03
2026-06-30 10:38:33,177 INFO: avg err:0.4202 | err:0.3265 | horse_01 hippo_04
2026-06-30 10:38:33,673 INFO: avg err:0.4190 | err:0.1629 | horse_01 hippo_05
2026-06-30 10:38:33,993 INFO: avg err:0.4190 | err:0.4282 | horse_01 hippo_06
2026-06-30 10:38:34,335 INFO: avg err:0.4170 | err:0.0000 | horse_01 horse_01
2026-06-30 10:38:34,662 INFO: avg err:0.4182 | err:0.6527 | horse_01 horse_02
2026-06-30 10:38:35,061 INFO: avg err:0.4179 | err:0.3684 | horse_01 horse_03
2026-06-30 10:38:35,361 INFO: avg err:0.4168 | err:0.1843 | horse_01 horse_04
2026-06-30 10:38:35,782 INFO: avg err:0.4167 | err:0.3926 | horse_01 horse_05
2026-06-30 10:38:36,085 INFO: avg err:0.4166 | err:0.3916 | horse_01 horse_06
2026-06-30 10:38:36,464 INFO: avg err:0.4165 | err:0.3960 | horse_01 horse_07
2026-06-30 10:38:36,807 INFO: avg err:0.4163 | err:0.3630 | horse_01 horse_08
2026-06-30 10:38:37,238 INFO: avg err:0.4171 | err:0.6035 | horse_01 horse_09
2026-06-30 10:38:37,588 INFO: avg err:0.4181 | err:0.6250 | horse_01 horse_10
2026-06-30 10:38:37,966 INFO: avg err:0.4169 | err:0.1586 | horse_02 cougar_01
2026-06-30 10:38:38,322 INFO: avg err:0.4165 | err:0.3288 | horse_02 cougar_02
2026-06-30 10:38:38,624 INFO: avg err:0.4182 | err:0.7947 | horse_02 cougar_03
2026-06-30 10:38:38,932 INFO: avg err:0.4196 | err:0.7390 | horse_02 cougar_04
2026-06-30 10:38:39,296 INFO: avg err:0.4210 | err:0.7292 | horse_02 hippo_01
2026-06-30 10:38:39,647 INFO: avg err:0.4223 | err:0.7081 | horse_02 hippo_02
2026-06-30 10:38:39,990 INFO: avg err:0.4218 | err:0.3116 | horse_02 hippo_03
2026-06-30 10:38:40,298 INFO: avg err:0.4230 | err:0.7017 | horse_02 hippo_04
2026-06-30 10:38:40,707 INFO: avg err:0.4242 | err:0.7026 | horse_02 hippo_05
2026-06-30 10:38:40,974 INFO: avg err:0.4253 | err:0.6775 | horse_02 hippo_06
2026-06-30 10:38:41,503 INFO: avg err:0.4264 | err:0.6659 | horse_02 horse_01
2026-06-30 10:38:41,794 INFO: avg err:0.4245 | err:0.0000 | horse_02 horse_02
2026-06-30 10:38:42,153 INFO: avg err:0.4259 | err:0.7400 | horse_02 horse_03
2026-06-30 10:38:42,400 INFO: avg err:0.4271 | err:0.7177 | horse_02 horse_04
2026-06-30 10:38:42,798 INFO: avg err:0.4283 | err:0.6956 | horse_02 horse_05
2026-06-30 10:38:43,127 INFO: avg err:0.4297 | err:0.7585 | horse_02 horse_06
2026-06-30 10:38:43,553 INFO: avg err:0.4309 | err:0.7279 | horse_02 horse_07
2026-06-30 10:38:43,839 INFO: avg err:0.4313 | err:0.5170 | horse_02 horse_08
2026-06-30 10:38:44,286 INFO: avg err:0.4307 | err:0.2994 | horse_02 horse_09
2026-06-30 10:38:44,634 INFO: avg err:0.4303 | err:0.3138 | horse_02 horse_10
2026-06-30 10:38:44,988 INFO: avg err:0.4318 | err:0.8070 | horse_03 cougar_01
2026-06-30 10:38:45,333 INFO: avg err:0.4333 | err:0.7841 | horse_03 cougar_02
2026-06-30 10:38:45,680 INFO: avg err:0.4327 | err:0.3052 | horse_03 cougar_03
2026-06-30 10:38:45,979 INFO: avg err:0.4325 | err:0.3682 | horse_03 cougar_04
2026-06-30 10:38:46,326 INFO: avg err:0.4318 | err:0.2602 | horse_03 hippo_01
2026-06-30 10:38:46,631 INFO: avg err:0.4313 | err:0.3138 | horse_03 hippo_02
2026-06-30 10:38:46,993 INFO: avg err:0.4323 | err:0.6831 | horse_03 hippo_03
2026-06-30 10:38:47,270 INFO: avg err:0.4316 | err:0.2558 | horse_03 hippo_04
2026-06-30 10:38:47,664 INFO: avg err:0.4307 | err:0.2069 | horse_03 hippo_05
2026-06-30 10:38:47,943 INFO: avg err:0.4308 | err:0.4581 | horse_03 hippo_06
2026-06-30 10:38:48,323 INFO: avg err:0.4303 | err:0.2975 | horse_03 horse_01
2026-06-30 10:38:48,633 INFO: avg err:0.4313 | err:0.6766 | horse_03 horse_02
2026-06-30 10:38:49,142 INFO: avg err:0.4296 | err:0.0000 | horse_03 horse_03
2026-06-30 10:38:49,427 INFO: avg err:0.4284 | err:0.1271 | horse_03 horse_04
2026-06-30 10:38:49,799 INFO: avg err:0.4282 | err:0.3810 | horse_03 horse_05
2026-06-30 10:38:50,109 INFO: avg err:0.4267 | err:0.0589 | horse_03 horse_06
2026-06-30 10:38:50,551 INFO: avg err:0.4259 | err:0.2098 | horse_03 horse_07
2026-06-30 10:38:50,866 INFO: avg err:0.4256 | err:0.3549 | horse_03 horse_08
2026-06-30 10:38:51,222 INFO: avg err:0.4260 | err:0.5298 | horse_03 horse_09
2026-06-30 10:38:51,537 INFO: avg err:0.4264 | err:0.5197 | horse_03 horse_10
2026-06-30 10:38:51,947 INFO: avg err:0.4278 | err:0.8056 | horse_04 cougar_01
2026-06-30 10:38:52,287 INFO: avg err:0.4292 | err:0.7749 | horse_04 cougar_02
2026-06-30 10:38:52,691 INFO: avg err:0.4286 | err:0.2854 | horse_04 cougar_03
2026-06-30 10:38:53,010 INFO: avg err:0.4284 | err:0.3745 | horse_04 cougar_04
2026-06-30 10:38:53,400 INFO: avg err:0.4278 | err:0.2794 | horse_04 hippo_01
2026-06-30 10:38:53,737 INFO: avg err:0.4274 | err:0.3061 | horse_04 hippo_02
2026-06-30 10:38:54,110 INFO: avg err:0.4284 | err:0.6954 | horse_04 hippo_03
2026-06-30 10:38:54,401 INFO: avg err:0.4277 | err:0.2394 | horse_04 hippo_04
2026-06-30 10:38:54,704 INFO: avg err:0.4272 | err:0.2929 | horse_04 hippo_05
2026-06-30 10:38:55,035 INFO: avg err:0.4272 | err:0.4355 | horse_04 hippo_06
2026-06-30 10:38:55,444 INFO: avg err:0.4265 | err:0.2443 | horse_04 horse_01
2026-06-30 10:38:55,773 INFO: avg err:0.4276 | err:0.7218 | horse_04 horse_02
2026-06-30 10:38:56,145 INFO: avg err:0.4265 | err:0.1245 | horse_04 horse_03
2026-06-30 10:38:56,456 INFO: avg err:0.4250 | err:0.0000 | horse_04 horse_04
2026-06-30 10:38:56,916 INFO: avg err:0.4250 | err:0.4255 | horse_04 horse_05
2026-06-30 10:38:57,229 INFO: avg err:0.4241 | err:0.1806 | horse_04 horse_06
2026-06-30 10:38:57,566 INFO: avg err:0.4235 | err:0.2777 | horse_04 horse_07
2026-06-30 10:38:57,890 INFO: avg err:0.4236 | err:0.4277 | horse_04 horse_08
2026-06-30 10:38:58,343 INFO: avg err:0.4239 | err:0.5261 | horse_04 horse_09
2026-06-30 10:38:58,680 INFO: avg err:0.4243 | err:0.5326 | horse_04 horse_10
2026-06-30 10:38:59,029 INFO: avg err:0.4260 | err:0.9078 | horse_05 cougar_01
2026-06-30 10:38:59,362 INFO: avg err:0.4278 | err:0.9196 | horse_05 cougar_02
2026-06-30 10:38:59,757 INFO: avg err:0.4280 | err:0.4915 | horse_05 cougar_03
2026-06-30 10:39:00,079 INFO: avg err:0.4282 | err:0.4744 | horse_05 cougar_04
2026-06-30 10:39:00,379 INFO: avg err:0.4276 | err:0.2627 | horse_05 hippo_01
2026-06-30 10:39:00,705 INFO: avg err:0.4267 | err:0.1683 | horse_05 hippo_02
2026-06-30 10:39:01,096 INFO: avg err:0.4279 | err:0.7759 | horse_05 hippo_03
2026-06-30 10:39:01,435 INFO: avg err:0.4280 | err:0.4479 | horse_05 hippo_04
2026-06-30 10:39:01,838 INFO: avg err:0.4279 | err:0.3994 | horse_05 hippo_05
2026-06-30 10:39:02,199 INFO: avg err:0.4270 | err:0.1778 | horse_05 hippo_06
2026-06-30 10:39:02,574 INFO: avg err:0.4263 | err:0.2072 | horse_05 horse_01
2026-06-30 10:39:02,911 INFO: avg err:0.4276 | err:0.8152 | horse_05 horse_02
2026-06-30 10:39:03,236 INFO: avg err:0.4274 | err:0.3678 | horse_05 horse_03
2026-06-30 10:39:03,570 INFO: avg err:0.4269 | err:0.2984 | horse_05 horse_04
2026-06-30 10:39:03,967 INFO: avg err:0.4255 | err:0.0000 | horse_05 horse_05
2026-06-30 10:39:04,248 INFO: avg err:0.4257 | err:0.4782 | horse_05 horse_06
2026-06-30 10:39:04,668 INFO: avg err:0.4258 | err:0.4641 | horse_05 horse_07
2026-06-30 10:39:05,008 INFO: avg err:0.4257 | err:0.4022 | horse_05 horse_08
2026-06-30 10:39:05,444 INFO: avg err:0.4270 | err:0.7916 | horse_05 horse_09
2026-06-30 10:39:05,750 INFO: avg err:0.4283 | err:0.8453 | horse_05 horse_10
2026-06-30 10:39:06,146 INFO: avg err:0.4294 | err:0.7604 | horse_06 cougar_01
2026-06-30 10:39:06,450 INFO: avg err:0.4306 | err:0.7707 | horse_06 cougar_02
2026-06-30 10:39:06,868 INFO: avg err:0.4301 | err:0.2739 | horse_06 cougar_03
2026-06-30 10:39:07,197 INFO: avg err:0.4298 | err:0.3480 | horse_06 cougar_04
2026-06-30 10:39:07,676 INFO: avg err:0.4295 | err:0.3258 | horse_06 hippo_01
2026-06-30 10:39:07,954 INFO: avg err:0.4291 | err:0.3360 | horse_06 hippo_02
2026-06-30 10:39:08,333 INFO: avg err:0.4300 | err:0.7036 | horse_06 hippo_03
2026-06-30 10:39:08,637 INFO: avg err:0.4296 | err:0.3071 | horse_06 hippo_04
2026-06-30 10:39:09,003 INFO: avg err:0.4289 | err:0.2049 | horse_06 hippo_05
2026-06-30 10:39:09,302 INFO: avg err:0.4290 | err:0.4403 | horse_06 hippo_06
2026-06-30 10:39:09,685 INFO: avg err:0.4286 | err:0.3122 | horse_06 horse_01
2026-06-30 10:39:09,966 INFO: avg err:0.4293 | err:0.6664 | horse_06 horse_02
2026-06-30 10:39:10,540 INFO: avg err:0.4281 | err:0.0566 | horse_06 horse_03
2026-06-30 10:39:10,903 INFO: avg err:0.4273 | err:0.1644 | horse_06 horse_04
2026-06-30 10:39:11,227 INFO: avg err:0.4273 | err:0.4139 | horse_06 horse_05
2026-06-30 10:39:11,533 INFO: avg err:0.4259 | err:0.0000 | horse_06 horse_06
2026-06-30 10:39:11,881 INFO: avg err:0.4251 | err:0.1837 | horse_06 horse_07
2026-06-30 10:39:12,208 INFO: avg err:0.4250 | err:0.3663 | horse_06 horse_08
2026-06-30 10:39:12,599 INFO: avg err:0.4253 | err:0.5430 | horse_06 horse_09
2026-06-30 10:39:12,887 INFO: avg err:0.4258 | err:0.5825 | horse_06 horse_10
2026-06-30 10:39:13,275 INFO: avg err:0.4268 | err:0.7548 | horse_07 cougar_01
2026-06-30 10:39:13,619 INFO: avg err:0.4278 | err:0.7427 | horse_07 cougar_02
2026-06-30 10:39:13,960 INFO: avg err:0.4273 | err:0.2639 | horse_07 cougar_03
2026-06-30 10:39:14,259 INFO: avg err:0.4267 | err:0.2300 | horse_07 cougar_04
2026-06-30 10:39:14,655 INFO: avg err:0.4265 | err:0.3478 | horse_07 hippo_01
2026-06-30 10:39:15,006 INFO: avg err:0.4262 | err:0.3368 | horse_07 hippo_02
2026-06-30 10:39:15,335 INFO: avg err:0.4270 | err:0.6833 | horse_07 hippo_03
2026-06-30 10:39:15,720 INFO: avg err:0.4267 | err:0.3205 | horse_07 hippo_04
2026-06-30 10:39:16,056 INFO: avg err:0.4262 | err:0.2657 | horse_07 hippo_05
2026-06-30 10:39:16,387 INFO: avg err:0.4261 | err:0.3983 | horse_07 hippo_06
2026-06-30 10:39:16,767 INFO: avg err:0.4256 | err:0.2641 | horse_07 horse_01
2026-06-30 10:39:17,124 INFO: avg err:0.4264 | err:0.7048 | horse_07 horse_02
2026-06-30 10:39:17,508 INFO: avg err:0.4256 | err:0.1483 | horse_07 horse_03
2026-06-30 10:39:17,874 INFO: avg err:0.4249 | err:0.2067 | horse_07 horse_04
2026-06-30 10:39:18,231 INFO: avg err:0.4250 | err:0.4282 | horse_07 horse_05
2026-06-30 10:39:18,576 INFO: avg err:0.4242 | err:0.1724 | horse_07 horse_06
2026-06-30 10:39:18,927 INFO: avg err:0.4229 | err:0.0001 | horse_07 horse_07
2026-06-30 10:39:19,252 INFO: avg err:0.4222 | err:0.1669 | horse_07 horse_08
2026-06-30 10:39:19,557 INFO: avg err:0.4224 | err:0.5016 | horse_07 horse_09
2026-06-30 10:39:19,923 INFO: avg err:0.4234 | err:0.7454 | horse_07 horse_10
2026-06-30 10:39:20,282 INFO: avg err:0.4244 | err:0.7782 | horse_08 cougar_01
2026-06-30 10:39:20,622 INFO: avg err:0.4254 | err:0.7607 | horse_08 cougar_02
2026-06-30 10:39:20,969 INFO: avg err:0.4251 | err:0.3108 | horse_08 cougar_03
2026-06-30 10:39:21,241 INFO: avg err:0.4247 | err:0.2969 | horse_08 cougar_04
2026-06-30 10:39:21,601 INFO: avg err:0.4245 | err:0.3745 | horse_08 hippo_01
2026-06-30 10:39:21,948 INFO: avg err:0.4242 | err:0.3083 | horse_08 hippo_02
2026-06-30 10:39:22,283 INFO: avg err:0.4250 | err:0.6866 | horse_08 hippo_03
2026-06-30 10:39:22,569 INFO: avg err:0.4248 | err:0.3708 | horse_08 hippo_04
2026-06-30 10:39:22,895 INFO: avg err:0.4244 | err:0.2692 | horse_08 hippo_05
2026-06-30 10:39:23,262 INFO: avg err:0.4244 | err:0.4237 | horse_08 hippo_06
2026-06-30 10:39:23,627 INFO: avg err:0.4240 | err:0.2958 | horse_08 horse_01
2026-06-30 10:39:23,977 INFO: avg err:0.4247 | err:0.6879 | horse_08 horse_02
2026-06-30 10:39:24,375 INFO: avg err:0.4247 | err:0.3997 | horse_08 horse_03
2026-06-30 10:39:24,726 INFO: avg err:0.4245 | err:0.3465 | horse_08 horse_04
2026-06-30 10:39:25,038 INFO: avg err:0.4245 | err:0.4427 | horse_08 horse_05
2026-06-30 10:39:25,357 INFO: avg err:0.4243 | err:0.3430 | horse_08 horse_06
2026-06-30 10:39:25,703 INFO: avg err:0.4235 | err:0.1653 | horse_08 horse_07
2026-06-30 10:39:26,012 INFO: avg err:0.4224 | err:0.0000 | horse_08 horse_08
2026-06-30 10:39:26,379 INFO: avg err:0.4228 | err:0.5687 | horse_08 horse_09
2026-06-30 10:39:26,726 INFO: avg err:0.4234 | err:0.6534 | horse_08 horse_10
2026-06-30 10:39:27,085 INFO: avg err:0.4231 | err:0.3231 | horse_09 cougar_01
2026-06-30 10:39:27,445 INFO: avg err:0.4229 | err:0.3323 | horse_09 cougar_02
2026-06-30 10:39:27,857 INFO: avg err:0.4237 | err:0.7239 | horse_09 cougar_03
2026-06-30 10:39:28,235 INFO: avg err:0.4246 | err:0.7431 | horse_09 cougar_04
2026-06-30 10:39:28,634 INFO: avg err:0.4254 | err:0.7090 | horse_09 hippo_01
2026-06-30 10:39:28,948 INFO: avg err:0.4260 | err:0.6549 | horse_09 hippo_02
2026-06-30 10:39:29,339 INFO: avg err:0.4258 | err:0.3493 | horse_09 hippo_03
2026-06-30 10:39:29,716 INFO: avg err:0.4265 | err:0.6866 | horse_09 hippo_04
2026-06-30 10:39:30,110 INFO: avg err:0.4269 | err:0.5786 | horse_09 hippo_05
2026-06-30 10:39:30,427 INFO: avg err:0.4275 | err:0.6613 | horse_09 hippo_06
2026-06-30 10:39:30,764 INFO: avg err:0.4281 | err:0.6391 | horse_09 horse_01
2026-06-30 10:39:31,138 INFO: avg err:0.4276 | err:0.2365 | horse_09 horse_02
2026-06-30 10:39:31,471 INFO: avg err:0.4280 | err:0.5926 | horse_09 horse_03
2026-06-30 10:39:31,788 INFO: avg err:0.4286 | err:0.6472 | horse_09 horse_04
2026-06-30 10:39:32,165 INFO: avg err:0.4292 | err:0.6609 | horse_09 horse_05
2026-06-30 10:39:32,529 INFO: avg err:0.4297 | err:0.5914 | horse_09 horse_06
2026-06-30 10:39:32,927 INFO: avg err:0.4300 | err:0.5543 | horse_09 horse_07
2026-06-30 10:39:33,271 INFO: avg err:0.4304 | err:0.5658 | horse_09 horse_08
2026-06-30 10:39:33,627 INFO: avg err:0.4292 | err:0.0000 | horse_09 horse_09
2026-06-30 10:39:33,984 INFO: avg err:0.4288 | err:0.2656 | horse_09 horse_10
2026-06-30 10:39:34,298 INFO: avg err:0.4285 | err:0.3136 | horse_10 cougar_01
2026-06-30 10:39:34,678 INFO: avg err:0.4283 | err:0.3541 | horse_10 cougar_02
2026-06-30 10:39:35,058 INFO: avg err:0.4292 | err:0.7612 | horse_10 cougar_03
2026-06-30 10:39:35,418 INFO: avg err:0.4299 | err:0.7183 | horse_10 cougar_04
2026-06-30 10:39:35,789 INFO: avg err:0.4307 | err:0.7339 | horse_10 hippo_01
2026-06-30 10:39:36,187 INFO: avg err:0.4313 | err:0.6635 | horse_10 hippo_02
2026-06-30 10:39:36,487 INFO: avg err:0.4316 | err:0.5311 | horse_10 hippo_03
2026-06-30 10:39:36,809 INFO: avg err:0.4323 | err:0.7241 | horse_10 hippo_04
2026-06-30 10:39:37,151 INFO: avg err:0.4330 | err:0.7048 | horse_10 hippo_05
2026-06-30 10:39:37,517 INFO: avg err:0.4338 | err:0.7177 | horse_10 hippo_06
2026-06-30 10:39:37,755 INFO: avg err:0.4344 | err:0.6751 | horse_10 horse_01
2026-06-30 10:39:38,006 INFO: avg err:0.4340 | err:0.2981 | horse_10 horse_02
2026-06-30 10:39:38,552 INFO: avg err:0.4344 | err:0.5825 | horse_10 horse_03
2026-06-30 10:39:38,945 INFO: avg err:0.4351 | err:0.7178 | horse_10 horse_04
2026-06-30 10:39:39,251 INFO: avg err:0.4358 | err:0.6841 | horse_10 horse_05
2026-06-30 10:39:39,619 INFO: avg err:0.4363 | err:0.6442 | horse_10 horse_06
2026-06-30 10:39:40,021 INFO: avg err:0.4372 | err:0.7826 | horse_10 horse_07
2026-06-30 10:39:40,319 INFO: avg err:0.4372 | err:0.4636 | horse_10 horse_08
2026-06-30 10:39:40,712 INFO: avg err:0.4366 | err:0.1967 | horse_10 horse_09
2026-06-30 10:39:40,982 INFO: avg err:0.4355 | err:0.0000 | horse_10 horse_10
2026-06-30 10:39:41,013 INFO: Avg time: 0.1414
2026-06-30 10:39:41,581 INFO: Val auc: 0.2236
2026-06-30 10:39:41,587 INFO: Val avg error: 0.4355
2026-06-30 10:39:41,592 INFO: Best model is updated, average geodesic error: 0.4355
2026-06-30 10:39:41,652 INFO: [ONB diag] max|Q-I|: mean=6.5343e-02 max=6.9436e-02 | max|Φ̃ᵀMΦ̃-I|: mean=7.2211e-07 max=8.9407e-07
2026-06-30 10:39:49,643 INFO: [smal_..][epoch:  8, iter:   6,020, lr:(7.543e-04,7.543e-04,)][eta: 1:21:39, time (data): 0.382 (0.020)]l_bij: 1.9033e+02 l_orth: 1.8727e+02 l_align: 1.8083e+02 l_qreg: 1.9095e+00 l_total: 5.6034e+02 
2026-06-30 10:39:57,068 INFO: [smal_..][epoch:  8, iter:   6,040, lr:(7.543e-04,7.543e-04,)][eta: 1:21:27, time (data): 0.373 (0.016)]l_bij: 2.0693e+02 l_orth: 2.0003e+02 l_align: 1.6843e+02 l_qreg: 1.9051e+00 l_total: 5.7730e+02 
2026-06-30 10:40:04,671 INFO: [smal_..][epoch:  8, iter:   6,060, lr:(7.543e-04,7.543e-04,)][eta: 1:21:15, time (data): 0.378 (0.017)]l_bij: 1.9700e+02 l_orth: 1.9059e+02 l_align: 1.7792e+02 l_qreg: 1.4848e+00 l_total: 5.6700e+02 
2026-06-30 10:40:12,215 INFO: [smal_..][epoch:  8, iter:   6,080, lr:(7.543e-04,7.543e-04,)][eta: 1:21:03, time (data): 0.377 (0.016)]l_bij: 1.8842e+02 l_orth: 1.8318e+02 l_align: 1.7521e+02 l_qreg: 1.6698e+00 l_total: 5.4849e+02 
2026-06-30 10:40:20,042 INFO: [smal_..][epoch:  8, iter:   6,100, lr:(7.543e-04,7.543e-04,)][eta: 1:20:52, time (data): 0.381 (0.016)]l_bij: 2.0885e+02 l_orth: 2.0304e+02 l_align: 1.6703e+02 l_qreg: 1.5324e+00 l_total: 5.8046e+02 
2026-06-30 10:40:27,650 INFO: [smal_..][epoch:  8, iter:   6,120, lr:(7.543e-04,7.543e-04,)][eta: 1:20:41, time (data): 0.381 (0.016)]l_bij: 1.8504e+02 l_orth: 1.7974e+02 l_align: 1.8440e+02 l_qreg: 1.8166e+00 l_total: 5.5100e+02 
2026-06-30 10:40:35,224 INFO: [smal_..][epoch:  8, iter:   6,140, lr:(7.543e-04,7.543e-04,)][eta: 1:20:29, time (data): 0.380 (0.016)]l_bij: 2.0907e+02 l_orth: 2.0373e+02 l_align: 1.6365e+02 l_qreg: 1.5508e+00 l_total: 5.7800e+02 
2026-06-30 10:40:42,687 INFO: [smal_..][epoch:  8, iter:   6,160, lr:(7.543e-04,7.543e-04,)][eta: 1:20:17, time (data): 0.379 (0.016)]l_bij: 2.0299e+02 l_orth: 2.0198e+02 l_align: 1.7533e+02 l_qreg: 1.7918e+00 l_total: 5.8210e+02 
2026-06-30 10:40:50,295 INFO: [smal_..][epoch:  8, iter:   6,180, lr:(7.543e-04,7.543e-04,)][eta: 1:20:06, time (data): 0.379 (0.016)]l_bij: 1.9664e+02 l_orth: 1.9032e+02 l_align: 1.7524e+02 l_qreg: 1.5452e+00 l_total: 5.6375e+02 
2026-06-30 10:40:57,959 INFO: [smal_..][epoch:  8, iter:   6,200, lr:(7.543e-04,7.543e-04,)][eta: 1:19:54, time (data): 0.380 (0.016)]l_bij: 1.9504e+02 l_orth: 1.8833e+02 l_align: 1.6821e+02 l_qreg: 1.4536e+00 l_total: 5.5302e+02 
2026-06-30 10:41:05,727 INFO: [smal_..][epoch:  8, iter:   6,220, lr:(7.543e-04,7.543e-04,)][eta: 1:19:43, time (data): 0.381 (0.016)]l_bij: 2.0224e+02 l_orth: 1.9745e+02 l_align: 1.7643e+02 l_qreg: 1.8989e+00 l_total: 5.7802e+02 
2026-06-30 10:41:13,287 INFO: [smal_..][epoch:  8, iter:   6,240, lr:(7.543e-04,7.543e-04,)][eta: 1:19:32, time (data): 0.375 (0.016)]l_bij: 1.8752e+02 l_orth: 1.8113e+02 l_align: 1.8301e+02 l_qreg: 1.8956e+00 l_total: 5.5356e+02 
2026-06-30 10:41:20,992 INFO: [smal_..][epoch:  8, iter:   6,260, lr:(7.543e-04,7.543e-04,)][eta: 1:19:20, time (data): 0.382 (0.016)]l_bij: 2.0536e+02 l_orth: 2.0067e+02 l_align: 1.6693e+02 l_qreg: 1.8067e+00 l_total: 5.7477e+02 
2026-06-30 10:41:28,821 INFO: [smal_..][epoch:  8, iter:   6,280, lr:(7.543e-04,7.543e-04,)][eta: 1:19:09, time (data): 0.386 (0.016)]l_bij: 1.9349e+02 l_orth: 1.8436e+02 l_align: 1.8276e+02 l_qreg: 1.8195e+00 l_total: 5.6243e+02 
2026-06-30 10:41:36,706 INFO: [smal_..][epoch:  8, iter:   6,300, lr:(7.543e-04,7.543e-04,)][eta: 1:18:58, time (data): 0.388 (0.016)]l_bij: 1.9499e+02 l_orth: 1.8864e+02 l_align: 1.7804e+02 l_qreg: 1.8067e+00 l_total: 5.6348e+02 
2026-06-30 10:41:44,577 INFO: [smal_..][epoch:  8, iter:   6,320, lr:(7.543e-04,7.543e-04,)][eta: 1:18:48, time (data): 0.389 (0.016)]l_bij: 1.9740e+02 l_orth: 1.9253e+02 l_align: 1.6556e+02 l_qreg: 1.6649e+00 l_total: 5.5715e+02 
2026-06-30 10:41:52,312 INFO: [smal_..][epoch:  8, iter:   6,340, lr:(7.543e-04,7.543e-04,)][eta: 1:18:36, time (data): 0.389 (0.016)]l_bij: 1.8434e+02 l_orth: 1.8120e+02 l_align: 1.8606e+02 l_qreg: 1.4713e+00 l_total: 5.5307e+02 
2026-06-30 10:41:59,946 INFO: [smal_..][epoch:  8, iter:   6,360, lr:(7.543e-04,7.543e-04,)][eta: 1:18:25, time (data): 0.388 (0.016)]l_bij: 2.0420e+02 l_orth: 1.9868e+02 l_align: 1.6070e+02 l_qreg: 1.8942e+00 l_total: 5.6548e+02 
2026-06-30 10:42:07,503 INFO: [smal_..][epoch:  8, iter:   6,380, lr:(7.543e-04,7.543e-04,)][eta: 1:18:14, time (data): 0.386 (0.016)]l_bij: 2.0556e+02 l_orth: 2.0220e+02 l_align: 1.6439e+02 l_qreg: 1.6241e+00 l_total: 5.7377e+02 
2026-06-30 10:42:15,090 INFO: [smal_..][epoch:  8, iter:   6,400, lr:(7.543e-04,7.543e-04,)][eta: 1:18:03, time (data): 0.385 (0.016)]l_bij: 2.1315e+02 l_orth: 2.0558e+02 l_align: 1.5889e+02 l_qreg: 1.5645e+00 l_total: 5.7918e+02 
2026-06-30 10:42:22,848 INFO: [smal_..][epoch:  8, iter:   6,420, lr:(7.543e-04,7.543e-04,)][eta: 1:17:52, time (data): 0.386 (0.016)]l_bij: 2.0697e+02 l_orth: 1.9996e+02 l_align: 1.6277e+02 l_qreg: 1.6285e+00 l_total: 5.7133e+02 
2026-06-30 10:42:30,306 INFO: [smal_..][epoch:  8, iter:   6,440, lr:(7.543e-04,7.543e-04,)][eta: 1:17:40, time (data): 0.378 (0.015)]l_bij: 1.9054e+02 l_orth: 1.8588e+02 l_align: 1.7621e+02 l_qreg: 1.6801e+00 l_total: 5.5430e+02 
2026-06-30 10:42:37,860 INFO: [smal_..][epoch:  8, iter:   6,460, lr:(7.543e-04,7.543e-04,)][eta: 1:17:29, time (data): 0.378 (0.015)]l_bij: 1.9517e+02 l_orth: 1.8918e+02 l_align: 1.7234e+02 l_qreg: 1.8628e+00 l_total: 5.5856e+02 
2026-06-30 10:42:45,701 INFO: [smal_..][epoch:  8, iter:   6,480, lr:(7.543e-04,7.543e-04,)][eta: 1:17:18, time (data): 0.383 (0.016)]l_bij: 1.8504e+02 l_orth: 1.7900e+02 l_align: 1.8821e+02 l_qreg: 1.8820e+00 l_total: 5.5413e+02 
2026-06-30 10:42:53,305 INFO: [smal_..][epoch:  8, iter:   6,500, lr:(7.543e-04,7.543e-04,)][eta: 1:17:07, time (data): 0.382 (0.016)]l_bij: 2.0930e+02 l_orth: 2.0478e+02 l_align: 1.7525e+02 l_qreg: 1.3561e+00 l_total: 5.9069e+02 
2026-06-30 10:43:00,822 INFO: [smal_..][epoch:  8, iter:   6,520, lr:(7.543e-04,7.543e-04,)][eta: 1:16:56, time (data): 0.381 (0.015)]l_bij: 1.9849e+02 l_orth: 1.9360e+02 l_align: 1.7507e+02 l_qreg: 1.6256e+00 l_total: 5.6878e+02 
2026-06-30 10:43:08,545 INFO: [smal_..][epoch:  8, iter:   6,540, lr:(7.543e-04,7.543e-04,)][eta: 1:16:45, time (data): 0.382 (0.016)]l_bij: 2.0053e+02 l_orth: 1.9444e+02 l_align: 1.7354e+02 l_qreg: 1.6388e+00 l_total: 5.7015e+02 
2026-06-30 10:43:16,037 INFO: [smal_..][epoch:  8, iter:   6,560, lr:(7.543e-04,7.543e-04,)][eta: 1:16:33, time (data): 0.381 (0.016)]l_bij: 3.6446e+01 l_orth: 3.7074e+01 l_align: 3.2087e+02 l_qreg: 2.0184e+00 l_total: 3.9641e+02 
2026-06-30 10:43:23,147 INFO: [smal_..][epoch:  8, iter:   6,580, lr:(7.543e-04,7.543e-04,)][eta: 1:16:22, time (data): 0.377 (0.016)]l_bij: 2.0227e+02 l_orth: 1.9914e+02 l_align: 1.7288e+02 l_qreg: 1.5263e+00 l_total: 5.7582e+02 
2026-06-30 10:43:30,309 INFO: [smal_..][epoch:  8, iter:   6,600, lr:(7.543e-04,7.543e-04,)][eta: 1:16:10, time (data): 0.375 (0.016)]l_bij: 1.9139e+02 l_orth: 1.8553e+02 l_align: 1.7824e+02 l_qreg: 1.6946e+00 l_total: 5.5685e+02 
2026-06-30 10:43:37,769 INFO: [smal_..][epoch:  8, iter:   6,620, lr:(7.543e-04,7.543e-04,)][eta: 1:15:59, time (data): 0.375 (0.017)]l_bij: 1.9934e+02 l_orth: 1.9441e+02 l_align: 1.7604e+02 l_qreg: 1.9404e+00 l_total: 5.7173e+02 
2026-06-30 10:43:44,915 INFO: [smal_..][epoch:  8, iter:   6,640, lr:(7.543e-04,7.543e-04,)][eta: 1:15:47, time (data): 0.361 (0.017)]l_bij: 1.9155e+02 l_orth: 1.8737e+02 l_align: 1.8103e+02 l_qreg: 1.8441e+00 l_total: 5.6179e+02 
2026-06-30 10:43:52,062 INFO: [smal_..][epoch:  8, iter:   6,660, lr:(7.543e-04,7.543e-04,)][eta: 1:15:35, time (data): 0.358 (0.016)]l_bij: 2.0819e+02 l_orth: 2.0136e+02 l_align: 1.6327e+02 l_qreg: 1.5998e+00 l_total: 5.7442e+02 
2026-06-30 10:43:59,315 INFO: [smal_..][epoch:  8, iter:   6,680, lr:(7.543e-04,7.543e-04,)][eta: 1:15:24, time (data): 0.360 (0.017)]l_bij: 1.8709e+02 l_orth: 1.8112e+02 l_align: 1.8106e+02 l_qreg: 1.6797e+00 l_total: 5.5094e+02 
2026-06-30 10:44:06,772 INFO: [smal_..][epoch:  8, iter:   6,700, lr:(7.543e-04,7.543e-04,)][eta: 1:15:13, time (data): 0.364 (0.017)]l_bij: 1.9496e+02 l_orth: 1.9014e+02 l_align: 1.7743e+02 l_qreg: 1.8369e+00 l_total: 5.6437e+02 
2026-06-30 10:44:14,180 INFO: [smal_..][epoch:  8, iter:   6,720, lr:(7.543e-04,7.543e-04,)][eta: 1:15:02, time (data): 0.365 (0.017)]l_bij: 2.1231e+02 l_orth: 2.0698e+02 l_align: 1.5958e+02 l_qreg: 1.8426e+00 l_total: 5.8071e+02 
2026-06-30 10:44:21,756 INFO: [smal_..][epoch:  9, iter:   6,740, lr:(6.891e-04,6.891e-04,)][eta: 1:14:51, time (data): 0.368 (0.021)]l_bij: 2.0626e+02 l_orth: 1.9972e+02 l_align: 1.6880e+02 l_qreg: 1.6714e+00 l_total: 5.7644e+02 
2026-06-30 10:44:29,053 INFO: [smal_..][epoch:  9, iter:   6,760, lr:(6.891e-04,6.891e-04,)][eta: 1:14:39, time (data): 0.367 (0.020)]l_bij: 1.9190e+02 l_orth: 1.8611e+02 l_align: 1.7731e+02 l_qreg: 2.0977e+00 l_total: 5.5742e+02 
2026-06-30 10:44:36,332 INFO: [smal_..][epoch:  9, iter:   6,780, lr:(6.891e-04,6.891e-04,)][eta: 1:14:28, time (data): 0.367 (0.020)]l_bij: 1.9228e+02 l_orth: 1.8935e+02 l_align: 1.7956e+02 l_qreg: 2.0381e+00 l_total: 5.6323e+02 
2026-06-30 10:44:43,413 INFO: [smal_..][epoch:  9, iter:   6,800, lr:(6.891e-04,6.891e-04,)][eta: 1:14:16, time (data): 0.365 (0.020)]l_bij: 2.0160e+02 l_orth: 1.9646e+02 l_align: 1.7421e+02 l_qreg: 1.7544e+00 l_total: 5.7403e+02 
2026-06-30 10:44:50,454 INFO: [smal_..][epoch:  9, iter:   6,820, lr:(6.891e-04,6.891e-04,)][eta: 1:14:05, time (data): 0.364 (0.019)]l_bij: 2.0591e+02 l_orth: 2.0025e+02 l_align: 1.6338e+02 l_qreg: 1.6668e+00 l_total: 5.7121e+02 
2026-06-30 10:44:57,566 INFO: [smal_..][epoch:  9, iter:   6,840, lr:(6.891e-04,6.891e-04,)][eta: 1:13:53, time (data): 0.364 (0.016)]l_bij: 2.1379e+02 l_orth: 2.0882e+02 l_align: 1.5707e+02 l_qreg: 1.6401e+00 l_total: 5.8133e+02 
2026-06-30 10:45:04,662 INFO: [smal_..][epoch:  9, iter:   6,860, lr:(6.891e-04,6.891e-04,)][eta: 1:13:42, time (data): 0.357 (0.017)]l_bij: 1.8889e+02 l_orth: 1.8222e+02 l_align: 1.7780e+02 l_qreg: 1.7536e+00 l_total: 5.5066e+02 
2026-06-30 10:45:11,904 INFO: [smal_..][epoch:  9, iter:   6,880, lr:(6.891e-04,6.891e-04,)][eta: 1:13:31, time (data): 0.359 (0.017)]l_bij: 2.0476e+02 l_orth: 1.9749e+02 l_align: 1.7217e+02 l_qreg: 2.0906e+00 l_total: 5.7651e+02 
2026-06-30 10:45:19,595 INFO: [smal_..][epoch:  9, iter:   6,900, lr:(6.891e-04,6.891e-04,)][eta: 1:13:20, time (data): 0.367 (0.017)]l_bij: 1.9360e+02 l_orth: 1.8703e+02 l_align: 1.7605e+02 l_qreg: 1.8427e+00 l_total: 5.5852e+02 
2026-06-30 10:45:27,418 INFO: [smal_..][epoch:  9, iter:   6,920, lr:(6.891e-04,6.891e-04,)][eta: 1:13:10, time (data): 0.372 (0.017)]l_bij: 2.0390e+02 l_orth: 2.0219e+02 l_align: 1.7484e+02 l_qreg: 1.8434e+00 l_total: 5.8278e+02 
2026-06-30 10:45:35,143 INFO: [smal_..][epoch:  9, iter:   6,940, lr:(6.891e-04,6.891e-04,)][eta: 1:12:59, time (data): 0.375 (0.017)]l_bij: 2.0772e+02 l_orth: 2.0002e+02 l_align: 1.6497e+02 l_qreg: 1.4922e+00 l_total: 5.7420e+02 
2026-06-30 10:45:42,861 INFO: [smal_..][epoch:  9, iter:   6,960, lr:(6.891e-04,6.891e-04,)][eta: 1:12:49, time (data): 0.377 (0.017)]l_bij: 2.0464e+02 l_orth: 1.9970e+02 l_align: 1.6327e+02 l_qreg: 1.6332e+00 l_total: 5.6924e+02 
2026-06-30 10:45:50,800 INFO: [smal_..][epoch:  9, iter:   6,980, lr:(6.891e-04,6.891e-04,)][eta: 1:12:38, time (data): 0.379 (0.017)]l_bij: 1.8333e+02 l_orth: 1.8142e+02 l_align: 1.8537e+02 l_qreg: 1.6211e+00 l_total: 5.5173e+02 
2026-06-30 10:45:58,636 INFO: [smal_..][epoch:  9, iter:   7,000, lr:(6.891e-04,6.891e-04,)][eta: 1:12:28, time (data): 0.381 (0.016)]l_bij: 2.0060e+02 l_orth: 1.9684e+02 l_align: 1.6880e+02 l_qreg: 1.4521e+00 l_total: 5.6769e+02 
2026-06-30 10:46:06,379 INFO: [smal_..][epoch:  9, iter:   7,020, lr:(6.891e-04,6.891e-04,)][eta: 1:12:18, time (data): 0.381 (0.016)]l_bij: 2.0459e+02 l_orth: 1.9805e+02 l_align: 1.7042e+02 l_qreg: 1.7031e+00 l_total: 5.7476e+02 
2026-06-30 10:46:14,008 INFO: [smal_..][epoch:  9, iter:   7,040, lr:(6.891e-04,6.891e-04,)][eta: 1:12:07, time (data): 0.392 (0.014)]l_bij: 2.0663e+02 l_orth: 2.0281e+02 l_align: 1.6978e+02 l_qreg: 1.6439e+00 l_total: 5.8087e+02 
2026-06-30 10:46:21,751 INFO: [smal_..][epoch:  9, iter:   7,060, lr:(6.891e-04,6.891e-04,)][eta: 1:11:57, time (data): 0.388 (0.016)]l_bij: 2.0121e+02 l_orth: 1.9474e+02 l_align: 1.6739e+02 l_qreg: 1.6244e+00 l_total: 5.6497e+02 
2026-06-30 10:46:29,644 INFO: [smal_..][epoch:  9, iter:   7,080, lr:(6.891e-04,6.891e-04,)][eta: 1:11:47, time (data): 0.391 (0.016)]l_bij: 1.9463e+02 l_orth: 1.8770e+02 l_align: 1.7894e+02 l_qreg: 1.8539e+00 l_total: 5.6313e+02 
2026-06-30 10:46:37,237 INFO: [smal_..][epoch:  9, iter:   7,100, lr:(6.891e-04,6.891e-04,)][eta: 1:11:36, time (data): 0.387 (0.016)]l_bij: 2.0348e+02 l_orth: 1.9797e+02 l_align: 1.7282e+02 l_qreg: 1.5028e+00 l_total: 5.7578e+02 
2026-06-30 10:46:44,876 INFO: [smal_..][epoch:  9, iter:   7,120, lr:(6.891e-04,6.891e-04,)][eta: 1:11:26, time (data): 0.386 (0.016)]l_bij: 1.9923e+02 l_orth: 1.9474e+02 l_align: 1.7556e+02 l_qreg: 1.8776e+00 l_total: 5.7141e+02 
2026-06-30 10:46:52,918 INFO: [smal_..][epoch:  9, iter:   7,140, lr:(6.891e-04,6.891e-04,)][eta: 1:11:16, time (data): 0.389 (0.016)]l_bij: 1.9560e+02 l_orth: 1.9141e+02 l_align: 1.7211e+02 l_qreg: 1.3629e+00 l_total: 5.6048e+02 
2026-06-30 10:47:00,896 INFO: [smal_..][epoch:  9, iter:   7,160, lr:(6.891e-04,6.891e-04,)][eta: 1:11:06, time (data): 0.391 (0.016)]l_bij: 2.0120e+02 l_orth: 1.9486e+02 l_align: 1.7157e+02 l_qreg: 1.6074e+00 l_total: 5.6924e+02 
2026-06-30 10:47:08,768 INFO: [smal_..][epoch:  9, iter:   7,180, lr:(6.891e-04,6.891e-04,)][eta: 1:10:56, time (data): 0.391 (0.016)]l_bij: 2.0231e+02 l_orth: 1.9634e+02 l_align: 1.7105e+02 l_qreg: 1.9405e+00 l_total: 5.7164e+02 
2026-06-30 10:47:16,481 INFO: [smal_..][epoch:  9, iter:   7,200, lr:(6.891e-04,6.891e-04,)][eta: 1:10:45, time (data): 0.390 (0.016)]l_bij: 2.0682e+02 l_orth: 1.9992e+02 l_align: 1.7057e+02 l_qreg: 1.9275e+00 l_total: 5.7924e+02 
2026-06-30 10:47:24,256 INFO: [smal_..][epoch:  9, iter:   7,220, lr:(6.891e-04,6.891e-04,)][eta: 1:10:35, time (data): 0.390 (0.016)]l_bij: 1.9589e+02 l_orth: 1.9119e+02 l_align: 1.7434e+02 l_qreg: 1.5307e+00 l_total: 5.6295e+02 
2026-06-30 10:47:32,009 INFO: [smal_..][epoch:  9, iter:   7,240, lr:(6.891e-04,6.891e-04,)][eta: 1:10:25, time (data): 0.392 (0.017)]l_bij: 2.0246e+02 l_orth: 1.9996e+02 l_align: 1.6854e+02 l_qreg: 1.8555e+00 l_total: 5.7281e+02 
2026-06-30 10:47:40,015 INFO: [smal_..][epoch:  9, iter:   7,260, lr:(6.891e-04,6.891e-04,)][eta: 1:10:15, time (data): 0.399 (0.016)]l_bij: 2.1087e+02 l_orth: 2.0656e+02 l_align: 1.6350e+02 l_qreg: 1.7068e+00 l_total: 5.8263e+02 
2026-06-30 10:47:47,889 INFO: [smal_..][epoch:  9, iter:   7,280, lr:(6.891e-04,6.891e-04,)][eta: 1:10:05, time (data): 0.396 (0.016)]l_bij: 1.9822e+02 l_orth: 1.9121e+02 l_align: 1.7498e+02 l_qreg: 1.6703e+00 l_total: 5.6608e+02 
2026-06-30 10:47:55,802 INFO: [smal_..][epoch:  9, iter:   7,300, lr:(6.891e-04,6.891e-04,)][eta: 1:09:55, time (data): 0.396 (0.017)]l_bij: 2.0460e+02 l_orth: 1.9788e+02 l_align: 1.7333e+02 l_qreg: 1.7775e+00 l_total: 5.7758e+02 
2026-06-30 10:48:03,594 INFO: [smal_..][epoch:  9, iter:   7,320, lr:(6.891e-04,6.891e-04,)][eta: 1:09:45, time (data): 0.394 (0.016)]l_bij: 2.0020e+02 l_orth: 1.9565e+02 l_align: 1.6806e+02 l_qreg: 1.5353e+00 l_total: 5.6544e+02 
2026-06-30 10:48:11,267 INFO: [smal_..][epoch:  9, iter:   7,340, lr:(6.891e-04,6.891e-04,)][eta: 1:09:34, time (data): 0.392 (0.017)]l_bij: 2.0229e+02 l_orth: 1.9518e+02 l_align: 1.7983e+02 l_qreg: 1.7311e+00 l_total: 5.7903e+02 
2026-06-30 10:48:19,229 INFO: [smal_..][epoch:  9, iter:   7,360, lr:(6.891e-04,6.891e-04,)][eta: 1:09:24, time (data): 0.393 (0.017)]l_bij: 2.0763e+02 l_orth: 2.0049e+02 l_align: 1.6885e+02 l_qreg: 1.7714e+00 l_total: 5.7875e+02 
2026-06-30 10:48:27,041 INFO: [smal_..][epoch:  9, iter:   7,380, lr:(6.891e-04,6.891e-04,)][eta: 1:09:14, time (data): 0.393 (0.017)]l_bij: 2.0055e+02 l_orth: 1.9654e+02 l_align: 1.7607e+02 l_qreg: 1.8902e+00 l_total: 5.7504e+02 
2026-06-30 10:48:34,941 INFO: [smal_..][epoch:  9, iter:   7,400, lr:(6.891e-04,6.891e-04,)][eta: 1:09:04, time (data): 0.393 (0.017)]l_bij: 1.8202e+02 l_orth: 1.7704e+02 l_align: 1.8789e+02 l_qreg: 1.6584e+00 l_total: 5.4861e+02 
2026-06-30 10:48:42,980 INFO: [smal_..][epoch:  9, iter:   7,420, lr:(6.891e-04,6.891e-04,)][eta: 1:08:55, time (data): 0.394 (0.017)]l_bij: 2.0051e+02 l_orth: 1.9475e+02 l_align: 1.7039e+02 l_qreg: 1.6144e+00 l_total: 5.6727e+02 
2026-06-30 10:48:50,969 INFO: [smal_..][epoch:  9, iter:   7,440, lr:(6.891e-04,6.891e-04,)][eta: 1:08:45, time (data): 0.403 (0.016)]l_bij: 2.8740e+01 l_orth: 3.0767e+01 l_align: 3.2516e+02 l_qreg: 2.0894e+00 l_total: 3.8675e+02 
2026-06-30 10:48:58,771 INFO: [smal_..][epoch:  9, iter:   7,460, lr:(6.891e-04,6.891e-04,)][eta: 1:08:35, time (data): 0.392 (0.017)]l_bij: 1.8815e+02 l_orth: 1.8265e+02 l_align: 1.8236e+02 l_qreg: 1.6844e+00 l_total: 5.5484e+02 
2026-06-30 10:49:06,746 INFO: [smal_..][epoch:  9, iter:   7,480, lr:(6.891e-04,6.891e-04,)][eta: 1:08:25, time (data): 0.395 (0.016)]l_bij: 1.9691e+02 l_orth: 1.9127e+02 l_align: 1.7605e+02 l_qreg: 2.0713e+00 l_total: 5.6629e+02 
2026-06-30 10:49:14,722 INFO: [smal_..][epoch:  9, iter:   7,500, lr:(6.891e-04,6.891e-04,)][eta: 1:08:15, time (data): 0.396 (0.016)]l_bij: 1.9855e+02 l_orth: 1.9225e+02 l_align: 1.7240e+02 l_qreg: 1.7107e+00 l_total: 5.6491e+02 
2026-06-30 10:49:22,795 INFO: [smal_..][epoch:  9, iter:   7,520, lr:(6.891e-04,6.891e-04,)][eta: 1:08:06, time (data): 0.398 (0.017)]l_bij: 1.9551e+02 l_orth: 1.9117e+02 l_align: 1.7518e+02 l_qreg: 1.7639e+00 l_total: 5.6364e+02 
2026-06-30 10:49:30,490 INFO: [smal_..][epoch:  9, iter:   7,540, lr:(6.891e-04,6.891e-04,)][eta: 1:07:55, time (data): 0.395 (0.017)]l_bij: 1.8564e+02 l_orth: 1.8027e+02 l_align: 1.8361e+02 l_qreg: 1.8801e+00 l_total: 5.5140e+02 
2026-06-30 10:49:38,382 INFO: [smal_..][epoch:  9, iter:   7,560, lr:(6.891e-04,6.891e-04,)][eta: 1:07:46, time (data): 0.395 (0.016)]l_bij: 1.9273e+02 l_orth: 1.8614e+02 l_align: 1.7301e+02 l_qreg: 1.7937e+00 l_total: 5.5368e+02 
2026-06-30 10:49:46,359 INFO: [smal_..][epoch: 10, iter:   7,580, lr:(6.204e-04,6.204e-04,)][eta: 1:07:36, time (data): 0.395 (0.018)]l_bij: 3.2339e+01 l_orth: 3.3461e+01 l_align: 3.2217e+02 l_qreg: 1.3605e+00 l_total: 3.8933e+02 
2026-06-30 10:49:53,994 INFO: [smal_..][epoch: 10, iter:   7,600, lr:(6.204e-04,6.204e-04,)][eta: 1:07:26, time (data): 0.394 (0.018)]l_bij: 2.0313e+02 l_orth: 1.9671e+02 l_align: 1.7744e+02 l_qreg: 1.6725e+00 l_total: 5.7896e+02 
2026-06-30 10:50:01,563 INFO: [smal_..][epoch: 10, iter:   7,620, lr:(6.204e-04,6.204e-04,)][eta: 1:07:15, time (data): 0.392 (0.018)]l_bij: 1.9553e+02 l_orth: 1.9057e+02 l_align: 1.7423e+02 l_qreg: 1.7602e+00 l_total: 5.6209e+02 
2026-06-30 10:50:09,032 INFO: [smal_..][epoch: 10, iter:   7,640, lr:(6.204e-04,6.204e-04,)][eta: 1:07:05, time (data): 0.356 (0.015)]l_bij: 1.9681e+02 l_orth: 1.9105e+02 l_align: 1.7763e+02 l_qreg: 1.8128e+00 l_total: 5.6730e+02 
2026-06-30 10:50:16,667 INFO: [smal_..][epoch: 10, iter:   7,660, lr:(6.204e-04,6.204e-04,)][eta: 1:06:55, time (data): 0.379 (0.016)]l_bij: 2.0277e+02 l_orth: 2.0128e+02 l_align: 1.7004e+02 l_qreg: 1.7528e+00 l_total: 5.7585e+02 
2026-06-30 10:50:24,260 INFO: [smal_..][epoch: 10, iter:   7,680, lr:(6.204e-04,6.204e-04,)][eta: 1:06:45, time (data): 0.379 (0.016)]l_bij: 1.8831e+02 l_orth: 1.8244e+02 l_align: 1.8291e+02 l_qreg: 1.9862e+00 l_total: 5.5564e+02 
2026-06-30 10:50:32,071 INFO: [smal_..][epoch: 10, iter:   7,700, lr:(6.204e-04,6.204e-04,)][eta: 1:06:35, time (data): 0.383 (0.016)]l_bij: 2.0187e+02 l_orth: 1.9416e+02 l_align: 1.6829e+02 l_qreg: 1.5981e+00 l_total: 5.6591e+02 
2026-06-30 10:50:39,785 INFO: [smal_..][epoch: 10, iter:   7,720, lr:(6.204e-04,6.204e-04,)][eta: 1:06:25, time (data): 0.383 (0.016)]l_bij: 2.0504e+02 l_orth: 1.9836e+02 l_align: 1.7021e+02 l_qreg: 1.6536e+00 l_total: 5.7526e+02 
2026-06-30 10:50:47,355 INFO: [smal_..][epoch: 10, iter:   7,740, lr:(6.204e-04,6.204e-04,)][eta: 1:06:15, time (data): 0.382 (0.016)]l_bij: 2.0277e+02 l_orth: 1.9785e+02 l_align: 1.6893e+02 l_qreg: 1.9052e+00 l_total: 5.7147e+02 
2026-06-30 10:50:55,085 INFO: [smal_..][epoch: 10, iter:   7,760, lr:(6.204e-04,6.204e-04,)][eta: 1:06:05, time (data): 0.383 (0.016)]l_bij: 1.7883e+02 l_orth: 1.7283e+02 l_align: 1.9055e+02 l_qreg: 2.1327e+00 l_total: 5.4435e+02 
2026-06-30 10:51:02,834 INFO: [smal_..][epoch: 10, iter:   7,780, lr:(6.204e-04,6.204e-04,)][eta: 1:05:55, time (data): 0.384 (0.016)]l_bij: 2.1150e+02 l_orth: 2.0431e+02 l_align: 1.6457e+02 l_qreg: 1.6062e+00 l_total: 5.8199e+02 
2026-06-30 10:51:10,656 INFO: [smal_..][epoch: 10, iter:   7,800, lr:(6.204e-04,6.204e-04,)][eta: 1:05:45, time (data): 0.385 (0.016)]l_bij: 1.9870e+02 l_orth: 1.9342e+02 l_align: 1.7223e+02 l_qreg: 1.7004e+00 l_total: 5.6605e+02 
2026-06-30 10:51:18,214 INFO: [smal_..][epoch: 10, iter:   7,820, lr:(6.204e-04,6.204e-04,)][eta: 1:05:35, time (data): 0.384 (0.016)]l_bij: 1.9568e+02 l_orth: 1.9114e+02 l_align: 1.7282e+02 l_qreg: 1.5741e+00 l_total: 5.6121e+02 
2026-06-30 10:51:25,809 INFO: [smal_..][epoch: 10, iter:   7,840, lr:(6.204e-04,6.204e-04,)][eta: 1:05:25, time (data): 0.395 (0.016)]l_bij: 1.9657e+02 l_orth: 1.9042e+02 l_align: 1.7561e+02 l_qreg: 1.8719e+00 l_total: 5.6447e+02 
2026-06-30 10:51:33,479 INFO: [smal_..][epoch: 10, iter:   7,860, lr:(6.204e-04,6.204e-04,)][eta: 1:05:15, time (data): 0.384 (0.016)]l_bij: 2.0183e+02 l_orth: 1.9755e+02 l_align: 1.6918e+02 l_qreg: 1.8119e+00 l_total: 5.7037e+02 
2026-06-30 10:51:41,352 INFO: [smal_..][epoch: 10, iter:   7,880, lr:(6.204e-04,6.204e-04,)][eta: 1:05:05, time (data): 0.388 (0.016)]l_bij: 1.9648e+02 l_orth: 1.9017e+02 l_align: 1.7826e+02 l_qreg: 1.9308e+00 l_total: 5.6685e+02 
2026-06-30 10:51:49,221 INFO: [smal_..][epoch: 10, iter:   7,900, lr:(6.204e-04,6.204e-04,)][eta: 1:04:55, time (data): 0.390 (0.015)]l_bij: 2.1315e+02 l_orth: 2.1680e+02 l_align: 1.6319e+02 l_qreg: 1.6133e+00 l_total: 5.9474e+02 
2026-06-30 10:51:56,577 INFO: [smal_..][epoch: 10, iter:   7,920, lr:(6.204e-04,6.204e-04,)][eta: 1:04:45, time (data): 0.384 (0.016)]l_bij: 1.9877e+02 l_orth: 1.9415e+02 l_align: 1.7001e+02 l_qreg: 1.9562e+00 l_total: 5.6489e+02 
2026-06-30 10:52:03,779 INFO: [smal_..][epoch: 10, iter:   7,940, lr:(6.204e-04,6.204e-04,)][eta: 1:04:35, time (data): 0.380 (0.016)]l_bij: 1.9513e+02 l_orth: 1.8982e+02 l_align: 1.7000e+02 l_qreg: 2.0832e+00 l_total: 5.5703e+02 
2026-06-30 10:52:11,017 INFO: [smal_..][epoch: 10, iter:   7,960, lr:(6.204e-04,6.204e-04,)][eta: 1:04:24, time (data): 0.377 (0.016)]l_bij: 1.9734e+02 l_orth: 1.9319e+02 l_align: 1.7262e+02 l_qreg: 1.6696e+00 l_total: 5.6482e+02 
2026-06-30 10:52:18,264 INFO: [smal_..][epoch: 10, iter:   7,980, lr:(6.204e-04,6.204e-04,)][eta: 1:04:14, time (data): 0.375 (0.016)]l_bij: 1.9265e+02 l_orth: 1.8623e+02 l_align: 1.8130e+02 l_qreg: 1.9168e+00 l_total: 5.6210e+02 
2026-06-30 10:52:25,634 INFO: [smal_..][epoch: 10, iter:   8,000, lr:(6.204e-04,6.204e-04,)][eta: 1:04:04, time (data): 0.374 (0.016)]l_bij: 2.0481e+02 l_orth: 1.9721e+02 l_align: 1.6627e+02 l_qreg: 1.7725e+00 l_total: 5.7006e+02 
2026-06-30 10:52:25,636 INFO: Saving models and training states.
2026-06-30 10:52:25,660 INFO: Start validation.
2026-06-30 10:52:26,761 INFO: avg err:0.0000 | err:0.0000 | cougar_01 cougar_01
2026-06-30 10:52:27,055 INFO: avg err:0.0941 | err:0.1882 | cougar_01 cougar_02
2026-06-30 10:52:27,412 INFO: avg err:0.3212 | err:0.7755 | cougar_01 cougar_03
2026-06-30 10:52:27,652 INFO: avg err:0.4531 | err:0.8488 | cougar_01 cougar_04
2026-06-30 10:52:28,105 INFO: avg err:0.4998 | err:0.6867 | cougar_01 hippo_01
2026-06-30 10:52:28,424 INFO: avg err:0.5363 | err:0.7188 | cougar_01 hippo_02
2026-06-30 10:52:28,795 INFO: avg err:0.4949 | err:0.2465 | cougar_01 hippo_03
2026-06-30 10:52:29,094 INFO: avg err:0.5209 | err:0.7024 | cougar_01 hippo_04
2026-06-30 10:52:29,436 INFO: avg err:0.5468 | err:0.7541 | cougar_01 hippo_05
2026-06-30 10:52:29,750 INFO: avg err:0.5674 | err:0.7529 | cougar_01 hippo_06
2026-06-30 10:52:30,046 INFO: avg err:0.5912 | err:0.8289 | cougar_01 horse_01
2026-06-30 10:52:30,300 INFO: avg err:0.5558 | err:0.1663 | cougar_01 horse_02
2026-06-30 10:52:30,787 INFO: avg err:0.5707 | err:0.7504 | cougar_01 horse_03
2026-06-30 10:52:31,156 INFO: avg err:0.5841 | err:0.7584 | cougar_01 horse_04
2026-06-30 10:52:31,428 INFO: avg err:0.5935 | err:0.7251 | cougar_01 horse_05
2026-06-30 10:52:31,745 INFO: avg err:0.6053 | err:0.7811 | cougar_01 horse_06
2026-06-30 10:52:32,109 INFO: avg err:0.6128 | err:0.7336 | cougar_01 horse_07
2026-06-30 10:52:32,353 INFO: avg err:0.6238 | err:0.8103 | cougar_01 horse_08
2026-06-30 10:52:32,634 INFO: avg err:0.6040 | err:0.2474 | cougar_01 horse_09
2026-06-30 10:52:32,944 INFO: avg err:0.5882 | err:0.2881 | cougar_01 horse_10
2026-06-30 10:52:33,364 INFO: avg err:0.5693 | err:0.1922 | cougar_02 cougar_01
2026-06-30 10:52:33,675 INFO: avg err:0.5434 | err:0.0000 | cougar_02 cougar_02
2026-06-30 10:52:33,982 INFO: avg err:0.5564 | err:0.8406 | cougar_02 cougar_03
2026-06-30 10:52:34,275 INFO: avg err:0.5700 | err:0.8843 | cougar_02 cougar_04
2026-06-30 10:52:34,588 INFO: avg err:0.5776 | err:0.7603 | cougar_02 hippo_01
2026-06-30 10:52:34,891 INFO: avg err:0.5842 | err:0.7492 | cougar_02 hippo_02
2026-06-30 10:52:35,221 INFO: avg err:0.5735 | err:0.2937 | cougar_02 hippo_03
2026-06-30 10:52:35,522 INFO: avg err:0.5811 | err:0.7859 | cougar_02 hippo_04
2026-06-30 10:52:35,864 INFO: avg err:0.5885 | err:0.7969 | cougar_02 hippo_05
2026-06-30 10:52:36,210 INFO: avg err:0.5955 | err:0.7983 | cougar_02 hippo_06
2026-06-30 10:52:36,582 INFO: avg err:0.6041 | err:0.8635 | cougar_02 horse_01
2026-06-30 10:52:36,906 INFO: avg err:0.5988 | err:0.4340 | cougar_02 horse_02
2026-06-30 10:52:37,222 INFO: avg err:0.6052 | err:0.8079 | cougar_02 horse_03
2026-06-30 10:52:37,555 INFO: avg err:0.6099 | err:0.7668 | cougar_02 horse_04
2026-06-30 10:52:37,889 INFO: avg err:0.6151 | err:0.7921 | cougar_02 horse_05
2026-06-30 10:52:38,200 INFO: avg err:0.6202 | err:0.7969 | cougar_02 horse_06
2026-06-30 10:52:38,495 INFO: avg err:0.6239 | err:0.7577 | cougar_02 horse_07
2026-06-30 10:52:38,929 INFO: avg err:0.6279 | err:0.7750 | cougar_02 horse_08
2026-06-30 10:52:39,232 INFO: avg err:0.6216 | err:0.3855 | cougar_02 horse_09
2026-06-30 10:52:39,569 INFO: avg err:0.6156 | err:0.3799 | cougar_02 horse_10
2026-06-30 10:52:39,853 INFO: avg err:0.6204 | err:0.8140 | cougar_03 cougar_01
2026-06-30 10:52:40,219 INFO: avg err:0.6232 | err:0.7359 | cougar_03 cougar_02
2026-06-30 10:52:40,481 INFO: avg err:0.6087 | err:0.0000 | cougar_03 cougar_03
2026-06-30 10:52:40,812 INFO: avg err:0.6009 | err:0.2669 | cougar_03 cougar_04
2026-06-30 10:52:41,139 INFO: avg err:0.5944 | err:0.3059 | cougar_03 hippo_01
2026-06-30 10:52:41,452 INFO: avg err:0.5899 | err:0.3904 | cougar_03 hippo_02
2026-06-30 10:52:41,715 INFO: avg err:0.5928 | err:0.7262 | cougar_03 hippo_03
2026-06-30 10:52:42,056 INFO: avg err:0.5853 | err:0.2288 | cougar_03 hippo_04
2026-06-30 10:52:42,349 INFO: avg err:0.5806 | err:0.3588 | cougar_03 hippo_05
2026-06-30 10:52:42,703 INFO: avg err:0.5764 | err:0.3704 | cougar_03 hippo_06
2026-06-30 10:52:42,990 INFO: avg err:0.5718 | err:0.3396 | cougar_03 horse_01
2026-06-30 10:52:43,339 INFO: avg err:0.5737 | err:0.6716 | cougar_03 horse_02
2026-06-30 10:52:43,620 INFO: avg err:0.5689 | err:0.3207 | cougar_03 horse_03
2026-06-30 10:52:44,008 INFO: avg err:0.5626 | err:0.2250 | cougar_03 horse_04
2026-06-30 10:52:44,348 INFO: avg err:0.5595 | err:0.3963 | cougar_03 horse_05
2026-06-30 10:52:44,644 INFO: avg err:0.5545 | err:0.2759 | cougar_03 horse_06
2026-06-30 10:52:44,969 INFO: avg err:0.5469 | err:0.1227 | cougar_03 horse_07
2026-06-30 10:52:45,260 INFO: avg err:0.5445 | err:0.4052 | cougar_03 horse_08
2026-06-30 10:52:45,545 INFO: avg err:0.5464 | err:0.6595 | cougar_03 horse_09
2026-06-30 10:52:45,867 INFO: avg err:0.5491 | err:0.7112 | cougar_03 horse_10
2026-06-30 10:52:46,357 INFO: avg err:0.5519 | err:0.7153 | cougar_04 cougar_01
2026-06-30 10:52:46,692 INFO: avg err:0.5562 | err:0.8214 | cougar_04 cougar_02
2026-06-30 10:52:47,046 INFO: avg err:0.5516 | err:0.2640 | cougar_04 cougar_03
2026-06-30 10:52:47,391 INFO: avg err:0.5430 | err:0.0000 | cougar_04 cougar_04
2026-06-30 10:52:47,716 INFO: avg err:0.5383 | err:0.2385 | cougar_04 hippo_01
2026-06-30 10:52:48,089 INFO: avg err:0.5350 | err:0.3242 | cougar_04 hippo_02
2026-06-30 10:52:48,462 INFO: avg err:0.5380 | err:0.7329 | cougar_04 hippo_03
2026-06-30 10:52:48,819 INFO: avg err:0.5344 | err:0.2957 | cougar_04 hippo_04
2026-06-30 10:52:49,300 INFO: avg err:0.5312 | err:0.3150 | cougar_04 hippo_05
2026-06-30 10:52:49,637 INFO: avg err:0.5264 | err:0.1925 | cougar_04 hippo_06
2026-06-30 10:52:50,056 INFO: avg err:0.5234 | err:0.3152 | cougar_04 horse_01
2026-06-30 10:52:50,322 INFO: avg err:0.5270 | err:0.7772 | cougar_04 horse_02
2026-06-30 10:52:50,828 INFO: avg err:0.5238 | err:0.2938 | cougar_04 horse_03
2026-06-30 10:52:51,151 INFO: avg err:0.5201 | err:0.2508 | cougar_04 horse_04
2026-06-30 10:52:51,580 INFO: avg err:0.5191 | err:0.4454 | cougar_04 horse_05
2026-06-30 10:52:51,933 INFO: avg err:0.5157 | err:0.2657 | cougar_04 horse_06
2026-06-30 10:52:52,343 INFO: avg err:0.5113 | err:0.1765 | cougar_04 horse_07
2026-06-30 10:52:52,693 INFO: avg err:0.5099 | err:0.4014 | cougar_04 horse_08
2026-06-30 10:52:53,195 INFO: avg err:0.5134 | err:0.7854 | cougar_04 horse_09
2026-06-30 10:52:53,459 INFO: avg err:0.5153 | err:0.6612 | cougar_04 horse_10
2026-06-30 10:52:53,793 INFO: avg err:0.5175 | err:0.6930 | hippo_01 cougar_01
2026-06-30 10:52:54,141 INFO: avg err:0.5195 | err:0.6868 | hippo_01 cougar_02
2026-06-30 10:52:54,568 INFO: avg err:0.5172 | err:0.3303 | hippo_01 cougar_03
2026-06-30 10:52:54,956 INFO: avg err:0.5140 | err:0.2415 | hippo_01 cougar_04
2026-06-30 10:52:55,379 INFO: avg err:0.5079 | err:0.0000 | hippo_01 hippo_01
2026-06-30 10:52:55,714 INFO: avg err:0.5041 | err:0.1757 | hippo_01 hippo_02
2026-06-30 10:52:56,159 INFO: avg err:0.5052 | err:0.6076 | hippo_01 hippo_03
2026-06-30 10:52:56,527 INFO: avg err:0.5007 | err:0.1034 | hippo_01 hippo_04
2026-06-30 10:52:56,916 INFO: avg err:0.4978 | err:0.2440 | hippo_01 hippo_05
2026-06-30 10:52:57,216 INFO: avg err:0.4942 | err:0.1737 | hippo_01 hippo_06
2026-06-30 10:52:57,731 INFO: avg err:0.4919 | err:0.2901 | hippo_01 horse_01
2026-06-30 10:52:58,079 INFO: avg err:0.4933 | err:0.6183 | hippo_01 horse_02
2026-06-30 10:52:58,524 INFO: avg err:0.4899 | err:0.1769 | hippo_01 horse_03
2026-06-30 10:52:58,875 INFO: avg err:0.4870 | err:0.2125 | hippo_01 horse_04
2026-06-30 10:52:59,287 INFO: avg err:0.4839 | err:0.1991 | hippo_01 horse_05
2026-06-30 10:52:59,612 INFO: avg err:0.4814 | err:0.2381 | hippo_01 horse_06
2026-06-30 10:52:59,939 INFO: avg err:0.4793 | err:0.2845 | hippo_01 horse_07
2026-06-30 10:53:00,254 INFO: avg err:0.4789 | err:0.4391 | hippo_01 horse_08
2026-06-30 10:53:00,682 INFO: avg err:0.4792 | err:0.5058 | hippo_01 horse_09
2026-06-30 10:53:00,970 INFO: avg err:0.4805 | err:0.6097 | hippo_01 horse_10
2026-06-30 10:53:01,407 INFO: avg err:0.4822 | err:0.6485 | hippo_02 cougar_01
2026-06-30 10:53:01,732 INFO: avg err:0.4842 | err:0.6905 | hippo_02 cougar_02
2026-06-30 10:53:02,067 INFO: avg err:0.4826 | err:0.3204 | hippo_02 cougar_03
2026-06-30 10:53:02,339 INFO: avg err:0.4798 | err:0.1838 | hippo_02 cougar_04
2026-06-30 10:53:02,931 INFO: avg err:0.4768 | err:0.1651 | hippo_02 hippo_01
2026-06-30 10:53:03,331 INFO: avg err:0.4723 | err:0.0000 | hippo_02 hippo_02
2026-06-30 10:53:03,684 INFO: avg err:0.4733 | err:0.5887 | hippo_02 hippo_03
2026-06-30 10:53:04,027 INFO: avg err:0.4715 | err:0.2777 | hippo_02 hippo_04
2026-06-30 10:53:04,408 INFO: avg err:0.4695 | err:0.2522 | hippo_02 hippo_05
2026-06-30 10:53:04,737 INFO: avg err:0.4665 | err:0.1369 | hippo_02 hippo_06
2026-06-30 10:53:05,197 INFO: avg err:0.4644 | err:0.2305 | hippo_02 horse_01
2026-06-30 10:53:05,521 INFO: avg err:0.4656 | err:0.6026 | hippo_02 horse_02
2026-06-30 10:53:05,822 INFO: avg err:0.4637 | err:0.2508 | hippo_02 horse_03
2026-06-30 10:53:06,066 INFO: avg err:0.4613 | err:0.1880 | hippo_02 horse_04
2026-06-30 10:53:06,505 INFO: avg err:0.4585 | err:0.1438 | hippo_02 horse_05
2026-06-30 10:53:06,810 INFO: avg err:0.4567 | err:0.2472 | hippo_02 horse_06
2026-06-30 10:53:07,283 INFO: avg err:0.4549 | err:0.2489 | hippo_02 horse_07
2026-06-30 10:53:07,646 INFO: avg err:0.4531 | err:0.2397 | hippo_02 horse_08
2026-06-30 10:53:07,967 INFO: avg err:0.4538 | err:0.5352 | hippo_02 horse_09
2026-06-30 10:53:08,309 INFO: avg err:0.4540 | err:0.4804 | hippo_02 horse_10
2026-06-30 10:53:08,710 INFO: avg err:0.4521 | err:0.2252 | hippo_03 cougar_01
2026-06-30 10:53:09,074 INFO: avg err:0.4501 | err:0.2012 | hippo_03 cougar_02
2026-06-30 10:53:09,463 INFO: avg err:0.4520 | err:0.6904 | hippo_03 cougar_03
2026-06-30 10:53:09,827 INFO: avg err:0.4535 | err:0.6368 | hippo_03 cougar_04
2026-06-30 10:53:10,235 INFO: avg err:0.4548 | err:0.6199 | hippo_03 hippo_01
2026-06-30 10:53:10,589 INFO: avg err:0.4565 | err:0.6584 | hippo_03 hippo_02
2026-06-30 10:53:10,917 INFO: avg err:0.4529 | err:0.0000 | hippo_03 hippo_03
2026-06-30 10:53:11,172 INFO: avg err:0.4540 | err:0.5946 | hippo_03 hippo_04
2026-06-30 10:53:11,809 INFO: avg err:0.4556 | err:0.6623 | hippo_03 hippo_05
2026-06-30 10:53:12,153 INFO: avg err:0.4564 | err:0.5586 | hippo_03 hippo_06
2026-06-30 10:53:12,550 INFO: avg err:0.4579 | err:0.6617 | hippo_03 horse_01
2026-06-30 10:53:12,881 INFO: avg err:0.4564 | err:0.2544 | hippo_03 horse_02
2026-06-30 10:53:13,300 INFO: avg err:0.4572 | err:0.5599 | hippo_03 horse_03
2026-06-30 10:53:13,623 INFO: avg err:0.4582 | err:0.5935 | hippo_03 horse_04
2026-06-30 10:53:14,100 INFO: avg err:0.4591 | err:0.5845 | hippo_03 horse_05
2026-06-30 10:53:14,386 INFO: avg err:0.4605 | err:0.6443 | hippo_03 horse_06
2026-06-30 10:53:14,754 INFO: avg err:0.4615 | err:0.5997 | hippo_03 horse_07
2026-06-30 10:53:15,000 INFO: avg err:0.4625 | err:0.5920 | hippo_03 horse_08
2026-06-30 10:53:15,632 INFO: avg err:0.4610 | err:0.2583 | hippo_03 horse_09
2026-06-30 10:53:15,963 INFO: avg err:0.4595 | err:0.2511 | hippo_03 horse_10
2026-06-30 10:53:16,366 INFO: avg err:0.4612 | err:0.6997 | hippo_04 cougar_01
2026-06-30 10:53:16,652 INFO: avg err:0.4628 | err:0.6891 | hippo_04 cougar_02
2026-06-30 10:53:17,045 INFO: avg err:0.4614 | err:0.2584 | hippo_04 cougar_03
2026-06-30 10:53:17,376 INFO: avg err:0.4599 | err:0.2463 | hippo_04 cougar_04
2026-06-30 10:53:17,809 INFO: avg err:0.4572 | err:0.0715 | hippo_04 hippo_01
2026-06-30 10:53:18,101 INFO: avg err:0.4555 | err:0.2127 | hippo_04 hippo_02
2026-06-30 10:53:18,599 INFO: avg err:0.4564 | err:0.5813 | hippo_04 hippo_03
2026-06-30 10:53:18,945 INFO: avg err:0.4533 | err:0.0000 | hippo_04 hippo_04
2026-06-30 10:53:19,362 INFO: avg err:0.4518 | err:0.2366 | hippo_04 hippo_05
2026-06-30 10:53:19,692 INFO: avg err:0.4506 | err:0.2665 | hippo_04 hippo_06
2026-06-30 10:53:20,060 INFO: avg err:0.4492 | err:0.2314 | hippo_04 horse_01
2026-06-30 10:53:20,401 INFO: avg err:0.4503 | err:0.6217 | hippo_04 horse_02
2026-06-30 10:53:20,757 INFO: avg err:0.4486 | err:0.1962 | hippo_04 horse_03
2026-06-30 10:53:21,145 INFO: avg err:0.4467 | err:0.1448 | hippo_04 horse_04
2026-06-30 10:53:21,556 INFO: avg err:0.4452 | err:0.2223 | hippo_04 horse_05
2026-06-30 10:53:21,877 INFO: avg err:0.4436 | err:0.1904 | hippo_04 horse_06
2026-06-30 10:53:22,189 INFO: avg err:0.4423 | err:0.2481 | hippo_04 horse_07
2026-06-30 10:53:22,478 INFO: avg err:0.4419 | err:0.3820 | hippo_04 horse_08
2026-06-30 10:53:23,020 INFO: avg err:0.4425 | err:0.5376 | hippo_04 horse_09
2026-06-30 10:53:23,293 INFO: avg err:0.4439 | err:0.6653 | hippo_04 horse_10
2026-06-30 10:53:23,787 INFO: avg err:0.4454 | err:0.6712 | hippo_05 cougar_01
2026-06-30 10:53:24,058 INFO: avg err:0.4463 | err:0.5930 | hippo_05 cougar_02
2026-06-30 10:53:24,543 INFO: avg err:0.4453 | err:0.2877 | hippo_05 cougar_03
2026-06-30 10:53:24,856 INFO: avg err:0.4441 | err:0.2441 | hippo_05 cougar_04
2026-06-30 10:53:25,326 INFO: avg err:0.4428 | err:0.2389 | hippo_05 hippo_01
2026-06-30 10:53:25,574 INFO: avg err:0.4413 | err:0.1976 | hippo_05 hippo_02
2026-06-30 10:53:26,092 INFO: avg err:0.4425 | err:0.6345 | hippo_05 hippo_03
2026-06-30 10:53:26,364 INFO: avg err:0.4412 | err:0.2244 | hippo_05 hippo_04
2026-06-30 10:53:26,837 INFO: avg err:0.4386 | err:0.0000 | hippo_05 hippo_05
2026-06-30 10:53:27,111 INFO: avg err:0.4380 | err:0.3449 | hippo_05 hippo_06
2026-06-30 10:53:27,593 INFO: avg err:0.4363 | err:0.1416 | hippo_05 horse_01
2026-06-30 10:53:27,918 INFO: avg err:0.4369 | err:0.5459 | hippo_05 horse_02
2026-06-30 10:53:28,354 INFO: avg err:0.4352 | err:0.1414 | hippo_05 horse_03
2026-06-30 10:53:28,629 INFO: avg err:0.4338 | err:0.1917 | hippo_05 horse_04
2026-06-30 10:53:29,146 INFO: avg err:0.4330 | err:0.2886 | hippo_05 horse_05
2026-06-30 10:53:29,458 INFO: avg err:0.4314 | err:0.1490 | hippo_05 horse_06
2026-06-30 10:53:29,927 INFO: avg err:0.4302 | err:0.2221 | hippo_05 horse_07
2026-06-30 10:53:30,268 INFO: avg err:0.4294 | err:0.2863 | hippo_05 horse_08
2026-06-30 10:53:30,694 INFO: avg err:0.4298 | err:0.4954 | hippo_05 horse_09
2026-06-30 10:53:31,009 INFO: avg err:0.4304 | err:0.5384 | hippo_05 horse_10
2026-06-30 10:53:31,392 INFO: avg err:0.4316 | err:0.6498 | hippo_06 cougar_01
2026-06-30 10:53:31,702 INFO: avg err:0.4330 | err:0.6888 | hippo_06 cougar_02
2026-06-30 10:53:32,080 INFO: avg err:0.4323 | err:0.3078 | hippo_06 cougar_03
2026-06-30 10:53:32,324 INFO: avg err:0.4318 | err:0.3305 | hippo_06 cougar_04
2026-06-30 10:53:32,793 INFO: avg err:0.4301 | err:0.1300 | hippo_06 hippo_01
2026-06-30 10:53:33,112 INFO: avg err:0.4285 | err:0.1299 | hippo_06 hippo_02
2026-06-30 10:53:33,504 INFO: avg err:0.4287 | err:0.4683 | hippo_06 hippo_03
2026-06-30 10:53:33,820 INFO: avg err:0.4278 | err:0.2596 | hippo_06 hippo_04
2026-06-30 10:53:34,114 INFO: avg err:0.4273 | err:0.3334 | hippo_06 hippo_05
2026-06-30 10:53:34,366 INFO: avg err:0.4251 | err:0.0000 | hippo_06 hippo_06
2026-06-30 10:53:34,915 INFO: avg err:0.4241 | err:0.2341 | hippo_06 horse_01
2026-06-30 10:53:35,193 INFO: avg err:0.4252 | err:0.6363 | hippo_06 horse_02
2026-06-30 10:53:35,713 INFO: avg err:0.4244 | err:0.2780 | hippo_06 horse_03
2026-06-30 10:53:36,022 INFO: avg err:0.4237 | err:0.2767 | hippo_06 horse_04
2026-06-30 10:53:36,478 INFO: avg err:0.4223 | err:0.1515 | hippo_06 horse_05
2026-06-30 10:53:36,821 INFO: avg err:0.4215 | err:0.2714 | hippo_06 horse_06
2026-06-30 10:53:37,231 INFO: avg err:0.4210 | err:0.3270 | hippo_06 horse_07
2026-06-30 10:53:37,569 INFO: avg err:0.4206 | err:0.3472 | hippo_06 horse_08
2026-06-30 10:53:37,872 INFO: avg err:0.4212 | err:0.5276 | hippo_06 horse_09
2026-06-30 10:53:38,197 INFO: avg err:0.4219 | err:0.5702 | hippo_06 horse_10
2026-06-30 10:53:38,640 INFO: avg err:0.4239 | err:0.8276 | horse_01 cougar_01
2026-06-30 10:53:38,974 INFO: avg err:0.4255 | err:0.7388 | horse_01 cougar_02
2026-06-30 10:53:39,456 INFO: avg err:0.4253 | err:0.3901 | horse_01 cougar_03
2026-06-30 10:53:39,758 INFO: avg err:0.4249 | err:0.3356 | horse_01 cougar_04
2026-06-30 10:53:40,265 INFO: avg err:0.4243 | err:0.3101 | horse_01 hippo_01
2026-06-30 10:53:40,576 INFO: avg err:0.4234 | err:0.2425 | horse_01 hippo_02
2026-06-30 10:53:40,883 INFO: avg err:0.4249 | err:0.7268 | horse_01 hippo_03
2026-06-30 10:53:41,212 INFO: avg err:0.4242 | err:0.2809 | horse_01 hippo_04
2026-06-30 10:53:41,749 INFO: avg err:0.4231 | err:0.1865 | horse_01 hippo_05
2026-06-30 10:53:42,096 INFO: avg err:0.4230 | err:0.4119 | horse_01 hippo_06
2026-06-30 10:53:42,489 INFO: avg err:0.4210 | err:0.0000 | horse_01 horse_01
2026-06-30 10:53:42,769 INFO: avg err:0.4220 | err:0.6291 | horse_01 horse_02
2026-06-30 10:53:43,202 INFO: avg err:0.4218 | err:0.3688 | horse_01 horse_03
2026-06-30 10:53:43,517 INFO: avg err:0.4208 | err:0.2228 | horse_01 horse_04
2026-06-30 10:53:44,014 INFO: avg err:0.4206 | err:0.3762 | horse_01 horse_05
2026-06-30 10:53:44,291 INFO: avg err:0.4204 | err:0.3715 | horse_01 horse_06
2026-06-30 10:53:44,723 INFO: avg err:0.4201 | err:0.3652 | horse_01 horse_07
2026-06-30 10:53:45,043 INFO: avg err:0.4197 | err:0.3224 | horse_01 horse_08
2026-06-30 10:53:45,472 INFO: avg err:0.4208 | err:0.6626 | horse_01 horse_09
2026-06-30 10:53:45,811 INFO: avg err:0.4218 | err:0.6477 | horse_01 horse_10
2026-06-30 10:53:46,268 INFO: avg err:0.4208 | err:0.1996 | horse_02 cougar_01
2026-06-30 10:53:46,535 INFO: avg err:0.4205 | err:0.3453 | horse_02 cougar_02
2026-06-30 10:53:46,893 INFO: avg err:0.4222 | err:0.7975 | horse_02 cougar_03
2026-06-30 10:53:47,195 INFO: avg err:0.4237 | err:0.7683 | horse_02 cougar_04
2026-06-30 10:53:47,526 INFO: avg err:0.4251 | err:0.7240 | horse_02 hippo_01
2026-06-30 10:53:47,968 INFO: avg err:0.4263 | err:0.7169 | horse_02 hippo_02
2026-06-30 10:53:48,357 INFO: avg err:0.4261 | err:0.3617 | horse_02 hippo_03
2026-06-30 10:53:48,746 INFO: avg err:0.4272 | err:0.6908 | horse_02 hippo_04
2026-06-30 10:53:49,053 INFO: avg err:0.4283 | err:0.6739 | horse_02 hippo_05
2026-06-30 10:53:49,397 INFO: avg err:0.4294 | err:0.6810 | horse_02 hippo_06
2026-06-30 10:53:49,838 INFO: avg err:0.4302 | err:0.6091 | horse_02 horse_01
2026-06-30 10:53:50,220 INFO: avg err:0.4283 | err:0.0000 | horse_02 horse_02
2026-06-30 10:53:50,687 INFO: avg err:0.4295 | err:0.7067 | horse_02 horse_03
2026-06-30 10:53:51,043 INFO: avg err:0.4308 | err:0.7205 | horse_02 horse_04
2026-06-30 10:53:51,453 INFO: avg err:0.4318 | err:0.6737 | horse_02 horse_05
2026-06-30 10:53:51,856 INFO: avg err:0.4329 | err:0.7024 | horse_02 horse_06
2026-06-30 10:53:52,256 INFO: avg err:0.4339 | err:0.6645 | horse_02 horse_07
2026-06-30 10:53:52,596 INFO: avg err:0.4341 | err:0.4782 | horse_02 horse_08
2026-06-30 10:53:52,938 INFO: avg err:0.4333 | err:0.2452 | horse_02 horse_09
2026-06-30 10:53:53,274 INFO: avg err:0.4329 | err:0.3281 | horse_02 horse_10
2026-06-30 10:53:53,645 INFO: avg err:0.4344 | err:0.7971 | horse_03 cougar_01
2026-06-30 10:53:53,905 INFO: avg err:0.4359 | err:0.7959 | horse_03 cougar_02
2026-06-30 10:53:54,414 INFO: avg err:0.4354 | err:0.3230 | horse_03 cougar_03
2026-06-30 10:53:54,753 INFO: avg err:0.4351 | err:0.3498 | horse_03 cougar_04
2026-06-30 10:53:55,089 INFO: avg err:0.4342 | err:0.2180 | horse_03 hippo_01
2026-06-30 10:53:55,444 INFO: avg err:0.4337 | err:0.3106 | horse_03 hippo_02
2026-06-30 10:53:55,917 INFO: avg err:0.4347 | err:0.6775 | horse_03 hippo_03
2026-06-30 10:53:56,282 INFO: avg err:0.4338 | err:0.2235 | horse_03 hippo_04
2026-06-30 10:53:56,733 INFO: avg err:0.4329 | err:0.2160 | horse_03 hippo_05
2026-06-30 10:53:57,054 INFO: avg err:0.4329 | err:0.4124 | horse_03 hippo_06
2026-06-30 10:53:57,444 INFO: avg err:0.4324 | err:0.3221 | horse_03 horse_01
2026-06-30 10:53:57,871 INFO: avg err:0.4334 | err:0.6802 | horse_03 horse_02
2026-06-30 10:53:58,189 INFO: avg err:0.4317 | err:0.0000 | horse_03 horse_03
2026-06-30 10:53:58,643 INFO: avg err:0.4305 | err:0.1295 | horse_03 horse_04
2026-06-30 10:53:58,968 INFO: avg err:0.4304 | err:0.4019 | horse_03 horse_05
2026-06-30 10:53:59,323 INFO: avg err:0.4289 | err:0.0591 | horse_03 horse_06
2026-06-30 10:53:59,670 INFO: avg err:0.4282 | err:0.2442 | horse_03 horse_07
2026-06-30 10:54:00,014 INFO: avg err:0.4282 | err:0.4138 | horse_03 horse_08
2026-06-30 10:54:00,432 INFO: avg err:0.4286 | err:0.5526 | horse_03 horse_09
2026-06-30 10:54:00,678 INFO: avg err:0.4289 | err:0.5065 | horse_03 horse_10
2026-06-30 10:54:01,172 INFO: avg err:0.4305 | err:0.8319 | horse_04 cougar_01
2026-06-30 10:54:01,591 INFO: avg err:0.4317 | err:0.7626 | horse_04 cougar_02
2026-06-30 10:54:01,924 INFO: avg err:0.4311 | err:0.2592 | horse_04 cougar_03
2026-06-30 10:54:02,279 INFO: avg err:0.4309 | err:0.3826 | horse_04 cougar_04
2026-06-30 10:54:02,612 INFO: avg err:0.4303 | err:0.2680 | horse_04 hippo_01
2026-06-30 10:54:03,036 INFO: avg err:0.4296 | err:0.2421 | horse_04 hippo_02
2026-06-30 10:54:03,367 INFO: avg err:0.4307 | err:0.7152 | horse_04 hippo_03
2026-06-30 10:54:03,807 INFO: avg err:0.4298 | err:0.2050 | horse_04 hippo_04
2026-06-30 10:54:04,078 INFO: avg err:0.4296 | err:0.3611 | horse_04 hippo_05
2026-06-30 10:54:04,520 INFO: avg err:0.4296 | err:0.4516 | horse_04 hippo_06
2026-06-30 10:54:04,824 INFO: avg err:0.4290 | err:0.2664 | horse_04 horse_01
2026-06-30 10:54:05,168 INFO: avg err:0.4301 | err:0.7091 | horse_04 horse_02
2026-06-30 10:54:05,570 INFO: avg err:0.4290 | err:0.1518 | horse_04 horse_03
2026-06-30 10:54:05,911 INFO: avg err:0.4275 | err:0.0000 | horse_04 horse_04
2026-06-30 10:54:06,242 INFO: avg err:0.4270 | err:0.2922 | horse_04 horse_05
2026-06-30 10:54:06,580 INFO: avg err:0.4260 | err:0.1532 | horse_04 horse_06
2026-06-30 10:54:06,905 INFO: avg err:0.4255 | err:0.2782 | horse_04 horse_07
2026-06-30 10:54:07,453 INFO: avg err:0.4255 | err:0.4378 | horse_04 horse_08
2026-06-30 10:54:07,763 INFO: avg err:0.4259 | err:0.5298 | horse_04 horse_09
2026-06-30 10:54:08,189 INFO: avg err:0.4263 | err:0.5525 | horse_04 horse_10
2026-06-30 10:54:08,543 INFO: avg err:0.4280 | err:0.9009 | horse_05 cougar_01
2026-06-30 10:54:08,921 INFO: avg err:0.4298 | err:0.9177 | horse_05 cougar_02
2026-06-30 10:54:09,258 INFO: avg err:0.4299 | err:0.4819 | horse_05 cougar_03
2026-06-30 10:54:09,579 INFO: avg err:0.4301 | err:0.4611 | horse_05 cougar_04
2026-06-30 10:54:09,894 INFO: avg err:0.4297 | err:0.3431 | horse_05 hippo_01
2026-06-30 10:54:10,313 INFO: avg err:0.4288 | err:0.1656 | horse_05 hippo_02
2026-06-30 10:54:10,653 INFO: avg err:0.4298 | err:0.7020 | horse_05 hippo_03
2026-06-30 10:54:11,010 INFO: avg err:0.4299 | err:0.4540 | horse_05 hippo_04
2026-06-30 10:54:11,294 INFO: avg err:0.4302 | err:0.5174 | horse_05 hippo_05
2026-06-30 10:54:11,649 INFO: avg err:0.4294 | err:0.2016 | horse_05 hippo_06
2026-06-30 10:54:11,990 INFO: avg err:0.4286 | err:0.1906 | horse_05 horse_01
2026-06-30 10:54:12,397 INFO: avg err:0.4296 | err:0.7409 | horse_05 horse_02
2026-06-30 10:54:12,719 INFO: avg err:0.4295 | err:0.4012 | horse_05 horse_03
2026-06-30 10:54:13,065 INFO: avg err:0.4290 | err:0.2882 | horse_05 horse_04
2026-06-30 10:54:13,377 INFO: avg err:0.4276 | err:0.0000 | horse_05 horse_05
2026-06-30 10:54:13,719 INFO: avg err:0.4277 | err:0.4531 | horse_05 horse_06
2026-06-30 10:54:14,078 INFO: avg err:0.4277 | err:0.4387 | horse_05 horse_07
2026-06-30 10:54:14,417 INFO: avg err:0.4279 | err:0.4881 | horse_05 horse_08
2026-06-30 10:54:14,745 INFO: avg err:0.4291 | err:0.7844 | horse_05 horse_09
2026-06-30 10:54:15,135 INFO: avg err:0.4304 | err:0.8295 | horse_05 horse_10
2026-06-30 10:54:15,460 INFO: avg err:0.4316 | err:0.7883 | horse_06 cougar_01
2026-06-30 10:54:15,812 INFO: avg err:0.4324 | err:0.6539 | horse_06 cougar_02
2026-06-30 10:54:16,121 INFO: avg err:0.4318 | err:0.2610 | horse_06 cougar_03
2026-06-30 10:54:16,659 INFO: avg err:0.4314 | err:0.3051 | horse_06 cougar_04
2026-06-30 10:54:16,968 INFO: avg err:0.4311 | err:0.3366 | horse_06 hippo_01
2026-06-30 10:54:17,363 INFO: avg err:0.4307 | err:0.3163 | horse_06 hippo_02
2026-06-30 10:54:17,746 INFO: avg err:0.4314 | err:0.6427 | horse_06 hippo_03
2026-06-30 10:54:18,116 INFO: avg err:0.4309 | err:0.2901 | horse_06 hippo_04
2026-06-30 10:54:18,427 INFO: avg err:0.4302 | err:0.1961 | horse_06 hippo_05
2026-06-30 10:54:18,748 INFO: avg err:0.4302 | err:0.4225 | horse_06 hippo_06
2026-06-30 10:54:19,079 INFO: avg err:0.4297 | err:0.3043 | horse_06 horse_01
2026-06-30 10:54:19,409 INFO: avg err:0.4305 | err:0.6667 | horse_06 horse_02
2026-06-30 10:54:19,733 INFO: avg err:0.4293 | err:0.0552 | horse_06 horse_03
2026-06-30 10:54:20,151 INFO: avg err:0.4284 | err:0.1596 | horse_06 horse_04
2026-06-30 10:54:20,520 INFO: avg err:0.4285 | err:0.4319 | horse_06 horse_05
2026-06-30 10:54:20,840 INFO: avg err:0.4271 | err:0.0002 | horse_06 horse_06
2026-06-30 10:54:21,110 INFO: avg err:0.4263 | err:0.1652 | horse_06 horse_07
2026-06-30 10:54:21,655 INFO: avg err:0.4261 | err:0.3651 | horse_06 horse_08
2026-06-30 10:54:21,999 INFO: avg err:0.4265 | err:0.5597 | horse_06 horse_09
2026-06-30 10:54:22,308 INFO: avg err:0.4270 | err:0.5963 | horse_06 horse_10
2026-06-30 10:54:22,637 INFO: avg err:0.4280 | err:0.7479 | horse_07 cougar_01
2026-06-30 10:54:23,014 INFO: avg err:0.4286 | err:0.6222 | horse_07 cougar_02
2026-06-30 10:54:23,345 INFO: avg err:0.4279 | err:0.1925 | horse_07 cougar_03
2026-06-30 10:54:23,714 INFO: avg err:0.4273 | err:0.2248 | horse_07 cougar_04
2026-06-30 10:54:24,067 INFO: avg err:0.4270 | err:0.3509 | horse_07 hippo_01
2026-06-30 10:54:24,447 INFO: avg err:0.4267 | err:0.3270 | horse_07 hippo_02
2026-06-30 10:54:24,830 INFO: avg err:0.4275 | err:0.6921 | horse_07 hippo_03
2026-06-30 10:54:25,208 INFO: avg err:0.4272 | err:0.3008 | horse_07 hippo_04
2026-06-30 10:54:25,557 INFO: avg err:0.4266 | err:0.2457 | horse_07 hippo_05
2026-06-30 10:54:25,949 INFO: avg err:0.4264 | err:0.3662 | horse_07 hippo_06
2026-06-30 10:54:26,257 INFO: avg err:0.4261 | err:0.3058 | horse_07 horse_01
2026-06-30 10:54:26,610 INFO: avg err:0.4270 | err:0.7518 | horse_07 horse_02
2026-06-30 10:54:26,955 INFO: avg err:0.4263 | err:0.1839 | horse_07 horse_03
2026-06-30 10:54:27,351 INFO: avg err:0.4257 | err:0.2193 | horse_07 horse_04
2026-06-30 10:54:27,666 INFO: avg err:0.4257 | err:0.4288 | horse_07 horse_05
2026-06-30 10:54:28,010 INFO: avg err:0.4249 | err:0.1705 | horse_07 horse_06
2026-06-30 10:54:28,362 INFO: avg err:0.4237 | err:0.0000 | horse_07 horse_07
2026-06-30 10:54:28,732 INFO: avg err:0.4230 | err:0.2062 | horse_07 horse_08
2026-06-30 10:54:29,053 INFO: avg err:0.4234 | err:0.5351 | horse_07 horse_09
2026-06-30 10:54:29,417 INFO: avg err:0.4242 | err:0.6934 | horse_07 horse_10
2026-06-30 10:54:29,749 INFO: avg err:0.4253 | err:0.8073 | horse_08 cougar_01
2026-06-30 10:54:30,133 INFO: avg err:0.4263 | err:0.7573 | horse_08 cougar_02
2026-06-30 10:54:30,497 INFO: avg err:0.4259 | err:0.2927 | horse_08 cougar_03
2026-06-30 10:54:30,763 INFO: avg err:0.4257 | err:0.3582 | horse_08 cougar_04
2026-06-30 10:54:31,050 INFO: avg err:0.4256 | err:0.4166 | horse_08 hippo_01
2026-06-30 10:54:31,492 INFO: avg err:0.4254 | err:0.3371 | horse_08 hippo_02
2026-06-30 10:54:31,814 INFO: avg err:0.4261 | err:0.6887 | horse_08 hippo_03
2026-06-30 10:54:32,130 INFO: avg err:0.4260 | err:0.3711 | horse_08 hippo_04
2026-06-30 10:54:32,416 INFO: avg err:0.4255 | err:0.2401 | horse_08 hippo_05
2026-06-30 10:54:32,821 INFO: avg err:0.4254 | err:0.4165 | horse_08 hippo_06
2026-06-30 10:54:33,170 INFO: avg err:0.4251 | err:0.3081 | horse_08 horse_01
2026-06-30 10:54:33,536 INFO: avg err:0.4261 | err:0.7769 | horse_08 horse_02
2026-06-30 10:54:33,894 INFO: avg err:0.4262 | err:0.4620 | horse_08 horse_03
2026-06-30 10:54:34,271 INFO: avg err:0.4261 | err:0.4078 | horse_08 horse_04
2026-06-30 10:54:34,604 INFO: avg err:0.4262 | err:0.4591 | horse_08 horse_05
2026-06-30 10:54:35,091 INFO: avg err:0.4260 | err:0.3373 | horse_08 horse_06
2026-06-30 10:54:35,429 INFO: avg err:0.4253 | err:0.1746 | horse_08 horse_07
2026-06-30 10:54:35,917 INFO: avg err:0.4241 | err:0.0000 | horse_08 horse_08
2026-06-30 10:54:36,236 INFO: avg err:0.4245 | err:0.5813 | horse_08 horse_09
2026-06-30 10:54:36,664 INFO: avg err:0.4252 | err:0.6732 | horse_08 horse_10
2026-06-30 10:54:36,978 INFO: avg err:0.4249 | err:0.2944 | horse_09 cougar_01
2026-06-30 10:54:37,436 INFO: avg err:0.4245 | err:0.2998 | horse_09 cougar_02
2026-06-30 10:54:37,722 INFO: avg err:0.4254 | err:0.7345 | horse_09 cougar_03
2026-06-30 10:54:38,094 INFO: avg err:0.4262 | err:0.7211 | horse_09 cougar_04
2026-06-30 10:54:38,425 INFO: avg err:0.4269 | err:0.6838 | horse_09 hippo_01
2026-06-30 10:54:38,812 INFO: avg err:0.4273 | err:0.5888 | horse_09 hippo_02
2026-06-30 10:54:39,117 INFO: avg err:0.4272 | err:0.3652 | horse_09 hippo_03
2026-06-30 10:54:39,507 INFO: avg err:0.4278 | err:0.6750 | horse_09 hippo_04
2026-06-30 10:54:39,797 INFO: avg err:0.4282 | err:0.5459 | horse_09 hippo_05
2026-06-30 10:54:40,254 INFO: avg err:0.4287 | err:0.6448 | horse_09 hippo_06
2026-06-30 10:54:40,594 INFO: avg err:0.4291 | err:0.5726 | horse_09 horse_01
2026-06-30 10:54:40,979 INFO: avg err:0.4286 | err:0.2199 | horse_09 horse_02
2026-06-30 10:54:41,330 INFO: avg err:0.4287 | err:0.4935 | horse_09 horse_03
2026-06-30 10:54:41,618 INFO: avg err:0.4293 | err:0.6539 | horse_09 horse_04
2026-06-30 10:54:41,925 INFO: avg err:0.4298 | err:0.6125 | horse_09 horse_05
2026-06-30 10:54:42,424 INFO: avg err:0.4303 | err:0.6193 | horse_09 horse_06
2026-06-30 10:54:42,765 INFO: avg err:0.4310 | err:0.6762 | horse_09 horse_07
2026-06-30 10:54:43,192 INFO: avg err:0.4313 | err:0.5365 | horse_09 horse_08
2026-06-30 10:54:43,504 INFO: avg err:0.4301 | err:0.0000 | horse_09 horse_09
2026-06-30 10:54:43,864 INFO: avg err:0.4295 | err:0.2041 | horse_09 horse_10
2026-06-30 10:54:44,190 INFO: avg err:0.4291 | err:0.2506 | horse_10 cougar_01
2026-06-30 10:54:44,563 INFO: avg err:0.4289 | err:0.3726 | horse_10 cougar_02
2026-06-30 10:54:44,836 INFO: avg err:0.4298 | err:0.7549 | horse_10 cougar_03
2026-06-30 10:54:45,322 INFO: avg err:0.4305 | err:0.6924 | horse_10 cougar_04
2026-06-30 10:54:45,664 INFO: avg err:0.4312 | err:0.7221 | horse_10 hippo_01
2026-06-30 10:54:46,085 INFO: avg err:0.4318 | err:0.6687 | horse_10 hippo_02
2026-06-30 10:54:46,431 INFO: avg err:0.4320 | err:0.4912 | horse_10 hippo_03
2026-06-30 10:54:46,822 INFO: avg err:0.4327 | err:0.7213 | horse_10 hippo_04
2026-06-30 10:54:47,173 INFO: avg err:0.4332 | err:0.6258 | horse_10 hippo_05
2026-06-30 10:54:47,560 INFO: avg err:0.4338 | err:0.6749 | horse_10 hippo_06
2026-06-30 10:54:47,919 INFO: avg err:0.4345 | err:0.7027 | horse_10 horse_01
2026-06-30 10:54:48,282 INFO: avg err:0.4342 | err:0.2976 | horse_10 horse_02
2026-06-30 10:54:48,644 INFO: avg err:0.4345 | err:0.5638 | horse_10 horse_03
2026-06-30 10:54:49,002 INFO: avg err:0.4351 | err:0.6849 | horse_10 horse_04
2026-06-30 10:54:49,330 INFO: avg err:0.4358 | err:0.6859 | horse_10 horse_05
2026-06-30 10:54:49,636 INFO: avg err:0.4361 | err:0.5785 | horse_10 horse_06
2026-06-30 10:54:49,949 INFO: avg err:0.4370 | err:0.7857 | horse_10 horse_07
2026-06-30 10:54:50,333 INFO: avg err:0.4370 | err:0.4277 | horse_10 horse_08
2026-06-30 10:54:50,650 INFO: avg err:0.4364 | err:0.2186 | horse_10 horse_09
2026-06-30 10:54:50,955 INFO: avg err:0.4354 | err:0.0000 | horse_10 horse_10
2026-06-30 10:54:50,982 INFO: Avg time: 0.1374
2026-06-30 10:54:51,486 INFO: Val auc: 0.2216
2026-06-30 10:54:51,489 INFO: Val avg error: 0.4354
2026-06-30 10:54:51,494 INFO: Best model is updated, average geodesic error: 0.4354
2026-06-30 10:54:51,576 INFO: [ONB diag] max|Q-I|: mean=6.9054e-02 max=7.8143e-02 | max|Φ̃ᵀMΦ̃-I|: mean=7.1347e-07 max=8.3447e-07
2026-06-30 10:54:59,197 INFO: [smal_..][epoch: 10, iter:   8,020, lr:(6.204e-04,6.204e-04,)][eta: 1:06:34, time (data): 0.375 (0.017)]l_bij: 2.0360e+02 l_orth: 1.9781e+02 l_align: 1.7438e+02 l_qreg: 1.9063e+00 l_total: 5.7770e+02 
2026-06-30 10:55:06,869 INFO: [smal_..][epoch: 10, iter:   8,040, lr:(6.204e-04,6.204e-04,)][eta: 1:06:23, time (data): 0.375 (0.017)]l_bij: 2.0687e+02 l_orth: 2.0187e+02 l_align: 1.6968e+02 l_qreg: 1.8175e+00 l_total: 5.8024e+02 
2026-06-30 10:55:14,545 INFO: [smal_..][epoch: 10, iter:   8,060, lr:(6.204e-04,6.204e-04,)][eta: 1:06:13, time (data): 0.383 (0.017)]l_bij: 1.8707e+02 l_orth: 1.7845e+02 l_align: 1.8468e+02 l_qreg: 1.9381e+00 l_total: 5.5215e+02 
2026-06-30 10:55:22,453 INFO: [smal_..][epoch: 10, iter:   8,080, lr:(6.204e-04,6.204e-04,)][eta: 1:06:02, time (data): 0.389 (0.016)]l_bij: 1.8613e+02 l_orth: 1.8568e+02 l_align: 1.7970e+02 l_qreg: 2.2574e+00 l_total: 5.5377e+02 
2026-06-30 10:55:30,319 INFO: [smal_..][epoch: 10, iter:   8,100, lr:(6.204e-04,6.204e-04,)][eta: 1:05:52, time (data): 0.391 (0.016)]l_bij: 1.9182e+02 l_orth: 1.8714e+02 l_align: 1.7948e+02 l_qreg: 1.5215e+00 l_total: 5.5997e+02 
2026-06-30 10:55:38,087 INFO: [smal_..][epoch: 10, iter:   8,120, lr:(6.204e-04,6.204e-04,)][eta: 1:05:41, time (data): 0.390 (0.016)]l_bij: 1.9425e+02 l_orth: 1.8745e+02 l_align: 1.7050e+02 l_qreg: 1.7620e+00 l_total: 5.5396e+02 
2026-06-30 10:55:45,917 INFO: [smal_..][epoch: 10, iter:   8,140, lr:(6.204e-04,6.204e-04,)][eta: 1:05:31, time (data): 0.390 (0.016)]l_bij: 2.0682e+02 l_orth: 2.0071e+02 l_align: 1.7557e+02 l_qreg: 1.5579e+00 l_total: 5.8466e+02 
2026-06-30 10:55:53,799 INFO: [smal_..][epoch: 10, iter:   8,160, lr:(6.204e-04,6.204e-04,)][eta: 1:05:21, time (data): 0.391 (0.016)]l_bij: 1.9271e+02 l_orth: 1.8811e+02 l_align: 1.7815e+02 l_qreg: 1.7764e+00 l_total: 5.6075e+02 
2026-06-30 10:56:01,778 INFO: [smal_..][epoch: 10, iter:   8,180, lr:(6.204e-04,6.204e-04,)][eta: 1:05:11, time (data): 0.392 (0.016)]l_bij: 1.9217e+02 l_orth: 1.8388e+02 l_align: 1.8447e+02 l_qreg: 1.7314e+00 l_total: 5.6224e+02 
2026-06-30 10:56:09,828 INFO: [smal_..][epoch: 10, iter:   8,200, lr:(6.204e-04,6.204e-04,)][eta: 1:05:00, time (data): 0.393 (0.016)]l_bij: 2.0714e+02 l_orth: 2.0305e+02 l_align: 1.7380e+02 l_qreg: 1.7125e+00 l_total: 5.8571e+02 
2026-06-30 10:56:17,898 INFO: [smal_..][epoch: 10, iter:   8,220, lr:(6.204e-04,6.204e-04,)][eta: 1:04:50, time (data): 0.394 (0.016)]l_bij: 1.9011e+02 l_orth: 1.8407e+02 l_align: 1.8547e+02 l_qreg: 1.9152e+00 l_total: 5.6156e+02 
2026-06-30 10:56:25,601 INFO: [smal_..][epoch: 10, iter:   8,240, lr:(6.204e-04,6.204e-04,)][eta: 1:04:40, time (data): 0.393 (0.016)]l_bij: 1.9596e+02 l_orth: 1.9092e+02 l_align: 1.7893e+02 l_qreg: 2.1549e+00 l_total: 5.6797e+02 
2026-06-30 10:56:33,194 INFO: [smal_..][epoch: 10, iter:   8,260, lr:(6.204e-04,6.204e-04,)][eta: 1:04:29, time (data): 0.378 (0.016)]l_bij: 2.0313e+02 l_orth: 1.9955e+02 l_align: 1.7009e+02 l_qreg: 1.8753e+00 l_total: 5.7465e+02 
2026-06-30 10:56:40,861 INFO: [smal_..][epoch: 10, iter:   8,280, lr:(6.204e-04,6.204e-04,)][eta: 1:04:19, time (data): 0.380 (0.016)]l_bij: 2.0580e+02 l_orth: 1.9945e+02 l_align: 1.6302e+02 l_qreg: 1.5626e+00 l_total: 5.6984e+02 
2026-06-30 10:56:48,663 INFO: [smal_..][epoch: 10, iter:   8,300, lr:(6.204e-04,6.204e-04,)][eta: 1:04:09, time (data): 0.384 (0.016)]l_bij: 1.8533e+02 l_orth: 1.7997e+02 l_align: 1.8524e+02 l_qreg: 1.5845e+00 l_total: 5.5212e+02 
2026-06-30 10:56:56,538 INFO: [smal_..][epoch: 10, iter:   8,320, lr:(6.204e-04,6.204e-04,)][eta: 1:03:58, time (data): 0.386 (0.016)]l_bij: 2.0323e+02 l_orth: 1.9935e+02 l_align: 1.6673e+02 l_qreg: 1.5792e+00 l_total: 5.7088e+02 
2026-06-30 10:57:04,115 INFO: [smal_..][epoch: 10, iter:   8,340, lr:(6.204e-04,6.204e-04,)][eta: 1:03:48, time (data): 0.385 (0.016)]l_bij: 1.9803e+02 l_orth: 1.9056e+02 l_align: 1.7583e+02 l_qreg: 2.1458e+00 l_total: 5.6656e+02 
2026-06-30 10:57:12,022 INFO: [smal_..][epoch: 10, iter:   8,360, lr:(6.204e-04,6.204e-04,)][eta: 1:03:38, time (data): 0.386 (0.016)]l_bij: 1.9509e+02 l_orth: 1.8942e+02 l_align: 1.8192e+02 l_qreg: 1.9789e+00 l_total: 5.6841e+02 
2026-06-30 10:57:19,574 INFO: [smal_..][epoch: 10, iter:   8,380, lr:(6.204e-04,6.204e-04,)][eta: 1:03:27, time (data): 0.385 (0.016)]l_bij: 2.0208e+02 l_orth: 1.9612e+02 l_align: 1.7124e+02 l_qreg: 1.7967e+00 l_total: 5.7123e+02 
2026-06-30 10:57:27,421 INFO: [smal_..][epoch: 10, iter:   8,400, lr:(6.204e-04,6.204e-04,)][eta: 1:03:17, time (data): 0.386 (0.016)]l_bij: 2.9840e+01 l_orth: 3.0979e+01 l_align: 3.2728e+02 l_qreg: 1.8807e+00 l_total: 3.8998e+02 
2026-06-30 10:57:35,397 INFO: [smal_..][epoch: 11, iter:   8,420, lr:(5.500e-04,5.500e-04,)][eta: 1:03:07, time (data): 0.387 (0.017)]l_bij: 1.9257e+02 l_orth: 1.8675e+02 l_align: 1.8246e+02 l_qreg: 1.7648e+00 l_total: 5.6355e+02 
2026-06-30 10:57:43,114 INFO: [smal_..][epoch: 11, iter:   8,440, lr:(5.500e-04,5.500e-04,)][eta: 1:02:57, time (data): 0.387 (0.017)]l_bij: 1.9270e+02 l_orth: 1.8706e+02 l_align: 1.7729e+02 l_qreg: 1.8158e+00 l_total: 5.5887e+02 
2026-06-30 10:57:51,066 INFO: [smal_..][epoch: 11, iter:   8,460, lr:(5.500e-04,5.500e-04,)][eta: 1:02:47, time (data): 0.398 (0.017)]l_bij: 1.9208e+02 l_orth: 1.8657e+02 l_align: 1.7894e+02 l_qreg: 1.6895e+00 l_total: 5.5928e+02 
2026-06-30 10:57:58,817 INFO: [smal_..][epoch: 11, iter:   8,480, lr:(5.500e-04,5.500e-04,)][eta: 1:02:36, time (data): 0.392 (0.017)]l_bij: 1.9797e+02 l_orth: 1.9341e+02 l_align: 1.8013e+02 l_qreg: 1.7908e+00 l_total: 5.7330e+02 
2026-06-30 10:58:06,702 INFO: [smal_..][epoch: 11, iter:   8,500, lr:(5.500e-04,5.500e-04,)][eta: 1:02:26, time (data): 0.393 (0.016)]l_bij: 2.0344e+02 l_orth: 1.9702e+02 l_align: 1.6791e+02 l_qreg: 1.7132e+00 l_total: 5.7008e+02 
2026-06-30 10:58:14,657 INFO: [smal_..][epoch: 11, iter:   8,520, lr:(5.500e-04,5.500e-04,)][eta: 1:02:16, time (data): 0.394 (0.016)]l_bij: 1.9455e+02 l_orth: 1.9037e+02 l_align: 1.7619e+02 l_qreg: 1.6457e+00 l_total: 5.6276e+02 
2026-06-30 10:58:22,972 INFO: [smal_..][epoch: 11, iter:   8,540, lr:(5.500e-04,5.500e-04,)][eta: 1:02:06, time (data): 0.398 (0.016)]l_bij: 2.0080e+02 l_orth: 1.9740e+02 l_align: 1.6905e+02 l_qreg: 1.5683e+00 l_total: 5.6882e+02 
2026-06-30 10:58:30,957 INFO: [smal_..][epoch: 11, iter:   8,560, lr:(5.500e-04,5.500e-04,)][eta: 1:01:57, time (data): 0.398 (0.016)]l_bij: 2.0110e+02 l_orth: 1.9570e+02 l_align: 1.7058e+02 l_qreg: 1.7739e+00 l_total: 5.6915e+02 
2026-06-30 10:58:38,946 INFO: [smal_..][epoch: 11, iter:   8,580, lr:(5.500e-04,5.500e-04,)][eta: 1:01:47, time (data): 0.399 (0.016)]l_bij: 2.0034e+02 l_orth: 1.9400e+02 l_align: 1.7286e+02 l_qreg: 1.7113e+00 l_total: 5.6891e+02 
2026-06-30 10:58:46,841 INFO: [smal_..][epoch: 11, iter:   8,600, lr:(5.500e-04,5.500e-04,)][eta: 1:01:36, time (data): 0.398 (0.016)]l_bij: 1.9771e+02 l_orth: 1.9163e+02 l_align: 1.7591e+02 l_qreg: 1.8159e+00 l_total: 5.6706e+02 
2026-06-30 10:58:54,844 INFO: [smal_..][epoch: 11, iter:   8,620, lr:(5.500e-04,5.500e-04,)][eta: 1:01:27, time (data): 0.398 (0.016)]l_bij: 2.0736e+02 l_orth: 2.0223e+02 l_align: 1.6512e+02 l_qreg: 1.4530e+00 l_total: 5.7616e+02 
2026-06-30 10:59:02,933 INFO: [smal_..][epoch: 11, iter:   8,640, lr:(5.500e-04,5.500e-04,)][eta: 1:01:17, time (data): 0.399 (0.016)]l_bij: 1.9603e+02 l_orth: 1.8995e+02 l_align: 1.7382e+02 l_qreg: 1.8460e+00 l_total: 5.6165e+02 
2026-06-30 10:59:10,859 INFO: [smal_..][epoch: 11, iter:   8,660, lr:(5.500e-04,5.500e-04,)][eta: 1:01:07, time (data): 0.394 (0.016)]l_bij: 1.9455e+02 l_orth: 1.8817e+02 l_align: 1.8292e+02 l_qreg: 1.9762e+00 l_total: 5.6761e+02 
2026-06-30 10:59:18,693 INFO: [smal_..][epoch: 11, iter:   8,680, lr:(5.500e-04,5.500e-04,)][eta: 1:00:57, time (data): 0.392 (0.017)]l_bij: 1.9769e+02 l_orth: 1.9124e+02 l_align: 1.7241e+02 l_qreg: 1.7844e+00 l_total: 5.6313e+02 
2026-06-30 10:59:26,810 INFO: [smal_..][epoch: 11, iter:   8,700, lr:(5.500e-04,5.500e-04,)][eta: 1:00:47, time (data): 0.397 (0.017)]l_bij: 1.8763e+02 l_orth: 1.8004e+02 l_align: 1.8442e+02 l_qreg: 1.9330e+00 l_total: 5.5402e+02 
2026-06-30 10:59:34,748 INFO: [smal_..][epoch: 11, iter:   8,720, lr:(5.500e-04,5.500e-04,)][eta: 1:00:37, time (data): 0.397 (0.017)]l_bij: 2.0050e+02 l_orth: 1.9488e+02 l_align: 1.6909e+02 l_qreg: 1.7362e+00 l_total: 5.6621e+02 
2026-06-30 10:59:42,523 INFO: [smal_..][epoch: 11, iter:   8,740, lr:(5.500e-04,5.500e-04,)][eta: 1:00:27, time (data): 0.395 (0.016)]l_bij: 1.8757e+02 l_orth: 1.8230e+02 l_align: 1.8320e+02 l_qreg: 1.8513e+00 l_total: 5.5492e+02 
2026-06-30 10:59:50,387 INFO: [smal_..][epoch: 11, iter:   8,760, lr:(5.500e-04,5.500e-04,)][eta: 1:00:17, time (data): 0.395 (0.016)]l_bij: 1.9705e+02 l_orth: 1.8965e+02 l_align: 1.7803e+02 l_qreg: 1.6106e+00 l_total: 5.6634e+02 
2026-06-30 10:59:58,218 INFO: [smal_..][epoch: 11, iter:   8,780, lr:(5.500e-04,5.500e-04,)][eta: 1:00:07, time (data): 0.394 (0.016)]l_bij: 2.4968e+01 l_orth: 2.6880e+01 l_align: 3.3030e+02 l_qreg: 1.7196e+00 l_total: 3.8387e+02 
2026-06-30 11:00:06,096 INFO: [smal_..][epoch: 11, iter:   8,800, lr:(5.500e-04,5.500e-04,)][eta: 0:59:57, time (data): 0.394 (0.016)]l_bij: 1.9790e+02 l_orth: 1.9278e+02 l_align: 1.7237e+02 l_qreg: 1.5085e+00 l_total: 5.6456e+02 
2026-06-30 11:00:13,920 INFO: [smal_..][epoch: 11, iter:   8,820, lr:(5.500e-04,5.500e-04,)][eta: 0:59:47, time (data): 0.394 (0.016)]l_bij: 1.9692e+02 l_orth: 1.9079e+02 l_align: 1.7568e+02 l_qreg: 1.5448e+00 l_total: 5.6494e+02 
2026-06-30 11:00:21,726 INFO: [smal_..][epoch: 11, iter:   8,840, lr:(5.500e-04,5.500e-04,)][eta: 0:59:37, time (data): 0.393 (0.016)]l_bij: 2.0114e+02 l_orth: 1.9621e+02 l_align: 1.7179e+02 l_qreg: 1.5864e+00 l_total: 5.7073e+02 
2026-06-30 11:00:29,806 INFO: [smal_..][epoch: 11, iter:   8,860, lr:(5.500e-04,5.500e-04,)][eta: 0:59:27, time (data): 0.402 (0.015)]l_bij: 2.0384e+02 l_orth: 1.9763e+02 l_align: 1.7195e+02 l_qreg: 1.7647e+00 l_total: 5.7518e+02 
2026-06-30 11:00:37,844 INFO: [smal_..][epoch: 11, iter:   8,880, lr:(5.500e-04,5.500e-04,)][eta: 0:59:17, time (data): 0.402 (0.017)]l_bij: 2.0496e+02 l_orth: 1.9809e+02 l_align: 1.7491e+02 l_qreg: 1.6179e+00 l_total: 5.7958e+02 
2026-06-30 11:00:45,566 INFO: [smal_..][epoch: 11, iter:   8,900, lr:(5.500e-04,5.500e-04,)][eta: 0:59:07, time (data): 0.396 (0.016)]l_bij: 1.9997e+02 l_orth: 1.9373e+02 l_align: 1.7067e+02 l_qreg: 1.4981e+00 l_total: 5.6587e+02 
2026-06-30 11:00:52,719 INFO: [smal_..][epoch: 11, iter:   8,920, lr:(5.500e-04,5.500e-04,)][eta: 0:58:57, time (data): 0.386 (0.017)]l_bij: 2.0177e+02 l_orth: 1.9336e+02 l_align: 1.7057e+02 l_qreg: 1.6606e+00 l_total: 5.6736e+02 
2026-06-30 11:01:00,107 INFO: [smal_..][epoch: 11, iter:   8,940, lr:(5.500e-04,5.500e-04,)][eta: 0:58:46, time (data): 0.382 (0.017)]l_bij: 1.9873e+02 l_orth: 1.9306e+02 l_align: 1.7504e+02 l_qreg: 1.4365e+00 l_total: 5.6827e+02 
2026-06-30 11:01:07,391 INFO: [smal_..][epoch: 11, iter:   8,960, lr:(5.500e-04,5.500e-04,)][eta: 0:58:36, time (data): 0.379 (0.017)]l_bij: 2.0376e+02 l_orth: 1.9851e+02 l_align: 1.7166e+02 l_qreg: 1.9103e+00 l_total: 5.7584e+02 
2026-06-30 11:01:14,505 INFO: [smal_..][epoch: 11, iter:   8,980, lr:(5.500e-04,5.500e-04,)][eta: 0:58:25, time (data): 0.376 (0.017)]l_bij: 2.0410e+02 l_orth: 2.1279e+02 l_align: 1.7572e+02 l_qreg: 1.2543e+00 l_total: 5.9387e+02 
2026-06-30 11:01:21,694 INFO: [smal_..][epoch: 11, iter:   9,000, lr:(5.500e-04,5.500e-04,)][eta: 0:58:15, time (data): 0.374 (0.017)]l_bij: 1.9615e+02 l_orth: 1.9191e+02 l_align: 1.7368e+02 l_qreg: 1.6050e+00 l_total: 5.6335e+02 
2026-06-30 11:01:29,021 INFO: [smal_..][epoch: 11, iter:   9,020, lr:(5.500e-04,5.500e-04,)][eta: 0:58:04, time (data): 0.373 (0.017)]l_bij: 2.0301e+02 l_orth: 1.9615e+02 l_align: 1.7130e+02 l_qreg: 1.7650e+00 l_total: 5.7222e+02 
2026-06-30 11:01:36,380 INFO: [smal_..][epoch: 11, iter:   9,040, lr:(5.500e-04,5.500e-04,)][eta: 0:57:54, time (data): 0.372 (0.017)]l_bij: 1.9606e+02 l_orth: 1.9034e+02 l_align: 1.7844e+02 l_qreg: 1.5293e+00 l_total: 5.6637e+02 
2026-06-30 11:01:43,538 INFO: [smal_..][epoch: 11, iter:   9,060, lr:(5.500e-04,5.500e-04,)][eta: 0:57:44, time (data): 0.362 (0.017)]l_bij: 1.9310e+02 l_orth: 1.8712e+02 l_align: 1.7820e+02 l_qreg: 1.7641e+00 l_total: 5.6019e+02 
2026-06-30 11:01:50,934 INFO: [smal_..][epoch: 11, iter:   9,080, lr:(5.500e-04,5.500e-04,)][eta: 0:57:33, time (data): 0.366 (0.018)]l_bij: 1.9635e+02 l_orth: 1.8985e+02 l_align: 1.8189e+02 l_qreg: 1.6658e+00 l_total: 5.6976e+02 
2026-06-30 11:01:58,126 INFO: [smal_..][epoch: 11, iter:   9,100, lr:(5.500e-04,5.500e-04,)][eta: 0:57:23, time (data): 0.364 (0.018)]l_bij: 1.9201e+02 l_orth: 1.8733e+02 l_align: 1.8190e+02 l_qreg: 1.6845e+00 l_total: 5.6293e+02 
2026-06-30 11:02:05,652 INFO: [smal_..][epoch: 11, iter:   9,120, lr:(5.500e-04,5.500e-04,)][eta: 0:57:13, time (data): 0.367 (0.018)]l_bij: 1.9940e+02 l_orth: 1.9285e+02 l_align: 1.7485e+02 l_qreg: 1.9727e+00 l_total: 5.6907e+02 
2026-06-30 11:02:12,934 INFO: [smal_..][epoch: 11, iter:   9,140, lr:(5.500e-04,5.500e-04,)][eta: 0:57:03, time (data): 0.366 (0.018)]l_bij: 1.8867e+02 l_orth: 1.8078e+02 l_align: 1.8118e+02 l_qreg: 1.8800e+00 l_total: 5.5251e+02 
2026-06-30 11:02:20,175 INFO: [smal_..][epoch: 11, iter:   9,160, lr:(5.500e-04,5.500e-04,)][eta: 0:56:52, time (data): 0.365 (0.018)]l_bij: 1.8288e+02 l_orth: 1.7948e+02 l_align: 1.8577e+02 l_qreg: 2.1507e+00 l_total: 5.5027e+02 
2026-06-30 11:02:27,599 INFO: [smal_..][epoch: 11, iter:   9,180, lr:(5.500e-04,5.500e-04,)][eta: 0:56:42, time (data): 0.366 (0.018)]l_bij: 2.0209e+02 l_orth: 1.9885e+02 l_align: 1.6023e+02 l_qreg: 1.3573e+00 l_total: 5.6253e+02 
2026-06-30 11:02:35,206 INFO: [smal_..][epoch: 11, iter:   9,200, lr:(5.500e-04,5.500e-04,)][eta: 0:56:32, time (data): 0.368 (0.018)]l_bij: 1.8994e+02 l_orth: 1.8411e+02 l_align: 1.7863e+02 l_qreg: 1.6300e+00 l_total: 5.5431e+02 
2026-06-30 11:02:42,269 INFO: [smal_..][epoch: 11, iter:   9,220, lr:(5.500e-04,5.500e-04,)][eta: 0:56:22, time (data): 0.366 (0.018)]l_bij: 2.0209e+02 l_orth: 1.9868e+02 l_align: 1.7228e+02 l_qreg: 1.7737e+00 l_total: 5.7482e+02 
2026-06-30 11:02:49,881 INFO: [smal_..][epoch: 11, iter:   9,240, lr:(5.500e-04,5.500e-04,)][eta: 0:56:12, time (data): 0.368 (0.018)]l_bij: 2.0571e+02 l_orth: 2.0052e+02 l_align: 1.6550e+02 l_qreg: 1.8047e+00 l_total: 5.7353e+02 
2026-06-30 11:02:57,711 INFO: [smal_..][epoch: 12, iter:   9,260, lr:(4.796e-04,4.796e-04,)][eta: 0:56:02, time (data): 0.400 (0.035)]l_bij: 1.9776e+02 l_orth: 1.9019e+02 l_align: 1.7589e+02 l_qreg: 1.5848e+00 l_total: 5.6542e+02 
2026-06-30 11:03:05,485 INFO: [smal_..][epoch: 12, iter:   9,280, lr:(4.796e-04,4.796e-04,)][eta: 0:55:52, time (data): 0.393 (0.024)]l_bij: 2.0259e+02 l_orth: 1.9781e+02 l_align: 1.6831e+02 l_qreg: 1.8790e+00 l_total: 5.7059e+02 
2026-06-30 11:03:13,357 INFO: [smal_..][epoch: 12, iter:   9,300, lr:(4.796e-04,4.796e-04,)][eta: 0:55:43, time (data): 0.393 (0.021)]l_bij: 2.1507e+02 l_orth: 2.0843e+02 l_align: 1.5648e+02 l_qreg: 1.7440e+00 l_total: 5.8172e+02 
2026-06-30 11:03:20,870 INFO: [smal_..][epoch: 12, iter:   9,320, lr:(4.796e-04,4.796e-04,)][eta: 0:55:33, time (data): 0.388 (0.019)]l_bij: 1.8707e+02 l_orth: 1.7974e+02 l_align: 1.8261e+02 l_qreg: 1.9480e+00 l_total: 5.5137e+02 
2026-06-30 11:03:28,534 INFO: [smal_..][epoch: 12, iter:   9,340, lr:(4.796e-04,4.796e-04,)][eta: 0:55:23, time (data): 0.387 (0.019)]l_bij: 1.9577e+02 l_orth: 1.8885e+02 l_align: 1.7672e+02 l_qreg: 1.8025e+00 l_total: 5.6314e+02 
2026-06-30 11:03:36,123 INFO: [smal_..][epoch: 12, iter:   9,360, lr:(4.796e-04,4.796e-04,)][eta: 0:55:13, time (data): 0.386 (0.018)]l_bij: 1.9733e+02 l_orth: 1.9108e+02 l_align: 1.7111e+02 l_qreg: 1.7120e+00 l_total: 5.6123e+02 
2026-06-30 11:03:43,740 INFO: [smal_..][epoch: 12, iter:   9,380, lr:(4.796e-04,4.796e-04,)][eta: 0:55:03, time (data): 0.385 (0.018)]l_bij: 2.0245e+02 l_orth: 1.9796e+02 l_align: 1.7267e+02 l_qreg: 1.6688e+00 l_total: 5.7475e+02 
2026-06-30 11:03:51,430 INFO: [smal_..][epoch: 12, iter:   9,400, lr:(4.796e-04,4.796e-04,)][eta: 0:54:53, time (data): 0.385 (0.018)]l_bij: 2.0166e+02 l_orth: 1.9648e+02 l_align: 1.6986e+02 l_qreg: 1.7129e+00 l_total: 5.6971e+02 
2026-06-30 11:03:59,084 INFO: [smal_..][epoch: 12, iter:   9,420, lr:(4.796e-04,4.796e-04,)][eta: 0:54:43, time (data): 0.385 (0.018)]l_bij: 1.9161e+02 l_orth: 1.8698e+02 l_align: 1.7780e+02 l_qreg: 1.8837e+00 l_total: 5.5827e+02 
2026-06-30 11:04:07,017 INFO: [smal_..][epoch: 12, iter:   9,440, lr:(4.796e-04,4.796e-04,)][eta: 0:54:34, time (data): 0.386 (0.018)]l_bij: 1.9260e+02 l_orth: 1.8627e+02 l_align: 1.8051e+02 l_qreg: 1.6864e+00 l_total: 5.6106e+02 
2026-06-30 11:04:14,934 INFO: [smal_..][epoch: 12, iter:   9,460, lr:(4.796e-04,4.796e-04,)][eta: 0:54:24, time (data): 0.397 (0.015)]l_bij: 1.9545e+02 l_orth: 1.8913e+02 l_align: 1.7477e+02 l_qreg: 1.8011e+00 l_total: 5.6115e+02 
2026-06-30 11:04:22,797 INFO: [smal_..][epoch: 12, iter:   9,480, lr:(4.796e-04,4.796e-04,)][eta: 0:54:14, time (data): 0.394 (0.016)]l_bij: 1.9120e+02 l_orth: 1.8552e+02 l_align: 1.7848e+02 l_qreg: 1.6472e+00 l_total: 5.5685e+02 
2026-06-30 11:04:30,686 INFO: [smal_..][epoch: 12, iter:   9,500, lr:(4.796e-04,4.796e-04,)][eta: 0:54:05, time (data): 0.394 (0.016)]l_bij: 2.0731e+02 l_orth: 2.0937e+02 l_align: 1.7453e+02 l_qreg: 1.6117e+00 l_total: 5.9282e+02 
2026-06-30 11:04:38,566 INFO: [smal_..][epoch: 12, iter:   9,520, lr:(4.796e-04,4.796e-04,)][eta: 0:53:55, time (data): 0.394 (0.016)]l_bij: 2.0132e+02 l_orth: 1.9544e+02 l_align: 1.7227e+02 l_qreg: 1.6861e+00 l_total: 5.7071e+02 
2026-06-30 11:04:46,402 INFO: [smal_..][epoch: 12, iter:   9,540, lr:(4.796e-04,4.796e-04,)][eta: 0:53:45, time (data): 0.394 (0.015)]l_bij: 1.8818e+02 l_orth: 1.8164e+02 l_align: 1.8487e+02 l_qreg: 2.0631e+00 l_total: 5.5676e+02 
2026-06-30 11:04:54,148 INFO: [smal_..][epoch: 12, iter:   9,560, lr:(4.796e-04,4.796e-04,)][eta: 0:53:36, time (data): 0.392 (0.016)]l_bij: 1.9531e+02 l_orth: 1.9204e+02 l_align: 1.7279e+02 l_qreg: 1.5753e+00 l_total: 5.6171e+02 
2026-06-30 11:05:02,083 INFO: [smal_..][epoch: 12, iter:   9,580, lr:(4.796e-04,4.796e-04,)][eta: 0:53:26, time (data): 0.393 (0.016)]l_bij: 2.0189e+02 l_orth: 1.9680e+02 l_align: 1.6832e+02 l_qreg: 1.7079e+00 l_total: 5.6873e+02 
2026-06-30 11:05:09,909 INFO: [smal_..][epoch: 12, iter:   9,600, lr:(4.796e-04,4.796e-04,)][eta: 0:53:16, time (data): 0.393 (0.016)]l_bij: 1.9789e+02 l_orth: 1.9277e+02 l_align: 1.7383e+02 l_qreg: 1.6281e+00 l_total: 5.6612e+02 
2026-06-30 11:05:17,757 INFO: [smal_..][epoch: 12, iter:   9,620, lr:(4.796e-04,4.796e-04,)][eta: 0:53:07, time (data): 0.393 (0.016)]l_bij: 1.9765e+02 l_orth: 1.8965e+02 l_align: 1.7597e+02 l_qreg: 1.9976e+00 l_total: 5.6526e+02 
2026-06-30 11:05:25,496 INFO: [smal_..][epoch: 12, iter:   9,640, lr:(4.796e-04,4.796e-04,)][eta: 0:52:57, time (data): 0.392 (0.016)]l_bij: 1.8981e+02 l_orth: 1.8498e+02 l_align: 1.8115e+02 l_qreg: 1.7678e+00 l_total: 5.5771e+02 
2026-06-30 11:05:33,013 INFO: [smal_..][epoch: 12, iter:   9,660, lr:(4.796e-04,4.796e-04,)][eta: 0:52:47, time (data): 0.374 (0.017)]l_bij: 2.1142e+02 l_orth: 2.0620e+02 l_align: 1.6948e+02 l_qreg: 1.6212e+00 l_total: 5.8872e+02 
2026-06-30 11:05:40,495 INFO: [smal_..][epoch: 12, iter:   9,680, lr:(4.796e-04,4.796e-04,)][eta: 0:52:37, time (data): 0.374 (0.018)]l_bij: 1.9239e+02 l_orth: 1.8593e+02 l_align: 1.7837e+02 l_qreg: 1.8085e+00 l_total: 5.5851e+02 
2026-06-30 11:05:47,833 INFO: [smal_..][epoch: 12, iter:   9,700, lr:(4.796e-04,4.796e-04,)][eta: 0:52:28, time (data): 0.371 (0.017)]l_bij: 1.9331e+02 l_orth: 1.8654e+02 l_align: 1.7557e+02 l_qreg: 1.6702e+00 l_total: 5.5709e+02 
2026-06-30 11:05:55,071 INFO: [smal_..][epoch: 12, iter:   9,720, lr:(4.796e-04,4.796e-04,)][eta: 0:52:18, time (data): 0.368 (0.018)]l_bij: 2.0073e+02 l_orth: 1.9545e+02 l_align: 1.7236e+02 l_qreg: 1.4207e+00 l_total: 5.6996e+02 
2026-06-30 11:06:02,282 INFO: [smal_..][epoch: 12, iter:   9,740, lr:(4.796e-04,4.796e-04,)][eta: 0:52:07, time (data): 0.367 (0.018)]l_bij: 2.0834e+02 l_orth: 2.0338e+02 l_align: 1.6165e+02 l_qreg: 1.6250e+00 l_total: 5.7499e+02 
2026-06-30 11:06:09,259 INFO: [smal_..][epoch: 12, iter:   9,760, lr:(4.796e-04,4.796e-04,)][eta: 0:51:57, time (data): 0.363 (0.018)]l_bij: 1.9991e+02 l_orth: 1.9377e+02 l_align: 1.7377e+02 l_qreg: 1.3471e+00 l_total: 5.6880e+02 
2026-06-30 11:06:16,460 INFO: [smal_..][epoch: 12, iter:   9,780, lr:(4.796e-04,4.796e-04,)][eta: 0:51:47, time (data): 0.363 (0.018)]l_bij: 1.9801e+02 l_orth: 1.9042e+02 l_align: 1.7731e+02 l_qreg: 1.9133e+00 l_total: 5.6766e+02 
2026-06-30 11:06:23,504 INFO: [smal_..][epoch: 12, iter:   9,800, lr:(4.796e-04,4.796e-04,)][eta: 0:51:37, time (data): 0.361 (0.018)]l_bij: 1.8638e+02 l_orth: 1.8334e+02 l_align: 1.8295e+02 l_qreg: 1.4476e+00 l_total: 5.5412e+02 
2026-06-30 11:06:30,549 INFO: [smal_..][epoch: 12, iter:   9,820, lr:(4.796e-04,4.796e-04,)][eta: 0:51:27, time (data): 0.360 (0.018)]l_bij: 2.0762e+02 l_orth: 2.0073e+02 l_align: 1.7066e+02 l_qreg: 1.6950e+00 l_total: 5.8070e+02 
2026-06-30 11:06:37,805 INFO: [smal_..][epoch: 12, iter:   9,840, lr:(4.796e-04,4.796e-04,)][eta: 0:51:17, time (data): 0.360 (0.018)]l_bij: 1.9186e+02 l_orth: 1.8426e+02 l_align: 1.7458e+02 l_qreg: 1.6918e+00 l_total: 5.5239e+02 
2026-06-30 11:06:45,071 INFO: [smal_..][epoch: 12, iter:   9,860, lr:(4.796e-04,4.796e-04,)][eta: 0:51:07, time (data): 0.356 (0.017)]l_bij: 2.0356e+02 l_orth: 1.9952e+02 l_align: 1.6738e+02 l_qreg: 1.6154e+00 l_total: 5.7207e+02 
2026-06-30 11:06:52,276 INFO: [smal_..][epoch: 12, iter:   9,880, lr:(4.796e-04,4.796e-04,)][eta: 0:50:57, time (data): 0.359 (0.018)]l_bij: 1.9498e+02 l_orth: 1.9345e+02 l_align: 1.7212e+02 l_qreg: 1.6518e+00 l_total: 5.6221e+02 
2026-06-30 11:06:59,627 INFO: [smal_..][epoch: 12, iter:   9,900, lr:(4.796e-04,4.796e-04,)][eta: 0:50:47, time (data): 0.362 (0.018)]l_bij: 1.9993e+02 l_orth: 1.9464e+02 l_align: 1.6941e+02 l_qreg: 1.7508e+00 l_total: 5.6573e+02 
2026-06-30 11:07:07,013 INFO: [smal_..][epoch: 12, iter:   9,920, lr:(4.796e-04,4.796e-04,)][eta: 0:50:38, time (data): 0.364 (0.018)]l_bij: 1.9737e+02 l_orth: 1.8982e+02 l_align: 1.7165e+02 l_qreg: 1.5974e+00 l_total: 5.6044e+02 
2026-06-30 11:07:14,347 INFO: [smal_..][epoch: 12, iter:   9,940, lr:(4.796e-04,4.796e-04,)][eta: 0:50:28, time (data): 0.364 (0.018)]l_bij: 2.0754e+02 l_orth: 2.0128e+02 l_align: 1.6367e+02 l_qreg: 1.6316e+00 l_total: 5.7412e+02 
2026-06-30 11:07:21,625 INFO: [smal_..][epoch: 12, iter:   9,960, lr:(4.796e-04,4.796e-04,)][eta: 0:50:18, time (data): 0.364 (0.018)]l_bij: 1.9578e+02 l_orth: 1.8991e+02 l_align: 1.7571e+02 l_qreg: 1.7802e+00 l_total: 5.6319e+02 
2026-06-30 11:07:27,648 INFO: [smal_..][epoch: 12, iter:   9,980, lr:(4.796e-04,4.796e-04,)][eta: 0:50:07, time (data): 0.355 (0.017)]l_bij: 1.9744e+02 l_orth: 1.9116e+02 l_align: 1.7299e+02 l_qreg: 1.6027e+00 l_total: 5.6319e+02 
2026-06-30 11:07:33,863 INFO: [smal_..][epoch: 12, iter:  10,000, lr:(4.796e-04,4.796e-04,)][eta: 0:49:57, time (data): 0.349 (0.017)]l_bij: 2.0035e+02 l_orth: 1.9531e+02 l_align: 1.7209e+02 l_qreg: 1.7160e+00 l_total: 5.6947e+02 
2026-06-30 11:07:33,865 INFO: Saving models and training states.
2026-06-30 11:07:33,892 INFO: Start validation.
2026-06-30 11:07:34,778 INFO: avg err:0.0000 | err:0.0000 | cougar_01 cougar_01
2026-06-30 11:07:35,080 INFO: avg err:0.0805 | err:0.1609 | cougar_01 cougar_02
2026-06-30 11:07:35,327 INFO: avg err:0.3174 | err:0.7912 | cougar_01 cougar_03
2026-06-30 11:07:35,593 INFO: avg err:0.4468 | err:0.8350 | cougar_01 cougar_04
2026-06-30 11:07:35,836 INFO: avg err:0.5135 | err:0.7805 | cougar_01 hippo_01
2026-06-30 11:07:36,067 INFO: avg err:0.5578 | err:0.7791 | cougar_01 hippo_02
2026-06-30 11:07:36,330 INFO: avg err:0.5106 | err:0.2272 | cougar_01 hippo_03
2026-06-30 11:07:36,585 INFO: avg err:0.5373 | err:0.7246 | cougar_01 hippo_04
2026-06-30 11:07:36,883 INFO: avg err:0.5606 | err:0.7471 | cougar_01 hippo_05
2026-06-30 11:07:37,162 INFO: avg err:0.5794 | err:0.7480 | cougar_01 hippo_06
2026-06-30 11:07:37,442 INFO: avg err:0.5975 | err:0.7787 | cougar_01 horse_01
2026-06-30 11:07:37,700 INFO: avg err:0.5563 | err:0.1037 | cougar_01 horse_02
2026-06-30 11:07:37,954 INFO: avg err:0.5642 | err:0.6589 | cougar_01 horse_03
2026-06-30 11:07:38,220 INFO: avg err:0.5765 | err:0.7356 | cougar_01 horse_04
2026-06-30 11:07:38,482 INFO: avg err:0.5864 | err:0.7260 | cougar_01 horse_05
2026-06-30 11:07:38,720 INFO: avg err:0.5933 | err:0.6962 | cougar_01 horse_06
2026-06-30 11:07:39,002 INFO: avg err:0.6000 | err:0.7071 | cougar_01 horse_07
2026-06-30 11:07:39,237 INFO: avg err:0.6084 | err:0.7514 | cougar_01 horse_08
2026-06-30 11:07:39,477 INFO: avg err:0.5896 | err:0.2508 | cougar_01 horse_09
2026-06-30 11:07:39,732 INFO: avg err:0.5752 | err:0.3026 | cougar_01 horse_10
2026-06-30 11:07:40,022 INFO: avg err:0.5593 | err:0.2402 | cougar_02 cougar_01
2026-06-30 11:07:40,255 INFO: avg err:0.5339 | err:0.0000 | cougar_02 cougar_02
2026-06-30 11:07:40,520 INFO: avg err:0.5473 | err:0.8438 | cougar_02 cougar_03
2026-06-30 11:07:40,780 INFO: avg err:0.5612 | err:0.8791 | cougar_02 cougar_04
2026-06-30 11:07:41,075 INFO: avg err:0.5693 | err:0.7648 | cougar_02 hippo_01
2026-06-30 11:07:41,339 INFO: avg err:0.5783 | err:0.8040 | cougar_02 hippo_02
2026-06-30 11:07:41,590 INFO: avg err:0.5673 | err:0.2800 | cougar_02 hippo_03
2026-06-30 11:07:41,859 INFO: avg err:0.5751 | err:0.7874 | cougar_02 hippo_04
2026-06-30 11:07:42,138 INFO: avg err:0.5850 | err:0.8613 | cougar_02 hippo_05
2026-06-30 11:07:42,370 INFO: avg err:0.5926 | err:0.8120 | cougar_02 hippo_06
2026-06-30 11:07:42,705 INFO: avg err:0.6036 | err:0.9342 | cougar_02 horse_01
2026-06-30 11:07:42,970 INFO: avg err:0.5976 | err:0.4104 | cougar_02 horse_02
2026-06-30 11:07:43,236 INFO: avg err:0.6052 | err:0.8484 | cougar_02 horse_03
2026-06-30 11:07:43,462 INFO: avg err:0.6105 | err:0.7855 | cougar_02 horse_04
2026-06-30 11:07:43,803 INFO: avg err:0.6163 | err:0.8156 | cougar_02 horse_05
2026-06-30 11:07:44,033 INFO: avg err:0.6220 | err:0.8204 | cougar_02 horse_06
2026-06-30 11:07:44,295 INFO: avg err:0.6254 | err:0.7485 | cougar_02 horse_07
2026-06-30 11:07:44,545 INFO: avg err:0.6317 | err:0.8631 | cougar_02 horse_08
2026-06-30 11:07:44,834 INFO: avg err:0.6239 | err:0.3281 | cougar_02 horse_09
2026-06-30 11:07:45,101 INFO: avg err:0.6178 | err:0.3801 | cougar_02 horse_10
2026-06-30 11:07:45,378 INFO: avg err:0.6226 | err:0.8154 | cougar_03 cougar_01
2026-06-30 11:07:45,625 INFO: avg err:0.6263 | err:0.7797 | cougar_03 cougar_02
2026-06-30 11:07:45,894 INFO: avg err:0.6118 | err:0.0000 | cougar_03 cougar_03
2026-06-30 11:07:46,150 INFO: avg err:0.6044 | err:0.2869 | cougar_03 cougar_04
2026-06-30 11:07:46,427 INFO: avg err:0.5974 | err:0.2908 | cougar_03 hippo_01
2026-06-30 11:07:46,671 INFO: avg err:0.5928 | err:0.3836 | cougar_03 hippo_02
2026-06-30 11:07:46,943 INFO: avg err:0.5950 | err:0.6984 | cougar_03 hippo_03
2026-06-30 11:07:47,204 INFO: avg err:0.5873 | err:0.2230 | cougar_03 hippo_04
2026-06-30 11:07:47,472 INFO: avg err:0.5830 | err:0.3761 | cougar_03 hippo_05
2026-06-30 11:07:47,693 INFO: avg err:0.5786 | err:0.3653 | cougar_03 hippo_06
2026-06-30 11:07:48,029 INFO: avg err:0.5744 | err:0.3653 | cougar_03 horse_01
2026-06-30 11:07:48,286 INFO: avg err:0.5774 | err:0.7277 | cougar_03 horse_02
2026-06-30 11:07:48,567 INFO: avg err:0.5727 | err:0.3314 | cougar_03 horse_03
2026-06-30 11:07:48,833 INFO: avg err:0.5671 | err:0.2694 | cougar_03 horse_04
2026-06-30 11:07:49,114 INFO: avg err:0.5648 | err:0.4415 | cougar_03 horse_05
2026-06-30 11:07:49,352 INFO: avg err:0.5610 | err:0.3492 | cougar_03 horse_06
2026-06-30 11:07:49,639 INFO: avg err:0.5542 | err:0.1720 | cougar_03 horse_07
2026-06-30 11:07:49,870 INFO: avg err:0.5497 | err:0.2955 | cougar_03 horse_08
2026-06-30 11:07:50,140 INFO: avg err:0.5522 | err:0.6990 | cougar_03 horse_09
2026-06-30 11:07:50,340 INFO: avg err:0.5566 | err:0.8164 | cougar_03 horse_10
2026-06-30 11:07:50,673 INFO: avg err:0.5600 | err:0.7609 | cougar_04 cougar_01
2026-06-30 11:07:50,968 INFO: avg err:0.5644 | err:0.8369 | cougar_04 cougar_02
2026-06-30 11:07:51,283 INFO: avg err:0.5591 | err:0.2299 | cougar_04 cougar_03
2026-06-30 11:07:51,523 INFO: avg err:0.5504 | err:0.0000 | cougar_04 cougar_04
2026-06-30 11:07:51,786 INFO: avg err:0.5448 | err:0.1846 | cougar_04 hippo_01
2026-06-30 11:07:51,997 INFO: avg err:0.5410 | err:0.2934 | cougar_04 hippo_02
2026-06-30 11:07:52,493 INFO: avg err:0.5426 | err:0.6503 | cougar_04 hippo_03
2026-06-30 11:07:52,715 INFO: avg err:0.5390 | err:0.2973 | cougar_04 hippo_04
2026-06-30 11:07:52,950 INFO: avg err:0.5362 | err:0.3471 | cougar_04 hippo_05
2026-06-30 11:07:53,189 INFO: avg err:0.5313 | err:0.1932 | cougar_04 hippo_06
2026-06-30 11:07:53,639 INFO: avg err:0.5278 | err:0.2836 | cougar_04 horse_01
2026-06-30 11:07:53,857 INFO: avg err:0.5317 | err:0.8072 | cougar_04 horse_02
2026-06-30 11:07:54,227 INFO: avg err:0.5287 | err:0.3103 | cougar_04 horse_03
2026-06-30 11:07:54,441 INFO: avg err:0.5251 | err:0.2685 | cougar_04 horse_04
2026-06-30 11:07:54,906 INFO: avg err:0.5240 | err:0.4368 | cougar_04 horse_05
2026-06-30 11:07:55,164 INFO: avg err:0.5210 | err:0.3010 | cougar_04 horse_06
2026-06-30 11:07:55,520 INFO: avg err:0.5164 | err:0.1619 | cougar_04 horse_07
2026-06-30 11:07:55,747 INFO: avg err:0.5137 | err:0.3047 | cougar_04 horse_08
2026-06-30 11:07:56,038 INFO: avg err:0.5163 | err:0.7187 | cougar_04 horse_09
2026-06-30 11:07:56,271 INFO: avg err:0.5191 | err:0.7463 | cougar_04 horse_10
2026-06-30 11:07:56,559 INFO: avg err:0.5209 | err:0.6656 | hippo_01 cougar_01
2026-06-30 11:07:56,785 INFO: avg err:0.5231 | err:0.7018 | hippo_01 cougar_02
2026-06-30 11:07:57,182 INFO: avg err:0.5202 | err:0.2811 | hippo_01 cougar_03
2026-06-30 11:07:57,401 INFO: avg err:0.5163 | err:0.1882 | hippo_01 cougar_04
2026-06-30 11:07:57,925 INFO: avg err:0.5102 | err:0.0000 | hippo_01 hippo_01
2026-06-30 11:07:58,148 INFO: avg err:0.5065 | err:0.1898 | hippo_01 hippo_02
2026-06-30 11:07:58,500 INFO: avg err:0.5073 | err:0.5765 | hippo_01 hippo_03
2026-06-30 11:07:58,795 INFO: avg err:0.5031 | err:0.1386 | hippo_01 hippo_04
2026-06-30 11:07:59,050 INFO: avg err:0.4999 | err:0.2193 | hippo_01 hippo_05
2026-06-30 11:07:59,283 INFO: avg err:0.4959 | err:0.1440 | hippo_01 hippo_06
2026-06-30 11:07:59,510 INFO: avg err:0.4929 | err:0.2171 | hippo_01 horse_01
2026-06-30 11:07:59,763 INFO: avg err:0.4941 | err:0.6034 | hippo_01 horse_02
2026-06-30 11:08:00,011 INFO: avg err:0.4907 | err:0.1810 | hippo_01 horse_03
2026-06-30 11:08:00,232 INFO: avg err:0.4878 | err:0.2151 | hippo_01 horse_04
2026-06-30 11:08:00,518 INFO: avg err:0.4845 | err:0.1716 | hippo_01 horse_05
2026-06-30 11:08:00,736 INFO: avg err:0.4813 | err:0.1824 | hippo_01 horse_06
2026-06-30 11:08:01,045 INFO: avg err:0.4786 | err:0.2163 | hippo_01 horse_07
2026-06-30 11:08:01,284 INFO: avg err:0.4771 | err:0.3340 | hippo_01 horse_08
2026-06-30 11:08:01,659 INFO: avg err:0.4774 | err:0.5093 | hippo_01 horse_09
2026-06-30 11:08:01,962 INFO: avg err:0.4790 | err:0.6391 | hippo_01 horse_10
2026-06-30 11:08:02,227 INFO: avg err:0.4807 | err:0.6501 | hippo_02 cougar_01
2026-06-30 11:08:02,514 INFO: avg err:0.4828 | err:0.6917 | hippo_02 cougar_02
2026-06-30 11:08:02,729 INFO: avg err:0.4810 | err:0.3000 | hippo_02 cougar_03
2026-06-30 11:08:03,017 INFO: avg err:0.4779 | err:0.1549 | hippo_02 cougar_04
2026-06-30 11:08:03,247 INFO: avg err:0.4749 | err:0.1584 | hippo_02 hippo_01
2026-06-30 11:08:03,717 INFO: avg err:0.4704 | err:0.0000 | hippo_02 hippo_02
2026-06-30 11:08:03,939 INFO: avg err:0.4712 | err:0.5609 | hippo_02 hippo_03
2026-06-30 11:08:04,179 INFO: avg err:0.4695 | err:0.2882 | hippo_02 hippo_04
2026-06-30 11:08:04,451 INFO: avg err:0.4677 | err:0.2761 | hippo_02 hippo_05
2026-06-30 11:08:04,719 INFO: avg err:0.4648 | err:0.1427 | hippo_02 hippo_06
2026-06-30 11:08:05,050 INFO: avg err:0.4627 | err:0.2288 | hippo_02 horse_01
2026-06-30 11:08:05,364 INFO: avg err:0.4640 | err:0.6144 | hippo_02 horse_02
2026-06-30 11:08:05,667 INFO: avg err:0.4622 | err:0.2536 | hippo_02 horse_03
2026-06-30 11:08:05,886 INFO: avg err:0.4601 | err:0.2225 | hippo_02 horse_04
2026-06-30 11:08:06,122 INFO: avg err:0.4572 | err:0.1281 | hippo_02 horse_05
2026-06-30 11:08:06,424 INFO: avg err:0.4553 | err:0.2442 | hippo_02 horse_06
2026-06-30 11:08:06,774 INFO: avg err:0.4536 | err:0.2483 | hippo_02 horse_07
2026-06-30 11:08:06,993 INFO: avg err:0.4517 | err:0.2369 | hippo_02 horse_08
2026-06-30 11:08:07,483 INFO: avg err:0.4521 | err:0.4983 | hippo_02 horse_09
2026-06-30 11:08:07,824 INFO: avg err:0.4530 | err:0.5624 | hippo_02 horse_10
2026-06-30 11:08:08,227 INFO: avg err:0.4508 | err:0.1860 | hippo_03 cougar_01
2026-06-30 11:08:08,556 INFO: avg err:0.4489 | err:0.2192 | hippo_03 cougar_02
2026-06-30 11:08:08,877 INFO: avg err:0.4507 | err:0.6709 | hippo_03 cougar_03
2026-06-30 11:08:09,129 INFO: avg err:0.4517 | err:0.5751 | hippo_03 cougar_04
2026-06-30 11:08:09,366 INFO: avg err:0.4527 | err:0.5763 | hippo_03 hippo_01
2026-06-30 11:08:09,677 INFO: avg err:0.4542 | err:0.6345 | hippo_03 hippo_02
2026-06-30 11:08:09,967 INFO: avg err:0.4506 | err:0.0000 | hippo_03 hippo_03
2026-06-30 11:08:10,214 INFO: avg err:0.4516 | err:0.5764 | hippo_03 hippo_04
2026-06-30 11:08:10,447 INFO: avg err:0.4531 | err:0.6494 | hippo_03 hippo_05
2026-06-30 11:08:10,696 INFO: avg err:0.4529 | err:0.4213 | hippo_03 hippo_06
2026-06-30 11:08:10,969 INFO: avg err:0.4545 | err:0.6602 | hippo_03 horse_01
2026-06-30 11:08:11,240 INFO: avg err:0.4533 | err:0.2958 | hippo_03 horse_02
2026-06-30 11:08:11,572 INFO: avg err:0.4542 | err:0.5748 | hippo_03 horse_03
2026-06-30 11:08:11,806 INFO: avg err:0.4552 | err:0.5939 | hippo_03 horse_04
2026-06-30 11:08:12,258 INFO: avg err:0.4551 | err:0.4460 | hippo_03 horse_05
2026-06-30 11:08:12,507 INFO: avg err:0.4563 | err:0.6165 | hippo_03 horse_06
2026-06-30 11:08:12,814 INFO: avg err:0.4568 | err:0.5141 | hippo_03 horse_07
2026-06-30 11:08:13,051 INFO: avg err:0.4577 | err:0.5853 | hippo_03 horse_08
2026-06-30 11:08:13,313 INFO: avg err:0.4572 | err:0.3969 | hippo_03 horse_09
2026-06-30 11:08:13,616 INFO: avg err:0.4575 | err:0.4881 | hippo_03 horse_10
2026-06-30 11:08:13,856 INFO: avg err:0.4591 | err:0.6942 | hippo_04 cougar_01
2026-06-30 11:08:14,167 INFO: avg err:0.4607 | err:0.6867 | hippo_04 cougar_02
2026-06-30 11:08:14,492 INFO: avg err:0.4593 | err:0.2484 | hippo_04 cougar_03
2026-06-30 11:08:14,779 INFO: avg err:0.4581 | err:0.2849 | hippo_04 cougar_04
2026-06-30 11:08:15,026 INFO: avg err:0.4556 | err:0.1008 | hippo_04 hippo_01
2026-06-30 11:08:15,249 INFO: avg err:0.4539 | err:0.2047 | hippo_04 hippo_02
2026-06-30 11:08:15,497 INFO: avg err:0.4549 | err:0.6021 | hippo_04 hippo_03
2026-06-30 11:08:15,750 INFO: avg err:0.4518 | err:0.0000 | hippo_04 hippo_04
2026-06-30 11:08:16,173 INFO: avg err:0.4503 | err:0.2202 | hippo_04 hippo_05
2026-06-30 11:08:16,480 INFO: avg err:0.4491 | err:0.2792 | hippo_04 hippo_06
2026-06-30 11:08:16,865 INFO: avg err:0.4477 | err:0.2409 | hippo_04 horse_01
2026-06-30 11:08:17,079 INFO: avg err:0.4494 | err:0.7038 | hippo_04 horse_02
2026-06-30 11:08:17,547 INFO: avg err:0.4478 | err:0.2039 | hippo_04 horse_03
2026-06-30 11:08:17,802 INFO: avg err:0.4456 | err:0.1071 | hippo_04 horse_04
2026-06-30 11:08:18,120 INFO: avg err:0.4443 | err:0.2464 | hippo_04 horse_05
2026-06-30 11:08:18,356 INFO: avg err:0.4426 | err:0.1841 | hippo_04 horse_06
2026-06-30 11:08:18,610 INFO: avg err:0.4412 | err:0.2097 | hippo_04 horse_07
2026-06-30 11:08:18,827 INFO: avg err:0.4402 | err:0.2922 | hippo_04 horse_08
2026-06-30 11:08:19,183 INFO: avg err:0.4401 | err:0.4233 | hippo_04 horse_09
2026-06-30 11:08:19,482 INFO: avg err:0.4410 | err:0.5787 | hippo_04 horse_10
2026-06-30 11:08:19,852 INFO: avg err:0.4422 | err:0.6312 | hippo_05 cougar_01
2026-06-30 11:08:20,080 INFO: avg err:0.4432 | err:0.6031 | hippo_05 cougar_02
2026-06-30 11:08:20,433 INFO: avg err:0.4424 | err:0.3210 | hippo_05 cougar_03
2026-06-30 11:08:20,652 INFO: avg err:0.4413 | err:0.2612 | hippo_05 cougar_04
2026-06-30 11:08:20,979 INFO: avg err:0.4402 | err:0.2550 | hippo_05 hippo_01
2026-06-30 11:08:21,241 INFO: avg err:0.4388 | err:0.2140 | hippo_05 hippo_02
2026-06-30 11:08:21,614 INFO: avg err:0.4398 | err:0.6005 | hippo_05 hippo_03
2026-06-30 11:08:21,845 INFO: avg err:0.4386 | err:0.2360 | hippo_05 hippo_04
2026-06-30 11:08:22,220 INFO: avg err:0.4360 | err:0.0000 | hippo_05 hippo_05
2026-06-30 11:08:22,426 INFO: avg err:0.4356 | err:0.3757 | hippo_05 hippo_06
2026-06-30 11:08:22,665 INFO: avg err:0.4337 | err:0.1039 | hippo_05 horse_01
2026-06-30 11:08:22,881 INFO: avg err:0.4343 | err:0.5345 | hippo_05 horse_02
2026-06-30 11:08:23,207 INFO: avg err:0.4327 | err:0.1617 | hippo_05 horse_03
2026-06-30 11:08:23,419 INFO: avg err:0.4313 | err:0.1935 | hippo_05 horse_04
2026-06-30 11:08:23,737 INFO: avg err:0.4306 | err:0.3084 | hippo_05 horse_05
2026-06-30 11:08:23,978 INFO: avg err:0.4292 | err:0.1871 | hippo_05 horse_06
2026-06-30 11:08:24,346 INFO: avg err:0.4281 | err:0.2267 | hippo_05 horse_07
2026-06-30 11:08:24,652 INFO: avg err:0.4269 | err:0.2126 | hippo_05 horse_08
2026-06-30 11:08:24,906 INFO: avg err:0.4269 | err:0.4371 | hippo_05 horse_09
2026-06-30 11:08:25,126 INFO: avg err:0.4273 | err:0.4955 | hippo_05 horse_10
2026-06-30 11:08:25,603 INFO: avg err:0.4283 | err:0.6005 | hippo_06 cougar_01
2026-06-30 11:08:25,915 INFO: avg err:0.4296 | err:0.6694 | hippo_06 cougar_02
2026-06-30 11:08:26,166 INFO: avg err:0.4290 | err:0.3249 | hippo_06 cougar_03
2026-06-30 11:08:26,404 INFO: avg err:0.4280 | err:0.2491 | hippo_06 cougar_04
2026-06-30 11:08:26,682 INFO: avg err:0.4264 | err:0.1166 | hippo_06 hippo_01
2026-06-30 11:08:26,908 INFO: avg err:0.4249 | err:0.1644 | hippo_06 hippo_02
2026-06-30 11:08:27,156 INFO: avg err:0.4247 | err:0.3771 | hippo_06 hippo_03
2026-06-30 11:08:27,378 INFO: avg err:0.4239 | err:0.2696 | hippo_06 hippo_04
2026-06-30 11:08:27,730 INFO: avg err:0.4235 | err:0.3541 | hippo_06 hippo_05
2026-06-30 11:08:27,971 INFO: avg err:0.4213 | err:0.0000 | hippo_06 hippo_06
2026-06-30 11:08:28,264 INFO: avg err:0.4204 | err:0.2495 | hippo_06 horse_01
2026-06-30 11:08:28,514 INFO: avg err:0.4215 | err:0.6407 | hippo_06 horse_02
2026-06-30 11:08:28,926 INFO: avg err:0.4209 | err:0.2947 | hippo_06 horse_03
2026-06-30 11:08:29,158 INFO: avg err:0.4202 | err:0.2977 | hippo_06 horse_04
2026-06-30 11:08:29,371 INFO: avg err:0.4189 | err:0.1546 | hippo_06 horse_05
2026-06-30 11:08:29,704 INFO: avg err:0.4182 | err:0.2911 | hippo_06 horse_06
2026-06-30 11:08:30,011 INFO: avg err:0.4174 | err:0.2658 | hippo_06 horse_07
2026-06-30 11:08:30,233 INFO: avg err:0.4166 | err:0.2492 | hippo_06 horse_08
2026-06-30 11:08:30,650 INFO: avg err:0.4172 | err:0.5308 | hippo_06 horse_09
2026-06-30 11:08:30,969 INFO: avg err:0.4183 | err:0.6460 | hippo_06 horse_10
2026-06-30 11:08:31,200 INFO: avg err:0.4199 | err:0.7437 | horse_01 cougar_01
2026-06-30 11:08:31,422 INFO: avg err:0.4214 | err:0.7268 | horse_01 cougar_02
2026-06-30 11:08:31,689 INFO: avg err:0.4213 | err:0.3824 | horse_01 cougar_03
2026-06-30 11:08:31,947 INFO: avg err:0.4209 | err:0.3558 | horse_01 cougar_04
2026-06-30 11:08:32,408 INFO: avg err:0.4205 | err:0.3228 | horse_01 hippo_01
2026-06-30 11:08:32,665 INFO: avg err:0.4200 | err:0.3284 | horse_01 hippo_02
2026-06-30 11:08:32,903 INFO: avg err:0.4215 | err:0.7291 | horse_01 hippo_03
2026-06-30 11:08:33,174 INFO: avg err:0.4211 | err:0.3303 | horse_01 hippo_04
2026-06-30 11:08:33,466 INFO: avg err:0.4197 | err:0.1421 | horse_01 hippo_05
2026-06-30 11:08:33,727 INFO: avg err:0.4199 | err:0.4661 | horse_01 hippo_06
2026-06-30 11:08:34,071 INFO: avg err:0.4180 | err:0.0000 | horse_01 horse_01
2026-06-30 11:08:34,368 INFO: avg err:0.4188 | err:0.6061 | horse_01 horse_02
2026-06-30 11:08:34,606 INFO: avg err:0.4184 | err:0.3171 | horse_01 horse_03
2026-06-30 11:08:34,839 INFO: avg err:0.4172 | err:0.1727 | horse_01 horse_04
2026-06-30 11:08:35,153 INFO: avg err:0.4172 | err:0.4143 | horse_01 horse_05
2026-06-30 11:08:35,461 INFO: avg err:0.4169 | err:0.3489 | horse_01 horse_06
2026-06-30 11:08:35,711 INFO: avg err:0.4166 | err:0.3604 | horse_01 horse_07
2026-06-30 11:08:35,942 INFO: avg err:0.4160 | err:0.2709 | horse_01 horse_08
2026-06-30 11:08:36,253 INFO: avg err:0.4172 | err:0.6859 | horse_01 horse_09
2026-06-30 11:08:36,511 INFO: avg err:0.4183 | err:0.6673 | horse_01 horse_10
2026-06-30 11:08:36,927 INFO: avg err:0.4171 | err:0.1578 | horse_02 cougar_01
2026-06-30 11:08:37,213 INFO: avg err:0.4167 | err:0.3250 | horse_02 cougar_02
2026-06-30 11:08:37,549 INFO: avg err:0.4183 | err:0.7751 | horse_02 cougar_03
2026-06-30 11:08:37,778 INFO: avg err:0.4200 | err:0.7913 | horse_02 cougar_04
2026-06-30 11:08:38,033 INFO: avg err:0.4214 | err:0.7266 | horse_02 hippo_01
2026-06-30 11:08:38,309 INFO: avg err:0.4227 | err:0.7304 | horse_02 hippo_02
2026-06-30 11:08:38,636 INFO: avg err:0.4224 | err:0.3430 | horse_02 hippo_03
2026-06-30 11:08:38,880 INFO: avg err:0.4237 | err:0.7179 | horse_02 hippo_04
2026-06-30 11:08:39,220 INFO: avg err:0.4249 | err:0.6995 | horse_02 hippo_05
2026-06-30 11:08:39,487 INFO: avg err:0.4260 | err:0.6905 | horse_02 hippo_06
2026-06-30 11:08:39,970 INFO: avg err:0.4271 | err:0.6634 | horse_02 horse_01
2026-06-30 11:08:40,294 INFO: avg err:0.4252 | err:0.0000 | horse_02 horse_02
2026-06-30 11:08:40,544 INFO: avg err:0.4266 | err:0.7407 | horse_02 horse_03
2026-06-30 11:08:40,843 INFO: avg err:0.4279 | err:0.7417 | horse_02 horse_04
2026-06-30 11:08:41,170 INFO: avg err:0.4290 | err:0.6854 | horse_02 horse_05
2026-06-30 11:08:41,442 INFO: avg err:0.4304 | err:0.7518 | horse_02 horse_06
2026-06-30 11:08:41,800 INFO: avg err:0.4317 | err:0.7293 | horse_02 horse_07
2026-06-30 11:08:42,057 INFO: avg err:0.4319 | err:0.4931 | horse_02 horse_08
2026-06-30 11:08:42,273 INFO: avg err:0.4313 | err:0.2795 | horse_02 horse_09
2026-06-30 11:08:42,539 INFO: avg err:0.4307 | err:0.2953 | horse_02 horse_10
2026-06-30 11:08:42,821 INFO: avg err:0.4322 | err:0.8022 | horse_03 cougar_01
2026-06-30 11:08:43,048 INFO: avg err:0.4336 | err:0.7683 | horse_03 cougar_02
2026-06-30 11:08:43,376 INFO: avg err:0.4331 | err:0.2992 | horse_03 cougar_03
2026-06-30 11:08:43,626 INFO: avg err:0.4328 | err:0.3579 | horse_03 cougar_04
2026-06-30 11:08:43,896 INFO: avg err:0.4322 | err:0.2815 | horse_03 hippo_01
2026-06-30 11:08:44,103 INFO: avg err:0.4316 | err:0.2909 | horse_03 hippo_02
2026-06-30 11:08:44,480 INFO: avg err:0.4328 | err:0.7247 | horse_03 hippo_03
2026-06-30 11:08:44,727 INFO: avg err:0.4322 | err:0.2818 | horse_03 hippo_04
2026-06-30 11:08:45,174 INFO: avg err:0.4312 | err:0.2039 | horse_03 hippo_05
2026-06-30 11:08:45,468 INFO: avg err:0.4314 | err:0.4761 | horse_03 hippo_06
2026-06-30 11:08:45,900 INFO: avg err:0.4309 | err:0.2911 | horse_03 horse_01
2026-06-30 11:08:46,131 INFO: avg err:0.4319 | err:0.6824 | horse_03 horse_02
2026-06-30 11:08:46,469 INFO: avg err:0.4302 | err:0.0000 | horse_03 horse_03
2026-06-30 11:08:46,719 INFO: avg err:0.4290 | err:0.1317 | horse_03 horse_04
2026-06-30 11:08:47,114 INFO: avg err:0.4289 | err:0.4005 | horse_03 horse_05
2026-06-30 11:08:47,370 INFO: avg err:0.4274 | err:0.0611 | horse_03 horse_06
2026-06-30 11:08:47,701 INFO: avg err:0.4266 | err:0.2227 | horse_03 horse_07
2026-06-30 11:08:47,939 INFO: avg err:0.4262 | err:0.3252 | horse_03 horse_08
2026-06-30 11:08:48,402 INFO: avg err:0.4266 | err:0.5149 | horse_03 horse_09
2026-06-30 11:08:48,718 INFO: avg err:0.4267 | err:0.4507 | horse_03 horse_10
2026-06-30 11:08:49,062 INFO: avg err:0.4283 | err:0.8427 | horse_04 cougar_01
2026-06-30 11:08:49,340 INFO: avg err:0.4295 | err:0.7575 | horse_04 cougar_02
2026-06-30 11:08:49,601 INFO: avg err:0.4289 | err:0.2651 | horse_04 cougar_03
2026-06-30 11:08:49,834 INFO: avg err:0.4287 | err:0.3848 | horse_04 cougar_04
2026-06-30 11:08:50,071 INFO: avg err:0.4281 | err:0.2525 | horse_04 hippo_01
2026-06-30 11:08:50,329 INFO: avg err:0.4278 | err:0.3461 | horse_04 hippo_02
2026-06-30 11:08:50,658 INFO: avg err:0.4288 | err:0.7131 | horse_04 hippo_03
2026-06-30 11:08:50,912 INFO: avg err:0.4280 | err:0.2052 | horse_04 hippo_04
2026-06-30 11:08:51,267 INFO: avg err:0.4277 | err:0.3464 | horse_04 hippo_05
2026-06-30 11:08:51,491 INFO: avg err:0.4275 | err:0.3808 | horse_04 hippo_06
2026-06-30 11:08:52,035 INFO: avg err:0.4266 | err:0.1893 | horse_04 horse_01
2026-06-30 11:08:52,361 INFO: avg err:0.4274 | err:0.6353 | horse_04 horse_02
2026-06-30 11:08:52,775 INFO: avg err:0.4266 | err:0.1940 | horse_04 horse_03
2026-06-30 11:08:53,089 INFO: avg err:0.4250 | err:0.0000 | horse_04 horse_04
2026-06-30 11:08:53,479 INFO: avg err:0.4249 | err:0.3990 | horse_04 horse_05
2026-06-30 11:08:53,725 INFO: avg err:0.4239 | err:0.1445 | horse_04 horse_06
2026-06-30 11:08:54,111 INFO: avg err:0.4233 | err:0.2691 | horse_04 horse_07
2026-06-30 11:08:54,391 INFO: avg err:0.4230 | err:0.3334 | horse_04 horse_08
2026-06-30 11:08:54,763 INFO: avg err:0.4234 | err:0.5387 | horse_04 horse_09
2026-06-30 11:08:54,977 INFO: avg err:0.4238 | err:0.5357 | horse_04 horse_10
2026-06-30 11:08:55,383 INFO: avg err:0.4254 | err:0.8771 | horse_05 cougar_01
2026-06-30 11:08:55,613 INFO: avg err:0.4271 | err:0.9098 | horse_05 cougar_02
2026-06-30 11:08:56,116 INFO: avg err:0.4274 | err:0.5059 | horse_05 cougar_03
2026-06-30 11:08:56,345 INFO: avg err:0.4274 | err:0.4263 | horse_05 cougar_04
2026-06-30 11:08:56,746 INFO: avg err:0.4271 | err:0.3277 | horse_05 hippo_01
2026-06-30 11:08:56,976 INFO: avg err:0.4261 | err:0.1611 | horse_05 hippo_02
2026-06-30 11:08:57,318 INFO: avg err:0.4272 | err:0.7279 | horse_05 hippo_03
2026-06-30 11:08:57,563 INFO: avg err:0.4273 | err:0.4696 | horse_05 hippo_04
2026-06-30 11:08:57,815 INFO: avg err:0.4277 | err:0.5279 | horse_05 hippo_05
2026-06-30 11:08:58,091 INFO: avg err:0.4271 | err:0.2448 | horse_05 hippo_06
2026-06-30 11:08:58,488 INFO: avg err:0.4265 | err:0.2702 | horse_05 horse_01
2026-06-30 11:08:58,791 INFO: avg err:0.4278 | err:0.8067 | horse_05 horse_02
2026-06-30 11:08:59,047 INFO: avg err:0.4276 | err:0.3716 | horse_05 horse_03
2026-06-30 11:08:59,281 INFO: avg err:0.4272 | err:0.3139 | horse_05 horse_04
2026-06-30 11:08:59,644 INFO: avg err:0.4258 | err:0.0000 | horse_05 horse_05
2026-06-30 11:08:59,953 INFO: avg err:0.4258 | err:0.4390 | horse_05 horse_06
2026-06-30 11:09:00,210 INFO: avg err:0.4260 | err:0.4688 | horse_05 horse_07
2026-06-30 11:09:00,479 INFO: avg err:0.4259 | err:0.3864 | horse_05 horse_08
2026-06-30 11:09:00,739 INFO: avg err:0.4271 | err:0.7867 | horse_05 horse_09
2026-06-30 11:09:00,983 INFO: avg err:0.4286 | err:0.8985 | horse_05 horse_10
2026-06-30 11:09:01,232 INFO: avg err:0.4297 | err:0.7400 | horse_06 cougar_01
2026-06-30 11:09:01,496 INFO: avg err:0.4308 | err:0.7814 | horse_06 cougar_02
2026-06-30 11:09:01,791 INFO: avg err:0.4303 | err:0.2801 | horse_06 cougar_03
2026-06-30 11:09:02,017 INFO: avg err:0.4300 | err:0.3290 | horse_06 cougar_04
2026-06-30 11:09:02,325 INFO: avg err:0.4297 | err:0.3358 | horse_06 hippo_01
2026-06-30 11:09:02,561 INFO: avg err:0.4294 | err:0.3326 | horse_06 hippo_02
2026-06-30 11:09:02,877 INFO: avg err:0.4300 | err:0.6321 | horse_06 hippo_03
2026-06-30 11:09:03,152 INFO: avg err:0.4296 | err:0.3033 | horse_06 hippo_04
2026-06-30 11:09:03,540 INFO: avg err:0.4289 | err:0.2060 | horse_06 hippo_05
2026-06-30 11:09:03,810 INFO: avg err:0.4289 | err:0.4148 | horse_06 hippo_06
2026-06-30 11:09:04,064 INFO: avg err:0.4284 | err:0.2773 | horse_06 horse_01
2026-06-30 11:09:04,345 INFO: avg err:0.4291 | err:0.6700 | horse_06 horse_02
2026-06-30 11:09:04,687 INFO: avg err:0.4281 | err:0.1033 | horse_06 horse_03
2026-06-30 11:09:04,950 INFO: avg err:0.4273 | err:0.1817 | horse_06 horse_04
2026-06-30 11:09:05,228 INFO: avg err:0.4273 | err:0.4301 | horse_06 horse_05
2026-06-30 11:09:05,533 INFO: avg err:0.4260 | err:0.0001 | horse_06 horse_06
2026-06-30 11:09:05,849 INFO: avg err:0.4250 | err:0.1264 | horse_06 horse_07
2026-06-30 11:09:06,114 INFO: avg err:0.4246 | err:0.2910 | horse_06 horse_08
2026-06-30 11:09:06,358 INFO: avg err:0.4249 | err:0.5132 | horse_06 horse_09
2026-06-30 11:09:06,776 INFO: avg err:0.4255 | err:0.6162 | horse_06 horse_10
2026-06-30 11:09:07,117 INFO: avg err:0.4266 | err:0.7700 | horse_07 cougar_01
2026-06-30 11:09:07,465 INFO: avg err:0.4276 | err:0.7507 | horse_07 cougar_02
2026-06-30 11:09:07,788 INFO: avg err:0.4269 | err:0.2094 | horse_07 cougar_03
2026-06-30 11:09:08,085 INFO: avg err:0.4263 | err:0.2270 | horse_07 cougar_04
2026-06-30 11:09:08,319 INFO: avg err:0.4261 | err:0.3584 | horse_07 hippo_01
2026-06-30 11:09:08,610 INFO: avg err:0.4258 | err:0.3352 | horse_07 hippo_02
2026-06-30 11:09:08,942 INFO: avg err:0.4265 | err:0.6635 | horse_07 hippo_03
2026-06-30 11:09:09,206 INFO: avg err:0.4260 | err:0.2766 | horse_07 hippo_04
2026-06-30 11:09:09,433 INFO: avg err:0.4254 | err:0.2202 | horse_07 hippo_05
2026-06-30 11:09:09,773 INFO: avg err:0.4253 | err:0.3862 | horse_07 hippo_06
2026-06-30 11:09:10,030 INFO: avg err:0.4248 | err:0.2608 | horse_07 horse_01
2026-06-30 11:09:10,374 INFO: avg err:0.4256 | err:0.6881 | horse_07 horse_02
2026-06-30 11:09:10,623 INFO: avg err:0.4250 | err:0.2131 | horse_07 horse_03
2026-06-30 11:09:11,076 INFO: avg err:0.4244 | err:0.2290 | horse_07 horse_04
2026-06-30 11:09:11,331 INFO: avg err:0.4244 | err:0.4248 | horse_07 horse_05
2026-06-30 11:09:11,626 INFO: avg err:0.4236 | err:0.1634 | horse_07 horse_06
2026-06-30 11:09:11,852 INFO: avg err:0.4223 | err:0.0000 | horse_07 horse_07
2026-06-30 11:09:12,214 INFO: avg err:0.4218 | err:0.2281 | horse_07 horse_08
2026-06-30 11:09:12,516 INFO: avg err:0.4220 | err:0.5037 | horse_07 horse_09
2026-06-30 11:09:12,907 INFO: avg err:0.4229 | err:0.7318 | horse_07 horse_10
2026-06-30 11:09:13,150 INFO: avg err:0.4240 | err:0.7820 | horse_08 cougar_01
2026-06-30 11:09:13,411 INFO: avg err:0.4249 | err:0.7261 | horse_08 cougar_02
2026-06-30 11:09:13,635 INFO: avg err:0.4245 | err:0.3186 | horse_08 cougar_03
2026-06-30 11:09:13,979 INFO: avg err:0.4243 | err:0.3258 | horse_08 cougar_04
2026-06-30 11:09:14,214 INFO: avg err:0.4242 | err:0.3900 | horse_08 hippo_01
2026-06-30 11:09:14,594 INFO: avg err:0.4239 | err:0.3278 | horse_08 hippo_02
2026-06-30 11:09:14,836 INFO: avg err:0.4247 | err:0.6987 | horse_08 hippo_03
2026-06-30 11:09:15,102 INFO: avg err:0.4245 | err:0.3699 | horse_08 hippo_04
2026-06-30 11:09:15,350 INFO: avg err:0.4240 | err:0.2334 | horse_08 hippo_05
2026-06-30 11:09:15,642 INFO: avg err:0.4240 | err:0.4441 | horse_08 hippo_06
2026-06-30 11:09:15,884 INFO: avg err:0.4237 | err:0.3209 | horse_08 horse_01
2026-06-30 11:09:16,275 INFO: avg err:0.4246 | err:0.7377 | horse_08 horse_02
2026-06-30 11:09:16,528 INFO: avg err:0.4247 | err:0.4418 | horse_08 horse_03
2026-06-30 11:09:16,797 INFO: avg err:0.4245 | err:0.3751 | horse_08 horse_04
2026-06-30 11:09:17,028 INFO: avg err:0.4246 | err:0.4549 | horse_08 horse_05
2026-06-30 11:09:17,469 INFO: avg err:0.4244 | err:0.3494 | horse_08 horse_06
2026-06-30 11:09:17,757 INFO: avg err:0.4236 | err:0.1450 | horse_08 horse_07
2026-06-30 11:09:17,998 INFO: avg err:0.4224 | err:0.0000 | horse_08 horse_08
2026-06-30 11:09:18,229 INFO: avg err:0.4226 | err:0.4914 | horse_08 horse_09
2026-06-30 11:09:18,607 INFO: avg err:0.4233 | err:0.6741 | horse_08 horse_10
2026-06-30 11:09:18,885 INFO: avg err:0.4231 | err:0.3291 | horse_09 cougar_01
2026-06-30 11:09:19,171 INFO: avg err:0.4227 | err:0.2930 | horse_09 cougar_02
2026-06-30 11:09:19,516 INFO: avg err:0.4234 | err:0.6890 | horse_09 cougar_03
2026-06-30 11:09:19,780 INFO: avg err:0.4243 | err:0.7226 | horse_09 cougar_04
2026-06-30 11:09:19,997 INFO: avg err:0.4250 | err:0.6797 | horse_09 hippo_01
2026-06-30 11:09:20,348 INFO: avg err:0.4255 | err:0.6089 | horse_09 hippo_02
2026-06-30 11:09:20,793 INFO: avg err:0.4255 | err:0.4273 | horse_09 hippo_03
2026-06-30 11:09:21,047 INFO: avg err:0.4262 | err:0.6894 | horse_09 hippo_04
2026-06-30 11:09:21,286 INFO: avg err:0.4267 | err:0.6011 | horse_09 hippo_05
2026-06-30 11:09:21,566 INFO: avg err:0.4273 | err:0.6598 | horse_09 hippo_06
2026-06-30 11:09:21,948 INFO: avg err:0.4276 | err:0.5552 | horse_09 horse_01
2026-06-30 11:09:22,191 INFO: avg err:0.4271 | err:0.2301 | horse_09 horse_02
2026-06-30 11:09:22,524 INFO: avg err:0.4275 | err:0.5699 | horse_09 horse_03
2026-06-30 11:09:22,844 INFO: avg err:0.4281 | err:0.6403 | horse_09 horse_04
2026-06-30 11:09:23,125 INFO: avg err:0.4286 | err:0.6262 | horse_09 horse_05
2026-06-30 11:09:23,378 INFO: avg err:0.4292 | err:0.6753 | horse_09 horse_06
2026-06-30 11:09:23,609 INFO: avg err:0.4297 | err:0.6015 | horse_09 horse_07
2026-06-30 11:09:23,929 INFO: avg err:0.4300 | err:0.5414 | horse_09 horse_08
2026-06-30 11:09:24,232 INFO: avg err:0.4289 | err:0.0000 | horse_09 horse_09
2026-06-30 11:09:24,486 INFO: avg err:0.4284 | err:0.2381 | horse_09 horse_10
2026-06-30 11:09:24,731 INFO: avg err:0.4282 | err:0.3791 | horse_10 cougar_01
2026-06-30 11:09:25,040 INFO: avg err:0.4281 | err:0.3621 | horse_10 cougar_02
2026-06-30 11:09:25,277 INFO: avg err:0.4289 | err:0.7352 | horse_10 cougar_03
2026-06-30 11:09:25,652 INFO: avg err:0.4296 | err:0.7111 | horse_10 cougar_04
2026-06-30 11:09:25,886 INFO: avg err:0.4304 | err:0.7236 | horse_10 hippo_01
2026-06-30 11:09:26,397 INFO: avg err:0.4310 | err:0.6603 | horse_10 hippo_02
2026-06-30 11:09:26,661 INFO: avg err:0.4314 | err:0.5940 | horse_10 hippo_03
2026-06-30 11:09:27,059 INFO: avg err:0.4321 | err:0.6952 | horse_10 hippo_04
2026-06-30 11:09:27,381 INFO: avg err:0.4327 | err:0.6715 | horse_10 hippo_05
2026-06-30 11:09:27,624 INFO: avg err:0.4333 | err:0.6959 | horse_10 hippo_06
2026-06-30 11:09:27,860 INFO: avg err:0.4339 | err:0.6386 | horse_10 horse_01
2026-06-30 11:09:28,121 INFO: avg err:0.4336 | err:0.3132 | horse_10 horse_02
2026-06-30 11:09:28,371 INFO: avg err:0.4339 | err:0.5708 | horse_10 horse_03
2026-06-30 11:09:28,674 INFO: avg err:0.4346 | err:0.6895 | horse_10 horse_04
2026-06-30 11:09:29,007 INFO: avg err:0.4352 | err:0.6893 | horse_10 horse_05
2026-06-30 11:09:29,258 INFO: avg err:0.4356 | err:0.5744 | horse_10 horse_06
2026-06-30 11:09:29,671 INFO: avg err:0.4365 | err:0.8067 | horse_10 horse_07
2026-06-30 11:09:29,920 INFO: avg err:0.4368 | err:0.5503 | horse_10 horse_08
2026-06-30 11:09:30,146 INFO: avg err:0.4363 | err:0.2330 | horse_10 horse_09
2026-06-30 11:09:30,424 INFO: avg err:0.4352 | err:0.0000 | horse_10 horse_10
2026-06-30 11:09:30,452 INFO: Avg time: 0.1020
2026-06-30 11:09:30,973 INFO: Val auc: 0.2209
2026-06-30 11:09:30,980 INFO: Val avg error: 0.4352
2026-06-30 11:09:30,984 INFO: Best model is updated, average geodesic error: 0.4352
2026-06-30 11:09:31,048 INFO: [ONB diag] max|Q-I|: mean=7.1888e-02 max=8.1448e-02 | max|Φ̃ᵀMΦ̃-I|: mean=7.3224e-07 max=8.3447e-07
2026-06-30 11:09:37,105 INFO: [smal_..][epoch: 12, iter:  10,020, lr:(4.796e-04,4.796e-04,)][eta: 0:51:06, time (data): 0.343 (0.017)]l_bij: 1.9703e+02 l_orth: 1.9036e+02 l_align: 1.7299e+02 l_qreg: 1.6332e+00 l_total: 5.6201e+02 
2026-06-30 11:09:42,952 INFO: [smal_..][epoch: 12, iter:  10,040, lr:(4.796e-04,4.796e-04,)][eta: 0:50:54, time (data): 0.338 (0.017)]l_bij: 1.9679e+02 l_orth: 1.9325e+02 l_align: 1.7956e+02 l_qreg: 1.7771e+00 l_total: 5.7137e+02 
2026-06-30 11:09:48,946 INFO: [smal_..][epoch: 12, iter:  10,060, lr:(4.796e-04,4.796e-04,)][eta: 0:50:43, time (data): 0.300 (0.017)]l_bij: 1.8381e+02 l_orth: 1.7825e+02 l_align: 1.8517e+02 l_qreg: 1.8329e+00 l_total: 5.4906e+02 
2026-06-30 11:09:55,071 INFO: [smal_..][epoch: 12, iter:  10,080, lr:(4.796e-04,4.796e-04,)][eta: 0:50:32, time (data): 0.304 (0.015)]l_bij: 2.0040e+02 l_orth: 1.9571e+02 l_align: 1.7039e+02 l_qreg: 1.6259e+00 l_total: 5.6812e+02 
2026-06-30 11:10:01,629 INFO: [smal_..][epoch: 13, iter:  10,100, lr:(4.109e-04,4.109e-04,)][eta: 0:50:22, time (data): 0.313 (0.021)]l_bij: 1.9849e+02 l_orth: 1.9450e+02 l_align: 1.7370e+02 l_qreg: 1.7817e+00 l_total: 5.6847e+02 
2026-06-30 11:10:07,876 INFO: [smal_..][epoch: 13, iter:  10,120, lr:(4.109e-04,4.109e-04,)][eta: 0:50:11, time (data): 0.313 (0.019)]l_bij: 1.7733e+01 l_orth: 1.9253e+01 l_align: 3.4756e+02 l_qreg: 1.6445e+00 l_total: 3.8619e+02 
2026-06-30 11:10:14,056 INFO: [smal_..][epoch: 13, iter:  10,140, lr:(4.109e-04,4.109e-04,)][eta: 0:50:00, time (data): 0.312 (0.018)]l_bij: 2.0092e+02 l_orth: 1.9688e+02 l_align: 1.7195e+02 l_qreg: 1.6703e+00 l_total: 5.7142e+02 
2026-06-30 11:10:20,121 INFO: [smal_..][epoch: 13, iter:  10,160, lr:(4.109e-04,4.109e-04,)][eta: 0:49:49, time (data): 0.310 (0.017)]l_bij: 2.0095e+02 l_orth: 1.9500e+02 l_align: 1.6503e+02 l_qreg: 1.7592e+00 l_total: 5.6274e+02 
2026-06-30 11:10:26,342 INFO: [smal_..][epoch: 13, iter:  10,180, lr:(4.109e-04,4.109e-04,)][eta: 0:49:38, time (data): 0.310 (0.017)]l_bij: 1.9521e+02 l_orth: 1.8790e+02 l_align: 1.8062e+02 l_qreg: 1.5626e+00 l_total: 5.6530e+02 
2026-06-30 11:10:32,698 INFO: [smal_..][epoch: 13, iter:  10,200, lr:(4.109e-04,4.109e-04,)][eta: 0:49:28, time (data): 0.311 (0.017)]l_bij: 1.9382e+02 l_orth: 1.8796e+02 l_align: 1.7921e+02 l_qreg: 1.6987e+00 l_total: 5.6268e+02 
2026-06-30 11:10:39,127 INFO: [smal_..][epoch: 13, iter:  10,220, lr:(4.109e-04,4.109e-04,)][eta: 0:49:17, time (data): 0.313 (0.017)]l_bij: 2.0421e+02 l_orth: 1.9743e+02 l_align: 1.7001e+02 l_qreg: 1.7487e+00 l_total: 5.7340e+02 
2026-06-30 11:10:45,566 INFO: [smal_..][epoch: 13, iter:  10,240, lr:(4.109e-04,4.109e-04,)][eta: 0:49:07, time (data): 0.314 (0.016)]l_bij: 2.0462e+02 l_orth: 1.9967e+02 l_align: 1.6521e+02 l_qreg: 1.5027e+00 l_total: 5.7100e+02 
2026-06-30 11:10:51,867 INFO: [smal_..][epoch: 13, iter:  10,260, lr:(4.109e-04,4.109e-04,)][eta: 0:48:56, time (data): 0.311 (0.015)]l_bij: 1.9538e+02 l_orth: 1.9361e+02 l_align: 1.8232e+02 l_qreg: 1.5624e+00 l_total: 5.7287e+02 
2026-06-30 11:10:58,212 INFO: [smal_..][epoch: 13, iter:  10,280, lr:(4.109e-04,4.109e-04,)][eta: 0:48:45, time (data): 0.315 (0.015)]l_bij: 2.0358e+02 l_orth: 1.9617e+02 l_align: 1.6796e+02 l_qreg: 1.7367e+00 l_total: 5.6945e+02 
2026-06-30 11:11:04,644 INFO: [smal_..][epoch: 13, iter:  10,300, lr:(4.109e-04,4.109e-04,)][eta: 0:48:35, time (data): 0.318 (0.016)]l_bij: 1.9603e+02 l_orth: 1.9043e+02 l_align: 1.7479e+02 l_qreg: 1.6109e+00 l_total: 5.6287e+02 
2026-06-30 11:11:10,946 INFO: [smal_..][epoch: 13, iter:  10,320, lr:(4.109e-04,4.109e-04,)][eta: 0:48:24, time (data): 0.317 (0.015)]l_bij: 1.8824e+02 l_orth: 1.8036e+02 l_align: 1.8063e+02 l_qreg: 2.0039e+00 l_total: 5.5124e+02 
2026-06-30 11:11:17,141 INFO: [smal_..][epoch: 13, iter:  10,340, lr:(4.109e-04,4.109e-04,)][eta: 0:48:14, time (data): 0.315 (0.015)]l_bij: 1.9647e+02 l_orth: 1.9184e+02 l_align: 1.7551e+02 l_qreg: 1.8096e+00 l_total: 5.6564e+02 
2026-06-30 11:11:23,423 INFO: [smal_..][epoch: 13, iter:  10,360, lr:(4.109e-04,4.109e-04,)][eta: 0:48:03, time (data): 0.315 (0.016)]l_bij: 2.0786e+02 l_orth: 1.9790e+02 l_align: 1.6697e+02 l_qreg: 1.6270e+00 l_total: 5.7435e+02 
2026-06-30 11:11:29,728 INFO: [smal_..][epoch: 13, iter:  10,380, lr:(4.109e-04,4.109e-04,)][eta: 0:47:52, time (data): 0.315 (0.016)]l_bij: 1.9776e+02 l_orth: 1.9172e+02 l_align: 1.7310e+02 l_qreg: 2.0258e+00 l_total: 5.6461e+02 
2026-06-30 11:11:36,027 INFO: [smal_..][epoch: 13, iter:  10,400, lr:(4.109e-04,4.109e-04,)][eta: 0:47:42, time (data): 0.315 (0.016)]l_bij: 1.9524e+02 l_orth: 1.8888e+02 l_align: 1.7727e+02 l_qreg: 1.5976e+00 l_total: 5.6299e+02 
2026-06-30 11:11:42,346 INFO: [smal_..][epoch: 13, iter:  10,420, lr:(4.109e-04,4.109e-04,)][eta: 0:47:31, time (data): 0.315 (0.015)]l_bij: 2.0166e+02 l_orth: 1.9364e+02 l_align: 1.7354e+02 l_qreg: 1.4577e+00 l_total: 5.7029e+02 
2026-06-30 11:11:48,693 INFO: [smal_..][epoch: 13, iter:  10,440, lr:(4.109e-04,4.109e-04,)][eta: 0:47:21, time (data): 0.315 (0.015)]l_bij: 1.9502e+02 l_orth: 1.8822e+02 l_align: 1.7250e+02 l_qreg: 1.7276e+00 l_total: 5.5747e+02 
2026-06-30 11:11:54,856 INFO: [smal_..][epoch: 13, iter:  10,460, lr:(4.109e-04,4.109e-04,)][eta: 0:47:10, time (data): 0.314 (0.016)]l_bij: 1.9386e+02 l_orth: 1.8931e+02 l_align: 1.7706e+02 l_qreg: 1.7249e+00 l_total: 5.6195e+02 
2026-06-30 11:12:01,054 INFO: [smal_..][epoch: 13, iter:  10,480, lr:(4.109e-04,4.109e-04,)][eta: 0:47:00, time (data): 0.311 (0.015)]l_bij: 2.0388e+02 l_orth: 1.9857e+02 l_align: 1.6558e+02 l_qreg: 1.7437e+00 l_total: 5.6977e+02 
2026-06-30 11:12:07,283 INFO: [smal_..][epoch: 13, iter:  10,500, lr:(4.109e-04,4.109e-04,)][eta: 0:46:49, time (data): 0.311 (0.016)]l_bij: 1.9728e+02 l_orth: 1.9201e+02 l_align: 1.7400e+02 l_qreg: 1.4850e+00 l_total: 5.6476e+02 
2026-06-30 11:12:13,386 INFO: [smal_..][epoch: 13, iter:  10,520, lr:(4.109e-04,4.109e-04,)][eta: 0:46:39, time (data): 0.309 (0.015)]l_bij: 1.8959e+02 l_orth: 1.8605e+02 l_align: 1.8005e+02 l_qreg: 1.7921e+00 l_total: 5.5748e+02 
2026-06-30 11:12:19,666 INFO: [smal_..][epoch: 13, iter:  10,540, lr:(4.109e-04,4.109e-04,)][eta: 0:46:28, time (data): 0.310 (0.015)]l_bij: 2.1335e+02 l_orth: 2.0550e+02 l_align: 1.5907e+02 l_qreg: 1.4694e+00 l_total: 5.7939e+02 
2026-06-30 11:12:25,814 INFO: [smal_..][epoch: 13, iter:  10,560, lr:(4.109e-04,4.109e-04,)][eta: 0:46:18, time (data): 0.310 (0.015)]l_bij: 1.9269e+02 l_orth: 1.8735e+02 l_align: 1.7614e+02 l_qreg: 1.8622e+00 l_total: 5.5805e+02 
2026-06-30 11:12:32,038 INFO: [smal_..][epoch: 13, iter:  10,580, lr:(4.109e-04,4.109e-04,)][eta: 0:46:07, time (data): 0.310 (0.015)]l_bij: 1.9078e+02 l_orth: 1.8545e+02 l_align: 1.8035e+02 l_qreg: 1.9476e+00 l_total: 5.5854e+02 
2026-06-30 11:12:38,161 INFO: [smal_..][epoch: 13, iter:  10,600, lr:(4.109e-04,4.109e-04,)][eta: 0:45:57, time (data): 0.309 (0.015)]l_bij: 1.9001e+02 l_orth: 1.8496e+02 l_align: 1.7873e+02 l_qreg: 1.8384e+00 l_total: 5.5554e+02 
2026-06-30 11:12:44,261 INFO: [smal_..][epoch: 13, iter:  10,620, lr:(4.109e-04,4.109e-04,)][eta: 0:45:46, time (data): 0.309 (0.015)]l_bij: 1.9533e+02 l_orth: 1.8810e+02 l_align: 1.7626e+02 l_qreg: 1.8652e+00 l_total: 5.6155e+02 
2026-06-30 11:12:50,540 INFO: [smal_..][epoch: 13, iter:  10,640, lr:(4.109e-04,4.109e-04,)][eta: 0:45:36, time (data): 0.309 (0.015)]l_bij: 1.9608e+02 l_orth: 1.8791e+02 l_align: 1.7560e+02 l_qreg: 1.5987e+00 l_total: 5.6119e+02 
2026-06-30 11:12:56,833 INFO: [smal_..][epoch: 13, iter:  10,660, lr:(4.109e-04,4.109e-04,)][eta: 0:45:26, time (data): 0.317 (0.014)]l_bij: 2.0004e+02 l_orth: 1.9373e+02 l_align: 1.7041e+02 l_qreg: 1.9052e+00 l_total: 5.6609e+02 
2026-06-30 11:13:02,942 INFO: [smal_..][epoch: 13, iter:  10,680, lr:(4.109e-04,4.109e-04,)][eta: 0:45:15, time (data): 0.308 (0.015)]l_bij: 1.8834e+02 l_orth: 1.8292e+02 l_align: 1.8330e+02 l_qreg: 1.7721e+00 l_total: 5.5633e+02 
2026-06-30 11:13:09,134 INFO: [smal_..][epoch: 13, iter:  10,700, lr:(4.109e-04,4.109e-04,)][eta: 0:45:05, time (data): 0.309 (0.015)]l_bij: 1.8769e+02 l_orth: 1.8132e+02 l_align: 1.8332e+02 l_qreg: 1.5180e+00 l_total: 5.5386e+02 
2026-06-30 11:13:15,167 INFO: [smal_..][epoch: 13, iter:  10,720, lr:(4.109e-04,4.109e-04,)][eta: 0:44:54, time (data): 0.307 (0.015)]l_bij: 1.9582e+02 l_orth: 1.8877e+02 l_align: 1.8483e+02 l_qreg: 1.5935e+00 l_total: 5.7101e+02 
2026-06-30 11:13:21,319 INFO: [smal_..][epoch: 13, iter:  10,740, lr:(4.109e-04,4.109e-04,)][eta: 0:44:44, time (data): 0.307 (0.015)]l_bij: 2.0409e+02 l_orth: 1.9858e+02 l_align: 1.6556e+02 l_qreg: 1.5414e+00 l_total: 5.6976e+02 
2026-06-30 11:13:27,425 INFO: [smal_..][epoch: 13, iter:  10,760, lr:(4.109e-04,4.109e-04,)][eta: 0:44:34, time (data): 0.306 (0.015)]l_bij: 1.9851e+02 l_orth: 1.9415e+02 l_align: 1.7696e+02 l_qreg: 1.6512e+00 l_total: 5.7128e+02 
2026-06-30 11:13:33,646 INFO: [smal_..][epoch: 13, iter:  10,780, lr:(4.109e-04,4.109e-04,)][eta: 0:44:23, time (data): 0.307 (0.015)]l_bij: 2.1257e+02 l_orth: 2.0292e+02 l_align: 1.6237e+02 l_qreg: 1.6172e+00 l_total: 5.7948e+02 
2026-06-30 11:13:39,859 INFO: [smal_..][epoch: 13, iter:  10,800, lr:(4.109e-04,4.109e-04,)][eta: 0:44:13, time (data): 0.308 (0.015)]l_bij: 2.0983e+02 l_orth: 2.0336e+02 l_align: 1.6754e+02 l_qreg: 1.4877e+00 l_total: 5.8222e+02 
2026-06-30 11:13:46,031 INFO: [smal_..][epoch: 13, iter:  10,820, lr:(4.109e-04,4.109e-04,)][eta: 0:44:03, time (data): 0.308 (0.015)]l_bij: 1.8936e+02 l_orth: 1.8513e+02 l_align: 1.7728e+02 l_qreg: 1.5190e+00 l_total: 5.5329e+02 
2026-06-30 11:13:52,110 INFO: [smal_..][epoch: 13, iter:  10,840, lr:(4.109e-04,4.109e-04,)][eta: 0:43:52, time (data): 0.307 (0.015)]l_bij: 2.1600e+02 l_orth: 2.0972e+02 l_align: 1.5900e+02 l_qreg: 1.5644e+00 l_total: 5.8627e+02 
2026-06-30 11:13:58,286 INFO: [smal_..][epoch: 13, iter:  10,860, lr:(4.109e-04,4.109e-04,)][eta: 0:43:42, time (data): 0.309 (0.015)]l_bij: 2.0960e+02 l_orth: 2.0015e+02 l_align: 1.7051e+02 l_qreg: 1.5635e+00 l_total: 5.8183e+02 
2026-06-30 11:14:04,381 INFO: [smal_..][epoch: 13, iter:  10,880, lr:(4.109e-04,4.109e-04,)][eta: 0:43:32, time (data): 0.305 (0.015)]l_bij: 1.9270e+02 l_orth: 1.8879e+02 l_align: 1.7630e+02 l_qreg: 1.6420e+00 l_total: 5.5943e+02 
2026-06-30 11:14:10,557 INFO: [smal_..][epoch: 13, iter:  10,900, lr:(4.109e-04,4.109e-04,)][eta: 0:43:22, time (data): 0.307 (0.015)]l_bij: 1.8706e+02 l_orth: 1.7968e+02 l_align: 1.8313e+02 l_qreg: 2.0995e+00 l_total: 5.5197e+02 
2026-06-30 11:14:16,754 INFO: [smal_..][epoch: 13, iter:  10,920, lr:(4.109e-04,4.109e-04,)][eta: 0:43:12, time (data): 0.308 (0.015)]l_bij: 1.9767e+02 l_orth: 1.8990e+02 l_align: 1.7665e+02 l_qreg: 1.4787e+00 l_total: 5.6570e+02 
2026-06-30 11:14:23,290 INFO: [smal_..][epoch: 14, iter:  10,940, lr:(3.457e-04,3.457e-04,)][eta: 0:43:02, time (data): 0.312 (0.018)]l_bij: 2.0153e+02 l_orth: 1.9251e+02 l_align: 1.7533e+02 l_qreg: 1.4623e+00 l_total: 5.7083e+02 
2026-06-30 11:14:29,507 INFO: [smal_..][epoch: 14, iter:  10,960, lr:(3.457e-04,3.457e-04,)][eta: 0:42:51, time (data): 0.312 (0.017)]l_bij: 2.0069e+02 l_orth: 1.9959e+02 l_align: 1.7184e+02 l_qreg: 1.5095e+00 l_total: 5.7364e+02 
2026-06-30 11:14:35,528 INFO: [smal_..][epoch: 14, iter:  10,980, lr:(3.457e-04,3.457e-04,)][eta: 0:42:41, time (data): 0.310 (0.017)]l_bij: 1.8017e+02 l_orth: 1.7583e+02 l_align: 1.9076e+02 l_qreg: 1.7259e+00 l_total: 5.4849e+02 
2026-06-30 11:14:41,543 INFO: [smal_..][epoch: 14, iter:  11,000, lr:(3.457e-04,3.457e-04,)][eta: 0:42:31, time (data): 0.309 (0.017)]l_bij: 1.9256e+02 l_orth: 1.8627e+02 l_align: 1.7989e+02 l_qreg: 1.7084e+00 l_total: 5.6043e+02 
2026-06-30 11:14:47,592 INFO: [smal_..][epoch: 14, iter:  11,020, lr:(3.457e-04,3.457e-04,)][eta: 0:42:21, time (data): 0.308 (0.016)]l_bij: 2.0629e+02 l_orth: 1.9813e+02 l_align: 1.6849e+02 l_qreg: 1.5150e+00 l_total: 5.7443e+02 
2026-06-30 11:14:53,719 INFO: [smal_..][epoch: 14, iter:  11,040, lr:(3.457e-04,3.457e-04,)][eta: 0:42:11, time (data): 0.308 (0.016)]l_bij: 2.0457e+02 l_orth: 1.9816e+02 l_align: 1.6645e+02 l_qreg: 1.5539e+00 l_total: 5.7073e+02 
2026-06-30 11:14:59,784 INFO: [smal_..][epoch: 14, iter:  11,060, lr:(3.457e-04,3.457e-04,)][eta: 0:42:00, time (data): 0.306 (0.014)]l_bij: 1.8418e+02 l_orth: 1.7744e+02 l_align: 1.8430e+02 l_qreg: 1.7180e+00 l_total: 5.4763e+02 
2026-06-30 11:15:05,863 INFO: [smal_..][epoch: 14, iter:  11,080, lr:(3.457e-04,3.457e-04,)][eta: 0:41:50, time (data): 0.304 (0.015)]l_bij: 1.9483e+02 l_orth: 1.8831e+02 l_align: 1.7890e+02 l_qreg: 1.4000e+00 l_total: 5.6344e+02 
2026-06-30 11:15:11,998 INFO: [smal_..][epoch: 14, iter:  11,100, lr:(3.457e-04,3.457e-04,)][eta: 0:41:40, time (data): 0.305 (0.014)]l_bij: 2.1152e+02 l_orth: 2.0242e+02 l_align: 1.5927e+02 l_qreg: 1.7339e+00 l_total: 5.7493e+02 
2026-06-30 11:15:18,069 INFO: [smal_..][epoch: 14, iter:  11,120, lr:(3.457e-04,3.457e-04,)][eta: 0:41:30, time (data): 0.305 (0.015)]l_bij: 2.0690e+02 l_orth: 1.9783e+02 l_align: 1.6917e+02 l_qreg: 1.5121e+00 l_total: 5.7542e+02 
2026-06-30 11:15:24,284 INFO: [smal_..][epoch: 14, iter:  11,140, lr:(3.457e-04,3.457e-04,)][eta: 0:41:20, time (data): 0.306 (0.015)]l_bij: 2.0892e+02 l_orth: 2.0117e+02 l_align: 1.6994e+02 l_qreg: 1.5893e+00 l_total: 5.8161e+02 
2026-06-30 11:15:30,427 INFO: [smal_..][epoch: 14, iter:  11,160, lr:(3.457e-04,3.457e-04,)][eta: 0:41:10, time (data): 0.306 (0.015)]l_bij: 1.8956e+02 l_orth: 1.8194e+02 l_align: 1.7678e+02 l_qreg: 1.6738e+00 l_total: 5.4995e+02 
2026-06-30 11:15:36,675 INFO: [smal_..][epoch: 14, iter:  11,180, lr:(3.457e-04,3.457e-04,)][eta: 0:41:00, time (data): 0.307 (0.015)]l_bij: 1.9826e+02 l_orth: 1.9292e+02 l_align: 1.7389e+02 l_qreg: 1.7539e+00 l_total: 5.6683e+02 
2026-06-30 11:15:42,787 INFO: [smal_..][epoch: 14, iter:  11,200, lr:(3.457e-04,3.457e-04,)][eta: 0:40:50, time (data): 0.307 (0.015)]l_bij: 2.0258e+02 l_orth: 1.9567e+02 l_align: 1.7397e+02 l_qreg: 1.7715e+00 l_total: 5.7399e+02 
2026-06-30 11:15:48,891 INFO: [smal_..][epoch: 14, iter:  11,220, lr:(3.457e-04,3.457e-04,)][eta: 0:40:40, time (data): 0.307 (0.015)]l_bij: 2.0191e+02 l_orth: 1.9555e+02 l_align: 1.7226e+02 l_qreg: 1.7477e+00 l_total: 5.7146e+02 
2026-06-30 11:15:54,981 INFO: [smal_..][epoch: 14, iter:  11,240, lr:(3.457e-04,3.457e-04,)][eta: 0:40:30, time (data): 0.306 (0.015)]l_bij: 2.1708e+02 l_orth: 2.1538e+02 l_align: 1.5693e+02 l_qreg: 1.7442e+00 l_total: 5.9113e+02 
2026-06-30 11:16:01,231 INFO: [smal_..][epoch: 14, iter:  11,260, lr:(3.457e-04,3.457e-04,)][eta: 0:40:20, time (data): 0.309 (0.013)]l_bij: 1.9098e+02 l_orth: 1.8335e+02 l_align: 1.7656e+02 l_qreg: 1.7686e+00 l_total: 5.5265e+02 
2026-06-30 11:16:07,309 INFO: [smal_..][epoch: 14, iter:  11,280, lr:(3.457e-04,3.457e-04,)][eta: 0:40:10, time (data): 0.304 (0.015)]l_bij: 1.9697e+02 l_orth: 1.8986e+02 l_align: 1.7883e+02 l_qreg: 1.5670e+00 l_total: 5.6722e+02 
2026-06-30 11:16:13,466 INFO: [smal_..][epoch: 14, iter:  11,300, lr:(3.457e-04,3.457e-04,)][eta: 0:40:00, time (data): 0.306 (0.015)]l_bij: 1.9371e+02 l_orth: 1.8898e+02 l_align: 1.7435e+02 l_qreg: 1.4884e+00 l_total: 5.5853e+02 
2026-06-30 11:16:19,676 INFO: [smal_..][epoch: 14, iter:  11,320, lr:(3.457e-04,3.457e-04,)][eta: 0:39:50, time (data): 0.307 (0.015)]l_bij: 3.1794e+01 l_orth: 3.3101e+01 l_align: 3.2490e+02 l_qreg: 1.4832e+00 l_total: 3.9128e+02 
2026-06-30 11:16:25,888 INFO: [smal_..][epoch: 14, iter:  11,340, lr:(3.457e-04,3.457e-04,)][eta: 0:39:40, time (data): 0.308 (0.015)]l_bij: 1.9233e+02 l_orth: 1.8830e+02 l_align: 1.7823e+02 l_qreg: 1.4576e+00 l_total: 5.6032e+02 
2026-06-30 11:16:32,005 INFO: [smal_..][epoch: 14, iter:  11,360, lr:(3.457e-04,3.457e-04,)][eta: 0:39:30, time (data): 0.307 (0.015)]l_bij: 1.9086e+02 l_orth: 1.8641e+02 l_align: 1.7510e+02 l_qreg: 1.7540e+00 l_total: 5.5412e+02 
2026-06-30 11:16:38,030 INFO: [smal_..][epoch: 14, iter:  11,380, lr:(3.457e-04,3.457e-04,)][eta: 0:39:20, time (data): 0.306 (0.015)]l_bij: 2.0087e+02 l_orth: 1.9503e+02 l_align: 1.6750e+02 l_qreg: 1.5304e+00 l_total: 5.6493e+02 
2026-06-30 11:16:44,167 INFO: [smal_..][epoch: 14, iter:  11,400, lr:(3.457e-04,3.457e-04,)][eta: 0:39:10, time (data): 0.306 (0.015)]l_bij: 1.9066e+02 l_orth: 1.8771e+02 l_align: 1.7824e+02 l_qreg: 1.5400e+00 l_total: 5.5815e+02 
2026-06-30 11:16:50,426 INFO: [smal_..][epoch: 14, iter:  11,420, lr:(3.457e-04,3.457e-04,)][eta: 0:39:01, time (data): 0.307 (0.015)]l_bij: 1.9608e+02 l_orth: 1.9042e+02 l_align: 1.7953e+02 l_qreg: 1.5841e+00 l_total: 5.6762e+02 
2026-06-30 11:16:56,576 INFO: [smal_..][epoch: 14, iter:  11,440, lr:(3.457e-04,3.457e-04,)][eta: 0:38:51, time (data): 0.307 (0.015)]l_bij: 2.0373e+02 l_orth: 1.9919e+02 l_align: 1.6508e+02 l_qreg: 1.5404e+00 l_total: 5.6954e+02 
2026-06-30 11:17:02,663 INFO: [smal_..][epoch: 14, iter:  11,460, lr:(3.457e-04,3.457e-04,)][eta: 0:38:41, time (data): 0.304 (0.016)]l_bij: 1.9609e+02 l_orth: 1.8837e+02 l_align: 1.7396e+02 l_qreg: 1.5257e+00 l_total: 5.5995e+02 
2026-06-30 11:17:08,895 INFO: [smal_..][epoch: 14, iter:  11,480, lr:(3.457e-04,3.457e-04,)][eta: 0:38:31, time (data): 0.310 (0.016)]l_bij: 2.0290e+02 l_orth: 2.0007e+02 l_align: 1.7076e+02 l_qreg: 1.6962e+00 l_total: 5.7543e+02 
2026-06-30 11:17:14,930 INFO: [smal_..][epoch: 14, iter:  11,500, lr:(3.457e-04,3.457e-04,)][eta: 0:38:21, time (data): 0.306 (0.016)]l_bij: 1.9000e+02 l_orth: 1.8329e+02 l_align: 1.8354e+02 l_qreg: 1.8015e+00 l_total: 5.5864e+02 
2026-06-30 11:17:21,122 INFO: [smal_..][epoch: 14, iter:  11,520, lr:(3.457e-04,3.457e-04,)][eta: 0:38:11, time (data): 0.307 (0.015)]l_bij: 1.9003e+02 l_orth: 1.8539e+02 l_align: 1.7800e+02 l_qreg: 1.6394e+00 l_total: 5.5506e+02 
2026-06-30 11:17:27,367 INFO: [smal_..][epoch: 14, iter:  11,540, lr:(3.457e-04,3.457e-04,)][eta: 0:38:02, time (data): 0.308 (0.015)]l_bij: 1.8723e+02 l_orth: 1.7921e+02 l_align: 1.8393e+02 l_qreg: 1.6716e+00 l_total: 5.5205e+02 
2026-06-30 11:17:33,381 INFO: [smal_..][epoch: 14, iter:  11,560, lr:(3.457e-04,3.457e-04,)][eta: 0:37:52, time (data): 0.307 (0.015)]l_bij: 1.9607e+02 l_orth: 1.8920e+02 l_align: 1.7387e+02 l_qreg: 1.4715e+00 l_total: 5.6061e+02 
2026-06-30 11:17:39,490 INFO: [smal_..][epoch: 14, iter:  11,580, lr:(3.457e-04,3.457e-04,)][eta: 0:37:42, time (data): 0.307 (0.015)]l_bij: 1.8253e+02 l_orth: 1.7494e+02 l_align: 1.8576e+02 l_qreg: 1.8050e+00 l_total: 5.4503e+02 
2026-06-30 11:17:45,573 INFO: [smal_..][epoch: 14, iter:  11,600, lr:(3.457e-04,3.457e-04,)][eta: 0:37:32, time (data): 0.306 (0.015)]l_bij: 1.9679e+02 l_orth: 1.8975e+02 l_align: 1.7241e+02 l_qreg: 1.5733e+00 l_total: 5.6053e+02 
2026-06-30 11:17:51,748 INFO: [smal_..][epoch: 14, iter:  11,620, lr:(3.457e-04,3.457e-04,)][eta: 0:37:23, time (data): 0.306 (0.015)]l_bij: 2.0119e+02 l_orth: 1.9606e+02 l_align: 1.7111e+02 l_qreg: 1.4205e+00 l_total: 5.6978e+02 
2026-06-30 11:17:57,917 INFO: [smal_..][epoch: 14, iter:  11,640, lr:(3.457e-04,3.457e-04,)][eta: 0:37:13, time (data): 0.307 (0.015)]l_bij: 1.9459e+02 l_orth: 1.8850e+02 l_align: 1.7282e+02 l_qreg: 1.8561e+00 l_total: 5.5777e+02 
2026-06-30 11:18:04,093 INFO: [smal_..][epoch: 14, iter:  11,660, lr:(3.457e-04,3.457e-04,)][eta: 0:37:03, time (data): 0.313 (0.013)]l_bij: 1.9298e+02 l_orth: 1.8622e+02 l_align: 1.8278e+02 l_qreg: 1.6686e+00 l_total: 5.6365e+02 
2026-06-30 11:18:10,268 INFO: [smal_..][epoch: 14, iter:  11,680, lr:(3.457e-04,3.457e-04,)][eta: 0:36:53, time (data): 0.309 (0.014)]l_bij: 1.9628e+02 l_orth: 1.9181e+02 l_align: 1.7668e+02 l_qreg: 1.5177e+00 l_total: 5.6628e+02 
2026-06-30 11:18:16,431 INFO: [smal_..][epoch: 14, iter:  11,700, lr:(3.457e-04,3.457e-04,)][eta: 0:36:44, time (data): 0.308 (0.015)]l_bij: 2.0317e+02 l_orth: 1.9975e+02 l_align: 1.6973e+02 l_qreg: 1.6436e+00 l_total: 5.7429e+02 
2026-06-30 11:18:22,575 INFO: [smal_..][epoch: 14, iter:  11,720, lr:(3.457e-04,3.457e-04,)][eta: 0:36:34, time (data): 0.308 (0.015)]l_bij: 1.9676e+02 l_orth: 1.9133e+02 l_align: 1.7688e+02 l_qreg: 1.7213e+00 l_total: 5.6669e+02 
2026-06-30 11:18:28,928 INFO: [smal_..][epoch: 14, iter:  11,740, lr:(3.457e-04,3.457e-04,)][eta: 0:36:24, time (data): 0.310 (0.015)]l_bij: 1.8974e+02 l_orth: 1.8444e+02 l_align: 1.7508e+02 l_qreg: 1.6172e+00 l_total: 5.5088e+02 
2026-06-30 11:18:35,197 INFO: [smal_..][epoch: 14, iter:  11,760, lr:(3.457e-04,3.457e-04,)][eta: 0:36:15, time (data): 0.311 (0.015)]l_bij: 1.9871e+02 l_orth: 1.9149e+02 l_align: 1.7239e+02 l_qreg: 1.5366e+00 l_total: 5.6412e+02 
2026-06-30 11:18:41,557 INFO: [smal_..][epoch: 15, iter:  11,780, lr:(2.855e-04,2.855e-04,)][eta: 0:36:05, time (data): 0.312 (0.017)]l_bij: 1.7722e+02 l_orth: 1.7179e+02 l_align: 1.8311e+02 l_qreg: 1.5077e+00 l_total: 5.3363e+02 
2026-06-30 11:18:47,607 INFO: [smal_..][epoch: 15, iter:  11,800, lr:(2.855e-04,2.855e-04,)][eta: 0:35:56, time (data): 0.311 (0.016)]l_bij: 2.0123e+02 l_orth: 1.9819e+02 l_align: 1.7292e+02 l_qreg: 1.6046e+00 l_total: 5.7394e+02 
2026-06-30 11:18:53,662 INFO: [smal_..][epoch: 15, iter:  11,820, lr:(2.855e-04,2.855e-04,)][eta: 0:35:46, time (data): 0.310 (0.016)]l_bij: 2.0087e+02 l_orth: 1.9363e+02 l_align: 1.7417e+02 l_qreg: 1.7841e+00 l_total: 5.7045e+02 
2026-06-30 11:18:59,677 INFO: [smal_..][epoch: 15, iter:  11,840, lr:(2.855e-04,2.855e-04,)][eta: 0:35:36, time (data): 0.309 (0.016)]l_bij: 2.7491e+01 l_orth: 2.9308e+01 l_align: 3.3170e+02 l_qreg: 1.6458e+00 l_total: 3.9015e+02 
2026-06-30 11:19:05,786 INFO: [smal_..][epoch: 15, iter:  11,860, lr:(2.855e-04,2.855e-04,)][eta: 0:35:27, time (data): 0.301 (0.015)]l_bij: 1.9774e+02 l_orth: 1.9089e+02 l_align: 1.7833e+02 l_qreg: 1.8625e+00 l_total: 5.6882e+02 
2026-06-30 11:19:12,440 INFO: [smal_..][epoch: 15, iter:  11,880, lr:(2.855e-04,2.855e-04,)][eta: 0:35:17, time (data): 0.331 (0.015)]l_bij: 1.9797e+02 l_orth: 1.9004e+02 l_align: 1.6947e+02 l_qreg: 1.4996e+00 l_total: 5.5898e+02 
2026-06-30 11:19:18,751 INFO: [smal_..][epoch: 15, iter:  11,900, lr:(2.855e-04,2.855e-04,)][eta: 0:35:08, time (data): 0.323 (0.015)]l_bij: 1.9869e+02 l_orth: 1.9320e+02 l_align: 1.7494e+02 l_qreg: 1.7838e+00 l_total: 5.6861e+02 
2026-06-30 11:19:24,965 INFO: [smal_..][epoch: 15, iter:  11,920, lr:(2.855e-04,2.855e-04,)][eta: 0:34:58, time (data): 0.319 (0.015)]l_bij: 1.8677e+02 l_orth: 1.8114e+02 l_align: 1.8057e+02 l_qreg: 1.7148e+00 l_total: 5.5020e+02 
2026-06-30 11:19:31,202 INFO: [smal_..][epoch: 15, iter:  11,940, lr:(2.855e-04,2.855e-04,)][eta: 0:34:49, time (data): 0.317 (0.015)]l_bij: 1.8964e+02 l_orth: 1.8245e+02 l_align: 1.8077e+02 l_qreg: 1.6686e+00 l_total: 5.5453e+02 
2026-06-30 11:19:37,489 INFO: [smal_..][epoch: 15, iter:  11,960, lr:(2.855e-04,2.855e-04,)][eta: 0:34:39, time (data): 0.317 (0.015)]l_bij: 1.9785e+02 l_orth: 1.9115e+02 l_align: 1.7095e+02 l_qreg: 1.6561e+00 l_total: 5.6161e+02 
2026-06-30 11:19:43,807 INFO: [smal_..][epoch: 15, iter:  11,980, lr:(2.855e-04,2.855e-04,)][eta: 0:34:30, time (data): 0.316 (0.015)]l_bij: 1.9931e+02 l_orth: 1.9476e+02 l_align: 1.7538e+02 l_qreg: 1.5813e+00 l_total: 5.7104e+02 
2026-06-30 11:19:50,195 INFO: [smal_..][epoch: 15, iter:  12,000, lr:(2.855e-04,2.855e-04,)][eta: 0:34:20, time (data): 0.317 (0.015)]l_bij: 1.8801e+02 l_orth: 1.8077e+02 l_align: 1.8569e+02 l_qreg: 1.4407e+00 l_total: 5.5590e+02 
2026-06-30 11:19:50,197 INFO: Saving models and training states.
2026-06-30 11:19:50,220 INFO: Start validation.
2026-06-30 11:19:51,175 INFO: avg err:0.0000 | err:0.0000 | cougar_01 cougar_01
2026-06-30 11:19:51,422 INFO: avg err:0.1056 | err:0.2111 | cougar_01 cougar_02
2026-06-30 11:19:51,743 INFO: avg err:0.3315 | err:0.7833 | cougar_01 cougar_03
2026-06-30 11:19:51,981 INFO: avg err:0.4536 | err:0.8200 | cougar_01 cougar_04
2026-06-30 11:19:52,275 INFO: avg err:0.5089 | err:0.7303 | cougar_01 hippo_01
2026-06-30 11:19:52,494 INFO: avg err:0.5455 | err:0.7281 | cougar_01 hippo_02
2026-06-30 11:19:52,810 INFO: avg err:0.5047 | err:0.2604 | cougar_01 hippo_03
2026-06-30 11:19:53,031 INFO: avg err:0.5350 | err:0.7470 | cougar_01 hippo_04
2026-06-30 11:19:53,379 INFO: avg err:0.5550 | err:0.7152 | cougar_01 hippo_05
2026-06-30 11:19:53,607 INFO: avg err:0.5782 | err:0.7870 | cougar_01 hippo_06
2026-06-30 11:19:53,913 INFO: avg err:0.5969 | err:0.7840 | cougar_01 horse_01
2026-06-30 11:19:54,171 INFO: avg err:0.5565 | err:0.1122 | cougar_01 horse_02
2026-06-30 11:19:54,450 INFO: avg err:0.5709 | err:0.7430 | cougar_01 horse_03
2026-06-30 11:19:54,693 INFO: avg err:0.5839 | err:0.7532 | cougar_01 horse_04
2026-06-30 11:19:54,974 INFO: avg err:0.5926 | err:0.7148 | cougar_01 horse_05
2026-06-30 11:19:55,207 INFO: avg err:0.6014 | err:0.7330 | cougar_01 horse_06
2026-06-30 11:19:55,488 INFO: avg err:0.6091 | err:0.7320 | cougar_01 horse_07
2026-06-30 11:19:55,716 INFO: avg err:0.6151 | err:0.7171 | cougar_01 horse_08
2026-06-30 11:19:55,993 INFO: avg err:0.5962 | err:0.2569 | cougar_01 horse_09
2026-06-30 11:19:56,251 INFO: avg err:0.5786 | err:0.2428 | cougar_01 horse_10
2026-06-30 11:19:56,551 INFO: avg err:0.5661 | err:0.3162 | cougar_02 cougar_01
2026-06-30 11:19:56,805 INFO: avg err:0.5403 | err:0.0000 | cougar_02 cougar_02
2026-06-30 11:19:57,086 INFO: avg err:0.5538 | err:0.8490 | cougar_02 cougar_03
2026-06-30 11:19:57,345 INFO: avg err:0.5673 | err:0.8794 | cougar_02 cougar_04
2026-06-30 11:19:57,649 INFO: avg err:0.5750 | err:0.7603 | cougar_02 hippo_01
2026-06-30 11:19:57,899 INFO: avg err:0.5863 | err:0.8675 | cougar_02 hippo_02
2026-06-30 11:19:58,183 INFO: avg err:0.5750 | err:0.2815 | cougar_02 hippo_03
2026-06-30 11:19:58,437 INFO: avg err:0.5823 | err:0.7805 | cougar_02 hippo_04
2026-06-30 11:19:58,715 INFO: avg err:0.5900 | err:0.8042 | cougar_02 hippo_05
2026-06-30 11:19:58,947 INFO: avg err:0.5973 | err:0.8096 | cougar_02 hippo_06
2026-06-30 11:19:59,215 INFO: avg err:0.6071 | err:0.9011 | cougar_02 horse_01
2026-06-30 11:19:59,448 INFO: avg err:0.6023 | err:0.4533 | cougar_02 horse_02
2026-06-30 11:19:59,753 INFO: avg err:0.6087 | err:0.8127 | cougar_02 horse_03
2026-06-30 11:20:00,017 INFO: avg err:0.6137 | err:0.7809 | cougar_02 horse_04
2026-06-30 11:20:00,348 INFO: avg err:0.6180 | err:0.7626 | cougar_02 horse_05
2026-06-30 11:20:00,593 INFO: avg err:0.6236 | err:0.8182 | cougar_02 horse_06
2026-06-30 11:20:00,912 INFO: avg err:0.6265 | err:0.7328 | cougar_02 horse_07
2026-06-30 11:20:01,171 INFO: avg err:0.6331 | err:0.8781 | cougar_02 horse_08
2026-06-30 11:20:01,450 INFO: avg err:0.6263 | err:0.3683 | cougar_02 horse_09
2026-06-30 11:20:01,700 INFO: avg err:0.6203 | err:0.3843 | cougar_02 horse_10
2026-06-30 11:20:02,006 INFO: avg err:0.6251 | err:0.8158 | cougar_03 cougar_01
2026-06-30 11:20:02,231 INFO: avg err:0.6287 | err:0.7770 | cougar_03 cougar_02
2026-06-30 11:20:02,503 INFO: avg err:0.6141 | err:0.0000 | cougar_03 cougar_03
2026-06-30 11:20:02,740 INFO: avg err:0.6070 | err:0.3045 | cougar_03 cougar_04
2026-06-30 11:20:03,041 INFO: avg err:0.6010 | err:0.3349 | cougar_03 hippo_01
2026-06-30 11:20:03,285 INFO: avg err:0.5967 | err:0.4052 | cougar_03 hippo_02
2026-06-30 11:20:03,592 INFO: avg err:0.5996 | err:0.7313 | cougar_03 hippo_03
2026-06-30 11:20:03,843 INFO: avg err:0.5917 | err:0.2208 | cougar_03 hippo_04
2026-06-30 11:20:04,128 INFO: avg err:0.5861 | err:0.3176 | cougar_03 hippo_05
2026-06-30 11:20:04,378 INFO: avg err:0.5823 | err:0.3948 | cougar_03 hippo_06
2026-06-30 11:20:04,649 INFO: avg err:0.5773 | err:0.3281 | cougar_03 horse_01
2026-06-30 11:20:04,885 INFO: avg err:0.5803 | err:0.7329 | cougar_03 horse_02
2026-06-30 11:20:05,161 INFO: avg err:0.5755 | err:0.3288 | cougar_03 horse_03
2026-06-30 11:20:05,401 INFO: avg err:0.5699 | err:0.2695 | cougar_03 horse_04
2026-06-30 11:20:05,721 INFO: avg err:0.5677 | err:0.4483 | cougar_03 horse_05
2026-06-30 11:20:05,967 INFO: avg err:0.5645 | err:0.3894 | cougar_03 horse_06
2026-06-30 11:20:06,238 INFO: avg err:0.5576 | err:0.1739 | cougar_03 horse_07
2026-06-30 11:20:06,468 INFO: avg err:0.5524 | err:0.2523 | cougar_03 horse_08
2026-06-30 11:20:06,750 INFO: avg err:0.5535 | err:0.6194 | cougar_03 horse_09
2026-06-30 11:20:06,986 INFO: avg err:0.5575 | err:0.7969 | cougar_03 horse_10
2026-06-30 11:20:07,271 INFO: avg err:0.5610 | err:0.7669 | cougar_04 cougar_01
2026-06-30 11:20:07,525 INFO: avg err:0.5659 | err:0.8640 | cougar_04 cougar_02
2026-06-30 11:20:07,829 INFO: avg err:0.5617 | err:0.3035 | cougar_04 cougar_03
2026-06-30 11:20:08,085 INFO: avg err:0.5529 | err:0.0000 | cougar_04 cougar_04
2026-06-30 11:20:08,373 INFO: avg err:0.5486 | err:0.2721 | cougar_04 hippo_01
2026-06-30 11:20:08,602 INFO: avg err:0.5453 | err:0.3290 | cougar_04 hippo_02
2026-06-30 11:20:08,962 INFO: avg err:0.5470 | err:0.6639 | cougar_04 hippo_03
2026-06-30 11:20:09,253 INFO: avg err:0.5437 | err:0.3221 | cougar_04 hippo_04
2026-06-30 11:20:09,577 INFO: avg err:0.5405 | err:0.3191 | cougar_04 hippo_05
2026-06-30 11:20:09,871 INFO: avg err:0.5362 | err:0.2422 | cougar_04 hippo_06
2026-06-30 11:20:10,139 INFO: avg err:0.5325 | err:0.2706 | cougar_04 horse_01
2026-06-30 11:20:10,384 INFO: avg err:0.5361 | err:0.7931 | cougar_04 horse_02
2026-06-30 11:20:10,704 INFO: avg err:0.5327 | err:0.2896 | cougar_04 horse_03
2026-06-30 11:20:11,019 INFO: avg err:0.5289 | err:0.2486 | cougar_04 horse_04
2026-06-30 11:20:11,308 INFO: avg err:0.5279 | err:0.4569 | cougar_04 horse_05
2026-06-30 11:20:11,553 INFO: avg err:0.5246 | err:0.2766 | cougar_04 horse_06
2026-06-30 11:20:11,964 INFO: avg err:0.5205 | err:0.2099 | cougar_04 horse_07
2026-06-30 11:20:12,280 INFO: avg err:0.5191 | err:0.4079 | cougar_04 horse_08
2026-06-30 11:20:12,654 INFO: avg err:0.5221 | err:0.7549 | cougar_04 horse_09
2026-06-30 11:20:12,884 INFO: avg err:0.5237 | err:0.6535 | cougar_04 horse_10
2026-06-30 11:20:13,319 INFO: avg err:0.5258 | err:0.6952 | hippo_01 cougar_01
2026-06-30 11:20:13,541 INFO: avg err:0.5280 | err:0.7064 | hippo_01 cougar_02
2026-06-30 11:20:14,073 INFO: avg err:0.5252 | err:0.2896 | hippo_01 cougar_03
2026-06-30 11:20:14,308 INFO: avg err:0.5213 | err:0.2016 | hippo_01 cougar_04
2026-06-30 11:20:14,636 INFO: avg err:0.5152 | err:0.0000 | hippo_01 hippo_01
2026-06-30 11:20:14,958 INFO: avg err:0.5112 | err:0.1716 | hippo_01 hippo_02
2026-06-30 11:20:15,245 INFO: avg err:0.5123 | err:0.6067 | hippo_01 hippo_03
2026-06-30 11:20:15,512 INFO: avg err:0.5074 | err:0.0841 | hippo_01 hippo_04
2026-06-30 11:20:15,804 INFO: avg err:0.5051 | err:0.2976 | hippo_01 hippo_05
2026-06-30 11:20:16,025 INFO: avg err:0.5011 | err:0.1516 | hippo_01 hippo_06
2026-06-30 11:20:16,285 INFO: avg err:0.4986 | err:0.2698 | hippo_01 horse_01
2026-06-30 11:20:16,552 INFO: avg err:0.5001 | err:0.6404 | hippo_01 horse_02
2026-06-30 11:20:16,832 INFO: avg err:0.4970 | err:0.2049 | hippo_01 horse_03
2026-06-30 11:20:17,144 INFO: avg err:0.4943 | err:0.2469 | hippo_01 horse_04
2026-06-30 11:20:17,471 INFO: avg err:0.4911 | err:0.1908 | hippo_01 horse_05
2026-06-30 11:20:17,817 INFO: avg err:0.4884 | err:0.2327 | hippo_01 horse_06
2026-06-30 11:20:18,211 INFO: avg err:0.4862 | err:0.2713 | hippo_01 horse_07
2026-06-30 11:20:18,465 INFO: avg err:0.4858 | err:0.4505 | hippo_01 horse_08
2026-06-30 11:20:18,746 INFO: avg err:0.4862 | err:0.5208 | hippo_01 horse_09
2026-06-30 11:20:18,979 INFO: avg err:0.4875 | err:0.6191 | hippo_01 horse_10
2026-06-30 11:20:19,265 INFO: avg err:0.4892 | err:0.6607 | hippo_02 cougar_01
2026-06-30 11:20:19,575 INFO: avg err:0.4912 | err:0.6908 | hippo_02 cougar_02
2026-06-30 11:20:19,893 INFO: avg err:0.4894 | err:0.3077 | hippo_02 cougar_03
2026-06-30 11:20:20,241 INFO: avg err:0.4862 | err:0.1611 | hippo_02 cougar_04
2026-06-30 11:20:20,561 INFO: avg err:0.4829 | err:0.1375 | hippo_02 hippo_01
2026-06-30 11:20:20,831 INFO: avg err:0.4784 | err:0.0000 | hippo_02 hippo_02
2026-06-30 11:20:21,086 INFO: avg err:0.4794 | err:0.5937 | hippo_02 hippo_03
2026-06-30 11:20:21,331 INFO: avg err:0.4775 | err:0.2721 | hippo_02 hippo_04
2026-06-30 11:20:21,574 INFO: avg err:0.4756 | err:0.2637 | hippo_02 hippo_05
2026-06-30 11:20:21,887 INFO: avg err:0.4725 | err:0.1439 | hippo_02 hippo_06
2026-06-30 11:20:22,137 INFO: avg err:0.4700 | err:0.1927 | hippo_02 horse_01
2026-06-30 11:20:22,633 INFO: avg err:0.4713 | err:0.6094 | hippo_02 horse_02
2026-06-30 11:20:22,903 INFO: avg err:0.4691 | err:0.2255 | hippo_02 horse_03
2026-06-30 11:20:23,158 INFO: avg err:0.4668 | err:0.2056 | hippo_02 horse_04
2026-06-30 11:20:23,406 INFO: avg err:0.4639 | err:0.1355 | hippo_02 horse_05
2026-06-30 11:20:23,977 INFO: avg err:0.4618 | err:0.2239 | hippo_02 horse_06
2026-06-30 11:20:24,312 INFO: avg err:0.4599 | err:0.2347 | hippo_02 horse_07
2026-06-30 11:20:24,686 INFO: avg err:0.4580 | err:0.2348 | hippo_02 horse_08
2026-06-30 11:20:25,010 INFO: avg err:0.4588 | err:0.5561 | hippo_02 horse_09
2026-06-30 11:20:25,289 INFO: avg err:0.4594 | err:0.5310 | hippo_02 horse_10
2026-06-30 11:20:25,611 INFO: avg err:0.4575 | err:0.2266 | hippo_03 cougar_01
2026-06-30 11:20:25,910 INFO: avg err:0.4554 | err:0.1989 | hippo_03 cougar_02
2026-06-30 11:20:26,172 INFO: avg err:0.4572 | err:0.6852 | hippo_03 cougar_03
2026-06-30 11:20:26,450 INFO: avg err:0.4587 | err:0.6419 | hippo_03 cougar_04
2026-06-30 11:20:26,765 INFO: avg err:0.4601 | err:0.6260 | hippo_03 hippo_01
2026-06-30 11:20:27,108 INFO: avg err:0.4615 | err:0.6395 | hippo_03 hippo_02
2026-06-30 11:20:27,423 INFO: avg err:0.4579 | err:0.0000 | hippo_03 hippo_03
2026-06-30 11:20:27,696 INFO: avg err:0.4590 | err:0.6094 | hippo_03 hippo_04
2026-06-30 11:20:27,920 INFO: avg err:0.4607 | err:0.6740 | hippo_03 hippo_05
2026-06-30 11:20:28,180 INFO: avg err:0.4611 | err:0.5143 | hippo_03 hippo_06
2026-06-30 11:20:28,424 INFO: avg err:0.4628 | err:0.6871 | hippo_03 horse_01
2026-06-30 11:20:28,657 INFO: avg err:0.4620 | err:0.3532 | hippo_03 horse_02
2026-06-30 11:20:29,001 INFO: avg err:0.4632 | err:0.6146 | hippo_03 horse_03
2026-06-30 11:20:29,295 INFO: avg err:0.4643 | err:0.6185 | hippo_03 horse_04
2026-06-30 11:20:29,538 INFO: avg err:0.4650 | err:0.5616 | hippo_03 horse_05
2026-06-30 11:20:29,836 INFO: avg err:0.4664 | err:0.6560 | hippo_03 horse_06
2026-06-30 11:20:30,082 INFO: avg err:0.4672 | err:0.5693 | hippo_03 horse_07
2026-06-30 11:20:30,540 INFO: avg err:0.4684 | err:0.6285 | hippo_03 horse_08
2026-06-30 11:20:30,771 INFO: avg err:0.4680 | err:0.4251 | hippo_03 horse_09
2026-06-30 11:20:31,121 INFO: avg err:0.4682 | err:0.4888 | hippo_03 horse_10
2026-06-30 11:20:31,341 INFO: avg err:0.4697 | err:0.6793 | hippo_04 cougar_01
2026-06-30 11:20:31,637 INFO: avg err:0.4711 | err:0.6705 | hippo_04 cougar_02
2026-06-30 11:20:31,966 INFO: avg err:0.4698 | err:0.2859 | hippo_04 cougar_03
2026-06-30 11:20:32,230 INFO: avg err:0.4682 | err:0.2433 | hippo_04 cougar_04
2026-06-30 11:20:32,509 INFO: avg err:0.4654 | err:0.0598 | hippo_04 hippo_01
2026-06-30 11:20:32,974 INFO: avg err:0.4638 | err:0.2290 | hippo_04 hippo_02
2026-06-30 11:20:33,265 INFO: avg err:0.4647 | err:0.5918 | hippo_04 hippo_03
2026-06-30 11:20:33,573 INFO: avg err:0.4615 | err:0.0000 | hippo_04 hippo_04
2026-06-30 11:20:33,811 INFO: avg err:0.4598 | err:0.1999 | hippo_04 hippo_05
2026-06-30 11:20:34,046 INFO: avg err:0.4585 | err:0.2738 | hippo_04 hippo_06
2026-06-30 11:20:34,342 INFO: avg err:0.4569 | err:0.2101 | hippo_04 horse_01
2026-06-30 11:20:34,591 INFO: avg err:0.4581 | err:0.6338 | hippo_04 horse_02
2026-06-30 11:20:34,828 INFO: avg err:0.4560 | err:0.1498 | hippo_04 horse_03
2026-06-30 11:20:35,250 INFO: avg err:0.4539 | err:0.1184 | hippo_04 horse_04
2026-06-30 11:20:35,527 INFO: avg err:0.4525 | err:0.2415 | hippo_04 horse_05
2026-06-30 11:20:35,871 INFO: avg err:0.4506 | err:0.1512 | hippo_04 horse_06
2026-06-30 11:20:36,203 INFO: avg err:0.4491 | err:0.2271 | hippo_04 horse_07
2026-06-30 11:20:36,469 INFO: avg err:0.4482 | err:0.3057 | hippo_04 horse_08
2026-06-30 11:20:36,731 INFO: avg err:0.4482 | err:0.4434 | hippo_04 horse_09
2026-06-30 11:20:36,970 INFO: avg err:0.4489 | err:0.5554 | hippo_04 horse_10
2026-06-30 11:20:37,289 INFO: avg err:0.4501 | err:0.6524 | hippo_05 cougar_01
2026-06-30 11:20:37,571 INFO: avg err:0.4512 | err:0.6183 | hippo_05 cougar_02
2026-06-30 11:20:37,833 INFO: avg err:0.4503 | err:0.3116 | hippo_05 cougar_03
2026-06-30 11:20:38,206 INFO: avg err:0.4493 | err:0.2805 | hippo_05 cougar_04
2026-06-30 11:20:38,496 INFO: avg err:0.4480 | err:0.2382 | hippo_05 hippo_01
2026-06-30 11:20:38,739 INFO: avg err:0.4466 | err:0.2093 | hippo_05 hippo_02
2026-06-30 11:20:39,035 INFO: avg err:0.4477 | err:0.6343 | hippo_05 hippo_03
2026-06-30 11:20:39,257 INFO: avg err:0.4464 | err:0.2253 | hippo_05 hippo_04
2026-06-30 11:20:39,518 INFO: avg err:0.4437 | err:0.0000 | hippo_05 hippo_05
2026-06-30 11:20:40,020 INFO: avg err:0.4431 | err:0.3313 | hippo_05 hippo_06
2026-06-30 11:20:40,328 INFO: avg err:0.4413 | err:0.1456 | hippo_05 horse_01
2026-06-30 11:20:40,714 INFO: avg err:0.4418 | err:0.5259 | hippo_05 horse_02
2026-06-30 11:20:40,925 INFO: avg err:0.4401 | err:0.1459 | hippo_05 horse_03
2026-06-30 11:20:41,351 INFO: avg err:0.4387 | err:0.1963 | hippo_05 horse_04
2026-06-30 11:20:41,593 INFO: avg err:0.4379 | err:0.3038 | hippo_05 horse_05
2026-06-30 11:20:42,133 INFO: avg err:0.4363 | err:0.1473 | hippo_05 horse_06
2026-06-30 11:20:42,446 INFO: avg err:0.4350 | err:0.2055 | hippo_05 horse_07
2026-06-30 11:20:42,767 INFO: avg err:0.4339 | err:0.2444 | hippo_05 horse_08
2026-06-30 11:20:43,038 INFO: avg err:0.4343 | err:0.5133 | hippo_05 horse_09
2026-06-30 11:20:43,300 INFO: avg err:0.4348 | err:0.5176 | hippo_05 horse_10
2026-06-30 11:20:43,631 INFO: avg err:0.4360 | err:0.6525 | hippo_06 cougar_01
2026-06-30 11:20:43,959 INFO: avg err:0.4374 | err:0.6821 | hippo_06 cougar_02
2026-06-30 11:20:44,202 INFO: avg err:0.4367 | err:0.3178 | hippo_06 cougar_03
2026-06-30 11:20:44,605 INFO: avg err:0.4358 | err:0.2690 | hippo_06 cougar_04
2026-06-30 11:20:44,847 INFO: avg err:0.4341 | err:0.1279 | hippo_06 hippo_01
2026-06-30 11:20:45,312 INFO: avg err:0.4327 | err:0.1627 | hippo_06 hippo_02
2026-06-30 11:20:45,604 INFO: avg err:0.4329 | err:0.4802 | hippo_06 hippo_03
2026-06-30 11:20:45,900 INFO: avg err:0.4320 | err:0.2674 | hippo_06 hippo_04
2026-06-30 11:20:46,136 INFO: avg err:0.4317 | err:0.3710 | hippo_06 hippo_05
2026-06-30 11:20:46,525 INFO: avg err:0.4294 | err:0.0000 | hippo_06 hippo_06
2026-06-30 11:20:46,767 INFO: avg err:0.4285 | err:0.2551 | hippo_06 horse_01
2026-06-30 11:20:47,144 INFO: avg err:0.4295 | err:0.6065 | hippo_06 horse_02
2026-06-30 11:20:47,369 INFO: avg err:0.4285 | err:0.2490 | hippo_06 horse_03
2026-06-30 11:20:47,702 INFO: avg err:0.4278 | err:0.2786 | hippo_06 horse_04
2026-06-30 11:20:47,964 INFO: avg err:0.4264 | err:0.1623 | hippo_06 horse_05
2026-06-30 11:20:48,290 INFO: avg err:0.4257 | err:0.2813 | hippo_06 horse_06
2026-06-30 11:20:48,566 INFO: avg err:0.4249 | err:0.2701 | hippo_06 horse_07
2026-06-30 11:20:48,923 INFO: avg err:0.4244 | err:0.3415 | hippo_06 horse_08
2026-06-30 11:20:49,202 INFO: avg err:0.4248 | err:0.4922 | hippo_06 horse_09
2026-06-30 11:20:49,479 INFO: avg err:0.4259 | err:0.6422 | hippo_06 horse_10
2026-06-30 11:20:49,699 INFO: avg err:0.4276 | err:0.7744 | horse_01 cougar_01
2026-06-30 11:20:50,006 INFO: avg err:0.4295 | err:0.8065 | horse_01 cougar_02
2026-06-30 11:20:50,275 INFO: avg err:0.4293 | err:0.4002 | horse_01 cougar_03
2026-06-30 11:20:50,546 INFO: avg err:0.4289 | err:0.3428 | horse_01 cougar_04
2026-06-30 11:20:50,780 INFO: avg err:0.4285 | err:0.3381 | horse_01 hippo_01
2026-06-30 11:20:51,115 INFO: avg err:0.4277 | err:0.2719 | horse_01 hippo_02
2026-06-30 11:20:51,369 INFO: avg err:0.4290 | err:0.6971 | horse_01 hippo_03
2026-06-30 11:20:51,741 INFO: avg err:0.4284 | err:0.3049 | horse_01 hippo_04
2026-06-30 11:20:52,054 INFO: avg err:0.4272 | err:0.1708 | horse_01 hippo_05
2026-06-30 11:20:52,377 INFO: avg err:0.4270 | err:0.3990 | horse_01 hippo_06
2026-06-30 11:20:52,639 INFO: avg err:0.4250 | err:0.0000 | horse_01 horse_01
2026-06-30 11:20:52,864 INFO: avg err:0.4259 | err:0.6187 | horse_01 horse_02
2026-06-30 11:20:53,112 INFO: avg err:0.4256 | err:0.3636 | horse_01 horse_03
2026-06-30 11:20:53,517 INFO: avg err:0.4246 | err:0.2107 | horse_01 horse_04
2026-06-30 11:20:53,764 INFO: avg err:0.4244 | err:0.3823 | horse_01 horse_05
2026-06-30 11:20:54,077 INFO: avg err:0.4241 | err:0.3480 | horse_01 horse_06
2026-06-30 11:20:54,342 INFO: avg err:0.4236 | err:0.3287 | horse_01 horse_07
2026-06-30 11:20:54,586 INFO: avg err:0.4232 | err:0.3215 | horse_01 horse_08
2026-06-30 11:20:55,040 INFO: avg err:0.4238 | err:0.5605 | horse_01 horse_09
2026-06-30 11:20:55,394 INFO: avg err:0.4245 | err:0.5778 | horse_01 horse_10
2026-06-30 11:20:55,657 INFO: avg err:0.4234 | err:0.1896 | horse_02 cougar_01
2026-06-30 11:20:55,984 INFO: avg err:0.4231 | err:0.3384 | horse_02 cougar_02
2026-06-30 11:20:56,241 INFO: avg err:0.4247 | err:0.7831 | horse_02 cougar_03
2026-06-30 11:20:56,510 INFO: avg err:0.4262 | err:0.7652 | horse_02 cougar_04
2026-06-30 11:20:56,830 INFO: avg err:0.4276 | err:0.7390 | horse_02 hippo_01
2026-06-30 11:20:57,067 INFO: avg err:0.4288 | err:0.7024 | horse_02 hippo_02
2026-06-30 11:20:57,470 INFO: avg err:0.4285 | err:0.3592 | horse_02 hippo_03
2026-06-30 11:20:57,698 INFO: avg err:0.4298 | err:0.7169 | horse_02 hippo_04
2026-06-30 11:20:58,047 INFO: avg err:0.4310 | err:0.7243 | horse_02 hippo_05
2026-06-30 11:20:58,367 INFO: avg err:0.4322 | err:0.6966 | horse_02 hippo_06
2026-06-30 11:20:58,609 INFO: avg err:0.4329 | err:0.6043 | horse_02 horse_01
2026-06-30 11:20:58,856 INFO: avg err:0.4311 | err:0.0000 | horse_02 horse_02
2026-06-30 11:20:59,304 INFO: avg err:0.4323 | err:0.7142 | horse_02 horse_03
2026-06-30 11:20:59,547 INFO: avg err:0.4337 | err:0.7587 | horse_02 horse_04
2026-06-30 11:20:59,973 INFO: avg err:0.4347 | err:0.6798 | horse_02 horse_05
2026-06-30 11:21:00,275 INFO: avg err:0.4360 | err:0.7308 | horse_02 horse_06
2026-06-30 11:21:00,580 INFO: avg err:0.4373 | err:0.7525 | horse_02 horse_07
2026-06-30 11:21:00,813 INFO: avg err:0.4374 | err:0.4589 | horse_02 horse_08
2026-06-30 11:21:01,120 INFO: avg err:0.4367 | err:0.2770 | horse_02 horse_09
2026-06-30 11:21:01,370 INFO: avg err:0.4363 | err:0.3205 | horse_02 horse_10
2026-06-30 11:21:01,636 INFO: avg err:0.4378 | err:0.8005 | horse_03 cougar_01
2026-06-30 11:21:01,870 INFO: avg err:0.4392 | err:0.7788 | horse_03 cougar_02
2026-06-30 11:21:02,437 INFO: avg err:0.4386 | err:0.3083 | horse_03 cougar_03
2026-06-30 11:21:02,751 INFO: avg err:0.4383 | err:0.3605 | horse_03 cougar_04
2026-06-30 11:21:03,131 INFO: avg err:0.4375 | err:0.2476 | horse_03 hippo_01
2026-06-30 11:21:03,354 INFO: avg err:0.4372 | err:0.3649 | horse_03 hippo_02
2026-06-30 11:21:03,681 INFO: avg err:0.4384 | err:0.7132 | horse_03 hippo_03
2026-06-30 11:21:03,928 INFO: avg err:0.4375 | err:0.2356 | horse_03 hippo_04
2026-06-30 11:21:04,282 INFO: avg err:0.4365 | err:0.1801 | horse_03 hippo_05
2026-06-30 11:21:04,521 INFO: avg err:0.4364 | err:0.4126 | horse_03 hippo_06
2026-06-30 11:21:05,022 INFO: avg err:0.4359 | err:0.2952 | horse_03 horse_01
2026-06-30 11:21:05,262 INFO: avg err:0.4368 | err:0.6780 | horse_03 horse_02
2026-06-30 11:21:05,708 INFO: avg err:0.4351 | err:0.0000 | horse_03 horse_03
2026-06-30 11:21:06,021 INFO: avg err:0.4339 | err:0.1277 | horse_03 horse_04
2026-06-30 11:21:06,301 INFO: avg err:0.4336 | err:0.3582 | horse_03 horse_05
2026-06-30 11:21:06,608 INFO: avg err:0.4322 | err:0.0721 | horse_03 horse_06
2026-06-30 11:21:06,974 INFO: avg err:0.4313 | err:0.2015 | horse_03 horse_07
2026-06-30 11:21:07,220 INFO: avg err:0.4308 | err:0.3119 | horse_03 horse_08
2026-06-30 11:21:07,493 INFO: avg err:0.4314 | err:0.5729 | horse_03 horse_09
2026-06-30 11:21:07,716 INFO: avg err:0.4318 | err:0.5534 | horse_03 horse_10
2026-06-30 11:21:08,055 INFO: avg err:0.4334 | err:0.8345 | horse_04 cougar_01
2026-06-30 11:21:08,278 INFO: avg err:0.4345 | err:0.7290 | horse_04 cougar_02
2026-06-30 11:21:08,536 INFO: avg err:0.4339 | err:0.2687 | horse_04 cougar_03
2026-06-30 11:21:08,764 INFO: avg err:0.4336 | err:0.3644 | horse_04 cougar_04
2026-06-30 11:21:09,190 INFO: avg err:0.4330 | err:0.2762 | horse_04 hippo_01
2026-06-30 11:21:09,431 INFO: avg err:0.4324 | err:0.2652 | horse_04 hippo_02
2026-06-30 11:21:09,777 INFO: avg err:0.4334 | err:0.7034 | horse_04 hippo_03
2026-06-30 11:21:09,997 INFO: avg err:0.4325 | err:0.2051 | horse_04 hippo_04
2026-06-30 11:21:10,415 INFO: avg err:0.4321 | err:0.3183 | horse_04 hippo_05
2026-06-30 11:21:10,717 INFO: avg err:0.4321 | err:0.4393 | horse_04 hippo_06
2026-06-30 11:21:11,124 INFO: avg err:0.4314 | err:0.2379 | horse_04 horse_01
2026-06-30 11:21:11,357 INFO: avg err:0.4325 | err:0.7107 | horse_04 horse_02
2026-06-30 11:21:11,646 INFO: avg err:0.4315 | err:0.1760 | horse_04 horse_03
2026-06-30 11:21:11,885 INFO: avg err:0.4299 | err:0.0000 | horse_04 horse_04
2026-06-30 11:21:12,275 INFO: avg err:0.4295 | err:0.3132 | horse_04 horse_05
2026-06-30 11:21:12,540 INFO: avg err:0.4288 | err:0.2337 | horse_04 horse_06
2026-06-30 11:21:12,896 INFO: avg err:0.4282 | err:0.2628 | horse_04 horse_07
2026-06-30 11:21:13,136 INFO: avg err:0.4281 | err:0.4105 | horse_04 horse_08
2026-06-30 11:21:13,498 INFO: avg err:0.4285 | err:0.5304 | horse_04 horse_09
2026-06-30 11:21:13,785 INFO: avg err:0.4290 | err:0.5632 | horse_04 horse_10
2026-06-30 11:21:14,020 INFO: avg err:0.4308 | err:0.9279 | horse_05 cougar_01
2026-06-30 11:21:14,252 INFO: avg err:0.4325 | err:0.9267 | horse_05 cougar_02
2026-06-30 11:21:14,517 INFO: avg err:0.4328 | err:0.4992 | horse_05 cougar_03
2026-06-30 11:21:14,747 INFO: avg err:0.4328 | err:0.4527 | horse_05 cougar_04
2026-06-30 11:21:15,229 INFO: avg err:0.4325 | err:0.3469 | horse_05 hippo_01
2026-06-30 11:21:15,493 INFO: avg err:0.4316 | err:0.1699 | horse_05 hippo_02
2026-06-30 11:21:15,780 INFO: avg err:0.4328 | err:0.7735 | horse_05 hippo_03
2026-06-30 11:21:16,050 INFO: avg err:0.4328 | err:0.4386 | horse_05 hippo_04
2026-06-30 11:21:16,315 INFO: avg err:0.4331 | err:0.5107 | horse_05 hippo_05
2026-06-30 11:21:16,523 INFO: avg err:0.4326 | err:0.2930 | horse_05 hippo_06
2026-06-30 11:21:16,919 INFO: avg err:0.4321 | err:0.2818 | horse_05 horse_01
2026-06-30 11:21:17,129 INFO: avg err:0.4334 | err:0.8115 | horse_05 horse_02
2026-06-30 11:21:17,503 INFO: avg err:0.4333 | err:0.4037 | horse_05 horse_03
2026-06-30 11:21:17,708 INFO: avg err:0.4328 | err:0.2919 | horse_05 horse_04
2026-06-30 11:21:18,076 INFO: avg err:0.4313 | err:0.0001 | horse_05 horse_05
2026-06-30 11:21:18,326 INFO: avg err:0.4315 | err:0.4859 | horse_05 horse_06
2026-06-30 11:21:18,824 INFO: avg err:0.4316 | err:0.4623 | horse_05 horse_07
2026-06-30 11:21:19,141 INFO: avg err:0.4316 | err:0.4285 | horse_05 horse_08
2026-06-30 11:21:19,486 INFO: avg err:0.4328 | err:0.7800 | horse_05 horse_09
2026-06-30 11:21:19,759 INFO: avg err:0.4342 | err:0.8597 | horse_05 horse_10
2026-06-30 11:21:20,089 INFO: avg err:0.4353 | err:0.7742 | horse_06 cougar_01
2026-06-30 11:21:20,386 INFO: avg err:0.4365 | err:0.7773 | horse_06 cougar_02
2026-06-30 11:21:20,722 INFO: avg err:0.4359 | err:0.2686 | horse_06 cougar_03
2026-06-30 11:21:20,975 INFO: avg err:0.4355 | err:0.3226 | horse_06 cougar_04
2026-06-30 11:21:21,334 INFO: avg err:0.4353 | err:0.3733 | horse_06 hippo_01
2026-06-30 11:21:21,579 INFO: avg err:0.4352 | err:0.3847 | horse_06 hippo_02
2026-06-30 11:21:21,922 INFO: avg err:0.4359 | err:0.6721 | horse_06 hippo_03
2026-06-30 11:21:22,242 INFO: avg err:0.4356 | err:0.3366 | horse_06 hippo_04
2026-06-30 11:21:22,548 INFO: avg err:0.4349 | err:0.2050 | horse_06 hippo_05
2026-06-30 11:21:22,787 INFO: avg err:0.4350 | err:0.4601 | horse_06 hippo_06
2026-06-30 11:21:23,034 INFO: avg err:0.4346 | err:0.3086 | horse_06 horse_01
2026-06-30 11:21:23,251 INFO: avg err:0.4353 | err:0.6634 | horse_06 horse_02
2026-06-30 11:21:23,610 INFO: avg err:0.4341 | err:0.0568 | horse_06 horse_03
2026-06-30 11:21:23,927 INFO: avg err:0.4332 | err:0.1589 | horse_06 horse_04
2026-06-30 11:21:24,224 INFO: avg err:0.4332 | err:0.4293 | horse_06 horse_05
2026-06-30 11:21:24,447 INFO: avg err:0.4318 | err:0.0001 | horse_06 horse_06
2026-06-30 11:21:24,827 INFO: avg err:0.4308 | err:0.1092 | horse_06 horse_07
2026-06-30 11:21:25,146 INFO: avg err:0.4304 | err:0.3133 | horse_06 horse_08
2026-06-30 11:21:25,586 INFO: avg err:0.4307 | err:0.5135 | horse_06 horse_09
2026-06-30 11:21:25,898 INFO: avg err:0.4309 | err:0.5074 | horse_06 horse_10
2026-06-30 11:21:26,205 INFO: avg err:0.4319 | err:0.7327 | horse_07 cougar_01
2026-06-30 11:21:26,433 INFO: avg err:0.4329 | err:0.7687 | horse_07 cougar_02
2026-06-30 11:21:26,687 INFO: avg err:0.4323 | err:0.2464 | horse_07 cougar_03
2026-06-30 11:21:26,903 INFO: avg err:0.4317 | err:0.2351 | horse_07 cougar_04
2026-06-30 11:21:27,159 INFO: avg err:0.4316 | err:0.3859 | horse_07 hippo_01
2026-06-30 11:21:27,406 INFO: avg err:0.4313 | err:0.3459 | horse_07 hippo_02
2026-06-30 11:21:27,699 INFO: avg err:0.4321 | err:0.6786 | horse_07 hippo_03
2026-06-30 11:21:28,001 INFO: avg err:0.4318 | err:0.3321 | horse_07 hippo_04
2026-06-30 11:21:28,290 INFO: avg err:0.4314 | err:0.3020 | horse_07 hippo_05
2026-06-30 11:21:28,544 INFO: avg err:0.4312 | err:0.3790 | horse_07 hippo_06
2026-06-30 11:21:28,797 INFO: avg err:0.4309 | err:0.3339 | horse_07 horse_01
2026-06-30 11:21:29,021 INFO: avg err:0.4318 | err:0.7200 | horse_07 horse_02
2026-06-30 11:21:29,359 INFO: avg err:0.4311 | err:0.1926 | horse_07 horse_03
2026-06-30 11:21:29,591 INFO: avg err:0.4305 | err:0.2283 | horse_07 horse_04
2026-06-30 11:21:29,967 INFO: avg err:0.4305 | err:0.4337 | horse_07 horse_05
2026-06-30 11:21:30,420 INFO: avg err:0.4297 | err:0.1680 | horse_07 horse_06
2026-06-30 11:21:30,738 INFO: avg err:0.4284 | err:0.0002 | horse_07 horse_07
2026-06-30 11:21:31,062 INFO: avg err:0.4279 | err:0.2368 | horse_07 horse_08
2026-06-30 11:21:31,371 INFO: avg err:0.4281 | err:0.4972 | horse_07 horse_09
2026-06-30 11:21:31,644 INFO: avg err:0.4290 | err:0.7292 | horse_07 horse_10
2026-06-30 11:21:31,961 INFO: avg err:0.4300 | err:0.7826 | horse_08 cougar_01
2026-06-30 11:21:32,269 INFO: avg err:0.4309 | err:0.7406 | horse_08 cougar_02
2026-06-30 11:21:32,523 INFO: avg err:0.4306 | err:0.3331 | horse_08 cougar_03
2026-06-30 11:21:32,794 INFO: avg err:0.4305 | err:0.3935 | horse_08 cougar_04
2026-06-30 11:21:33,129 INFO: avg err:0.4304 | err:0.3894 | horse_08 hippo_01
2026-06-30 11:21:33,420 INFO: avg err:0.4302 | err:0.3695 | horse_08 hippo_02
2026-06-30 11:21:33,730 INFO: avg err:0.4309 | err:0.6617 | horse_08 hippo_03
2026-06-30 11:21:34,043 INFO: avg err:0.4307 | err:0.3844 | horse_08 hippo_04
2026-06-30 11:21:34,301 INFO: avg err:0.4302 | err:0.2441 | horse_08 hippo_05
2026-06-30 11:21:34,646 INFO: avg err:0.4302 | err:0.4319 | horse_08 hippo_06
2026-06-30 11:21:34,947 INFO: avg err:0.4299 | err:0.3052 | horse_08 horse_01
2026-06-30 11:21:35,200 INFO: avg err:0.4306 | err:0.6954 | horse_08 horse_02
2026-06-30 11:21:35,444 INFO: avg err:0.4307 | err:0.4509 | horse_08 horse_03
2026-06-30 11:21:35,661 INFO: avg err:0.4306 | err:0.4034 | horse_08 horse_04
2026-06-30 11:21:35,928 INFO: avg err:0.4307 | err:0.4718 | horse_08 horse_05
2026-06-30 11:21:36,166 INFO: avg err:0.4306 | err:0.3801 | horse_08 horse_06
2026-06-30 11:21:36,412 INFO: avg err:0.4299 | err:0.1845 | horse_08 horse_07
2026-06-30 11:21:36,653 INFO: avg err:0.4287 | err:0.0000 | horse_08 horse_08
2026-06-30 11:21:37,085 INFO: avg err:0.4288 | err:0.4669 | horse_08 horse_09
2026-06-30 11:21:37,359 INFO: avg err:0.4293 | err:0.6049 | horse_08 horse_10
2026-06-30 11:21:37,747 INFO: avg err:0.4291 | err:0.3709 | horse_09 cougar_01
2026-06-30 11:21:37,975 INFO: avg err:0.4288 | err:0.3253 | horse_09 cougar_02
2026-06-30 11:21:38,363 INFO: avg err:0.4296 | err:0.7087 | horse_09 cougar_03
2026-06-30 11:21:38,706 INFO: avg err:0.4305 | err:0.7436 | horse_09 cougar_04
2026-06-30 11:21:39,051 INFO: avg err:0.4312 | err:0.7018 | horse_09 hippo_01
2026-06-30 11:21:39,396 INFO: avg err:0.4318 | err:0.6616 | horse_09 hippo_02
2026-06-30 11:21:39,758 INFO: avg err:0.4318 | err:0.4095 | horse_09 hippo_03
2026-06-30 11:21:40,070 INFO: avg err:0.4325 | err:0.6851 | horse_09 hippo_04
2026-06-30 11:21:40,383 INFO: avg err:0.4329 | err:0.5848 | horse_09 hippo_05
2026-06-30 11:21:40,641 INFO: avg err:0.4335 | err:0.6727 | horse_09 hippo_06
2026-06-30 11:21:40,892 INFO: avg err:0.4341 | err:0.6522 | horse_09 horse_01
2026-06-30 11:21:41,139 INFO: avg err:0.4336 | err:0.2435 | horse_09 horse_02
2026-06-30 11:21:41,452 INFO: avg err:0.4340 | err:0.5680 | horse_09 horse_03
2026-06-30 11:21:41,680 INFO: avg err:0.4346 | err:0.6634 | horse_09 horse_04
2026-06-30 11:21:42,000 INFO: avg err:0.4351 | err:0.6455 | horse_09 horse_05
2026-06-30 11:21:42,225 INFO: avg err:0.4357 | err:0.6309 | horse_09 horse_06
2026-06-30 11:21:42,659 INFO: avg err:0.4363 | err:0.6806 | horse_09 horse_07
2026-06-30 11:21:42,924 INFO: avg err:0.4364 | err:0.4607 | horse_09 horse_08
2026-06-30 11:21:43,244 INFO: avg err:0.4352 | err:0.0000 | horse_09 horse_09
2026-06-30 11:21:43,496 INFO: avg err:0.4346 | err:0.1826 | horse_09 horse_10
2026-06-30 11:21:43,880 INFO: avg err:0.4341 | err:0.2702 | horse_10 cougar_01
2026-06-30 11:21:44,162 INFO: avg err:0.4339 | err:0.3527 | horse_10 cougar_02
2026-06-30 11:21:44,569 INFO: avg err:0.4347 | err:0.7507 | horse_10 cougar_03
2026-06-30 11:21:44,778 INFO: avg err:0.4354 | err:0.6902 | horse_10 cougar_04
2026-06-30 11:21:45,074 INFO: avg err:0.4362 | err:0.7300 | horse_10 hippo_01
2026-06-30 11:21:45,294 INFO: avg err:0.4367 | err:0.6611 | horse_10 hippo_02
2026-06-30 11:21:45,616 INFO: avg err:0.4369 | err:0.5044 | horse_10 hippo_03
2026-06-30 11:21:45,848 INFO: avg err:0.4377 | err:0.7282 | horse_10 hippo_04
2026-06-30 11:21:46,175 INFO: avg err:0.4381 | err:0.6215 | horse_10 hippo_05
2026-06-30 11:21:46,427 INFO: avg err:0.4389 | err:0.7152 | horse_10 hippo_06
2026-06-30 11:21:46,886 INFO: avg err:0.4394 | err:0.6362 | horse_10 horse_01
2026-06-30 11:21:47,174 INFO: avg err:0.4390 | err:0.3139 | horse_10 horse_02
2026-06-30 11:21:47,438 INFO: avg err:0.4394 | err:0.5975 | horse_10 horse_03
2026-06-30 11:21:47,670 INFO: avg err:0.4401 | err:0.7086 | horse_10 horse_04
2026-06-30 11:21:48,064 INFO: avg err:0.4407 | err:0.6842 | horse_10 horse_05
2026-06-30 11:21:48,297 INFO: avg err:0.4412 | err:0.6401 | horse_10 horse_06
2026-06-30 11:21:48,566 INFO: avg err:0.4420 | err:0.7363 | horse_10 horse_07
2026-06-30 11:21:48,815 INFO: avg err:0.4420 | err:0.4284 | horse_10 horse_08
2026-06-30 11:21:49,228 INFO: avg err:0.4413 | err:0.1807 | horse_10 horse_09
2026-06-30 11:21:49,449 INFO: avg err:0.4402 | err:0.0000 | horse_10 horse_10
2026-06-30 11:21:49,481 INFO: Avg time: 0.1048
2026-06-30 11:21:49,991 INFO: Val auc: 0.2183
2026-06-30 11:21:49,996 INFO: Val avg error: 0.4402
2026-06-30 11:21:50,048 INFO: [ONB diag] max|Q-I|: mean=7.1884e-02 max=7.7915e-02 | max|Φ̃ᵀMΦ̃-I|: mean=7.4044e-07 max=8.3447e-07
2026-06-30 11:21:56,029 INFO: [smal_..][epoch: 15, iter:  12,020, lr:(2.855e-04,2.855e-04,)][eta: 0:34:59, time (data): 0.315 (0.016)]l_bij: 1.9217e+02 l_orth: 1.8588e+02 l_align: 1.7795e+02 l_qreg: 1.4264e+00 l_total: 5.5742e+02 
2026-06-30 11:22:01,850 INFO: [smal_..][epoch: 15, iter:  12,040, lr:(2.855e-04,2.855e-04,)][eta: 0:34:49, time (data): 0.312 (0.016)]l_bij: 1.9998e+02 l_orth: 1.9266e+02 l_align: 1.7017e+02 l_qreg: 1.6045e+00 l_total: 5.6442e+02 
2026-06-30 11:22:07,666 INFO: [smal_..][epoch: 15, iter:  12,060, lr:(2.855e-04,2.855e-04,)][eta: 0:34:39, time (data): 0.310 (0.016)]l_bij: 1.9471e+02 l_orth: 1.8933e+02 l_align: 1.7081e+02 l_qreg: 1.6810e+00 l_total: 5.5653e+02 
2026-06-30 11:22:13,738 INFO: [smal_..][epoch: 15, iter:  12,080, lr:(2.855e-04,2.855e-04,)][eta: 0:34:29, time (data): 0.303 (0.015)]l_bij: 1.8426e+02 l_orth: 1.7741e+02 l_align: 1.8982e+02 l_qreg: 1.4899e+00 l_total: 5.5299e+02 
2026-06-30 11:22:19,791 INFO: [smal_..][epoch: 15, iter:  12,100, lr:(2.855e-04,2.855e-04,)][eta: 0:34:19, time (data): 0.303 (0.015)]l_bij: 1.9968e+02 l_orth: 1.9405e+02 l_align: 1.7243e+02 l_qreg: 1.6677e+00 l_total: 5.6783e+02 
2026-06-30 11:22:25,979 INFO: [smal_..][epoch: 15, iter:  12,120, lr:(2.855e-04,2.855e-04,)][eta: 0:34:09, time (data): 0.305 (0.015)]l_bij: 2.0258e+02 l_orth: 1.9824e+02 l_align: 1.6973e+02 l_qreg: 1.5071e+00 l_total: 5.7205e+02 
2026-06-30 11:22:32,129 INFO: [smal_..][epoch: 15, iter:  12,140, lr:(2.855e-04,2.855e-04,)][eta: 0:34:00, time (data): 0.306 (0.015)]l_bij: 1.9074e+02 l_orth: 1.8465e+02 l_align: 1.7951e+02 l_qreg: 1.4253e+00 l_total: 5.5632e+02 
2026-06-30 11:22:38,122 INFO: [smal_..][epoch: 15, iter:  12,160, lr:(2.855e-04,2.855e-04,)][eta: 0:33:50, time (data): 0.304 (0.015)]l_bij: 1.9917e+02 l_orth: 1.9286e+02 l_align: 1.6799e+02 l_qreg: 1.5836e+00 l_total: 5.6161e+02 
2026-06-30 11:22:44,326 INFO: [smal_..][epoch: 15, iter:  12,180, lr:(2.855e-04,2.855e-04,)][eta: 0:33:40, time (data): 0.305 (0.015)]l_bij: 1.9369e+02 l_orth: 1.8727e+02 l_align: 1.8068e+02 l_qreg: 1.6117e+00 l_total: 5.6325e+02 
2026-06-30 11:22:50,380 INFO: [smal_..][epoch: 15, iter:  12,200, lr:(2.855e-04,2.855e-04,)][eta: 0:33:31, time (data): 0.305 (0.015)]l_bij: 1.9677e+02 l_orth: 1.9156e+02 l_align: 1.7438e+02 l_qreg: 1.7669e+00 l_total: 5.6447e+02 
2026-06-30 11:22:56,502 INFO: [smal_..][epoch: 15, iter:  12,220, lr:(2.855e-04,2.855e-04,)][eta: 0:33:21, time (data): 0.305 (0.015)]l_bij: 2.0411e+02 l_orth: 1.9791e+02 l_align: 1.6164e+02 l_qreg: 1.4503e+00 l_total: 5.6512e+02 
2026-06-30 11:23:02,795 INFO: [smal_..][epoch: 15, iter:  12,240, lr:(2.855e-04,2.855e-04,)][eta: 0:33:11, time (data): 0.306 (0.015)]l_bij: 1.8773e+02 l_orth: 1.8091e+02 l_align: 1.8224e+02 l_qreg: 1.6381e+00 l_total: 5.5252e+02 
2026-06-30 11:23:09,012 INFO: [smal_..][epoch: 15, iter:  12,260, lr:(2.855e-04,2.855e-04,)][eta: 0:33:02, time (data): 0.306 (0.015)]l_bij: 2.0467e+02 l_orth: 1.9773e+02 l_align: 1.6663e+02 l_qreg: 1.6778e+00 l_total: 5.7070e+02 
2026-06-30 11:23:15,085 INFO: [smal_..][epoch: 15, iter:  12,280, lr:(2.855e-04,2.855e-04,)][eta: 0:32:52, time (data): 0.303 (0.014)]l_bij: 2.0418e+02 l_orth: 1.9965e+02 l_align: 1.6694e+02 l_qreg: 1.5641e+00 l_total: 5.7233e+02 
2026-06-30 11:23:21,296 INFO: [smal_..][epoch: 15, iter:  12,300, lr:(2.855e-04,2.855e-04,)][eta: 0:32:42, time (data): 0.307 (0.014)]l_bij: 1.9049e+02 l_orth: 1.8516e+02 l_align: 1.7926e+02 l_qreg: 1.6350e+00 l_total: 5.5654e+02 
2026-06-30 11:23:27,455 INFO: [smal_..][epoch: 15, iter:  12,320, lr:(2.855e-04,2.855e-04,)][eta: 0:32:33, time (data): 0.307 (0.015)]l_bij: 1.9101e+02 l_orth: 1.8752e+02 l_align: 1.7839e+02 l_qreg: 1.6360e+00 l_total: 5.5855e+02 
2026-06-30 11:23:33,652 INFO: [smal_..][epoch: 15, iter:  12,340, lr:(2.855e-04,2.855e-04,)][eta: 0:32:23, time (data): 0.308 (0.015)]l_bij: 1.8614e+02 l_orth: 1.8016e+02 l_align: 1.7901e+02 l_qreg: 1.7386e+00 l_total: 5.4704e+02 
2026-06-30 11:23:39,790 INFO: [smal_..][epoch: 15, iter:  12,360, lr:(2.855e-04,2.855e-04,)][eta: 0:32:14, time (data): 0.308 (0.015)]l_bij: 1.9068e+02 l_orth: 1.8733e+02 l_align: 1.8307e+02 l_qreg: 1.7281e+00 l_total: 5.6282e+02 
2026-06-30 11:23:46,020 INFO: [smal_..][epoch: 15, iter:  12,380, lr:(2.855e-04,2.855e-04,)][eta: 0:32:04, time (data): 0.308 (0.015)]l_bij: 1.9181e+02 l_orth: 1.8612e+02 l_align: 1.7523e+02 l_qreg: 1.7451e+00 l_total: 5.5491e+02 
2026-06-30 11:23:52,274 INFO: [smal_..][epoch: 15, iter:  12,400, lr:(2.855e-04,2.855e-04,)][eta: 0:31:55, time (data): 0.309 (0.015)]l_bij: 1.7668e+01 l_orth: 1.9052e+01 l_align: 3.4809e+02 l_qreg: 1.3502e+00 l_total: 3.8616e+02 
2026-06-30 11:23:58,473 INFO: [smal_..][epoch: 15, iter:  12,420, lr:(2.855e-04,2.855e-04,)][eta: 0:31:45, time (data): 0.309 (0.015)]l_bij: 1.9523e+02 l_orth: 1.8764e+02 l_align: 1.8290e+02 l_qreg: 1.4216e+00 l_total: 5.6719e+02 
2026-06-30 11:24:04,625 INFO: [smal_..][epoch: 15, iter:  12,440, lr:(2.855e-04,2.855e-04,)][eta: 0:31:35, time (data): 0.309 (0.015)]l_bij: 1.9676e+02 l_orth: 1.8883e+02 l_align: 1.7402e+02 l_qreg: 1.5333e+00 l_total: 5.6114e+02 
2026-06-30 11:24:10,755 INFO: [smal_..][epoch: 15, iter:  12,460, lr:(2.855e-04,2.855e-04,)][eta: 0:31:26, time (data): 0.308 (0.015)]l_bij: 2.0394e+02 l_orth: 1.9826e+02 l_align: 1.7107e+02 l_qreg: 1.5865e+00 l_total: 5.7485e+02 
2026-06-30 11:24:16,932 INFO: [smal_..][epoch: 15, iter:  12,480, lr:(2.855e-04,2.855e-04,)][eta: 0:31:16, time (data): 0.308 (0.015)]l_bij: 2.0535e+02 l_orth: 1.9813e+02 l_align: 1.6566e+02 l_qreg: 1.5736e+00 l_total: 5.7072e+02 
2026-06-30 11:24:23,168 INFO: [smal_..][epoch: 15, iter:  12,500, lr:(2.855e-04,2.855e-04,)][eta: 0:31:07, time (data): 0.310 (0.015)]l_bij: 1.9226e+02 l_orth: 1.8559e+02 l_align: 1.7408e+02 l_qreg: 1.8582e+00 l_total: 5.5379e+02 
2026-06-30 11:24:29,251 INFO: [smal_..][epoch: 15, iter:  12,520, lr:(2.855e-04,2.855e-04,)][eta: 0:30:57, time (data): 0.308 (0.015)]l_bij: 1.9611e+02 l_orth: 1.9187e+02 l_align: 1.7728e+02 l_qreg: 1.8188e+00 l_total: 5.6708e+02 
2026-06-30 11:24:35,375 INFO: [smal_..][epoch: 15, iter:  12,540, lr:(2.855e-04,2.855e-04,)][eta: 0:30:48, time (data): 0.307 (0.015)]l_bij: 1.9500e+02 l_orth: 1.8924e+02 l_align: 1.7817e+02 l_qreg: 1.7432e+00 l_total: 5.6416e+02 
2026-06-30 11:24:41,470 INFO: [smal_..][epoch: 15, iter:  12,560, lr:(2.855e-04,2.855e-04,)][eta: 0:30:38, time (data): 0.307 (0.015)]l_bij: 2.0064e+02 l_orth: 1.9583e+02 l_align: 1.7480e+02 l_qreg: 1.5626e+00 l_total: 5.7283e+02 
2026-06-30 11:24:47,752 INFO: [smal_..][epoch: 15, iter:  12,580, lr:(2.855e-04,2.855e-04,)][eta: 0:30:29, time (data): 0.308 (0.015)]l_bij: 1.8771e+02 l_orth: 1.8033e+02 l_align: 1.7974e+02 l_qreg: 1.5793e+00 l_total: 5.4935e+02 
2026-06-30 11:24:53,943 INFO: [smal_..][epoch: 15, iter:  12,600, lr:(2.855e-04,2.855e-04,)][eta: 0:30:20, time (data): 0.308 (0.015)]l_bij: 1.9742e+02 l_orth: 1.9180e+02 l_align: 1.7683e+02 l_qreg: 1.6031e+00 l_total: 5.6765e+02 
2026-06-30 11:25:00,412 INFO: [smal_..][epoch: 16, iter:  12,620, lr:(2.318e-04,2.318e-04,)][eta: 0:30:10, time (data): 0.310 (0.016)]l_bij: 1.9356e+02 l_orth: 1.8868e+02 l_align: 1.7908e+02 l_qreg: 1.5485e+00 l_total: 5.6287e+02 
2026-06-30 11:25:06,567 INFO: [smal_..][epoch: 16, iter:  12,640, lr:(2.318e-04,2.318e-04,)][eta: 0:30:01, time (data): 0.310 (0.016)]l_bij: 1.9571e+02 l_orth: 1.9104e+02 l_align: 1.6874e+02 l_qreg: 1.5834e+00 l_total: 5.5708e+02 
2026-06-30 11:25:12,762 INFO: [smal_..][epoch: 16, iter:  12,660, lr:(2.318e-04,2.318e-04,)][eta: 0:29:51, time (data): 0.310 (0.016)]l_bij: 1.9669e+02 l_orth: 1.9122e+02 l_align: 1.7464e+02 l_qreg: 1.5543e+00 l_total: 5.6411e+02 
2026-06-30 11:25:19,001 INFO: [smal_..][epoch: 16, iter:  12,680, lr:(2.318e-04,2.318e-04,)][eta: 0:29:42, time (data): 0.311 (0.016)]l_bij: 2.0983e+01 l_orth: 2.3068e+01 l_align: 3.3689e+02 l_qreg: 1.5075e+00 l_total: 3.8245e+02 
2026-06-30 11:25:25,126 INFO: [smal_..][epoch: 16, iter:  12,700, lr:(2.318e-04,2.318e-04,)][eta: 0:29:33, time (data): 0.308 (0.016)]l_bij: 2.0671e+02 l_orth: 2.0335e+02 l_align: 1.7527e+02 l_qreg: 1.6149e+00 l_total: 5.8694e+02 
2026-06-30 11:25:31,363 INFO: [smal_..][epoch: 16, iter:  12,720, lr:(2.318e-04,2.318e-04,)][eta: 0:29:23, time (data): 0.309 (0.015)]l_bij: 1.9952e+02 l_orth: 1.9204e+02 l_align: 1.7545e+02 l_qreg: 1.7506e+00 l_total: 5.6875e+02 
2026-06-30 11:25:37,509 INFO: [smal_..][epoch: 16, iter:  12,740, lr:(2.318e-04,2.318e-04,)][eta: 0:29:14, time (data): 0.309 (0.015)]l_bij: 2.1402e+02 l_orth: 2.0650e+02 l_align: 1.5592e+02 l_qreg: 1.5367e+00 l_total: 5.7798e+02 
2026-06-30 11:25:43,782 INFO: [smal_..][epoch: 16, iter:  12,760, lr:(2.318e-04,2.318e-04,)][eta: 0:29:04, time (data): 0.310 (0.015)]l_bij: 2.0131e+02 l_orth: 1.9462e+02 l_align: 1.7281e+02 l_qreg: 1.3961e+00 l_total: 5.7014e+02 
2026-06-30 11:25:49,962 INFO: [smal_..][epoch: 16, iter:  12,780, lr:(2.318e-04,2.318e-04,)][eta: 0:28:55, time (data): 0.310 (0.015)]l_bij: 2.0622e+02 l_orth: 1.9929e+02 l_align: 1.7050e+02 l_qreg: 1.6767e+00 l_total: 5.7769e+02 
2026-06-30 11:25:56,093 INFO: [smal_..][epoch: 16, iter:  12,800, lr:(2.318e-04,2.318e-04,)][eta: 0:28:46, time (data): 0.309 (0.015)]l_bij: 1.8888e+02 l_orth: 1.8345e+02 l_align: 1.8055e+02 l_qreg: 1.5495e+00 l_total: 5.5442e+02 
2026-06-30 11:26:02,287 INFO: [smal_..][epoch: 16, iter:  12,820, lr:(2.318e-04,2.318e-04,)][eta: 0:28:36, time (data): 0.309 (0.015)]l_bij: 1.8780e+02 l_orth: 1.8026e+02 l_align: 1.8162e+02 l_qreg: 1.5948e+00 l_total: 5.5127e+02 
2026-06-30 11:26:08,498 INFO: [smal_..][epoch: 16, iter:  12,840, lr:(2.318e-04,2.318e-04,)][eta: 0:28:27, time (data): 0.309 (0.015)]l_bij: 2.0206e+02 l_orth: 1.9481e+02 l_align: 1.7837e+02 l_qreg: 1.6066e+00 l_total: 5.7685e+02 
2026-06-30 11:26:14,687 INFO: [smal_..][epoch: 16, iter:  12,860, lr:(2.318e-04,2.318e-04,)][eta: 0:28:18, time (data): 0.309 (0.015)]l_bij: 1.9027e+02 l_orth: 1.8339e+02 l_align: 1.8139e+02 l_qreg: 1.7124e+00 l_total: 5.5676e+02 
2026-06-30 11:26:20,726 INFO: [smal_..][epoch: 16, iter:  12,880, lr:(2.318e-04,2.318e-04,)][eta: 0:28:08, time (data): 0.305 (0.014)]l_bij: 1.9759e+02 l_orth: 1.9238e+02 l_align: 1.7510e+02 l_qreg: 1.8020e+00 l_total: 5.6687e+02 
2026-06-30 11:26:27,017 INFO: [smal_..][epoch: 16, iter:  12,900, lr:(2.318e-04,2.318e-04,)][eta: 0:27:59, time (data): 0.310 (0.016)]l_bij: 1.9086e+02 l_orth: 1.8341e+02 l_align: 1.7934e+02 l_qreg: 1.6917e+00 l_total: 5.5530e+02 
2026-06-30 11:26:33,254 INFO: [smal_..][epoch: 16, iter:  12,920, lr:(2.318e-04,2.318e-04,)][eta: 0:27:50, time (data): 0.311 (0.016)]l_bij: 2.0728e+02 l_orth: 2.0166e+02 l_align: 1.6595e+02 l_qreg: 1.5554e+00 l_total: 5.7645e+02 
2026-06-30 11:26:39,230 INFO: [smal_..][epoch: 16, iter:  12,940, lr:(2.318e-04,2.318e-04,)][eta: 0:27:40, time (data): 0.308 (0.015)]l_bij: 1.8363e+02 l_orth: 1.7808e+02 l_align: 1.8420e+02 l_qreg: 1.5163e+00 l_total: 5.4742e+02 
2026-06-30 11:26:45,360 INFO: [smal_..][epoch: 16, iter:  12,960, lr:(2.318e-04,2.318e-04,)][eta: 0:27:31, time (data): 0.307 (0.015)]l_bij: 1.9298e+02 l_orth: 1.8673e+02 l_align: 1.7599e+02 l_qreg: 1.5723e+00 l_total: 5.5727e+02 
2026-06-30 11:26:51,638 INFO: [smal_..][epoch: 16, iter:  12,980, lr:(2.318e-04,2.318e-04,)][eta: 0:27:22, time (data): 0.308 (0.015)]l_bij: 1.3479e+01 l_orth: 1.5230e+01 l_align: 3.5111e+02 l_qreg: 1.6849e+00 l_total: 3.8151e+02 
2026-06-30 11:26:57,778 INFO: [smal_..][epoch: 16, iter:  13,000, lr:(2.318e-04,2.318e-04,)][eta: 0:27:13, time (data): 0.308 (0.015)]l_bij: 1.9544e+02 l_orth: 1.8836e+02 l_align: 1.7463e+02 l_qreg: 1.5861e+00 l_total: 5.6001e+02 
2026-06-30 11:27:03,908 INFO: [smal_..][epoch: 16, iter:  13,020, lr:(2.318e-04,2.318e-04,)][eta: 0:27:03, time (data): 0.308 (0.015)]l_bij: 1.9683e+02 l_orth: 1.9097e+02 l_align: 1.7299e+02 l_qreg: 1.7645e+00 l_total: 5.6255e+02 
2026-06-30 11:27:10,092 INFO: [smal_..][epoch: 16, iter:  13,040, lr:(2.318e-04,2.318e-04,)][eta: 0:26:54, time (data): 0.308 (0.015)]l_bij: 2.0923e+02 l_orth: 1.9992e+02 l_align: 1.6997e+02 l_qreg: 1.5154e+00 l_total: 5.8063e+02 
2026-06-30 11:27:16,223 INFO: [smal_..][epoch: 16, iter:  13,060, lr:(2.318e-04,2.318e-04,)][eta: 0:26:45, time (data): 0.308 (0.015)]l_bij: 1.9788e+02 l_orth: 1.9154e+02 l_align: 1.7621e+02 l_qreg: 1.5017e+00 l_total: 5.6712e+02 
2026-06-30 11:27:22,263 INFO: [smal_..][epoch: 16, iter:  13,080, lr:(2.318e-04,2.318e-04,)][eta: 0:26:36, time (data): 0.302 (0.015)]l_bij: 2.1582e+02 l_orth: 2.0996e+02 l_align: 1.5634e+02 l_qreg: 1.6299e+00 l_total: 5.8375e+02 
2026-06-30 11:27:28,326 INFO: [smal_..][epoch: 16, iter:  13,100, lr:(2.318e-04,2.318e-04,)][eta: 0:26:26, time (data): 0.302 (0.015)]l_bij: 1.9514e+02 l_orth: 1.8780e+02 l_align: 1.8046e+02 l_qreg: 1.5093e+00 l_total: 5.6491e+02 
2026-06-30 11:27:34,414 INFO: [smal_..][epoch: 16, iter:  13,120, lr:(2.318e-04,2.318e-04,)][eta: 0:26:17, time (data): 0.303 (0.015)]l_bij: 1.9271e+02 l_orth: 1.8609e+02 l_align: 1.8223e+02 l_qreg: 1.6650e+00 l_total: 5.6270e+02 
2026-06-30 11:27:40,455 INFO: [smal_..][epoch: 16, iter:  13,140, lr:(2.318e-04,2.318e-04,)][eta: 0:26:08, time (data): 0.303 (0.015)]l_bij: 1.9396e+02 l_orth: 1.8822e+02 l_align: 1.7976e+02 l_qreg: 1.7196e+00 l_total: 5.6366e+02 
2026-06-30 11:27:46,515 INFO: [smal_..][epoch: 16, iter:  13,160, lr:(2.318e-04,2.318e-04,)][eta: 0:25:59, time (data): 0.303 (0.015)]l_bij: 1.9537e+02 l_orth: 1.8818e+02 l_align: 1.7702e+02 l_qreg: 1.7496e+00 l_total: 5.6232e+02 
2026-06-30 11:27:52,583 INFO: [smal_..][epoch: 16, iter:  13,180, lr:(2.318e-04,2.318e-04,)][eta: 0:25:50, time (data): 0.303 (0.015)]l_bij: 1.9320e+02 l_orth: 1.8723e+02 l_align: 1.7561e+02 l_qreg: 1.4146e+00 l_total: 5.5746e+02 
2026-06-30 11:27:58,715 INFO: [smal_..][epoch: 16, iter:  13,200, lr:(2.318e-04,2.318e-04,)][eta: 0:25:40, time (data): 0.303 (0.015)]l_bij: 2.1197e+02 l_orth: 2.0608e+02 l_align: 1.6337e+02 l_qreg: 1.6870e+00 l_total: 5.8311e+02 
2026-06-30 11:28:04,837 INFO: [smal_..][epoch: 16, iter:  13,220, lr:(2.318e-04,2.318e-04,)][eta: 0:25:31, time (data): 0.304 (0.015)]l_bij: 1.9098e+02 l_orth: 1.8447e+02 l_align: 1.7923e+02 l_qreg: 1.6284e+00 l_total: 5.5631e+02 
2026-06-30 11:28:10,925 INFO: [smal_..][epoch: 16, iter:  13,240, lr:(2.318e-04,2.318e-04,)][eta: 0:25:22, time (data): 0.304 (0.015)]l_bij: 1.8899e+02 l_orth: 1.8309e+02 l_align: 1.7791e+02 l_qreg: 1.6319e+00 l_total: 5.5162e+02 
2026-06-30 11:28:17,130 INFO: [smal_..][epoch: 16, iter:  13,260, lr:(2.318e-04,2.318e-04,)][eta: 0:25:13, time (data): 0.304 (0.015)]l_bij: 1.8813e+02 l_orth: 1.8140e+02 l_align: 1.8713e+02 l_qreg: 1.8028e+00 l_total: 5.5846e+02 
2026-06-30 11:28:23,357 INFO: [smal_..][epoch: 16, iter:  13,280, lr:(2.318e-04,2.318e-04,)][eta: 0:25:04, time (data): 0.315 (0.016)]l_bij: 1.9053e+02 l_orth: 1.8388e+02 l_align: 1.8014e+02 l_qreg: 1.7270e+00 l_total: 5.5627e+02 
2026-06-30 11:28:29,495 INFO: [smal_..][epoch: 16, iter:  13,300, lr:(2.318e-04,2.318e-04,)][eta: 0:24:55, time (data): 0.310 (0.016)]l_bij: 2.0397e+02 l_orth: 1.9717e+02 l_align: 1.6552e+02 l_qreg: 1.7512e+00 l_total: 5.6842e+02 
2026-06-30 11:28:35,706 INFO: [smal_..][epoch: 16, iter:  13,320, lr:(2.318e-04,2.318e-04,)][eta: 0:24:46, time (data): 0.310 (0.016)]l_bij: 1.8844e+02 l_orth: 1.8338e+02 l_align: 1.8575e+02 l_qreg: 1.9261e+00 l_total: 5.5950e+02 
2026-06-30 11:28:41,806 INFO: [smal_..][epoch: 16, iter:  13,340, lr:(2.318e-04,2.318e-04,)][eta: 0:24:36, time (data): 0.309 (0.016)]l_bij: 1.9608e+02 l_orth: 1.9027e+02 l_align: 1.6917e+02 l_qreg: 1.6122e+00 l_total: 5.5712e+02 
2026-06-30 11:28:47,907 INFO: [smal_..][epoch: 16, iter:  13,360, lr:(2.318e-04,2.318e-04,)][eta: 0:24:27, time (data): 0.308 (0.015)]l_bij: 1.8937e+02 l_orth: 1.8321e+02 l_align: 1.8228e+02 l_qreg: 1.5442e+00 l_total: 5.5641e+02 
2026-06-30 11:28:54,017 INFO: [smal_..][epoch: 16, iter:  13,380, lr:(2.318e-04,2.318e-04,)][eta: 0:24:18, time (data): 0.307 (0.015)]l_bij: 2.0256e+02 l_orth: 1.9468e+02 l_align: 1.6901e+02 l_qreg: 1.5254e+00 l_total: 5.6777e+02 
2026-06-30 11:29:00,163 INFO: [smal_..][epoch: 16, iter:  13,400, lr:(2.318e-04,2.318e-04,)][eta: 0:24:09, time (data): 0.307 (0.015)]l_bij: 1.9464e+02 l_orth: 1.8885e+02 l_align: 1.7092e+02 l_qreg: 1.6060e+00 l_total: 5.5602e+02 
2026-06-30 11:29:06,193 INFO: [smal_..][epoch: 16, iter:  13,420, lr:(2.318e-04,2.318e-04,)][eta: 0:24:00, time (data): 0.307 (0.015)]l_bij: 1.9064e+02 l_orth: 1.8316e+02 l_align: 1.8640e+02 l_qreg: 1.6287e+00 l_total: 5.6183e+02 
2026-06-30 11:29:12,244 INFO: [smal_..][epoch: 16, iter:  13,440, lr:(2.318e-04,2.318e-04,)][eta: 0:23:51, time (data): 0.306 (0.015)]l_bij: 1.9670e+02 l_orth: 1.9081e+02 l_align: 1.7677e+02 l_qreg: 1.7794e+00 l_total: 5.6606e+02 
2026-06-30 11:29:18,739 INFO: [smal_..][epoch: 17, iter:  13,460, lr:(1.859e-04,1.859e-04,)][eta: 0:23:42, time (data): 0.308 (0.017)]l_bij: 1.8431e+02 l_orth: 1.7892e+02 l_align: 1.8355e+02 l_qreg: 1.5551e+00 l_total: 5.4833e+02 
2026-06-30 11:29:24,950 INFO: [smal_..][epoch: 17, iter:  13,480, lr:(1.859e-04,1.859e-04,)][eta: 0:23:33, time (data): 0.311 (0.017)]l_bij: 2.0042e+02 l_orth: 1.9151e+02 l_align: 1.7194e+02 l_qreg: 1.5510e+00 l_total: 5.6543e+02 
2026-06-30 11:29:31,228 INFO: [smal_..][epoch: 17, iter:  13,500, lr:(1.859e-04,1.859e-04,)][eta: 0:23:24, time (data): 0.313 (0.016)]l_bij: 1.9464e+02 l_orth: 1.8781e+02 l_align: 1.7608e+02 l_qreg: 1.6198e+00 l_total: 5.6015e+02 
2026-06-30 11:29:37,847 INFO: [smal_..][epoch: 17, iter:  13,520, lr:(1.859e-04,1.859e-04,)][eta: 0:23:15, time (data): 0.320 (0.016)]l_bij: 1.9445e+02 l_orth: 1.8871e+02 l_align: 1.7896e+02 l_qreg: 1.7425e+00 l_total: 5.6386e+02 
2026-06-30 11:29:44,205 INFO: [smal_..][epoch: 17, iter:  13,540, lr:(1.859e-04,1.859e-04,)][eta: 0:23:06, time (data): 0.319 (0.016)]l_bij: 2.0195e+02 l_orth: 1.9640e+02 l_align: 1.6646e+02 l_qreg: 1.6225e+00 l_total: 5.6644e+02 
2026-06-30 11:29:50,485 INFO: [smal_..][epoch: 17, iter:  13,560, lr:(1.859e-04,1.859e-04,)][eta: 0:22:57, time (data): 0.318 (0.016)]l_bij: 1.8039e+02 l_orth: 1.7532e+02 l_align: 1.8625e+02 l_qreg: 1.7254e+00 l_total: 5.4369e+02 
2026-06-30 11:29:56,774 INFO: [smal_..][epoch: 17, iter:  13,580, lr:(1.859e-04,1.859e-04,)][eta: 0:22:48, time (data): 0.317 (0.015)]l_bij: 1.9026e+02 l_orth: 1.8377e+02 l_align: 1.8169e+02 l_qreg: 1.6031e+00 l_total: 5.5732e+02 
2026-06-30 11:30:03,080 INFO: [smal_..][epoch: 17, iter:  13,600, lr:(1.859e-04,1.859e-04,)][eta: 0:22:39, time (data): 0.317 (0.016)]l_bij: 1.9499e+02 l_orth: 1.8944e+02 l_align: 1.8064e+02 l_qreg: 1.7505e+00 l_total: 5.6683e+02 
2026-06-30 11:30:09,342 INFO: [smal_..][epoch: 17, iter:  13,620, lr:(1.859e-04,1.859e-04,)][eta: 0:22:30, time (data): 0.316 (0.015)]l_bij: 1.9849e+02 l_orth: 1.9150e+02 l_align: 1.7600e+02 l_qreg: 1.4290e+00 l_total: 5.6742e+02 
2026-06-30 11:30:15,590 INFO: [smal_..][epoch: 17, iter:  13,640, lr:(1.859e-04,1.859e-04,)][eta: 0:22:21, time (data): 0.316 (0.015)]l_bij: 1.9293e+02 l_orth: 1.8585e+02 l_align: 1.7671e+02 l_qreg: 1.6468e+00 l_total: 5.5714e+02 
2026-06-30 11:30:21,955 INFO: [smal_..][epoch: 17, iter:  13,660, lr:(1.859e-04,1.859e-04,)][eta: 0:22:12, time (data): 0.316 (0.015)]l_bij: 1.9305e+02 l_orth: 1.8910e+02 l_align: 1.8576e+02 l_qreg: 1.6177e+00 l_total: 5.6952e+02 
2026-06-30 11:30:28,170 INFO: [smal_..][epoch: 17, iter:  13,680, lr:(1.859e-04,1.859e-04,)][eta: 0:22:03, time (data): 0.309 (0.015)]l_bij: 1.9494e+02 l_orth: 1.8967e+02 l_align: 1.7981e+02 l_qreg: 1.6536e+00 l_total: 5.6607e+02 
2026-06-30 11:30:34,428 INFO: [smal_..][epoch: 17, iter:  13,700, lr:(1.859e-04,1.859e-04,)][eta: 0:21:54, time (data): 0.311 (0.015)]l_bij: 1.9737e+02 l_orth: 1.9177e+02 l_align: 1.7591e+02 l_qreg: 1.5240e+00 l_total: 5.6657e+02 
2026-06-30 11:30:40,714 INFO: [smal_..][epoch: 17, iter:  13,720, lr:(1.859e-04,1.859e-04,)][eta: 0:21:46, time (data): 0.312 (0.015)]l_bij: 2.0820e+02 l_orth: 2.0004e+02 l_align: 1.6047e+02 l_qreg: 1.5615e+00 l_total: 5.7027e+02 
2026-06-30 11:30:46,912 INFO: [smal_..][epoch: 17, iter:  13,740, lr:(1.859e-04,1.859e-04,)][eta: 0:21:37, time (data): 0.311 (0.015)]l_bij: 1.9337e+02 l_orth: 1.8572e+02 l_align: 1.7566e+02 l_qreg: 1.4594e+00 l_total: 5.5620e+02 
2026-06-30 11:30:53,181 INFO: [smal_..][epoch: 17, iter:  13,760, lr:(1.859e-04,1.859e-04,)][eta: 0:21:28, time (data): 0.312 (0.015)]l_bij: 2.0055e+02 l_orth: 1.9370e+02 l_align: 1.7067e+02 l_qreg: 1.4878e+00 l_total: 5.6641e+02 
2026-06-30 11:30:59,377 INFO: [smal_..][epoch: 17, iter:  13,780, lr:(1.859e-04,1.859e-04,)][eta: 0:21:19, time (data): 0.311 (0.015)]l_bij: 2.0301e+02 l_orth: 1.9436e+02 l_align: 1.7392e+02 l_qreg: 1.5841e+00 l_total: 5.7287e+02 
2026-06-30 11:31:05,583 INFO: [smal_..][epoch: 17, iter:  13,800, lr:(1.859e-04,1.859e-04,)][eta: 0:21:10, time (data): 0.311 (0.015)]l_bij: 1.9543e+02 l_orth: 1.8855e+02 l_align: 1.7813e+02 l_qreg: 1.6524e+00 l_total: 5.6376e+02 
2026-06-30 11:31:11,743 INFO: [smal_..][epoch: 17, iter:  13,820, lr:(1.859e-04,1.859e-04,)][eta: 0:21:01, time (data): 0.311 (0.015)]l_bij: 1.8822e+02 l_orth: 1.8251e+02 l_align: 1.8184e+02 l_qreg: 1.8130e+00 l_total: 5.5439e+02 
2026-06-30 11:31:18,081 INFO: [smal_..][epoch: 17, iter:  13,840, lr:(1.859e-04,1.859e-04,)][eta: 0:20:52, time (data): 0.311 (0.015)]l_bij: 1.8850e+02 l_orth: 1.8405e+02 l_align: 1.8219e+02 l_qreg: 1.5478e+00 l_total: 5.5628e+02 
2026-06-30 11:31:24,351 INFO: [smal_..][epoch: 17, iter:  13,860, lr:(1.859e-04,1.859e-04,)][eta: 0:20:43, time (data): 0.312 (0.015)]l_bij: 1.9615e+02 l_orth: 1.8968e+02 l_align: 1.7020e+02 l_qreg: 1.4465e+00 l_total: 5.5748e+02 
2026-06-30 11:31:30,639 INFO: [smal_..][epoch: 17, iter:  13,880, lr:(1.859e-04,1.859e-04,)][eta: 0:20:34, time (data): 0.318 (0.016)]l_bij: 1.9916e+02 l_orth: 1.9298e+02 l_align: 1.7370e+02 l_qreg: 1.4670e+00 l_total: 5.6730e+02 
2026-06-30 11:31:36,850 INFO: [smal_..][epoch: 17, iter:  13,900, lr:(1.859e-04,1.859e-04,)][eta: 0:20:26, time (data): 0.313 (0.015)]l_bij: 1.8855e+02 l_orth: 1.7993e+02 l_align: 1.8115e+02 l_qreg: 1.5281e+00 l_total: 5.5116e+02 
2026-06-30 11:31:43,039 INFO: [smal_..][epoch: 17, iter:  13,920, lr:(1.859e-04,1.859e-04,)][eta: 0:20:17, time (data): 0.311 (0.015)]l_bij: 1.9757e+02 l_orth: 1.9145e+02 l_align: 1.7031e+02 l_qreg: 1.5030e+00 l_total: 5.6083e+02 
2026-06-30 11:31:49,207 INFO: [smal_..][epoch: 17, iter:  13,940, lr:(1.859e-04,1.859e-04,)][eta: 0:20:08, time (data): 0.310 (0.015)]l_bij: 1.9428e+02 l_orth: 1.8782e+02 l_align: 1.7519e+02 l_qreg: 1.6460e+00 l_total: 5.5894e+02 
2026-06-30 11:31:55,425 INFO: [smal_..][epoch: 17, iter:  13,960, lr:(1.859e-04,1.859e-04,)][eta: 0:19:59, time (data): 0.311 (0.015)]l_bij: 1.8861e+02 l_orth: 1.8152e+02 l_align: 1.8119e+02 l_qreg: 1.7337e+00 l_total: 5.5305e+02 
2026-06-30 11:32:01,656 INFO: [smal_..][epoch: 17, iter:  13,980, lr:(1.859e-04,1.859e-04,)][eta: 0:19:50, time (data): 0.311 (0.015)]l_bij: 1.9475e+02 l_orth: 1.8919e+02 l_align: 1.8042e+02 l_qreg: 1.6913e+00 l_total: 5.6604e+02 
2026-06-30 11:32:07,895 INFO: [smal_..][epoch: 17, iter:  14,000, lr:(1.859e-04,1.859e-04,)][eta: 0:19:41, time (data): 0.311 (0.015)]l_bij: 2.0140e+02 l_orth: 1.9565e+02 l_align: 1.7384e+02 l_qreg: 1.4842e+00 l_total: 5.7237e+02 
2026-06-30 11:32:07,896 INFO: Saving models and training states.
2026-06-30 11:32:07,926 INFO: Start validation.
2026-06-30 11:32:08,792 INFO: avg err:0.0000 | err:0.0000 | cougar_01 cougar_01
2026-06-30 11:32:09,058 INFO: avg err:0.1120 | err:0.2240 | cougar_01 cougar_02
2026-06-30 11:32:09,354 INFO: avg err:0.3382 | err:0.7906 | cougar_01 cougar_03
2026-06-30 11:32:09,615 INFO: avg err:0.4596 | err:0.8237 | cougar_01 cougar_04
2026-06-30 11:32:09,920 INFO: avg err:0.5198 | err:0.7607 | cougar_01 hippo_01
2026-06-30 11:32:10,181 INFO: avg err:0.5653 | err:0.7926 | cougar_01 hippo_02
2026-06-30 11:32:10,472 INFO: avg err:0.5192 | err:0.2431 | cougar_01 hippo_03
2026-06-30 11:32:10,715 INFO: avg err:0.5464 | err:0.7363 | cougar_01 hippo_04
2026-06-30 11:32:10,987 INFO: avg err:0.5689 | err:0.7490 | cougar_01 hippo_05
2026-06-30 11:32:11,231 INFO: avg err:0.5875 | err:0.7551 | cougar_01 hippo_06
2026-06-30 11:32:11,532 INFO: avg err:0.6004 | err:0.7295 | cougar_01 horse_01
2026-06-30 11:32:11,786 INFO: avg err:0.5640 | err:0.1633 | cougar_01 horse_02
2026-06-30 11:32:12,051 INFO: avg err:0.5737 | err:0.6900 | cougar_01 horse_03
2026-06-30 11:32:12,319 INFO: avg err:0.5840 | err:0.7177 | cougar_01 horse_04
2026-06-30 11:32:12,609 INFO: avg err:0.5942 | err:0.7382 | cougar_01 horse_05
2026-06-30 11:32:12,868 INFO: avg err:0.6035 | err:0.7426 | cougar_01 horse_06
2026-06-30 11:32:13,139 INFO: avg err:0.6085 | err:0.6887 | cougar_01 horse_07
2026-06-30 11:32:13,391 INFO: avg err:0.6160 | err:0.7423 | cougar_01 horse_08
2026-06-30 11:32:13,665 INFO: avg err:0.5979 | err:0.2736 | cougar_01 horse_09
2026-06-30 11:32:13,891 INFO: avg err:0.5859 | err:0.3571 | cougar_01 horse_10
2026-06-30 11:32:14,245 INFO: avg err:0.5712 | err:0.2772 | cougar_02 cougar_01
2026-06-30 11:32:14,480 INFO: avg err:0.5452 | err:0.0000 | cougar_02 cougar_02
2026-06-30 11:32:14,763 INFO: avg err:0.5586 | err:0.8518 | cougar_02 cougar_03
2026-06-30 11:32:15,003 INFO: avg err:0.5717 | err:0.8730 | cougar_02 cougar_04
2026-06-30 11:32:15,311 INFO: avg err:0.5793 | err:0.7622 | cougar_02 hippo_01
2026-06-30 11:32:15,555 INFO: avg err:0.5880 | err:0.8047 | cougar_02 hippo_02
2026-06-30 11:32:15,889 INFO: avg err:0.5765 | err:0.2782 | cougar_02 hippo_03
2026-06-30 11:32:16,139 INFO: avg err:0.5837 | err:0.7794 | cougar_02 hippo_04
2026-06-30 11:32:16,405 INFO: avg err:0.5922 | err:0.8295 | cougar_02 hippo_05
2026-06-30 11:32:16,637 INFO: avg err:0.5997 | err:0.8175 | cougar_02 hippo_06
2026-06-30 11:32:16,884 INFO: avg err:0.6088 | err:0.8824 | cougar_02 horse_01
2026-06-30 11:32:17,133 INFO: avg err:0.6023 | err:0.3997 | cougar_02 horse_02
2026-06-30 11:32:17,506 INFO: avg err:0.6086 | err:0.8093 | cougar_02 horse_03
2026-06-30 11:32:17,766 INFO: avg err:0.6137 | err:0.7818 | cougar_02 horse_04
2026-06-30 11:32:18,079 INFO: avg err:0.6194 | err:0.8158 | cougar_02 horse_05
2026-06-30 11:32:18,359 INFO: avg err:0.6236 | err:0.7689 | cougar_02 horse_06
2026-06-30 11:32:18,642 INFO: avg err:0.6273 | err:0.7606 | cougar_02 horse_07
2026-06-30 11:32:18,857 INFO: avg err:0.6328 | err:0.8379 | cougar_02 horse_08
2026-06-30 11:32:19,126 INFO: avg err:0.6255 | err:0.3470 | cougar_02 horse_09
2026-06-30 11:32:19,363 INFO: avg err:0.6194 | err:0.3800 | cougar_02 horse_10
2026-06-30 11:32:19,700 INFO: avg err:0.6245 | err:0.8301 | cougar_03 cougar_01
2026-06-30 11:32:19,957 INFO: avg err:0.6280 | err:0.7712 | cougar_03 cougar_02
2026-06-30 11:32:20,274 INFO: avg err:0.6134 | err:0.0000 | cougar_03 cougar_03
2026-06-30 11:32:20,511 INFO: avg err:0.6064 | err:0.3049 | cougar_03 cougar_04
2026-06-30 11:32:20,781 INFO: avg err:0.5995 | err:0.2984 | cougar_03 hippo_01
2026-06-30 11:32:21,034 INFO: avg err:0.5951 | err:0.3940 | cougar_03 hippo_02
2026-06-30 11:32:21,305 INFO: avg err:0.5981 | err:0.7378 | cougar_03 hippo_03
2026-06-30 11:32:21,526 INFO: avg err:0.5908 | err:0.2468 | cougar_03 hippo_04
2026-06-30 11:32:21,770 INFO: avg err:0.5854 | err:0.3243 | cougar_03 hippo_05
2026-06-30 11:32:22,019 INFO: avg err:0.5809 | err:0.3621 | cougar_03 hippo_06
2026-06-30 11:32:22,289 INFO: avg err:0.5762 | err:0.3407 | cougar_03 horse_01
2026-06-30 11:32:22,531 INFO: avg err:0.5794 | err:0.7423 | cougar_03 horse_02
2026-06-30 11:32:22,837 INFO: avg err:0.5746 | err:0.3281 | cougar_03 horse_03
2026-06-30 11:32:23,086 INFO: avg err:0.5692 | err:0.2799 | cougar_03 horse_04
2026-06-30 11:32:23,353 INFO: avg err:0.5670 | err:0.4478 | cougar_03 horse_05
2026-06-30 11:32:23,612 INFO: avg err:0.5635 | err:0.3751 | cougar_03 horse_06
2026-06-30 11:32:23,874 INFO: avg err:0.5566 | err:0.1691 | cougar_03 horse_07
2026-06-30 11:32:24,096 INFO: avg err:0.5524 | err:0.3115 | cougar_03 horse_08
2026-06-30 11:32:24,349 INFO: avg err:0.5544 | err:0.6724 | cougar_03 horse_09
2026-06-30 11:32:24,608 INFO: avg err:0.5586 | err:0.8072 | cougar_03 horse_10
2026-06-30 11:32:24,899 INFO: avg err:0.5616 | err:0.7382 | cougar_04 cougar_01
2026-06-30 11:32:25,100 INFO: avg err:0.5663 | err:0.8535 | cougar_04 cougar_02
2026-06-30 11:32:25,397 INFO: avg err:0.5614 | err:0.2579 | cougar_04 cougar_03
2026-06-30 11:32:25,640 INFO: avg err:0.5526 | err:0.0000 | cougar_04 cougar_04
2026-06-30 11:32:25,941 INFO: avg err:0.5475 | err:0.2221 | cougar_04 hippo_01
2026-06-30 11:32:26,205 INFO: avg err:0.5437 | err:0.2954 | cougar_04 hippo_02
2026-06-30 11:32:26,512 INFO: avg err:0.5456 | err:0.6694 | cougar_04 hippo_03
2026-06-30 11:32:26,808 INFO: avg err:0.5418 | err:0.2850 | cougar_04 hippo_04
2026-06-30 11:32:27,058 INFO: avg err:0.5383 | err:0.3024 | cougar_04 hippo_05
2026-06-30 11:32:27,281 INFO: avg err:0.5340 | err:0.2353 | cougar_04 hippo_06
2026-06-30 11:32:27,525 INFO: avg err:0.5303 | err:0.2750 | cougar_04 horse_01
2026-06-30 11:32:27,753 INFO: avg err:0.5337 | err:0.7731 | cougar_04 horse_02
2026-06-30 11:32:28,024 INFO: avg err:0.5304 | err:0.2969 | cougar_04 horse_03
2026-06-30 11:32:28,232 INFO: avg err:0.5267 | err:0.2555 | cougar_04 horse_04
2026-06-30 11:32:28,667 INFO: avg err:0.5256 | err:0.4423 | cougar_04 horse_05
2026-06-30 11:32:28,949 INFO: avg err:0.5225 | err:0.2871 | cougar_04 horse_06
2026-06-30 11:32:29,326 INFO: avg err:0.5187 | err:0.2356 | cougar_04 horse_07
2026-06-30 11:32:29,611 INFO: avg err:0.5166 | err:0.3551 | cougar_04 horse_08
2026-06-30 11:32:30,039 INFO: avg err:0.5192 | err:0.7198 | cougar_04 horse_09
2026-06-30 11:32:30,274 INFO: avg err:0.5207 | err:0.6352 | cougar_04 horse_10
2026-06-30 11:32:30,675 INFO: avg err:0.5225 | err:0.6691 | hippo_01 cougar_01
2026-06-30 11:32:30,909 INFO: avg err:0.5246 | err:0.6936 | hippo_01 cougar_02
2026-06-30 11:32:31,303 INFO: avg err:0.5218 | err:0.2967 | hippo_01 cougar_03
2026-06-30 11:32:31,561 INFO: avg err:0.5182 | err:0.2194 | hippo_01 cougar_04
2026-06-30 11:32:31,837 INFO: avg err:0.5121 | err:0.0000 | hippo_01 hippo_01
2026-06-30 11:32:32,099 INFO: avg err:0.5087 | err:0.2130 | hippo_01 hippo_02
2026-06-30 11:32:32,437 INFO: avg err:0.5096 | err:0.5880 | hippo_01 hippo_03
2026-06-30 11:32:32,671 INFO: avg err:0.5048 | err:0.0896 | hippo_01 hippo_04
2026-06-30 11:32:33,047 INFO: avg err:0.5024 | err:0.2902 | hippo_01 hippo_05
2026-06-30 11:32:33,265 INFO: avg err:0.4986 | err:0.1630 | hippo_01 hippo_06
2026-06-30 11:32:33,546 INFO: avg err:0.4964 | err:0.2967 | hippo_01 horse_01
2026-06-30 11:32:33,760 INFO: avg err:0.4982 | err:0.6591 | hippo_01 horse_02
2026-06-30 11:32:34,277 INFO: avg err:0.4948 | err:0.1856 | hippo_01 horse_03
2026-06-30 11:32:34,551 INFO: avg err:0.4917 | err:0.2034 | hippo_01 horse_04
2026-06-30 11:32:34,894 INFO: avg err:0.4886 | err:0.1929 | hippo_01 horse_05
2026-06-30 11:32:35,142 INFO: avg err:0.4865 | err:0.2897 | hippo_01 horse_06
2026-06-30 11:32:35,374 INFO: avg err:0.4841 | err:0.2559 | hippo_01 horse_07
2026-06-30 11:32:35,600 INFO: avg err:0.4841 | err:0.4789 | hippo_01 horse_08
2026-06-30 11:32:36,024 INFO: avg err:0.4845 | err:0.5256 | hippo_01 horse_09
2026-06-30 11:32:36,295 INFO: avg err:0.4860 | err:0.6404 | hippo_01 horse_10
2026-06-30 11:32:36,545 INFO: avg err:0.4877 | err:0.6539 | hippo_02 cougar_01
2026-06-30 11:32:36,773 INFO: avg err:0.4897 | err:0.6942 | hippo_02 cougar_02
2026-06-30 11:32:37,086 INFO: avg err:0.4879 | err:0.3051 | hippo_02 cougar_03
2026-06-30 11:32:37,295 INFO: avg err:0.4847 | err:0.1471 | hippo_02 cougar_04
2026-06-30 11:32:37,681 INFO: avg err:0.4813 | err:0.1278 | hippo_02 hippo_01
2026-06-30 11:32:37,908 INFO: avg err:0.4767 | err:0.0000 | hippo_02 hippo_02
2026-06-30 11:32:38,267 INFO: avg err:0.4775 | err:0.5639 | hippo_02 hippo_03
2026-06-30 11:32:38,482 INFO: avg err:0.4757 | err:0.2805 | hippo_02 hippo_04
2026-06-30 11:32:38,911 INFO: avg err:0.4739 | err:0.2734 | hippo_02 hippo_05
2026-06-30 11:32:39,154 INFO: avg err:0.4708 | err:0.1391 | hippo_02 hippo_06
2026-06-30 11:32:39,475 INFO: avg err:0.4683 | err:0.1920 | hippo_02 horse_01
2026-06-30 11:32:39,709 INFO: avg err:0.4693 | err:0.5803 | hippo_02 horse_02
2026-06-30 11:32:40,127 INFO: avg err:0.4671 | err:0.2232 | hippo_02 horse_03
2026-06-30 11:32:40,366 INFO: avg err:0.4649 | err:0.2094 | hippo_02 horse_04
2026-06-30 11:32:40,688 INFO: avg err:0.4620 | err:0.1338 | hippo_02 horse_05
2026-06-30 11:32:41,019 INFO: avg err:0.4601 | err:0.2393 | hippo_02 horse_06
2026-06-30 11:32:41,262 INFO: avg err:0.4581 | err:0.2262 | hippo_02 horse_07
2026-06-30 11:32:41,476 INFO: avg err:0.4563 | err:0.2531 | hippo_02 horse_08
2026-06-30 11:32:41,943 INFO: avg err:0.4571 | err:0.5431 | hippo_02 horse_09
2026-06-30 11:32:42,182 INFO: avg err:0.4574 | err:0.4974 | hippo_02 horse_10
2026-06-30 11:32:42,547 INFO: avg err:0.4558 | err:0.2671 | hippo_03 cougar_01
2026-06-30 11:32:42,783 INFO: avg err:0.4537 | err:0.1936 | hippo_03 cougar_02
2026-06-30 11:32:43,048 INFO: avg err:0.4555 | err:0.6800 | hippo_03 cougar_03
2026-06-30 11:32:43,282 INFO: avg err:0.4564 | err:0.5671 | hippo_03 cougar_04
2026-06-30 11:32:43,526 INFO: avg err:0.4577 | err:0.6121 | hippo_03 hippo_01
2026-06-30 11:32:43,749 INFO: avg err:0.4590 | err:0.6255 | hippo_03 hippo_02
2026-06-30 11:32:44,096 INFO: avg err:0.4554 | err:0.0000 | hippo_03 hippo_03
2026-06-30 11:32:44,310 INFO: avg err:0.4565 | err:0.6046 | hippo_03 hippo_04
2026-06-30 11:32:44,652 INFO: avg err:0.4582 | err:0.6707 | hippo_03 hippo_05
2026-06-30 11:32:44,997 INFO: avg err:0.4585 | err:0.5001 | hippo_03 hippo_06
2026-06-30 11:32:45,331 INFO: avg err:0.4601 | err:0.6650 | hippo_03 horse_01
2026-06-30 11:32:45,635 INFO: avg err:0.4594 | err:0.3646 | hippo_03 horse_02
2026-06-30 11:32:45,955 INFO: avg err:0.4605 | err:0.6133 | hippo_03 horse_03
2026-06-30 11:32:46,181 INFO: avg err:0.4618 | err:0.6255 | hippo_03 horse_04
2026-06-30 11:32:46,401 INFO: avg err:0.4618 | err:0.4650 | hippo_03 horse_05
2026-06-30 11:32:46,679 INFO: avg err:0.4630 | err:0.6207 | hippo_03 horse_06
2026-06-30 11:32:46,929 INFO: avg err:0.4636 | err:0.5500 | hippo_03 horse_07
2026-06-30 11:32:47,154 INFO: avg err:0.4643 | err:0.5612 | hippo_03 horse_08
2026-06-30 11:32:47,547 INFO: avg err:0.4638 | err:0.3976 | hippo_03 horse_09
2026-06-30 11:32:47,759 INFO: avg err:0.4645 | err:0.5637 | hippo_03 horse_10
2026-06-30 11:32:48,137 INFO: avg err:0.4661 | err:0.6898 | hippo_04 cougar_01
2026-06-30 11:32:48,389 INFO: avg err:0.4677 | err:0.6874 | hippo_04 cougar_02
2026-06-30 11:32:48,768 INFO: avg err:0.4664 | err:0.2838 | hippo_04 cougar_03
2026-06-30 11:32:48,977 INFO: avg err:0.4648 | err:0.2398 | hippo_04 cougar_04
2026-06-30 11:32:49,222 INFO: avg err:0.4621 | err:0.0695 | hippo_04 hippo_01
2026-06-30 11:32:49,460 INFO: avg err:0.4605 | err:0.2324 | hippo_04 hippo_02
2026-06-30 11:32:49,782 INFO: avg err:0.4614 | err:0.5895 | hippo_04 hippo_03
2026-06-30 11:32:50,073 INFO: avg err:0.4583 | err:0.0000 | hippo_04 hippo_04
2026-06-30 11:32:50,380 INFO: avg err:0.4566 | err:0.2086 | hippo_04 hippo_05
2026-06-30 11:32:50,647 INFO: avg err:0.4555 | err:0.2884 | hippo_04 hippo_06
2026-06-30 11:32:50,959 INFO: avg err:0.4539 | err:0.2153 | hippo_04 horse_01
2026-06-30 11:32:51,175 INFO: avg err:0.4552 | err:0.6539 | hippo_04 horse_02
2026-06-30 11:32:51,570 INFO: avg err:0.4535 | err:0.1880 | hippo_04 horse_03
2026-06-30 11:32:51,888 INFO: avg err:0.4515 | err:0.1462 | hippo_04 horse_04
2026-06-30 11:32:52,140 INFO: avg err:0.4501 | err:0.2449 | hippo_04 horse_05
2026-06-30 11:32:52,445 INFO: avg err:0.4483 | err:0.1703 | hippo_04 horse_06
2026-06-30 11:32:52,796 INFO: avg err:0.4469 | err:0.2197 | hippo_04 horse_07
2026-06-30 11:32:53,018 INFO: avg err:0.4463 | err:0.3562 | hippo_04 horse_08
2026-06-30 11:32:53,251 INFO: avg err:0.4464 | err:0.4535 | hippo_04 horse_09
2026-06-30 11:32:53,482 INFO: avg err:0.4472 | err:0.5776 | hippo_04 horse_10
2026-06-30 11:32:53,827 INFO: avg err:0.4484 | err:0.6487 | hippo_05 cougar_01
2026-06-30 11:32:54,163 INFO: avg err:0.4494 | err:0.6086 | hippo_05 cougar_02
2026-06-30 11:32:54,482 INFO: avg err:0.4484 | err:0.2866 | hippo_05 cougar_03
2026-06-30 11:32:54,755 INFO: avg err:0.4473 | err:0.2679 | hippo_05 cougar_04
2026-06-30 11:32:55,068 INFO: avg err:0.4461 | err:0.2508 | hippo_05 hippo_01
2026-06-30 11:32:55,281 INFO: avg err:0.4448 | err:0.2305 | hippo_05 hippo_02
2026-06-30 11:32:55,607 INFO: avg err:0.4458 | err:0.6094 | hippo_05 hippo_03
2026-06-30 11:32:55,846 INFO: avg err:0.4445 | err:0.2291 | hippo_05 hippo_04
2026-06-30 11:32:56,342 INFO: avg err:0.4419 | err:0.0001 | hippo_05 hippo_05
2026-06-30 11:32:56,609 INFO: avg err:0.4414 | err:0.3653 | hippo_05 hippo_06
2026-06-30 11:32:57,076 INFO: avg err:0.4396 | err:0.1254 | hippo_05 horse_01
2026-06-30 11:32:57,310 INFO: avg err:0.4403 | err:0.5604 | hippo_05 horse_02
2026-06-30 11:32:57,602 INFO: avg err:0.4387 | err:0.1590 | hippo_05 horse_03
2026-06-30 11:32:57,871 INFO: avg err:0.4372 | err:0.1889 | hippo_05 horse_04
2026-06-30 11:32:58,193 INFO: avg err:0.4366 | err:0.3219 | hippo_05 horse_05
2026-06-30 11:32:58,425 INFO: avg err:0.4349 | err:0.1486 | hippo_05 horse_06
2026-06-30 11:32:58,876 INFO: avg err:0.4336 | err:0.1913 | hippo_05 horse_07
2026-06-30 11:32:59,115 INFO: avg err:0.4321 | err:0.1728 | hippo_05 horse_08
2026-06-30 11:32:59,484 INFO: avg err:0.4323 | err:0.4677 | hippo_05 horse_09
2026-06-30 11:32:59,788 INFO: avg err:0.4327 | err:0.5104 | hippo_05 horse_10
2026-06-30 11:33:00,048 INFO: avg err:0.4337 | err:0.6129 | hippo_06 cougar_01
2026-06-30 11:33:00,287 INFO: avg err:0.4351 | err:0.6845 | hippo_06 cougar_02
2026-06-30 11:33:00,594 INFO: avg err:0.4345 | err:0.3299 | hippo_06 cougar_03
2026-06-30 11:33:00,826 INFO: avg err:0.4336 | err:0.2568 | hippo_06 cougar_04
2026-06-30 11:33:01,132 INFO: avg err:0.4318 | err:0.1085 | hippo_06 hippo_01
2026-06-30 11:33:01,437 INFO: avg err:0.4304 | err:0.1670 | hippo_06 hippo_02
2026-06-30 11:33:01,696 INFO: avg err:0.4303 | err:0.4138 | hippo_06 hippo_03
2026-06-30 11:33:01,918 INFO: avg err:0.4295 | err:0.2864 | hippo_06 hippo_04
2026-06-30 11:33:02,395 INFO: avg err:0.4290 | err:0.3305 | hippo_06 hippo_05
2026-06-30 11:33:02,604 INFO: avg err:0.4268 | err:0.0000 | hippo_06 hippo_06
2026-06-30 11:33:03,041 INFO: avg err:0.4261 | err:0.2965 | hippo_06 horse_01
2026-06-30 11:33:03,280 INFO: avg err:0.4271 | err:0.6230 | hippo_06 horse_02
2026-06-30 11:33:03,631 INFO: avg err:0.4263 | err:0.2805 | hippo_06 horse_03
2026-06-30 11:33:03,857 INFO: avg err:0.4256 | err:0.2871 | hippo_06 horse_04
2026-06-30 11:33:04,292 INFO: avg err:0.4243 | err:0.1612 | hippo_06 horse_05
2026-06-30 11:33:04,537 INFO: avg err:0.4235 | err:0.2811 | hippo_06 horse_06
2026-06-30 11:33:04,840 INFO: avg err:0.4229 | err:0.2985 | hippo_06 horse_07
2026-06-30 11:33:05,109 INFO: avg err:0.4226 | err:0.3730 | hippo_06 horse_08
2026-06-30 11:33:05,375 INFO: avg err:0.4229 | err:0.4821 | hippo_06 horse_09
2026-06-30 11:33:05,622 INFO: avg err:0.4241 | err:0.6518 | hippo_06 horse_10
2026-06-30 11:33:05,964 INFO: avg err:0.4256 | err:0.7378 | horse_01 cougar_01
2026-06-30 11:33:06,195 INFO: avg err:0.4273 | err:0.7538 | horse_01 cougar_02
2026-06-30 11:33:06,612 INFO: avg err:0.4271 | err:0.3954 | horse_01 cougar_03
2026-06-30 11:33:06,820 INFO: avg err:0.4267 | err:0.3502 | horse_01 cougar_04
2026-06-30 11:33:07,175 INFO: avg err:0.4265 | err:0.3719 | horse_01 hippo_01
2026-06-30 11:33:07,418 INFO: avg err:0.4260 | err:0.3245 | horse_01 hippo_02
2026-06-30 11:33:07,720 INFO: avg err:0.4274 | err:0.7120 | horse_01 hippo_03
2026-06-30 11:33:07,956 INFO: avg err:0.4269 | err:0.3287 | horse_01 hippo_04
2026-06-30 11:33:08,357 INFO: avg err:0.4257 | err:0.1812 | horse_01 hippo_05
2026-06-30 11:33:08,577 INFO: avg err:0.4256 | err:0.4114 | horse_01 hippo_06
2026-06-30 11:33:08,954 INFO: avg err:0.4236 | err:0.0000 | horse_01 horse_01
2026-06-30 11:33:09,193 INFO: avg err:0.4246 | err:0.6212 | horse_01 horse_02
2026-06-30 11:33:09,553 INFO: avg err:0.4242 | err:0.3566 | horse_01 horse_03
2026-06-30 11:33:09,759 INFO: avg err:0.4231 | err:0.1809 | horse_01 horse_04
2026-06-30 11:33:10,170 INFO: avg err:0.4231 | err:0.4207 | horse_01 horse_05
2026-06-30 11:33:10,411 INFO: avg err:0.4228 | err:0.3508 | horse_01 horse_06
2026-06-30 11:33:10,751 INFO: avg err:0.4225 | err:0.3611 | horse_01 horse_07
2026-06-30 11:33:11,047 INFO: avg err:0.4220 | err:0.3201 | horse_01 horse_08
2026-06-30 11:33:11,383 INFO: avg err:0.4229 | err:0.6148 | horse_01 horse_09
2026-06-30 11:33:11,611 INFO: avg err:0.4238 | err:0.6161 | horse_01 horse_10
2026-06-30 11:33:11,863 INFO: avg err:0.4227 | err:0.1829 | horse_02 cougar_01
2026-06-30 11:33:12,099 INFO: avg err:0.4223 | err:0.3510 | horse_02 cougar_02
2026-06-30 11:33:12,352 INFO: avg err:0.4240 | err:0.7816 | horse_02 cougar_03
2026-06-30 11:33:12,575 INFO: avg err:0.4255 | err:0.7623 | horse_02 cougar_04
2026-06-30 11:33:12,958 INFO: avg err:0.4268 | err:0.7170 | horse_02 hippo_01
2026-06-30 11:33:13,191 INFO: avg err:0.4280 | err:0.6953 | horse_02 hippo_02
2026-06-30 11:33:13,532 INFO: avg err:0.4278 | err:0.3852 | horse_02 hippo_03
2026-06-30 11:33:13,815 INFO: avg err:0.4290 | err:0.7058 | horse_02 hippo_04
2026-06-30 11:33:14,072 INFO: avg err:0.4302 | err:0.7016 | horse_02 hippo_05
2026-06-30 11:33:14,313 INFO: avg err:0.4312 | err:0.6764 | horse_02 hippo_06
2026-06-30 11:33:14,627 INFO: avg err:0.4321 | err:0.6326 | horse_02 horse_01
2026-06-30 11:33:14,883 INFO: avg err:0.4303 | err:0.0000 | horse_02 horse_02
2026-06-30 11:33:15,142 INFO: avg err:0.4316 | err:0.7385 | horse_02 horse_03
2026-06-30 11:33:15,446 INFO: avg err:0.4329 | err:0.7339 | horse_02 horse_04
2026-06-30 11:33:15,691 INFO: avg err:0.4339 | err:0.6840 | horse_02 horse_05
2026-06-30 11:33:15,941 INFO: avg err:0.4353 | err:0.7539 | horse_02 horse_06
2026-06-30 11:33:16,300 INFO: avg err:0.4366 | err:0.7475 | horse_02 horse_07
2026-06-30 11:33:16,509 INFO: avg err:0.4366 | err:0.4456 | horse_02 horse_08
2026-06-30 11:33:16,859 INFO: avg err:0.4359 | err:0.2593 | horse_02 horse_09
2026-06-30 11:33:17,127 INFO: avg err:0.4354 | err:0.3107 | horse_02 horse_10
2026-06-30 11:33:17,362 INFO: avg err:0.4369 | err:0.7924 | horse_03 cougar_01
2026-06-30 11:33:17,590 INFO: avg err:0.4382 | err:0.7661 | horse_03 cougar_02
2026-06-30 11:33:17,984 INFO: avg err:0.4375 | err:0.2628 | horse_03 cougar_03
2026-06-30 11:33:18,190 INFO: avg err:0.4372 | err:0.3625 | horse_03 cougar_04
2026-06-30 11:33:18,494 INFO: avg err:0.4364 | err:0.2451 | horse_03 hippo_01
2026-06-30 11:33:18,717 INFO: avg err:0.4360 | err:0.3468 | horse_03 hippo_02
2026-06-30 11:33:19,057 INFO: avg err:0.4372 | err:0.7133 | horse_03 hippo_03
2026-06-30 11:33:19,287 INFO: avg err:0.4364 | err:0.2357 | horse_03 hippo_04
2026-06-30 11:33:19,729 INFO: avg err:0.4355 | err:0.2130 | horse_03 hippo_05
2026-06-30 11:33:19,966 INFO: avg err:0.4354 | err:0.4259 | horse_03 hippo_06
2026-06-30 11:33:20,322 INFO: avg err:0.4347 | err:0.2643 | horse_03 horse_01
2026-06-30 11:33:20,639 INFO: avg err:0.4356 | err:0.6583 | horse_03 horse_02
2026-06-30 11:33:20,945 INFO: avg err:0.4339 | err:0.0000 | horse_03 horse_03
2026-06-30 11:33:21,195 INFO: avg err:0.4327 | err:0.1232 | horse_03 horse_04
2026-06-30 11:33:21,437 INFO: avg err:0.4325 | err:0.3983 | horse_03 horse_05
2026-06-30 11:33:21,667 INFO: avg err:0.4311 | err:0.0555 | horse_03 horse_06
2026-06-30 11:33:21,927 INFO: avg err:0.4302 | err:0.2063 | horse_03 horse_07
2026-06-30 11:33:22,212 INFO: avg err:0.4296 | err:0.2657 | horse_03 horse_08
2026-06-30 11:33:22,723 INFO: avg err:0.4302 | err:0.5886 | horse_03 horse_09
2026-06-30 11:33:23,056 INFO: avg err:0.4307 | err:0.5606 | horse_03 horse_10
2026-06-30 11:33:23,290 INFO: avg err:0.4322 | err:0.8390 | horse_04 cougar_01
2026-06-30 11:33:23,542 INFO: avg err:0.4334 | err:0.7373 | horse_04 cougar_02
2026-06-30 11:33:23,886 INFO: avg err:0.4328 | err:0.2716 | horse_04 cougar_03
2026-06-30 11:33:24,210 INFO: avg err:0.4326 | err:0.3740 | horse_04 cougar_04
2026-06-30 11:33:24,464 INFO: avg err:0.4320 | err:0.2827 | horse_04 hippo_01
2026-06-30 11:33:24,735 INFO: avg err:0.4316 | err:0.3331 | horse_04 hippo_02
2026-06-30 11:33:25,038 INFO: avg err:0.4327 | err:0.7191 | horse_04 hippo_03
2026-06-30 11:33:25,366 INFO: avg err:0.4319 | err:0.2039 | horse_04 hippo_04
2026-06-30 11:33:25,611 INFO: avg err:0.4315 | err:0.3424 | horse_04 hippo_05
2026-06-30 11:33:25,868 INFO: avg err:0.4315 | err:0.4279 | horse_04 hippo_06
2026-06-30 11:33:26,149 INFO: avg err:0.4308 | err:0.2399 | horse_04 horse_01
2026-06-30 11:33:26,426 INFO: avg err:0.4317 | err:0.6829 | horse_04 horse_02
2026-06-30 11:33:26,770 INFO: avg err:0.4308 | err:0.1886 | horse_04 horse_03
2026-06-30 11:33:26,990 INFO: avg err:0.4293 | err:0.0000 | horse_04 horse_04
2026-06-30 11:33:27,397 INFO: avg err:0.4292 | err:0.4022 | horse_04 horse_05
2026-06-30 11:33:27,637 INFO: avg err:0.4284 | err:0.2271 | horse_04 horse_06
2026-06-30 11:33:27,879 INFO: avg err:0.4278 | err:0.2450 | horse_04 horse_07
2026-06-30 11:33:28,117 INFO: avg err:0.4276 | err:0.3859 | horse_04 horse_08
2026-06-30 11:33:28,535 INFO: avg err:0.4280 | err:0.5316 | horse_04 horse_09
2026-06-30 11:33:28,757 INFO: avg err:0.4284 | err:0.5335 | horse_04 horse_10
2026-06-30 11:33:29,138 INFO: avg err:0.4301 | err:0.9154 | horse_05 cougar_01
2026-06-30 11:33:29,379 INFO: avg err:0.4318 | err:0.9189 | horse_05 cougar_02
2026-06-30 11:33:29,714 INFO: avg err:0.4321 | err:0.5130 | horse_05 cougar_03
2026-06-30 11:33:29,951 INFO: avg err:0.4322 | err:0.4677 | horse_05 cougar_04
2026-06-30 11:33:30,253 INFO: avg err:0.4319 | err:0.3389 | horse_05 hippo_01
2026-06-30 11:33:30,478 INFO: avg err:0.4310 | err:0.1655 | horse_05 hippo_02
2026-06-30 11:33:30,932 INFO: avg err:0.4320 | err:0.7215 | horse_05 hippo_03
2026-06-30 11:33:31,192 INFO: avg err:0.4321 | err:0.4464 | horse_05 hippo_04
2026-06-30 11:33:31,424 INFO: avg err:0.4323 | err:0.5013 | horse_05 hippo_05
2026-06-30 11:33:31,694 INFO: avg err:0.4317 | err:0.2727 | horse_05 hippo_06
2026-06-30 11:33:32,041 INFO: avg err:0.4312 | err:0.2862 | horse_05 horse_01
2026-06-30 11:33:32,255 INFO: avg err:0.4325 | err:0.8085 | horse_05 horse_02
2026-06-30 11:33:32,679 INFO: avg err:0.4324 | err:0.3906 | horse_05 horse_03
2026-06-30 11:33:32,926 INFO: avg err:0.4320 | err:0.3063 | horse_05 horse_04
2026-06-30 11:33:33,324 INFO: avg err:0.4305 | err:0.0000 | horse_05 horse_05
2026-06-30 11:33:33,550 INFO: avg err:0.4305 | err:0.4454 | horse_05 horse_06
2026-06-30 11:33:33,794 INFO: avg err:0.4307 | err:0.4712 | horse_05 horse_07
2026-06-30 11:33:34,050 INFO: avg err:0.4308 | err:0.4608 | horse_05 horse_08
2026-06-30 11:33:34,350 INFO: avg err:0.4320 | err:0.7883 | horse_05 horse_09
2026-06-30 11:33:34,573 INFO: avg err:0.4333 | err:0.8365 | horse_05 horse_10
2026-06-30 11:33:34,899 INFO: avg err:0.4345 | err:0.7803 | horse_06 cougar_01
2026-06-30 11:33:35,180 INFO: avg err:0.4356 | err:0.7698 | horse_06 cougar_02
2026-06-30 11:33:35,487 INFO: avg err:0.4350 | err:0.2704 | horse_06 cougar_03
2026-06-30 11:33:35,699 INFO: avg err:0.4347 | err:0.3242 | horse_06 cougar_04
2026-06-30 11:33:36,056 INFO: avg err:0.4345 | err:0.3878 | horse_06 hippo_01
2026-06-30 11:33:36,321 INFO: avg err:0.4344 | err:0.3978 | horse_06 hippo_02
2026-06-30 11:33:36,587 INFO: avg err:0.4352 | err:0.6663 | horse_06 hippo_03
2026-06-30 11:33:36,869 INFO: avg err:0.4348 | err:0.3331 | horse_06 hippo_04
2026-06-30 11:33:37,136 INFO: avg err:0.4341 | err:0.2040 | horse_06 hippo_05
2026-06-30 11:33:37,348 INFO: avg err:0.4341 | err:0.4452 | horse_06 hippo_06
2026-06-30 11:33:37,751 INFO: avg err:0.4337 | err:0.3000 | horse_06 horse_01
2026-06-30 11:33:37,986 INFO: avg err:0.4344 | err:0.6632 | horse_06 horse_02
2026-06-30 11:33:38,324 INFO: avg err:0.4332 | err:0.0528 | horse_06 horse_03
2026-06-30 11:33:38,585 INFO: avg err:0.4323 | err:0.1568 | horse_06 horse_04
2026-06-30 11:33:38,849 INFO: avg err:0.4324 | err:0.4433 | horse_06 horse_05
2026-06-30 11:33:39,076 INFO: avg err:0.4310 | err:0.0000 | horse_06 horse_06
2026-06-30 11:33:39,581 INFO: avg err:0.4299 | err:0.0957 | horse_06 horse_07
2026-06-30 11:33:39,826 INFO: avg err:0.4297 | err:0.3409 | horse_06 horse_08
2026-06-30 11:33:40,111 INFO: avg err:0.4299 | err:0.5159 | horse_06 horse_09
2026-06-30 11:33:40,319 INFO: avg err:0.4304 | err:0.5890 | horse_06 horse_10
2026-06-30 11:33:40,727 INFO: avg err:0.4314 | err:0.7414 | horse_07 cougar_01
2026-06-30 11:33:40,958 INFO: avg err:0.4324 | err:0.7639 | horse_07 cougar_02
2026-06-30 11:33:41,305 INFO: avg err:0.4318 | err:0.2435 | horse_07 cougar_03
2026-06-30 11:33:41,519 INFO: avg err:0.4313 | err:0.2418 | horse_07 cougar_04
2026-06-30 11:33:41,948 INFO: avg err:0.4312 | err:0.3998 | horse_07 hippo_01
2026-06-30 11:33:42,202 INFO: avg err:0.4309 | err:0.3466 | horse_07 hippo_02
2026-06-30 11:33:42,493 INFO: avg err:0.4316 | err:0.6763 | horse_07 hippo_03
2026-06-30 11:33:42,753 INFO: avg err:0.4314 | err:0.3569 | horse_07 hippo_04
2026-06-30 11:33:43,031 INFO: avg err:0.4310 | err:0.2812 | horse_07 hippo_05
2026-06-30 11:33:43,238 INFO: avg err:0.4308 | err:0.3809 | horse_07 hippo_06
2026-06-30 11:33:43,568 INFO: avg err:0.4303 | err:0.2522 | horse_07 horse_01
2026-06-30 11:33:43,848 INFO: avg err:0.4312 | err:0.7364 | horse_07 horse_02
2026-06-30 11:33:44,096 INFO: avg err:0.4304 | err:0.1820 | horse_07 horse_03
2026-06-30 11:33:44,363 INFO: avg err:0.4299 | err:0.2356 | horse_07 horse_04
2026-06-30 11:33:44,698 INFO: avg err:0.4299 | err:0.4295 | horse_07 horse_05
2026-06-30 11:33:44,954 INFO: avg err:0.4291 | err:0.1604 | horse_07 horse_06
2026-06-30 11:33:45,186 INFO: avg err:0.4278 | err:0.0002 | horse_07 horse_07
2026-06-30 11:33:45,415 INFO: avg err:0.4272 | err:0.2199 | horse_07 horse_08
2026-06-30 11:33:45,695 INFO: avg err:0.4274 | err:0.5188 | horse_07 horse_09
2026-06-30 11:33:45,982 INFO: avg err:0.4284 | err:0.7474 | horse_07 horse_10
2026-06-30 11:33:46,291 INFO: avg err:0.4294 | err:0.7819 | horse_08 cougar_01
2026-06-30 11:33:46,602 INFO: avg err:0.4303 | err:0.7212 | horse_08 cougar_02
2026-06-30 11:33:46,861 INFO: avg err:0.4300 | err:0.3440 | horse_08 cougar_03
2026-06-30 11:33:47,081 INFO: avg err:0.4300 | err:0.4218 | horse_08 cougar_04
2026-06-30 11:33:47,557 INFO: avg err:0.4299 | err:0.4004 | horse_08 hippo_01
2026-06-30 11:33:47,799 INFO: avg err:0.4297 | err:0.3619 | horse_08 hippo_02
2026-06-30 11:33:48,146 INFO: avg err:0.4304 | err:0.6763 | horse_08 hippo_03
2026-06-30 11:33:48,391 INFO: avg err:0.4303 | err:0.3877 | horse_08 hippo_04
2026-06-30 11:33:48,671 INFO: avg err:0.4298 | err:0.2685 | horse_08 hippo_05
2026-06-30 11:33:48,972 INFO: avg err:0.4299 | err:0.4530 | horse_08 hippo_06
2026-06-30 11:33:49,216 INFO: avg err:0.4297 | err:0.3701 | horse_08 horse_01
2026-06-30 11:33:49,447 INFO: avg err:0.4306 | err:0.7178 | horse_08 horse_02
2026-06-30 11:33:49,786 INFO: avg err:0.4306 | err:0.4489 | horse_08 horse_03
2026-06-30 11:33:50,091 INFO: avg err:0.4305 | err:0.4048 | horse_08 horse_04
2026-06-30 11:33:50,454 INFO: avg err:0.4306 | err:0.4654 | horse_08 horse_05
2026-06-30 11:33:50,761 INFO: avg err:0.4305 | err:0.3741 | horse_08 horse_06
2026-06-30 11:33:51,185 INFO: avg err:0.4298 | err:0.1837 | horse_08 horse_07
2026-06-30 11:33:51,423 INFO: avg err:0.4286 | err:0.0000 | horse_08 horse_08
2026-06-30 11:33:51,737 INFO: avg err:0.4288 | err:0.4936 | horse_08 horse_09
2026-06-30 11:33:51,956 INFO: avg err:0.4293 | err:0.6258 | horse_08 horse_10
2026-06-30 11:33:52,196 INFO: avg err:0.4290 | err:0.3229 | horse_09 cougar_01
2026-06-30 11:33:52,439 INFO: avg err:0.4287 | err:0.3258 | horse_09 cougar_02
2026-06-30 11:33:52,781 INFO: avg err:0.4294 | err:0.6676 | horse_09 cougar_03
2026-06-30 11:33:53,027 INFO: avg err:0.4301 | err:0.6784 | horse_09 cougar_04
2026-06-30 11:33:53,420 INFO: avg err:0.4307 | err:0.6679 | horse_09 hippo_01
2026-06-30 11:33:53,732 INFO: avg err:0.4313 | err:0.6322 | horse_09 hippo_02
2026-06-30 11:33:54,063 INFO: avg err:0.4312 | err:0.4163 | horse_09 hippo_03
2026-06-30 11:33:54,292 INFO: avg err:0.4319 | err:0.6772 | horse_09 hippo_04
2026-06-30 11:33:54,585 INFO: avg err:0.4323 | err:0.5901 | horse_09 hippo_05
2026-06-30 11:33:54,879 INFO: avg err:0.4330 | err:0.6657 | horse_09 hippo_06
2026-06-30 11:33:55,169 INFO: avg err:0.4335 | err:0.6242 | horse_09 horse_01
2026-06-30 11:33:55,451 INFO: avg err:0.4329 | err:0.2345 | horse_09 horse_02
2026-06-30 11:33:55,682 INFO: avg err:0.4333 | err:0.5837 | horse_09 horse_03
2026-06-30 11:33:55,948 INFO: avg err:0.4339 | err:0.6364 | horse_09 horse_04
2026-06-30 11:33:56,234 INFO: avg err:0.4344 | err:0.6315 | horse_09 horse_05
2026-06-30 11:33:56,547 INFO: avg err:0.4348 | err:0.5765 | horse_09 horse_06
2026-06-30 11:33:56,790 INFO: avg err:0.4352 | err:0.5798 | horse_09 horse_07
2026-06-30 11:33:57,044 INFO: avg err:0.4353 | err:0.4853 | horse_09 horse_08
2026-06-30 11:33:57,288 INFO: avg err:0.4342 | err:0.0000 | horse_09 horse_09
2026-06-30 11:33:57,529 INFO: avg err:0.4336 | err:0.2259 | horse_09 horse_10
2026-06-30 11:33:57,780 INFO: avg err:0.4334 | err:0.3425 | horse_10 cougar_01
2026-06-30 11:33:58,116 INFO: avg err:0.4332 | err:0.3850 | horse_10 cougar_02
2026-06-30 11:33:58,342 INFO: avg err:0.4340 | err:0.7330 | horse_10 cougar_03
2026-06-30 11:33:58,718 INFO: avg err:0.4347 | err:0.6853 | horse_10 cougar_04
2026-06-30 11:33:59,011 INFO: avg err:0.4354 | err:0.7214 | horse_10 hippo_01
2026-06-30 11:33:59,320 INFO: avg err:0.4360 | err:0.6505 | horse_10 hippo_02
2026-06-30 11:33:59,591 INFO: avg err:0.4362 | err:0.5337 | horse_10 hippo_03
2026-06-30 11:33:59,841 INFO: avg err:0.4370 | err:0.7169 | horse_10 hippo_04
2026-06-30 11:34:00,087 INFO: avg err:0.4376 | err:0.6873 | horse_10 hippo_05
2026-06-30 11:34:00,323 INFO: avg err:0.4383 | err:0.7101 | horse_10 hippo_06
2026-06-30 11:34:00,630 INFO: avg err:0.4387 | err:0.6087 | horse_10 horse_01
2026-06-30 11:34:00,850 INFO: avg err:0.4384 | err:0.3106 | horse_10 horse_02
2026-06-30 11:34:01,314 INFO: avg err:0.4388 | err:0.5897 | horse_10 horse_03
2026-06-30 11:34:01,639 INFO: avg err:0.4395 | err:0.7090 | horse_10 horse_04
2026-06-30 11:34:01,880 INFO: avg err:0.4401 | err:0.6687 | horse_10 horse_05
2026-06-30 11:34:02,101 INFO: avg err:0.4406 | err:0.6612 | horse_10 horse_06
2026-06-30 11:34:02,490 INFO: avg err:0.4415 | err:0.7745 | horse_10 horse_07
2026-06-30 11:34:02,865 INFO: avg err:0.4415 | err:0.4368 | horse_10 horse_08
2026-06-30 11:34:03,088 INFO: avg err:0.4408 | err:0.1817 | horse_10 horse_09
2026-06-30 11:34:03,340 INFO: avg err:0.4397 | err:0.0000 | horse_10 horse_10
2026-06-30 11:34:03,366 INFO: Avg time: 0.1011
2026-06-30 11:34:03,843 INFO: Val auc: 0.2168
2026-06-30 11:34:03,850 INFO: Val avg error: 0.4397
2026-06-30 11:34:03,888 INFO: [ONB diag] max|Q-I|: mean=7.6090e-02 max=8.6508e-02 | max|Φ̃ᵀMΦ̃-I|: mean=7.1257e-07 max=8.3447e-07
2026-06-30 11:34:09,558 INFO: [smal_..][epoch: 17, iter:  14,020, lr:(1.859e-04,1.859e-04,)][eta: 0:19:56, time (data): 0.307 (0.015)]l_bij: 2.0588e+02 l_orth: 1.9962e+02 l_align: 1.6747e+02 l_qreg: 1.5482e+00 l_total: 5.7452e+02 
2026-06-30 11:34:15,312 INFO: [smal_..][epoch: 17, iter:  14,040, lr:(1.859e-04,1.859e-04,)][eta: 0:19:46, time (data): 0.305 (0.015)]l_bij: 1.9381e+02 l_orth: 1.8746e+02 l_align: 1.7541e+02 l_qreg: 1.5547e+00 l_total: 5.5823e+02 
2026-06-30 11:34:21,104 INFO: [smal_..][epoch: 17, iter:  14,060, lr:(1.859e-04,1.859e-04,)][eta: 0:19:37, time (data): 0.303 (0.015)]l_bij: 1.9601e+02 l_orth: 1.8816e+02 l_align: 1.7691e+02 l_qreg: 1.6534e+00 l_total: 5.6274e+02 
2026-06-30 11:34:27,319 INFO: [smal_..][epoch: 17, iter:  14,080, lr:(1.859e-04,1.859e-04,)][eta: 0:19:28, time (data): 0.305 (0.015)]l_bij: 1.9256e+02 l_orth: 1.8538e+02 l_align: 1.7727e+02 l_qreg: 1.8044e+00 l_total: 5.5701e+02 
2026-06-30 11:34:33,456 INFO: [smal_..][epoch: 17, iter:  14,100, lr:(1.859e-04,1.859e-04,)][eta: 0:19:19, time (data): 0.306 (0.015)]l_bij: 2.0788e+02 l_orth: 2.0019e+02 l_align: 1.6879e+02 l_qreg: 1.7823e+00 l_total: 5.7864e+02 
2026-06-30 11:34:39,557 INFO: [smal_..][epoch: 17, iter:  14,120, lr:(1.859e-04,1.859e-04,)][eta: 0:19:10, time (data): 0.305 (0.015)]l_bij: 1.9878e+02 l_orth: 1.9388e+02 l_align: 1.7415e+02 l_qreg: 1.5365e+00 l_total: 5.6836e+02 
2026-06-30 11:34:45,574 INFO: [smal_..][epoch: 17, iter:  14,140, lr:(1.859e-04,1.859e-04,)][eta: 0:19:01, time (data): 0.304 (0.015)]l_bij: 1.8564e+02 l_orth: 1.7778e+02 l_align: 1.8262e+02 l_qreg: 1.5710e+00 l_total: 5.4761e+02 
2026-06-30 11:34:51,724 INFO: [smal_..][epoch: 17, iter:  14,160, lr:(1.859e-04,1.859e-04,)][eta: 0:18:52, time (data): 0.305 (0.015)]l_bij: 2.0388e+02 l_orth: 1.9964e+02 l_align: 1.6797e+02 l_qreg: 1.5881e+00 l_total: 5.7307e+02 
2026-06-30 11:34:57,933 INFO: [smal_..][epoch: 17, iter:  14,180, lr:(1.859e-04,1.859e-04,)][eta: 0:18:43, time (data): 0.306 (0.015)]l_bij: 2.0594e+02 l_orth: 1.9774e+02 l_align: 1.6824e+02 l_qreg: 1.5529e+00 l_total: 5.7348e+02 
2026-06-30 11:35:04,035 INFO: [smal_..][epoch: 17, iter:  14,200, lr:(1.859e-04,1.859e-04,)][eta: 0:18:35, time (data): 0.306 (0.015)]l_bij: 1.9067e+02 l_orth: 1.8468e+02 l_align: 1.8191e+02 l_qreg: 1.8572e+00 l_total: 5.5912e+02 
2026-06-30 11:35:10,523 INFO: [smal_..][epoch: 17, iter:  14,220, lr:(1.859e-04,1.859e-04,)][eta: 0:18:26, time (data): 0.308 (0.015)]l_bij: 1.9771e+02 l_orth: 1.9055e+02 l_align: 1.7264e+02 l_qreg: 1.5921e+00 l_total: 5.6250e+02 
2026-06-30 11:35:16,837 INFO: [smal_..][epoch: 17, iter:  14,240, lr:(1.859e-04,1.859e-04,)][eta: 0:18:17, time (data): 0.309 (0.015)]l_bij: 1.8643e+02 l_orth: 1.8030e+02 l_align: 1.8482e+02 l_qreg: 1.4352e+00 l_total: 5.5298e+02 
2026-06-30 11:35:23,096 INFO: [smal_..][epoch: 17, iter:  14,260, lr:(1.859e-04,1.859e-04,)][eta: 0:18:08, time (data): 0.309 (0.015)]l_bij: 2.0050e+02 l_orth: 1.9558e+02 l_align: 1.7209e+02 l_qreg: 1.5704e+00 l_total: 5.6974e+02 
2026-06-30 11:35:29,282 INFO: [smal_..][epoch: 17, iter:  14,280, lr:(1.859e-04,1.859e-04,)][eta: 0:17:59, time (data): 0.308 (0.015)]l_bij: 2.0303e+02 l_orth: 1.9526e+02 l_align: 1.6843e+02 l_qreg: 1.5264e+00 l_total: 5.6823e+02 
2026-06-30 11:35:35,731 INFO: [smal_..][epoch: 18, iter:  14,300, lr:(1.490e-04,1.490e-04,)][eta: 0:17:50, time (data): 0.318 (0.023)]l_bij: 2.0206e+02 l_orth: 1.9482e+02 l_align: 1.6643e+02 l_qreg: 1.5201e+00 l_total: 5.6483e+02 
2026-06-30 11:35:41,868 INFO: [smal_..][epoch: 18, iter:  14,320, lr:(1.490e-04,1.490e-04,)][eta: 0:17:41, time (data): 0.313 (0.020)]l_bij: 1.8998e+02 l_orth: 1.8248e+02 l_align: 1.8589e+02 l_qreg: 1.7417e+00 l_total: 5.6009e+02 
2026-06-30 11:35:48,118 INFO: [smal_..][epoch: 18, iter:  14,340, lr:(1.490e-04,1.490e-04,)][eta: 0:17:32, time (data): 0.313 (0.019)]l_bij: 2.0463e+02 l_orth: 1.9854e+02 l_align: 1.7342e+02 l_qreg: 1.5718e+00 l_total: 5.7816e+02 
2026-06-30 11:35:54,256 INFO: [smal_..][epoch: 18, iter:  14,360, lr:(1.490e-04,1.490e-04,)][eta: 0:17:23, time (data): 0.311 (0.018)]l_bij: 1.9393e+02 l_orth: 1.9037e+02 l_align: 1.7345e+02 l_qreg: 1.5769e+00 l_total: 5.5934e+02 
2026-06-30 11:36:00,462 INFO: [smal_..][epoch: 18, iter:  14,380, lr:(1.490e-04,1.490e-04,)][eta: 0:17:14, time (data): 0.311 (0.017)]l_bij: 1.9638e+02 l_orth: 1.8951e+02 l_align: 1.7194e+02 l_qreg: 1.4322e+00 l_total: 5.5925e+02 
2026-06-30 11:36:06,649 INFO: [smal_..][epoch: 18, iter:  14,400, lr:(1.490e-04,1.490e-04,)][eta: 0:17:06, time (data): 0.311 (0.017)]l_bij: 1.9807e+02 l_orth: 1.9282e+02 l_align: 1.7081e+02 l_qreg: 1.5653e+00 l_total: 5.6327e+02 
2026-06-30 11:36:12,870 INFO: [smal_..][epoch: 18, iter:  14,420, lr:(1.490e-04,1.490e-04,)][eta: 0:16:57, time (data): 0.311 (0.017)]l_bij: 1.8502e+02 l_orth: 1.7883e+02 l_align: 1.8688e+02 l_qreg: 1.6882e+00 l_total: 5.5242e+02 
2026-06-30 11:36:18,995 INFO: [smal_..][epoch: 18, iter:  14,440, lr:(1.490e-04,1.490e-04,)][eta: 0:16:48, time (data): 0.310 (0.016)]l_bij: 1.9702e+02 l_orth: 1.8950e+02 l_align: 1.7371e+02 l_qreg: 1.4472e+00 l_total: 5.6168e+02 
2026-06-30 11:36:25,296 INFO: [smal_..][epoch: 18, iter:  14,460, lr:(1.490e-04,1.490e-04,)][eta: 0:16:39, time (data): 0.311 (0.016)]l_bij: 1.8179e+02 l_orth: 1.7733e+02 l_align: 1.8549e+02 l_qreg: 1.6408e+00 l_total: 5.4624e+02 
2026-06-30 11:36:31,520 INFO: [smal_..][epoch: 18, iter:  14,480, lr:(1.490e-04,1.490e-04,)][eta: 0:16:30, time (data): 0.309 (0.015)]l_bij: 2.0788e+02 l_orth: 1.9940e+02 l_align: 1.6451e+02 l_qreg: 1.5510e+00 l_total: 5.7333e+02 
2026-06-30 11:36:37,688 INFO: [smal_..][epoch: 18, iter:  14,500, lr:(1.490e-04,1.490e-04,)][eta: 0:16:21, time (data): 0.308 (0.015)]l_bij: 1.9737e+02 l_orth: 1.9144e+02 l_align: 1.7610e+02 l_qreg: 1.5530e+00 l_total: 5.6647e+02 
2026-06-30 11:36:43,852 INFO: [smal_..][epoch: 18, iter:  14,520, lr:(1.490e-04,1.490e-04,)][eta: 0:16:13, time (data): 0.308 (0.015)]l_bij: 1.9466e+02 l_orth: 1.8577e+02 l_align: 1.7975e+02 l_qreg: 1.8044e+00 l_total: 5.6198e+02 
2026-06-30 11:36:49,911 INFO: [smal_..][epoch: 18, iter:  14,540, lr:(1.490e-04,1.490e-04,)][eta: 0:16:04, time (data): 0.307 (0.015)]l_bij: 1.9315e+02 l_orth: 1.8683e+02 l_align: 1.7793e+02 l_qreg: 1.9675e+00 l_total: 5.5988e+02 
2026-06-30 11:36:56,076 INFO: [smal_..][epoch: 18, iter:  14,560, lr:(1.490e-04,1.490e-04,)][eta: 0:15:55, time (data): 0.307 (0.015)]l_bij: 1.8990e+02 l_orth: 1.8297e+02 l_align: 1.8282e+02 l_qreg: 1.5552e+00 l_total: 5.5724e+02 
2026-06-30 11:37:02,231 INFO: [smal_..][epoch: 18, iter:  14,580, lr:(1.490e-04,1.490e-04,)][eta: 0:15:46, time (data): 0.307 (0.015)]l_bij: 1.9981e+02 l_orth: 1.9180e+02 l_align: 1.6880e+02 l_qreg: 1.5685e+00 l_total: 5.6198e+02 
2026-06-30 11:37:08,495 INFO: [smal_..][epoch: 18, iter:  14,600, lr:(1.490e-04,1.490e-04,)][eta: 0:15:37, time (data): 0.308 (0.015)]l_bij: 1.9363e+02 l_orth: 1.8758e+02 l_align: 1.7404e+02 l_qreg: 1.5256e+00 l_total: 5.5677e+02 
2026-06-30 11:37:14,617 INFO: [smal_..][epoch: 18, iter:  14,620, lr:(1.490e-04,1.490e-04,)][eta: 0:15:28, time (data): 0.308 (0.015)]l_bij: 1.9355e+02 l_orth: 1.8573e+02 l_align: 1.7685e+02 l_qreg: 1.4909e+00 l_total: 5.5762e+02 
2026-06-30 11:37:20,769 INFO: [smal_..][epoch: 18, iter:  14,640, lr:(1.490e-04,1.490e-04,)][eta: 0:15:20, time (data): 0.308 (0.015)]l_bij: 1.9205e+02 l_orth: 1.8482e+02 l_align: 1.7940e+02 l_qreg: 1.5046e+00 l_total: 5.5778e+02 
2026-06-30 11:37:26,918 INFO: [smal_..][epoch: 18, iter:  14,660, lr:(1.490e-04,1.490e-04,)][eta: 0:15:11, time (data): 0.308 (0.015)]l_bij: 2.0456e+02 l_orth: 2.0002e+02 l_align: 1.6707e+02 l_qreg: 1.6812e+00 l_total: 5.7333e+02 
2026-06-30 11:37:32,963 INFO: [smal_..][epoch: 18, iter:  14,680, lr:(1.490e-04,1.490e-04,)][eta: 0:15:02, time (data): 0.309 (0.017)]l_bij: 1.9112e+02 l_orth: 1.8487e+02 l_align: 1.7211e+02 l_qreg: 1.6569e+00 l_total: 5.4976e+02 
2026-06-30 11:37:39,086 INFO: [smal_..][epoch: 18, iter:  14,700, lr:(1.490e-04,1.490e-04,)][eta: 0:14:53, time (data): 0.307 (0.016)]l_bij: 1.9131e+02 l_orth: 1.8768e+02 l_align: 1.7750e+02 l_qreg: 1.6087e+00 l_total: 5.5810e+02 
2026-06-30 11:37:45,216 INFO: [smal_..][epoch: 18, iter:  14,720, lr:(1.490e-04,1.490e-04,)][eta: 0:14:45, time (data): 0.306 (0.016)]l_bij: 1.9369e+02 l_orth: 1.8560e+02 l_align: 1.8046e+02 l_qreg: 1.5555e+00 l_total: 5.6130e+02 
2026-06-30 11:37:51,410 INFO: [smal_..][epoch: 18, iter:  14,740, lr:(1.490e-04,1.490e-04,)][eta: 0:14:36, time (data): 0.307 (0.015)]l_bij: 1.9287e+02 l_orth: 1.8560e+02 l_align: 1.8128e+02 l_qreg: 1.8477e+00 l_total: 5.6160e+02 
2026-06-30 11:37:57,610 INFO: [smal_..][epoch: 18, iter:  14,760, lr:(1.490e-04,1.490e-04,)][eta: 0:14:27, time (data): 0.308 (0.015)]l_bij: 1.8963e+02 l_orth: 1.8518e+02 l_align: 1.7671e+02 l_qreg: 1.6606e+00 l_total: 5.5318e+02 
2026-06-30 11:38:03,757 INFO: [smal_..][epoch: 18, iter:  14,780, lr:(1.490e-04,1.490e-04,)][eta: 0:14:18, time (data): 0.308 (0.015)]l_bij: 1.8895e+02 l_orth: 1.8275e+02 l_align: 1.8341e+02 l_qreg: 1.5758e+00 l_total: 5.5669e+02 
2026-06-30 11:38:09,967 INFO: [smal_..][epoch: 18, iter:  14,800, lr:(1.490e-04,1.490e-04,)][eta: 0:14:10, time (data): 0.308 (0.015)]l_bij: 1.9585e+02 l_orth: 1.8864e+02 l_align: 1.7504e+02 l_qreg: 1.5297e+00 l_total: 5.6105e+02 
2026-06-30 11:38:16,167 INFO: [smal_..][epoch: 18, iter:  14,820, lr:(1.490e-04,1.490e-04,)][eta: 0:14:01, time (data): 0.308 (0.015)]l_bij: 1.7605e+02 l_orth: 1.7009e+02 l_align: 1.9336e+02 l_qreg: 1.6537e+00 l_total: 5.4116e+02 
2026-06-30 11:38:22,316 INFO: [smal_..][epoch: 18, iter:  14,840, lr:(1.490e-04,1.490e-04,)][eta: 0:13:52, time (data): 0.308 (0.015)]l_bij: 1.8814e+02 l_orth: 1.8125e+02 l_align: 1.8296e+02 l_qreg: 1.6601e+00 l_total: 5.5401e+02 
2026-06-30 11:38:28,525 INFO: [smal_..][epoch: 18, iter:  14,860, lr:(1.490e-04,1.490e-04,)][eta: 0:13:43, time (data): 0.308 (0.015)]l_bij: 1.9800e+02 l_orth: 1.9270e+02 l_align: 1.6809e+02 l_qreg: 1.7321e+00 l_total: 5.6053e+02 
2026-06-30 11:38:34,688 INFO: [smal_..][epoch: 18, iter:  14,880, lr:(1.490e-04,1.490e-04,)][eta: 0:13:35, time (data): 0.308 (0.014)]l_bij: 1.9786e+02 l_orth: 1.9132e+02 l_align: 1.7348e+02 l_qreg: 1.5116e+00 l_total: 5.6418e+02 
2026-06-30 11:38:40,813 INFO: [smal_..][epoch: 18, iter:  14,900, lr:(1.490e-04,1.490e-04,)][eta: 0:13:26, time (data): 0.306 (0.014)]l_bij: 1.9766e+02 l_orth: 1.9225e+02 l_align: 1.7435e+02 l_qreg: 1.4924e+00 l_total: 5.6575e+02 
2026-06-30 11:38:46,992 INFO: [smal_..][epoch: 18, iter:  14,920, lr:(1.490e-04,1.490e-04,)][eta: 0:13:17, time (data): 0.307 (0.015)]l_bij: 1.9075e+02 l_orth: 1.8282e+02 l_align: 1.7844e+02 l_qreg: 1.6886e+00 l_total: 5.5370e+02 
2026-06-30 11:38:53,186 INFO: [smal_..][epoch: 18, iter:  14,940, lr:(1.490e-04,1.490e-04,)][eta: 0:13:09, time (data): 0.308 (0.015)]l_bij: 1.8953e+02 l_orth: 1.8258e+02 l_align: 1.7468e+02 l_qreg: 1.7006e+00 l_total: 5.4849e+02 
2026-06-30 11:38:59,373 INFO: [smal_..][epoch: 18, iter:  14,960, lr:(1.490e-04,1.490e-04,)][eta: 0:13:00, time (data): 0.308 (0.015)]l_bij: 2.1008e+02 l_orth: 2.0246e+02 l_align: 1.6539e+02 l_qreg: 1.4871e+00 l_total: 5.7942e+02 
2026-06-30 11:39:05,561 INFO: [smal_..][epoch: 18, iter:  14,980, lr:(1.490e-04,1.490e-04,)][eta: 0:12:51, time (data): 0.308 (0.015)]l_bij: 1.9601e+02 l_orth: 1.8900e+02 l_align: 1.7398e+02 l_qreg: 1.4752e+00 l_total: 5.6046e+02 
2026-06-30 11:39:11,778 INFO: [smal_..][epoch: 18, iter:  15,000, lr:(1.490e-04,1.490e-04,)][eta: 0:12:43, time (data): 0.309 (0.015)]l_bij: 1.9158e+02 l_orth: 1.8442e+02 l_align: 1.8034e+02 l_qreg: 1.7420e+00 l_total: 5.5808e+02 
2026-06-30 11:39:17,846 INFO: [smal_..][epoch: 18, iter:  15,020, lr:(1.490e-04,1.490e-04,)][eta: 0:12:34, time (data): 0.308 (0.015)]l_bij: 1.8706e+02 l_orth: 1.8485e+02 l_align: 1.8116e+02 l_qreg: 1.5420e+00 l_total: 5.5462e+02 
2026-06-30 11:39:23,957 INFO: [smal_..][epoch: 18, iter:  15,040, lr:(1.490e-04,1.490e-04,)][eta: 0:12:25, time (data): 0.308 (0.015)]l_bij: 2.0344e+02 l_orth: 1.9784e+02 l_align: 1.7016e+02 l_qreg: 1.3443e+00 l_total: 5.7279e+02 
2026-06-30 11:39:30,113 INFO: [smal_..][epoch: 18, iter:  15,060, lr:(1.490e-04,1.490e-04,)][eta: 0:12:17, time (data): 0.308 (0.015)]l_bij: 1.9377e+02 l_orth: 1.8785e+02 l_align: 1.8011e+02 l_qreg: 1.5607e+00 l_total: 5.6329e+02 
2026-06-30 11:39:36,251 INFO: [smal_..][epoch: 18, iter:  15,080, lr:(1.490e-04,1.490e-04,)][eta: 0:12:08, time (data): 0.307 (0.015)]l_bij: 1.8285e+01 l_orth: 2.0817e+01 l_align: 3.4494e+02 l_qreg: 1.5848e+00 l_total: 3.8562e+02 
2026-06-30 11:39:42,439 INFO: [smal_..][epoch: 18, iter:  15,100, lr:(1.490e-04,1.490e-04,)][eta: 0:11:59, time (data): 0.309 (0.015)]l_bij: 1.9537e+02 l_orth: 1.8790e+02 l_align: 1.6942e+02 l_qreg: 1.7868e+00 l_total: 5.5448e+02 
2026-06-30 11:39:48,467 INFO: [smal_..][epoch: 18, iter:  15,120, lr:(1.490e-04,1.490e-04,)][eta: 0:11:51, time (data): 0.305 (0.015)]l_bij: 1.9827e+02 l_orth: 1.8978e+02 l_align: 1.7102e+02 l_qreg: 1.4977e+00 l_total: 5.6057e+02 
2026-06-30 11:39:54,934 INFO: [smal_..][epoch: 19, iter:  15,140, lr:(1.220e-04,1.220e-04,)][eta: 0:11:42, time (data): 0.311 (0.019)]l_bij: 2.0115e+02 l_orth: 1.9632e+02 l_align: 1.7196e+02 l_qreg: 1.8033e+00 l_total: 5.7123e+02 
2026-06-30 11:40:01,318 INFO: [smal_..][epoch: 19, iter:  15,160, lr:(1.220e-04,1.220e-04,)][eta: 0:11:34, time (data): 0.313 (0.018)]l_bij: 2.0380e+02 l_orth: 1.9836e+02 l_align: 1.7425e+02 l_qreg: 1.6983e+00 l_total: 5.7812e+02 
2026-06-30 11:40:07,570 INFO: [smal_..][epoch: 19, iter:  15,180, lr:(1.220e-04,1.220e-04,)][eta: 0:11:25, time (data): 0.313 (0.017)]l_bij: 1.8629e+02 l_orth: 1.7943e+02 l_align: 1.8249e+02 l_qreg: 1.7570e+00 l_total: 5.4997e+02 
2026-06-30 11:40:13,826 INFO: [smal_..][epoch: 19, iter:  15,200, lr:(1.220e-04,1.220e-04,)][eta: 0:11:16, time (data): 0.313 (0.017)]l_bij: 1.8721e+02 l_orth: 1.8407e+02 l_align: 1.7903e+02 l_qreg: 1.5045e+00 l_total: 5.5181e+02 
2026-06-30 11:40:20,040 INFO: [smal_..][epoch: 19, iter:  15,220, lr:(1.220e-04,1.220e-04,)][eta: 0:11:08, time (data): 0.312 (0.016)]l_bij: 1.9173e+02 l_orth: 1.8534e+02 l_align: 1.7623e+02 l_qreg: 1.6663e+00 l_total: 5.5496e+02 
2026-06-30 11:40:26,236 INFO: [smal_..][epoch: 19, iter:  15,240, lr:(1.220e-04,1.220e-04,)][eta: 0:10:59, time (data): 0.312 (0.016)]l_bij: 2.0779e+02 l_orth: 1.9857e+02 l_align: 1.6456e+02 l_qreg: 1.5913e+00 l_total: 5.7250e+02 
2026-06-30 11:40:32,488 INFO: [smal_..][epoch: 19, iter:  15,260, lr:(1.220e-04,1.220e-04,)][eta: 0:10:51, time (data): 0.312 (0.016)]l_bij: 1.0826e+01 l_orth: 1.2826e+01 l_align: 3.5817e+02 l_qreg: 1.4614e+00 l_total: 3.8328e+02 
2026-06-30 11:40:38,807 INFO: [smal_..][epoch: 19, iter:  15,280, lr:(1.220e-04,1.220e-04,)][eta: 0:10:42, time (data): 0.304 (0.014)]l_bij: 2.0075e+02 l_orth: 1.9271e+02 l_align: 1.7368e+02 l_qreg: 1.5325e+00 l_total: 5.6868e+02 
2026-06-30 11:40:44,973 INFO: [smal_..][epoch: 19, iter:  15,300, lr:(1.220e-04,1.220e-04,)][eta: 0:10:34, time (data): 0.307 (0.015)]l_bij: 1.9983e+02 l_orth: 1.9491e+02 l_align: 1.6712e+02 l_qreg: 1.5614e+00 l_total: 5.6342e+02 
2026-06-30 11:40:51,041 INFO: [smal_..][epoch: 19, iter:  15,320, lr:(1.220e-04,1.220e-04,)][eta: 0:10:25, time (data): 0.305 (0.015)]l_bij: 1.9997e+02 l_orth: 1.9251e+02 l_align: 1.6989e+02 l_qreg: 1.6044e+00 l_total: 5.6397e+02 
2026-06-30 11:40:57,337 INFO: [smal_..][epoch: 19, iter:  15,340, lr:(1.220e-04,1.220e-04,)][eta: 0:10:16, time (data): 0.308 (0.015)]l_bij: 1.9452e+02 l_orth: 1.8809e+02 l_align: 1.7567e+02 l_qreg: 1.6597e+00 l_total: 5.5994e+02 
2026-06-30 11:41:03,519 INFO: [smal_..][epoch: 19, iter:  15,360, lr:(1.220e-04,1.220e-04,)][eta: 0:10:08, time (data): 0.308 (0.015)]l_bij: 1.9480e+02 l_orth: 1.8948e+02 l_align: 1.7715e+02 l_qreg: 1.4976e+00 l_total: 5.6293e+02 
2026-06-30 11:41:09,801 INFO: [smal_..][epoch: 19, iter:  15,380, lr:(1.220e-04,1.220e-04,)][eta: 0:09:59, time (data): 0.309 (0.015)]l_bij: 2.0404e+02 l_orth: 1.9506e+02 l_align: 1.6935e+02 l_qreg: 1.6391e+00 l_total: 5.7009e+02 
2026-06-30 11:41:16,112 INFO: [smal_..][epoch: 19, iter:  15,400, lr:(1.220e-04,1.220e-04,)][eta: 0:09:51, time (data): 0.310 (0.015)]l_bij: 2.0232e+02 l_orth: 1.9660e+02 l_align: 1.6862e+02 l_qreg: 1.5646e+00 l_total: 5.6910e+02 
2026-06-30 11:41:22,317 INFO: [smal_..][epoch: 19, iter:  15,420, lr:(1.220e-04,1.220e-04,)][eta: 0:09:42, time (data): 0.310 (0.015)]l_bij: 2.0200e+02 l_orth: 1.9674e+02 l_align: 1.6654e+02 l_qreg: 1.7092e+00 l_total: 5.6698e+02 
2026-06-30 11:41:28,659 INFO: [smal_..][epoch: 19, iter:  15,440, lr:(1.220e-04,1.220e-04,)][eta: 0:09:34, time (data): 0.311 (0.015)]l_bij: 2.0281e+02 l_orth: 1.9604e+02 l_align: 1.7390e+02 l_qreg: 1.6801e+00 l_total: 5.7443e+02 
2026-06-30 11:41:34,802 INFO: [smal_..][epoch: 19, iter:  15,460, lr:(1.220e-04,1.220e-04,)][eta: 0:09:25, time (data): 0.311 (0.015)]l_bij: 1.9490e+02 l_orth: 1.8936e+02 l_align: 1.7626e+02 l_qreg: 1.5932e+00 l_total: 5.6211e+02 
2026-06-30 11:41:40,773 INFO: [smal_..][epoch: 19, iter:  15,480, lr:(1.220e-04,1.220e-04,)][eta: 0:09:17, time (data): 0.302 (0.015)]l_bij: 1.8825e+02 l_orth: 1.8217e+02 l_align: 1.7917e+02 l_qreg: 1.6545e+00 l_total: 5.5124e+02 
2026-06-30 11:41:47,112 INFO: [smal_..][epoch: 19, iter:  15,500, lr:(1.220e-04,1.220e-04,)][eta: 0:09:08, time (data): 0.315 (0.015)]l_bij: 1.9110e+02 l_orth: 1.8589e+02 l_align: 1.7638e+02 l_qreg: 1.5727e+00 l_total: 5.5494e+02 
2026-06-30 11:41:53,392 INFO: [smal_..][epoch: 19, iter:  15,520, lr:(1.220e-04,1.220e-04,)][eta: 0:09:00, time (data): 0.314 (0.015)]l_bij: 2.0466e+02 l_orth: 1.9772e+02 l_align: 1.7074e+02 l_qreg: 1.5695e+00 l_total: 5.7468e+02 
2026-06-30 11:41:59,893 INFO: [smal_..][epoch: 19, iter:  15,540, lr:(1.220e-04,1.220e-04,)][eta: 0:08:51, time (data): 0.318 (0.015)]l_bij: 1.9805e+02 l_orth: 1.8987e+02 l_align: 1.7074e+02 l_qreg: 1.4383e+00 l_total: 5.6010e+02 
2026-06-30 11:42:06,224 INFO: [smal_..][epoch: 19, iter:  15,560, lr:(1.220e-04,1.220e-04,)][eta: 0:08:43, time (data): 0.317 (0.015)]l_bij: 1.8897e+02 l_orth: 1.8362e+02 l_align: 1.8030e+02 l_qreg: 1.5090e+00 l_total: 5.5441e+02 
2026-06-30 11:42:12,491 INFO: [smal_..][epoch: 19, iter:  15,580, lr:(1.220e-04,1.220e-04,)][eta: 0:08:34, time (data): 0.316 (0.015)]l_bij: 1.9674e+02 l_orth: 1.9047e+02 l_align: 1.7797e+02 l_qreg: 1.5450e+00 l_total: 5.6672e+02 
2026-06-30 11:42:18,857 INFO: [smal_..][epoch: 19, iter:  15,600, lr:(1.220e-04,1.220e-04,)][eta: 0:08:26, time (data): 0.317 (0.015)]l_bij: 2.0113e+02 l_orth: 1.9740e+02 l_align: 1.7209e+02 l_qreg: 1.4690e+00 l_total: 5.7210e+02 
2026-06-30 11:42:25,026 INFO: [smal_..][epoch: 19, iter:  15,620, lr:(1.220e-04,1.220e-04,)][eta: 0:08:17, time (data): 0.316 (0.015)]l_bij: 1.9614e+02 l_orth: 1.8831e+02 l_align: 1.7556e+02 l_qreg: 1.4897e+00 l_total: 5.6150e+02 
2026-06-30 11:42:31,172 INFO: [smal_..][epoch: 19, iter:  15,640, lr:(1.220e-04,1.220e-04,)][eta: 0:08:09, time (data): 0.314 (0.015)]l_bij: 2.0166e+02 l_orth: 1.9510e+02 l_align: 1.7131e+02 l_qreg: 1.5478e+00 l_total: 5.6963e+02 
2026-06-30 11:42:37,448 INFO: [smal_..][epoch: 19, iter:  15,660, lr:(1.220e-04,1.220e-04,)][eta: 0:08:00, time (data): 0.314 (0.015)]l_bij: 2.0908e+02 l_orth: 1.9942e+02 l_align: 1.6363e+02 l_qreg: 1.4505e+00 l_total: 5.7358e+02 
2026-06-30 11:42:43,643 INFO: [smal_..][epoch: 19, iter:  15,680, lr:(1.220e-04,1.220e-04,)][eta: 0:07:52, time (data): 0.306 (0.017)]l_bij: 1.9785e+02 l_orth: 1.8981e+02 l_align: 1.7588e+02 l_qreg: 1.6016e+00 l_total: 5.6514e+02 
2026-06-30 11:42:49,788 INFO: [smal_..][epoch: 19, iter:  15,700, lr:(1.220e-04,1.220e-04,)][eta: 0:07:44, time (data): 0.307 (0.015)]l_bij: 1.9603e+02 l_orth: 1.8892e+02 l_align: 1.7012e+02 l_qreg: 1.5547e+00 l_total: 5.5662e+02 
2026-06-30 11:42:55,973 INFO: [smal_..][epoch: 19, iter:  15,720, lr:(1.220e-04,1.220e-04,)][eta: 0:07:35, time (data): 0.308 (0.016)]l_bij: 1.9332e+02 l_orth: 1.8604e+02 l_align: 1.7624e+02 l_qreg: 1.4624e+00 l_total: 5.5706e+02 
2026-06-30 11:43:02,180 INFO: [smal_..][epoch: 19, iter:  15,740, lr:(1.220e-04,1.220e-04,)][eta: 0:07:27, time (data): 0.309 (0.016)]l_bij: 1.8837e+02 l_orth: 1.8202e+02 l_align: 1.7870e+02 l_qreg: 1.4860e+00 l_total: 5.5058e+02 
2026-06-30 11:43:08,478 INFO: [smal_..][epoch: 19, iter:  15,760, lr:(1.220e-04,1.220e-04,)][eta: 0:07:18, time (data): 0.310 (0.016)]l_bij: 1.8736e+02 l_orth: 1.8124e+02 l_align: 1.8339e+02 l_qreg: 1.7254e+00 l_total: 5.5372e+02 
2026-06-30 11:43:14,777 INFO: [smal_..][epoch: 19, iter:  15,780, lr:(1.220e-04,1.220e-04,)][eta: 0:07:10, time (data): 0.311 (0.015)]l_bij: 1.9522e+02 l_orth: 1.8755e+02 l_align: 1.7661e+02 l_qreg: 1.5282e+00 l_total: 5.6091e+02 
2026-06-30 11:43:20,899 INFO: [smal_..][epoch: 19, iter:  15,800, lr:(1.220e-04,1.220e-04,)][eta: 0:07:01, time (data): 0.310 (0.015)]l_bij: 1.8126e+02 l_orth: 1.7528e+02 l_align: 1.8562e+02 l_qreg: 1.7262e+00 l_total: 5.4388e+02 
2026-06-30 11:43:26,986 INFO: [smal_..][epoch: 19, iter:  15,820, lr:(1.220e-04,1.220e-04,)][eta: 0:06:53, time (data): 0.309 (0.015)]l_bij: 1.9559e+02 l_orth: 1.8935e+02 l_align: 1.7549e+02 l_qreg: 1.5312e+00 l_total: 5.6196e+02 
2026-06-30 11:43:33,025 INFO: [smal_..][epoch: 19, iter:  15,840, lr:(1.220e-04,1.220e-04,)][eta: 0:06:45, time (data): 0.308 (0.015)]l_bij: 2.0359e+02 l_orth: 1.9675e+02 l_align: 1.6392e+02 l_qreg: 1.5567e+00 l_total: 5.6582e+02 
2026-06-30 11:43:39,148 INFO: [smal_..][epoch: 19, iter:  15,860, lr:(1.220e-04,1.220e-04,)][eta: 0:06:36, time (data): 0.308 (0.015)]l_bij: 1.9721e+02 l_orth: 1.9025e+02 l_align: 1.7171e+02 l_qreg: 1.4362e+00 l_total: 5.6060e+02 
2026-06-30 11:43:45,353 INFO: [smal_..][epoch: 19, iter:  15,880, lr:(1.220e-04,1.220e-04,)][eta: 0:06:28, time (data): 0.313 (0.019)]l_bij: 1.9750e+02 l_orth: 1.8926e+02 l_align: 1.6964e+02 l_qreg: 1.5112e+00 l_total: 5.5791e+02 
2026-06-30 11:43:51,578 INFO: [smal_..][epoch: 19, iter:  15,900, lr:(1.220e-04,1.220e-04,)][eta: 0:06:19, time (data): 0.311 (0.015)]l_bij: 1.8862e+02 l_orth: 1.8097e+02 l_align: 1.8148e+02 l_qreg: 1.7157e+00 l_total: 5.5278e+02 
2026-06-30 11:43:57,750 INFO: [smal_..][epoch: 19, iter:  15,920, lr:(1.220e-04,1.220e-04,)][eta: 0:06:11, time (data): 0.310 (0.015)]l_bij: 1.8451e+02 l_orth: 1.7963e+02 l_align: 1.8539e+02 l_qreg: 1.5579e+00 l_total: 5.5109e+02 
2026-06-30 11:44:03,944 INFO: [smal_..][epoch: 19, iter:  15,940, lr:(1.220e-04,1.220e-04,)][eta: 0:06:03, time (data): 0.310 (0.015)]l_bij: 1.9362e+02 l_orth: 1.8721e+02 l_align: 1.7865e+02 l_qreg: 1.5170e+00 l_total: 5.6100e+02 
2026-06-30 11:44:10,165 INFO: [smal_..][epoch: 19, iter:  15,960, lr:(1.220e-04,1.220e-04,)][eta: 0:05:54, time (data): 0.310 (0.015)]l_bij: 4.1495e+01 l_orth: 4.4060e+01 l_align: 3.0798e+02 l_qreg: 1.7391e+00 l_total: 3.9527e+02 
2026-06-30 11:44:16,498 INFO: [smal_..][epoch: 20, iter:  15,980, lr:(1.055e-04,1.055e-04,)][eta: 0:05:46, time (data): 0.311 (0.017)]l_bij: 2.0731e+02 l_orth: 2.0147e+02 l_align: 1.6641e+02 l_qreg: 1.5226e+00 l_total: 5.7671e+02 
2026-06-30 11:44:22,630 INFO: [smal_..][epoch: 20, iter:  16,000, lr:(1.055e-04,1.055e-04,)][eta: 0:05:38, time (data): 0.310 (0.017)]l_bij: 2.0079e+02 l_orth: 1.9262e+02 l_align: 1.7164e+02 l_qreg: 1.6315e+00 l_total: 5.6668e+02 
2026-06-30 11:44:22,631 INFO: Saving models and training states.
2026-06-30 11:44:22,655 INFO: Start validation.
2026-06-30 11:44:23,527 INFO: avg err:0.0000 | err:0.0000 | cougar_01 cougar_01
2026-06-30 11:44:23,770 INFO: avg err:0.1179 | err:0.2359 | cougar_01 cougar_02
2026-06-30 11:44:24,091 INFO: avg err:0.3438 | err:0.7957 | cougar_01 cougar_03
2026-06-30 11:44:24,356 INFO: avg err:0.4659 | err:0.8322 | cougar_01 cougar_04
2026-06-30 11:44:24,619 INFO: avg err:0.5307 | err:0.7896 | cougar_01 hippo_01
2026-06-30 11:44:24,884 INFO: avg err:0.5726 | err:0.7824 | cougar_01 hippo_02
2026-06-30 11:44:25,145 INFO: avg err:0.5249 | err:0.2387 | cougar_01 hippo_03
2026-06-30 11:44:25,388 INFO: avg err:0.5506 | err:0.7302 | cougar_01 hippo_04
2026-06-30 11:44:25,606 INFO: avg err:0.5741 | err:0.7620 | cougar_01 hippo_05
2026-06-30 11:44:25,853 INFO: avg err:0.5919 | err:0.7521 | cougar_01 hippo_06
2026-06-30 11:44:26,126 INFO: avg err:0.6082 | err:0.7712 | cougar_01 horse_01
2026-06-30 11:44:26,401 INFO: avg err:0.5714 | err:0.1666 | cougar_01 horse_02
2026-06-30 11:44:26,660 INFO: avg err:0.5782 | err:0.6599 | cougar_01 horse_03
2026-06-30 11:44:26,947 INFO: avg err:0.5890 | err:0.7299 | cougar_01 horse_04
2026-06-30 11:44:27,205 INFO: avg err:0.5986 | err:0.7327 | cougar_01 horse_05
2026-06-30 11:44:27,457 INFO: avg err:0.6095 | err:0.7735 | cougar_01 horse_06
2026-06-30 11:44:27,715 INFO: avg err:0.6138 | err:0.6822 | cougar_01 horse_07
2026-06-30 11:44:27,980 INFO: avg err:0.6209 | err:0.7410 | cougar_01 horse_08
2026-06-30 11:44:28,220 INFO: avg err:0.6027 | err:0.2752 | cougar_01 horse_09
2026-06-30 11:44:28,445 INFO: avg err:0.5900 | err:0.3498 | cougar_01 horse_10
2026-06-30 11:44:28,698 INFO: avg err:0.5767 | err:0.3104 | cougar_02 cougar_01
2026-06-30 11:44:28,950 INFO: avg err:0.5505 | err:0.0000 | cougar_02 cougar_02
2026-06-30 11:44:29,199 INFO: avg err:0.5634 | err:0.8461 | cougar_02 cougar_03
2026-06-30 11:44:29,465 INFO: avg err:0.5770 | err:0.8916 | cougar_02 cougar_04
2026-06-30 11:44:29,747 INFO: avg err:0.5848 | err:0.7706 | cougar_02 hippo_01
2026-06-30 11:44:29,996 INFO: avg err:0.5938 | err:0.8187 | cougar_02 hippo_02
2026-06-30 11:44:30,248 INFO: avg err:0.5823 | err:0.2826 | cougar_02 hippo_03
2026-06-30 11:44:30,478 INFO: avg err:0.5893 | err:0.7805 | cougar_02 hippo_04
2026-06-30 11:44:30,727 INFO: avg err:0.5985 | err:0.8556 | cougar_02 hippo_05
2026-06-30 11:44:30,985 INFO: avg err:0.6059 | err:0.8214 | cougar_02 hippo_06
2026-06-30 11:44:31,244 INFO: avg err:0.6137 | err:0.8476 | cougar_02 horse_01
2026-06-30 11:44:31,516 INFO: avg err:0.6064 | err:0.3798 | cougar_02 horse_02
2026-06-30 11:44:31,780 INFO: avg err:0.6125 | err:0.8073 | cougar_02 horse_03
2026-06-30 11:44:32,033 INFO: avg err:0.6175 | err:0.7825 | cougar_02 horse_04
2026-06-30 11:44:32,290 INFO: avg err:0.6233 | err:0.8216 | cougar_02 horse_05
2026-06-30 11:44:32,556 INFO: avg err:0.6282 | err:0.7998 | cougar_02 horse_06
2026-06-30 11:44:32,778 INFO: avg err:0.6324 | err:0.7808 | cougar_02 horse_07
2026-06-30 11:44:33,022 INFO: avg err:0.6378 | err:0.8370 | cougar_02 horse_08
2026-06-30 11:44:33,248 INFO: avg err:0.6299 | err:0.3307 | cougar_02 horse_09
2026-06-30 11:44:33,547 INFO: avg err:0.6240 | err:0.3937 | cougar_02 horse_10
2026-06-30 11:44:33,795 INFO: avg err:0.6292 | err:0.8377 | cougar_03 cougar_01
2026-06-30 11:44:34,061 INFO: avg err:0.6327 | err:0.7766 | cougar_03 cougar_02
2026-06-30 11:44:34,334 INFO: avg err:0.6180 | err:0.0000 | cougar_03 cougar_03
2026-06-30 11:44:34,597 INFO: avg err:0.6110 | err:0.3118 | cougar_03 cougar_04
2026-06-30 11:44:34,839 INFO: avg err:0.6040 | err:0.2940 | cougar_03 hippo_01
2026-06-30 11:44:35,092 INFO: avg err:0.5993 | err:0.3906 | cougar_03 hippo_02
2026-06-30 11:44:35,345 INFO: avg err:0.6024 | err:0.7444 | cougar_03 hippo_03
2026-06-30 11:44:35,600 INFO: avg err:0.5944 | err:0.2188 | cougar_03 hippo_04
2026-06-30 11:44:35,846 INFO: avg err:0.5889 | err:0.3218 | cougar_03 hippo_05
2026-06-30 11:44:36,127 INFO: avg err:0.5846 | err:0.3750 | cougar_03 hippo_06
2026-06-30 11:44:36,403 INFO: avg err:0.5792 | err:0.3091 | cougar_03 horse_01
2026-06-30 11:44:36,644 INFO: avg err:0.5823 | err:0.7408 | cougar_03 horse_02
2026-06-30 11:44:36,907 INFO: avg err:0.5780 | err:0.3518 | cougar_03 horse_03
2026-06-30 11:44:37,177 INFO: avg err:0.5728 | err:0.2997 | cougar_03 horse_04
2026-06-30 11:44:37,409 INFO: avg err:0.5704 | err:0.4434 | cougar_03 horse_05
2026-06-30 11:44:37,700 INFO: avg err:0.5677 | err:0.4154 | cougar_03 horse_06
2026-06-30 11:44:37,985 INFO: avg err:0.5615 | err:0.2156 | cougar_03 horse_07
2026-06-30 11:44:38,243 INFO: avg err:0.5571 | err:0.3035 | cougar_03 horse_08
2026-06-30 11:44:38,488 INFO: avg err:0.5590 | err:0.6692 | cougar_03 horse_09
2026-06-30 11:44:38,740 INFO: avg err:0.5632 | err:0.8136 | cougar_03 horse_10
2026-06-30 11:44:39,010 INFO: avg err:0.5664 | err:0.7599 | cougar_04 cougar_01
2026-06-30 11:44:39,286 INFO: avg err:0.5710 | err:0.8529 | cougar_04 cougar_02
2026-06-30 11:44:39,515 INFO: avg err:0.5657 | err:0.2365 | cougar_04 cougar_03
2026-06-30 11:44:39,754 INFO: avg err:0.5569 | err:0.0000 | cougar_04 cougar_04
2026-06-30 11:44:39,985 INFO: avg err:0.5515 | err:0.2048 | cougar_04 hippo_01
2026-06-30 11:44:40,296 INFO: avg err:0.5477 | err:0.3012 | cougar_04 hippo_02
2026-06-30 11:44:40,532 INFO: avg err:0.5493 | err:0.6530 | cougar_04 hippo_03
2026-06-30 11:44:40,998 INFO: avg err:0.5454 | err:0.2888 | cougar_04 hippo_04
2026-06-30 11:44:41,226 INFO: avg err:0.5419 | err:0.3027 | cougar_04 hippo_05
2026-06-30 11:44:41,656 INFO: avg err:0.5375 | err:0.2335 | cougar_04 hippo_06
2026-06-30 11:44:41,904 INFO: avg err:0.5339 | err:0.2829 | cougar_04 horse_01
2026-06-30 11:44:42,177 INFO: avg err:0.5367 | err:0.7308 | cougar_04 horse_02
2026-06-30 11:44:42,468 INFO: avg err:0.5332 | err:0.2882 | cougar_04 horse_03
2026-06-30 11:44:42,739 INFO: avg err:0.5295 | err:0.2559 | cougar_04 horse_04
2026-06-30 11:44:43,170 INFO: avg err:0.5281 | err:0.4244 | cougar_04 horse_05
2026-06-30 11:44:43,504 INFO: avg err:0.5249 | err:0.2834 | cougar_04 horse_06
2026-06-30 11:44:43,751 INFO: avg err:0.5212 | err:0.2412 | cougar_04 horse_07
2026-06-30 11:44:44,025 INFO: avg err:0.5196 | err:0.3976 | cougar_04 horse_08
2026-06-30 11:44:44,374 INFO: avg err:0.5220 | err:0.7068 | cougar_04 horse_09
2026-06-30 11:44:44,732 INFO: avg err:0.5231 | err:0.6125 | cougar_04 horse_10
2026-06-30 11:44:45,042 INFO: avg err:0.5246 | err:0.6402 | hippo_01 cougar_01
2026-06-30 11:44:45,272 INFO: avg err:0.5267 | err:0.7038 | hippo_01 cougar_02
2026-06-30 11:44:45,554 INFO: avg err:0.5239 | err:0.2913 | hippo_01 cougar_03
2026-06-30 11:44:45,765 INFO: avg err:0.5206 | err:0.2444 | hippo_01 cougar_04
2026-06-30 11:44:45,980 INFO: avg err:0.5145 | err:0.0000 | hippo_01 hippo_01
2026-06-30 11:44:46,217 INFO: avg err:0.5108 | err:0.2033 | hippo_01 hippo_02
2026-06-30 11:44:46,743 INFO: avg err:0.5117 | err:0.5844 | hippo_01 hippo_03
2026-06-30 11:44:46,965 INFO: avg err:0.5070 | err:0.0984 | hippo_01 hippo_04
2026-06-30 11:44:47,312 INFO: avg err:0.5048 | err:0.3086 | hippo_01 hippo_05
2026-06-30 11:44:47,536 INFO: avg err:0.5008 | err:0.1469 | hippo_01 hippo_06
2026-06-30 11:44:47,960 INFO: avg err:0.4987 | err:0.3072 | hippo_01 horse_01
2026-06-30 11:44:48,199 INFO: avg err:0.5001 | err:0.6341 | hippo_01 horse_02
2026-06-30 11:44:48,513 INFO: avg err:0.4973 | err:0.2342 | hippo_01 horse_03
2026-06-30 11:44:48,727 INFO: avg err:0.4942 | err:0.2104 | hippo_01 horse_04
2026-06-30 11:44:49,059 INFO: avg err:0.4910 | err:0.1904 | hippo_01 horse_05
2026-06-30 11:44:49,373 INFO: avg err:0.4888 | err:0.2811 | hippo_01 horse_06
2026-06-30 11:44:49,633 INFO: avg err:0.4867 | err:0.2801 | hippo_01 horse_07
2026-06-30 11:44:49,864 INFO: avg err:0.4863 | err:0.4535 | hippo_01 horse_08
2026-06-30 11:44:50,120 INFO: avg err:0.4871 | err:0.5575 | hippo_01 horse_09
2026-06-30 11:44:50,343 INFO: avg err:0.4889 | err:0.6742 | hippo_01 horse_10
2026-06-30 11:44:50,584 INFO: avg err:0.4905 | err:0.6479 | hippo_02 cougar_01
2026-06-30 11:44:50,787 INFO: avg err:0.4924 | err:0.6854 | hippo_02 cougar_02
2026-06-30 11:44:51,180 INFO: avg err:0.4905 | err:0.3003 | hippo_02 cougar_03
2026-06-30 11:44:51,497 INFO: avg err:0.4873 | err:0.1527 | hippo_02 cougar_04
2026-06-30 11:44:51,813 INFO: avg err:0.4839 | err:0.1287 | hippo_02 hippo_01
2026-06-30 11:44:52,095 INFO: avg err:0.4793 | err:0.0000 | hippo_02 hippo_02
2026-06-30 11:44:52,349 INFO: avg err:0.4801 | err:0.5621 | hippo_02 hippo_03
2026-06-30 11:44:52,562 INFO: avg err:0.4783 | err:0.2827 | hippo_02 hippo_04
2026-06-30 11:44:52,888 INFO: avg err:0.4764 | err:0.2778 | hippo_02 hippo_05
2026-06-30 11:44:53,147 INFO: avg err:0.4734 | err:0.1407 | hippo_02 hippo_06
2026-06-30 11:44:53,457 INFO: avg err:0.4711 | err:0.2207 | hippo_02 horse_01
2026-06-30 11:44:53,763 INFO: avg err:0.4722 | err:0.5958 | hippo_02 horse_02
2026-06-30 11:44:54,001 INFO: avg err:0.4700 | err:0.2172 | hippo_02 horse_03
2026-06-30 11:44:54,227 INFO: avg err:0.4677 | err:0.2088 | hippo_02 horse_04
2026-06-30 11:44:54,583 INFO: avg err:0.4648 | err:0.1395 | hippo_02 horse_05
2026-06-30 11:44:54,863 INFO: avg err:0.4628 | err:0.2320 | hippo_02 horse_06
2026-06-30 11:44:55,275 INFO: avg err:0.4607 | err:0.2128 | hippo_02 horse_07
2026-06-30 11:44:55,540 INFO: avg err:0.4588 | err:0.2449 | hippo_02 horse_08
2026-06-30 11:44:55,808 INFO: avg err:0.4596 | err:0.5548 | hippo_02 horse_09
2026-06-30 11:44:56,059 INFO: avg err:0.4603 | err:0.5433 | hippo_02 horse_10
2026-06-30 11:44:56,319 INFO: avg err:0.4587 | err:0.2573 | hippo_03 cougar_01
2026-06-30 11:44:56,551 INFO: avg err:0.4566 | err:0.2019 | hippo_03 cougar_02
2026-06-30 11:44:57,072 INFO: avg err:0.4585 | err:0.6901 | hippo_03 cougar_03
2026-06-30 11:44:57,300 INFO: avg err:0.4591 | err:0.5440 | hippo_03 cougar_04
2026-06-30 11:44:57,595 INFO: avg err:0.4603 | err:0.5987 | hippo_03 hippo_01
2026-06-30 11:44:57,833 INFO: avg err:0.4614 | err:0.6006 | hippo_03 hippo_02
2026-06-30 11:44:58,255 INFO: avg err:0.4577 | err:0.0000 | hippo_03 hippo_03
2026-06-30 11:44:58,574 INFO: avg err:0.4589 | err:0.6042 | hippo_03 hippo_04
2026-06-30 11:44:58,879 INFO: avg err:0.4604 | err:0.6538 | hippo_03 hippo_05
2026-06-30 11:44:59,108 INFO: avg err:0.4604 | err:0.4656 | hippo_03 hippo_06
2026-06-30 11:44:59,347 INFO: avg err:0.4620 | err:0.6615 | hippo_03 horse_01
2026-06-30 11:44:59,592 INFO: avg err:0.4612 | err:0.3583 | hippo_03 horse_02
2026-06-30 11:44:59,843 INFO: avg err:0.4624 | err:0.6178 | hippo_03 horse_03
2026-06-30 11:45:00,076 INFO: avg err:0.4636 | err:0.6229 | hippo_03 horse_04
2026-06-30 11:45:00,487 INFO: avg err:0.4636 | err:0.4712 | hippo_03 horse_05
2026-06-30 11:45:00,767 INFO: avg err:0.4650 | err:0.6512 | hippo_03 horse_06
2026-06-30 11:45:01,143 INFO: avg err:0.4657 | err:0.5655 | hippo_03 horse_07
2026-06-30 11:45:01,405 INFO: avg err:0.4665 | err:0.5694 | hippo_03 horse_08
2026-06-30 11:45:01,668 INFO: avg err:0.4662 | err:0.4247 | hippo_03 horse_09
2026-06-30 11:45:01,891 INFO: avg err:0.4670 | err:0.5832 | hippo_03 horse_10
2026-06-30 11:45:02,182 INFO: avg err:0.4686 | err:0.6927 | hippo_04 cougar_01
2026-06-30 11:45:02,430 INFO: avg err:0.4701 | err:0.6736 | hippo_04 cougar_02
2026-06-30 11:45:02,712 INFO: avg err:0.4688 | err:0.2837 | hippo_04 cougar_03
2026-06-30 11:45:02,936 INFO: avg err:0.4671 | err:0.2255 | hippo_04 cougar_04
2026-06-30 11:45:03,280 INFO: avg err:0.4643 | err:0.0645 | hippo_04 hippo_01
2026-06-30 11:45:03,513 INFO: avg err:0.4626 | err:0.2219 | hippo_04 hippo_02
2026-06-30 11:45:03,789 INFO: avg err:0.4635 | err:0.5833 | hippo_04 hippo_03
2026-06-30 11:45:04,131 INFO: avg err:0.4603 | err:0.0000 | hippo_04 hippo_04
2026-06-30 11:45:04,440 INFO: avg err:0.4586 | err:0.1965 | hippo_04 hippo_05
2026-06-30 11:45:04,704 INFO: avg err:0.4573 | err:0.2782 | hippo_04 hippo_06
2026-06-30 11:45:04,990 INFO: avg err:0.4558 | err:0.2299 | hippo_04 horse_01
2026-06-30 11:45:05,228 INFO: avg err:0.4569 | err:0.6193 | hippo_04 horse_02
2026-06-30 11:45:05,552 INFO: avg err:0.4550 | err:0.1606 | hippo_04 horse_03
2026-06-30 11:45:05,902 INFO: avg err:0.4531 | err:0.1646 | hippo_04 horse_04
2026-06-30 11:45:06,157 INFO: avg err:0.4518 | err:0.2459 | hippo_04 horse_05
2026-06-30 11:45:06,417 INFO: avg err:0.4498 | err:0.1434 | hippo_04 horse_06
2026-06-30 11:45:06,675 INFO: avg err:0.4484 | err:0.2251 | hippo_04 horse_07
2026-06-30 11:45:06,931 INFO: avg err:0.4476 | err:0.3342 | hippo_04 horse_08
2026-06-30 11:45:07,192 INFO: avg err:0.4477 | err:0.4534 | hippo_04 horse_09
2026-06-30 11:45:07,675 INFO: avg err:0.4484 | err:0.5665 | hippo_04 horse_10
2026-06-30 11:45:07,994 INFO: avg err:0.4496 | err:0.6325 | hippo_05 cougar_01
2026-06-30 11:45:08,281 INFO: avg err:0.4505 | err:0.5968 | hippo_05 cougar_02
2026-06-30 11:45:08,520 INFO: avg err:0.4494 | err:0.2823 | hippo_05 cougar_03
2026-06-30 11:45:08,758 INFO: avg err:0.4484 | err:0.2732 | hippo_05 cougar_04
2026-06-30 11:45:08,991 INFO: avg err:0.4472 | err:0.2597 | hippo_05 hippo_01
2026-06-30 11:45:09,259 INFO: avg err:0.4459 | err:0.2299 | hippo_05 hippo_02
2026-06-30 11:45:09,489 INFO: avg err:0.4469 | err:0.6200 | hippo_05 hippo_03
2026-06-30 11:45:09,747 INFO: avg err:0.4456 | err:0.2266 | hippo_05 hippo_04
2026-06-30 11:45:10,022 INFO: avg err:0.4430 | err:0.0000 | hippo_05 hippo_05
2026-06-30 11:45:10,311 INFO: avg err:0.4426 | err:0.3760 | hippo_05 hippo_06
2026-06-30 11:45:10,610 INFO: avg err:0.4407 | err:0.1223 | hippo_05 horse_01
2026-06-30 11:45:10,950 INFO: avg err:0.4414 | err:0.5514 | hippo_05 horse_02
2026-06-30 11:45:11,284 INFO: avg err:0.4398 | err:0.1608 | hippo_05 horse_03
2026-06-30 11:45:11,524 INFO: avg err:0.4383 | err:0.1919 | hippo_05 horse_04
2026-06-30 11:45:11,768 INFO: avg err:0.4377 | err:0.3335 | hippo_05 horse_05
2026-06-30 11:45:11,992 INFO: avg err:0.4361 | err:0.1447 | hippo_05 horse_06
2026-06-30 11:45:12,258 INFO: avg err:0.4349 | err:0.2220 | hippo_05 horse_07
2026-06-30 11:45:12,600 INFO: avg err:0.4335 | err:0.2011 | hippo_05 horse_08
2026-06-30 11:45:12,852 INFO: avg err:0.4336 | err:0.4427 | hippo_05 horse_09
2026-06-30 11:45:13,072 INFO: avg err:0.4342 | err:0.5365 | hippo_05 horse_10
2026-06-30 11:45:13,472 INFO: avg err:0.4350 | err:0.5942 | hippo_06 cougar_01
2026-06-30 11:45:13,733 INFO: avg err:0.4364 | err:0.6816 | hippo_06 cougar_02
2026-06-30 11:45:13,947 INFO: avg err:0.4358 | err:0.3321 | hippo_06 cougar_03
2026-06-30 11:45:14,407 INFO: avg err:0.4347 | err:0.2248 | hippo_06 cougar_04
2026-06-30 11:45:14,646 INFO: avg err:0.4329 | err:0.1052 | hippo_06 hippo_01
2026-06-30 11:45:14,962 INFO: avg err:0.4314 | err:0.1481 | hippo_06 hippo_02
2026-06-30 11:45:15,274 INFO: avg err:0.4311 | err:0.3878 | hippo_06 hippo_03
2026-06-30 11:45:15,524 INFO: avg err:0.4304 | err:0.2930 | hippo_06 hippo_04
2026-06-30 11:45:15,763 INFO: avg err:0.4300 | err:0.3499 | hippo_06 hippo_05
2026-06-30 11:45:16,067 INFO: avg err:0.4277 | err:0.0000 | hippo_06 hippo_06
2026-06-30 11:45:16,378 INFO: avg err:0.4269 | err:0.2687 | hippo_06 horse_01
2026-06-30 11:45:16,696 INFO: avg err:0.4280 | err:0.6331 | hippo_06 horse_02
2026-06-30 11:45:16,925 INFO: avg err:0.4271 | err:0.2650 | hippo_06 horse_03
2026-06-30 11:45:17,200 INFO: avg err:0.4264 | err:0.2793 | hippo_06 horse_04
2026-06-30 11:45:17,420 INFO: avg err:0.4250 | err:0.1605 | hippo_06 horse_05
2026-06-30 11:45:17,750 INFO: avg err:0.4243 | err:0.2829 | hippo_06 horse_06
2026-06-30 11:45:18,022 INFO: avg err:0.4235 | err:0.2802 | hippo_06 horse_07
2026-06-30 11:45:18,263 INFO: avg err:0.4233 | err:0.3740 | hippo_06 horse_08
2026-06-30 11:45:18,539 INFO: avg err:0.4236 | err:0.4829 | hippo_06 horse_09
2026-06-30 11:45:18,924 INFO: avg err:0.4248 | err:0.6585 | hippo_06 horse_10
2026-06-30 11:45:19,162 INFO: avg err:0.4263 | err:0.7443 | horse_01 cougar_01
2026-06-30 11:45:19,540 INFO: avg err:0.4279 | err:0.7388 | horse_01 cougar_02
2026-06-30 11:45:19,808 INFO: avg err:0.4277 | err:0.3884 | horse_01 cougar_03
2026-06-30 11:45:20,051 INFO: avg err:0.4273 | err:0.3562 | horse_01 cougar_04
2026-06-30 11:45:20,290 INFO: avg err:0.4271 | err:0.3785 | horse_01 hippo_01
2026-06-30 11:45:20,674 INFO: avg err:0.4267 | err:0.3351 | horse_01 hippo_02
2026-06-30 11:45:20,957 INFO: avg err:0.4282 | err:0.7426 | horse_01 hippo_03
2026-06-30 11:45:21,186 INFO: avg err:0.4277 | err:0.3215 | horse_01 hippo_04
2026-06-30 11:45:21,425 INFO: avg err:0.4264 | err:0.1711 | horse_01 hippo_05
2026-06-30 11:45:21,679 INFO: avg err:0.4265 | err:0.4433 | horse_01 hippo_06
2026-06-30 11:45:21,976 INFO: avg err:0.4245 | err:0.0000 | horse_01 horse_01
2026-06-30 11:45:22,292 INFO: avg err:0.4254 | err:0.6136 | horse_01 horse_02
2026-06-30 11:45:22,694 INFO: avg err:0.4250 | err:0.3445 | horse_01 horse_03
2026-06-30 11:45:22,966 INFO: avg err:0.4238 | err:0.1750 | horse_01 horse_04
2026-06-30 11:45:23,204 INFO: avg err:0.4239 | err:0.4313 | horse_01 horse_05
2026-06-30 11:45:23,513 INFO: avg err:0.4234 | err:0.3272 | horse_01 horse_06
2026-06-30 11:45:23,827 INFO: avg err:0.4234 | err:0.4187 | horse_01 horse_07
2026-06-30 11:45:24,102 INFO: avg err:0.4229 | err:0.3113 | horse_01 horse_08
2026-06-30 11:45:24,452 INFO: avg err:0.4238 | err:0.6155 | horse_01 horse_09
2026-06-30 11:45:24,667 INFO: avg err:0.4248 | err:0.6546 | horse_01 horse_10
2026-06-30 11:45:25,080 INFO: avg err:0.4238 | err:0.1886 | horse_02 cougar_01
2026-06-30 11:45:25,321 INFO: avg err:0.4234 | err:0.3477 | horse_02 cougar_02
2026-06-30 11:45:25,762 INFO: avg err:0.4251 | err:0.8034 | horse_02 cougar_03
2026-06-30 11:45:26,060 INFO: avg err:0.4267 | err:0.7816 | horse_02 cougar_04
2026-06-30 11:45:26,309 INFO: avg err:0.4280 | err:0.7203 | horse_02 hippo_01
2026-06-30 11:45:26,557 INFO: avg err:0.4291 | err:0.6835 | horse_02 hippo_02
2026-06-30 11:45:26,848 INFO: avg err:0.4290 | err:0.3846 | horse_02 hippo_03
2026-06-30 11:45:27,158 INFO: avg err:0.4302 | err:0.7107 | horse_02 hippo_04
2026-06-30 11:45:27,482 INFO: avg err:0.4313 | err:0.6863 | horse_02 hippo_05
2026-06-30 11:45:27,792 INFO: avg err:0.4324 | err:0.6882 | horse_02 hippo_06
2026-06-30 11:45:28,068 INFO: avg err:0.4333 | err:0.6332 | horse_02 horse_01
2026-06-30 11:45:28,357 INFO: avg err:0.4314 | err:0.0000 | horse_02 horse_02
2026-06-30 11:45:28,618 INFO: avg err:0.4327 | err:0.7342 | horse_02 horse_03
2026-06-30 11:45:28,842 INFO: avg err:0.4340 | err:0.7382 | horse_02 horse_04
2026-06-30 11:45:29,147 INFO: avg err:0.4351 | err:0.6884 | horse_02 horse_05
2026-06-30 11:45:29,481 INFO: avg err:0.4364 | err:0.7456 | horse_02 horse_06
2026-06-30 11:45:29,734 INFO: avg err:0.4377 | err:0.7369 | horse_02 horse_07
2026-06-30 11:45:30,052 INFO: avg err:0.4378 | err:0.4553 | horse_02 horse_08
2026-06-30 11:45:30,374 INFO: avg err:0.4369 | err:0.2201 | horse_02 horse_09
2026-06-30 11:45:30,625 INFO: avg err:0.4362 | err:0.2882 | horse_02 horse_10
2026-06-30 11:45:30,934 INFO: avg err:0.4377 | err:0.7988 | horse_03 cougar_01
2026-06-30 11:45:31,270 INFO: avg err:0.4391 | err:0.7623 | horse_03 cougar_02
2026-06-30 11:45:31,519 INFO: avg err:0.4384 | err:0.2664 | horse_03 cougar_03
2026-06-30 11:45:31,788 INFO: avg err:0.4379 | err:0.3347 | horse_03 cougar_04
2026-06-30 11:45:32,056 INFO: avg err:0.4372 | err:0.2469 | horse_03 hippo_01
2026-06-30 11:45:32,375 INFO: avg err:0.4368 | err:0.3505 | horse_03 hippo_02
2026-06-30 11:45:32,600 INFO: avg err:0.4378 | err:0.6869 | horse_03 hippo_03
2026-06-30 11:45:32,956 INFO: avg err:0.4370 | err:0.2392 | horse_03 hippo_04
2026-06-30 11:45:33,323 INFO: avg err:0.4360 | err:0.1907 | horse_03 hippo_05
2026-06-30 11:45:33,681 INFO: avg err:0.4360 | err:0.4304 | horse_03 hippo_06
2026-06-30 11:45:33,984 INFO: avg err:0.4354 | err:0.2705 | horse_03 horse_01
2026-06-30 11:45:34,430 INFO: avg err:0.4364 | err:0.7006 | horse_03 horse_02
2026-06-30 11:45:34,638 INFO: avg err:0.4347 | err:0.0000 | horse_03 horse_03
2026-06-30 11:45:34,966 INFO: avg err:0.4334 | err:0.1192 | horse_03 horse_04
2026-06-30 11:45:35,218 INFO: avg err:0.4334 | err:0.4145 | horse_03 horse_05
2026-06-30 11:45:35,558 INFO: avg err:0.4321 | err:0.1067 | horse_03 horse_06
2026-06-30 11:45:35,885 INFO: avg err:0.4312 | err:0.2064 | horse_03 horse_07
2026-06-30 11:45:36,177 INFO: avg err:0.4305 | err:0.2541 | horse_03 horse_08
2026-06-30 11:45:36,416 INFO: avg err:0.4309 | err:0.5249 | horse_03 horse_09
2026-06-30 11:45:36,814 INFO: avg err:0.4316 | err:0.6224 | horse_03 horse_10
2026-06-30 11:45:37,042 INFO: avg err:0.4332 | err:0.8375 | horse_04 cougar_01
2026-06-30 11:45:37,395 INFO: avg err:0.4342 | err:0.6989 | horse_04 cougar_02
2026-06-30 11:45:37,620 INFO: avg err:0.4336 | err:0.2658 | horse_04 cougar_03
2026-06-30 11:45:37,993 INFO: avg err:0.4333 | err:0.3775 | horse_04 cougar_04
2026-06-30 11:45:38,235 INFO: avg err:0.4327 | err:0.2518 | horse_04 hippo_01
2026-06-30 11:45:38,528 INFO: avg err:0.4323 | err:0.3252 | horse_04 hippo_02
2026-06-30 11:45:38,770 INFO: avg err:0.4333 | err:0.7219 | horse_04 hippo_03
2026-06-30 11:45:39,087 INFO: avg err:0.4325 | err:0.2099 | horse_04 hippo_04
2026-06-30 11:45:39,300 INFO: avg err:0.4322 | err:0.3532 | horse_04 hippo_05
2026-06-30 11:45:39,628 INFO: avg err:0.4321 | err:0.3973 | horse_04 hippo_06
2026-06-30 11:45:39,881 INFO: avg err:0.4313 | err:0.2256 | horse_04 horse_01
2026-06-30 11:45:40,126 INFO: avg err:0.4322 | err:0.6678 | horse_04 horse_02
2026-06-30 11:45:40,363 INFO: avg err:0.4312 | err:0.1685 | horse_04 horse_03
2026-06-30 11:45:40,730 INFO: avg err:0.4297 | err:0.0000 | horse_04 horse_04
2026-06-30 11:45:40,962 INFO: avg err:0.4296 | err:0.4110 | horse_04 horse_05
2026-06-30 11:45:41,220 INFO: avg err:0.4285 | err:0.1292 | horse_04 horse_06
2026-06-30 11:45:41,452 INFO: avg err:0.4279 | err:0.2514 | horse_04 horse_07
2026-06-30 11:45:41,839 INFO: avg err:0.4278 | err:0.4071 | horse_04 horse_08
2026-06-30 11:45:42,096 INFO: avg err:0.4281 | err:0.5223 | horse_04 horse_09
2026-06-30 11:45:42,456 INFO: avg err:0.4286 | err:0.5675 | horse_04 horse_10
2026-06-30 11:45:42,686 INFO: avg err:0.4303 | err:0.9039 | horse_05 cougar_01
2026-06-30 11:45:42,939 INFO: avg err:0.4321 | err:0.9220 | horse_05 cougar_02
2026-06-30 11:45:43,175 INFO: avg err:0.4323 | err:0.5058 | horse_05 cougar_03
2026-06-30 11:45:43,444 INFO: avg err:0.4323 | err:0.4239 | horse_05 cougar_04
2026-06-30 11:45:43,685 INFO: avg err:0.4320 | err:0.3456 | horse_05 hippo_01
2026-06-30 11:45:44,030 INFO: avg err:0.4310 | err:0.1631 | horse_05 hippo_02
2026-06-30 11:45:44,305 INFO: avg err:0.4320 | err:0.7073 | horse_05 hippo_03
2026-06-30 11:45:44,628 INFO: avg err:0.4321 | err:0.4484 | horse_05 hippo_04
2026-06-30 11:45:44,940 INFO: avg err:0.4324 | err:0.5197 | horse_05 hippo_05
2026-06-30 11:45:45,205 INFO: avg err:0.4318 | err:0.2821 | horse_05 hippo_06
2026-06-30 11:45:45,417 INFO: avg err:0.4315 | err:0.3365 | horse_05 horse_01
2026-06-30 11:45:45,665 INFO: avg err:0.4329 | err:0.8223 | horse_05 horse_02
2026-06-30 11:45:45,893 INFO: avg err:0.4327 | err:0.4015 | horse_05 horse_03
2026-06-30 11:45:46,162 INFO: avg err:0.4323 | err:0.3107 | horse_05 horse_04
2026-06-30 11:45:46,492 INFO: avg err:0.4309 | err:0.0000 | horse_05 horse_05
2026-06-30 11:45:46,862 INFO: avg err:0.4309 | err:0.4407 | horse_05 horse_06
2026-06-30 11:45:47,133 INFO: avg err:0.4310 | err:0.4732 | horse_05 horse_07
2026-06-30 11:45:47,369 INFO: avg err:0.4312 | err:0.4636 | horse_05 horse_08
2026-06-30 11:45:47,708 INFO: avg err:0.4323 | err:0.7734 | horse_05 horse_09
2026-06-30 11:45:47,954 INFO: avg err:0.4337 | err:0.8679 | horse_05 horse_10
2026-06-30 11:45:48,202 INFO: avg err:0.4348 | err:0.7605 | horse_06 cougar_01
2026-06-30 11:45:48,450 INFO: avg err:0.4359 | err:0.7587 | horse_06 cougar_02
2026-06-30 11:45:48,734 INFO: avg err:0.4354 | err:0.2719 | horse_06 cougar_03
2026-06-30 11:45:49,080 INFO: avg err:0.4350 | err:0.3303 | horse_06 cougar_04
2026-06-30 11:45:49,388 INFO: avg err:0.4349 | err:0.3843 | horse_06 hippo_01
2026-06-30 11:45:49,736 INFO: avg err:0.4346 | err:0.3614 | horse_06 hippo_02
2026-06-30 11:45:50,035 INFO: avg err:0.4354 | err:0.6819 | horse_06 hippo_03
2026-06-30 11:45:50,285 INFO: avg err:0.4350 | err:0.3211 | horse_06 hippo_04
2026-06-30 11:45:50,499 INFO: avg err:0.4343 | err:0.1997 | horse_06 hippo_05
2026-06-30 11:45:50,989 INFO: avg err:0.4342 | err:0.4044 | horse_06 hippo_06
2026-06-30 11:45:51,222 INFO: avg err:0.4337 | err:0.2902 | horse_06 horse_01
2026-06-30 11:45:51,526 INFO: avg err:0.4345 | err:0.6671 | horse_06 horse_02
2026-06-30 11:45:51,755 INFO: avg err:0.4333 | err:0.0538 | horse_06 horse_03
2026-06-30 11:45:51,992 INFO: avg err:0.4324 | err:0.1550 | horse_06 horse_04
2026-06-30 11:45:52,225 INFO: avg err:0.4324 | err:0.4327 | horse_06 horse_05
2026-06-30 11:45:52,588 INFO: avg err:0.4310 | err:0.0001 | horse_06 horse_06
2026-06-30 11:45:52,921 INFO: avg err:0.4299 | err:0.0898 | horse_06 horse_07
2026-06-30 11:45:53,220 INFO: avg err:0.4297 | err:0.3661 | horse_06 horse_08
2026-06-30 11:45:53,485 INFO: avg err:0.4300 | err:0.5088 | horse_06 horse_09
2026-06-30 11:45:53,912 INFO: avg err:0.4305 | err:0.5919 | horse_06 horse_10
2026-06-30 11:45:54,231 INFO: avg err:0.4314 | err:0.7380 | horse_07 cougar_01
2026-06-30 11:45:54,582 INFO: avg err:0.4325 | err:0.7584 | horse_07 cougar_02
2026-06-30 11:45:54,829 INFO: avg err:0.4319 | err:0.2423 | horse_07 cougar_03
2026-06-30 11:45:55,164 INFO: avg err:0.4313 | err:0.2347 | horse_07 cougar_04
2026-06-30 11:45:55,461 INFO: avg err:0.4311 | err:0.3953 | horse_07 hippo_01
2026-06-30 11:45:55,804 INFO: avg err:0.4309 | err:0.3462 | horse_07 hippo_02
2026-06-30 11:45:56,100 INFO: avg err:0.4316 | err:0.6676 | horse_07 hippo_03
2026-06-30 11:45:56,356 INFO: avg err:0.4314 | err:0.3470 | horse_07 hippo_04
2026-06-30 11:45:56,624 INFO: avg err:0.4308 | err:0.2565 | horse_07 hippo_05
2026-06-30 11:45:56,912 INFO: avg err:0.4307 | err:0.3774 | horse_07 hippo_06
2026-06-30 11:45:57,116 INFO: avg err:0.4301 | err:0.2314 | horse_07 horse_01
2026-06-30 11:45:57,407 INFO: avg err:0.4310 | err:0.7523 | horse_07 horse_02
2026-06-30 11:45:57,649 INFO: avg err:0.4304 | err:0.2123 | horse_07 horse_03
2026-06-30 11:45:58,014 INFO: avg err:0.4298 | err:0.2465 | horse_07 horse_04
2026-06-30 11:45:58,236 INFO: avg err:0.4298 | err:0.4232 | horse_07 horse_05
2026-06-30 11:45:58,727 INFO: avg err:0.4290 | err:0.1763 | horse_07 horse_06
2026-06-30 11:45:59,040 INFO: avg err:0.4278 | err:0.0000 | horse_07 horse_07
2026-06-30 11:45:59,434 INFO: avg err:0.4272 | err:0.2266 | horse_07 horse_08
2026-06-30 11:45:59,667 INFO: avg err:0.4275 | err:0.5222 | horse_07 horse_09
2026-06-30 11:46:00,036 INFO: avg err:0.4285 | err:0.7679 | horse_07 horse_10
2026-06-30 11:46:00,292 INFO: avg err:0.4295 | err:0.7806 | horse_08 cougar_01
2026-06-30 11:46:00,718 INFO: avg err:0.4303 | err:0.7092 | horse_08 cougar_02
2026-06-30 11:46:00,956 INFO: avg err:0.4300 | err:0.3327 | horse_08 cougar_03
2026-06-30 11:46:01,209 INFO: avg err:0.4300 | err:0.4330 | horse_08 cougar_04
2026-06-30 11:46:01,442 INFO: avg err:0.4300 | err:0.4021 | horse_08 hippo_01
2026-06-30 11:46:01,833 INFO: avg err:0.4298 | err:0.3848 | horse_08 hippo_02
2026-06-30 11:46:02,081 INFO: avg err:0.4306 | err:0.6841 | horse_08 hippo_03
2026-06-30 11:46:02,336 INFO: avg err:0.4304 | err:0.3703 | horse_08 hippo_04
2026-06-30 11:46:02,554 INFO: avg err:0.4299 | err:0.2498 | horse_08 hippo_05
2026-06-30 11:46:02,777 INFO: avg err:0.4300 | err:0.4648 | horse_08 hippo_06
2026-06-30 11:46:03,004 INFO: avg err:0.4298 | err:0.3698 | horse_08 horse_01
2026-06-30 11:46:03,345 INFO: avg err:0.4307 | err:0.7438 | horse_08 horse_02
2026-06-30 11:46:03,560 INFO: avg err:0.4308 | err:0.4621 | horse_08 horse_03
2026-06-30 11:46:03,822 INFO: avg err:0.4307 | err:0.4084 | horse_08 horse_04
2026-06-30 11:46:04,133 INFO: avg err:0.4308 | err:0.4770 | horse_08 horse_05
2026-06-30 11:46:04,420 INFO: avg err:0.4306 | err:0.3538 | horse_08 horse_06
2026-06-30 11:46:04,650 INFO: avg err:0.4299 | err:0.1818 | horse_08 horse_07
2026-06-30 11:46:04,947 INFO: avg err:0.4287 | err:0.0000 | horse_08 horse_08
2026-06-30 11:46:05,303 INFO: avg err:0.4288 | err:0.4504 | horse_08 horse_09
2026-06-30 11:46:05,539 INFO: avg err:0.4293 | err:0.6107 | horse_08 horse_10
2026-06-30 11:46:05,831 INFO: avg err:0.4290 | err:0.3201 | horse_09 cougar_01
2026-06-30 11:46:06,100 INFO: avg err:0.4287 | err:0.3372 | horse_09 cougar_02
2026-06-30 11:46:06,402 INFO: avg err:0.4294 | err:0.6649 | horse_09 cougar_03
2026-06-30 11:46:06,730 INFO: avg err:0.4302 | err:0.7077 | horse_09 cougar_04
2026-06-30 11:46:07,096 INFO: avg err:0.4309 | err:0.6932 | horse_09 hippo_01
2026-06-30 11:46:07,386 INFO: avg err:0.4314 | err:0.6366 | horse_09 hippo_02
2026-06-30 11:46:07,622 INFO: avg err:0.4314 | err:0.4034 | horse_09 hippo_03
2026-06-30 11:46:07,870 INFO: avg err:0.4320 | err:0.6577 | horse_09 hippo_04
2026-06-30 11:46:08,381 INFO: avg err:0.4324 | err:0.5749 | horse_09 hippo_05
2026-06-30 11:46:08,681 INFO: avg err:0.4330 | err:0.6776 | horse_09 hippo_06
2026-06-30 11:46:09,005 INFO: avg err:0.4336 | err:0.6587 | horse_09 horse_01
2026-06-30 11:46:09,264 INFO: avg err:0.4331 | err:0.2273 | horse_09 horse_02
2026-06-30 11:46:09,616 INFO: avg err:0.4334 | err:0.5693 | horse_09 horse_03
2026-06-30 11:46:09,924 INFO: avg err:0.4340 | err:0.6377 | horse_09 horse_04
2026-06-30 11:46:10,262 INFO: avg err:0.4346 | err:0.6467 | horse_09 horse_05
2026-06-30 11:46:10,593 INFO: avg err:0.4350 | err:0.5978 | horse_09 horse_06
2026-06-30 11:46:10,924 INFO: avg err:0.4356 | err:0.6495 | horse_09 horse_07
2026-06-30 11:46:11,277 INFO: avg err:0.4357 | err:0.4799 | horse_09 horse_08
2026-06-30 11:46:11,527 INFO: avg err:0.4345 | err:0.0000 | horse_09 horse_09
2026-06-30 11:46:11,843 INFO: avg err:0.4339 | err:0.2030 | horse_09 horse_10
2026-06-30 11:46:12,166 INFO: avg err:0.4337 | err:0.3396 | horse_10 cougar_01
2026-06-30 11:46:12,461 INFO: avg err:0.4336 | err:0.4075 | horse_10 cougar_02
2026-06-30 11:46:12,748 INFO: avg err:0.4344 | err:0.7403 | horse_10 cougar_03
2026-06-30 11:46:12,997 INFO: avg err:0.4351 | err:0.6892 | horse_10 cougar_04
2026-06-30 11:46:13,232 INFO: avg err:0.4358 | err:0.7250 | horse_10 hippo_01
2026-06-30 11:46:13,471 INFO: avg err:0.4364 | err:0.6481 | horse_10 hippo_02
2026-06-30 11:46:13,747 INFO: avg err:0.4367 | err:0.5781 | horse_10 hippo_03
2026-06-30 11:46:14,038 INFO: avg err:0.4374 | err:0.7009 | horse_10 hippo_04
2026-06-30 11:46:14,345 INFO: avg err:0.4380 | err:0.6545 | horse_10 hippo_05
2026-06-30 11:46:14,670 INFO: avg err:0.4386 | err:0.6940 | horse_10 hippo_06
2026-06-30 11:46:14,907 INFO: avg err:0.4391 | err:0.6301 | horse_10 horse_01
2026-06-30 11:46:15,151 INFO: avg err:0.4388 | err:0.3153 | horse_10 horse_02
2026-06-30 11:46:15,396 INFO: avg err:0.4392 | err:0.5914 | horse_10 horse_03
2026-06-30 11:46:15,631 INFO: avg err:0.4399 | err:0.7020 | horse_10 horse_04
2026-06-30 11:46:15,873 INFO: avg err:0.4404 | err:0.6724 | horse_10 horse_05
2026-06-30 11:46:16,113 INFO: avg err:0.4410 | err:0.6455 | horse_10 horse_06
2026-06-30 11:46:16,335 INFO: avg err:0.4419 | err:0.8064 | horse_10 horse_07
2026-06-30 11:46:16,607 INFO: avg err:0.4419 | err:0.4313 | horse_10 horse_08
2026-06-30 11:46:16,829 INFO: avg err:0.4413 | err:0.2025 | horse_10 horse_09
2026-06-30 11:46:17,114 INFO: avg err:0.4402 | err:0.0000 | horse_10 horse_10
2026-06-30 11:46:17,149 INFO: Avg time: 0.1048
2026-06-30 11:46:17,644 INFO: Val auc: 0.2165
2026-06-30 11:46:17,647 INFO: Val avg error: 0.4402
2026-06-30 11:46:17,688 INFO: [ONB diag] max|Q-I|: mean=7.7518e-02 max=9.0874e-02 | max|Φ̃ᵀMΦ̃-I|: mean=6.5371e-07 max=8.3447e-07
2026-06-30 11:46:23,465 INFO: [smal_..][epoch: 20, iter:  16,020, lr:(1.055e-04,1.055e-04,)][eta: 0:05:35, time (data): 0.307 (0.017)]l_bij: 2.0817e+02 l_orth: 2.0039e+02 l_align: 1.6869e+02 l_qreg: 1.4846e+00 l_total: 5.7873e+02 
2026-06-30 11:46:29,082 INFO: [smal_..][epoch: 20, iter:  16,040, lr:(1.055e-04,1.055e-04,)][eta: 0:05:26, time (data): 0.304 (0.016)]l_bij: 1.8715e+02 l_orth: 1.7988e+02 l_align: 1.8362e+02 l_qreg: 1.5328e+00 l_total: 5.5219e+02 
2026-06-30 11:46:34,822 INFO: [smal_..][epoch: 20, iter:  16,060, lr:(1.055e-04,1.055e-04,)][eta: 0:05:18, time (data): 0.302 (0.016)]l_bij: 1.9197e+02 l_orth: 1.8683e+02 l_align: 1.7886e+02 l_qreg: 1.6635e+00 l_total: 5.5933e+02 
2026-06-30 11:46:40,846 INFO: [smal_..][epoch: 20, iter:  16,080, lr:(1.055e-04,1.055e-04,)][eta: 0:05:09, time (data): 0.302 (0.016)]l_bij: 1.9693e+02 l_orth: 1.9047e+02 l_align: 1.7682e+02 l_qreg: 1.5313e+00 l_total: 5.6575e+02 
2026-06-30 11:46:47,026 INFO: [smal_..][epoch: 20, iter:  16,100, lr:(1.055e-04,1.055e-04,)][eta: 0:05:01, time (data): 0.309 (0.016)]l_bij: 1.9571e+02 l_orth: 1.8700e+02 l_align: 1.7158e+02 l_qreg: 1.4223e+00 l_total: 5.5571e+02 
2026-06-30 11:46:53,255 INFO: [smal_..][epoch: 20, iter:  16,120, lr:(1.055e-04,1.055e-04,)][eta: 0:04:52, time (data): 0.310 (0.015)]l_bij: 1.9544e+02 l_orth: 1.8872e+02 l_align: 1.7808e+02 l_qreg: 1.5855e+00 l_total: 5.6382e+02 
2026-06-30 11:46:59,437 INFO: [smal_..][epoch: 20, iter:  16,140, lr:(1.055e-04,1.055e-04,)][eta: 0:04:44, time (data): 0.309 (0.015)]l_bij: 1.9536e+02 l_orth: 1.8827e+02 l_align: 1.6985e+02 l_qreg: 1.6980e+00 l_total: 5.5517e+02 
2026-06-30 11:47:05,593 INFO: [smal_..][epoch: 20, iter:  16,160, lr:(1.055e-04,1.055e-04,)][eta: 0:04:35, time (data): 0.309 (0.015)]l_bij: 1.9281e+02 l_orth: 1.8724e+02 l_align: 1.7884e+02 l_qreg: 1.6568e+00 l_total: 5.6055e+02 
2026-06-30 11:47:11,738 INFO: [smal_..][epoch: 20, iter:  16,180, lr:(1.055e-04,1.055e-04,)][eta: 0:04:27, time (data): 0.309 (0.015)]l_bij: 1.8772e+02 l_orth: 1.8032e+02 l_align: 1.7927e+02 l_qreg: 1.6096e+00 l_total: 5.4892e+02 
2026-06-30 11:47:17,899 INFO: [smal_..][epoch: 20, iter:  16,200, lr:(1.055e-04,1.055e-04,)][eta: 0:04:19, time (data): 0.308 (0.015)]l_bij: 1.9558e+02 l_orth: 1.8905e+02 l_align: 1.7534e+02 l_qreg: 1.4740e+00 l_total: 5.6145e+02 
2026-06-30 11:47:24,121 INFO: [smal_..][epoch: 20, iter:  16,220, lr:(1.055e-04,1.055e-04,)][eta: 0:04:10, time (data): 0.309 (0.015)]l_bij: 1.9294e+02 l_orth: 1.8905e+02 l_align: 1.7863e+02 l_qreg: 1.5434e+00 l_total: 5.6217e+02 
2026-06-30 11:47:30,314 INFO: [smal_..][epoch: 20, iter:  16,240, lr:(1.055e-04,1.055e-04,)][eta: 0:04:02, time (data): 0.309 (0.015)]l_bij: 2.0381e+02 l_orth: 1.9674e+02 l_align: 1.6461e+02 l_qreg: 1.5645e+00 l_total: 5.6673e+02 
2026-06-30 11:47:36,526 INFO: [smal_..][epoch: 20, iter:  16,260, lr:(1.055e-04,1.055e-04,)][eta: 0:03:53, time (data): 0.309 (0.015)]l_bij: 1.9810e+02 l_orth: 1.9184e+02 l_align: 1.6998e+02 l_qreg: 1.4163e+00 l_total: 5.6134e+02 
2026-06-30 11:47:42,688 INFO: [smal_..][epoch: 20, iter:  16,280, lr:(1.055e-04,1.055e-04,)][eta: 0:03:45, time (data): 0.309 (0.015)]l_bij: 1.8931e+02 l_orth: 1.8403e+02 l_align: 1.7611e+02 l_qreg: 1.4018e+00 l_total: 5.5085e+02 
2026-06-30 11:47:48,985 INFO: [smal_..][epoch: 20, iter:  16,300, lr:(1.055e-04,1.055e-04,)][eta: 0:03:36, time (data): 0.315 (0.016)]l_bij: 1.9779e+02 l_orth: 1.8859e+02 l_align: 1.7699e+02 l_qreg: 1.5374e+00 l_total: 5.6490e+02 
2026-06-30 11:47:55,143 INFO: [smal_..][epoch: 20, iter:  16,320, lr:(1.055e-04,1.055e-04,)][eta: 0:03:28, time (data): 0.311 (0.015)]l_bij: 1.8992e+02 l_orth: 1.8189e+02 l_align: 1.8277e+02 l_qreg: 1.5300e+00 l_total: 5.5612e+02 
2026-06-30 11:48:01,304 INFO: [smal_..][epoch: 20, iter:  16,340, lr:(1.055e-04,1.055e-04,)][eta: 0:03:20, time (data): 0.310 (0.015)]l_bij: 1.9360e+02 l_orth: 1.8866e+02 l_align: 1.7272e+02 l_qreg: 1.4603e+00 l_total: 5.5644e+02 
2026-06-30 11:48:07,440 INFO: [smal_..][epoch: 20, iter:  16,360, lr:(1.055e-04,1.055e-04,)][eta: 0:03:11, time (data): 0.309 (0.015)]l_bij: 1.9627e+02 l_orth: 1.9041e+02 l_align: 1.7186e+02 l_qreg: 1.6272e+00 l_total: 5.6016e+02 
2026-06-30 11:48:13,675 INFO: [smal_..][epoch: 20, iter:  16,380, lr:(1.055e-04,1.055e-04,)][eta: 0:03:03, time (data): 0.310 (0.015)]l_bij: 1.9921e+02 l_orth: 1.9371e+02 l_align: 1.7169e+02 l_qreg: 1.4968e+00 l_total: 5.6611e+02 
2026-06-30 11:48:19,779 INFO: [smal_..][epoch: 20, iter:  16,400, lr:(1.055e-04,1.055e-04,)][eta: 0:02:54, time (data): 0.309 (0.016)]l_bij: 1.9494e+02 l_orth: 1.8863e+02 l_align: 1.7800e+02 l_qreg: 1.6466e+00 l_total: 5.6322e+02 
2026-06-30 11:48:25,912 INFO: [smal_..][epoch: 20, iter:  16,420, lr:(1.055e-04,1.055e-04,)][eta: 0:02:46, time (data): 0.308 (0.016)]l_bij: 2.0173e+02 l_orth: 1.9646e+02 l_align: 1.7050e+02 l_qreg: 1.5209e+00 l_total: 5.7021e+02 
2026-06-30 11:48:32,190 INFO: [smal_..][epoch: 20, iter:  16,440, lr:(1.055e-04,1.055e-04,)][eta: 0:02:38, time (data): 0.309 (0.015)]l_bij: 1.9886e+02 l_orth: 1.9149e+02 l_align: 1.7653e+02 l_qreg: 1.5920e+00 l_total: 5.6848e+02 
2026-06-30 11:48:38,338 INFO: [smal_..][epoch: 20, iter:  16,460, lr:(1.055e-04,1.055e-04,)][eta: 0:02:29, time (data): 0.309 (0.015)]l_bij: 2.0819e+02 l_orth: 2.0339e+02 l_align: 1.6878e+02 l_qreg: 1.4164e+00 l_total: 5.8178e+02 
2026-06-30 11:48:44,523 INFO: [smal_..][epoch: 20, iter:  16,480, lr:(1.055e-04,1.055e-04,)][eta: 0:02:21, time (data): 0.309 (0.015)]l_bij: 2.1730e+02 l_orth: 2.1049e+02 l_align: 1.5462e+02 l_qreg: 1.6009e+00 l_total: 5.8402e+02 
2026-06-30 11:48:50,631 INFO: [smal_..][epoch: 20, iter:  16,500, lr:(1.055e-04,1.055e-04,)][eta: 0:02:12, time (data): 0.306 (0.015)]l_bij: 2.0249e+02 l_orth: 1.9689e+02 l_align: 1.6810e+02 l_qreg: 1.6634e+00 l_total: 5.6915e+02 
2026-06-30 11:48:56,884 INFO: [smal_..][epoch: 20, iter:  16,520, lr:(1.055e-04,1.055e-04,)][eta: 0:02:04, time (data): 0.310 (0.015)]l_bij: 2.0994e+02 l_orth: 2.0265e+02 l_align: 1.6476e+02 l_qreg: 1.7235e+00 l_total: 5.7906e+02 
2026-06-30 11:49:03,077 INFO: [smal_..][epoch: 20, iter:  16,540, lr:(1.055e-04,1.055e-04,)][eta: 0:01:56, time (data): 0.309 (0.015)]l_bij: 1.9609e+02 l_orth: 1.9090e+02 l_align: 1.7393e+02 l_qreg: 1.6601e+00 l_total: 5.6258e+02 
2026-06-30 11:49:09,276 INFO: [smal_..][epoch: 20, iter:  16,560, lr:(1.055e-04,1.055e-04,)][eta: 0:01:47, time (data): 0.310 (0.015)]l_bij: 1.9819e+02 l_orth: 1.9099e+02 l_align: 1.7329e+02 l_qreg: 1.5946e+00 l_total: 5.6406e+02 
2026-06-30 11:49:15,524 INFO: [smal_..][epoch: 20, iter:  16,580, lr:(1.055e-04,1.055e-04,)][eta: 0:01:39, time (data): 0.310 (0.015)]l_bij: 1.9678e+02 l_orth: 1.8799e+02 l_align: 1.7451e+02 l_qreg: 1.5508e+00 l_total: 5.6084e+02 
2026-06-30 11:49:21,757 INFO: [smal_..][epoch: 20, iter:  16,600, lr:(1.055e-04,1.055e-04,)][eta: 0:01:31, time (data): 0.310 (0.016)]l_bij: 2.1016e+02 l_orth: 2.0307e+02 l_align: 1.6857e+02 l_qreg: 1.4061e+00 l_total: 5.8321e+02 
2026-06-30 11:49:27,839 INFO: [smal_..][epoch: 20, iter:  16,620, lr:(1.055e-04,1.055e-04,)][eta: 0:01:22, time (data): 0.309 (0.015)]l_bij: 1.8233e+02 l_orth: 1.7661e+02 l_align: 1.8431e+02 l_qreg: 1.5221e+00 l_total: 5.4477e+02 
2026-06-30 11:49:33,942 INFO: [smal_..][epoch: 20, iter:  16,640, lr:(1.055e-04,1.055e-04,)][eta: 0:01:14, time (data): 0.309 (0.015)]l_bij: 2.0437e+02 l_orth: 1.9634e+02 l_align: 1.6909e+02 l_qreg: 1.5820e+00 l_total: 5.7139e+02 
2026-06-30 11:49:40,173 INFO: [smal_..][epoch: 20, iter:  16,660, lr:(1.055e-04,1.055e-04,)][eta: 0:01:06, time (data): 0.309 (0.015)]l_bij: 2.0493e+02 l_orth: 1.9824e+02 l_align: 1.6936e+02 l_qreg: 1.4984e+00 l_total: 5.7402e+02 
2026-06-30 11:49:46,458 INFO: [smal_..][epoch: 20, iter:  16,680, lr:(1.055e-04,1.055e-04,)][eta: 0:00:57, time (data): 0.310 (0.015)]l_bij: 1.9207e+02 l_orth: 1.8648e+02 l_align: 1.8251e+02 l_qreg: 1.4845e+00 l_total: 5.6254e+02 
2026-06-30 11:49:52,723 INFO: [smal_..][epoch: 20, iter:  16,700, lr:(1.055e-04,1.055e-04,)][eta: 0:00:49, time (data): 0.313 (0.015)]l_bij: 1.9448e+02 l_orth: 1.8811e+02 l_align: 1.7838e+02 l_qreg: 1.6211e+00 l_total: 5.6259e+02 
2026-06-30 11:49:58,962 INFO: [smal_..][epoch: 20, iter:  16,720, lr:(1.055e-04,1.055e-04,)][eta: 0:00:41, time (data): 0.312 (0.015)]l_bij: 1.9871e+02 l_orth: 1.9249e+02 l_align: 1.6995e+02 l_qreg: 1.4355e+00 l_total: 5.6258e+02 
2026-06-30 11:50:05,174 INFO: [smal_..][epoch: 20, iter:  16,740, lr:(1.055e-04,1.055e-04,)][eta: 0:00:32, time (data): 0.312 (0.015)]l_bij: 1.8841e+02 l_orth: 1.8147e+02 l_align: 1.8054e+02 l_qreg: 1.7442e+00 l_total: 5.5216e+02 
2026-06-30 11:50:11,298 INFO: [smal_..][epoch: 20, iter:  16,760, lr:(1.055e-04,1.055e-04,)][eta: 0:00:24, time (data): 0.310 (0.015)]l_bij: 1.9459e+02 l_orth: 1.8885e+02 l_align: 1.7863e+02 l_qreg: 1.5443e+00 l_total: 5.6361e+02 
2026-06-30 11:50:18,198 INFO: [smal_..][epoch: 20, iter:  16,780, lr:(1.055e-04,1.055e-04,)][eta: 0:00:16, time (data): 0.317 (0.015)]l_bij: 1.8659e+02 l_orth: 1.8171e+02 l_align: 1.8234e+02 l_qreg: 1.5373e+00 l_total: 5.5217e+02 
2026-06-30 11:50:24,602 INFO: [smal_..][epoch: 20, iter:  16,800, lr:(1.055e-04,1.055e-04,)][eta: 0:00:07, time (data): 0.318 (0.015)]l_bij: 1.9982e+02 l_orth: 1.9243e+02 l_align: 1.6874e+02 l_qreg: 1.5574e+00 l_total: 5.6254e+02 
2026-06-30 11:50:30,855 INFO: [smal_..][epoch: 20, iter:  16,820, lr:(1.055e-04,1.055e-04,)][eta: 0:00:00, time (data): 0.317 (0.015)]l_bij: 1.9189e+02 l_orth: 1.8621e+02 l_align: 1.8563e+02 l_qreg: 1.4898e+00 l_total: 5.6522e+02 
2026-06-30 11:50:30,884 INFO: End of training. Time consumed: 1:56:14
2026-06-30 11:50:30,885 INFO: Last Validation.
2026-06-30 11:50:31,808 INFO: avg err:0.0000 | err:0.0000 | cougar_01 cougar_01
2026-06-30 11:50:32,041 INFO: avg err:0.1011 | err:0.2023 | cougar_01 cougar_02
2026-06-30 11:50:32,332 INFO: avg err:0.3325 | err:0.7953 | cougar_01 cougar_03
2026-06-30 11:50:32,572 INFO: avg err:0.4536 | err:0.8166 | cougar_01 cougar_04
2026-06-30 11:50:32,876 INFO: avg err:0.5171 | err:0.7710 | cougar_01 hippo_01
2026-06-30 11:50:33,148 INFO: avg err:0.5617 | err:0.7850 | cougar_01 hippo_02
2026-06-30 11:50:33,430 INFO: avg err:0.5133 | err:0.2230 | cougar_01 hippo_03
2026-06-30 11:50:33,707 INFO: avg err:0.5411 | err:0.7355 | cougar_01 hippo_04
2026-06-30 11:50:33,975 INFO: avg err:0.5637 | err:0.7444 | cougar_01 hippo_05
2026-06-30 11:50:34,252 INFO: avg err:0.5828 | err:0.7553 | cougar_01 hippo_06
2026-06-30 11:50:34,537 INFO: avg err:0.5993 | err:0.7633 | cougar_01 horse_01
2026-06-30 11:50:34,793 INFO: avg err:0.5588 | err:0.1135 | cougar_01 horse_02
2026-06-30 11:50:35,041 INFO: avg err:0.5714 | err:0.7234 | cougar_01 horse_03
2026-06-30 11:50:35,286 INFO: avg err:0.5816 | err:0.7136 | cougar_01 horse_04
2026-06-30 11:50:35,549 INFO: avg err:0.5943 | err:0.7719 | cougar_01 horse_05
2026-06-30 11:50:35,809 INFO: avg err:0.6007 | err:0.6977 | cougar_01 horse_06
2026-06-30 11:50:36,088 INFO: avg err:0.6054 | err:0.6801 | cougar_01 horse_07
2026-06-30 11:50:36,321 INFO: avg err:0.6112 | err:0.7101 | cougar_01 horse_08
2026-06-30 11:50:36,637 INFO: avg err:0.5960 | err:0.3222 | cougar_01 horse_09
2026-06-30 11:50:36,866 INFO: avg err:0.5826 | err:0.3282 | cougar_01 horse_10
2026-06-30 11:50:37,128 INFO: avg err:0.5637 | err:0.1846 | cougar_02 cougar_01
2026-06-30 11:50:37,389 INFO: avg err:0.5380 | err:0.0000 | cougar_02 cougar_02
2026-06-30 11:50:37,692 INFO: avg err:0.5520 | err:0.8585 | cougar_02 cougar_03
2026-06-30 11:50:37,950 INFO: avg err:0.5652 | err:0.8698 | cougar_02 cougar_04
2026-06-30 11:50:38,221 INFO: avg err:0.5728 | err:0.7550 | cougar_02 hippo_01
2026-06-30 11:50:38,481 INFO: avg err:0.5823 | err:0.8191 | cougar_02 hippo_02
2026-06-30 11:50:38,752 INFO: avg err:0.5710 | err:0.2779 | cougar_02 hippo_03
2026-06-30 11:50:39,005 INFO: avg err:0.5783 | err:0.7748 | cougar_02 hippo_04
2026-06-30 11:50:39,256 INFO: avg err:0.5873 | err:0.8387 | cougar_02 hippo_05
2026-06-30 11:50:39,518 INFO: avg err:0.5948 | err:0.8125 | cougar_02 hippo_06
2026-06-30 11:50:39,814 INFO: avg err:0.6042 | err:0.8870 | cougar_02 horse_01
2026-06-30 11:50:40,093 INFO: avg err:0.5989 | err:0.4355 | cougar_02 horse_02
2026-06-30 11:50:40,372 INFO: avg err:0.6045 | err:0.7844 | cougar_02 horse_03
2026-06-30 11:50:40,626 INFO: avg err:0.6092 | err:0.7620 | cougar_02 horse_04
2026-06-30 11:50:40,887 INFO: avg err:0.6146 | err:0.7979 | cougar_02 horse_05
2026-06-30 11:50:41,135 INFO: avg err:0.6193 | err:0.7854 | cougar_02 horse_06
2026-06-30 11:50:41,411 INFO: avg err:0.6224 | err:0.7323 | cougar_02 horse_07
2026-06-30 11:50:41,630 INFO: avg err:0.6283 | err:0.8477 | cougar_02 horse_08
2026-06-30 11:50:41,922 INFO: avg err:0.6206 | err:0.3290 | cougar_02 horse_09
2026-06-30 11:50:42,154 INFO: avg err:0.6142 | err:0.3629 | cougar_02 horse_10
2026-06-30 11:50:42,451 INFO: avg err:0.6199 | err:0.8500 | cougar_03 cougar_01
2026-06-30 11:50:42,705 INFO: avg err:0.6241 | err:0.7935 | cougar_03 cougar_02
2026-06-30 11:50:43,004 INFO: avg err:0.6096 | err:0.0000 | cougar_03 cougar_03
2026-06-30 11:50:43,258 INFO: avg err:0.6028 | err:0.3132 | cougar_03 cougar_04
2026-06-30 11:50:43,541 INFO: avg err:0.5959 | err:0.2899 | cougar_03 hippo_01
2026-06-30 11:50:43,809 INFO: avg err:0.5914 | err:0.3922 | cougar_03 hippo_02
2026-06-30 11:50:44,082 INFO: avg err:0.5944 | err:0.7303 | cougar_03 hippo_03
2026-06-30 11:50:44,306 INFO: avg err:0.5869 | err:0.2360 | cougar_03 hippo_04
2026-06-30 11:50:44,564 INFO: avg err:0.5812 | err:0.3073 | cougar_03 hippo_05
2026-06-30 11:50:44,821 INFO: avg err:0.5772 | err:0.3801 | cougar_03 hippo_06
2026-06-30 11:50:45,095 INFO: avg err:0.5729 | err:0.3586 | cougar_03 horse_01
2026-06-30 11:50:45,348 INFO: avg err:0.5763 | err:0.7489 | cougar_03 horse_02
2026-06-30 11:50:45,617 INFO: avg err:0.5717 | err:0.3307 | cougar_03 horse_03
2026-06-30 11:50:45,873 INFO: avg err:0.5670 | err:0.3211 | cougar_03 horse_04
2026-06-30 11:50:46,162 INFO: avg err:0.5639 | err:0.3973 | cougar_03 horse_05
2026-06-30 11:50:46,373 INFO: avg err:0.5604 | err:0.3655 | cougar_03 horse_06
2026-06-30 11:50:46,654 INFO: avg err:0.5542 | err:0.2048 | cougar_03 horse_07
2026-06-30 11:50:46,891 INFO: avg err:0.5501 | err:0.3171 | cougar_03 horse_08
2026-06-30 11:50:47,238 INFO: avg err:0.5529 | err:0.7177 | cougar_03 horse_09
2026-06-30 11:50:47,481 INFO: avg err:0.5569 | err:0.7937 | cougar_03 horse_10
2026-06-30 11:50:47,789 INFO: avg err:0.5603 | err:0.7645 | cougar_04 cougar_01
2026-06-30 11:50:48,040 INFO: avg err:0.5648 | err:0.8353 | cougar_04 cougar_02
2026-06-30 11:50:48,332 INFO: avg err:0.5598 | err:0.2501 | cougar_04 cougar_03
2026-06-30 11:50:48,573 INFO: avg err:0.5510 | err:0.0000 | cougar_04 cougar_04
2026-06-30 11:50:48,850 INFO: avg err:0.5460 | err:0.2236 | cougar_04 hippo_01
2026-06-30 11:50:49,052 INFO: avg err:0.5426 | err:0.3231 | cougar_04 hippo_02
2026-06-30 11:50:49,433 INFO: avg err:0.5447 | err:0.6833 | cougar_04 hippo_03
2026-06-30 11:50:49,694 INFO: avg err:0.5411 | err:0.3021 | cougar_04 hippo_04
2026-06-30 11:50:50,006 INFO: avg err:0.5377 | err:0.3014 | cougar_04 hippo_05
2026-06-30 11:50:50,230 INFO: avg err:0.5330 | err:0.2123 | cougar_04 hippo_06
2026-06-30 11:50:50,469 INFO: avg err:0.5293 | err:0.2711 | cougar_04 horse_01
2026-06-30 11:50:50,708 INFO: avg err:0.5327 | err:0.7714 | cougar_04 horse_02
2026-06-30 11:50:51,026 INFO: avg err:0.5294 | err:0.2961 | cougar_04 horse_03
2026-06-30 11:50:51,286 INFO: avg err:0.5257 | err:0.2486 | cougar_04 horse_04
2026-06-30 11:50:51,567 INFO: avg err:0.5245 | err:0.4363 | cougar_04 horse_05
2026-06-30 11:50:51,856 INFO: avg err:0.5213 | err:0.2848 | cougar_04 horse_06
2026-06-30 11:50:52,172 INFO: avg err:0.5174 | err:0.2176 | cougar_04 horse_07
2026-06-30 11:50:52,493 INFO: avg err:0.5158 | err:0.3983 | cougar_04 horse_08
2026-06-30 11:50:52,821 INFO: avg err:0.5182 | err:0.7011 | cougar_04 horse_09
2026-06-30 11:50:53,049 INFO: avg err:0.5197 | err:0.6427 | cougar_04 horse_10
2026-06-30 11:50:53,340 INFO: avg err:0.5216 | err:0.6669 | hippo_01 cougar_01
2026-06-30 11:50:53,644 INFO: avg err:0.5239 | err:0.7145 | hippo_01 cougar_02
2026-06-30 11:50:54,114 INFO: avg err:0.5212 | err:0.3013 | hippo_01 cougar_03
2026-06-30 11:50:54,419 INFO: avg err:0.5175 | err:0.2053 | hippo_01 cougar_04
2026-06-30 11:50:54,654 INFO: avg err:0.5114 | err:0.0000 | hippo_01 hippo_01
2026-06-30 11:50:54,896 INFO: avg err:0.5076 | err:0.1864 | hippo_01 hippo_02
2026-06-30 11:50:55,177 INFO: avg err:0.5086 | err:0.5966 | hippo_01 hippo_03
2026-06-30 11:50:55,486 INFO: avg err:0.5038 | err:0.0889 | hippo_01 hippo_04
2026-06-30 11:50:55,776 INFO: avg err:0.5010 | err:0.2480 | hippo_01 hippo_05
2026-06-30 11:50:56,103 INFO: avg err:0.4972 | err:0.1654 | hippo_01 hippo_06
2026-06-30 11:50:56,369 INFO: avg err:0.4950 | err:0.2961 | hippo_01 horse_01
2026-06-30 11:50:56,627 INFO: avg err:0.4961 | err:0.5955 | hippo_01 horse_02
2026-06-30 11:50:56,912 INFO: avg err:0.4931 | err:0.2134 | hippo_01 horse_03
2026-06-30 11:50:57,187 INFO: avg err:0.4900 | err:0.2061 | hippo_01 horse_04
2026-06-30 11:50:57,451 INFO: avg err:0.4868 | err:0.1816 | hippo_01 horse_05
2026-06-30 11:50:57,762 INFO: avg err:0.4843 | err:0.2441 | hippo_01 horse_06
2026-06-30 11:50:58,252 INFO: avg err:0.4818 | err:0.2428 | hippo_01 horse_07
2026-06-30 11:50:58,576 INFO: avg err:0.4819 | err:0.4914 | hippo_01 horse_08
2026-06-30 11:50:58,913 INFO: avg err:0.4825 | err:0.5411 | hippo_01 horse_09
2026-06-30 11:50:59,147 INFO: avg err:0.4842 | err:0.6515 | hippo_01 horse_10
2026-06-30 11:50:59,414 INFO: avg err:0.4860 | err:0.6668 | hippo_02 cougar_01
2026-06-30 11:50:59,743 INFO: avg err:0.4880 | err:0.6957 | hippo_02 cougar_02
2026-06-30 11:51:00,043 INFO: avg err:0.4863 | err:0.3061 | hippo_02 cougar_03
2026-06-30 11:51:00,320 INFO: avg err:0.4830 | err:0.1514 | hippo_02 cougar_04
2026-06-30 11:51:00,581 INFO: avg err:0.4798 | err:0.1385 | hippo_02 hippo_01
2026-06-30 11:51:00,842 INFO: avg err:0.4752 | err:0.0000 | hippo_02 hippo_02
2026-06-30 11:51:01,146 INFO: avg err:0.4763 | err:0.5881 | hippo_02 hippo_03
2026-06-30 11:51:01,489 INFO: avg err:0.4745 | err:0.2821 | hippo_02 hippo_04
2026-06-30 11:51:01,720 INFO: avg err:0.4726 | err:0.2727 | hippo_02 hippo_05
2026-06-30 11:51:01,994 INFO: avg err:0.4696 | err:0.1397 | hippo_02 hippo_06
2026-06-30 11:51:02,243 INFO: avg err:0.4673 | err:0.2099 | hippo_02 horse_01
2026-06-30 11:51:02,481 INFO: avg err:0.4685 | err:0.6059 | hippo_02 horse_02
2026-06-30 11:51:02,759 INFO: avg err:0.4664 | err:0.2322 | hippo_02 horse_03
2026-06-30 11:51:03,109 INFO: avg err:0.4639 | err:0.1745 | hippo_02 horse_04
2026-06-30 11:51:03,391 INFO: avg err:0.4610 | err:0.1359 | hippo_02 horse_05
2026-06-30 11:51:03,628 INFO: avg err:0.4592 | err:0.2491 | hippo_02 horse_06
2026-06-30 11:51:03,967 INFO: avg err:0.4573 | err:0.2367 | hippo_02 horse_07
2026-06-30 11:51:04,324 INFO: avg err:0.4555 | err:0.2430 | hippo_02 horse_08
2026-06-30 11:51:04,548 INFO: avg err:0.4563 | err:0.5572 | hippo_02 horse_09
2026-06-30 11:51:04,936 INFO: avg err:0.4570 | err:0.5435 | hippo_02 horse_10
2026-06-30 11:51:05,162 INFO: avg err:0.4554 | err:0.2599 | hippo_03 cougar_01
2026-06-30 11:51:05,519 INFO: avg err:0.4532 | err:0.1884 | hippo_03 cougar_02
2026-06-30 11:51:05,833 INFO: avg err:0.4552 | err:0.6928 | hippo_03 cougar_03
2026-06-30 11:51:06,074 INFO: avg err:0.4566 | err:0.6272 | hippo_03 cougar_04
2026-06-30 11:51:06,324 INFO: avg err:0.4579 | err:0.6196 | hippo_03 hippo_01
2026-06-30 11:51:06,597 INFO: avg err:0.4593 | err:0.6409 | hippo_03 hippo_02
2026-06-30 11:51:06,856 INFO: avg err:0.4557 | err:0.0000 | hippo_03 hippo_03
2026-06-30 11:51:07,345 INFO: avg err:0.4568 | err:0.5990 | hippo_03 hippo_04
2026-06-30 11:51:07,684 INFO: avg err:0.4587 | err:0.7019 | hippo_03 hippo_05
2026-06-30 11:51:07,944 INFO: avg err:0.4591 | err:0.5029 | hippo_03 hippo_06
2026-06-30 11:51:08,252 INFO: avg err:0.4605 | err:0.6528 | hippo_03 horse_01
2026-06-30 11:51:08,599 INFO: avg err:0.4597 | err:0.3548 | hippo_03 horse_02
2026-06-30 11:51:08,934 INFO: avg err:0.4608 | err:0.6014 | hippo_03 horse_03
2026-06-30 11:51:09,237 INFO: avg err:0.4620 | err:0.6259 | hippo_03 horse_04
2026-06-30 11:51:09,472 INFO: avg err:0.4626 | err:0.5422 | hippo_03 horse_05
2026-06-30 11:51:09,724 INFO: avg err:0.4639 | err:0.6356 | hippo_03 horse_06
2026-06-30 11:51:09,951 INFO: avg err:0.4649 | err:0.5994 | hippo_03 horse_07
2026-06-30 11:51:10,312 INFO: avg err:0.4654 | err:0.5392 | hippo_03 horse_08
2026-06-30 11:51:10,553 INFO: avg err:0.4651 | err:0.4200 | hippo_03 horse_09
2026-06-30 11:51:10,948 INFO: avg err:0.4652 | err:0.4847 | hippo_03 horse_10
2026-06-30 11:51:11,222 INFO: avg err:0.4669 | err:0.7020 | hippo_04 cougar_01
2026-06-30 11:51:11,700 INFO: avg err:0.4684 | err:0.6792 | hippo_04 cougar_02
2026-06-30 11:51:11,973 INFO: avg err:0.4672 | err:0.2935 | hippo_04 cougar_03
2026-06-30 11:51:12,219 INFO: avg err:0.4656 | err:0.2390 | hippo_04 cougar_04
2026-06-30 11:51:12,451 INFO: avg err:0.4628 | err:0.0610 | hippo_04 hippo_01
2026-06-30 11:51:12,997 INFO: avg err:0.4612 | err:0.2200 | hippo_04 hippo_02
2026-06-30 11:51:13,230 INFO: avg err:0.4619 | err:0.5773 | hippo_04 hippo_03
2026-06-30 11:51:13,559 INFO: avg err:0.4588 | err:0.0000 | hippo_04 hippo_04
2026-06-30 11:51:13,809 INFO: avg err:0.4571 | err:0.2042 | hippo_04 hippo_05
2026-06-30 11:51:14,134 INFO: avg err:0.4559 | err:0.2799 | hippo_04 hippo_06
2026-06-30 11:51:14,420 INFO: avg err:0.4545 | err:0.2409 | hippo_04 horse_01
2026-06-30 11:51:14,669 INFO: avg err:0.4558 | err:0.6496 | hippo_04 horse_02
2026-06-30 11:51:14,905 INFO: avg err:0.4538 | err:0.1484 | hippo_04 horse_03
2026-06-30 11:51:15,211 INFO: avg err:0.4518 | err:0.1443 | hippo_04 horse_04
2026-06-30 11:51:15,478 INFO: avg err:0.4504 | err:0.2367 | hippo_04 horse_05
2026-06-30 11:51:15,770 INFO: avg err:0.4484 | err:0.1442 | hippo_04 horse_06
2026-06-30 11:51:16,015 INFO: avg err:0.4470 | err:0.2242 | hippo_04 horse_07
2026-06-30 11:51:16,456 INFO: avg err:0.4462 | err:0.3200 | hippo_04 horse_08
2026-06-30 11:51:16,729 INFO: avg err:0.4463 | err:0.4629 | hippo_04 horse_09
2026-06-30 11:51:17,005 INFO: avg err:0.4470 | err:0.5597 | hippo_04 horse_10
2026-06-30 11:51:17,320 INFO: avg err:0.4482 | err:0.6474 | hippo_05 cougar_01
2026-06-30 11:51:17,661 INFO: avg err:0.4492 | err:0.6034 | hippo_05 cougar_02
2026-06-30 11:51:17,963 INFO: avg err:0.4483 | err:0.3007 | hippo_05 cougar_03
2026-06-30 11:51:18,219 INFO: avg err:0.4473 | err:0.2850 | hippo_05 cougar_04
2026-06-30 11:51:18,472 INFO: avg err:0.4461 | err:0.2501 | hippo_05 hippo_01
2026-06-30 11:51:18,830 INFO: avg err:0.4448 | err:0.2285 | hippo_05 hippo_02
2026-06-30 11:51:19,157 INFO: avg err:0.4458 | err:0.6113 | hippo_05 hippo_03
2026-06-30 11:51:19,477 INFO: avg err:0.4445 | err:0.2216 | hippo_05 hippo_04
2026-06-30 11:51:19,720 INFO: avg err:0.4418 | err:0.0001 | hippo_05 hippo_05
2026-06-30 11:51:19,970 INFO: avg err:0.4413 | err:0.3488 | hippo_05 hippo_06
2026-06-30 11:51:20,194 INFO: avg err:0.4396 | err:0.1475 | hippo_05 horse_01
2026-06-30 11:51:20,445 INFO: avg err:0.4402 | err:0.5549 | hippo_05 horse_02
2026-06-30 11:51:20,787 INFO: avg err:0.4385 | err:0.1332 | hippo_05 horse_03
2026-06-30 11:51:21,165 INFO: avg err:0.4370 | err:0.1918 | hippo_05 horse_04
2026-06-30 11:51:21,512 INFO: avg err:0.4364 | err:0.3232 | hippo_05 horse_05
2026-06-30 11:51:21,886 INFO: avg err:0.4347 | err:0.1453 | hippo_05 horse_06
2026-06-30 11:51:22,183 INFO: avg err:0.4335 | err:0.2103 | hippo_05 horse_07
2026-06-30 11:51:22,466 INFO: avg err:0.4321 | err:0.1976 | hippo_05 horse_08
2026-06-30 11:51:22,734 INFO: avg err:0.4325 | err:0.4927 | hippo_05 horse_09
2026-06-30 11:51:23,094 INFO: avg err:0.4329 | err:0.5096 | hippo_05 horse_10
2026-06-30 11:51:23,446 INFO: avg err:0.4340 | err:0.6332 | hippo_06 cougar_01
2026-06-30 11:51:23,791 INFO: avg err:0.4354 | err:0.6846 | hippo_06 cougar_02
2026-06-30 11:51:24,101 INFO: avg err:0.4349 | err:0.3421 | hippo_06 cougar_03
2026-06-30 11:51:24,467 INFO: avg err:0.4339 | err:0.2507 | hippo_06 cougar_04
2026-06-30 11:51:24,696 INFO: avg err:0.4321 | err:0.1054 | hippo_06 hippo_01
2026-06-30 11:51:24,986 INFO: avg err:0.4307 | err:0.1649 | hippo_06 hippo_02
2026-06-30 11:51:25,238 INFO: avg err:0.4307 | err:0.4296 | hippo_06 hippo_03
2026-06-30 11:51:25,484 INFO: avg err:0.4299 | err:0.2816 | hippo_06 hippo_04
2026-06-30 11:51:25,731 INFO: avg err:0.4295 | err:0.3634 | hippo_06 hippo_05
2026-06-30 11:51:26,196 INFO: avg err:0.4273 | err:0.0000 | hippo_06 hippo_06
2026-06-30 11:51:26,443 INFO: avg err:0.4262 | err:0.2195 | hippo_06 horse_01
2026-06-30 11:51:26,847 INFO: avg err:0.4271 | err:0.6121 | hippo_06 horse_02
2026-06-30 11:51:27,185 INFO: avg err:0.4262 | err:0.2555 | hippo_06 horse_03
2026-06-30 11:51:27,586 INFO: avg err:0.4254 | err:0.2699 | hippo_06 horse_04
2026-06-30 11:51:27,915 INFO: avg err:0.4241 | err:0.1627 | hippo_06 horse_05
2026-06-30 11:51:28,224 INFO: avg err:0.4234 | err:0.2925 | hippo_06 horse_06
2026-06-30 11:51:28,454 INFO: avg err:0.4227 | err:0.2734 | hippo_06 horse_07
2026-06-30 11:51:28,914 INFO: avg err:0.4223 | err:0.3585 | hippo_06 horse_08
2026-06-30 11:51:29,229 INFO: avg err:0.4227 | err:0.4879 | hippo_06 horse_09
2026-06-30 11:51:29,633 INFO: avg err:0.4239 | err:0.6793 | hippo_06 horse_10
2026-06-30 11:51:29,892 INFO: avg err:0.4259 | err:0.8185 | horse_01 cougar_01
2026-06-30 11:51:30,241 INFO: avg err:0.4275 | err:0.7545 | horse_01 cougar_02
2026-06-30 11:51:30,494 INFO: avg err:0.4274 | err:0.3904 | horse_01 cougar_03
2026-06-30 11:51:30,755 INFO: avg err:0.4270 | err:0.3515 | horse_01 cougar_04
2026-06-30 11:51:31,000 INFO: avg err:0.4266 | err:0.3528 | horse_01 hippo_01
2026-06-30 11:51:31,502 INFO: avg err:0.4261 | err:0.3143 | horse_01 hippo_02
2026-06-30 11:51:31,749 INFO: avg err:0.4275 | err:0.7234 | horse_01 hippo_03
2026-06-30 11:51:32,105 INFO: avg err:0.4269 | err:0.3069 | horse_01 hippo_04
2026-06-30 11:51:32,386 INFO: avg err:0.4258 | err:0.1943 | horse_01 hippo_05
2026-06-30 11:51:32,645 INFO: avg err:0.4259 | err:0.4333 | horse_01 hippo_06
2026-06-30 11:51:32,871 INFO: avg err:0.4238 | err:0.0000 | horse_01 horse_01
2026-06-30 11:51:33,368 INFO: avg err:0.4248 | err:0.6224 | horse_01 horse_02
2026-06-30 11:51:33,619 INFO: avg err:0.4245 | err:0.3569 | horse_01 horse_03
2026-06-30 11:51:33,881 INFO: avg err:0.4233 | err:0.1712 | horse_01 horse_04
2026-06-30 11:51:34,131 INFO: avg err:0.4232 | err:0.4138 | horse_01 horse_05
2026-06-30 11:51:34,466 INFO: avg err:0.4230 | err:0.3635 | horse_01 horse_06
2026-06-30 11:51:34,726 INFO: avg err:0.4226 | err:0.3551 | horse_01 horse_07
2026-06-30 11:51:34,980 INFO: avg err:0.4221 | err:0.3115 | horse_01 horse_08
2026-06-30 11:51:35,210 INFO: avg err:0.4228 | err:0.5743 | horse_01 horse_09
2026-06-30 11:51:35,563 INFO: avg err:0.4238 | err:0.6348 | horse_01 horse_10
2026-06-30 11:51:35,905 INFO: avg err:0.4227 | err:0.1827 | horse_02 cougar_01
2026-06-30 11:51:36,276 INFO: avg err:0.4224 | err:0.3471 | horse_02 cougar_02
2026-06-30 11:51:36,607 INFO: avg err:0.4239 | err:0.7729 | horse_02 cougar_03
2026-06-30 11:51:36,873 INFO: avg err:0.4255 | err:0.7671 | horse_02 cougar_04
2026-06-30 11:51:37,191 INFO: avg err:0.4267 | err:0.7109 | horse_02 hippo_01
2026-06-30 11:51:37,561 INFO: avg err:0.4279 | err:0.7023 | horse_02 hippo_02
2026-06-30 11:51:37,850 INFO: avg err:0.4277 | err:0.3828 | horse_02 hippo_03
2026-06-30 11:51:38,124 INFO: avg err:0.4290 | err:0.7036 | horse_02 hippo_04
2026-06-30 11:51:38,343 INFO: avg err:0.4301 | err:0.6896 | horse_02 hippo_05
2026-06-30 11:51:38,664 INFO: avg err:0.4312 | err:0.6825 | horse_02 hippo_06
2026-06-30 11:51:38,960 INFO: avg err:0.4321 | err:0.6373 | horse_02 horse_01
2026-06-30 11:51:39,302 INFO: avg err:0.4302 | err:0.0000 | horse_02 horse_02
2026-06-30 11:51:39,628 INFO: avg err:0.4316 | err:0.7411 | horse_02 horse_03
2026-06-30 11:51:39,948 INFO: avg err:0.4328 | err:0.7297 | horse_02 horse_04
2026-06-30 11:51:40,260 INFO: avg err:0.4339 | err:0.6806 | horse_02 horse_05
2026-06-30 11:51:40,512 INFO: avg err:0.4352 | err:0.7491 | horse_02 horse_06
2026-06-30 11:51:40,831 INFO: avg err:0.4366 | err:0.7584 | horse_02 horse_07
2026-06-30 11:51:41,116 INFO: avg err:0.4367 | err:0.4705 | horse_02 horse_08
2026-06-30 11:51:41,359 INFO: avg err:0.4358 | err:0.2223 | horse_02 horse_09
2026-06-30 11:51:41,603 INFO: avg err:0.4352 | err:0.2904 | horse_02 horse_10
2026-06-30 11:51:41,872 INFO: avg err:0.4368 | err:0.8053 | horse_03 cougar_01
2026-06-30 11:51:42,121 INFO: avg err:0.4381 | err:0.7718 | horse_03 cougar_02
2026-06-30 11:51:42,371 INFO: avg err:0.4376 | err:0.2972 | horse_03 cougar_03
2026-06-30 11:51:42,621 INFO: avg err:0.4372 | err:0.3422 | horse_03 cougar_04
2026-06-30 11:51:42,886 INFO: avg err:0.4364 | err:0.2379 | horse_03 hippo_01
2026-06-30 11:51:43,402 INFO: avg err:0.4360 | err:0.3503 | horse_03 hippo_02
2026-06-30 11:51:43,645 INFO: avg err:0.4370 | err:0.6908 | horse_03 hippo_03
2026-06-30 11:51:43,953 INFO: avg err:0.4362 | err:0.2298 | horse_03 hippo_04
2026-06-30 11:51:44,183 INFO: avg err:0.4352 | err:0.1793 | horse_03 hippo_05
2026-06-30 11:51:44,623 INFO: avg err:0.4351 | err:0.4053 | horse_03 hippo_06
2026-06-30 11:51:44,875 INFO: avg err:0.4344 | err:0.2777 | horse_03 horse_01
2026-06-30 11:51:45,383 INFO: avg err:0.4353 | err:0.6646 | horse_03 horse_02
2026-06-30 11:51:45,605 INFO: avg err:0.4336 | err:0.0000 | horse_03 horse_03
2026-06-30 11:51:45,856 INFO: avg err:0.4324 | err:0.1224 | horse_03 horse_04
2026-06-30 11:51:46,098 INFO: avg err:0.4323 | err:0.3951 | horse_03 horse_05
2026-06-30 11:51:46,534 INFO: avg err:0.4308 | err:0.0532 | horse_03 horse_06
2026-06-30 11:51:46,750 INFO: avg err:0.4299 | err:0.2011 | horse_03 horse_07
2026-06-30 11:51:47,126 INFO: avg err:0.4292 | err:0.2542 | horse_03 horse_08
2026-06-30 11:51:47,386 INFO: avg err:0.4298 | err:0.5829 | horse_03 horse_09
2026-06-30 11:51:47,763 INFO: avg err:0.4303 | err:0.5589 | horse_03 horse_10
2026-06-30 11:51:48,085 INFO: avg err:0.4318 | err:0.8348 | horse_04 cougar_01
2026-06-30 11:51:48,333 INFO: avg err:0.4330 | err:0.7270 | horse_04 cougar_02
2026-06-30 11:51:48,581 INFO: avg err:0.4323 | err:0.2684 | horse_04 cougar_03
2026-06-30 11:51:48,887 INFO: avg err:0.4321 | err:0.3737 | horse_04 cougar_04
2026-06-30 11:51:49,214 INFO: avg err:0.4314 | err:0.2505 | horse_04 hippo_01
2026-06-30 11:51:49,461 INFO: avg err:0.4310 | err:0.3093 | horse_04 hippo_02
2026-06-30 11:51:49,739 INFO: avg err:0.4320 | err:0.7045 | horse_04 hippo_03
2026-06-30 11:51:50,119 INFO: avg err:0.4311 | err:0.2057 | horse_04 hippo_04
2026-06-30 11:51:50,334 INFO: avg err:0.4309 | err:0.3577 | horse_04 hippo_05
2026-06-30 11:51:50,667 INFO: avg err:0.4308 | err:0.4155 | horse_04 hippo_06
2026-06-30 11:51:50,969 INFO: avg err:0.4300 | err:0.2188 | horse_04 horse_01
2026-06-30 11:51:51,295 INFO: avg err:0.4311 | err:0.7113 | horse_04 horse_02
2026-06-30 11:51:51,570 INFO: avg err:0.4301 | err:0.1787 | horse_04 horse_03
2026-06-30 11:51:51,812 INFO: avg err:0.4286 | err:0.0000 | horse_04 horse_04
2026-06-30 11:51:52,045 INFO: avg err:0.4285 | err:0.4005 | horse_04 horse_05
2026-06-30 11:51:52,390 INFO: avg err:0.4276 | err:0.1876 | horse_04 horse_06
2026-06-30 11:51:52,618 INFO: avg err:0.4270 | err:0.2660 | horse_04 horse_07
2026-06-30 11:51:52,873 INFO: avg err:0.4268 | err:0.3732 | horse_04 horse_08
2026-06-30 11:51:53,111 INFO: avg err:0.4272 | err:0.5251 | horse_04 horse_09
2026-06-30 11:51:53,416 INFO: avg err:0.4276 | err:0.5433 | horse_04 horse_10
2026-06-30 11:51:53,641 INFO: avg err:0.4293 | err:0.9179 | horse_05 cougar_01
2026-06-30 11:51:54,045 INFO: avg err:0.4311 | err:0.9178 | horse_05 cougar_02
2026-06-30 11:51:54,291 INFO: avg err:0.4313 | err:0.5099 | horse_05 cougar_03
2026-06-30 11:51:54,536 INFO: avg err:0.4315 | err:0.4653 | horse_05 cougar_04
2026-06-30 11:51:54,805 INFO: avg err:0.4311 | err:0.3329 | horse_05 hippo_01
2026-06-30 11:51:55,172 INFO: avg err:0.4302 | err:0.1726 | horse_05 hippo_02
2026-06-30 11:51:55,503 INFO: avg err:0.4313 | err:0.7419 | horse_05 hippo_03
2026-06-30 11:51:55,829 INFO: avg err:0.4314 | err:0.4530 | horse_05 hippo_04
2026-06-30 11:51:56,092 INFO: avg err:0.4317 | err:0.5107 | horse_05 hippo_05
2026-06-30 11:51:56,327 INFO: avg err:0.4310 | err:0.2374 | horse_05 hippo_06
2026-06-30 11:51:56,592 INFO: avg err:0.4302 | err:0.2037 | horse_05 horse_01
2026-06-30 11:51:56,986 INFO: avg err:0.4315 | err:0.8117 | horse_05 horse_02
2026-06-30 11:51:57,276 INFO: avg err:0.4314 | err:0.4117 | horse_05 horse_03
2026-06-30 11:51:57,527 INFO: avg err:0.4310 | err:0.2995 | horse_05 horse_04
2026-06-30 11:51:57,748 INFO: avg err:0.4295 | err:0.0001 | horse_05 horse_05
2026-06-30 11:51:58,073 INFO: avg err:0.4297 | err:0.4724 | horse_05 horse_06
2026-06-30 11:51:58,408 INFO: avg err:0.4298 | err:0.4613 | horse_05 horse_07
2026-06-30 11:51:58,695 INFO: avg err:0.4298 | err:0.4211 | horse_05 horse_08
2026-06-30 11:51:59,046 INFO: avg err:0.4309 | err:0.7751 | horse_05 horse_09
2026-06-30 11:51:59,291 INFO: avg err:0.4323 | err:0.8554 | horse_05 horse_10
2026-06-30 11:51:59,821 INFO: avg err:0.4335 | err:0.7747 | horse_06 cougar_01
2026-06-30 11:52:00,095 INFO: avg err:0.4346 | err:0.7819 | horse_06 cougar_02
2026-06-30 11:52:00,371 INFO: avg err:0.4341 | err:0.2776 | horse_06 cougar_03
2026-06-30 11:52:00,638 INFO: avg err:0.4338 | err:0.3318 | horse_06 cougar_04
2026-06-30 11:52:00,970 INFO: avg err:0.4336 | err:0.3950 | horse_06 hippo_01
2026-06-30 11:52:01,271 INFO: avg err:0.4333 | err:0.3229 | horse_06 hippo_02
2026-06-30 11:52:01,582 INFO: avg err:0.4341 | err:0.6855 | horse_06 hippo_03
2026-06-30 11:52:01,872 INFO: avg err:0.4337 | err:0.3244 | horse_06 hippo_04
2026-06-30 11:52:02,133 INFO: avg err:0.4330 | err:0.2032 | horse_06 hippo_05
2026-06-30 11:52:02,351 INFO: avg err:0.4329 | err:0.4099 | horse_06 hippo_06
2026-06-30 11:52:02,622 INFO: avg err:0.4325 | err:0.3011 | horse_06 horse_01
2026-06-30 11:52:02,875 INFO: avg err:0.4332 | err:0.6673 | horse_06 horse_02
2026-06-30 11:52:03,143 INFO: avg err:0.4320 | err:0.0540 | horse_06 horse_03
2026-06-30 11:52:03,360 INFO: avg err:0.4312 | err:0.1718 | horse_06 horse_04
2026-06-30 11:52:03,621 INFO: avg err:0.4312 | err:0.4266 | horse_06 horse_05
2026-06-30 11:52:03,881 INFO: avg err:0.4298 | err:0.0000 | horse_06 horse_06
2026-06-30 11:52:04,278 INFO: avg err:0.4288 | err:0.1040 | horse_06 horse_07
2026-06-30 11:52:04,540 INFO: avg err:0.4284 | err:0.3042 | horse_06 horse_08
2026-06-30 11:52:04,810 INFO: avg err:0.4287 | err:0.5081 | horse_06 horse_09
2026-06-30 11:52:05,060 INFO: avg err:0.4292 | err:0.5887 | horse_06 horse_10
2026-06-30 11:52:05,453 INFO: avg err:0.4302 | err:0.7548 | horse_07 cougar_01
2026-06-30 11:52:05,677 INFO: avg err:0.4312 | err:0.7674 | horse_07 cougar_02
2026-06-30 11:52:06,084 INFO: avg err:0.4307 | err:0.2576 | horse_07 cougar_03
2026-06-30 11:52:06,412 INFO: avg err:0.4301 | err:0.2413 | horse_07 cougar_04
2026-06-30 11:52:06,730 INFO: avg err:0.4300 | err:0.3927 | horse_07 hippo_01
2026-06-30 11:52:06,984 INFO: avg err:0.4297 | err:0.3366 | horse_07 hippo_02
2026-06-30 11:52:07,270 INFO: avg err:0.4305 | err:0.6783 | horse_07 hippo_03
2026-06-30 11:52:07,547 INFO: avg err:0.4301 | err:0.3226 | horse_07 hippo_04
2026-06-30 11:52:07,809 INFO: avg err:0.4297 | err:0.2902 | horse_07 hippo_05
2026-06-30 11:52:08,034 INFO: avg err:0.4296 | err:0.3804 | horse_07 hippo_06
2026-06-30 11:52:08,370 INFO: avg err:0.4290 | err:0.2455 | horse_07 horse_01
2026-06-30 11:52:08,621 INFO: avg err:0.4300 | err:0.7650 | horse_07 horse_02
2026-06-30 11:52:08,871 INFO: avg err:0.4292 | err:0.1676 | horse_07 horse_03
2026-06-30 11:52:09,098 INFO: avg err:0.4286 | err:0.2334 | horse_07 horse_04
2026-06-30 11:52:09,453 INFO: avg err:0.4286 | err:0.4296 | horse_07 horse_05
2026-06-30 11:52:09,792 INFO: avg err:0.4279 | err:0.1674 | horse_07 horse_06
2026-06-30 11:52:10,133 INFO: avg err:0.4266 | err:0.0000 | horse_07 horse_07
2026-06-30 11:52:10,493 INFO: avg err:0.4260 | err:0.2127 | horse_07 horse_08
2026-06-30 11:52:10,824 INFO: avg err:0.4262 | err:0.5093 | horse_07 horse_09
2026-06-30 11:52:11,165 INFO: avg err:0.4270 | err:0.7123 | horse_07 horse_10
2026-06-30 11:52:11,493 INFO: avg err:0.4281 | err:0.7802 | horse_08 cougar_01
2026-06-30 11:52:11,740 INFO: avg err:0.4290 | err:0.7443 | horse_08 cougar_02
2026-06-30 11:52:11,996 INFO: avg err:0.4287 | err:0.3189 | horse_08 cougar_03
2026-06-30 11:52:12,221 INFO: avg err:0.4286 | err:0.4005 | horse_08 cougar_04
2026-06-30 11:52:12,500 INFO: avg err:0.4285 | err:0.3832 | horse_08 hippo_01
2026-06-30 11:52:12,765 INFO: avg err:0.4283 | err:0.3664 | horse_08 hippo_02
2026-06-30 11:52:13,088 INFO: avg err:0.4290 | err:0.6723 | horse_08 hippo_03
2026-06-30 11:52:13,424 INFO: avg err:0.4289 | err:0.3833 | horse_08 hippo_04
2026-06-30 11:52:13,750 INFO: avg err:0.4284 | err:0.2707 | horse_08 hippo_05
2026-06-30 11:52:14,083 INFO: avg err:0.4284 | err:0.4215 | horse_08 hippo_06
2026-06-30 11:52:14,379 INFO: avg err:0.4282 | err:0.3644 | horse_08 horse_01
2026-06-30 11:52:14,621 INFO: avg err:0.4291 | err:0.7426 | horse_08 horse_02
2026-06-30 11:52:14,879 INFO: avg err:0.4292 | err:0.4549 | horse_08 horse_03
2026-06-30 11:52:15,221 INFO: avg err:0.4291 | err:0.4043 | horse_08 horse_04
2026-06-30 11:52:15,487 INFO: avg err:0.4292 | err:0.4609 | horse_08 horse_05
2026-06-30 11:52:15,734 INFO: avg err:0.4290 | err:0.3637 | horse_08 horse_06
2026-06-30 11:52:15,998 INFO: avg err:0.4283 | err:0.1750 | horse_08 horse_07
2026-06-30 11:52:16,294 INFO: avg err:0.4271 | err:0.0000 | horse_08 horse_08
2026-06-30 11:52:16,532 INFO: avg err:0.4272 | err:0.4692 | horse_08 horse_09
2026-06-30 11:52:16,808 INFO: avg err:0.4277 | err:0.6163 | horse_08 horse_10
2026-06-30 11:52:17,048 INFO: avg err:0.4275 | err:0.3327 | horse_09 cougar_01
2026-06-30 11:52:17,355 INFO: avg err:0.4272 | err:0.3241 | horse_09 cougar_02
2026-06-30 11:52:17,677 INFO: avg err:0.4280 | err:0.7195 | horse_09 cougar_03
2026-06-30 11:52:18,018 INFO: avg err:0.4288 | err:0.7128 | horse_09 cougar_04
2026-06-30 11:52:18,306 INFO: avg err:0.4295 | err:0.6909 | horse_09 hippo_01
2026-06-30 11:52:18,604 INFO: avg err:0.4301 | err:0.6509 | horse_09 hippo_02
2026-06-30 11:52:18,969 INFO: avg err:0.4300 | err:0.3938 | horse_09 hippo_03
2026-06-30 11:52:19,314 INFO: avg err:0.4307 | err:0.6708 | horse_09 hippo_04
2026-06-30 11:52:19,632 INFO: avg err:0.4310 | err:0.5642 | horse_09 hippo_05
2026-06-30 11:52:19,956 INFO: avg err:0.4316 | err:0.6552 | horse_09 hippo_06
2026-06-30 11:52:20,206 INFO: avg err:0.4322 | err:0.6309 | horse_09 horse_01
2026-06-30 11:52:20,472 INFO: avg err:0.4316 | err:0.2057 | horse_09 horse_02
2026-06-30 11:52:20,716 INFO: avg err:0.4320 | err:0.5863 | horse_09 horse_03
2026-06-30 11:52:20,994 INFO: avg err:0.4325 | err:0.6364 | horse_09 horse_04
2026-06-30 11:52:21,243 INFO: avg err:0.4331 | err:0.6352 | horse_09 horse_05
2026-06-30 11:52:21,593 INFO: avg err:0.4336 | err:0.6374 | horse_09 horse_06
2026-06-30 11:52:21,924 INFO: avg err:0.4339 | err:0.5493 | horse_09 horse_07
2026-06-30 11:52:22,227 INFO: avg err:0.4340 | err:0.4784 | horse_09 horse_08
2026-06-30 11:52:22,456 INFO: avg err:0.4329 | err:0.0000 | horse_09 horse_09
2026-06-30 11:52:22,701 INFO: avg err:0.4323 | err:0.2100 | horse_09 horse_10
2026-06-30 11:52:22,939 INFO: avg err:0.4320 | err:0.3141 | horse_10 cougar_01
2026-06-30 11:52:23,189 INFO: avg err:0.4318 | err:0.3667 | horse_10 cougar_02
2026-06-30 11:52:23,453 INFO: avg err:0.4326 | err:0.7352 | horse_10 cougar_03
2026-06-30 11:52:23,817 INFO: avg err:0.4333 | err:0.6937 | horse_10 cougar_04
2026-06-30 11:52:24,174 INFO: avg err:0.4340 | err:0.7213 | horse_10 hippo_01
2026-06-30 11:52:24,441 INFO: avg err:0.4346 | err:0.6521 | horse_10 hippo_02
2026-06-30 11:52:24,787 INFO: avg err:0.4348 | err:0.5259 | horse_10 hippo_03
2026-06-30 11:52:25,049 INFO: avg err:0.4356 | err:0.7203 | horse_10 hippo_04
2026-06-30 11:52:25,338 INFO: avg err:0.4361 | err:0.6454 | horse_10 hippo_05
2026-06-30 11:52:25,572 INFO: avg err:0.4368 | err:0.7118 | horse_10 hippo_06
2026-06-30 11:52:25,838 INFO: avg err:0.4372 | err:0.5992 | horse_10 horse_01
2026-06-30 11:52:26,134 INFO: avg err:0.4369 | err:0.3068 | horse_10 horse_02
2026-06-30 11:52:26,378 INFO: avg err:0.4373 | err:0.5986 | horse_10 horse_03
2026-06-30 11:52:26,658 INFO: avg err:0.4380 | err:0.7210 | horse_10 horse_04
2026-06-30 11:52:26,905 INFO: avg err:0.4386 | err:0.6723 | horse_10 horse_05
2026-06-30 11:52:27,221 INFO: avg err:0.4391 | err:0.6363 | horse_10 horse_06
2026-06-30 11:52:27,703 INFO: avg err:0.4400 | err:0.7885 | horse_10 horse_07
2026-06-30 11:52:27,943 INFO: avg err:0.4400 | err:0.4422 | horse_10 horse_08
2026-06-30 11:52:28,300 INFO: avg err:0.4394 | err:0.1847 | horse_10 horse_09
2026-06-30 11:52:28,551 INFO: avg err:0.4383 | err:0.0000 | horse_10 horse_10
2026-06-30 11:52:28,590 INFO: Avg time: 0.1065
2026-06-30 11:52:29,113 INFO: Val auc: 0.2190
2026-06-30 11:52:29,121 INFO: Val avg error: 0.4383
2026-06-30 11:52:29,168 INFO: [ONB diag] max|Q-I|: mean=7.7245e-02 max=8.9465e-02 | max|Φ̃ᵀMΦ̃-I|: mean=7.4178e-07 max=9.5367e-07
2026-06-30 11:52:29,169 INFO: Save the best model.
