2026-06-30 09:54:16,422 INFO: 
Version Information: 
	Python: 3.10.20
	PyTorch: 2.3.0+cu121
	TorchVision: 0.18.0+cu121
2026-06-30 09:54:16,422 INFO: 
  backend: dp
  type: ONB_ULRSSM_Model
  num_gpu: 1
  manual_seed: 1234
  non-isometric: False
  partial: False
  path:[
    resume_state: None
    experiments_root: /home/ioana/cortex_project/LearningBasis/DeepShapeMatchingKit/experiments/ulrssm/smal_onb_wks_bypass
    models: /home/ioana/cortex_project/LearningBasis/DeepShapeMatchingKit/experiments/ulrssm/smal_onb_wks_bypass/models
    log: /home/ioana/cortex_project/LearningBasis/DeepShapeMatchingKit/experiments/ulrssm/smal_onb_wks_bypass/log
  ]
  datasets:[
    train_dataset:[
      name: SmalTrain
      type: PairSmalDataset
      phase: train
      data_root: ../data/SMAL_r/
      category: True
      return_evecs: True
      return_faces: True
      num_evecs: 200
      return_corr: False
      return_dist: False
    ]
    test_dataset:[
      name: SmalVal
      type: PairSmalDataset
      phase: test
      data_root: ../data/SMAL_r/
      category: True
      return_evecs: True
      return_faces: True
      num_evecs: 200
      return_corr: True
      return_dist: True
    ]
    batch_size: 1
    num_worker: 1
  ]
  networks:[
    feature_extractor:[
      type: DiffusionNet_B
      in_channels: 128
      out_channels: 256
      input_type: wks
    ]
    onb_correction:[
      type: CayleyONBCorrection
      feature_dim: 256
      rank: 16
      num_steps: 20
      bypass: True
    ]
    fmap_net:[
      type: FasterRegularizedFMNet
      bidirectional: True
    ]
    permutation:[
      type: Similarity
      tau: 0.07
    ]
  ]
  train:[
    total_epochs: 20
    optims:[
      feature_extractor:[
        type: Adam
        lr: 0.001
      ]
      onb_correction:[
        type: Adam
        lr: 0.001
      ]
    ]
    schedulers:[
      feature_extractor:[
        type: CosineAnnealingLR
        eta_min: 0.0001
        T_max: 20
      ]
      onb_correction:[
        type: CosineAnnealingLR
        eta_min: 0.0001
        T_max: 20
      ]
    ]
    losses:[
      surfmnet_loss:[
        type: SURFMNetLoss
        w_bij: 1.0
        w_orth: 1.0
        w_lap: 0.0
      ]
      align_loss:[
        type: SquaredFrobeniusLoss
        loss_weight: 1.0
      ]
    ]
  ]
  val:[
    val_freq: 2000
    metrics:[
      geo_error:[
        type: calculate_geodesic_error
      ]
      plot_pck:[
        type: plot_pck
      ]
    ]
  ]
  logger:[
    print_freq: 20
    save_checkpoint_freq: 2000
  ]
  name: smal_onb_wks_bypass
  is_train: True
  dist: False
  rank: 0
  world_size: 1
  root_path: /home/ioana/cortex_project/LearningBasis/DeepShapeMatchingKit

2026-06-30 09:54:16,424 INFO: Dataset [PairSmalDataset]-[SmalTrain] is built.
2026-06-30 09:54:16,425 INFO: Dataset [PairSmalDataset]-[SmalVal] is built.
2026-06-30 09:54:16,425 INFO: Training statistics:
	Number of train images: 841
	Dataset enlarge ratio: 1
	Batch size: 1
	World size (gpu number): 1
	Require iter number per epoch: 841
	Total epochs: 20; iters: 16820.
2026-06-30 09:54:16,425 INFO: Validation statistics:
	Number of val images: 400
2026-06-30 09:54:16,432 INFO: Network [DiffusionNet_B] is created.
2026-06-30 09:54:16,433 INFO: Network [CayleyONBCorrection] is created.
2026-06-30 09:54:16,433 INFO: Network [FasterRegularizedFMNet] is created.
2026-06-30 09:54:16,433 INFO: Network [Similarity] is created.
2026-06-30 09:54:16,609 INFO: Network: DiffusionNet_B, with parameters: 510,336
2026-06-30 09:54:16,609 INFO: Network: CayleyONBCorrection, with parameters: 0
2026-06-30 09:54:16,609 INFO: Network: FasterRegularizedFMNet, with parameters: 0
2026-06-30 09:54:16,609 INFO: Network: Similarity, with parameters: 0
2026-06-30 09:54:16,610 INFO: Metric [function] is created.
2026-06-30 09:54:16,610 INFO: Metric [function] is created.
2026-06-30 09:54:16,610 INFO: Network onb_correction has no param to optimize. Ignore it.
2026-06-30 09:54:16,611 INFO: Network fmap_net has no param to optimize. Ignore it.
2026-06-30 09:54:16,611 INFO: Network permutation has no param to optimize. Ignore it.
2026-06-30 09:54:16,611 INFO: Loss [SURFMNetLoss] is created.
2026-06-30 09:54:16,611 INFO: Loss [SquaredFrobeniusLoss] is created.
2026-06-30 09:54:16,615 INFO: Model [ONB_ULRSSM_Model] is created.
2026-06-30 09:54:16,615 INFO: Start training from epoch: 0, iter: 0
2026-06-30 09:54:21,420 INFO: [smal_..][epoch:  1, iter:      20, lr:(1.000e-03,)][eta: 0:47:42, time (data): 0.240 (0.025)]l_bij: 2.8383e+02 l_orth: 2.6873e+02 l_align: 9.6042e+01 l_total: 6.4860e+02 
2026-06-30 09:54:25,427 INFO: [smal_..][epoch:  1, iter:      40, lr:(1.000e-03,)][eta: 0:51:44, time (data): 0.220 (0.020)]l_bij: 2.6717e+02 l_orth: 2.4814e+02 l_align: 1.1960e+02 l_total: 6.3491e+02 
2026-06-30 09:54:29,385 INFO: [smal_..][epoch:  1, iter:      60, lr:(1.000e-03,)][eta: 0:52:51, time (data): 0.213 (0.018)]l_bij: 2.6404e+02 l_orth: 2.4871e+02 l_align: 1.1708e+02 l_total: 6.2982e+02 
2026-06-30 09:54:33,327 INFO: [smal_..][epoch:  1, iter:      80, lr:(1.000e-03,)][eta: 0:53:20, time (data): 0.209 (0.018)]l_bij: 2.6467e+02 l_orth: 2.4564e+02 l_align: 1.1485e+02 l_total: 6.2517e+02 
2026-06-30 09:54:37,286 INFO: [smal_..][epoch:  1, iter:     100, lr:(1.000e-03,)][eta: 0:53:38, time (data): 0.207 (0.018)]l_bij: 2.6023e+02 l_orth: 2.4334e+02 l_align: 1.2038e+02 l_total: 6.2394e+02 
2026-06-30 09:54:41,241 INFO: [smal_..][epoch:  1, iter:     120, lr:(1.000e-03,)][eta: 0:53:49, time (data): 0.205 (0.017)]l_bij: 2.5535e+02 l_orth: 2.3726e+02 l_align: 1.1662e+02 l_total: 6.0922e+02 
2026-06-30 09:54:45,360 INFO: [smal_..][epoch:  1, iter:     140, lr:(1.000e-03,)][eta: 0:54:15, time (data): 0.205 (0.017)]l_bij: 2.4957e+02 l_orth: 2.3127e+02 l_align: 1.2871e+02 l_total: 6.0955e+02 
2026-06-30 09:54:49,329 INFO: [smal_..][epoch:  1, iter:     160, lr:(1.000e-03,)][eta: 0:54:18, time (data): 0.204 (0.017)]l_bij: 2.5600e+02 l_orth: 2.3635e+02 l_align: 1.2987e+02 l_total: 6.2222e+02 
2026-06-30 09:54:53,425 INFO: [smal_..][epoch:  1, iter:     180, lr:(1.000e-03,)][eta: 0:54:31, time (data): 0.204 (0.017)]l_bij: 2.5538e+02 l_orth: 2.3555e+02 l_align: 1.2368e+02 l_total: 6.1461e+02 
2026-06-30 09:54:57,578 INFO: [smal_..][epoch:  1, iter:     200, lr:(1.000e-03,)][eta: 0:54:45, time (data): 0.205 (0.017)]l_bij: 2.3241e+02 l_orth: 2.1674e+02 l_align: 1.3363e+02 l_total: 5.8279e+02 
2026-06-30 09:55:01,644 INFO: [smal_..][epoch:  1, iter:     220, lr:(1.000e-03,)][eta: 0:54:49, time (data): 0.203 (0.016)]l_bij: 2.4277e+02 l_orth: 2.2731e+02 l_align: 1.2864e+02 l_total: 5.9872e+02 
2026-06-30 09:55:05,696 INFO: [smal_..][epoch:  1, iter:     240, lr:(1.000e-03,)][eta: 0:54:52, time (data): 0.203 (0.016)]l_bij: 1.5197e+02 l_orth: 1.5099e+02 l_align: 1.8227e+02 l_total: 4.8523e+02 
2026-06-30 09:55:09,835 INFO: [smal_..][epoch:  1, iter:     260, lr:(1.000e-03,)][eta: 0:54:58, time (data): 0.204 (0.016)]l_bij: 2.3390e+02 l_orth: 2.2120e+02 l_align: 1.3533e+02 l_total: 5.9044e+02 
2026-06-30 09:55:13,832 INFO: [smal_..][epoch:  1, iter:     280, lr:(1.000e-03,)][eta: 0:54:55, time (data): 0.203 (0.016)]l_bij: 1.4777e+02 l_orth: 1.4939e+02 l_align: 1.8016e+02 l_total: 4.7733e+02 
2026-06-30 09:55:17,850 INFO: [smal_..][epoch:  1, iter:     300, lr:(1.000e-03,)][eta: 0:54:53, time (data): 0.203 (0.016)]l_bij: 2.2549e+02 l_orth: 2.1306e+02 l_align: 1.3874e+02 l_total: 5.7728e+02 
2026-06-30 09:55:22,016 INFO: [smal_..][epoch:  1, iter:     320, lr:(1.000e-03,)][eta: 0:54:58, time (data): 0.204 (0.016)]l_bij: 2.0480e+02 l_orth: 1.9400e+02 l_align: 1.3218e+02 l_total: 5.3098e+02 
2026-06-30 09:55:26,051 INFO: [smal_..][epoch:  1, iter:     340, lr:(1.000e-03,)][eta: 0:54:56, time (data): 0.203 (0.016)]l_bij: 2.1766e+02 l_orth: 2.0628e+02 l_align: 1.3219e+02 l_total: 5.5614e+02 
2026-06-30 09:55:30,065 INFO: [smal_..][epoch:  1, iter:     360, lr:(1.000e-03,)][eta: 0:54:52, time (data): 0.203 (0.016)]l_bij: 2.3550e+02 l_orth: 2.1704e+02 l_align: 1.3321e+02 l_total: 5.8575e+02 
2026-06-30 09:55:34,462 INFO: [smal_..][epoch:  1, iter:     380, lr:(1.000e-03,)][eta: 0:55:05, time (data): 0.205 (0.017)]l_bij: 2.1226e+02 l_orth: 2.0213e+02 l_align: 1.3647e+02 l_total: 5.5087e+02 
2026-06-30 09:55:38,577 INFO: [smal_..][epoch:  1, iter:     400, lr:(1.000e-03,)][eta: 0:55:05, time (data): 0.205 (0.017)]l_bij: 2.1321e+02 l_orth: 1.9866e+02 l_align: 1.2886e+02 l_total: 5.4074e+02 
2026-06-30 09:55:42,592 INFO: [smal_..][epoch:  1, iter:     420, lr:(1.000e-03,)][eta: 0:55:01, time (data): 0.201 (0.015)]l_bij: 2.2069e+02 l_orth: 2.0522e+02 l_align: 1.3383e+02 l_total: 5.5974e+02 
2026-06-30 09:55:46,631 INFO: [smal_..][epoch:  1, iter:     440, lr:(1.000e-03,)][eta: 0:54:57, time (data): 0.201 (0.016)]l_bij: 2.2906e+02 l_orth: 2.1450e+02 l_align: 1.3661e+02 l_total: 5.8017e+02 
2026-06-30 09:55:50,660 INFO: [smal_..][epoch:  1, iter:     460, lr:(1.000e-03,)][eta: 0:54:53, time (data): 0.201 (0.015)]l_bij: 1.9337e+02 l_orth: 1.8527e+02 l_align: 1.3860e+02 l_total: 5.1724e+02 
2026-06-30 09:55:54,781 INFO: [smal_..][epoch:  1, iter:     480, lr:(1.000e-03,)][eta: 0:54:52, time (data): 0.202 (0.016)]l_bij: 1.8947e+02 l_orth: 1.8173e+02 l_align: 1.3762e+02 l_total: 5.0882e+02 
2026-06-30 09:55:58,958 INFO: [smal_..][epoch:  1, iter:     500, lr:(1.000e-03,)][eta: 0:54:53, time (data): 0.204 (0.016)]l_bij: 2.1598e+02 l_orth: 2.0158e+02 l_align: 1.3427e+02 l_total: 5.5183e+02 
2026-06-30 09:56:02,991 INFO: [smal_..][epoch:  1, iter:     520, lr:(1.000e-03,)][eta: 0:54:49, time (data): 0.203 (0.016)]l_bij: 2.0699e+02 l_orth: 1.9511e+02 l_align: 1.3180e+02 l_total: 5.3390e+02 
2026-06-30 09:56:07,027 INFO: [smal_..][epoch:  1, iter:     540, lr:(1.000e-03,)][eta: 0:54:45, time (data): 0.203 (0.016)]l_bij: 1.7849e+02 l_orth: 1.7083e+02 l_align: 1.3357e+02 l_total: 4.8289e+02 
2026-06-30 09:56:11,139 INFO: [smal_..][epoch:  1, iter:     560, lr:(1.000e-03,)][eta: 0:54:43, time (data): 0.203 (0.016)]l_bij: 2.0996e+02 l_orth: 1.9602e+02 l_align: 1.3225e+02 l_total: 5.3823e+02 
2026-06-30 09:56:15,133 INFO: [smal_..][epoch:  1, iter:     580, lr:(1.000e-03,)][eta: 0:54:38, time (data): 0.203 (0.016)]l_bij: 1.9158e+02 l_orth: 1.8873e+02 l_align: 1.3302e+02 l_total: 5.1333e+02 
2026-06-30 09:56:19,198 INFO: [smal_..][epoch:  1, iter:     600, lr:(1.000e-03,)][eta: 0:54:35, time (data): 0.203 (0.016)]l_bij: 1.8237e+02 l_orth: 1.7436e+02 l_align: 1.2808e+02 l_total: 4.8480e+02 
2026-06-30 09:56:23,284 INFO: [smal_..][epoch:  1, iter:     620, lr:(1.000e-03,)][eta: 0:54:32, time (data): 0.206 (0.016)]l_bij: 1.9988e+02 l_orth: 1.8719e+02 l_align: 1.2664e+02 l_total: 5.1372e+02 
2026-06-30 09:56:27,353 INFO: [smal_..][epoch:  1, iter:     640, lr:(1.000e-03,)][eta: 0:54:28, time (data): 0.204 (0.016)]l_bij: 1.9687e+02 l_orth: 1.8361e+02 l_align: 1.2855e+02 l_total: 5.0904e+02 
2026-06-30 09:56:31,303 INFO: [smal_..][epoch:  1, iter:     660, lr:(1.000e-03,)][eta: 0:54:22, time (data): 0.202 (0.015)]l_bij: 1.9132e+02 l_orth: 1.8173e+02 l_align: 1.3143e+02 l_total: 5.0448e+02 
2026-06-30 09:56:35,243 INFO: [smal_..][epoch:  1, iter:     680, lr:(1.000e-03,)][eta: 0:54:16, time (data): 0.201 (0.015)]l_bij: 2.0208e+02 l_orth: 1.8870e+02 l_align: 1.2627e+02 l_total: 5.1705e+02 
2026-06-30 09:56:39,170 INFO: [smal_..][epoch:  1, iter:     700, lr:(1.000e-03,)][eta: 0:54:09, time (data): 0.200 (0.015)]l_bij: 1.7421e+02 l_orth: 1.6466e+02 l_align: 1.2381e+02 l_total: 4.6268e+02 
2026-06-30 09:56:43,163 INFO: [smal_..][epoch:  1, iter:     720, lr:(1.000e-03,)][eta: 0:54:04, time (data): 0.200 (0.015)]l_bij: 1.8266e+02 l_orth: 1.7395e+02 l_align: 1.2925e+02 l_total: 4.8585e+02 
2026-06-30 09:56:47,228 INFO: [smal_..][epoch:  1, iter:     740, lr:(1.000e-03,)][eta: 0:54:01, time (data): 0.200 (0.015)]l_bij: 1.8798e+02 l_orth: 1.7601e+02 l_align: 1.3328e+02 l_total: 4.9727e+02 
2026-06-30 09:56:51,276 INFO: [smal_..][epoch:  1, iter:     760, lr:(1.000e-03,)][eta: 0:53:57, time (data): 0.200 (0.015)]l_bij: 1.8972e+02 l_orth: 1.7973e+02 l_align: 1.3540e+02 l_total: 5.0485e+02 
2026-06-30 09:56:55,283 INFO: [smal_..][epoch:  1, iter:     780, lr:(1.000e-03,)][eta: 0:53:53, time (data): 0.200 (0.015)]l_bij: 1.9656e+02 l_orth: 1.8283e+02 l_align: 1.2977e+02 l_total: 5.0916e+02 
2026-06-30 09:56:59,223 INFO: [smal_..][epoch:  1, iter:     800, lr:(1.000e-03,)][eta: 0:53:47, time (data): 0.200 (0.015)]l_bij: 1.8810e+02 l_orth: 1.8039e+02 l_align: 1.3476e+02 l_total: 5.0324e+02 
2026-06-30 09:57:03,117 INFO: [smal_..][epoch:  1, iter:     820, lr:(1.000e-03,)][eta: 0:53:40, time (data): 0.195 (0.016)]l_bij: 1.7491e+02 l_orth: 1.6738e+02 l_align: 1.2223e+02 l_total: 4.6452e+02 
2026-06-30 09:57:07,220 INFO: [smal_..][epoch:  1, iter:     840, lr:(1.000e-03,)][eta: 0:53:38, time (data): 0.201 (0.016)]l_bij: 1.6110e+02 l_orth: 1.5384e+02 l_align: 1.1961e+02 l_total: 4.3454e+02 
2026-06-30 09:57:11,473 INFO: [smal_..][epoch:  2, iter:     860, lr:(9.945e-04,)][eta: 0:53:38, time (data): 0.205 (0.019)]l_bij: 1.7562e+02 l_orth: 1.6835e+02 l_align: 1.3071e+02 l_total: 4.7468e+02 
2026-06-30 09:57:15,444 INFO: [smal_..][epoch:  2, iter:     880, lr:(9.945e-04,)][eta: 0:53:33, time (data): 0.203 (0.018)]l_bij: 1.2435e+02 l_orth: 1.2915e+02 l_align: 1.2669e+02 l_total: 3.8019e+02 
2026-06-30 09:57:19,399 INFO: [smal_..][epoch:  2, iter:     900, lr:(9.945e-04,)][eta: 0:53:27, time (data): 0.202 (0.018)]l_bij: 1.8375e+02 l_orth: 1.7365e+02 l_align: 1.3009e+02 l_total: 4.8749e+02 
2026-06-30 09:57:23,293 INFO: [smal_..][epoch:  2, iter:     920, lr:(9.945e-04,)][eta: 0:53:21, time (data): 0.201 (0.018)]l_bij: 1.7785e+02 l_orth: 1.7054e+02 l_align: 1.2209e+02 l_total: 4.7048e+02 
2026-06-30 09:57:27,212 INFO: [smal_..][epoch:  2, iter:     940, lr:(9.945e-04,)][eta: 0:53:15, time (data): 0.200 (0.017)]l_bij: 1.7743e+02 l_orth: 1.6875e+02 l_align: 1.2258e+02 l_total: 4.6876e+02 
2026-06-30 09:57:31,057 INFO: [smal_..][epoch:  2, iter:     960, lr:(9.945e-04,)][eta: 0:53:08, time (data): 0.199 (0.017)]l_bij: 1.6266e+02 l_orth: 1.5718e+02 l_align: 1.2060e+02 l_total: 4.4044e+02 
2026-06-30 09:57:35,054 INFO: [smal_..][epoch:  2, iter:     980, lr:(9.945e-04,)][eta: 0:53:04, time (data): 0.199 (0.017)]l_bij: 1.7053e+02 l_orth: 1.6240e+02 l_align: 1.2493e+02 l_total: 4.5786e+02 
2026-06-30 09:57:38,994 INFO: [smal_..][epoch:  2, iter:   1,000, lr:(9.945e-04,)][eta: 0:52:58, time (data): 0.199 (0.017)]l_bij: 1.7316e+02 l_orth: 1.6664e+02 l_align: 1.2462e+02 l_total: 4.6443e+02 
2026-06-30 09:57:42,925 INFO: [smal_..][epoch:  2, iter:   1,020, lr:(9.945e-04,)][eta: 0:52:53, time (data): 0.196 (0.015)]l_bij: 1.6877e+02 l_orth: 1.6070e+02 l_align: 1.2396e+02 l_total: 4.5343e+02 
2026-06-30 09:57:46,957 INFO: [smal_..][epoch:  2, iter:   1,040, lr:(9.945e-04,)][eta: 0:52:49, time (data): 0.199 (0.015)]l_bij: 1.5497e+02 l_orth: 1.5043e+02 l_align: 1.2060e+02 l_total: 4.2600e+02 
2026-06-30 09:57:51,058 INFO: [smal_..][epoch:  2, iter:   1,060, lr:(9.945e-04,)][eta: 0:52:46, time (data): 0.201 (0.016)]l_bij: 1.4402e+02 l_orth: 1.3811e+02 l_align: 1.0815e+02 l_total: 3.9028e+02 
2026-06-30 09:57:55,034 INFO: [smal_..][epoch:  2, iter:   1,080, lr:(9.945e-04,)][eta: 0:52:42, time (data): 0.201 (0.015)]l_bij: 1.4681e+02 l_orth: 1.4492e+02 l_align: 1.1497e+02 l_total: 4.0669e+02 
2026-06-30 09:57:58,979 INFO: [smal_..][epoch:  2, iter:   1,100, lr:(9.945e-04,)][eta: 0:52:37, time (data): 0.200 (0.015)]l_bij: 1.6175e+02 l_orth: 1.5528e+02 l_align: 1.1621e+02 l_total: 4.3324e+02 
2026-06-30 09:58:02,870 INFO: [smal_..][epoch:  2, iter:   1,120, lr:(9.945e-04,)][eta: 0:52:31, time (data): 0.199 (0.015)]l_bij: 1.5998e+02 l_orth: 1.5301e+02 l_align: 1.2286e+02 l_total: 4.3585e+02 
2026-06-30 09:58:06,804 INFO: [smal_..][epoch:  2, iter:   1,140, lr:(9.945e-04,)][eta: 0:52:26, time (data): 0.199 (0.015)]l_bij: 1.4288e+02 l_orth: 1.3890e+02 l_align: 1.0638e+02 l_total: 3.8816e+02 
2026-06-30 09:58:10,745 INFO: [smal_..][epoch:  2, iter:   1,160, lr:(9.945e-04,)][eta: 0:52:21, time (data): 0.198 (0.015)]l_bij: 1.5697e+02 l_orth: 1.5009e+02 l_align: 1.1805e+02 l_total: 4.2511e+02 
2026-06-30 09:58:14,800 INFO: [smal_..][epoch:  2, iter:   1,180, lr:(9.945e-04,)][eta: 0:52:17, time (data): 0.199 (0.015)]l_bij: 1.2085e+02 l_orth: 1.2198e+02 l_align: 1.0762e+02 l_total: 3.5045e+02 
2026-06-30 09:58:18,666 INFO: [smal_..][epoch:  2, iter:   1,200, lr:(9.945e-04,)][eta: 0:52:11, time (data): 0.198 (0.015)]l_bij: 1.5800e+02 l_orth: 1.5474e+02 l_align: 1.1898e+02 l_total: 4.3171e+02 
2026-06-30 09:58:22,651 INFO: [smal_..][epoch:  2, iter:   1,220, lr:(9.945e-04,)][eta: 0:52:07, time (data): 0.199 (0.016)]l_bij: 1.5544e+02 l_orth: 1.5088e+02 l_align: 1.1170e+02 l_total: 4.1802e+02 
2026-06-30 09:58:26,554 INFO: [smal_..][epoch:  2, iter:   1,240, lr:(9.945e-04,)][eta: 0:52:02, time (data): 0.197 (0.015)]l_bij: 1.6767e+02 l_orth: 1.6019e+02 l_align: 1.1388e+02 l_total: 4.4174e+02 
2026-06-30 09:58:30,448 INFO: [smal_..][epoch:  2, iter:   1,260, lr:(9.945e-04,)][eta: 0:51:56, time (data): 0.196 (0.015)]l_bij: 1.4209e+02 l_orth: 1.3906e+02 l_align: 1.0981e+02 l_total: 3.9096e+02 
2026-06-30 09:58:34,424 INFO: [smal_..][epoch:  2, iter:   1,280, lr:(9.945e-04,)][eta: 0:51:52, time (data): 0.197 (0.015)]l_bij: 1.3132e+02 l_orth: 1.3061e+02 l_align: 1.1180e+02 l_total: 3.7373e+02 
2026-06-30 09:58:38,433 INFO: [smal_..][epoch:  2, iter:   1,300, lr:(9.945e-04,)][eta: 0:51:48, time (data): 0.197 (0.015)]l_bij: 1.5817e+02 l_orth: 1.5211e+02 l_align: 1.1761e+02 l_total: 4.2789e+02 
2026-06-30 09:58:42,619 INFO: [smal_..][epoch:  2, iter:   1,320, lr:(9.945e-04,)][eta: 0:51:46, time (data): 0.200 (0.015)]l_bij: 1.1976e+02 l_orth: 1.2450e+02 l_align: 1.1015e+02 l_total: 3.5442e+02 
2026-06-30 09:58:46,575 INFO: [smal_..][epoch:  2, iter:   1,340, lr:(9.945e-04,)][eta: 0:51:41, time (data): 0.199 (0.015)]l_bij: 1.5131e+02 l_orth: 1.4792e+02 l_align: 1.2031e+02 l_total: 4.1953e+02 
2026-06-30 09:58:50,594 INFO: [smal_..][epoch:  2, iter:   1,360, lr:(9.945e-04,)][eta: 0:51:38, time (data): 0.199 (0.015)]l_bij: 1.4636e+02 l_orth: 1.4274e+02 l_align: 1.1182e+02 l_total: 4.0092e+02 
2026-06-30 09:58:54,453 INFO: [smal_..][epoch:  2, iter:   1,380, lr:(9.945e-04,)][eta: 0:51:32, time (data): 0.199 (0.015)]l_bij: 1.6855e+02 l_orth: 1.5955e+02 l_align: 1.2370e+02 l_total: 4.5180e+02 
2026-06-30 09:58:58,495 INFO: [smal_..][epoch:  2, iter:   1,400, lr:(9.945e-04,)][eta: 0:51:28, time (data): 0.199 (0.015)]l_bij: 1.4857e+02 l_orth: 1.4551e+02 l_align: 1.1596e+02 l_total: 4.1004e+02 
2026-06-30 09:59:02,667 INFO: [smal_..][epoch:  2, iter:   1,420, lr:(9.945e-04,)][eta: 0:51:26, time (data): 0.203 (0.015)]l_bij: 1.4225e+02 l_orth: 1.4088e+02 l_align: 1.1230e+02 l_total: 3.9543e+02 
2026-06-30 09:59:06,691 INFO: [smal_..][epoch:  2, iter:   1,440, lr:(9.945e-04,)][eta: 0:51:22, time (data): 0.202 (0.015)]l_bij: 1.1742e+02 l_orth: 1.1942e+02 l_align: 1.0683e+02 l_total: 3.4367e+02 
2026-06-30 09:59:10,725 INFO: [smal_..][epoch:  2, iter:   1,460, lr:(9.945e-04,)][eta: 0:51:18, time (data): 0.202 (0.015)]l_bij: 1.3727e+02 l_orth: 1.3661e+02 l_align: 1.1408e+02 l_total: 3.8795e+02 
2026-06-30 09:59:14,591 INFO: [smal_..][epoch:  2, iter:   1,480, lr:(9.945e-04,)][eta: 0:51:13, time (data): 0.199 (0.016)]l_bij: 1.4142e+02 l_orth: 1.3737e+02 l_align: 1.0636e+02 l_total: 3.8515e+02 
2026-06-30 09:59:18,639 INFO: [smal_..][epoch:  2, iter:   1,500, lr:(9.945e-04,)][eta: 0:51:09, time (data): 0.200 (0.015)]l_bij: 1.0243e+02 l_orth: 1.0700e+02 l_align: 1.0275e+02 l_total: 3.1218e+02 
2026-06-30 09:59:22,638 INFO: [smal_..][epoch:  2, iter:   1,520, lr:(9.945e-04,)][eta: 0:51:05, time (data): 0.200 (0.015)]l_bij: 1.3165e+02 l_orth: 1.3181e+02 l_align: 1.1127e+02 l_total: 3.7473e+02 
2026-06-30 09:59:26,740 INFO: [smal_..][epoch:  2, iter:   1,540, lr:(9.945e-04,)][eta: 0:51:02, time (data): 0.201 (0.015)]l_bij: 1.3358e+02 l_orth: 1.3292e+02 l_align: 1.1024e+02 l_total: 3.7674e+02 
2026-06-30 09:59:30,709 INFO: [smal_..][epoch:  2, iter:   1,560, lr:(9.945e-04,)][eta: 0:50:58, time (data): 0.200 (0.015)]l_bij: 9.2671e+01 l_orth: 1.0426e+02 l_align: 1.0501e+02 l_total: 3.0193e+02 
2026-06-30 09:59:34,689 INFO: [smal_..][epoch:  2, iter:   1,580, lr:(9.945e-04,)][eta: 0:50:54, time (data): 0.200 (0.015)]l_bij: 1.3450e+02 l_orth: 1.3282e+02 l_align: 1.0901e+02 l_total: 3.7632e+02 
2026-06-30 09:59:38,591 INFO: [smal_..][epoch:  2, iter:   1,600, lr:(9.945e-04,)][eta: 0:50:49, time (data): 0.200 (0.015)]l_bij: 1.3334e+02 l_orth: 1.3383e+02 l_align: 1.1328e+02 l_total: 3.8045e+02 
2026-06-30 09:59:42,675 INFO: [smal_..][epoch:  2, iter:   1,620, lr:(9.945e-04,)][eta: 0:50:45, time (data): 0.204 (0.015)]l_bij: 1.6142e+02 l_orth: 1.5585e+02 l_align: 1.1938e+02 l_total: 4.3665e+02 
2026-06-30 09:59:46,585 INFO: [smal_..][epoch:  2, iter:   1,640, lr:(9.945e-04,)][eta: 0:50:40, time (data): 0.198 (0.016)]l_bij: 2.7657e+01 l_orth: 5.7996e+01 l_align: 1.3032e+02 l_total: 2.1597e+02 
2026-06-30 09:59:50,700 INFO: [smal_..][epoch:  2, iter:   1,660, lr:(9.945e-04,)][eta: 0:50:37, time (data): 0.201 (0.018)]l_bij: 1.1302e+02 l_orth: 1.1789e+02 l_align: 1.0932e+02 l_total: 3.4023e+02 
2026-06-30 09:59:54,724 INFO: [smal_..][epoch:  2, iter:   1,680, lr:(9.945e-04,)][eta: 0:50:33, time (data): 0.201 (0.017)]l_bij: 2.7287e+01 l_orth: 6.1626e+01 l_align: 1.3284e+02 l_total: 2.2175e+02 
2026-06-30 09:59:59,063 INFO: [smal_..][epoch:  3, iter:   1,700, lr:(9.780e-04,)][eta: 0:50:32, time (data): 0.205 (0.019)]l_bij: 1.3377e+02 l_orth: 1.3092e+02 l_align: 1.0487e+02 l_total: 3.6955e+02 
2026-06-30 10:00:03,128 INFO: [smal_..][epoch:  3, iter:   1,720, lr:(9.780e-04,)][eta: 0:50:29, time (data): 0.204 (0.019)]l_bij: 1.4966e+02 l_orth: 1.4405e+02 l_align: 1.1231e+02 l_total: 4.0602e+02 
2026-06-30 10:00:07,285 INFO: [smal_..][epoch:  3, iter:   1,740, lr:(9.780e-04,)][eta: 0:50:26, time (data): 0.205 (0.018)]l_bij: 1.4754e+02 l_orth: 1.4207e+02 l_align: 1.0942e+02 l_total: 3.9903e+02 
2026-06-30 10:00:11,268 INFO: [smal_..][epoch:  3, iter:   1,760, lr:(9.780e-04,)][eta: 0:50:22, time (data): 0.204 (0.018)]l_bij: 1.5209e+02 l_orth: 1.4851e+02 l_align: 1.1278e+02 l_total: 4.1338e+02 
2026-06-30 10:00:15,222 INFO: [smal_..][epoch:  3, iter:   1,780, lr:(9.780e-04,)][eta: 0:50:17, time (data): 0.203 (0.018)]l_bij: 1.3647e+02 l_orth: 1.3545e+02 l_align: 1.0779e+02 l_total: 3.7970e+02 
2026-06-30 10:00:19,277 INFO: [smal_..][epoch:  3, iter:   1,800, lr:(9.780e-04,)][eta: 0:50:14, time (data): 0.203 (0.017)]l_bij: 1.4241e+02 l_orth: 1.4196e+02 l_align: 1.1773e+02 l_total: 4.0210e+02 
2026-06-30 10:00:23,200 INFO: [smal_..][epoch:  3, iter:   1,820, lr:(9.780e-04,)][eta: 0:50:09, time (data): 0.196 (0.015)]l_bij: 1.3986e+02 l_orth: 1.3681e+02 l_align: 1.0383e+02 l_total: 3.8050e+02 
2026-06-30 10:00:27,201 INFO: [smal_..][epoch:  3, iter:   1,840, lr:(9.780e-04,)][eta: 0:50:05, time (data): 0.199 (0.016)]l_bij: 1.3441e+02 l_orth: 1.3518e+02 l_align: 1.1123e+02 l_total: 3.8082e+02 
2026-06-30 10:00:31,183 INFO: [smal_..][epoch:  3, iter:   1,860, lr:(9.780e-04,)][eta: 0:50:00, time (data): 0.199 (0.016)]l_bij: 1.3778e+02 l_orth: 1.3689e+02 l_align: 9.6724e+01 l_total: 3.7139e+02 
2026-06-30 10:00:35,054 INFO: [smal_..][epoch:  3, iter:   1,880, lr:(9.780e-04,)][eta: 0:49:55, time (data): 0.197 (0.016)]l_bij: 9.4376e+01 l_orth: 1.0614e+02 l_align: 1.0757e+02 l_total: 3.0808e+02 
2026-06-30 10:00:38,962 INFO: [smal_..][epoch:  3, iter:   1,900, lr:(9.780e-04,)][eta: 0:49:51, time (data): 0.197 (0.016)]l_bij: 1.2431e+02 l_orth: 1.2708e+02 l_align: 1.0331e+02 l_total: 3.5471e+02 
2026-06-30 10:00:42,843 INFO: [smal_..][epoch:  3, iter:   1,920, lr:(9.780e-04,)][eta: 0:49:46, time (data): 0.196 (0.015)]l_bij: 1.5538e+02 l_orth: 1.5098e+02 l_align: 1.1344e+02 l_total: 4.1980e+02 
2026-06-30 10:00:46,809 INFO: [smal_..][epoch:  3, iter:   1,940, lr:(9.780e-04,)][eta: 0:49:41, time (data): 0.197 (0.016)]l_bij: 1.1299e+02 l_orth: 1.1501e+02 l_align: 9.7073e+01 l_total: 3.2507e+02 
2026-06-30 10:00:50,903 INFO: [smal_..][epoch:  3, iter:   1,960, lr:(9.780e-04,)][eta: 0:49:38, time (data): 0.198 (0.016)]l_bij: 1.3289e+02 l_orth: 1.3072e+02 l_align: 1.0437e+02 l_total: 3.6799e+02 
2026-06-30 10:00:54,875 INFO: [smal_..][epoch:  3, iter:   1,980, lr:(9.780e-04,)][eta: 0:49:34, time (data): 0.198 (0.016)]l_bij: 9.3234e+01 l_orth: 1.0330e+02 l_align: 1.0347e+02 l_total: 3.0000e+02 
2026-06-30 10:00:58,803 INFO: [smal_..][epoch:  3, iter:   2,000, lr:(9.780e-04,)][eta: 0:49:29, time (data): 0.198 (0.016)]l_bij: 1.1527e+02 l_orth: 1.1694e+02 l_align: 9.8812e+01 l_total: 3.3102e+02 
2026-06-30 10:00:58,803 INFO: Saving models and training states.
2026-06-30 10:00:58,827 INFO: Start validation.
2026-06-30 10:00:59,736 INFO: avg err:0.0000 | err:0.0000 | cougar_01 cougar_01
2026-06-30 10:00:59,969 INFO: avg err:0.0086 | err:0.0173 | cougar_01 cougar_02
2026-06-30 10:01:00,314 INFO: avg err:0.0106 | err:0.0145 | cougar_01 cougar_03
2026-06-30 10:01:00,551 INFO: avg err:0.0137 | err:0.0232 | cougar_01 cougar_04
2026-06-30 10:01:00,852 INFO: avg err:0.1812 | err:0.8509 | cougar_01 hippo_01
2026-06-30 10:01:01,068 INFO: avg err:0.2797 | err:0.7725 | cougar_01 hippo_02
2026-06-30 10:01:01,359 INFO: avg err:0.3424 | err:0.7182 | cougar_01 hippo_03
2026-06-30 10:01:01,562 INFO: avg err:0.4040 | err:0.8358 | cougar_01 hippo_04
2026-06-30 10:01:01,947 INFO: avg err:0.4271 | err:0.6119 | cougar_01 hippo_05
2026-06-30 10:01:02,144 INFO: avg err:0.4573 | err:0.7285 | cougar_01 hippo_06
2026-06-30 10:01:02,502 INFO: avg err:0.4190 | err:0.0360 | cougar_01 horse_01
2026-06-30 10:01:02,735 INFO: avg err:0.3868 | err:0.0334 | cougar_01 horse_02
2026-06-30 10:01:03,115 INFO: avg err:0.3594 | err:0.0306 | cougar_01 horse_03
2026-06-30 10:01:03,326 INFO: avg err:0.3363 | err:0.0349 | cougar_01 horse_04
2026-06-30 10:01:03,610 INFO: avg err:0.3163 | err:0.0371 | cougar_01 horse_05
2026-06-30 10:01:03,855 INFO: avg err:0.2988 | err:0.0356 | cougar_01 horse_06
2026-06-30 10:01:04,238 INFO: avg err:0.2832 | err:0.0347 | cougar_01 horse_07
2026-06-30 10:01:04,457 INFO: avg err:0.2692 | err:0.0311 | cougar_01 horse_08
2026-06-30 10:01:04,791 INFO: avg err:0.2586 | err:0.0682 | cougar_01 horse_09
2026-06-30 10:01:05,008 INFO: avg err:0.2495 | err:0.0764 | cougar_01 horse_10
2026-06-30 10:01:05,356 INFO: avg err:0.2385 | err:0.0183 | cougar_02 cougar_01
2026-06-30 10:01:05,620 INFO: avg err:0.2277 | err:0.0000 | cougar_02 cougar_02
2026-06-30 10:01:06,026 INFO: avg err:0.2185 | err:0.0169 | cougar_02 cougar_03
2026-06-30 10:01:06,252 INFO: avg err:0.2106 | err:0.0293 | cougar_02 cougar_04
2026-06-30 10:01:06,581 INFO: avg err:0.2392 | err:0.9258 | cougar_02 hippo_01
2026-06-30 10:01:06,818 INFO: avg err:0.2620 | err:0.8323 | cougar_02 hippo_02
2026-06-30 10:01:07,164 INFO: avg err:0.2835 | err:0.8412 | cougar_02 hippo_03
2026-06-30 10:01:07,398 INFO: avg err:0.3063 | err:0.9217 | cougar_02 hippo_04
2026-06-30 10:01:07,733 INFO: avg err:0.3166 | err:0.6048 | cougar_02 hippo_05
2026-06-30 10:01:07,952 INFO: avg err:0.3295 | err:0.7037 | cougar_02 hippo_06
2026-06-30 10:01:08,308 INFO: avg err:0.3202 | err:0.0406 | cougar_02 horse_01
2026-06-30 10:01:08,512 INFO: avg err:0.3114 | err:0.0392 | cougar_02 horse_02
2026-06-30 10:01:08,922 INFO: avg err:0.3032 | err:0.0399 | cougar_02 horse_03
2026-06-30 10:01:09,201 INFO: avg err:0.2954 | err:0.0387 | cougar_02 horse_04
2026-06-30 10:01:09,517 INFO: avg err:0.2881 | err:0.0411 | cougar_02 horse_05
2026-06-30 10:01:09,733 INFO: avg err:0.2814 | err:0.0448 | cougar_02 horse_06
2026-06-30 10:01:10,010 INFO: avg err:0.2750 | err:0.0449 | cougar_02 horse_07
2026-06-30 10:01:10,240 INFO: avg err:0.2687 | err:0.0384 | cougar_02 horse_08
2026-06-30 10:01:10,615 INFO: avg err:0.2637 | err:0.0722 | cougar_02 horse_09
2026-06-30 10:01:10,827 INFO: avg err:0.2593 | err:0.0877 | cougar_02 horse_10
2026-06-30 10:01:11,257 INFO: avg err:0.2533 | err:0.0142 | cougar_03 cougar_01
2026-06-30 10:01:11,531 INFO: avg err:0.2477 | err:0.0167 | cougar_03 cougar_02
2026-06-30 10:01:11,816 INFO: avg err:0.2419 | err:0.0000 | cougar_03 cougar_03
2026-06-30 10:01:12,001 INFO: avg err:0.2371 | err:0.0281 | cougar_03 cougar_04
2026-06-30 10:01:12,322 INFO: avg err:0.2522 | err:0.9185 | cougar_03 hippo_01
2026-06-30 10:01:12,575 INFO: avg err:0.2645 | err:0.8175 | cougar_03 hippo_02
2026-06-30 10:01:12,944 INFO: avg err:0.2750 | err:0.7587 | cougar_03 hippo_03
2026-06-30 10:01:13,145 INFO: avg err:0.2880 | err:0.9000 | cougar_03 hippo_04
2026-06-30 10:01:13,487 INFO: avg err:0.2959 | err:0.6718 | cougar_03 hippo_05
2026-06-30 10:01:13,736 INFO: avg err:0.3060 | err:0.8008 | cougar_03 hippo_06
2026-06-30 10:01:14,066 INFO: avg err:0.3008 | err:0.0399 | cougar_03 horse_01
2026-06-30 10:01:14,358 INFO: avg err:0.2956 | err:0.0346 | cougar_03 horse_02
2026-06-30 10:01:14,668 INFO: avg err:0.2907 | err:0.0345 | cougar_03 horse_03
2026-06-30 10:01:14,869 INFO: avg err:0.2860 | err:0.0371 | cougar_03 horse_04
2026-06-30 10:01:15,237 INFO: avg err:0.2816 | err:0.0410 | cougar_03 horse_05
2026-06-30 10:01:15,470 INFO: avg err:0.2772 | err:0.0387 | cougar_03 horse_06
2026-06-30 10:01:15,762 INFO: avg err:0.2730 | err:0.0374 | cougar_03 horse_07
2026-06-30 10:01:16,038 INFO: avg err:0.2689 | err:0.0330 | cougar_03 horse_08
2026-06-30 10:01:16,480 INFO: avg err:0.2656 | err:0.0732 | cougar_03 horse_09
2026-06-30 10:01:16,720 INFO: avg err:0.2628 | err:0.1017 | cougar_03 horse_10
2026-06-30 10:01:17,024 INFO: avg err:0.2589 | err:0.0205 | cougar_04 cougar_01
2026-06-30 10:01:17,257 INFO: avg err:0.2552 | err:0.0295 | cougar_04 cougar_02
2026-06-30 10:01:17,568 INFO: avg err:0.2515 | err:0.0273 | cougar_04 cougar_03
2026-06-30 10:01:17,844 INFO: avg err:0.2476 | err:0.0000 | cougar_04 cougar_04
2026-06-30 10:01:18,201 INFO: avg err:0.2559 | err:0.7835 | cougar_04 hippo_01
2026-06-30 10:01:18,415 INFO: avg err:0.2632 | err:0.7433 | cougar_04 hippo_02
2026-06-30 10:01:18,755 INFO: avg err:0.2693 | err:0.6667 | cougar_04 hippo_03
2026-06-30 10:01:19,011 INFO: avg err:0.2769 | err:0.7877 | cougar_04 hippo_04
2026-06-30 10:01:19,349 INFO: avg err:0.2819 | err:0.6262 | cougar_04 hippo_05
2026-06-30 10:01:19,570 INFO: avg err:0.2880 | err:0.7033 | cougar_04 hippo_06
2026-06-30 10:01:19,917 INFO: avg err:0.2844 | err:0.0313 | cougar_04 horse_01
2026-06-30 10:01:20,078 INFO: avg err:0.2809 | err:0.0359 | cougar_04 horse_02
2026-06-30 10:01:20,508 INFO: avg err:0.2775 | err:0.0322 | cougar_04 horse_03
2026-06-30 10:01:20,722 INFO: avg err:0.2743 | err:0.0435 | cougar_04 horse_04
2026-06-30 10:01:21,089 INFO: avg err:0.2712 | err:0.0401 | cougar_04 horse_05
2026-06-30 10:01:21,320 INFO: avg err:0.2681 | err:0.0363 | cougar_04 horse_06
2026-06-30 10:01:21,686 INFO: avg err:0.2651 | err:0.0340 | cougar_04 horse_07
2026-06-30 10:01:21,915 INFO: avg err:0.2621 | err:0.0362 | cougar_04 horse_08
2026-06-30 10:01:22,167 INFO: avg err:0.2596 | err:0.0617 | cougar_04 horse_09
2026-06-30 10:01:22,422 INFO: avg err:0.2574 | err:0.0790 | cougar_04 horse_10
2026-06-30 10:01:22,643 INFO: avg err:0.2610 | err:0.5512 | hippo_01 cougar_01
2026-06-30 10:01:22,787 INFO: avg err:0.2646 | err:0.5556 | hippo_01 cougar_02
2026-06-30 10:01:23,199 INFO: avg err:0.2682 | err:0.5635 | hippo_01 cougar_03
2026-06-30 10:01:23,401 INFO: avg err:0.2720 | err:0.5930 | hippo_01 cougar_04
2026-06-30 10:01:23,798 INFO: avg err:0.2688 | err:0.0000 | hippo_01 hippo_01
2026-06-30 10:01:24,006 INFO: avg err:0.2673 | err:0.1339 | hippo_01 hippo_02
2026-06-30 10:01:24,355 INFO: avg err:0.2666 | err:0.2112 | hippo_01 hippo_03
2026-06-30 10:01:24,624 INFO: avg err:0.2637 | err:0.0133 | hippo_01 hippo_04
2026-06-30 10:01:24,878 INFO: avg err:0.2626 | err:0.1649 | hippo_01 hippo_05
2026-06-30 10:01:25,088 INFO: avg err:0.2602 | err:0.0423 | hippo_01 hippo_06
2026-06-30 10:01:25,530 INFO: avg err:0.2630 | err:0.5174 | hippo_01 horse_01
2026-06-30 10:01:25,771 INFO: avg err:0.2662 | err:0.5570 | hippo_01 horse_02
2026-06-30 10:01:26,090 INFO: avg err:0.2691 | err:0.5390 | hippo_01 horse_03
2026-06-30 10:01:26,327 INFO: avg err:0.2718 | err:0.5224 | hippo_01 horse_04
2026-06-30 10:01:26,651 INFO: avg err:0.2745 | err:0.5277 | hippo_01 horse_05
2026-06-30 10:01:26,851 INFO: avg err:0.2776 | err:0.5669 | hippo_01 horse_06
2026-06-30 10:01:27,247 INFO: avg err:0.2802 | err:0.5317 | hippo_01 horse_07
2026-06-30 10:01:27,497 INFO: avg err:0.2828 | err:0.5361 | hippo_01 horse_08
2026-06-30 10:01:27,883 INFO: avg err:0.2849 | err:0.4926 | hippo_01 horse_09
2026-06-30 10:01:28,116 INFO: avg err:0.2870 | err:0.4971 | hippo_01 horse_10
2026-06-30 10:01:28,475 INFO: avg err:0.2885 | err:0.4317 | hippo_02 cougar_01
2026-06-30 10:01:28,707 INFO: avg err:0.2897 | err:0.4165 | hippo_02 cougar_02
2026-06-30 10:01:28,986 INFO: avg err:0.2911 | err:0.4283 | hippo_02 cougar_03
2026-06-30 10:01:29,276 INFO: avg err:0.2927 | err:0.4596 | hippo_02 cougar_04
2026-06-30 10:01:29,603 INFO: avg err:0.2913 | err:0.1420 | hippo_02 hippo_01
2026-06-30 10:01:29,847 INFO: avg err:0.2885 | err:0.0000 | hippo_02 hippo_02
2026-06-30 10:01:30,116 INFO: avg err:0.2870 | err:0.1219 | hippo_02 hippo_03
2026-06-30 10:01:30,383 INFO: avg err:0.2856 | err:0.1350 | hippo_02 hippo_04
2026-06-30 10:01:30,657 INFO: avg err:0.2832 | err:0.0239 | hippo_02 hippo_05
2026-06-30 10:01:30,867 INFO: avg err:0.2809 | err:0.0321 | hippo_02 hippo_06
2026-06-30 10:01:31,228 INFO: avg err:0.2822 | err:0.4273 | hippo_02 horse_01
2026-06-30 10:01:31,496 INFO: avg err:0.2837 | err:0.4547 | hippo_02 horse_02
2026-06-30 10:01:31,915 INFO: avg err:0.2852 | err:0.4463 | hippo_02 horse_03
2026-06-30 10:01:32,116 INFO: avg err:0.2866 | err:0.4464 | hippo_02 horse_04
2026-06-30 10:01:32,420 INFO: avg err:0.2881 | err:0.4655 | hippo_02 horse_05
2026-06-30 10:01:32,675 INFO: avg err:0.2896 | err:0.4609 | hippo_02 horse_06
2026-06-30 10:01:32,967 INFO: avg err:0.2910 | err:0.4518 | hippo_02 horse_07
2026-06-30 10:01:33,214 INFO: avg err:0.2925 | err:0.4621 | hippo_02 horse_08
2026-06-30 10:01:33,539 INFO: avg err:0.2937 | err:0.4349 | hippo_02 horse_09
2026-06-30 10:01:33,813 INFO: avg err:0.2948 | err:0.4329 | hippo_02 horse_10
2026-06-30 10:01:34,115 INFO: avg err:0.2956 | err:0.3926 | hippo_03 cougar_01
2026-06-30 10:01:34,379 INFO: avg err:0.2964 | err:0.3922 | hippo_03 cougar_02
2026-06-30 10:01:34,712 INFO: avg err:0.2969 | err:0.3598 | hippo_03 cougar_03
2026-06-30 10:01:34,967 INFO: avg err:0.2980 | err:0.4285 | hippo_03 cougar_04
2026-06-30 10:01:35,397 INFO: avg err:0.2970 | err:0.1757 | hippo_03 hippo_01
2026-06-30 10:01:35,642 INFO: avg err:0.2954 | err:0.0977 | hippo_03 hippo_02
2026-06-30 10:01:36,011 INFO: avg err:0.2931 | err:0.0000 | hippo_03 hippo_03
2026-06-30 10:01:36,245 INFO: avg err:0.2917 | err:0.1114 | hippo_03 hippo_04
2026-06-30 10:01:36,608 INFO: avg err:0.2900 | err:0.0760 | hippo_03 hippo_05
2026-06-30 10:01:36,845 INFO: avg err:0.2887 | err:0.1186 | hippo_03 hippo_06
2026-06-30 10:01:37,164 INFO: avg err:0.2894 | err:0.3811 | hippo_03 horse_01
2026-06-30 10:01:37,395 INFO: avg err:0.2899 | err:0.3567 | hippo_03 horse_02
2026-06-30 10:01:37,735 INFO: avg err:0.2904 | err:0.3571 | hippo_03 horse_03
2026-06-30 10:01:38,001 INFO: avg err:0.2910 | err:0.3646 | hippo_03 horse_04
2026-06-30 10:01:38,357 INFO: avg err:0.2914 | err:0.3469 | hippo_03 horse_05
2026-06-30 10:01:38,542 INFO: avg err:0.2921 | err:0.3843 | hippo_03 horse_06
2026-06-30 10:01:38,833 INFO: avg err:0.2924 | err:0.3391 | hippo_03 horse_07
2026-06-30 10:01:39,082 INFO: avg err:0.2929 | err:0.3553 | hippo_03 horse_08
2026-06-30 10:01:39,427 INFO: avg err:0.2933 | err:0.3569 | hippo_03 horse_09
2026-06-30 10:01:39,629 INFO: avg err:0.2941 | err:0.4035 | hippo_03 horse_10
2026-06-30 10:01:40,001 INFO: avg err:0.2960 | err:0.5540 | hippo_04 cougar_01
2026-06-30 10:01:40,202 INFO: avg err:0.2978 | err:0.5566 | hippo_04 cougar_02
2026-06-30 10:01:40,581 INFO: avg err:0.2996 | err:0.5606 | hippo_04 cougar_03
2026-06-30 10:01:40,866 INFO: avg err:0.3017 | err:0.5968 | hippo_04 cougar_04
2026-06-30 10:01:41,186 INFO: avg err:0.2997 | err:0.0131 | hippo_04 hippo_01
2026-06-30 10:01:41,405 INFO: avg err:0.2986 | err:0.1320 | hippo_04 hippo_02
2026-06-30 10:01:41,706 INFO: avg err:0.2977 | err:0.1705 | hippo_04 hippo_03
2026-06-30 10:01:41,974 INFO: avg err:0.2957 | err:0.0000 | hippo_04 hippo_04
2026-06-30 10:01:42,376 INFO: avg err:0.2945 | err:0.1217 | hippo_04 hippo_05
2026-06-30 10:01:42,610 INFO: avg err:0.2930 | err:0.0664 | hippo_04 hippo_06
2026-06-30 10:01:42,841 INFO: avg err:0.2946 | err:0.5421 | hippo_04 horse_01
2026-06-30 10:01:43,076 INFO: avg err:0.2962 | err:0.5364 | hippo_04 horse_02
2026-06-30 10:01:43,472 INFO: avg err:0.2978 | err:0.5406 | hippo_04 horse_03
2026-06-30 10:01:43,758 INFO: avg err:0.2994 | err:0.5374 | hippo_04 horse_04
2026-06-30 10:01:44,118 INFO: avg err:0.3011 | err:0.5634 | hippo_04 horse_05
2026-06-30 10:01:44,358 INFO: avg err:0.3027 | err:0.5544 | hippo_04 horse_06
2026-06-30 10:01:44,720 INFO: avg err:0.3042 | err:0.5440 | hippo_04 horse_07
2026-06-30 10:01:44,935 INFO: avg err:0.3057 | err:0.5366 | hippo_04 horse_08
2026-06-30 10:01:45,326 INFO: avg err:0.3070 | err:0.5073 | hippo_04 horse_09
2026-06-30 10:01:45,556 INFO: avg err:0.3082 | err:0.5047 | hippo_04 horse_10
2026-06-30 10:01:46,040 INFO: avg err:0.3089 | err:0.4159 | hippo_05 cougar_01
2026-06-30 10:01:46,277 INFO: avg err:0.3093 | err:0.3824 | hippo_05 cougar_02
2026-06-30 10:01:46,596 INFO: avg err:0.3101 | err:0.4263 | hippo_05 cougar_03
2026-06-30 10:01:46,844 INFO: avg err:0.3108 | err:0.4267 | hippo_05 cougar_04
2026-06-30 10:01:47,267 INFO: avg err:0.3097 | err:0.1398 | hippo_05 hippo_01
2026-06-30 10:01:47,510 INFO: avg err:0.3086 | err:0.1133 | hippo_05 hippo_02
2026-06-30 10:01:47,897 INFO: avg err:0.3076 | err:0.1523 | hippo_05 hippo_03
2026-06-30 10:01:48,145 INFO: avg err:0.3064 | err:0.1095 | hippo_05 hippo_04
2026-06-30 10:01:48,444 INFO: avg err:0.3046 | err:0.0000 | hippo_05 hippo_05
2026-06-30 10:01:48,660 INFO: avg err:0.3032 | err:0.0664 | hippo_05 hippo_06
2026-06-30 10:01:49,027 INFO: avg err:0.3041 | err:0.4495 | hippo_05 horse_01
2026-06-30 10:01:49,308 INFO: avg err:0.3048 | err:0.4209 | hippo_05 horse_02
2026-06-30 10:01:49,599 INFO: avg err:0.3055 | err:0.4382 | hippo_05 horse_03
2026-06-30 10:01:49,823 INFO: avg err:0.3063 | err:0.4372 | hippo_05 horse_04
2026-06-30 10:01:50,150 INFO: avg err:0.3070 | err:0.4381 | hippo_05 horse_05
2026-06-30 10:01:50,408 INFO: avg err:0.3077 | err:0.4315 | hippo_05 horse_06
2026-06-30 10:01:50,732 INFO: avg err:0.3084 | err:0.4307 | hippo_05 horse_07
2026-06-30 10:01:50,992 INFO: avg err:0.3091 | err:0.4228 | hippo_05 horse_08
2026-06-30 10:01:51,266 INFO: avg err:0.3095 | err:0.3807 | hippo_05 horse_09
2026-06-30 10:01:51,465 INFO: avg err:0.3101 | err:0.4157 | hippo_05 horse_10
2026-06-30 10:01:51,884 INFO: avg err:0.3109 | err:0.4667 | hippo_06 cougar_01
2026-06-30 10:01:52,072 INFO: avg err:0.3115 | err:0.4132 | hippo_06 cougar_02
2026-06-30 10:01:52,450 INFO: avg err:0.3123 | err:0.4513 | hippo_06 cougar_03
2026-06-30 10:01:52,689 INFO: avg err:0.3131 | err:0.4645 | hippo_06 cougar_04
2026-06-30 10:01:53,110 INFO: avg err:0.3116 | err:0.0292 | hippo_06 hippo_01
2026-06-30 10:01:53,359 INFO: avg err:0.3100 | err:0.0272 | hippo_06 hippo_02
2026-06-30 10:01:53,699 INFO: avg err:0.3092 | err:0.1610 | hippo_06 hippo_03
2026-06-30 10:01:53,919 INFO: avg err:0.3080 | err:0.0801 | hippo_06 hippo_04
2026-06-30 10:01:54,241 INFO: avg err:0.3065 | err:0.0298 | hippo_06 hippo_05
2026-06-30 10:01:54,465 INFO: avg err:0.3049 | err:0.0000 | hippo_06 hippo_06
2026-06-30 10:01:54,810 INFO: avg err:0.3056 | err:0.4300 | hippo_06 horse_01
2026-06-30 10:01:55,036 INFO: avg err:0.3061 | err:0.4130 | hippo_06 horse_02
2026-06-30 10:01:55,403 INFO: avg err:0.3067 | err:0.4063 | hippo_06 horse_03
2026-06-30 10:01:55,641 INFO: avg err:0.3073 | err:0.4306 | hippo_06 horse_04
2026-06-30 10:01:55,959 INFO: avg err:0.3082 | err:0.4806 | hippo_06 horse_05
2026-06-30 10:01:56,177 INFO: avg err:0.3087 | err:0.4028 | hippo_06 horse_06
2026-06-30 10:01:56,503 INFO: avg err:0.3092 | err:0.4151 | hippo_06 horse_07
2026-06-30 10:01:56,731 INFO: avg err:0.3097 | err:0.4037 | hippo_06 horse_08
2026-06-30 10:01:56,990 INFO: avg err:0.3101 | err:0.3819 | hippo_06 horse_09
2026-06-30 10:01:57,215 INFO: avg err:0.3104 | err:0.3824 | hippo_06 horse_10
2026-06-30 10:01:57,568 INFO: avg err:0.3090 | err:0.0346 | horse_01 cougar_01
2026-06-30 10:01:57,798 INFO: avg err:0.3077 | err:0.0401 | horse_01 cougar_02
2026-06-30 10:01:58,115 INFO: avg err:0.3064 | err:0.0395 | horse_01 cougar_03
2026-06-30 10:01:58,361 INFO: avg err:0.3051 | err:0.0360 | horse_01 cougar_04
2026-06-30 10:01:58,626 INFO: avg err:0.3073 | err:0.7582 | horse_01 hippo_01
2026-06-30 10:01:58,853 INFO: avg err:0.3094 | err:0.7450 | horse_01 hippo_02
2026-06-30 10:01:59,243 INFO: avg err:0.3114 | err:0.7169 | horse_01 hippo_03
2026-06-30 10:01:59,559 INFO: avg err:0.3132 | err:0.6955 | horse_01 hippo_04
2026-06-30 10:01:59,838 INFO: avg err:0.3146 | err:0.6071 | horse_01 hippo_05
2026-06-30 10:02:00,149 INFO: avg err:0.3162 | err:0.6382 | horse_01 hippo_06
2026-06-30 10:02:00,352 INFO: avg err:0.3147 | err:0.0000 | horse_01 horse_01
2026-06-30 10:02:00,693 INFO: avg err:0.3133 | err:0.0157 | horse_01 horse_02
2026-06-30 10:02:00,928 INFO: avg err:0.3118 | err:0.0130 | horse_01 horse_03
2026-06-30 10:02:01,316 INFO: avg err:0.3105 | err:0.0201 | horse_01 horse_04
2026-06-30 10:02:01,585 INFO: avg err:0.3091 | err:0.0246 | horse_01 horse_05
2026-06-30 10:02:01,842 INFO: avg err:0.3078 | err:0.0232 | horse_01 horse_06
2026-06-30 10:02:02,065 INFO: avg err:0.3065 | err:0.0240 | horse_01 horse_07
2026-06-30 10:02:02,521 INFO: avg err:0.3052 | err:0.0168 | horse_01 horse_08
2026-06-30 10:02:02,745 INFO: avg err:0.3039 | err:0.0254 | horse_01 horse_09
2026-06-30 10:02:03,094 INFO: avg err:0.3027 | err:0.0411 | horse_01 horse_10
2026-06-30 10:02:03,311 INFO: avg err:0.3015 | err:0.0307 | horse_02 cougar_01
2026-06-30 10:02:03,683 INFO: avg err:0.3003 | err:0.0368 | horse_02 cougar_02
2026-06-30 10:02:03,929 INFO: avg err:0.2991 | err:0.0352 | horse_02 cougar_03
2026-06-30 10:02:04,226 INFO: avg err:0.2979 | err:0.0345 | horse_02 cougar_04
2026-06-30 10:02:04,470 INFO: avg err:0.3003 | err:0.8341 | horse_02 hippo_01
2026-06-30 10:02:04,768 INFO: avg err:0.3022 | err:0.7226 | horse_02 hippo_02
2026-06-30 10:02:04,979 INFO: avg err:0.3041 | err:0.7445 | horse_02 hippo_03
2026-06-30 10:02:05,402 INFO: avg err:0.3061 | err:0.7532 | horse_02 hippo_04
2026-06-30 10:02:05,596 INFO: avg err:0.3075 | err:0.6236 | horse_02 hippo_05
2026-06-30 10:02:05,992 INFO: avg err:0.3089 | err:0.6344 | horse_02 hippo_06
2026-06-30 10:02:06,220 INFO: avg err:0.3076 | err:0.0159 | horse_02 horse_01
2026-06-30 10:02:06,573 INFO: avg err:0.3063 | err:0.0000 | horse_02 horse_02
2026-06-30 10:02:06,788 INFO: avg err:0.3051 | err:0.0142 | horse_02 horse_03
2026-06-30 10:02:07,186 INFO: avg err:0.3038 | err:0.0190 | horse_02 horse_04
2026-06-30 10:02:07,426 INFO: avg err:0.3027 | err:0.0268 | horse_02 horse_05
2026-06-30 10:02:07,725 INFO: avg err:0.3015 | err:0.0231 | horse_02 horse_06
2026-06-30 10:02:07,942 INFO: avg err:0.3003 | err:0.0235 | horse_02 horse_07
2026-06-30 10:02:08,270 INFO: avg err:0.2991 | err:0.0126 | horse_02 horse_08
2026-06-30 10:02:08,489 INFO: avg err:0.2979 | err:0.0242 | horse_02 horse_09
2026-06-30 10:02:08,916 INFO: avg err:0.2969 | err:0.0426 | horse_02 horse_10
2026-06-30 10:02:09,151 INFO: avg err:0.2958 | err:0.0301 | horse_03 cougar_01
2026-06-30 10:02:09,450 INFO: avg err:0.2947 | err:0.0394 | horse_03 cougar_02
2026-06-30 10:02:09,676 INFO: avg err:0.2936 | err:0.0344 | horse_03 cougar_03
2026-06-30 10:02:10,159 INFO: avg err:0.2926 | err:0.0344 | horse_03 cougar_04
2026-06-30 10:02:10,366 INFO: avg err:0.2942 | err:0.6940 | horse_03 hippo_01
2026-06-30 10:02:10,626 INFO: avg err:0.2959 | err:0.7042 | horse_03 hippo_02
2026-06-30 10:02:10,877 INFO: avg err:0.2975 | err:0.6981 | horse_03 hippo_03
2026-06-30 10:02:11,245 INFO: avg err:0.2990 | err:0.6696 | horse_03 hippo_04
2026-06-30 10:02:11,502 INFO: avg err:0.3004 | err:0.6464 | horse_03 hippo_05
2026-06-30 10:02:11,761 INFO: avg err:0.3016 | err:0.6037 | horse_03 hippo_06
2026-06-30 10:02:12,036 INFO: avg err:0.3005 | err:0.0123 | horse_03 horse_01
2026-06-30 10:02:12,346 INFO: avg err:0.2993 | err:0.0147 | horse_03 horse_02
2026-06-30 10:02:12,542 INFO: avg err:0.2981 | err:0.0000 | horse_03 horse_03
2026-06-30 10:02:12,921 INFO: avg err:0.2971 | err:0.0234 | horse_03 horse_04
2026-06-30 10:02:13,130 INFO: avg err:0.2960 | err:0.0249 | horse_03 horse_05
2026-06-30 10:02:13,541 INFO: avg err:0.2949 | err:0.0238 | horse_03 horse_06
2026-06-30 10:02:13,829 INFO: avg err:0.2939 | err:0.0235 | horse_03 horse_07
2026-06-30 10:02:14,095 INFO: avg err:0.2928 | err:0.0141 | horse_03 horse_08
2026-06-30 10:02:14,309 INFO: avg err:0.2918 | err:0.0271 | horse_03 horse_09
2026-06-30 10:02:14,629 INFO: avg err:0.2908 | err:0.0471 | horse_03 horse_10
2026-06-30 10:02:14,875 INFO: avg err:0.2898 | err:0.0322 | horse_04 cougar_01
2026-06-30 10:02:15,202 INFO: avg err:0.2889 | err:0.0370 | horse_04 cougar_02
2026-06-30 10:02:15,415 INFO: avg err:0.2879 | err:0.0334 | horse_04 cougar_03
2026-06-30 10:02:15,750 INFO: avg err:0.2870 | err:0.0400 | horse_04 cougar_04
2026-06-30 10:02:15,994 INFO: avg err:0.2889 | err:0.7965 | horse_04 hippo_01
2026-06-30 10:02:16,402 INFO: avg err:0.2907 | err:0.7690 | horse_04 hippo_02
2026-06-30 10:02:16,688 INFO: avg err:0.2926 | err:0.8129 | horse_04 hippo_03
2026-06-30 10:02:17,049 INFO: avg err:0.2944 | err:0.7742 | horse_04 hippo_04
2026-06-30 10:02:17,286 INFO: avg err:0.2956 | err:0.6180 | horse_04 hippo_05
2026-06-30 10:02:17,628 INFO: avg err:0.2971 | err:0.7010 | horse_04 hippo_06
2026-06-30 10:02:17,838 INFO: avg err:0.2961 | err:0.0233 | horse_04 horse_01
2026-06-30 10:02:18,296 INFO: avg err:0.2951 | err:0.0188 | horse_04 horse_02
2026-06-30 10:02:18,497 INFO: avg err:0.2941 | err:0.0242 | horse_04 horse_03
2026-06-30 10:02:18,866 INFO: avg err:0.2930 | err:0.0000 | horse_04 horse_04
2026-06-30 10:02:19,086 INFO: avg err:0.2921 | err:0.0251 | horse_04 horse_05
2026-06-30 10:02:19,442 INFO: avg err:0.2911 | err:0.0266 | horse_04 horse_06
2026-06-30 10:02:19,651 INFO: avg err:0.2902 | err:0.0264 | horse_04 horse_07
2026-06-30 10:02:20,089 INFO: avg err:0.2892 | err:0.0195 | horse_04 horse_08
2026-06-30 10:02:20,352 INFO: avg err:0.2883 | err:0.0320 | horse_04 horse_09
2026-06-30 10:02:20,760 INFO: avg err:0.2874 | err:0.0506 | horse_04 horse_10
2026-06-30 10:02:21,022 INFO: avg err:0.2865 | err:0.0308 | horse_05 cougar_01
2026-06-30 10:02:21,373 INFO: avg err:0.2856 | err:0.0401 | horse_05 cougar_02
2026-06-30 10:02:21,603 INFO: avg err:0.2847 | err:0.0335 | horse_05 cougar_03
2026-06-30 10:02:21,889 INFO: avg err:0.2839 | err:0.0346 | horse_05 cougar_04
2026-06-30 10:02:22,125 INFO: avg err:0.2855 | err:0.7637 | horse_05 hippo_01
2026-06-30 10:02:22,498 INFO: avg err:0.2873 | err:0.7975 | horse_05 hippo_02
2026-06-30 10:02:22,760 INFO: avg err:0.2890 | err:0.7574 | horse_05 hippo_03
2026-06-30 10:02:23,125 INFO: avg err:0.2906 | err:0.7610 | horse_05 hippo_04
2026-06-30 10:02:23,342 INFO: avg err:0.2916 | err:0.5710 | horse_05 hippo_05
2026-06-30 10:02:23,760 INFO: avg err:0.2930 | err:0.6971 | horse_05 hippo_06
2026-06-30 10:02:23,993 INFO: avg err:0.2920 | err:0.0246 | horse_05 horse_01
2026-06-30 10:02:24,410 INFO: avg err:0.2911 | err:0.0228 | horse_05 horse_02
2026-06-30 10:02:24,592 INFO: avg err:0.2902 | err:0.0227 | horse_05 horse_03
2026-06-30 10:02:24,962 INFO: avg err:0.2893 | err:0.0217 | horse_05 horse_04
2026-06-30 10:02:25,173 INFO: avg err:0.2883 | err:0.0000 | horse_05 horse_05
2026-06-30 10:02:25,507 INFO: avg err:0.2874 | err:0.0286 | horse_05 horse_06
2026-06-30 10:02:25,707 INFO: avg err:0.2866 | err:0.0256 | horse_05 horse_07
2026-06-30 10:02:26,125 INFO: avg err:0.2857 | err:0.0229 | horse_05 horse_08
2026-06-30 10:02:26,377 INFO: avg err:0.2849 | err:0.0499 | horse_05 horse_09
2026-06-30 10:02:26,723 INFO: avg err:0.2841 | err:0.0566 | horse_05 horse_10
2026-06-30 10:02:26,945 INFO: avg err:0.2833 | err:0.0329 | horse_06 cougar_01
2026-06-30 10:02:27,261 INFO: avg err:0.2825 | err:0.0394 | horse_06 cougar_02
2026-06-30 10:02:27,488 INFO: avg err:0.2817 | err:0.0399 | horse_06 cougar_03
2026-06-30 10:02:27,825 INFO: avg err:0.2809 | err:0.0350 | horse_06 cougar_04
2026-06-30 10:02:28,024 INFO: avg err:0.2827 | err:0.8460 | horse_06 hippo_01
2026-06-30 10:02:28,421 INFO: avg err:0.2844 | err:0.8002 | horse_06 hippo_02
2026-06-30 10:02:28,683 INFO: avg err:0.2858 | err:0.7227 | horse_06 hippo_03
2026-06-30 10:02:29,059 INFO: avg err:0.2876 | err:0.8393 | horse_06 hippo_04
2026-06-30 10:02:29,266 INFO: avg err:0.2888 | err:0.6334 | horse_06 hippo_05
2026-06-30 10:02:29,612 INFO: avg err:0.2901 | err:0.6900 | horse_06 hippo_06
2026-06-30 10:02:29,865 INFO: avg err:0.2892 | err:0.0178 | horse_06 horse_01
2026-06-30 10:02:30,194 INFO: avg err:0.2883 | err:0.0208 | horse_06 horse_02
2026-06-30 10:02:30,424 INFO: avg err:0.2875 | err:0.0196 | horse_06 horse_03
2026-06-30 10:02:30,714 INFO: avg err:0.2866 | err:0.0273 | horse_06 horse_04
2026-06-30 10:02:30,934 INFO: avg err:0.2858 | err:0.0300 | horse_06 horse_05
2026-06-30 10:02:31,288 INFO: avg err:0.2849 | err:0.0000 | horse_06 horse_06
2026-06-30 10:02:31,514 INFO: avg err:0.2841 | err:0.0131 | horse_06 horse_07
2026-06-30 10:02:31,865 INFO: avg err:0.2832 | err:0.0231 | horse_06 horse_08
2026-06-30 10:02:32,088 INFO: avg err:0.2825 | err:0.0445 | horse_06 horse_09
2026-06-30 10:02:32,379 INFO: avg err:0.2818 | err:0.0569 | horse_06 horse_10
2026-06-30 10:02:32,614 INFO: avg err:0.2810 | err:0.0304 | horse_07 cougar_01
2026-06-30 10:02:32,900 INFO: avg err:0.2802 | err:0.0348 | horse_07 cougar_02
2026-06-30 10:02:33,078 INFO: avg err:0.2795 | err:0.0362 | horse_07 cougar_03
2026-06-30 10:02:33,602 INFO: avg err:0.2787 | err:0.0293 | horse_07 cougar_04
2026-06-30 10:02:33,832 INFO: avg err:0.2804 | err:0.8296 | horse_07 hippo_01
2026-06-30 10:02:34,165 INFO: avg err:0.2820 | err:0.8078 | horse_07 hippo_02
2026-06-30 10:02:34,395 INFO: avg err:0.2836 | err:0.8029 | horse_07 hippo_03
2026-06-30 10:02:34,681 INFO: avg err:0.2852 | err:0.8160 | horse_07 hippo_04
2026-06-30 10:02:34,941 INFO: avg err:0.2863 | err:0.6453 | horse_07 hippo_05
2026-06-30 10:02:35,283 INFO: avg err:0.2876 | err:0.7038 | horse_07 hippo_06
2026-06-30 10:02:35,507 INFO: avg err:0.2868 | err:0.0180 | horse_07 horse_01
2026-06-30 10:02:35,806 INFO: avg err:0.2860 | err:0.0202 | horse_07 horse_02
2026-06-30 10:02:36,070 INFO: avg err:0.2852 | err:0.0205 | horse_07 horse_03
2026-06-30 10:02:36,389 INFO: avg err:0.2844 | err:0.0240 | horse_07 horse_04
2026-06-30 10:02:36,629 INFO: avg err:0.2836 | err:0.0270 | horse_07 horse_05
2026-06-30 10:02:36,934 INFO: avg err:0.2828 | err:0.0158 | horse_07 horse_06
2026-06-30 10:02:37,195 INFO: avg err:0.2820 | err:0.0000 | horse_07 horse_07
2026-06-30 10:02:37,492 INFO: avg err:0.2812 | err:0.0224 | horse_07 horse_08
2026-06-30 10:02:37,715 INFO: avg err:0.2805 | err:0.0442 | horse_07 horse_09
2026-06-30 10:02:38,033 INFO: avg err:0.2799 | err:0.0610 | horse_07 horse_10
2026-06-30 10:02:38,277 INFO: avg err:0.2792 | err:0.0329 | horse_08 cougar_01
2026-06-30 10:02:38,670 INFO: avg err:0.2784 | err:0.0352 | horse_08 cougar_02
2026-06-30 10:02:38,889 INFO: avg err:0.2777 | err:0.0346 | horse_08 cougar_03
2026-06-30 10:02:39,274 INFO: avg err:0.2770 | err:0.0369 | horse_08 cougar_04
2026-06-30 10:02:39,467 INFO: avg err:0.2785 | err:0.7827 | horse_08 hippo_01
2026-06-30 10:02:39,800 INFO: avg err:0.2799 | err:0.7639 | horse_08 hippo_02
2026-06-30 10:02:40,014 INFO: avg err:0.2813 | err:0.7539 | horse_08 hippo_03
2026-06-30 10:02:40,422 INFO: avg err:0.2827 | err:0.7830 | horse_08 hippo_04
2026-06-30 10:02:40,651 INFO: avg err:0.2837 | err:0.6145 | horse_08 hippo_05
2026-06-30 10:02:40,990 INFO: avg err:0.2847 | err:0.6490 | horse_08 hippo_06
2026-06-30 10:02:41,217 INFO: avg err:0.2839 | err:0.0155 | horse_08 horse_01
2026-06-30 10:02:41,504 INFO: avg err:0.2832 | err:0.0127 | horse_08 horse_02
2026-06-30 10:02:41,714 INFO: avg err:0.2824 | err:0.0142 | horse_08 horse_03
2026-06-30 10:02:42,053 INFO: avg err:0.2817 | err:0.0218 | horse_08 horse_04
2026-06-30 10:02:42,270 INFO: avg err:0.2809 | err:0.0234 | horse_08 horse_05
2026-06-30 10:02:42,599 INFO: avg err:0.2802 | err:0.0246 | horse_08 horse_06
2026-06-30 10:02:42,821 INFO: avg err:0.2795 | err:0.0216 | horse_08 horse_07
2026-06-30 10:02:43,203 INFO: avg err:0.2787 | err:0.0000 | horse_08 horse_08
2026-06-30 10:02:43,477 INFO: avg err:0.2780 | err:0.0293 | horse_08 horse_09
2026-06-30 10:02:43,792 INFO: avg err:0.2774 | err:0.0605 | horse_08 horse_10
2026-06-30 10:02:43,992 INFO: avg err:0.2768 | err:0.0447 | horse_09 cougar_01
2026-06-30 10:02:44,323 INFO: avg err:0.2762 | err:0.0569 | horse_09 cougar_02
2026-06-30 10:02:44,538 INFO: avg err:0.2756 | err:0.0554 | horse_09 cougar_03
2026-06-30 10:02:44,976 INFO: avg err:0.2749 | err:0.0507 | horse_09 cougar_04
2026-06-30 10:02:45,215 INFO: avg err:0.2760 | err:0.6715 | horse_09 hippo_01
2026-06-30 10:02:45,510 INFO: avg err:0.2770 | err:0.6457 | horse_09 hippo_02
2026-06-30 10:02:45,742 INFO: avg err:0.2779 | err:0.6128 | horse_09 hippo_03
2026-06-30 10:02:46,191 INFO: avg err:0.2791 | err:0.6971 | horse_09 hippo_04
2026-06-30 10:02:46,434 INFO: avg err:0.2797 | err:0.4981 | horse_09 hippo_05
2026-06-30 10:02:46,774 INFO: avg err:0.2804 | err:0.5561 | horse_09 hippo_06
2026-06-30 10:02:47,005 INFO: avg err:0.2797 | err:0.0206 | horse_09 horse_01
2026-06-30 10:02:47,438 INFO: avg err:0.2790 | err:0.0179 | horse_09 horse_02
2026-06-30 10:02:47,679 INFO: avg err:0.2783 | err:0.0205 | horse_09 horse_03
2026-06-30 10:02:47,998 INFO: avg err:0.2777 | err:0.0305 | horse_09 horse_04
2026-06-30 10:02:48,256 INFO: avg err:0.2770 | err:0.0384 | horse_09 horse_05
2026-06-30 10:02:48,513 INFO: avg err:0.2764 | err:0.0343 | horse_09 horse_06
2026-06-30 10:02:48,707 INFO: avg err:0.2757 | err:0.0351 | horse_09 horse_07
2026-06-30 10:02:49,081 INFO: avg err:0.2751 | err:0.0227 | horse_09 horse_08
2026-06-30 10:02:49,303 INFO: avg err:0.2743 | err:0.0000 | horse_09 horse_09
2026-06-30 10:02:49,639 INFO: avg err:0.2737 | err:0.0244 | horse_09 horse_10
2026-06-30 10:02:49,863 INFO: avg err:0.2731 | err:0.0637 | horse_10 cougar_01
2026-06-30 10:02:50,183 INFO: avg err:0.2726 | err:0.0808 | horse_10 cougar_02
2026-06-30 10:02:50,381 INFO: avg err:0.2722 | err:0.1015 | horse_10 cougar_03
2026-06-30 10:02:50,756 INFO: avg err:0.2717 | err:0.0719 | horse_10 cougar_04
2026-06-30 10:02:50,970 INFO: avg err:0.2727 | err:0.6554 | horse_10 hippo_01
2026-06-30 10:02:51,351 INFO: avg err:0.2738 | err:0.6960 | horse_10 hippo_02
2026-06-30 10:02:51,566 INFO: avg err:0.2747 | err:0.6476 | horse_10 hippo_03
2026-06-30 10:02:51,919 INFO: avg err:0.2758 | err:0.6813 | horse_10 hippo_04
2026-06-30 10:02:52,151 INFO: avg err:0.2765 | err:0.5777 | horse_10 hippo_05
2026-06-30 10:02:52,453 INFO: avg err:0.2774 | err:0.6125 | horse_10 hippo_06
2026-06-30 10:02:52,749 INFO: avg err:0.2768 | err:0.0339 | horse_10 horse_01
2026-06-30 10:02:53,024 INFO: avg err:0.2762 | err:0.0325 | horse_10 horse_02
2026-06-30 10:02:53,263 INFO: avg err:0.2755 | err:0.0289 | horse_10 horse_03
2026-06-30 10:02:53,581 INFO: avg err:0.2749 | err:0.0408 | horse_10 horse_04
2026-06-30 10:02:53,849 INFO: avg err:0.2743 | err:0.0407 | horse_10 horse_05
2026-06-30 10:02:54,184 INFO: avg err:0.2738 | err:0.0415 | horse_10 horse_06
2026-06-30 10:02:54,423 INFO: avg err:0.2732 | err:0.0505 | horse_10 horse_07
2026-06-30 10:02:54,680 INFO: avg err:0.2726 | err:0.0479 | horse_10 horse_08
2026-06-30 10:02:54,923 INFO: avg err:0.2720 | err:0.0211 | horse_10 horse_09
2026-06-30 10:02:55,352 INFO: avg err:0.2713 | err:0.0000 | horse_10 horse_10
2026-06-30 10:02:55,388 INFO: Avg time: 0.0697
2026-06-30 10:02:55,907 INFO: Val auc: 0.5387
2026-06-30 10:02:55,911 INFO: Val avg error: 0.2713
2026-06-30 10:02:55,917 INFO: Best model is updated, average geodesic error: 0.2713
2026-06-30 10:02:55,974 INFO: [ONB diag] max|Q-I|: mean=3.4168e-07 max=4.7684e-07 | max|Φ̃ᵀMΦ̃-I|: mean=3.4168e-07 max=4.7684e-07
2026-06-30 10:02:59,997 INFO: [smal_..][epoch:  3, iter:   2,020, lr:(9.780e-04,)][eta: 1:03:43, time (data): 0.198 (0.015)]l_bij: 1.2125e+02 l_orth: 1.2402e+02 l_align: 1.0781e+02 l_total: 3.5308e+02 
2026-06-30 10:03:03,957 INFO: [smal_..][epoch:  3, iter:   2,040, lr:(9.780e-04,)][eta: 1:03:29, time (data): 0.198 (0.016)]l_bij: 1.3156e+02 l_orth: 1.3378e+02 l_align: 1.0793e+02 l_total: 3.7327e+02 
2026-06-30 10:03:08,021 INFO: [smal_..][epoch:  3, iter:   2,060, lr:(9.780e-04,)][eta: 1:03:16, time (data): 0.200 (0.016)]l_bij: 8.0264e+01 l_orth: 9.2295e+01 l_align: 9.7334e+01 l_total: 2.6989e+02 
2026-06-30 10:03:12,126 INFO: [smal_..][epoch:  3, iter:   2,080, lr:(9.780e-04,)][eta: 1:03:04, time (data): 0.202 (0.016)]l_bij: 1.3418e+02 l_orth: 1.3198e+02 l_align: 1.0992e+02 l_total: 3.7608e+02 
2026-06-30 10:03:16,158 INFO: [smal_..][epoch:  3, iter:   2,100, lr:(9.780e-04,)][eta: 1:02:51, time (data): 0.202 (0.016)]l_bij: 1.9564e+01 l_orth: 6.0442e+01 l_align: 1.3486e+02 l_total: 2.1486e+02 
2026-06-30 10:03:20,114 INFO: [smal_..][epoch:  3, iter:   2,120, lr:(9.780e-04,)][eta: 1:02:38, time (data): 0.201 (0.016)]l_bij: 1.5477e+02 l_orth: 1.5147e+02 l_align: 1.1591e+02 l_total: 4.2214e+02 
2026-06-30 10:03:24,055 INFO: [smal_..][epoch:  3, iter:   2,140, lr:(9.780e-04,)][eta: 1:02:24, time (data): 0.200 (0.016)]l_bij: 1.2434e+02 l_orth: 1.2723e+02 l_align: 9.1244e+01 l_total: 3.4281e+02 
2026-06-30 10:03:27,956 INFO: [smal_..][epoch:  3, iter:   2,160, lr:(9.780e-04,)][eta: 1:02:11, time (data): 0.200 (0.016)]l_bij: 1.2828e+02 l_orth: 1.2755e+02 l_align: 1.0076e+02 l_total: 3.5659e+02 
2026-06-30 10:03:31,943 INFO: [smal_..][epoch:  3, iter:   2,180, lr:(9.780e-04,)][eta: 1:01:59, time (data): 0.199 (0.016)]l_bij: 1.2980e+02 l_orth: 1.3163e+02 l_align: 1.0365e+02 l_total: 3.6509e+02 
2026-06-30 10:03:35,906 INFO: [smal_..][epoch:  3, iter:   2,200, lr:(9.780e-04,)][eta: 1:01:46, time (data): 0.199 (0.016)]l_bij: 1.1527e+02 l_orth: 1.1744e+02 l_align: 9.5433e+01 l_total: 3.2814e+02 
2026-06-30 10:03:39,898 INFO: [smal_..][epoch:  3, iter:   2,220, lr:(9.780e-04,)][eta: 1:01:34, time (data): 0.197 (0.016)]l_bij: 1.1717e+02 l_orth: 1.2198e+02 l_align: 9.8988e+01 l_total: 3.3814e+02 
2026-06-30 10:03:44,021 INFO: [smal_..][epoch:  3, iter:   2,240, lr:(9.780e-04,)][eta: 1:01:23, time (data): 0.203 (0.016)]l_bij: 8.6766e+01 l_orth: 9.8035e+01 l_align: 9.9590e+01 l_total: 2.8439e+02 
2026-06-30 10:03:47,995 INFO: [smal_..][epoch:  3, iter:   2,260, lr:(9.780e-04,)][eta: 1:01:11, time (data): 0.201 (0.015)]l_bij: 1.2706e+02 l_orth: 1.2574e+02 l_align: 9.0893e+01 l_total: 3.4369e+02 
2026-06-30 10:03:52,045 INFO: [smal_..][epoch:  3, iter:   2,280, lr:(9.780e-04,)][eta: 1:00:59, time (data): 0.202 (0.016)]l_bij: 1.1695e+02 l_orth: 1.2174e+02 l_align: 1.0386e+02 l_total: 3.4255e+02 
2026-06-30 10:03:56,094 INFO: [smal_..][epoch:  3, iter:   2,300, lr:(9.780e-04,)][eta: 1:00:48, time (data): 0.202 (0.015)]l_bij: 1.1577e+02 l_orth: 1.2177e+02 l_align: 1.0083e+02 l_total: 3.3836e+02 
2026-06-30 10:04:00,086 INFO: [smal_..][epoch:  3, iter:   2,320, lr:(9.780e-04,)][eta: 1:00:37, time (data): 0.201 (0.015)]l_bij: 1.3057e+02 l_orth: 1.3256e+02 l_align: 9.9755e+01 l_total: 3.6289e+02 
2026-06-30 10:04:04,086 INFO: [smal_..][epoch:  3, iter:   2,340, lr:(9.780e-04,)][eta: 1:00:25, time (data): 0.201 (0.015)]l_bij: 1.2263e+02 l_orth: 1.2756e+02 l_align: 9.9931e+01 l_total: 3.5012e+02 
2026-06-30 10:04:08,081 INFO: [smal_..][epoch:  3, iter:   2,360, lr:(9.780e-04,)][eta: 1:00:14, time (data): 0.201 (0.015)]l_bij: 8.9729e+01 l_orth: 9.7610e+01 l_align: 9.5953e+01 l_total: 2.8329e+02 
2026-06-30 10:04:12,052 INFO: [smal_..][epoch:  3, iter:   2,380, lr:(9.780e-04,)][eta: 1:00:03, time (data): 0.201 (0.015)]l_bij: 1.0386e+02 l_orth: 1.1153e+02 l_align: 1.0044e+02 l_total: 3.1582e+02 
2026-06-30 10:04:16,030 INFO: [smal_..][epoch:  3, iter:   2,400, lr:(9.780e-04,)][eta: 0:59:52, time (data): 0.200 (0.015)]l_bij: 1.2754e+02 l_orth: 1.2911e+02 l_align: 1.0403e+02 l_total: 3.6068e+02 
2026-06-30 10:04:20,132 INFO: [smal_..][epoch:  3, iter:   2,420, lr:(9.780e-04,)][eta: 0:59:42, time (data): 0.201 (0.016)]l_bij: 1.3468e+02 l_orth: 1.3410e+02 l_align: 1.0962e+02 l_total: 3.7840e+02 
2026-06-30 10:04:24,035 INFO: [smal_..][epoch:  3, iter:   2,440, lr:(9.780e-04,)][eta: 0:59:30, time (data): 0.197 (0.015)]l_bij: 9.8748e+01 l_orth: 1.0931e+02 l_align: 1.0213e+02 l_total: 3.1019e+02 
2026-06-30 10:04:28,254 INFO: [smal_..][epoch:  3, iter:   2,460, lr:(9.780e-04,)][eta: 0:59:21, time (data): 0.203 (0.019)]l_bij: 1.3014e+02 l_orth: 1.3339e+02 l_align: 1.0423e+02 l_total: 3.6776e+02 
2026-06-30 10:04:32,218 INFO: [smal_..][epoch:  3, iter:   2,480, lr:(9.780e-04,)][eta: 0:59:10, time (data): 0.201 (0.018)]l_bij: 1.3613e+02 l_orth: 1.3499e+02 l_align: 1.0986e+02 l_total: 3.8099e+02 
2026-06-30 10:04:36,094 INFO: [smal_..][epoch:  3, iter:   2,500, lr:(9.780e-04,)][eta: 0:58:59, time (data): 0.200 (0.017)]l_bij: 1.2738e+02 l_orth: 1.2666e+02 l_align: 1.0532e+02 l_total: 3.5935e+02 
2026-06-30 10:04:39,993 INFO: [smal_..][epoch:  3, iter:   2,520, lr:(9.780e-04,)][eta: 0:58:48, time (data): 0.199 (0.017)]l_bij: 1.3779e+02 l_orth: 1.3491e+02 l_align: 9.9305e+01 l_total: 3.7201e+02 
2026-06-30 10:04:44,206 INFO: [smal_..][epoch:  4, iter:   2,540, lr:(9.510e-04,)][eta: 0:58:39, time (data): 0.201 (0.018)]l_bij: 1.3094e+02 l_orth: 1.2935e+02 l_align: 9.6936e+01 l_total: 3.5723e+02 
2026-06-30 10:04:48,247 INFO: [smal_..][epoch:  4, iter:   2,560, lr:(9.510e-04,)][eta: 0:58:29, time (data): 0.201 (0.018)]l_bij: 1.3234e+02 l_orth: 1.3515e+02 l_align: 1.0582e+02 l_total: 3.7332e+02 
2026-06-30 10:04:52,213 INFO: [smal_..][epoch:  4, iter:   2,580, lr:(9.510e-04,)][eta: 0:58:19, time (data): 0.200 (0.018)]l_bij: 1.3002e+02 l_orth: 1.3101e+02 l_align: 1.0432e+02 l_total: 3.6535e+02 
2026-06-30 10:04:56,090 INFO: [smal_..][epoch:  4, iter:   2,600, lr:(9.510e-04,)][eta: 0:58:09, time (data): 0.200 (0.017)]l_bij: 8.6250e+01 l_orth: 9.5127e+01 l_align: 8.9708e+01 l_total: 2.7108e+02 
2026-06-30 10:04:59,991 INFO: [smal_..][epoch:  4, iter:   2,620, lr:(9.510e-04,)][eta: 0:57:58, time (data): 0.196 (0.017)]l_bij: 1.4141e+02 l_orth: 1.3774e+02 l_align: 9.9454e+01 l_total: 3.7860e+02 
2026-06-30 10:05:03,876 INFO: [smal_..][epoch:  4, iter:   2,640, lr:(9.510e-04,)][eta: 0:57:48, time (data): 0.195 (0.015)]l_bij: 1.2818e+02 l_orth: 1.2925e+02 l_align: 1.0701e+02 l_total: 3.6444e+02 
2026-06-30 10:05:07,775 INFO: [smal_..][epoch:  4, iter:   2,660, lr:(9.510e-04,)][eta: 0:57:38, time (data): 0.195 (0.015)]l_bij: 1.2995e+02 l_orth: 1.3363e+02 l_align: 1.0608e+02 l_total: 3.6966e+02 
2026-06-30 10:05:11,759 INFO: [smal_..][epoch:  4, iter:   2,680, lr:(9.510e-04,)][eta: 0:57:28, time (data): 0.196 (0.015)]l_bij: 1.1008e+02 l_orth: 1.1372e+02 l_align: 9.6337e+01 l_total: 3.2014e+02 
2026-06-30 10:05:15,939 INFO: [smal_..][epoch:  4, iter:   2,700, lr:(9.510e-04,)][eta: 0:57:20, time (data): 0.199 (0.015)]l_bij: 1.0291e+02 l_orth: 1.0723e+02 l_align: 9.9376e+01 l_total: 3.0952e+02 
2026-06-30 10:05:19,956 INFO: [smal_..][epoch:  4, iter:   2,720, lr:(9.510e-04,)][eta: 0:57:10, time (data): 0.199 (0.015)]l_bij: 1.2821e+02 l_orth: 1.2997e+02 l_align: 1.0445e+02 l_total: 3.6262e+02 
2026-06-30 10:05:24,113 INFO: [smal_..][epoch:  4, iter:   2,740, lr:(9.510e-04,)][eta: 0:57:02, time (data): 0.201 (0.016)]l_bij: 1.3050e+02 l_orth: 1.3271e+02 l_align: 1.0134e+02 l_total: 3.6455e+02 
2026-06-30 10:05:28,146 INFO: [smal_..][epoch:  4, iter:   2,760, lr:(9.510e-04,)][eta: 0:56:53, time (data): 0.201 (0.016)]l_bij: 1.3262e+02 l_orth: 1.3099e+02 l_align: 1.0335e+02 l_total: 3.6696e+02 
2026-06-30 10:05:32,271 INFO: [smal_..][epoch:  4, iter:   2,780, lr:(9.510e-04,)][eta: 0:56:44, time (data): 0.201 (0.016)]l_bij: 1.1553e+02 l_orth: 1.1659e+02 l_align: 9.3260e+01 l_total: 3.2537e+02 
2026-06-30 10:05:36,381 INFO: [smal_..][epoch:  4, iter:   2,800, lr:(9.510e-04,)][eta: 0:56:36, time (data): 0.202 (0.016)]l_bij: 1.2591e+02 l_orth: 1.2757e+02 l_align: 9.9196e+01 l_total: 3.5267e+02 
2026-06-30 10:05:40,423 INFO: [smal_..][epoch:  4, iter:   2,820, lr:(9.510e-04,)][eta: 0:56:27, time (data): 0.196 (0.015)]l_bij: 1.2156e+02 l_orth: 1.2188e+02 l_align: 1.0164e+02 l_total: 3.4508e+02 
2026-06-30 10:05:44,461 INFO: [smal_..][epoch:  4, iter:   2,840, lr:(9.510e-04,)][eta: 0:56:18, time (data): 0.201 (0.016)]l_bij: 1.1662e+02 l_orth: 1.2170e+02 l_align: 1.0043e+02 l_total: 3.3876e+02 
2026-06-30 10:05:48,574 INFO: [smal_..][epoch:  4, iter:   2,860, lr:(9.510e-04,)][eta: 0:56:10, time (data): 0.203 (0.016)]l_bij: 1.2698e+02 l_orth: 1.2761e+02 l_align: 9.5163e+01 l_total: 3.4975e+02 
2026-06-30 10:05:52,706 INFO: [smal_..][epoch:  4, iter:   2,880, lr:(9.510e-04,)][eta: 0:56:01, time (data): 0.204 (0.016)]l_bij: 1.4588e+02 l_orth: 1.4198e+02 l_align: 1.0553e+02 l_total: 3.9338e+02 
2026-06-30 10:05:56,617 INFO: [smal_..][epoch:  4, iter:   2,900, lr:(9.510e-04,)][eta: 0:55:52, time (data): 0.202 (0.016)]l_bij: 1.0401e+02 l_orth: 1.1176e+02 l_align: 9.0258e+01 l_total: 3.0602e+02 
2026-06-30 10:06:00,834 INFO: [smal_..][epoch:  4, iter:   2,920, lr:(9.510e-04,)][eta: 0:55:45, time (data): 0.204 (0.018)]l_bij: 2.1887e+01 l_orth: 5.8458e+01 l_align: 1.2072e+02 l_total: 2.0106e+02 
2026-06-30 10:06:04,972 INFO: [smal_..][epoch:  4, iter:   2,940, lr:(9.510e-04,)][eta: 0:55:37, time (data): 0.204 (0.017)]l_bij: 1.4355e+02 l_orth: 1.4113e+02 l_align: 1.0664e+02 l_total: 3.9131e+02 
2026-06-30 10:06:08,885 INFO: [smal_..][epoch:  4, iter:   2,960, lr:(9.510e-04,)][eta: 0:55:28, time (data): 0.203 (0.017)]l_bij: 1.2098e+02 l_orth: 1.2066e+02 l_align: 9.2335e+01 l_total: 3.3398e+02 
2026-06-30 10:06:13,000 INFO: [smal_..][epoch:  4, iter:   2,980, lr:(9.510e-04,)][eta: 0:55:20, time (data): 0.203 (0.017)]l_bij: 1.3013e+02 l_orth: 1.2921e+02 l_align: 1.0590e+02 l_total: 3.6523e+02 
2026-06-30 10:06:16,983 INFO: [smal_..][epoch:  4, iter:   3,000, lr:(9.510e-04,)][eta: 0:55:11, time (data): 0.203 (0.017)]l_bij: 1.2098e+02 l_orth: 1.2277e+02 l_align: 9.5325e+01 l_total: 3.3908e+02 
2026-06-30 10:06:20,921 INFO: [smal_..][epoch:  4, iter:   3,020, lr:(9.510e-04,)][eta: 0:55:02, time (data): 0.191 (0.015)]l_bij: 9.2970e+01 l_orth: 1.0453e+02 l_align: 9.7201e+01 l_total: 2.9470e+02 
2026-06-30 10:06:24,974 INFO: [smal_..][epoch:  4, iter:   3,040, lr:(9.510e-04,)][eta: 0:54:54, time (data): 0.200 (0.016)]l_bij: 1.1482e+02 l_orth: 1.1826e+02 l_align: 1.0048e+02 l_total: 3.3356e+02 
2026-06-30 10:06:28,898 INFO: [smal_..][epoch:  4, iter:   3,060, lr:(9.510e-04,)][eta: 0:54:46, time (data): 0.198 (0.016)]l_bij: 8.2747e+01 l_orth: 9.4993e+01 l_align: 9.0004e+01 l_total: 2.6774e+02 
2026-06-30 10:06:32,847 INFO: [smal_..][epoch:  4, iter:   3,080, lr:(9.510e-04,)][eta: 0:54:37, time (data): 0.198 (0.015)]l_bij: 1.3276e+02 l_orth: 1.3074e+02 l_align: 9.4976e+01 l_total: 3.5848e+02 
2026-06-30 10:06:36,786 INFO: [smal_..][epoch:  4, iter:   3,100, lr:(9.510e-04,)][eta: 0:54:29, time (data): 0.198 (0.015)]l_bij: 1.3232e+02 l_orth: 1.3111e+02 l_align: 9.3725e+01 l_total: 3.5715e+02 
2026-06-30 10:06:40,820 INFO: [smal_..][epoch:  4, iter:   3,120, lr:(9.510e-04,)][eta: 0:54:21, time (data): 0.198 (0.015)]l_bij: 1.3085e+02 l_orth: 1.3286e+02 l_align: 1.0414e+02 l_total: 3.6785e+02 
2026-06-30 10:06:44,763 INFO: [smal_..][epoch:  4, iter:   3,140, lr:(9.510e-04,)][eta: 0:54:12, time (data): 0.198 (0.016)]l_bij: 1.3093e+02 l_orth: 1.3074e+02 l_align: 9.4713e+01 l_total: 3.5639e+02 
2026-06-30 10:06:48,843 INFO: [smal_..][epoch:  4, iter:   3,160, lr:(9.510e-04,)][eta: 0:54:05, time (data): 0.199 (0.016)]l_bij: 1.0994e+02 l_orth: 1.1458e+02 l_align: 1.0032e+02 l_total: 3.2484e+02 
2026-06-30 10:06:52,753 INFO: [smal_..][epoch:  4, iter:   3,180, lr:(9.510e-04,)][eta: 0:53:56, time (data): 0.199 (0.016)]l_bij: 1.2225e+02 l_orth: 1.2344e+02 l_align: 9.2058e+01 l_total: 3.3774e+02 
2026-06-30 10:06:56,814 INFO: [smal_..][epoch:  4, iter:   3,200, lr:(9.510e-04,)][eta: 0:53:49, time (data): 0.199 (0.016)]l_bij: 1.0975e+02 l_orth: 1.1379e+02 l_align: 9.3255e+01 l_total: 3.1679e+02 
2026-06-30 10:07:00,954 INFO: [smal_..][epoch:  4, iter:   3,220, lr:(9.510e-04,)][eta: 0:53:41, time (data): 0.195 (0.017)]l_bij: 1.2180e+02 l_orth: 1.2381e+02 l_align: 9.9763e+01 l_total: 3.4537e+02 
2026-06-30 10:07:05,077 INFO: [smal_..][epoch:  4, iter:   3,240, lr:(9.510e-04,)][eta: 0:53:34, time (data): 0.204 (0.016)]l_bij: 1.5464e+01 l_orth: 5.7112e+01 l_align: 1.1880e+02 l_total: 1.9137e+02 
2026-06-30 10:07:08,835 INFO: [smal_..][epoch:  4, iter:   3,260, lr:(9.510e-04,)][eta: 0:53:25, time (data): 0.197 (0.016)]l_bij: 6.8971e+01 l_orth: 8.5442e+01 l_align: 9.6460e+01 l_total: 2.5087e+02 
2026-06-30 10:07:12,426 INFO: [smal_..][epoch:  4, iter:   3,280, lr:(9.510e-04,)][eta: 0:53:16, time (data): 0.191 (0.017)]l_bij: 8.4898e+01 l_orth: 9.7806e+01 l_align: 9.3547e+01 l_total: 2.7625e+02 
2026-06-30 10:07:15,866 INFO: [smal_..][epoch:  4, iter:   3,300, lr:(9.510e-04,)][eta: 0:53:06, time (data): 0.187 (0.020)]l_bij: 1.0755e+02 l_orth: 1.1398e+02 l_align: 9.5671e+01 l_total: 3.1720e+02 
2026-06-30 10:07:19,429 INFO: [smal_..][epoch:  4, iter:   3,320, lr:(9.510e-04,)][eta: 0:52:56, time (data): 0.185 (0.022)]l_bij: 1.1762e+02 l_orth: 1.2338e+02 l_align: 9.4770e+01 l_total: 3.3577e+02 
2026-06-30 10:07:22,964 INFO: [smal_..][epoch:  4, iter:   3,340, lr:(9.510e-04,)][eta: 0:52:47, time (data): 0.184 (0.024)]l_bij: 1.1101e+02 l_orth: 1.1579e+02 l_align: 9.1395e+01 l_total: 3.1819e+02 
2026-06-30 10:07:26,580 INFO: [smal_..][epoch:  4, iter:   3,360, lr:(9.510e-04,)][eta: 0:52:38, time (data): 0.183 (0.025)]l_bij: 1.3099e+02 l_orth: 1.3018e+02 l_align: 1.0282e+02 l_total: 3.6400e+02 
2026-06-30 10:07:30,391 INFO: [smal_..][epoch:  5, iter:   3,380, lr:(9.141e-04,)][eta: 0:52:30, time (data): 0.184 (0.027)]l_bij: 9.8167e+01 l_orth: 1.0483e+02 l_align: 8.2901e+01 l_total: 2.8589e+02 
2026-06-30 10:07:33,685 INFO: [smal_..][epoch:  5, iter:   3,400, lr:(9.141e-04,)][eta: 0:52:20, time (data): 0.182 (0.027)]l_bij: 8.8164e+00 l_orth: 4.2965e+01 l_align: 1.1106e+02 l_total: 1.6284e+02 
2026-06-30 10:07:37,169 INFO: [smal_..][epoch:  5, iter:   3,420, lr:(9.141e-04,)][eta: 0:52:10, time (data): 0.177 (0.021)]l_bij: 1.1916e+02 l_orth: 1.2054e+02 l_align: 9.0620e+01 l_total: 3.3031e+02 
2026-06-30 10:07:40,588 INFO: [smal_..][epoch:  5, iter:   3,440, lr:(9.141e-04,)][eta: 0:52:01, time (data): 0.172 (0.024)]l_bij: 1.2881e+02 l_orth: 1.3193e+02 l_align: 9.4991e+01 l_total: 3.5574e+02 
2026-06-30 10:07:44,024 INFO: [smal_..][epoch:  5, iter:   3,460, lr:(9.141e-04,)][eta: 0:51:51, time (data): 0.172 (0.025)]l_bij: 6.9889e+01 l_orth: 8.6379e+01 l_align: 9.4427e+01 l_total: 2.5069e+02 
2026-06-30 10:07:47,415 INFO: [smal_..][epoch:  5, iter:   3,480, lr:(9.141e-04,)][eta: 0:51:42, time (data): 0.171 (0.025)]l_bij: 1.3810e+02 l_orth: 1.3874e+02 l_align: 1.0437e+02 l_total: 3.8121e+02 
2026-06-30 10:07:50,829 INFO: [smal_..][epoch:  5, iter:   3,500, lr:(9.141e-04,)][eta: 0:51:32, time (data): 0.171 (0.025)]l_bij: 1.3241e+02 l_orth: 1.3147e+02 l_align: 1.0290e+02 l_total: 3.6678e+02 
2026-06-30 10:07:54,142 INFO: [smal_..][epoch:  5, iter:   3,520, lr:(9.141e-04,)][eta: 0:51:23, time (data): 0.170 (0.024)]l_bij: 1.1805e+02 l_orth: 1.1813e+02 l_align: 9.9957e+01 l_total: 3.3613e+02 
2026-06-30 10:07:57,565 INFO: [smal_..][epoch:  5, iter:   3,540, lr:(9.141e-04,)][eta: 0:51:14, time (data): 0.170 (0.025)]l_bij: 1.2893e+02 l_orth: 1.2674e+02 l_align: 1.0002e+02 l_total: 3.5569e+02 
2026-06-30 10:08:01,012 INFO: [smal_..][epoch:  5, iter:   3,560, lr:(9.141e-04,)][eta: 0:51:04, time (data): 0.170 (0.025)]l_bij: 1.1913e+02 l_orth: 1.2325e+02 l_align: 9.4786e+01 l_total: 3.3717e+02 
2026-06-30 10:08:04,339 INFO: [smal_..][epoch:  5, iter:   3,580, lr:(9.141e-04,)][eta: 0:50:55, time (data): 0.170 (0.025)]l_bij: 1.2425e+02 l_orth: 1.2400e+02 l_align: 8.9821e+01 l_total: 3.3807e+02 
2026-06-30 10:08:07,780 INFO: [smal_..][epoch:  5, iter:   3,600, lr:(9.141e-04,)][eta: 0:50:46, time (data): 0.170 (0.025)]l_bij: 8.1322e+01 l_orth: 9.6207e+01 l_align: 9.3780e+01 l_total: 2.7131e+02 
2026-06-30 10:08:11,188 INFO: [smal_..][epoch:  5, iter:   3,620, lr:(9.141e-04,)][eta: 0:50:37, time (data): 0.177 (0.026)]l_bij: 5.1726e+01 l_orth: 7.5466e+01 l_align: 9.5942e+01 l_total: 2.2313e+02 
2026-06-30 10:08:14,577 INFO: [smal_..][epoch:  5, iter:   3,640, lr:(9.141e-04,)][eta: 0:50:28, time (data): 0.170 (0.024)]l_bij: 1.2394e+02 l_orth: 1.2637e+02 l_align: 9.6645e+01 l_total: 3.4696e+02 
2026-06-30 10:08:17,931 INFO: [smal_..][epoch:  5, iter:   3,660, lr:(9.141e-04,)][eta: 0:50:19, time (data): 0.169 (0.025)]l_bij: 1.0460e+02 l_orth: 1.1032e+02 l_align: 9.3302e+01 l_total: 3.0822e+02 
2026-06-30 10:08:21,291 INFO: [smal_..][epoch:  5, iter:   3,680, lr:(9.141e-04,)][eta: 0:50:10, time (data): 0.169 (0.025)]l_bij: 7.7297e+01 l_orth: 9.7183e+01 l_align: 9.4785e+01 l_total: 2.6926e+02 
2026-06-30 10:08:24,648 INFO: [smal_..][epoch:  5, iter:   3,700, lr:(9.141e-04,)][eta: 0:50:01, time (data): 0.168 (0.025)]l_bij: 9.2761e+01 l_orth: 1.0435e+02 l_align: 9.1579e+01 l_total: 2.8869e+02 
2026-06-30 10:08:28,394 INFO: [smal_..][epoch:  5, iter:   3,720, lr:(9.141e-04,)][eta: 0:49:54, time (data): 0.172 (0.028)]l_bij: 1.1592e+02 l_orth: 1.2038e+02 l_align: 9.3102e+01 l_total: 3.2939e+02 
2026-06-30 10:08:31,822 INFO: [smal_..][epoch:  5, iter:   3,740, lr:(9.141e-04,)][eta: 0:49:45, time (data): 0.172 (0.027)]l_bij: 1.4170e+02 l_orth: 1.4240e+02 l_align: 1.0543e+02 l_total: 3.8953e+02 
2026-06-30 10:08:35,324 INFO: [smal_..][epoch:  5, iter:   3,760, lr:(9.141e-04,)][eta: 0:49:37, time (data): 0.172 (0.027)]l_bij: 1.1240e+02 l_orth: 1.1737e+02 l_align: 9.3231e+01 l_total: 3.2300e+02 
2026-06-30 10:08:38,749 INFO: [smal_..][epoch:  5, iter:   3,780, lr:(9.141e-04,)][eta: 0:49:28, time (data): 0.172 (0.027)]l_bij: 1.0325e+02 l_orth: 1.0742e+02 l_align: 8.9344e+01 l_total: 3.0001e+02 
2026-06-30 10:08:42,234 INFO: [smal_..][epoch:  5, iter:   3,800, lr:(9.141e-04,)][eta: 0:49:20, time (data): 0.172 (0.027)]l_bij: 1.0131e+02 l_orth: 1.0886e+02 l_align: 9.6740e+01 l_total: 3.0692e+02 
2026-06-30 10:08:45,678 INFO: [smal_..][epoch:  5, iter:   3,820, lr:(9.141e-04,)][eta: 0:49:12, time (data): 0.151 (0.019)]l_bij: 1.1359e+02 l_orth: 1.1850e+02 l_align: 9.2456e+01 l_total: 3.2454e+02 
2026-06-30 10:08:49,150 INFO: [smal_..][epoch:  5, iter:   3,840, lr:(9.141e-04,)][eta: 0:49:04, time (data): 0.172 (0.030)]l_bij: 7.3045e+01 l_orth: 8.9202e+01 l_align: 9.0664e+01 l_total: 2.5291e+02 
2026-06-30 10:08:52,649 INFO: [smal_..][epoch:  5, iter:   3,860, lr:(9.141e-04,)][eta: 0:48:56, time (data): 0.174 (0.030)]l_bij: 1.1050e+02 l_orth: 1.1429e+02 l_align: 8.6899e+01 l_total: 3.1169e+02 
2026-06-30 10:08:56,138 INFO: [smal_..][epoch:  5, iter:   3,880, lr:(9.141e-04,)][eta: 0:48:48, time (data): 0.174 (0.029)]l_bij: 1.2196e+02 l_orth: 1.2442e+02 l_align: 8.7904e+01 l_total: 3.3428e+02 
2026-06-30 10:08:59,600 INFO: [smal_..][epoch:  5, iter:   3,900, lr:(9.141e-04,)][eta: 0:48:40, time (data): 0.174 (0.028)]l_bij: 1.1144e+02 l_orth: 1.1544e+02 l_align: 9.4267e+01 l_total: 3.2115e+02 
2026-06-30 10:09:03,178 INFO: [smal_..][epoch:  5, iter:   3,920, lr:(9.141e-04,)][eta: 0:48:32, time (data): 0.175 (0.030)]l_bij: 1.2623e+02 l_orth: 1.2778e+02 l_align: 9.5398e+01 l_total: 3.4941e+02 
2026-06-30 10:09:06,798 INFO: [smal_..][epoch:  5, iter:   3,940, lr:(9.141e-04,)][eta: 0:48:25, time (data): 0.176 (0.030)]l_bij: 9.8407e+01 l_orth: 1.0669e+02 l_align: 8.6272e+01 l_total: 2.9137e+02 
2026-06-30 10:09:10,448 INFO: [smal_..][epoch:  5, iter:   3,960, lr:(9.141e-04,)][eta: 0:48:17, time (data): 0.177 (0.031)]l_bij: 1.0752e+02 l_orth: 1.1198e+02 l_align: 9.7578e+01 l_total: 3.1707e+02 
2026-06-30 10:09:14,065 INFO: [smal_..][epoch:  5, iter:   3,980, lr:(9.141e-04,)][eta: 0:48:10, time (data): 0.177 (0.031)]l_bij: 1.0802e+02 l_orth: 1.1285e+02 l_align: 8.9248e+01 l_total: 3.1012e+02 
2026-06-30 10:09:17,450 INFO: [smal_..][epoch:  5, iter:   4,000, lr:(9.141e-04,)][eta: 0:48:02, time (data): 0.176 (0.030)]l_bij: 1.2004e+02 l_orth: 1.2592e+02 l_align: 9.1470e+01 l_total: 3.3743e+02 
2026-06-30 10:09:17,451 INFO: Saving models and training states.
2026-06-30 10:09:17,484 INFO: Start validation.
2026-06-30 10:09:18,682 INFO: avg err:0.0000 | err:0.0000 | cougar_01 cougar_01
2026-06-30 10:09:18,919 INFO: avg err:0.0097 | err:0.0194 | cougar_01 cougar_02
2026-06-30 10:09:19,434 INFO: avg err:0.0110 | err:0.0135 | cougar_01 cougar_03
2026-06-30 10:09:19,616 INFO: avg err:0.0140 | err:0.0229 | cougar_01 cougar_04
2026-06-30 10:09:20,138 INFO: avg err:0.1765 | err:0.8266 | cougar_01 hippo_01
2026-06-30 10:09:20,367 INFO: avg err:0.2588 | err:0.6702 | cougar_01 hippo_02
2026-06-30 10:09:20,933 INFO: avg err:0.3164 | err:0.6619 | cougar_01 hippo_03
2026-06-30 10:09:21,100 INFO: avg err:0.3784 | err:0.8127 | cougar_01 hippo_04
2026-06-30 10:09:21,744 INFO: avg err:0.4033 | err:0.6026 | cougar_01 hippo_05
2026-06-30 10:09:21,985 INFO: avg err:0.4278 | err:0.6480 | cougar_01 hippo_06
2026-06-30 10:09:22,523 INFO: avg err:0.3919 | err:0.0337 | cougar_01 horse_01
2026-06-30 10:09:22,778 INFO: avg err:0.3617 | err:0.0293 | cougar_01 horse_02
2026-06-30 10:09:23,290 INFO: avg err:0.3361 | err:0.0292 | cougar_01 horse_03
2026-06-30 10:09:23,546 INFO: avg err:0.3147 | err:0.0365 | cougar_01 horse_04
2026-06-30 10:09:24,062 INFO: avg err:0.2962 | err:0.0369 | cougar_01 horse_05
2026-06-30 10:09:24,317 INFO: avg err:0.2803 | err:0.0419 | cougar_01 horse_06
2026-06-30 10:09:24,820 INFO: avg err:0.2659 | err:0.0352 | cougar_01 horse_07
2026-06-30 10:09:25,071 INFO: avg err:0.2527 | err:0.0283 | cougar_01 horse_08
2026-06-30 10:09:25,510 INFO: avg err:0.2449 | err:0.1037 | cougar_01 horse_09
2026-06-30 10:09:25,733 INFO: avg err:0.2391 | err:0.1297 | cougar_01 horse_10
2026-06-30 10:09:26,324 INFO: avg err:0.2287 | err:0.0212 | cougar_02 cougar_01
2026-06-30 10:09:26,562 INFO: avg err:0.2183 | err:0.0000 | cougar_02 cougar_02
2026-06-30 10:09:27,115 INFO: avg err:0.2096 | err:0.0175 | cougar_02 cougar_03
2026-06-30 10:09:27,360 INFO: avg err:0.2021 | err:0.0306 | cougar_02 cougar_04
2026-06-30 10:09:27,733 INFO: avg err:0.2325 | err:0.9605 | cougar_02 hippo_01
2026-06-30 10:09:27,918 INFO: avg err:0.2545 | err:0.8048 | cougar_02 hippo_02
2026-06-30 10:09:28,519 INFO: avg err:0.2717 | err:0.7196 | cougar_02 hippo_03
2026-06-30 10:09:28,763 INFO: avg err:0.2944 | err:0.9082 | cougar_02 hippo_04
2026-06-30 10:09:29,325 INFO: avg err:0.3056 | err:0.6172 | cougar_02 hippo_05
2026-06-30 10:09:29,541 INFO: avg err:0.3179 | err:0.6751 | cougar_02 hippo_06
2026-06-30 10:09:29,984 INFO: avg err:0.3090 | err:0.0429 | cougar_02 horse_01
2026-06-30 10:09:30,175 INFO: avg err:0.3006 | err:0.0401 | cougar_02 horse_02
2026-06-30 10:09:30,665 INFO: avg err:0.2928 | err:0.0427 | cougar_02 horse_03
2026-06-30 10:09:30,896 INFO: avg err:0.2854 | err:0.0412 | cougar_02 horse_04
2026-06-30 10:09:31,198 INFO: avg err:0.2785 | err:0.0443 | cougar_02 horse_05
2026-06-30 10:09:31,422 INFO: avg err:0.2720 | err:0.0441 | cougar_02 horse_06
2026-06-30 10:09:31,864 INFO: avg err:0.2658 | err:0.0417 | cougar_02 horse_07
2026-06-30 10:09:32,093 INFO: avg err:0.2598 | err:0.0391 | cougar_02 horse_08
2026-06-30 10:09:32,577 INFO: avg err:0.2561 | err:0.1142 | cougar_02 horse_09
2026-06-30 10:09:32,841 INFO: avg err:0.2534 | err:0.1487 | cougar_02 horse_10
2026-06-30 10:09:33,131 INFO: avg err:0.2475 | err:0.0136 | cougar_03 cougar_01
2026-06-30 10:09:33,342 INFO: avg err:0.2421 | err:0.0168 | cougar_03 cougar_02
2026-06-30 10:09:33,743 INFO: avg err:0.2364 | err:0.0000 | cougar_03 cougar_03
2026-06-30 10:09:33,958 INFO: avg err:0.2316 | err:0.0254 | cougar_03 cougar_04
2026-06-30 10:09:34,342 INFO: avg err:0.2464 | err:0.8968 | cougar_03 hippo_01
2026-06-30 10:09:34,589 INFO: avg err:0.2582 | err:0.7889 | cougar_03 hippo_02
2026-06-30 10:09:34,864 INFO: avg err:0.2675 | err:0.6967 | cougar_03 hippo_03
2026-06-30 10:09:35,134 INFO: avg err:0.2801 | err:0.8696 | cougar_03 hippo_04
2026-06-30 10:09:35,407 INFO: avg err:0.2880 | err:0.6690 | cougar_03 hippo_05
2026-06-30 10:09:35,640 INFO: avg err:0.2969 | err:0.7337 | cougar_03 hippo_06
2026-06-30 10:09:35,976 INFO: avg err:0.2918 | err:0.0357 | cougar_03 horse_01
2026-06-30 10:09:36,262 INFO: avg err:0.2868 | err:0.0330 | cougar_03 horse_02
2026-06-30 10:09:36,574 INFO: avg err:0.2820 | err:0.0327 | cougar_03 horse_03
2026-06-30 10:09:36,812 INFO: avg err:0.2775 | err:0.0382 | cougar_03 horse_04
2026-06-30 10:09:37,084 INFO: avg err:0.2732 | err:0.0389 | cougar_03 horse_05
2026-06-30 10:09:37,328 INFO: avg err:0.2690 | err:0.0414 | cougar_03 horse_06
2026-06-30 10:09:37,713 INFO: avg err:0.2650 | err:0.0393 | cougar_03 horse_07
2026-06-30 10:09:37,966 INFO: avg err:0.2610 | err:0.0310 | cougar_03 horse_08
2026-06-30 10:09:38,307 INFO: avg err:0.2585 | err:0.1179 | cougar_03 horse_09
2026-06-30 10:09:38,544 INFO: avg err:0.2567 | err:0.1464 | cougar_03 horse_10
2026-06-30 10:09:38,780 INFO: avg err:0.2528 | err:0.0222 | cougar_04 cougar_01
2026-06-30 10:09:39,005 INFO: avg err:0.2492 | err:0.0301 | cougar_04 cougar_02
2026-06-30 10:09:39,417 INFO: avg err:0.2457 | err:0.0253 | cougar_04 cougar_03
2026-06-30 10:09:39,663 INFO: avg err:0.2418 | err:0.0000 | cougar_04 cougar_04
2026-06-30 10:09:40,024 INFO: avg err:0.2504 | err:0.7983 | cougar_04 hippo_01
2026-06-30 10:09:40,253 INFO: avg err:0.2563 | err:0.6415 | cougar_04 hippo_02
2026-06-30 10:09:40,614 INFO: avg err:0.2621 | err:0.6420 | cougar_04 hippo_03
2026-06-30 10:09:40,841 INFO: avg err:0.2698 | err:0.7833 | cougar_04 hippo_04
2026-06-30 10:09:41,201 INFO: avg err:0.2752 | err:0.6440 | cougar_04 hippo_05
2026-06-30 10:09:41,490 INFO: avg err:0.2802 | err:0.6300 | cougar_04 hippo_06
2026-06-30 10:09:41,718 INFO: avg err:0.2767 | err:0.0302 | cougar_04 horse_01
2026-06-30 10:09:42,012 INFO: avg err:0.2734 | err:0.0336 | cougar_04 horse_02
2026-06-30 10:09:42,272 INFO: avg err:0.2700 | err:0.0299 | cougar_04 horse_03
2026-06-30 10:09:42,711 INFO: avg err:0.2669 | err:0.0400 | cougar_04 horse_04
2026-06-30 10:09:43,002 INFO: avg err:0.2639 | err:0.0392 | cougar_04 horse_05
2026-06-30 10:09:43,341 INFO: avg err:0.2614 | err:0.0740 | cougar_04 horse_06
2026-06-30 10:09:43,608 INFO: avg err:0.2584 | err:0.0311 | cougar_04 horse_07
2026-06-30 10:09:43,845 INFO: avg err:0.2555 | err:0.0340 | cougar_04 horse_08
2026-06-30 10:09:44,132 INFO: avg err:0.2535 | err:0.0972 | cougar_04 horse_09
2026-06-30 10:09:44,377 INFO: avg err:0.2527 | err:0.1861 | cougar_04 horse_10
2026-06-30 10:09:44,661 INFO: avg err:0.2565 | err:0.5644 | hippo_01 cougar_01
2026-06-30 10:09:44,906 INFO: avg err:0.2599 | err:0.5380 | hippo_01 cougar_02
2026-06-30 10:09:45,271 INFO: avg err:0.2635 | err:0.5519 | hippo_01 cougar_03
2026-06-30 10:09:45,545 INFO: avg err:0.2671 | err:0.5697 | hippo_01 cougar_04
2026-06-30 10:09:45,952 INFO: avg err:0.2640 | err:0.0000 | hippo_01 hippo_01
2026-06-30 10:09:46,210 INFO: avg err:0.2622 | err:0.1167 | hippo_01 hippo_02
2026-06-30 10:09:46,463 INFO: avg err:0.2619 | err:0.2312 | hippo_01 hippo_03
2026-06-30 10:09:46,669 INFO: avg err:0.2591 | err:0.0126 | hippo_01 hippo_04
2026-06-30 10:09:47,009 INFO: avg err:0.2578 | err:0.1501 | hippo_01 hippo_05
2026-06-30 10:09:47,287 INFO: avg err:0.2562 | err:0.1100 | hippo_01 hippo_06
2026-06-30 10:09:47,549 INFO: avg err:0.2593 | err:0.5412 | hippo_01 horse_01
2026-06-30 10:09:47,791 INFO: avg err:0.2623 | err:0.5373 | hippo_01 horse_02
2026-06-30 10:09:48,092 INFO: avg err:0.2653 | err:0.5407 | hippo_01 horse_03
2026-06-30 10:09:48,333 INFO: avg err:0.2683 | err:0.5429 | hippo_01 horse_04
2026-06-30 10:09:48,589 INFO: avg err:0.2713 | err:0.5556 | hippo_01 horse_05
2026-06-30 10:09:48,845 INFO: avg err:0.2740 | err:0.5247 | hippo_01 horse_06
2026-06-30 10:09:49,166 INFO: avg err:0.2766 | err:0.5321 | hippo_01 horse_07
2026-06-30 10:09:49,416 INFO: avg err:0.2794 | err:0.5483 | hippo_01 horse_08
2026-06-30 10:09:49,699 INFO: avg err:0.2819 | err:0.5314 | hippo_01 horse_09
2026-06-30 10:09:49,926 INFO: avg err:0.2841 | err:0.4978 | hippo_01 horse_10
2026-06-30 10:09:50,244 INFO: avg err:0.2856 | err:0.4332 | hippo_02 cougar_01
2026-06-30 10:09:50,457 INFO: avg err:0.2871 | err:0.4375 | hippo_02 cougar_02
2026-06-30 10:09:50,907 INFO: avg err:0.2887 | err:0.4523 | hippo_02 cougar_03
2026-06-30 10:09:51,132 INFO: avg err:0.2899 | err:0.4164 | hippo_02 cougar_04
2026-06-30 10:09:51,396 INFO: avg err:0.2881 | err:0.0992 | hippo_02 hippo_01
2026-06-30 10:09:51,634 INFO: avg err:0.2854 | err:0.0000 | hippo_02 hippo_02
2026-06-30 10:09:51,944 INFO: avg err:0.2837 | err:0.1040 | hippo_02 hippo_03
2026-06-30 10:09:52,179 INFO: avg err:0.2821 | err:0.1188 | hippo_02 hippo_04
2026-06-30 10:09:52,452 INFO: avg err:0.2798 | err:0.0268 | hippo_02 hippo_05
2026-06-30 10:09:52,702 INFO: avg err:0.2777 | err:0.0502 | hippo_02 hippo_06
2026-06-30 10:09:53,012 INFO: avg err:0.2788 | err:0.3973 | hippo_02 horse_01
2026-06-30 10:09:53,258 INFO: avg err:0.2803 | err:0.4527 | hippo_02 horse_02
2026-06-30 10:09:53,535 INFO: avg err:0.2818 | err:0.4430 | hippo_02 horse_03
2026-06-30 10:09:53,724 INFO: avg err:0.2832 | err:0.4490 | hippo_02 horse_04
2026-06-30 10:09:54,037 INFO: avg err:0.2848 | err:0.4626 | hippo_02 horse_05
2026-06-30 10:09:54,327 INFO: avg err:0.2863 | err:0.4602 | hippo_02 horse_06
2026-06-30 10:09:54,618 INFO: avg err:0.2878 | err:0.4541 | hippo_02 horse_07
2026-06-30 10:09:54,838 INFO: avg err:0.2891 | err:0.4457 | hippo_02 horse_08
2026-06-30 10:09:55,185 INFO: avg err:0.2904 | err:0.4450 | hippo_02 horse_09
2026-06-30 10:09:55,418 INFO: avg err:0.2915 | err:0.4200 | hippo_02 horse_10
2026-06-30 10:09:55,715 INFO: avg err:0.2920 | err:0.3531 | hippo_03 cougar_01
2026-06-30 10:09:55,912 INFO: avg err:0.2926 | err:0.3646 | hippo_03 cougar_02
2026-06-30 10:09:56,185 INFO: avg err:0.2930 | err:0.3494 | hippo_03 cougar_03
2026-06-30 10:09:56,545 INFO: avg err:0.2938 | err:0.3828 | hippo_03 cougar_04
2026-06-30 10:09:56,760 INFO: avg err:0.2932 | err:0.2188 | hippo_03 hippo_01
2026-06-30 10:09:57,105 INFO: avg err:0.2918 | err:0.1213 | hippo_03 hippo_02
2026-06-30 10:09:57,374 INFO: avg err:0.2895 | err:0.0000 | hippo_03 hippo_03
2026-06-30 10:09:57,699 INFO: avg err:0.2888 | err:0.2021 | hippo_03 hippo_04
2026-06-30 10:09:57,907 INFO: avg err:0.2873 | err:0.0878 | hippo_03 hippo_05
2026-06-30 10:09:58,247 INFO: avg err:0.2861 | err:0.1356 | hippo_03 hippo_06
2026-06-30 10:09:58,457 INFO: avg err:0.2869 | err:0.3892 | hippo_03 horse_01
2026-06-30 10:09:58,805 INFO: avg err:0.2876 | err:0.3780 | hippo_03 horse_02
2026-06-30 10:09:59,040 INFO: avg err:0.2883 | err:0.3862 | hippo_03 horse_03
2026-06-30 10:09:59,343 INFO: avg err:0.2892 | err:0.4077 | hippo_03 horse_04
2026-06-30 10:09:59,549 INFO: avg err:0.2898 | err:0.3672 | hippo_03 horse_05
2026-06-30 10:09:59,876 INFO: avg err:0.2906 | err:0.3983 | hippo_03 horse_06
2026-06-30 10:10:00,154 INFO: avg err:0.2913 | err:0.3843 | hippo_03 horse_07
2026-06-30 10:10:00,464 INFO: avg err:0.2920 | err:0.3893 | hippo_03 horse_08
2026-06-30 10:10:00,691 INFO: avg err:0.2926 | err:0.3757 | hippo_03 horse_09
2026-06-30 10:10:01,027 INFO: avg err:0.2931 | err:0.3687 | hippo_03 horse_10
2026-06-30 10:10:01,251 INFO: avg err:0.2948 | err:0.5224 | hippo_04 cougar_01
2026-06-30 10:10:01,577 INFO: avg err:0.2968 | err:0.5851 | hippo_04 cougar_02
2026-06-30 10:10:01,796 INFO: avg err:0.2986 | err:0.5534 | hippo_04 cougar_03
2026-06-30 10:10:02,099 INFO: avg err:0.3004 | err:0.5556 | hippo_04 cougar_04
2026-06-30 10:10:02,327 INFO: avg err:0.2984 | err:0.0134 | hippo_04 hippo_01
2026-06-30 10:10:02,685 INFO: avg err:0.2972 | err:0.1228 | hippo_04 hippo_02
2026-06-30 10:10:02,914 INFO: avg err:0.2965 | err:0.1899 | hippo_04 hippo_03
2026-06-30 10:10:03,126 INFO: avg err:0.2945 | err:0.0000 | hippo_04 hippo_04
2026-06-30 10:10:03,532 INFO: avg err:0.2932 | err:0.1098 | hippo_04 hippo_05
2026-06-30 10:10:03,763 INFO: avg err:0.2922 | err:0.1375 | hippo_04 hippo_06
2026-06-30 10:10:04,036 INFO: avg err:0.2937 | err:0.5211 | hippo_04 horse_01
2026-06-30 10:10:04,268 INFO: avg err:0.2953 | err:0.5348 | hippo_04 horse_02
2026-06-30 10:10:04,593 INFO: avg err:0.2967 | err:0.5171 | hippo_04 horse_03
2026-06-30 10:10:04,813 INFO: avg err:0.2982 | err:0.5292 | hippo_04 horse_04
2026-06-30 10:10:05,145 INFO: avg err:0.2997 | err:0.5232 | hippo_04 horse_05
2026-06-30 10:10:05,384 INFO: avg err:0.3011 | err:0.5207 | hippo_04 horse_06
2026-06-30 10:10:05,648 INFO: avg err:0.3026 | err:0.5350 | hippo_04 horse_07
2026-06-30 10:10:05,912 INFO: avg err:0.3040 | err:0.5158 | hippo_04 horse_08
2026-06-30 10:10:06,202 INFO: avg err:0.3051 | err:0.4893 | hippo_04 horse_09
2026-06-30 10:10:06,451 INFO: avg err:0.3062 | err:0.4749 | hippo_04 horse_10
2026-06-30 10:10:06,707 INFO: avg err:0.3068 | err:0.4036 | hippo_05 cougar_01
2026-06-30 10:10:07,105 INFO: avg err:0.3074 | err:0.3998 | hippo_05 cougar_02
2026-06-30 10:10:07,340 INFO: avg err:0.3080 | err:0.4064 | hippo_05 cougar_03
2026-06-30 10:10:07,669 INFO: avg err:0.3084 | err:0.3755 | hippo_05 cougar_04
2026-06-30 10:10:07,922 INFO: avg err:0.3072 | err:0.1157 | hippo_05 hippo_01
2026-06-30 10:10:08,194 INFO: avg err:0.3056 | err:0.0472 | hippo_05 hippo_02
2026-06-30 10:10:08,442 INFO: avg err:0.3043 | err:0.0813 | hippo_05 hippo_03
2026-06-30 10:10:08,728 INFO: avg err:0.3032 | err:0.1228 | hippo_05 hippo_04
2026-06-30 10:10:09,024 INFO: avg err:0.3014 | err:0.0000 | hippo_05 hippo_05
2026-06-30 10:10:09,329 INFO: avg err:0.3003 | err:0.1072 | hippo_05 hippo_06
2026-06-30 10:10:09,592 INFO: avg err:0.3007 | err:0.3748 | hippo_05 horse_01
2026-06-30 10:10:09,813 INFO: avg err:0.3012 | err:0.3893 | hippo_05 horse_02
2026-06-30 10:10:10,089 INFO: avg err:0.3016 | err:0.3722 | hippo_05 horse_03
2026-06-30 10:10:10,421 INFO: avg err:0.3021 | err:0.3844 | hippo_05 horse_04
2026-06-30 10:10:10,699 INFO: avg err:0.3025 | err:0.3690 | hippo_05 horse_05
2026-06-30 10:10:10,897 INFO: avg err:0.3029 | err:0.3745 | hippo_05 horse_06
2026-06-30 10:10:11,283 INFO: avg err:0.3035 | err:0.4008 | hippo_05 horse_07
2026-06-30 10:10:11,556 INFO: avg err:0.3040 | err:0.3913 | hippo_05 horse_08
2026-06-30 10:10:11,891 INFO: avg err:0.3043 | err:0.3676 | hippo_05 horse_09
2026-06-30 10:10:12,137 INFO: avg err:0.3048 | err:0.3844 | hippo_05 horse_10
2026-06-30 10:10:12,372 INFO: avg err:0.3054 | err:0.4267 | hippo_06 cougar_01
2026-06-30 10:10:12,614 INFO: avg err:0.3060 | err:0.4152 | hippo_06 cougar_02
2026-06-30 10:10:12,934 INFO: avg err:0.3065 | err:0.3929 | hippo_06 cougar_03
2026-06-30 10:10:13,158 INFO: avg err:0.3071 | err:0.4135 | hippo_06 cougar_04
2026-06-30 10:10:13,575 INFO: avg err:0.3059 | err:0.0896 | hippo_06 hippo_01
2026-06-30 10:10:13,819 INFO: avg err:0.3044 | err:0.0189 | hippo_06 hippo_02
2026-06-30 10:10:14,135 INFO: avg err:0.3035 | err:0.1454 | hippo_06 hippo_03
2026-06-30 10:10:14,378 INFO: avg err:0.3026 | err:0.1271 | hippo_06 hippo_04
2026-06-30 10:10:14,648 INFO: avg err:0.3012 | err:0.0391 | hippo_06 hippo_05
2026-06-30 10:10:15,033 INFO: avg err:0.2996 | err:0.0000 | hippo_06 hippo_06
2026-06-30 10:10:15,306 INFO: avg err:0.3000 | err:0.3809 | hippo_06 horse_01
2026-06-30 10:10:15,607 INFO: avg err:0.3007 | err:0.4327 | hippo_06 horse_02
2026-06-30 10:10:15,821 INFO: avg err:0.3014 | err:0.4245 | hippo_06 horse_03
2026-06-30 10:10:16,235 INFO: avg err:0.3021 | err:0.4365 | hippo_06 horse_04
2026-06-30 10:10:16,484 INFO: avg err:0.3029 | err:0.4576 | hippo_06 horse_05
2026-06-30 10:10:16,838 INFO: avg err:0.3035 | err:0.4365 | hippo_06 horse_06
2026-06-30 10:10:17,070 INFO: avg err:0.3042 | err:0.4392 | hippo_06 horse_07
2026-06-30 10:10:17,463 INFO: avg err:0.3047 | err:0.4038 | hippo_06 horse_08
2026-06-30 10:10:17,667 INFO: avg err:0.3053 | err:0.4139 | hippo_06 horse_09
2026-06-30 10:10:18,016 INFO: avg err:0.3058 | err:0.4083 | hippo_06 horse_10
2026-06-30 10:10:18,256 INFO: avg err:0.3044 | err:0.0326 | horse_01 cougar_01
2026-06-30 10:10:18,647 INFO: avg err:0.3031 | err:0.0387 | horse_01 cougar_02
2026-06-30 10:10:18,886 INFO: avg err:0.3018 | err:0.0370 | horse_01 cougar_03
2026-06-30 10:10:19,194 INFO: avg err:0.3005 | err:0.0307 | horse_01 cougar_04
2026-06-30 10:10:19,418 INFO: avg err:0.3024 | err:0.6871 | horse_01 hippo_01
2026-06-30 10:10:19,827 INFO: avg err:0.3040 | err:0.6346 | horse_01 hippo_02
2026-06-30 10:10:20,017 INFO: avg err:0.3058 | err:0.6835 | horse_01 hippo_03
2026-06-30 10:10:20,454 INFO: avg err:0.3077 | err:0.7028 | horse_01 hippo_04
2026-06-30 10:10:20,668 INFO: avg err:0.3088 | err:0.5358 | horse_01 hippo_05
2026-06-30 10:10:20,987 INFO: avg err:0.3102 | err:0.5905 | horse_01 hippo_06
2026-06-30 10:10:21,191 INFO: avg err:0.3087 | err:0.0000 | horse_01 horse_01
2026-06-30 10:10:21,543 INFO: avg err:0.3073 | err:0.0173 | horse_01 horse_02
2026-06-30 10:10:21,766 INFO: avg err:0.3059 | err:0.0125 | horse_01 horse_03
2026-06-30 10:10:22,134 INFO: avg err:0.3046 | err:0.0209 | horse_01 horse_04
2026-06-30 10:10:22,378 INFO: avg err:0.3033 | err:0.0243 | horse_01 horse_05
2026-06-30 10:10:22,746 INFO: avg err:0.3020 | err:0.0207 | horse_01 horse_06
2026-06-30 10:10:22,986 INFO: avg err:0.3007 | err:0.0191 | horse_01 horse_07
2026-06-30 10:10:23,256 INFO: avg err:0.2994 | err:0.0168 | horse_01 horse_08
2026-06-30 10:10:23,460 INFO: avg err:0.2984 | err:0.0926 | horse_01 horse_09
2026-06-30 10:10:23,849 INFO: avg err:0.2976 | err:0.1188 | horse_01 horse_10
2026-06-30 10:10:24,104 INFO: avg err:0.2964 | err:0.0310 | horse_02 cougar_01
2026-06-30 10:10:24,478 INFO: avg err:0.2953 | err:0.0393 | horse_02 cougar_02
2026-06-30 10:10:24,806 INFO: avg err:0.2941 | err:0.0341 | horse_02 cougar_03
2026-06-30 10:10:25,068 INFO: avg err:0.2929 | err:0.0331 | horse_02 cougar_04
2026-06-30 10:10:25,270 INFO: avg err:0.2951 | err:0.7766 | horse_02 hippo_01
2026-06-30 10:10:25,566 INFO: avg err:0.2971 | err:0.7498 | horse_02 hippo_02
2026-06-30 10:10:25,848 INFO: avg err:0.2988 | err:0.6911 | horse_02 hippo_03
2026-06-30 10:10:26,166 INFO: avg err:0.3010 | err:0.8046 | horse_02 hippo_04
2026-06-30 10:10:26,393 INFO: avg err:0.3021 | err:0.5419 | horse_02 hippo_05
2026-06-30 10:10:26,658 INFO: avg err:0.3036 | err:0.6504 | horse_02 hippo_06
2026-06-30 10:10:26,951 INFO: avg err:0.3023 | err:0.0150 | horse_02 horse_01
2026-06-30 10:10:27,241 INFO: avg err:0.3010 | err:0.0000 | horse_02 horse_02
2026-06-30 10:10:27,501 INFO: avg err:0.2998 | err:0.0117 | horse_02 horse_03
2026-06-30 10:10:27,733 INFO: avg err:0.2986 | err:0.0168 | horse_02 horse_04
2026-06-30 10:10:28,007 INFO: avg err:0.2974 | err:0.0248 | horse_02 horse_05
2026-06-30 10:10:28,311 INFO: avg err:0.2963 | err:0.0203 | horse_02 horse_06
2026-06-30 10:10:28,602 INFO: avg err:0.2951 | err:0.0228 | horse_02 horse_07
2026-06-30 10:10:28,837 INFO: avg err:0.2939 | err:0.0124 | horse_02 horse_08
2026-06-30 10:10:29,047 INFO: avg err:0.2930 | err:0.0758 | horse_02 horse_09
2026-06-30 10:10:29,424 INFO: avg err:0.2923 | err:0.1235 | horse_02 horse_10
2026-06-30 10:10:29,708 INFO: avg err:0.2912 | err:0.0318 | horse_03 cougar_01
2026-06-30 10:10:30,039 INFO: avg err:0.2902 | err:0.0423 | horse_03 cougar_02
2026-06-30 10:10:30,254 INFO: avg err:0.2891 | err:0.0357 | horse_03 cougar_03
2026-06-30 10:10:30,600 INFO: avg err:0.2881 | err:0.0313 | horse_03 cougar_04
2026-06-30 10:10:30,851 INFO: avg err:0.2897 | err:0.6931 | horse_03 hippo_01
2026-06-30 10:10:31,199 INFO: avg err:0.2913 | err:0.6777 | horse_03 hippo_02
2026-06-30 10:10:31,452 INFO: avg err:0.2928 | err:0.6471 | horse_03 hippo_03
2026-06-30 10:10:31,668 INFO: avg err:0.2943 | err:0.6708 | horse_03 hippo_04
2026-06-30 10:10:31,897 INFO: avg err:0.2953 | err:0.5476 | horse_03 hippo_05
2026-06-30 10:10:32,209 INFO: avg err:0.2964 | err:0.5818 | horse_03 hippo_06
2026-06-30 10:10:32,488 INFO: avg err:0.2953 | err:0.0113 | horse_03 horse_01
2026-06-30 10:10:32,740 INFO: avg err:0.2942 | err:0.0103 | horse_03 horse_02
2026-06-30 10:10:32,981 INFO: avg err:0.2930 | err:0.0000 | horse_03 horse_03
2026-06-30 10:10:33,290 INFO: avg err:0.2919 | err:0.0203 | horse_03 horse_04
2026-06-30 10:10:33,550 INFO: avg err:0.2909 | err:0.0252 | horse_03 horse_05
2026-06-30 10:10:33,767 INFO: avg err:0.2898 | err:0.0223 | horse_03 horse_06
2026-06-30 10:10:33,966 INFO: avg err:0.2888 | err:0.0225 | horse_03 horse_07
2026-06-30 10:10:34,311 INFO: avg err:0.2877 | err:0.0134 | horse_03 horse_08
2026-06-30 10:10:34,564 INFO: avg err:0.2870 | err:0.0900 | horse_03 horse_09
2026-06-30 10:10:34,911 INFO: avg err:0.2863 | err:0.1185 | horse_03 horse_10
2026-06-30 10:10:35,114 INFO: avg err:0.2853 | err:0.0320 | horse_04 cougar_01
2026-06-30 10:10:35,552 INFO: avg err:0.2844 | err:0.0367 | horse_04 cougar_02
2026-06-30 10:10:35,769 INFO: avg err:0.2834 | err:0.0347 | horse_04 cougar_03
2026-06-30 10:10:36,178 INFO: avg err:0.2825 | err:0.0382 | horse_04 cougar_04
2026-06-30 10:10:36,393 INFO: avg err:0.2844 | err:0.7914 | horse_04 hippo_01
2026-06-30 10:10:36,651 INFO: avg err:0.2859 | err:0.6781 | horse_04 hippo_02
2026-06-30 10:10:36,859 INFO: avg err:0.2872 | err:0.6162 | horse_04 hippo_03
2026-06-30 10:10:37,257 INFO: avg err:0.2890 | err:0.7912 | horse_04 hippo_04
2026-06-30 10:10:37,507 INFO: avg err:0.2901 | err:0.5660 | horse_04 hippo_05
2026-06-30 10:10:37,864 INFO: avg err:0.2912 | err:0.5911 | horse_04 hippo_06
2026-06-30 10:10:38,096 INFO: avg err:0.2902 | err:0.0200 | horse_04 horse_01
2026-06-30 10:10:38,391 INFO: avg err:0.2892 | err:0.0158 | horse_04 horse_02
2026-06-30 10:10:38,589 INFO: avg err:0.2882 | err:0.0200 | horse_04 horse_03
2026-06-30 10:10:38,961 INFO: avg err:0.2871 | err:0.0000 | horse_04 horse_04
2026-06-30 10:10:39,208 INFO: avg err:0.2862 | err:0.0218 | horse_04 horse_05
2026-06-30 10:10:39,453 INFO: avg err:0.2852 | err:0.0264 | horse_04 horse_06
2026-06-30 10:10:39,677 INFO: avg err:0.2843 | err:0.0259 | horse_04 horse_07
2026-06-30 10:10:40,036 INFO: avg err:0.2833 | err:0.0181 | horse_04 horse_08
2026-06-30 10:10:40,248 INFO: avg err:0.2826 | err:0.0762 | horse_04 horse_09
2026-06-30 10:10:40,567 INFO: avg err:0.2820 | err:0.1294 | horse_04 horse_10
2026-06-30 10:10:40,789 INFO: avg err:0.2812 | err:0.0349 | horse_05 cougar_01
2026-06-30 10:10:41,212 INFO: avg err:0.2803 | err:0.0509 | horse_05 cougar_02
2026-06-30 10:10:41,466 INFO: avg err:0.2795 | err:0.0356 | horse_05 cougar_03
2026-06-30 10:10:41,805 INFO: avg err:0.2786 | err:0.0356 | horse_05 cougar_04
2026-06-30 10:10:42,022 INFO: avg err:0.2804 | err:0.7958 | horse_05 hippo_01
2026-06-30 10:10:42,349 INFO: avg err:0.2818 | err:0.6674 | horse_05 hippo_02
2026-06-30 10:10:42,572 INFO: avg err:0.2830 | err:0.6337 | horse_05 hippo_03
2026-06-30 10:10:42,890 INFO: avg err:0.2848 | err:0.8094 | horse_05 hippo_04
2026-06-30 10:10:43,134 INFO: avg err:0.2857 | err:0.5435 | horse_05 hippo_05
2026-06-30 10:10:43,569 INFO: avg err:0.2869 | err:0.6130 | horse_05 hippo_06
2026-06-30 10:10:43,813 INFO: avg err:0.2860 | err:0.0216 | horse_05 horse_01
2026-06-30 10:10:44,163 INFO: avg err:0.2850 | err:0.0197 | horse_05 horse_02
2026-06-30 10:10:44,366 INFO: avg err:0.2841 | err:0.0207 | horse_05 horse_03
2026-06-30 10:10:44,681 INFO: avg err:0.2833 | err:0.0215 | horse_05 horse_04
2026-06-30 10:10:44,903 INFO: avg err:0.2823 | err:0.0000 | horse_05 horse_05
2026-06-30 10:10:45,230 INFO: avg err:0.2814 | err:0.0280 | horse_05 horse_06
2026-06-30 10:10:45,428 INFO: avg err:0.2806 | err:0.0247 | horse_05 horse_07
2026-06-30 10:10:45,773 INFO: avg err:0.2797 | err:0.0208 | horse_05 horse_08
2026-06-30 10:10:45,978 INFO: avg err:0.2790 | err:0.0833 | horse_05 horse_09
2026-06-30 10:10:46,337 INFO: avg err:0.2785 | err:0.1031 | horse_05 horse_10
2026-06-30 10:10:46,594 INFO: avg err:0.2776 | err:0.0332 | horse_06 cougar_01
2026-06-30 10:10:46,789 INFO: avg err:0.2769 | err:0.0397 | horse_06 cougar_02
2026-06-30 10:10:47,078 INFO: avg err:0.2761 | err:0.0383 | horse_06 cougar_03
2026-06-30 10:10:47,430 INFO: avg err:0.2753 | err:0.0319 | horse_06 cougar_04
2026-06-30 10:10:47,670 INFO: avg err:0.2771 | err:0.8389 | horse_06 hippo_01
2026-06-30 10:10:47,901 INFO: avg err:0.2784 | err:0.6749 | horse_06 hippo_02
2026-06-30 10:10:48,162 INFO: avg err:0.2793 | err:0.5597 | horse_06 hippo_03
2026-06-30 10:10:48,577 INFO: avg err:0.2811 | err:0.8386 | horse_06 hippo_04
2026-06-30 10:10:48,824 INFO: avg err:0.2822 | err:0.6122 | horse_06 hippo_05
2026-06-30 10:10:49,111 INFO: avg err:0.2832 | err:0.5979 | horse_06 hippo_06
2026-06-30 10:10:49,326 INFO: avg err:0.2824 | err:0.0179 | horse_06 horse_01
2026-06-30 10:10:49,712 INFO: avg err:0.2815 | err:0.0185 | horse_06 horse_02
2026-06-30 10:10:49,954 INFO: avg err:0.2807 | err:0.0189 | horse_06 horse_03
2026-06-30 10:10:50,376 INFO: avg err:0.2799 | err:0.0269 | horse_06 horse_04
2026-06-30 10:10:50,597 INFO: avg err:0.2791 | err:0.0287 | horse_06 horse_05
2026-06-30 10:10:50,974 INFO: avg err:0.2782 | err:0.0000 | horse_06 horse_06
2026-06-30 10:10:51,182 INFO: avg err:0.2774 | err:0.0165 | horse_06 horse_07
2026-06-30 10:10:51,540 INFO: avg err:0.2766 | err:0.0214 | horse_06 horse_08
2026-06-30 10:10:51,776 INFO: avg err:0.2760 | err:0.0983 | horse_06 horse_09
2026-06-30 10:10:52,094 INFO: avg err:0.2755 | err:0.1226 | horse_06 horse_10
2026-06-30 10:10:52,310 INFO: avg err:0.2748 | err:0.0311 | horse_07 cougar_01
2026-06-30 10:10:52,598 INFO: avg err:0.2740 | err:0.0349 | horse_07 cougar_02
2026-06-30 10:10:52,834 INFO: avg err:0.2733 | err:0.0335 | horse_07 cougar_03
2026-06-30 10:10:53,256 INFO: avg err:0.2725 | err:0.0284 | horse_07 cougar_04
2026-06-30 10:10:53,509 INFO: avg err:0.2742 | err:0.8037 | horse_07 hippo_01
2026-06-30 10:10:53,870 INFO: avg err:0.2757 | err:0.7806 | horse_07 hippo_02
2026-06-30 10:10:54,097 INFO: avg err:0.2769 | err:0.6641 | horse_07 hippo_03
2026-06-30 10:10:54,407 INFO: avg err:0.2786 | err:0.8435 | horse_07 hippo_04
2026-06-30 10:10:54,634 INFO: avg err:0.2797 | err:0.6141 | horse_07 hippo_05
2026-06-30 10:10:54,985 INFO: avg err:0.2806 | err:0.5850 | horse_07 hippo_06
2026-06-30 10:10:55,227 INFO: avg err:0.2798 | err:0.0165 | horse_07 horse_01
2026-06-30 10:10:55,477 INFO: avg err:0.2790 | err:0.0209 | horse_07 horse_02
2026-06-30 10:10:55,676 INFO: avg err:0.2782 | err:0.0196 | horse_07 horse_03
2026-06-30 10:10:56,035 INFO: avg err:0.2775 | err:0.0246 | horse_07 horse_04
2026-06-30 10:10:56,258 INFO: avg err:0.2767 | err:0.0266 | horse_07 horse_05
2026-06-30 10:10:56,635 INFO: avg err:0.2759 | err:0.0186 | horse_07 horse_06
2026-06-30 10:10:56,884 INFO: avg err:0.2751 | err:0.0000 | horse_07 horse_07
2026-06-30 10:10:57,162 INFO: avg err:0.2744 | err:0.0190 | horse_07 horse_08
2026-06-30 10:10:57,375 INFO: avg err:0.2738 | err:0.0897 | horse_07 horse_09
2026-06-30 10:10:57,727 INFO: avg err:0.2734 | err:0.1293 | horse_07 horse_10
2026-06-30 10:10:57,959 INFO: avg err:0.2727 | err:0.0289 | horse_08 cougar_01
2026-06-30 10:10:58,235 INFO: avg err:0.2720 | err:0.0350 | horse_08 cougar_02
2026-06-30 10:10:58,420 INFO: avg err:0.2713 | err:0.0335 | horse_08 cougar_03
2026-06-30 10:10:58,795 INFO: avg err:0.2706 | err:0.0334 | horse_08 cougar_04
2026-06-30 10:10:59,049 INFO: avg err:0.2721 | err:0.7755 | horse_08 hippo_01
2026-06-30 10:10:59,351 INFO: avg err:0.2732 | err:0.6646 | horse_08 hippo_02
2026-06-30 10:10:59,541 INFO: avg err:0.2744 | err:0.7002 | horse_08 hippo_03
2026-06-30 10:10:59,876 INFO: avg err:0.2758 | err:0.7625 | horse_08 hippo_04
2026-06-30 10:11:00,107 INFO: avg err:0.2766 | err:0.5609 | horse_08 hippo_05
2026-06-30 10:11:00,468 INFO: avg err:0.2775 | err:0.5932 | horse_08 hippo_06
2026-06-30 10:11:00,691 INFO: avg err:0.2768 | err:0.0172 | horse_08 horse_01
2026-06-30 10:11:00,994 INFO: avg err:0.2761 | err:0.0127 | horse_08 horse_02
2026-06-30 10:11:01,199 INFO: avg err:0.2753 | err:0.0145 | horse_08 horse_03
2026-06-30 10:11:01,522 INFO: avg err:0.2746 | err:0.0191 | horse_08 horse_04
2026-06-30 10:11:01,735 INFO: avg err:0.2739 | err:0.0240 | horse_08 horse_05
2026-06-30 10:11:02,076 INFO: avg err:0.2732 | err:0.0251 | horse_08 horse_06
2026-06-30 10:11:02,286 INFO: avg err:0.2725 | err:0.0213 | horse_08 horse_07
2026-06-30 10:11:02,661 INFO: avg err:0.2717 | err:0.0000 | horse_08 horse_08
2026-06-30 10:11:02,895 INFO: avg err:0.2712 | err:0.0816 | horse_08 horse_09
2026-06-30 10:11:03,246 INFO: avg err:0.2708 | err:0.1159 | horse_08 horse_10
2026-06-30 10:11:03,435 INFO: avg err:0.2702 | err:0.0546 | horse_09 cougar_01
2026-06-30 10:11:03,703 INFO: avg err:0.2696 | err:0.0655 | horse_09 cougar_02
2026-06-30 10:11:03,936 INFO: avg err:0.2690 | err:0.0579 | horse_09 cougar_03
2026-06-30 10:11:04,276 INFO: avg err:0.2684 | err:0.0620 | horse_09 cougar_04
2026-06-30 10:11:04,504 INFO: avg err:0.2695 | err:0.6629 | horse_09 hippo_01
2026-06-30 10:11:04,783 INFO: avg err:0.2706 | err:0.6593 | horse_09 hippo_02
2026-06-30 10:11:05,018 INFO: avg err:0.2713 | err:0.5341 | horse_09 hippo_03
2026-06-30 10:11:05,437 INFO: avg err:0.2724 | err:0.6879 | horse_09 hippo_04
2026-06-30 10:11:05,643 INFO: avg err:0.2732 | err:0.5374 | horse_09 hippo_05
2026-06-30 10:11:06,003 INFO: avg err:0.2739 | err:0.5545 | horse_09 hippo_06
2026-06-30 10:11:06,224 INFO: avg err:0.2733 | err:0.0478 | horse_09 horse_01
2026-06-30 10:11:06,494 INFO: avg err:0.2727 | err:0.0498 | horse_09 horse_02
2026-06-30 10:11:06,783 INFO: avg err:0.2721 | err:0.0569 | horse_09 horse_03
2026-06-30 10:11:07,075 INFO: avg err:0.2715 | err:0.0377 | horse_09 horse_04
2026-06-30 10:11:07,275 INFO: avg err:0.2710 | err:0.0689 | horse_09 horse_05
2026-06-30 10:11:07,592 INFO: avg err:0.2704 | err:0.0639 | horse_09 horse_06
2026-06-30 10:11:07,804 INFO: avg err:0.2698 | err:0.0546 | horse_09 horse_07
2026-06-30 10:11:08,230 INFO: avg err:0.2692 | err:0.0305 | horse_09 horse_08
2026-06-30 10:11:08,477 INFO: avg err:0.2685 | err:0.0000 | horse_09 horse_09
2026-06-30 10:11:08,841 INFO: avg err:0.2678 | err:0.0192 | horse_09 horse_10
2026-06-30 10:11:09,117 INFO: avg err:0.2675 | err:0.1252 | horse_10 cougar_01
2026-06-30 10:11:09,438 INFO: avg err:0.2671 | err:0.1350 | horse_10 cougar_02
2026-06-30 10:11:09,626 INFO: avg err:0.2668 | err:0.1438 | horse_10 cougar_03
2026-06-30 10:11:09,983 INFO: avg err:0.2665 | err:0.1337 | horse_10 cougar_04
2026-06-30 10:11:10,230 INFO: avg err:0.2677 | err:0.7311 | horse_10 hippo_01
2026-06-30 10:11:10,600 INFO: avg err:0.2685 | err:0.5764 | horse_10 hippo_02
2026-06-30 10:11:10,816 INFO: avg err:0.2694 | err:0.6286 | horse_10 hippo_03
2026-06-30 10:11:11,232 INFO: avg err:0.2705 | err:0.7169 | horse_10 hippo_04
2026-06-30 10:11:11,430 INFO: avg err:0.2713 | err:0.5485 | horse_10 hippo_05
2026-06-30 10:11:11,761 INFO: avg err:0.2719 | err:0.5269 | horse_10 hippo_06
2026-06-30 10:11:11,961 INFO: avg err:0.2714 | err:0.0897 | horse_10 horse_01
2026-06-30 10:11:12,323 INFO: avg err:0.2710 | err:0.1146 | horse_10 horse_02
2026-06-30 10:11:12,564 INFO: avg err:0.2706 | err:0.1081 | horse_10 horse_03
2026-06-30 10:11:12,987 INFO: avg err:0.2702 | err:0.0871 | horse_10 horse_04
2026-06-30 10:11:13,245 INFO: avg err:0.2698 | err:0.1222 | horse_10 horse_05
2026-06-30 10:11:13,510 INFO: avg err:0.2694 | err:0.0961 | horse_10 horse_06
2026-06-30 10:11:13,721 INFO: avg err:0.2689 | err:0.1080 | horse_10 horse_07
2026-06-30 10:11:14,047 INFO: avg err:0.2685 | err:0.1039 | horse_10 horse_08
2026-06-30 10:11:14,269 INFO: avg err:0.2679 | err:0.0196 | horse_10 horse_09
2026-06-30 10:11:14,576 INFO: avg err:0.2672 | err:0.0000 | horse_10 horse_10
2026-06-30 10:11:14,603 INFO: Avg time: 0.0713
2026-06-30 10:11:15,039 INFO: Val auc: 0.5345
2026-06-30 10:11:15,047 INFO: Val avg error: 0.2672
2026-06-30 10:11:15,052 INFO: Best model is updated, average geodesic error: 0.2672
2026-06-30 10:11:15,110 INFO: [ONB diag] max|Q-I|: mean=3.4168e-07 max=4.7684e-07 | max|Φ̃ᵀMΦ̃-I|: mean=3.4168e-07 max=4.7684e-07
2026-06-30 10:11:19,085 INFO: [smal_..][epoch:  5, iter:   4,020, lr:(9.141e-04,)][eta: 0:54:10, time (data): 0.178 (0.029)]l_bij: 1.2605e+02 l_orth: 1.2565e+02 l_align: 9.7587e+01 l_total: 3.4929e+02 
2026-06-30 10:11:22,998 INFO: [smal_..][epoch:  5, iter:   4,040, lr:(9.141e-04,)][eta: 0:54:01, time (data): 0.196 (0.016)]l_bij: 1.0398e+02 l_orth: 1.0880e+02 l_align: 9.0423e+01 l_total: 3.0320e+02 
2026-06-30 10:11:27,046 INFO: [smal_..][epoch:  5, iter:   4,060, lr:(9.141e-04,)][eta: 0:53:53, time (data): 0.199 (0.016)]l_bij: 8.4018e+01 l_orth: 9.6778e+01 l_align: 8.7580e+01 l_total: 2.6838e+02 
2026-06-30 10:11:31,055 INFO: [smal_..][epoch:  5, iter:   4,080, lr:(9.141e-04,)][eta: 0:53:45, time (data): 0.199 (0.016)]l_bij: 8.4361e+01 l_orth: 9.4979e+01 l_align: 8.1664e+01 l_total: 2.6100e+02 
2026-06-30 10:11:35,079 INFO: [smal_..][epoch:  5, iter:   4,100, lr:(9.141e-04,)][eta: 0:53:36, time (data): 0.200 (0.016)]l_bij: 1.0407e+02 l_orth: 1.0735e+02 l_align: 8.3603e+01 l_total: 2.9502e+02 
2026-06-30 10:11:39,051 INFO: [smal_..][epoch:  5, iter:   4,120, lr:(9.141e-04,)][eta: 0:53:28, time (data): 0.200 (0.016)]l_bij: 9.3760e+01 l_orth: 1.0222e+02 l_align: 8.7598e+01 l_total: 2.8358e+02 
2026-06-30 10:11:43,062 INFO: [smal_..][epoch:  5, iter:   4,140, lr:(9.141e-04,)][eta: 0:53:20, time (data): 0.200 (0.016)]l_bij: 1.0955e+02 l_orth: 1.1609e+02 l_align: 9.3047e+01 l_total: 3.1868e+02 
2026-06-30 10:11:47,025 INFO: [smal_..][epoch:  5, iter:   4,160, lr:(9.141e-04,)][eta: 0:53:11, time (data): 0.199 (0.016)]l_bij: 9.1236e+01 l_orth: 9.7847e+01 l_align: 8.3844e+01 l_total: 2.7293e+02 
2026-06-30 10:11:50,891 INFO: [smal_..][epoch:  5, iter:   4,180, lr:(9.141e-04,)][eta: 0:53:03, time (data): 0.199 (0.016)]l_bij: 9.0397e+01 l_orth: 9.9916e+01 l_align: 8.2577e+01 l_total: 2.7289e+02 
2026-06-30 10:11:55,010 INFO: [smal_..][epoch:  5, iter:   4,200, lr:(9.141e-04,)][eta: 0:52:55, time (data): 0.199 (0.016)]l_bij: 1.1325e+02 l_orth: 1.1813e+02 l_align: 9.1774e+01 l_total: 3.2315e+02 
2026-06-30 10:11:59,360 INFO: [smal_..][epoch:  6, iter:   4,220, lr:(8.682e-04,)][eta: 0:52:48, time (data): 0.201 (0.017)]l_bij: 9.0866e+01 l_orth: 1.0201e+02 l_align: 8.7316e+01 l_total: 2.8019e+02 
2026-06-30 10:12:03,582 INFO: [smal_..][epoch:  6, iter:   4,240, lr:(8.682e-04,)][eta: 0:52:41, time (data): 0.213 (0.024)]l_bij: 1.1337e+02 l_orth: 1.1558e+02 l_align: 9.2356e+01 l_total: 3.2130e+02 
2026-06-30 10:12:07,576 INFO: [smal_..][epoch:  6, iter:   4,260, lr:(8.682e-04,)][eta: 0:52:32, time (data): 0.206 (0.020)]l_bij: 9.4193e+01 l_orth: 1.0158e+02 l_align: 8.7193e+01 l_total: 2.8296e+02 
2026-06-30 10:12:11,665 INFO: [smal_..][epoch:  6, iter:   4,280, lr:(8.682e-04,)][eta: 0:52:25, time (data): 0.206 (0.019)]l_bij: 1.0429e+02 l_orth: 1.1235e+02 l_align: 9.3846e+01 l_total: 3.1048e+02 
2026-06-30 10:12:15,744 INFO: [smal_..][epoch:  6, iter:   4,300, lr:(8.682e-04,)][eta: 0:52:17, time (data): 0.205 (0.018)]l_bij: 1.0222e+02 l_orth: 1.0755e+02 l_align: 9.0704e+01 l_total: 3.0047e+02 
2026-06-30 10:12:19,712 INFO: [smal_..][epoch:  6, iter:   4,320, lr:(8.682e-04,)][eta: 0:52:09, time (data): 0.204 (0.018)]l_bij: 1.1366e+02 l_orth: 1.1809e+02 l_align: 9.3705e+01 l_total: 3.2546e+02 
2026-06-30 10:12:23,681 INFO: [smal_..][epoch:  6, iter:   4,340, lr:(8.682e-04,)][eta: 0:52:01, time (data): 0.203 (0.017)]l_bij: 1.0531e+02 l_orth: 1.1063e+02 l_align: 8.8493e+01 l_total: 3.0444e+02 
2026-06-30 10:12:27,790 INFO: [smal_..][epoch:  6, iter:   4,360, lr:(8.682e-04,)][eta: 0:51:53, time (data): 0.203 (0.017)]l_bij: 9.5464e+01 l_orth: 1.0320e+02 l_align: 8.2537e+01 l_total: 2.8120e+02 
2026-06-30 10:12:31,825 INFO: [smal_..][epoch:  6, iter:   4,380, lr:(8.682e-04,)][eta: 0:51:46, time (data): 0.203 (0.017)]l_bij: 1.1379e+02 l_orth: 1.1603e+02 l_align: 8.8805e+01 l_total: 3.1863e+02 
2026-06-30 10:12:35,747 INFO: [smal_..][epoch:  6, iter:   4,400, lr:(8.682e-04,)][eta: 0:51:38, time (data): 0.202 (0.017)]l_bij: 5.0568e+01 l_orth: 6.9515e+01 l_align: 8.7770e+01 l_total: 2.0785e+02 
2026-06-30 10:12:39,779 INFO: [smal_..][epoch:  6, iter:   4,420, lr:(8.682e-04,)][eta: 0:51:30, time (data): 0.202 (0.017)]l_bij: 1.1417e+02 l_orth: 1.1666e+02 l_align: 8.9771e+01 l_total: 3.2060e+02 
2026-06-30 10:12:43,895 INFO: [smal_..][epoch:  6, iter:   4,440, lr:(8.682e-04,)][eta: 0:51:23, time (data): 0.206 (0.016)]l_bij: 1.0738e+02 l_orth: 1.1378e+02 l_align: 9.0087e+01 l_total: 3.1125e+02 
2026-06-30 10:12:47,854 INFO: [smal_..][epoch:  6, iter:   4,460, lr:(8.682e-04,)][eta: 0:51:15, time (data): 0.202 (0.016)]l_bij: 9.6140e+01 l_orth: 1.0610e+02 l_align: 9.0262e+01 l_total: 2.9250e+02 
2026-06-30 10:12:51,743 INFO: [smal_..][epoch:  6, iter:   4,480, lr:(8.682e-04,)][eta: 0:51:07, time (data): 0.199 (0.016)]l_bij: 9.3434e+01 l_orth: 1.0164e+02 l_align: 8.5617e+01 l_total: 2.8070e+02 
2026-06-30 10:12:55,825 INFO: [smal_..][epoch:  6, iter:   4,500, lr:(8.682e-04,)][eta: 0:50:59, time (data): 0.200 (0.016)]l_bij: 1.2505e+02 l_orth: 1.2655e+02 l_align: 9.5184e+01 l_total: 3.4679e+02 
2026-06-30 10:12:59,504 INFO: [smal_..][epoch:  6, iter:   4,520, lr:(8.682e-04,)][eta: 0:50:51, time (data): 0.197 (0.016)]l_bij: 8.8961e+01 l_orth: 9.7720e+01 l_align: 7.9659e+01 l_total: 2.6634e+02 
2026-06-30 10:13:03,670 INFO: [smal_..][epoch:  6, iter:   4,540, lr:(8.682e-04,)][eta: 0:50:44, time (data): 0.199 (0.016)]l_bij: 1.2016e+02 l_orth: 1.2175e+02 l_align: 9.5142e+01 l_total: 3.3705e+02 
2026-06-30 10:13:07,737 INFO: [smal_..][epoch:  6, iter:   4,560, lr:(8.682e-04,)][eta: 0:50:36, time (data): 0.200 (0.016)]l_bij: 1.0617e+02 l_orth: 1.0984e+02 l_align: 9.7489e+01 l_total: 3.1350e+02 
2026-06-30 10:13:11,820 INFO: [smal_..][epoch:  6, iter:   4,580, lr:(8.682e-04,)][eta: 0:50:29, time (data): 0.200 (0.016)]l_bij: 1.0662e+02 l_orth: 1.1227e+02 l_align: 8.8269e+01 l_total: 3.0716e+02 
2026-06-30 10:13:15,885 INFO: [smal_..][epoch:  6, iter:   4,600, lr:(8.682e-04,)][eta: 0:50:22, time (data): 0.200 (0.016)]l_bij: 1.1690e+02 l_orth: 1.1908e+02 l_align: 9.6080e+01 l_total: 3.3206e+02 
2026-06-30 10:13:19,997 INFO: [smal_..][epoch:  6, iter:   4,620, lr:(8.682e-04,)][eta: 0:50:15, time (data): 0.201 (0.016)]l_bij: 1.0336e+02 l_orth: 1.0821e+02 l_align: 8.5004e+01 l_total: 2.9658e+02 
2026-06-30 10:13:24,004 INFO: [smal_..][epoch:  6, iter:   4,640, lr:(8.682e-04,)][eta: 0:50:07, time (data): 0.201 (0.016)]l_bij: 1.0436e+02 l_orth: 1.1164e+02 l_align: 8.7163e+01 l_total: 3.0317e+02 
2026-06-30 10:13:28,057 INFO: [smal_..][epoch:  6, iter:   4,660, lr:(8.682e-04,)][eta: 0:50:00, time (data): 0.202 (0.016)]l_bij: 8.1332e+01 l_orth: 9.5111e+01 l_align: 8.2414e+01 l_total: 2.5886e+02 
2026-06-30 10:13:32,132 INFO: [smal_..][epoch:  6, iter:   4,680, lr:(8.682e-04,)][eta: 0:49:53, time (data): 0.202 (0.016)]l_bij: 1.1245e+02 l_orth: 1.1674e+02 l_align: 9.0229e+01 l_total: 3.1942e+02 
2026-06-30 10:13:36,208 INFO: [smal_..][epoch:  6, iter:   4,700, lr:(8.682e-04,)][eta: 0:49:46, time (data): 0.203 (0.016)]l_bij: 1.1625e+02 l_orth: 1.2040e+02 l_align: 9.1537e+01 l_total: 3.2819e+02 
2026-06-30 10:13:40,213 INFO: [smal_..][epoch:  6, iter:   4,720, lr:(8.682e-04,)][eta: 0:49:38, time (data): 0.202 (0.016)]l_bij: 1.1410e+02 l_orth: 1.1907e+02 l_align: 8.9650e+01 l_total: 3.2282e+02 
2026-06-30 10:13:44,225 INFO: [smal_..][epoch:  6, iter:   4,740, lr:(8.682e-04,)][eta: 0:49:31, time (data): 0.202 (0.016)]l_bij: 7.3246e+01 l_orth: 8.6511e+01 l_align: 8.1512e+01 l_total: 2.4127e+02 
2026-06-30 10:13:48,244 INFO: [smal_..][epoch:  6, iter:   4,760, lr:(8.682e-04,)][eta: 0:49:24, time (data): 0.202 (0.016)]l_bij: 1.2826e+02 l_orth: 1.2915e+02 l_align: 9.2571e+01 l_total: 3.4998e+02 
2026-06-30 10:13:52,479 INFO: [smal_..][epoch:  6, iter:   4,780, lr:(8.682e-04,)][eta: 0:49:17, time (data): 0.203 (0.016)]l_bij: 9.5621e+01 l_orth: 1.0372e+02 l_align: 8.6002e+01 l_total: 2.8535e+02 
2026-06-30 10:13:56,635 INFO: [smal_..][epoch:  6, iter:   4,800, lr:(8.682e-04,)][eta: 0:49:11, time (data): 0.204 (0.016)]l_bij: 1.1555e+02 l_orth: 1.1885e+02 l_align: 9.3211e+01 l_total: 3.2761e+02 
2026-06-30 10:14:00,574 INFO: [smal_..][epoch:  6, iter:   4,820, lr:(8.682e-04,)][eta: 0:49:03, time (data): 0.203 (0.016)]l_bij: 1.1307e+02 l_orth: 1.1641e+02 l_align: 8.8475e+01 l_total: 3.1795e+02 
2026-06-30 10:14:04,670 INFO: [smal_..][epoch:  6, iter:   4,840, lr:(8.682e-04,)][eta: 0:48:56, time (data): 0.205 (0.016)]l_bij: 1.2757e+02 l_orth: 1.2991e+02 l_align: 8.8802e+01 l_total: 3.4627e+02 
2026-06-30 10:14:08,764 INFO: [smal_..][epoch:  6, iter:   4,860, lr:(8.682e-04,)][eta: 0:48:49, time (data): 0.205 (0.017)]l_bij: 7.1760e+01 l_orth: 8.8462e+01 l_align: 8.5999e+01 l_total: 2.4622e+02 
2026-06-30 10:14:12,923 INFO: [smal_..][epoch:  6, iter:   4,880, lr:(8.682e-04,)][eta: 0:48:43, time (data): 0.206 (0.017)]l_bij: 1.2831e+02 l_orth: 1.2885e+02 l_align: 9.5447e+01 l_total: 3.5261e+02 
2026-06-30 10:14:16,944 INFO: [smal_..][epoch:  6, iter:   4,900, lr:(8.682e-04,)][eta: 0:48:36, time (data): 0.204 (0.017)]l_bij: 8.6303e+01 l_orth: 9.4381e+01 l_align: 8.1242e+01 l_total: 2.6193e+02 
2026-06-30 10:14:21,008 INFO: [smal_..][epoch:  6, iter:   4,920, lr:(8.682e-04,)][eta: 0:48:29, time (data): 0.204 (0.017)]l_bij: 8.5595e+01 l_orth: 9.8483e+01 l_align: 8.7232e+01 l_total: 2.7131e+02 
2026-06-30 10:14:25,027 INFO: [smal_..][epoch:  6, iter:   4,940, lr:(8.682e-04,)][eta: 0:48:22, time (data): 0.204 (0.017)]l_bij: 1.1226e+02 l_orth: 1.1518e+02 l_align: 8.5849e+01 l_total: 3.1329e+02 
2026-06-30 10:14:29,025 INFO: [smal_..][epoch:  6, iter:   4,960, lr:(8.682e-04,)][eta: 0:48:15, time (data): 0.203 (0.017)]l_bij: 7.5700e+01 l_orth: 8.9930e+01 l_align: 8.1909e+01 l_total: 2.4754e+02 
2026-06-30 10:14:33,170 INFO: [smal_..][epoch:  6, iter:   4,980, lr:(8.682e-04,)][eta: 0:48:08, time (data): 0.204 (0.017)]l_bij: 1.0144e+02 l_orth: 1.0733e+02 l_align: 8.7473e+01 l_total: 2.9624e+02 
2026-06-30 10:14:37,237 INFO: [smal_..][epoch:  6, iter:   5,000, lr:(8.682e-04,)][eta: 0:48:01, time (data): 0.204 (0.017)]l_bij: 1.2333e+02 l_orth: 1.2352e+02 l_align: 9.4692e+01 l_total: 3.4154e+02 
2026-06-30 10:14:41,308 INFO: [smal_..][epoch:  6, iter:   5,020, lr:(8.682e-04,)][eta: 0:47:55, time (data): 0.204 (0.017)]l_bij: 1.0509e+02 l_orth: 1.0805e+02 l_align: 8.1666e+01 l_total: 2.9480e+02 
2026-06-30 10:14:45,422 INFO: [smal_..][epoch:  6, iter:   5,040, lr:(8.682e-04,)][eta: 0:47:48, time (data): 0.201 (0.017)]l_bij: 1.0764e+02 l_orth: 1.1119e+02 l_align: 8.6418e+01 l_total: 3.0524e+02 
2026-06-30 10:14:49,695 INFO: [smal_..][epoch:  7, iter:   5,060, lr:(8.145e-04,)][eta: 0:47:42, time (data): 0.208 (0.022)]l_bij: 1.0599e+02 l_orth: 1.1396e+02 l_align: 8.9994e+01 l_total: 3.0994e+02 
2026-06-30 10:14:53,851 INFO: [smal_..][epoch:  7, iter:   5,080, lr:(8.145e-04,)][eta: 0:47:35, time (data): 0.208 (0.021)]l_bij: 2.6637e+01 l_orth: 6.1218e+01 l_align: 1.1143e+02 l_total: 1.9929e+02 
2026-06-30 10:14:57,966 INFO: [smal_..][epoch:  7, iter:   5,100, lr:(8.145e-04,)][eta: 0:47:29, time (data): 0.207 (0.020)]l_bij: 8.0220e+01 l_orth: 9.1669e+01 l_align: 8.2931e+01 l_total: 2.5482e+02 
2026-06-30 10:15:02,219 INFO: [smal_..][epoch:  7, iter:   5,120, lr:(8.145e-04,)][eta: 0:47:22, time (data): 0.209 (0.020)]l_bij: 8.8934e+00 l_orth: 4.6138e+01 l_align: 1.0395e+02 l_total: 1.5898e+02 
2026-06-30 10:15:06,278 INFO: [smal_..][epoch:  7, iter:   5,140, lr:(8.145e-04,)][eta: 0:47:16, time (data): 0.208 (0.019)]l_bij: 9.8503e+01 l_orth: 1.0345e+02 l_align: 8.2343e+01 l_total: 2.8430e+02 
2026-06-30 10:15:10,221 INFO: [smal_..][epoch:  7, iter:   5,160, lr:(8.145e-04,)][eta: 0:47:09, time (data): 0.206 (0.019)]l_bij: 1.1853e+02 l_orth: 1.2010e+02 l_align: 9.2622e+01 l_total: 3.3125e+02 
2026-06-30 10:15:14,178 INFO: [smal_..][epoch:  7, iter:   5,180, lr:(8.145e-04,)][eta: 0:47:02, time (data): 0.205 (0.018)]l_bij: 9.0161e+01 l_orth: 9.7454e+01 l_align: 7.9615e+01 l_total: 2.6723e+02 
2026-06-30 10:15:18,232 INFO: [smal_..][epoch:  7, iter:   5,200, lr:(8.145e-04,)][eta: 0:46:55, time (data): 0.205 (0.018)]l_bij: 8.9077e+01 l_orth: 1.0047e+02 l_align: 8.7501e+01 l_total: 2.7704e+02 
2026-06-30 10:15:22,283 INFO: [smal_..][epoch:  7, iter:   5,220, lr:(8.145e-04,)][eta: 0:46:49, time (data): 0.204 (0.018)]l_bij: 1.2049e+02 l_orth: 1.2264e+02 l_align: 8.5171e+01 l_total: 3.2831e+02 
2026-06-30 10:15:26,313 INFO: [smal_..][epoch:  7, iter:   5,240, lr:(8.145e-04,)][eta: 0:46:42, time (data): 0.201 (0.017)]l_bij: 1.1824e+02 l_orth: 1.1895e+02 l_align: 9.4280e+01 l_total: 3.3147e+02 
2026-06-30 10:15:30,341 INFO: [smal_..][epoch:  7, iter:   5,260, lr:(8.145e-04,)][eta: 0:46:35, time (data): 0.201 (0.016)]l_bij: 5.8267e+01 l_orth: 8.0884e+01 l_align: 9.0255e+01 l_total: 2.2941e+02 
2026-06-30 10:15:34,326 INFO: [smal_..][epoch:  7, iter:   5,280, lr:(8.145e-04,)][eta: 0:46:29, time (data): 0.200 (0.016)]l_bij: 1.2006e+02 l_orth: 1.2284e+02 l_align: 9.3673e+01 l_total: 3.3657e+02 
2026-06-30 10:15:38,276 INFO: [smal_..][epoch:  7, iter:   5,300, lr:(8.145e-04,)][eta: 0:46:22, time (data): 0.200 (0.016)]l_bij: 9.6981e+01 l_orth: 1.0383e+02 l_align: 8.0762e+01 l_total: 2.8158e+02 
2026-06-30 10:15:42,237 INFO: [smal_..][epoch:  7, iter:   5,320, lr:(8.145e-04,)][eta: 0:46:15, time (data): 0.199 (0.016)]l_bij: 1.1395e+02 l_orth: 1.1914e+02 l_align: 8.8667e+01 l_total: 3.2176e+02 
2026-06-30 10:15:46,213 INFO: [smal_..][epoch:  7, iter:   5,340, lr:(8.145e-04,)][eta: 0:46:08, time (data): 0.199 (0.016)]l_bij: 4.8340e+01 l_orth: 7.2262e+01 l_align: 8.7008e+01 l_total: 2.0761e+02 
2026-06-30 10:15:50,159 INFO: [smal_..][epoch:  7, iter:   5,360, lr:(8.145e-04,)][eta: 0:46:02, time (data): 0.199 (0.016)]l_bij: 6.3001e+01 l_orth: 8.8327e+01 l_align: 9.1815e+01 l_total: 2.4314e+02 
2026-06-30 10:15:54,212 INFO: [smal_..][epoch:  7, iter:   5,380, lr:(8.145e-04,)][eta: 0:45:55, time (data): 0.199 (0.016)]l_bij: 1.0705e+02 l_orth: 1.1244e+02 l_align: 9.2831e+01 l_total: 3.1233e+02 
2026-06-30 10:15:58,126 INFO: [smal_..][epoch:  7, iter:   5,400, lr:(8.145e-04,)][eta: 0:45:49, time (data): 0.199 (0.016)]l_bij: 5.6465e+01 l_orth: 8.1394e+01 l_align: 9.5487e+01 l_total: 2.3335e+02 
2026-06-30 10:16:02,097 INFO: [smal_..][epoch:  7, iter:   5,420, lr:(8.145e-04,)][eta: 0:45:42, time (data): 0.199 (0.016)]l_bij: 1.1623e+02 l_orth: 1.1886e+02 l_align: 9.4409e+01 l_total: 3.2949e+02 
2026-06-30 10:16:05,976 INFO: [smal_..][epoch:  7, iter:   5,440, lr:(8.145e-04,)][eta: 0:45:35, time (data): 0.193 (0.015)]l_bij: 7.3811e+01 l_orth: 8.9435e+01 l_align: 8.1720e+01 l_total: 2.4497e+02 
2026-06-30 10:16:09,815 INFO: [smal_..][epoch:  7, iter:   5,460, lr:(8.145e-04,)][eta: 0:45:28, time (data): 0.192 (0.015)]l_bij: 1.2402e+02 l_orth: 1.2457e+02 l_align: 9.1932e+01 l_total: 3.4052e+02 
2026-06-30 10:16:13,932 INFO: [smal_..][epoch:  7, iter:   5,480, lr:(8.145e-04,)][eta: 0:45:22, time (data): 0.197 (0.016)]l_bij: 1.0937e+02 l_orth: 1.1441e+02 l_align: 9.5653e+01 l_total: 3.1943e+02 
2026-06-30 10:16:18,018 INFO: [smal_..][epoch:  7, iter:   5,500, lr:(8.145e-04,)][eta: 0:45:16, time (data): 0.199 (0.016)]l_bij: 1.0107e+02 l_orth: 1.0666e+02 l_align: 8.2944e+01 l_total: 2.9067e+02 
2026-06-30 10:16:22,040 INFO: [smal_..][epoch:  7, iter:   5,520, lr:(8.145e-04,)][eta: 0:45:10, time (data): 0.200 (0.016)]l_bij: 8.6137e+01 l_orth: 9.6283e+01 l_align: 7.5340e+01 l_total: 2.5776e+02 
2026-06-30 10:16:26,007 INFO: [smal_..][epoch:  7, iter:   5,540, lr:(8.145e-04,)][eta: 0:45:03, time (data): 0.199 (0.016)]l_bij: 1.0454e+02 l_orth: 1.1205e+02 l_align: 8.7592e+01 l_total: 3.0418e+02 
2026-06-30 10:16:30,007 INFO: [smal_..][epoch:  7, iter:   5,560, lr:(8.145e-04,)][eta: 0:44:57, time (data): 0.199 (0.016)]l_bij: 1.2455e+02 l_orth: 1.2440e+02 l_align: 8.9976e+01 l_total: 3.3892e+02 
2026-06-30 10:16:33,933 INFO: [smal_..][epoch:  7, iter:   5,580, lr:(8.145e-04,)][eta: 0:44:50, time (data): 0.199 (0.016)]l_bij: 8.9837e+01 l_orth: 9.9101e+01 l_align: 8.7060e+01 l_total: 2.7600e+02 
2026-06-30 10:16:37,862 INFO: [smal_..][epoch:  7, iter:   5,600, lr:(8.145e-04,)][eta: 0:44:44, time (data): 0.199 (0.016)]l_bij: 1.0760e+02 l_orth: 1.1799e+02 l_align: 8.6976e+01 l_total: 3.1257e+02 
2026-06-30 10:16:41,962 INFO: [smal_..][epoch:  7, iter:   5,620, lr:(8.145e-04,)][eta: 0:44:37, time (data): 0.199 (0.016)]l_bij: 1.0952e+02 l_orth: 1.1211e+02 l_align: 8.8460e+01 l_total: 3.1009e+02 
2026-06-30 10:16:45,914 INFO: [smal_..][epoch:  7, iter:   5,640, lr:(8.145e-04,)][eta: 0:44:31, time (data): 0.195 (0.015)]l_bij: 1.0745e+02 l_orth: 1.1387e+02 l_align: 8.9819e+01 l_total: 3.1114e+02 
2026-06-30 10:16:50,004 INFO: [smal_..][epoch:  7, iter:   5,660, lr:(8.145e-04,)][eta: 0:44:25, time (data): 0.201 (0.015)]l_bij: 1.1360e+02 l_orth: 1.1976e+02 l_align: 8.8920e+01 l_total: 3.2228e+02 
2026-06-30 10:16:54,122 INFO: [smal_..][epoch:  7, iter:   5,680, lr:(8.145e-04,)][eta: 0:44:19, time (data): 0.203 (0.016)]l_bij: 1.0365e+02 l_orth: 1.1044e+02 l_align: 8.4657e+01 l_total: 2.9875e+02 
2026-06-30 10:16:58,155 INFO: [smal_..][epoch:  7, iter:   5,700, lr:(8.145e-04,)][eta: 0:44:13, time (data): 0.202 (0.016)]l_bij: 9.4186e+01 l_orth: 1.0035e+02 l_align: 8.0421e+01 l_total: 2.7495e+02 
2026-06-30 10:17:02,140 INFO: [smal_..][epoch:  7, iter:   5,720, lr:(8.145e-04,)][eta: 0:44:06, time (data): 0.202 (0.016)]l_bij: 8.2716e+01 l_orth: 9.3862e+01 l_align: 8.6823e+01 l_total: 2.6340e+02 
2026-06-30 10:17:06,158 INFO: [smal_..][epoch:  7, iter:   5,740, lr:(8.145e-04,)][eta: 0:44:00, time (data): 0.202 (0.016)]l_bij: 7.2739e+01 l_orth: 8.8340e+01 l_align: 8.5980e+01 l_total: 2.4706e+02 
2026-06-30 10:17:10,122 INFO: [smal_..][epoch:  7, iter:   5,760, lr:(8.145e-04,)][eta: 0:43:54, time (data): 0.201 (0.016)]l_bij: 6.9320e+01 l_orth: 8.3376e+01 l_align: 7.3690e+01 l_total: 2.2639e+02 
2026-06-30 10:17:14,114 INFO: [smal_..][epoch:  7, iter:   5,780, lr:(8.145e-04,)][eta: 0:43:48, time (data): 0.201 (0.016)]l_bij: 1.1856e+02 l_orth: 1.2145e+02 l_align: 9.2717e+01 l_total: 3.3273e+02 
2026-06-30 10:17:18,136 INFO: [smal_..][epoch:  7, iter:   5,800, lr:(8.145e-04,)][eta: 0:43:41, time (data): 0.201 (0.016)]l_bij: 1.0512e+02 l_orth: 1.0749e+02 l_align: 8.8745e+01 l_total: 3.0136e+02 
2026-06-30 10:17:22,149 INFO: [smal_..][epoch:  7, iter:   5,820, lr:(8.145e-04,)][eta: 0:43:35, time (data): 0.201 (0.016)]l_bij: 8.2836e+01 l_orth: 9.5978e+01 l_align: 8.7779e+01 l_total: 2.6659e+02 
2026-06-30 10:17:26,191 INFO: [smal_..][epoch:  7, iter:   5,840, lr:(8.145e-04,)][eta: 0:43:29, time (data): 0.205 (0.016)]l_bij: 9.7722e+01 l_orth: 1.0350e+02 l_align: 8.5496e+01 l_total: 2.8672e+02 
2026-06-30 10:17:30,264 INFO: [smal_..][epoch:  7, iter:   5,860, lr:(8.145e-04,)][eta: 0:43:23, time (data): 0.204 (0.016)]l_bij: 7.9986e+01 l_orth: 8.9796e+01 l_align: 7.6805e+01 l_total: 2.4659e+02 
2026-06-30 10:17:34,414 INFO: [smal_..][epoch:  7, iter:   5,880, lr:(8.145e-04,)][eta: 0:43:17, time (data): 0.205 (0.016)]l_bij: 1.0351e+02 l_orth: 1.0961e+02 l_align: 8.4468e+01 l_total: 2.9760e+02 
2026-06-30 10:17:38,638 INFO: [smal_..][epoch:  8, iter:   5,900, lr:(7.543e-04,)][eta: 0:43:11, time (data): 0.207 (0.019)]l_bij: 1.0721e+02 l_orth: 1.1119e+02 l_align: 8.7280e+01 l_total: 3.0568e+02 
2026-06-30 10:17:42,777 INFO: [smal_..][epoch:  8, iter:   5,920, lr:(7.543e-04,)][eta: 0:43:06, time (data): 0.207 (0.020)]l_bij: 8.3804e+01 l_orth: 9.4351e+01 l_align: 7.9561e+01 l_total: 2.5772e+02 
2026-06-30 10:17:46,921 INFO: [smal_..][epoch:  8, iter:   5,940, lr:(7.543e-04,)][eta: 0:43:00, time (data): 0.207 (0.019)]l_bij: 7.4019e+01 l_orth: 8.6971e+01 l_align: 7.9369e+01 l_total: 2.4036e+02 
2026-06-30 10:17:50,887 INFO: [smal_..][epoch:  8, iter:   5,960, lr:(7.543e-04,)][eta: 0:42:54, time (data): 0.206 (0.019)]l_bij: 1.1678e+02 l_orth: 1.1842e+02 l_align: 8.7871e+01 l_total: 3.2307e+02 
2026-06-30 10:17:54,815 INFO: [smal_..][epoch:  8, iter:   5,980, lr:(7.543e-04,)][eta: 0:42:47, time (data): 0.204 (0.018)]l_bij: 1.1450e+02 l_orth: 1.1685e+02 l_align: 8.7473e+01 l_total: 3.1882e+02 
2026-06-30 10:17:58,699 INFO: [smal_..][epoch:  8, iter:   6,000, lr:(7.543e-04,)][eta: 0:42:41, time (data): 0.203 (0.018)]l_bij: 1.0106e+02 l_orth: 1.0633e+02 l_align: 8.2943e+01 l_total: 2.9033e+02 
2026-06-30 10:17:58,699 INFO: Saving models and training states.
2026-06-30 10:17:58,720 INFO: Start validation.
2026-06-30 10:17:59,567 INFO: avg err:0.0000 | err:0.0000 | cougar_01 cougar_01
2026-06-30 10:17:59,767 INFO: avg err:0.0091 | err:0.0181 | cougar_01 cougar_02
2026-06-30 10:18:00,219 INFO: avg err:0.0104 | err:0.0131 | cougar_01 cougar_03
2026-06-30 10:18:00,452 INFO: avg err:0.0123 | err:0.0178 | cougar_01 cougar_04
2026-06-30 10:18:00,710 INFO: avg err:0.1691 | err:0.7965 | cougar_01 hippo_01
2026-06-30 10:18:00,958 INFO: avg err:0.2626 | err:0.7302 | cougar_01 hippo_02
2026-06-30 10:18:01,287 INFO: avg err:0.3180 | err:0.6501 | cougar_01 hippo_03
2026-06-30 10:18:01,525 INFO: avg err:0.3824 | err:0.8330 | cougar_01 hippo_04
2026-06-30 10:18:01,945 INFO: avg err:0.3881 | err:0.4342 | cougar_01 hippo_05
2026-06-30 10:18:02,208 INFO: avg err:0.4220 | err:0.7272 | cougar_01 hippo_06
2026-06-30 10:18:02,592 INFO: avg err:0.3866 | err:0.0329 | cougar_01 horse_01
2026-06-30 10:18:02,776 INFO: avg err:0.3575 | err:0.0367 | cougar_01 horse_02
2026-06-30 10:18:03,221 INFO: avg err:0.3324 | err:0.0311 | cougar_01 horse_03
2026-06-30 10:18:03,417 INFO: avg err:0.3110 | err:0.0337 | cougar_01 horse_04
2026-06-30 10:18:03,878 INFO: avg err:0.2929 | err:0.0382 | cougar_01 horse_05
2026-06-30 10:18:04,090 INFO: avg err:0.2769 | err:0.0370 | cougar_01 horse_06
2026-06-30 10:18:04,400 INFO: avg err:0.2628 | err:0.0375 | cougar_01 horse_07
2026-06-30 10:18:04,654 INFO: avg err:0.2498 | err:0.0290 | cougar_01 horse_08
2026-06-30 10:18:04,933 INFO: avg err:0.2392 | err:0.0479 | cougar_01 horse_09
2026-06-30 10:18:05,142 INFO: avg err:0.2331 | err:0.1171 | cougar_01 horse_10
2026-06-30 10:18:05,539 INFO: avg err:0.2229 | err:0.0186 | cougar_02 cougar_01
2026-06-30 10:18:05,755 INFO: avg err:0.2127 | err:0.0000 | cougar_02 cougar_02
2026-06-30 10:18:06,122 INFO: avg err:0.2042 | err:0.0163 | cougar_02 cougar_03
2026-06-30 10:18:06,326 INFO: avg err:0.1967 | err:0.0248 | cougar_02 cougar_04
2026-06-30 10:18:06,645 INFO: avg err:0.2267 | err:0.9475 | cougar_02 hippo_01
2026-06-30 10:18:06,832 INFO: avg err:0.2508 | err:0.8518 | cougar_02 hippo_02
2026-06-30 10:18:07,139 INFO: avg err:0.2665 | err:0.6743 | cougar_02 hippo_03
2026-06-30 10:18:07,374 INFO: avg err:0.2918 | err:0.9753 | cougar_02 hippo_04
2026-06-30 10:18:07,702 INFO: avg err:0.2982 | err:0.4788 | cougar_02 hippo_05
2026-06-30 10:18:07,921 INFO: avg err:0.3138 | err:0.7644 | cougar_02 hippo_06
2026-06-30 10:18:08,231 INFO: avg err:0.3050 | err:0.0408 | cougar_02 horse_01
2026-06-30 10:18:08,475 INFO: avg err:0.2967 | err:0.0401 | cougar_02 horse_02
2026-06-30 10:18:08,881 INFO: avg err:0.2890 | err:0.0421 | cougar_02 horse_03
2026-06-30 10:18:09,116 INFO: avg err:0.2816 | err:0.0370 | cougar_02 horse_04
2026-06-30 10:18:09,437 INFO: avg err:0.2748 | err:0.0439 | cougar_02 horse_05
2026-06-30 10:18:09,680 INFO: avg err:0.2683 | err:0.0430 | cougar_02 horse_06
2026-06-30 10:18:10,017 INFO: avg err:0.2622 | err:0.0418 | cougar_02 horse_07
2026-06-30 10:18:10,271 INFO: avg err:0.2563 | err:0.0369 | cougar_02 horse_08
2026-06-30 10:18:10,564 INFO: avg err:0.2511 | err:0.0552 | cougar_02 horse_09
2026-06-30 10:18:10,753 INFO: avg err:0.2472 | err:0.0933 | cougar_02 horse_10
2026-06-30 10:18:11,111 INFO: avg err:0.2415 | err:0.0129 | cougar_03 cougar_01
2026-06-30 10:18:11,337 INFO: avg err:0.2361 | err:0.0157 | cougar_03 cougar_02
2026-06-30 10:18:11,638 INFO: avg err:0.2306 | err:0.0000 | cougar_03 cougar_03
2026-06-30 10:18:11,892 INFO: avg err:0.2258 | err:0.0197 | cougar_03 cougar_04
2026-06-30 10:18:12,149 INFO: avg err:0.2401 | err:0.8667 | cougar_03 hippo_01
2026-06-30 10:18:12,341 INFO: avg err:0.2529 | err:0.8307 | cougar_03 hippo_02
2026-06-30 10:18:13,021 INFO: avg err:0.2613 | err:0.6504 | cougar_03 hippo_03
2026-06-30 10:18:13,235 INFO: avg err:0.2742 | err:0.8767 | cougar_03 hippo_04
2026-06-30 10:18:13,523 INFO: avg err:0.2786 | err:0.4930 | cougar_03 hippo_05
2026-06-30 10:18:13,755 INFO: avg err:0.2884 | err:0.7670 | cougar_03 hippo_06
2026-06-30 10:18:14,173 INFO: avg err:0.2835 | err:0.0389 | cougar_03 horse_01
2026-06-30 10:18:14,422 INFO: avg err:0.2788 | err:0.0369 | cougar_03 horse_02
2026-06-30 10:18:14,805 INFO: avg err:0.2742 | err:0.0358 | cougar_03 horse_03
2026-06-30 10:18:15,051 INFO: avg err:0.2698 | err:0.0375 | cougar_03 horse_04
2026-06-30 10:18:15,451 INFO: avg err:0.2657 | err:0.0417 | cougar_03 horse_05
2026-06-30 10:18:15,657 INFO: avg err:0.2617 | err:0.0436 | cougar_03 horse_06
2026-06-30 10:18:15,975 INFO: avg err:0.2578 | err:0.0423 | cougar_03 horse_07
2026-06-30 10:18:16,205 INFO: avg err:0.2541 | err:0.0394 | cougar_03 horse_08
2026-06-30 10:18:16,521 INFO: avg err:0.2507 | err:0.0544 | cougar_03 horse_09
2026-06-30 10:18:16,713 INFO: avg err:0.2485 | err:0.1193 | cougar_03 horse_10
2026-06-30 10:18:17,084 INFO: avg err:0.2448 | err:0.0203 | cougar_04 cougar_01
2026-06-30 10:18:17,297 INFO: avg err:0.2413 | err:0.0276 | cougar_04 cougar_02
2026-06-30 10:18:17,712 INFO: avg err:0.2378 | err:0.0219 | cougar_04 cougar_03
2026-06-30 10:18:17,937 INFO: avg err:0.2341 | err:0.0000 | cougar_04 cougar_04
2026-06-30 10:18:18,281 INFO: avg err:0.2426 | err:0.7923 | cougar_04 hippo_01
2026-06-30 10:18:18,491 INFO: avg err:0.2496 | err:0.7000 | cougar_04 hippo_02
2026-06-30 10:18:18,829 INFO: avg err:0.2554 | err:0.6382 | cougar_04 hippo_03
2026-06-30 10:18:19,048 INFO: avg err:0.2635 | err:0.8106 | cougar_04 hippo_04
2026-06-30 10:18:19,392 INFO: avg err:0.2665 | err:0.4684 | cougar_04 hippo_05
2026-06-30 10:18:19,601 INFO: avg err:0.2725 | err:0.6850 | cougar_04 hippo_06
2026-06-30 10:18:20,013 INFO: avg err:0.2691 | err:0.0297 | cougar_04 horse_01
2026-06-30 10:18:20,210 INFO: avg err:0.2658 | err:0.0326 | cougar_04 horse_02
2026-06-30 10:18:20,538 INFO: avg err:0.2626 | err:0.0299 | cougar_04 horse_03
2026-06-30 10:18:20,758 INFO: avg err:0.2595 | err:0.0368 | cougar_04 horse_04
2026-06-30 10:18:21,047 INFO: avg err:0.2565 | err:0.0370 | cougar_04 horse_05
2026-06-30 10:18:21,253 INFO: avg err:0.2536 | err:0.0340 | cougar_04 horse_06
2026-06-30 10:18:21,634 INFO: avg err:0.2508 | err:0.0335 | cougar_04 horse_07
2026-06-30 10:18:21,859 INFO: avg err:0.2479 | err:0.0322 | cougar_04 horse_08
2026-06-30 10:18:22,205 INFO: avg err:0.2454 | err:0.0457 | cougar_04 horse_09
2026-06-30 10:18:22,437 INFO: avg err:0.2434 | err:0.0857 | cougar_04 horse_10
2026-06-30 10:18:22,736 INFO: avg err:0.2475 | err:0.5762 | hippo_01 cougar_01
2026-06-30 10:18:22,994 INFO: avg err:0.2512 | err:0.5490 | hippo_01 cougar_02
2026-06-30 10:18:23,317 INFO: avg err:0.2550 | err:0.5718 | hippo_01 cougar_03
2026-06-30 10:18:23,549 INFO: avg err:0.2590 | err:0.5912 | hippo_01 cougar_04
2026-06-30 10:18:23,806 INFO: avg err:0.2560 | err:0.0000 | hippo_01 hippo_01
2026-06-30 10:18:24,058 INFO: avg err:0.2542 | err:0.1008 | hippo_01 hippo_02
2026-06-30 10:18:24,319 INFO: avg err:0.2547 | err:0.2999 | hippo_01 hippo_03
2026-06-30 10:18:24,564 INFO: avg err:0.2520 | err:0.0127 | hippo_01 hippo_04
2026-06-30 10:18:24,858 INFO: avg err:0.2512 | err:0.1816 | hippo_01 hippo_05
2026-06-30 10:18:25,104 INFO: avg err:0.2493 | err:0.0846 | hippo_01 hippo_06
2026-06-30 10:18:25,432 INFO: avg err:0.2528 | err:0.5679 | hippo_01 horse_01
2026-06-30 10:18:25,703 INFO: avg err:0.2564 | err:0.5783 | hippo_01 horse_02
2026-06-30 10:18:26,091 INFO: avg err:0.2598 | err:0.5730 | hippo_01 horse_03
2026-06-30 10:18:26,324 INFO: avg err:0.2631 | err:0.5735 | hippo_01 horse_04
2026-06-30 10:18:26,676 INFO: avg err:0.2665 | err:0.5874 | hippo_01 horse_05
2026-06-30 10:18:26,934 INFO: avg err:0.2696 | err:0.5608 | hippo_01 horse_06
2026-06-30 10:18:27,282 INFO: avg err:0.2727 | err:0.5685 | hippo_01 horse_07
2026-06-30 10:18:27,481 INFO: avg err:0.2757 | err:0.5670 | hippo_01 horse_08
2026-06-30 10:18:27,859 INFO: avg err:0.2785 | err:0.5515 | hippo_01 horse_09
2026-06-30 10:18:28,099 INFO: avg err:0.2810 | err:0.5319 | hippo_01 horse_10
2026-06-30 10:18:28,428 INFO: avg err:0.2827 | err:0.4490 | hippo_02 cougar_01
2026-06-30 10:18:28,656 INFO: avg err:0.2841 | err:0.4313 | hippo_02 cougar_02
2026-06-30 10:18:28,975 INFO: avg err:0.2856 | err:0.4367 | hippo_02 cougar_03
2026-06-30 10:18:29,195 INFO: avg err:0.2875 | err:0.4799 | hippo_02 cougar_04
2026-06-30 10:18:29,503 INFO: avg err:0.2855 | err:0.0801 | hippo_02 hippo_01
2026-06-30 10:18:29,697 INFO: avg err:0.2828 | err:0.0000 | hippo_02 hippo_02
2026-06-30 10:18:30,096 INFO: avg err:0.2818 | err:0.1776 | hippo_02 hippo_03
2026-06-30 10:18:30,333 INFO: avg err:0.2801 | err:0.0948 | hippo_02 hippo_04
2026-06-30 10:18:30,668 INFO: avg err:0.2778 | err:0.0357 | hippo_02 hippo_05
2026-06-30 10:18:30,913 INFO: avg err:0.2755 | err:0.0218 | hippo_02 hippo_06
2026-06-30 10:18:31,148 INFO: avg err:0.2766 | err:0.3930 | hippo_02 horse_01
2026-06-30 10:18:31,390 INFO: avg err:0.2780 | err:0.4378 | hippo_02 horse_02
2026-06-30 10:18:31,731 INFO: avg err:0.2795 | err:0.4425 | hippo_02 horse_03
2026-06-30 10:18:31,985 INFO: avg err:0.2806 | err:0.4146 | hippo_02 horse_04
2026-06-30 10:18:32,238 INFO: avg err:0.2821 | err:0.4482 | hippo_02 horse_05
2026-06-30 10:18:32,491 INFO: avg err:0.2835 | err:0.4452 | hippo_02 horse_06
2026-06-30 10:18:32,792 INFO: avg err:0.2850 | err:0.4525 | hippo_02 horse_07
2026-06-30 10:18:33,023 INFO: avg err:0.2863 | err:0.4382 | hippo_02 horse_08
2026-06-30 10:18:33,399 INFO: avg err:0.2874 | err:0.4200 | hippo_02 horse_09
2026-06-30 10:18:33,655 INFO: avg err:0.2881 | err:0.3711 | hippo_02 horse_10
2026-06-30 10:18:34,006 INFO: avg err:0.2888 | err:0.3705 | hippo_03 cougar_01
2026-06-30 10:18:34,247 INFO: avg err:0.2891 | err:0.3298 | hippo_03 cougar_02
2026-06-30 10:18:34,534 INFO: avg err:0.2893 | err:0.3139 | hippo_03 cougar_03
2026-06-30 10:18:34,774 INFO: avg err:0.2900 | err:0.3800 | hippo_03 cougar_04
2026-06-30 10:18:35,165 INFO: avg err:0.2894 | err:0.2116 | hippo_03 hippo_01
2026-06-30 10:18:35,406 INFO: avg err:0.2885 | err:0.1820 | hippo_03 hippo_02
2026-06-30 10:18:35,846 INFO: avg err:0.2863 | err:0.0000 | hippo_03 hippo_03
2026-06-30 10:18:36,082 INFO: avg err:0.2859 | err:0.2339 | hippo_03 hippo_04
2026-06-30 10:18:36,370 INFO: avg err:0.2849 | err:0.1611 | hippo_03 hippo_05
2026-06-30 10:18:36,601 INFO: avg err:0.2839 | err:0.1611 | hippo_03 hippo_06
2026-06-30 10:18:36,915 INFO: avg err:0.2845 | err:0.3512 | hippo_03 horse_01
2026-06-30 10:18:37,133 INFO: avg err:0.2850 | err:0.3508 | hippo_03 horse_02
2026-06-30 10:18:37,446 INFO: avg err:0.2854 | err:0.3475 | hippo_03 horse_03
2026-06-30 10:18:37,667 INFO: avg err:0.2860 | err:0.3558 | hippo_03 horse_04
2026-06-30 10:18:37,969 INFO: avg err:0.2863 | err:0.3286 | hippo_03 horse_05
2026-06-30 10:18:38,187 INFO: avg err:0.2867 | err:0.3450 | hippo_03 horse_06
2026-06-30 10:18:38,462 INFO: avg err:0.2871 | err:0.3401 | hippo_03 horse_07
2026-06-30 10:18:38,691 INFO: avg err:0.2876 | err:0.3541 | hippo_03 horse_08
2026-06-30 10:18:38,997 INFO: avg err:0.2878 | err:0.3153 | hippo_03 horse_09
2026-06-30 10:18:39,278 INFO: avg err:0.2878 | err:0.2922 | hippo_03 horse_10
2026-06-30 10:18:39,619 INFO: avg err:0.2900 | err:0.5912 | hippo_04 cougar_01
2026-06-30 10:18:39,831 INFO: avg err:0.2918 | err:0.5444 | hippo_04 cougar_02
2026-06-30 10:18:40,123 INFO: avg err:0.2936 | err:0.5607 | hippo_04 cougar_03
2026-06-30 10:18:40,363 INFO: avg err:0.2958 | err:0.6099 | hippo_04 cougar_04
2026-06-30 10:18:40,671 INFO: avg err:0.2939 | err:0.0129 | hippo_04 hippo_01
2026-06-30 10:18:40,891 INFO: avg err:0.2924 | err:0.0712 | hippo_04 hippo_02
2026-06-30 10:18:41,157 INFO: avg err:0.2923 | err:0.2891 | hippo_04 hippo_03
2026-06-30 10:18:41,382 INFO: avg err:0.2904 | err:0.0000 | hippo_04 hippo_04
2026-06-30 10:18:41,759 INFO: avg err:0.2894 | err:0.1410 | hippo_04 hippo_05
2026-06-30 10:18:42,002 INFO: avg err:0.2880 | err:0.0818 | hippo_04 hippo_06
2026-06-30 10:18:42,280 INFO: avg err:0.2897 | err:0.5559 | hippo_04 horse_01
2026-06-30 10:18:42,524 INFO: avg err:0.2915 | err:0.5516 | hippo_04 horse_02
2026-06-30 10:18:42,799 INFO: avg err:0.2932 | err:0.5554 | hippo_04 horse_03
2026-06-30 10:18:43,140 INFO: avg err:0.2949 | err:0.5558 | hippo_04 horse_04
2026-06-30 10:18:43,433 INFO: avg err:0.2967 | err:0.5684 | hippo_04 horse_05
2026-06-30 10:18:43,636 INFO: avg err:0.2982 | err:0.5404 | hippo_04 horse_06
2026-06-30 10:18:43,924 INFO: avg err:0.2998 | err:0.5421 | hippo_04 horse_07
2026-06-30 10:18:44,235 INFO: avg err:0.3014 | err:0.5507 | hippo_04 horse_08
2026-06-30 10:18:44,462 INFO: avg err:0.3029 | err:0.5391 | hippo_04 horse_09
2026-06-30 10:18:44,876 INFO: avg err:0.3042 | err:0.5105 | hippo_04 horse_10
2026-06-30 10:18:45,103 INFO: avg err:0.3040 | err:0.2771 | hippo_05 cougar_01
2026-06-30 10:18:45,393 INFO: avg err:0.3040 | err:0.3020 | hippo_05 cougar_02
2026-06-30 10:18:45,673 INFO: avg err:0.3036 | err:0.2409 | hippo_05 cougar_03
2026-06-30 10:18:45,928 INFO: avg err:0.3035 | err:0.2865 | hippo_05 cougar_04
2026-06-30 10:18:46,152 INFO: avg err:0.3027 | err:0.1651 | hippo_05 hippo_01
2026-06-30 10:18:46,529 INFO: avg err:0.3013 | err:0.0823 | hippo_05 hippo_02
2026-06-30 10:18:46,780 INFO: avg err:0.3005 | err:0.1681 | hippo_05 hippo_03
2026-06-30 10:18:47,235 INFO: avg err:0.2997 | err:0.1573 | hippo_05 hippo_04
2026-06-30 10:18:47,473 INFO: avg err:0.2979 | err:0.0000 | hippo_05 hippo_05
2026-06-30 10:18:47,856 INFO: avg err:0.2971 | err:0.1664 | hippo_05 hippo_06
2026-06-30 10:18:48,076 INFO: avg err:0.2973 | err:0.3249 | hippo_05 horse_01
2026-06-30 10:18:48,526 INFO: avg err:0.2971 | err:0.2618 | hippo_05 horse_02
2026-06-30 10:18:48,732 INFO: avg err:0.2970 | err:0.2753 | hippo_05 horse_03
2026-06-30 10:18:49,182 INFO: avg err:0.2968 | err:0.2643 | hippo_05 horse_04
2026-06-30 10:18:49,383 INFO: avg err:0.2966 | err:0.2629 | hippo_05 horse_05
2026-06-30 10:18:49,809 INFO: avg err:0.2965 | err:0.2822 | hippo_05 horse_06
2026-06-30 10:18:50,030 INFO: avg err:0.2963 | err:0.2659 | hippo_05 horse_07
2026-06-30 10:18:50,329 INFO: avg err:0.2963 | err:0.2930 | hippo_05 horse_08
2026-06-30 10:18:50,545 INFO: avg err:0.2965 | err:0.3388 | hippo_05 horse_09
2026-06-30 10:18:50,871 INFO: avg err:0.2962 | err:0.2364 | hippo_05 horse_10
2026-06-30 10:18:51,069 INFO: avg err:0.2970 | err:0.4430 | hippo_06 cougar_01
2026-06-30 10:18:51,354 INFO: avg err:0.2977 | err:0.4158 | hippo_06 cougar_02
2026-06-30 10:18:51,549 INFO: avg err:0.2985 | err:0.4416 | hippo_06 cougar_03
2026-06-30 10:18:52,011 INFO: avg err:0.2992 | err:0.4294 | hippo_06 cougar_04
2026-06-30 10:18:52,204 INFO: avg err:0.2977 | err:0.0328 | hippo_06 hippo_01
2026-06-30 10:18:52,710 INFO: avg err:0.2962 | err:0.0169 | hippo_06 hippo_02
2026-06-30 10:18:52,915 INFO: avg err:0.2955 | err:0.1556 | hippo_06 hippo_03
2026-06-30 10:18:53,210 INFO: avg err:0.2946 | err:0.1419 | hippo_06 hippo_04
2026-06-30 10:18:53,490 INFO: avg err:0.2941 | err:0.1855 | hippo_06 hippo_05
2026-06-30 10:18:53,787 INFO: avg err:0.2925 | err:0.0000 | hippo_06 hippo_06
2026-06-30 10:18:53,975 INFO: avg err:0.2932 | err:0.4193 | hippo_06 horse_01
2026-06-30 10:18:54,361 INFO: avg err:0.2939 | err:0.4359 | hippo_06 horse_02
2026-06-30 10:18:54,586 INFO: avg err:0.2947 | err:0.4428 | hippo_06 horse_03
2026-06-30 10:18:54,946 INFO: avg err:0.2954 | err:0.4284 | hippo_06 horse_04
2026-06-30 10:18:55,165 INFO: avg err:0.2961 | err:0.4419 | hippo_06 horse_05
2026-06-30 10:18:55,560 INFO: avg err:0.2969 | err:0.4476 | hippo_06 horse_06
2026-06-30 10:18:55,794 INFO: avg err:0.2977 | err:0.4490 | hippo_06 horse_07
2026-06-30 10:18:55,998 INFO: avg err:0.2983 | err:0.4281 | hippo_06 horse_08
2026-06-30 10:18:56,217 INFO: avg err:0.2990 | err:0.4377 | hippo_06 horse_09
2026-06-30 10:18:56,573 INFO: avg err:0.2995 | err:0.4000 | hippo_06 horse_10
2026-06-30 10:18:56,770 INFO: avg err:0.2982 | err:0.0318 | horse_01 cougar_01
2026-06-30 10:18:57,080 INFO: avg err:0.2969 | err:0.0364 | horse_01 cougar_02
2026-06-30 10:18:57,306 INFO: avg err:0.2956 | err:0.0372 | horse_01 cougar_03
2026-06-30 10:18:57,643 INFO: avg err:0.2943 | err:0.0306 | horse_01 cougar_04
2026-06-30 10:18:57,859 INFO: avg err:0.2965 | err:0.7322 | horse_01 hippo_01
2026-06-30 10:18:58,187 INFO: avg err:0.2984 | err:0.6864 | horse_01 hippo_02
2026-06-30 10:18:58,431 INFO: avg err:0.2998 | err:0.5969 | horse_01 hippo_03
2026-06-30 10:18:58,758 INFO: avg err:0.3018 | err:0.7229 | horse_01 hippo_04
2026-06-30 10:18:58,985 INFO: avg err:0.3022 | err:0.3797 | horse_01 hippo_05
2026-06-30 10:18:59,305 INFO: avg err:0.3040 | err:0.6714 | horse_01 hippo_06
2026-06-30 10:18:59,554 INFO: avg err:0.3025 | err:0.0000 | horse_01 horse_01
2026-06-30 10:18:59,829 INFO: avg err:0.3012 | err:0.0168 | horse_01 horse_02
2026-06-30 10:19:00,076 INFO: avg err:0.2998 | err:0.0114 | horse_01 horse_03
2026-06-30 10:19:00,400 INFO: avg err:0.2985 | err:0.0220 | horse_01 horse_04
2026-06-30 10:19:00,606 INFO: avg err:0.2973 | err:0.0238 | horse_01 horse_05
2026-06-30 10:19:00,933 INFO: avg err:0.2960 | err:0.0210 | horse_01 horse_06
2026-06-30 10:19:01,188 INFO: avg err:0.2947 | err:0.0195 | horse_01 horse_07
2026-06-30 10:19:01,604 INFO: avg err:0.2934 | err:0.0163 | horse_01 horse_08
2026-06-30 10:19:01,868 INFO: avg err:0.2922 | err:0.0272 | horse_01 horse_09
2026-06-30 10:19:02,087 INFO: avg err:0.2913 | err:0.0891 | horse_01 horse_10
2026-06-30 10:19:02,314 INFO: avg err:0.2901 | err:0.0310 | horse_02 cougar_01
2026-06-30 10:19:02,648 INFO: avg err:0.2890 | err:0.0361 | horse_02 cougar_02
2026-06-30 10:19:02,889 INFO: avg err:0.2878 | err:0.0359 | horse_02 cougar_03
2026-06-30 10:19:03,136 INFO: avg err:0.2867 | err:0.0319 | horse_02 cougar_04
2026-06-30 10:19:03,404 INFO: avg err:0.2889 | err:0.7757 | horse_02 hippo_01
2026-06-30 10:19:03,711 INFO: avg err:0.2907 | err:0.7072 | horse_02 hippo_02
2026-06-30 10:19:03,952 INFO: avg err:0.2923 | err:0.6553 | horse_02 hippo_03
2026-06-30 10:19:04,262 INFO: avg err:0.2943 | err:0.7393 | horse_02 hippo_04
2026-06-30 10:19:04,484 INFO: avg err:0.2949 | err:0.4333 | horse_02 hippo_05
2026-06-30 10:19:04,852 INFO: avg err:0.2967 | err:0.7076 | horse_02 hippo_06
2026-06-30 10:19:05,090 INFO: avg err:0.2955 | err:0.0157 | horse_02 horse_01
2026-06-30 10:19:05,457 INFO: avg err:0.2942 | err:0.0000 | horse_02 horse_02
2026-06-30 10:19:05,659 INFO: avg err:0.2930 | err:0.0119 | horse_02 horse_03
2026-06-30 10:19:05,986 INFO: avg err:0.2918 | err:0.0144 | horse_02 horse_04
2026-06-30 10:19:06,260 INFO: avg err:0.2906 | err:0.0225 | horse_02 horse_05
2026-06-30 10:19:06,522 INFO: avg err:0.2895 | err:0.0222 | horse_02 horse_06
2026-06-30 10:19:06,728 INFO: avg err:0.2884 | err:0.0224 | horse_02 horse_07
2026-06-30 10:19:07,034 INFO: avg err:0.2872 | err:0.0112 | horse_02 horse_08
2026-06-30 10:19:07,282 INFO: avg err:0.2861 | err:0.0217 | horse_02 horse_09
2026-06-30 10:19:07,570 INFO: avg err:0.2854 | err:0.1139 | horse_02 horse_10
2026-06-30 10:19:07,809 INFO: avg err:0.2843 | err:0.0301 | horse_03 cougar_01
2026-06-30 10:19:08,147 INFO: avg err:0.2833 | err:0.0380 | horse_03 cougar_02
2026-06-30 10:19:08,406 INFO: avg err:0.2823 | err:0.0367 | horse_03 cougar_03
2026-06-30 10:19:08,813 INFO: avg err:0.2812 | err:0.0279 | horse_03 cougar_04
2026-06-30 10:19:09,051 INFO: avg err:0.2830 | err:0.7072 | horse_03 hippo_01
2026-06-30 10:19:09,401 INFO: avg err:0.2846 | err:0.6880 | horse_03 hippo_02
2026-06-30 10:19:09,634 INFO: avg err:0.2858 | err:0.5668 | horse_03 hippo_03
2026-06-30 10:19:09,983 INFO: avg err:0.2874 | err:0.7011 | horse_03 hippo_04
2026-06-30 10:19:10,194 INFO: avg err:0.2880 | err:0.4366 | horse_03 hippo_05
2026-06-30 10:19:10,624 INFO: avg err:0.2897 | err:0.6885 | horse_03 hippo_06
2026-06-30 10:19:10,818 INFO: avg err:0.2885 | err:0.0118 | horse_03 horse_01
2026-06-30 10:19:11,168 INFO: avg err:0.2874 | err:0.0110 | horse_03 horse_02
2026-06-30 10:19:11,384 INFO: avg err:0.2863 | err:0.0000 | horse_03 horse_03
2026-06-30 10:19:11,722 INFO: avg err:0.2853 | err:0.0192 | horse_03 horse_04
2026-06-30 10:19:11,948 INFO: avg err:0.2842 | err:0.0226 | horse_03 horse_05
2026-06-30 10:19:12,247 INFO: avg err:0.2832 | err:0.0215 | horse_03 horse_06
2026-06-30 10:19:12,438 INFO: avg err:0.2822 | err:0.0238 | horse_03 horse_07
2026-06-30 10:19:12,733 INFO: avg err:0.2811 | err:0.0132 | horse_03 horse_08
2026-06-30 10:19:12,999 INFO: avg err:0.2802 | err:0.0254 | horse_03 horse_09
2026-06-30 10:19:13,324 INFO: avg err:0.2795 | err:0.1080 | horse_03 horse_10
2026-06-30 10:19:13,540 INFO: avg err:0.2786 | err:0.0324 | horse_04 cougar_01
2026-06-30 10:19:13,886 INFO: avg err:0.2776 | err:0.0345 | horse_04 cougar_02
2026-06-30 10:19:14,099 INFO: avg err:0.2767 | err:0.0355 | horse_04 cougar_03
2026-06-30 10:19:14,429 INFO: avg err:0.2758 | err:0.0356 | horse_04 cougar_04
2026-06-30 10:19:14,674 INFO: avg err:0.2779 | err:0.8323 | horse_04 hippo_01
2026-06-30 10:19:15,096 INFO: avg err:0.2796 | err:0.7400 | horse_04 hippo_02
2026-06-30 10:19:15,288 INFO: avg err:0.2807 | err:0.5675 | horse_04 hippo_03
2026-06-30 10:19:15,617 INFO: avg err:0.2827 | err:0.8105 | horse_04 hippo_04
2026-06-30 10:19:15,844 INFO: avg err:0.2833 | err:0.4565 | horse_04 hippo_05
2026-06-30 10:19:16,181 INFO: avg err:0.2851 | err:0.7534 | horse_04 hippo_06
2026-06-30 10:19:16,380 INFO: avg err:0.2841 | err:0.0200 | horse_04 horse_01
2026-06-30 10:19:16,659 INFO: avg err:0.2831 | err:0.0146 | horse_04 horse_02
2026-06-30 10:19:16,917 INFO: avg err:0.2821 | err:0.0186 | horse_04 horse_03
2026-06-30 10:19:17,280 INFO: avg err:0.2811 | err:0.0000 | horse_04 horse_04
2026-06-30 10:19:17,500 INFO: avg err:0.2802 | err:0.0213 | horse_04 horse_05
2026-06-30 10:19:17,821 INFO: avg err:0.2792 | err:0.0282 | horse_04 horse_06
2026-06-30 10:19:18,036 INFO: avg err:0.2783 | err:0.0250 | horse_04 horse_07
2026-06-30 10:19:18,357 INFO: avg err:0.2774 | err:0.0181 | horse_04 horse_08
2026-06-30 10:19:18,602 INFO: avg err:0.2765 | err:0.0252 | horse_04 horse_09
2026-06-30 10:19:18,959 INFO: avg err:0.2758 | err:0.0828 | horse_04 horse_10
2026-06-30 10:19:19,185 INFO: avg err:0.2749 | err:0.0338 | horse_05 cougar_01
2026-06-30 10:19:19,439 INFO: avg err:0.2741 | err:0.0361 | horse_05 cougar_02
2026-06-30 10:19:19,688 INFO: avg err:0.2732 | err:0.0359 | horse_05 cougar_03
2026-06-30 10:19:20,007 INFO: avg err:0.2724 | err:0.0339 | horse_05 cougar_04
2026-06-30 10:19:20,211 INFO: avg err:0.2742 | err:0.7963 | horse_05 hippo_01
2026-06-30 10:19:20,510 INFO: avg err:0.2758 | err:0.7176 | horse_05 hippo_02
2026-06-30 10:19:20,721 INFO: avg err:0.2770 | err:0.6155 | horse_05 hippo_03
2026-06-30 10:19:21,031 INFO: avg err:0.2787 | err:0.7801 | horse_05 hippo_04
2026-06-30 10:19:21,256 INFO: avg err:0.2793 | err:0.4498 | horse_05 hippo_05
2026-06-30 10:19:21,580 INFO: avg err:0.2808 | err:0.7237 | horse_05 hippo_06
2026-06-30 10:19:21,816 INFO: avg err:0.2799 | err:0.0210 | horse_05 horse_01
2026-06-30 10:19:22,079 INFO: avg err:0.2791 | err:0.0183 | horse_05 horse_02
2026-06-30 10:19:22,306 INFO: avg err:0.2782 | err:0.0186 | horse_05 horse_03
2026-06-30 10:19:22,626 INFO: avg err:0.2773 | err:0.0192 | horse_05 horse_04
2026-06-30 10:19:22,917 INFO: avg err:0.2763 | err:0.0000 | horse_05 horse_05
2026-06-30 10:19:23,261 INFO: avg err:0.2755 | err:0.0259 | horse_05 horse_06
2026-06-30 10:19:23,471 INFO: avg err:0.2747 | err:0.0267 | horse_05 horse_07
2026-06-30 10:19:23,782 INFO: avg err:0.2738 | err:0.0199 | horse_05 horse_08
2026-06-30 10:19:24,003 INFO: avg err:0.2730 | err:0.0316 | horse_05 horse_09
2026-06-30 10:19:24,338 INFO: avg err:0.2724 | err:0.0911 | horse_05 horse_10
2026-06-30 10:19:24,607 INFO: avg err:0.2716 | err:0.0339 | horse_06 cougar_01
2026-06-30 10:19:24,820 INFO: avg err:0.2708 | err:0.0411 | horse_06 cougar_02
2026-06-30 10:19:25,194 INFO: avg err:0.2701 | err:0.0397 | horse_06 cougar_03
2026-06-30 10:19:25,394 INFO: avg err:0.2693 | err:0.0341 | horse_06 cougar_04
2026-06-30 10:19:25,738 INFO: avg err:0.2712 | err:0.8421 | horse_06 hippo_01
2026-06-30 10:19:25,964 INFO: avg err:0.2726 | err:0.7123 | horse_06 hippo_02
2026-06-30 10:19:26,306 INFO: avg err:0.2738 | err:0.6410 | horse_06 hippo_03
2026-06-30 10:19:26,581 INFO: avg err:0.2757 | err:0.8468 | horse_06 hippo_04
2026-06-30 10:19:26,966 INFO: avg err:0.2765 | err:0.5221 | horse_06 hippo_05
2026-06-30 10:19:27,216 INFO: avg err:0.2776 | err:0.6338 | horse_06 hippo_06
2026-06-30 10:19:27,460 INFO: avg err:0.2768 | err:0.0190 | horse_06 horse_01
2026-06-30 10:19:27,729 INFO: avg err:0.2760 | err:0.0197 | horse_06 horse_02
2026-06-30 10:19:28,024 INFO: avg err:0.2751 | err:0.0191 | horse_06 horse_03
2026-06-30 10:19:28,260 INFO: avg err:0.2743 | err:0.0251 | horse_06 horse_04
2026-06-30 10:19:28,536 INFO: avg err:0.2736 | err:0.0252 | horse_06 horse_05
2026-06-30 10:19:28,798 INFO: avg err:0.2727 | err:0.0000 | horse_06 horse_06
2026-06-30 10:19:29,149 INFO: avg err:0.2719 | err:0.0134 | horse_06 horse_07
2026-06-30 10:19:29,402 INFO: avg err:0.2711 | err:0.0216 | horse_06 horse_08
2026-06-30 10:19:29,637 INFO: avg err:0.2704 | err:0.0362 | horse_06 horse_09
2026-06-30 10:19:29,934 INFO: avg err:0.2699 | err:0.1195 | horse_06 horse_10
2026-06-30 10:19:30,197 INFO: avg err:0.2691 | err:0.0338 | horse_07 cougar_01
2026-06-30 10:19:30,548 INFO: avg err:0.2684 | err:0.0380 | horse_07 cougar_02
2026-06-30 10:19:30,781 INFO: avg err:0.2677 | err:0.0380 | horse_07 cougar_03
2026-06-30 10:19:31,147 INFO: avg err:0.2670 | err:0.0333 | horse_07 cougar_04
2026-06-30 10:19:31,371 INFO: avg err:0.2687 | err:0.8343 | horse_07 hippo_01
2026-06-30 10:19:31,741 INFO: avg err:0.2701 | err:0.7117 | horse_07 hippo_02
2026-06-30 10:19:31,987 INFO: avg err:0.2712 | err:0.6159 | horse_07 hippo_03
2026-06-30 10:19:32,318 INFO: avg err:0.2730 | err:0.8720 | horse_07 hippo_04
2026-06-30 10:19:32,596 INFO: avg err:0.2737 | err:0.5006 | horse_07 hippo_05
2026-06-30 10:19:32,940 INFO: avg err:0.2749 | err:0.6772 | horse_07 hippo_06
2026-06-30 10:19:33,255 INFO: avg err:0.2741 | err:0.0183 | horse_07 horse_01
2026-06-30 10:19:33,484 INFO: avg err:0.2734 | err:0.0205 | horse_07 horse_02
2026-06-30 10:19:33,692 INFO: avg err:0.2726 | err:0.0209 | horse_07 horse_03
2026-06-30 10:19:34,103 INFO: avg err:0.2719 | err:0.0245 | horse_07 horse_04
2026-06-30 10:19:34,323 INFO: avg err:0.2711 | err:0.0246 | horse_07 horse_05
2026-06-30 10:19:34,743 INFO: avg err:0.2704 | err:0.0165 | horse_07 horse_06
2026-06-30 10:19:34,934 INFO: avg err:0.2696 | err:0.0000 | horse_07 horse_07
2026-06-30 10:19:35,253 INFO: avg err:0.2688 | err:0.0217 | horse_07 horse_08
2026-06-30 10:19:35,477 INFO: avg err:0.2681 | err:0.0354 | horse_07 horse_09
2026-06-30 10:19:35,867 INFO: avg err:0.2677 | err:0.1073 | horse_07 horse_10
2026-06-30 10:19:36,068 INFO: avg err:0.2670 | err:0.0301 | horse_08 cougar_01
2026-06-30 10:19:36,329 INFO: avg err:0.2663 | err:0.0315 | horse_08 cougar_02
2026-06-30 10:19:36,552 INFO: avg err:0.2656 | err:0.0305 | horse_08 cougar_03
2026-06-30 10:19:36,882 INFO: avg err:0.2649 | err:0.0316 | horse_08 cougar_04
2026-06-30 10:19:37,064 INFO: avg err:0.2665 | err:0.8079 | horse_08 hippo_01
2026-06-30 10:19:37,457 INFO: avg err:0.2678 | err:0.7355 | horse_08 hippo_02
2026-06-30 10:19:37,738 INFO: avg err:0.2688 | err:0.6037 | horse_08 hippo_03
2026-06-30 10:19:38,072 INFO: avg err:0.2703 | err:0.7895 | horse_08 hippo_04
2026-06-30 10:19:38,291 INFO: avg err:0.2709 | err:0.4657 | horse_08 hippo_05
2026-06-30 10:19:38,581 INFO: avg err:0.2720 | err:0.6706 | horse_08 hippo_06
2026-06-30 10:19:38,808 INFO: avg err:0.2713 | err:0.0155 | horse_08 horse_01
2026-06-30 10:19:39,218 INFO: avg err:0.2705 | err:0.0140 | horse_08 horse_02
2026-06-30 10:19:39,466 INFO: avg err:0.2698 | err:0.0143 | horse_08 horse_03
2026-06-30 10:19:39,787 INFO: avg err:0.2691 | err:0.0195 | horse_08 horse_04
2026-06-30 10:19:40,011 INFO: avg err:0.2684 | err:0.0222 | horse_08 horse_05
2026-06-30 10:19:40,343 INFO: avg err:0.2677 | err:0.0244 | horse_08 horse_06
2026-06-30 10:19:40,551 INFO: avg err:0.2670 | err:0.0229 | horse_08 horse_07
2026-06-30 10:19:40,947 INFO: avg err:0.2663 | err:0.0000 | horse_08 horse_08
2026-06-30 10:19:41,151 INFO: avg err:0.2656 | err:0.0247 | horse_08 horse_09
2026-06-30 10:19:41,600 INFO: avg err:0.2652 | err:0.0952 | horse_08 horse_10
2026-06-30 10:19:41,787 INFO: avg err:0.2645 | err:0.0451 | horse_09 cougar_01
2026-06-30 10:19:42,131 INFO: avg err:0.2640 | err:0.0545 | horse_09 cougar_02
2026-06-30 10:19:42,368 INFO: avg err:0.2634 | err:0.0488 | horse_09 cougar_03
2026-06-30 10:19:42,710 INFO: avg err:0.2628 | err:0.0441 | horse_09 cougar_04
2026-06-30 10:19:42,929 INFO: avg err:0.2640 | err:0.7165 | horse_09 hippo_01
2026-06-30 10:19:43,397 INFO: avg err:0.2652 | err:0.6917 | horse_09 hippo_02
2026-06-30 10:19:43,636 INFO: avg err:0.2662 | err:0.6228 | horse_09 hippo_03
2026-06-30 10:19:43,969 INFO: avg err:0.2674 | err:0.7074 | horse_09 hippo_04
2026-06-30 10:19:44,159 INFO: avg err:0.2680 | err:0.4966 | horse_09 hippo_05
2026-06-30 10:19:44,526 INFO: avg err:0.2690 | err:0.6636 | horse_09 hippo_06
2026-06-30 10:19:44,767 INFO: avg err:0.2684 | err:0.0213 | horse_09 horse_01
2026-06-30 10:19:45,143 INFO: avg err:0.2677 | err:0.0211 | horse_09 horse_02
2026-06-30 10:19:45,371 INFO: avg err:0.2670 | err:0.0193 | horse_09 horse_03
2026-06-30 10:19:45,713 INFO: avg err:0.2664 | err:0.0258 | horse_09 horse_04
2026-06-30 10:19:45,917 INFO: avg err:0.2658 | err:0.0351 | horse_09 horse_05
2026-06-30 10:19:46,263 INFO: avg err:0.2652 | err:0.0366 | horse_09 horse_06
2026-06-30 10:19:46,487 INFO: avg err:0.2646 | err:0.0348 | horse_09 horse_07
2026-06-30 10:19:46,832 INFO: avg err:0.2639 | err:0.0223 | horse_09 horse_08
2026-06-30 10:19:47,046 INFO: avg err:0.2632 | err:0.0000 | horse_09 horse_09
2026-06-30 10:19:47,466 INFO: avg err:0.2627 | err:0.0495 | horse_09 horse_10
2026-06-30 10:19:47,655 INFO: avg err:0.2623 | err:0.1186 | horse_10 cougar_01
2026-06-30 10:19:48,001 INFO: avg err:0.2619 | err:0.1252 | horse_10 cougar_02
2026-06-30 10:19:48,235 INFO: avg err:0.2616 | err:0.1278 | horse_10 cougar_03
2026-06-30 10:19:48,581 INFO: avg err:0.2612 | err:0.1145 | horse_10 cougar_04
2026-06-30 10:19:48,874 INFO: avg err:0.2624 | err:0.7433 | horse_10 hippo_01
2026-06-30 10:19:49,151 INFO: avg err:0.2636 | err:0.7084 | horse_10 hippo_02
2026-06-30 10:19:49,354 INFO: avg err:0.2647 | err:0.6830 | horse_10 hippo_03
2026-06-30 10:19:49,603 INFO: avg err:0.2660 | err:0.7596 | horse_10 hippo_04
2026-06-30 10:19:49,863 INFO: avg err:0.2666 | err:0.5025 | horse_10 hippo_05
2026-06-30 10:19:50,222 INFO: avg err:0.2677 | err:0.7125 | horse_10 hippo_06
2026-06-30 10:19:50,450 INFO: avg err:0.2671 | err:0.0401 | horse_10 horse_01
2026-06-30 10:19:50,712 INFO: avg err:0.2665 | err:0.0396 | horse_10 horse_02
2026-06-30 10:19:50,944 INFO: avg err:0.2660 | err:0.0402 | horse_10 horse_03
2026-06-30 10:19:51,293 INFO: avg err:0.2654 | err:0.0376 | horse_10 horse_04
2026-06-30 10:19:51,485 INFO: avg err:0.2648 | err:0.0480 | horse_10 horse_05
2026-06-30 10:19:51,776 INFO: avg err:0.2643 | err:0.0445 | horse_10 horse_06
2026-06-30 10:19:52,019 INFO: avg err:0.2637 | err:0.0496 | horse_10 horse_07
2026-06-30 10:19:52,400 INFO: avg err:0.2632 | err:0.0515 | horse_10 horse_08
2026-06-30 10:19:52,648 INFO: avg err:0.2626 | err:0.0208 | horse_10 horse_09
2026-06-30 10:19:53,052 INFO: avg err:0.2619 | err:0.0000 | horse_10 horse_10
2026-06-30 10:19:53,089 INFO: Avg time: 0.0709
2026-06-30 10:19:53,522 INFO: Val auc: 0.5437
2026-06-30 10:19:53,529 INFO: Val avg error: 0.2619
2026-06-30 10:19:53,535 INFO: Best model is updated, average geodesic error: 0.2619
2026-06-30 10:19:53,611 INFO: [ONB diag] max|Q-I|: mean=3.4168e-07 max=4.7684e-07 | max|Φ̃ᵀMΦ̃-I|: mean=3.4168e-07 max=4.7684e-07
2026-06-30 10:19:57,501 INFO: [smal_..][epoch:  8, iter:   6,020, lr:(7.543e-04,)][eta: 0:46:01, time (data): 0.202 (0.018)]l_bij: 9.2876e+01 l_orth: 9.9530e+01 l_align: 7.9912e+01 l_total: 2.7232e+02 
2026-06-30 10:20:01,336 INFO: [smal_..][epoch:  8, iter:   6,040, lr:(7.543e-04,)][eta: 0:45:54, time (data): 0.188 (0.016)]l_bij: 1.3340e+02 l_orth: 1.3061e+02 l_align: 8.8220e+01 l_total: 3.5223e+02 
2026-06-30 10:20:05,394 INFO: [smal_..][epoch:  8, iter:   6,060, lr:(7.543e-04,)][eta: 0:45:47, time (data): 0.198 (0.016)]l_bij: 9.6561e+01 l_orth: 1.0552e+02 l_align: 8.3808e+01 l_total: 2.8589e+02 
2026-06-30 10:20:09,419 INFO: [smal_..][epoch:  8, iter:   6,080, lr:(7.543e-04,)][eta: 0:45:40, time (data): 0.199 (0.016)]l_bij: 6.4412e+01 l_orth: 8.4940e+01 l_align: 8.8224e+01 l_total: 2.3758e+02 
2026-06-30 10:20:13,479 INFO: [smal_..][epoch:  8, iter:   6,100, lr:(7.543e-04,)][eta: 0:45:33, time (data): 0.200 (0.016)]l_bij: 1.2943e+02 l_orth: 1.2875e+02 l_align: 8.9485e+01 l_total: 3.4767e+02 
2026-06-30 10:20:17,420 INFO: [smal_..][epoch:  8, iter:   6,120, lr:(7.543e-04,)][eta: 0:45:26, time (data): 0.199 (0.016)]l_bij: 9.7293e+01 l_orth: 1.0421e+02 l_align: 7.9708e+01 l_total: 2.8121e+02 
2026-06-30 10:20:21,281 INFO: [smal_..][epoch:  8, iter:   6,140, lr:(7.543e-04,)][eta: 0:45:18, time (data): 0.198 (0.016)]l_bij: 1.1379e+02 l_orth: 1.1633e+02 l_align: 9.1911e+01 l_total: 3.2203e+02 
2026-06-30 10:20:25,188 INFO: [smal_..][epoch:  8, iter:   6,160, lr:(7.543e-04,)][eta: 0:45:11, time (data): 0.198 (0.016)]l_bij: 1.0108e+02 l_orth: 1.0741e+02 l_align: 8.4704e+01 l_total: 2.9319e+02 
2026-06-30 10:20:29,083 INFO: [smal_..][epoch:  8, iter:   6,180, lr:(7.543e-04,)][eta: 0:45:04, time (data): 0.197 (0.016)]l_bij: 1.0229e+02 l_orth: 1.0740e+02 l_align: 8.4037e+01 l_total: 2.9373e+02 
2026-06-30 10:20:33,023 INFO: [smal_..][epoch:  8, iter:   6,200, lr:(7.543e-04,)][eta: 0:44:57, time (data): 0.197 (0.016)]l_bij: 1.1263e+02 l_orth: 1.1469e+02 l_align: 8.5951e+01 l_total: 3.1327e+02 
2026-06-30 10:20:37,094 INFO: [smal_..][epoch:  8, iter:   6,220, lr:(7.543e-04,)][eta: 0:44:50, time (data): 0.198 (0.016)]l_bij: 9.4546e+01 l_orth: 9.9934e+01 l_align: 8.1207e+01 l_total: 2.7569e+02 
2026-06-30 10:20:41,058 INFO: [smal_..][epoch:  8, iter:   6,240, lr:(7.543e-04,)][eta: 0:44:43, time (data): 0.198 (0.015)]l_bij: 1.1388e+02 l_orth: 1.1474e+02 l_align: 8.6646e+01 l_total: 3.1527e+02 
2026-06-30 10:20:44,987 INFO: [smal_..][epoch:  8, iter:   6,260, lr:(7.543e-04,)][eta: 0:44:36, time (data): 0.197 (0.015)]l_bij: 9.4836e+01 l_orth: 1.0201e+02 l_align: 8.2277e+01 l_total: 2.7912e+02 
2026-06-30 10:20:48,918 INFO: [smal_..][epoch:  8, iter:   6,280, lr:(7.543e-04,)][eta: 0:44:29, time (data): 0.197 (0.015)]l_bij: 9.3173e+01 l_orth: 1.0025e+02 l_align: 8.5762e+01 l_total: 2.7919e+02 
2026-06-30 10:20:52,856 INFO: [smal_..][epoch:  8, iter:   6,300, lr:(7.543e-04,)][eta: 0:44:22, time (data): 0.197 (0.015)]l_bij: 1.0487e+02 l_orth: 1.0983e+02 l_align: 9.3010e+01 l_total: 3.0771e+02 
2026-06-30 10:20:56,859 INFO: [smal_..][epoch:  8, iter:   6,320, lr:(7.543e-04,)][eta: 0:44:15, time (data): 0.197 (0.015)]l_bij: 2.9402e+01 l_orth: 6.4055e+01 l_align: 9.6051e+01 l_total: 1.8951e+02 
2026-06-30 10:21:00,818 INFO: [smal_..][epoch:  8, iter:   6,340, lr:(7.543e-04,)][eta: 0:44:09, time (data): 0.198 (0.015)]l_bij: 6.0872e+01 l_orth: 7.8054e+01 l_align: 8.3052e+01 l_total: 2.2198e+02 
2026-06-30 10:21:04,853 INFO: [smal_..][epoch:  8, iter:   6,360, lr:(7.543e-04,)][eta: 0:44:02, time (data): 0.198 (0.016)]l_bij: 9.1734e+01 l_orth: 9.9591e+01 l_align: 7.9722e+01 l_total: 2.7105e+02 
2026-06-30 10:21:08,910 INFO: [smal_..][epoch:  8, iter:   6,380, lr:(7.543e-04,)][eta: 0:43:55, time (data): 0.199 (0.016)]l_bij: 1.1283e+02 l_orth: 1.1574e+02 l_align: 9.0850e+01 l_total: 3.1942e+02 
2026-06-30 10:21:13,100 INFO: [smal_..][epoch:  8, iter:   6,400, lr:(7.543e-04,)][eta: 0:43:49, time (data): 0.200 (0.016)]l_bij: 9.1113e+01 l_orth: 9.8627e+01 l_align: 8.2451e+01 l_total: 2.7219e+02 
2026-06-30 10:21:17,169 INFO: [smal_..][epoch:  8, iter:   6,420, lr:(7.543e-04,)][eta: 0:43:42, time (data): 0.200 (0.016)]l_bij: 1.0335e+02 l_orth: 1.0858e+02 l_align: 9.3335e+01 l_total: 3.0527e+02 
2026-06-30 10:21:21,102 INFO: [smal_..][epoch:  8, iter:   6,440, lr:(7.543e-04,)][eta: 0:43:35, time (data): 0.194 (0.016)]l_bij: 1.0639e+02 l_orth: 1.0922e+02 l_align: 8.6188e+01 l_total: 3.0179e+02 
2026-06-30 10:21:25,045 INFO: [smal_..][epoch:  8, iter:   6,460, lr:(7.543e-04,)][eta: 0:43:28, time (data): 0.196 (0.016)]l_bij: 9.8784e+01 l_orth: 1.0256e+02 l_align: 8.0017e+01 l_total: 2.8136e+02 
2026-06-30 10:21:29,096 INFO: [smal_..][epoch:  8, iter:   6,480, lr:(7.543e-04,)][eta: 0:43:22, time (data): 0.199 (0.016)]l_bij: 9.2670e+01 l_orth: 9.7521e+01 l_align: 7.7286e+01 l_total: 2.6748e+02 
2026-06-30 10:21:33,203 INFO: [smal_..][epoch:  8, iter:   6,500, lr:(7.543e-04,)][eta: 0:43:15, time (data): 0.201 (0.016)]l_bij: 8.1608e+01 l_orth: 9.1210e+01 l_align: 7.5447e+01 l_total: 2.4826e+02 
2026-06-30 10:21:37,114 INFO: [smal_..][epoch:  8, iter:   6,520, lr:(7.543e-04,)][eta: 0:43:09, time (data): 0.199 (0.016)]l_bij: 9.6678e+01 l_orth: 1.0310e+02 l_align: 8.3368e+01 l_total: 2.8315e+02 
2026-06-30 10:21:41,194 INFO: [smal_..][epoch:  8, iter:   6,540, lr:(7.543e-04,)][eta: 0:43:02, time (data): 0.200 (0.016)]l_bij: 1.1942e+02 l_orth: 1.2195e+02 l_align: 8.5938e+01 l_total: 3.2731e+02 
2026-06-30 10:21:45,277 INFO: [smal_..][epoch:  8, iter:   6,560, lr:(7.543e-04,)][eta: 0:42:55, time (data): 0.201 (0.016)]l_bij: 1.0177e+01 l_orth: 4.9855e+01 l_align: 9.7459e+01 l_total: 1.5749e+02 
2026-06-30 10:21:49,358 INFO: [smal_..][epoch:  8, iter:   6,580, lr:(7.543e-04,)][eta: 0:42:49, time (data): 0.201 (0.016)]l_bij: 9.5396e+01 l_orth: 1.0401e+02 l_align: 8.3104e+01 l_total: 2.8251e+02 
2026-06-30 10:21:53,451 INFO: [smal_..][epoch:  8, iter:   6,600, lr:(7.543e-04,)][eta: 0:42:43, time (data): 0.202 (0.016)]l_bij: 7.5554e+01 l_orth: 8.8993e+01 l_align: 7.7115e+01 l_total: 2.4166e+02 
2026-06-30 10:21:57,590 INFO: [smal_..][epoch:  8, iter:   6,620, lr:(7.543e-04,)][eta: 0:42:36, time (data): 0.202 (0.016)]l_bij: 1.1981e+02 l_orth: 1.1861e+02 l_align: 8.5636e+01 l_total: 3.2405e+02 
2026-06-30 10:22:01,639 INFO: [smal_..][epoch:  8, iter:   6,640, lr:(7.543e-04,)][eta: 0:42:30, time (data): 0.195 (0.017)]l_bij: 1.0337e+02 l_orth: 1.0851e+02 l_align: 8.4748e+01 l_total: 2.9663e+02 
2026-06-30 10:22:05,717 INFO: [smal_..][epoch:  8, iter:   6,660, lr:(7.543e-04,)][eta: 0:42:23, time (data): 0.201 (0.017)]l_bij: 8.0096e+01 l_orth: 9.6354e+01 l_align: 8.1985e+01 l_total: 2.5844e+02 
2026-06-30 10:22:09,773 INFO: [smal_..][epoch:  8, iter:   6,680, lr:(7.543e-04,)][eta: 0:42:17, time (data): 0.202 (0.016)]l_bij: 8.6364e+01 l_orth: 9.5340e+01 l_align: 8.1803e+01 l_total: 2.6351e+02 
2026-06-30 10:22:13,438 INFO: [smal_..][epoch:  8, iter:   6,700, lr:(7.543e-04,)][eta: 0:42:10, time (data): 0.196 (0.016)]l_bij: 9.1965e+01 l_orth: 1.0086e+02 l_align: 8.5508e+01 l_total: 2.7833e+02 
2026-06-30 10:22:17,136 INFO: [smal_..][epoch:  8, iter:   6,720, lr:(7.543e-04,)][eta: 0:42:03, time (data): 0.194 (0.017)]l_bij: 1.0585e+02 l_orth: 1.1023e+02 l_align: 8.4391e+01 l_total: 3.0047e+02 
2026-06-30 10:22:21,328 INFO: [smal_..][epoch:  9, iter:   6,740, lr:(6.891e-04,)][eta: 0:41:57, time (data): 0.197 (0.022)]l_bij: 9.6536e+01 l_orth: 1.0281e+02 l_align: 8.1852e+01 l_total: 2.8119e+02 
2026-06-30 10:22:24,673 INFO: [smal_..][epoch:  9, iter:   6,760, lr:(6.891e-04,)][eta: 0:41:49, time (data): 0.192 (0.022)]l_bij: 6.4467e+01 l_orth: 8.6226e+01 l_align: 8.2445e+01 l_total: 2.3314e+02 
2026-06-30 10:22:28,171 INFO: [smal_..][epoch:  9, iter:   6,780, lr:(6.891e-04,)][eta: 0:41:42, time (data): 0.190 (0.023)]l_bij: 7.3875e+01 l_orth: 8.8081e+01 l_align: 8.5059e+01 l_total: 2.4701e+02 
2026-06-30 10:22:31,636 INFO: [smal_..][epoch:  9, iter:   6,800, lr:(6.891e-04,)][eta: 0:41:35, time (data): 0.188 (0.023)]l_bij: 9.7994e+01 l_orth: 1.0672e+02 l_align: 8.3906e+01 l_total: 2.8862e+02 
2026-06-30 10:22:35,269 INFO: [smal_..][epoch:  9, iter:   6,820, lr:(6.891e-04,)][eta: 0:41:28, time (data): 0.187 (0.024)]l_bij: 6.1192e+01 l_orth: 8.1618e+01 l_align: 7.9450e+01 l_total: 2.2226e+02 
2026-06-30 10:22:38,770 INFO: [smal_..][epoch:  9, iter:   6,840, lr:(6.891e-04,)][eta: 0:41:21, time (data): 0.179 (0.031)]l_bij: 1.1960e+02 l_orth: 1.2691e+02 l_align: 9.0916e+01 l_total: 3.3742e+02 
2026-06-30 10:22:42,211 INFO: [smal_..][epoch:  9, iter:   6,860, lr:(6.891e-04,)][eta: 0:41:13, time (data): 0.174 (0.030)]l_bij: 9.2053e+01 l_orth: 1.0049e+02 l_align: 8.6345e+01 l_total: 2.7888e+02 
2026-06-30 10:22:45,850 INFO: [smal_..][epoch:  9, iter:   6,880, lr:(6.891e-04,)][eta: 0:41:07, time (data): 0.177 (0.033)]l_bij: 9.6118e+01 l_orth: 1.0323e+02 l_align: 8.4182e+01 l_total: 2.8353e+02 
2026-06-30 10:22:49,279 INFO: [smal_..][epoch:  9, iter:   6,900, lr:(6.891e-04,)][eta: 0:40:59, time (data): 0.175 (0.031)]l_bij: 9.0936e+01 l_orth: 1.0119e+02 l_align: 7.9336e+01 l_total: 2.7146e+02 
2026-06-30 10:22:52,745 INFO: [smal_..][epoch:  9, iter:   6,920, lr:(6.891e-04,)][eta: 0:40:52, time (data): 0.175 (0.030)]l_bij: 1.0798e+02 l_orth: 1.1583e+02 l_align: 9.2841e+01 l_total: 3.1666e+02 
2026-06-30 10:22:56,243 INFO: [smal_..][epoch:  9, iter:   6,940, lr:(6.891e-04,)][eta: 0:40:45, time (data): 0.175 (0.030)]l_bij: 7.5710e+01 l_orth: 9.0135e+01 l_align: 8.0819e+01 l_total: 2.4666e+02 
2026-06-30 10:22:59,710 INFO: [smal_..][epoch:  9, iter:   6,960, lr:(6.891e-04,)][eta: 0:40:38, time (data): 0.175 (0.029)]l_bij: 1.0935e+02 l_orth: 1.1527e+02 l_align: 8.4200e+01 l_total: 3.0882e+02 
2026-06-30 10:23:03,384 INFO: [smal_..][epoch:  9, iter:   6,980, lr:(6.891e-04,)][eta: 0:40:31, time (data): 0.176 (0.030)]l_bij: 9.0497e+01 l_orth: 9.8241e+01 l_align: 8.0339e+01 l_total: 2.6908e+02 
2026-06-30 10:23:06,954 INFO: [smal_..][epoch:  9, iter:   7,000, lr:(6.891e-04,)][eta: 0:40:25, time (data): 0.176 (0.030)]l_bij: 4.6890e+01 l_orth: 6.9579e+01 l_align: 8.1884e+01 l_total: 1.9835e+02 
2026-06-30 10:23:10,499 INFO: [smal_..][epoch:  9, iter:   7,020, lr:(6.891e-04,)][eta: 0:40:18, time (data): 0.176 (0.030)]l_bij: 1.1032e+02 l_orth: 1.1629e+02 l_align: 9.3422e+01 l_total: 3.2003e+02 
2026-06-30 10:23:14,073 INFO: [smal_..][epoch:  9, iter:   7,040, lr:(6.891e-04,)][eta: 0:40:11, time (data): 0.171 (0.027)]l_bij: 8.7644e+01 l_orth: 9.9325e+01 l_align: 8.0526e+01 l_total: 2.6750e+02 
2026-06-30 10:23:17,642 INFO: [smal_..][epoch:  9, iter:   7,060, lr:(6.891e-04,)][eta: 0:40:04, time (data): 0.177 (0.035)]l_bij: 9.8307e+01 l_orth: 1.0496e+02 l_align: 8.6911e+01 l_total: 2.9018e+02 
2026-06-30 10:23:21,151 INFO: [smal_..][epoch:  9, iter:   7,080, lr:(6.891e-04,)][eta: 0:39:57, time (data): 0.176 (0.033)]l_bij: 9.4883e+01 l_orth: 1.0222e+02 l_align: 8.6956e+01 l_total: 2.8406e+02 
2026-06-30 10:23:24,468 INFO: [smal_..][epoch:  9, iter:   7,100, lr:(6.891e-04,)][eta: 0:39:50, time (data): 0.173 (0.030)]l_bij: 1.2376e+02 l_orth: 1.2516e+02 l_align: 9.1787e+01 l_total: 3.4071e+02 
2026-06-30 10:23:27,934 INFO: [smal_..][epoch:  9, iter:   7,120, lr:(6.891e-04,)][eta: 0:39:43, time (data): 0.173 (0.029)]l_bij: 8.3590e+01 l_orth: 9.5299e+01 l_align: 8.2870e+01 l_total: 2.6176e+02 
2026-06-30 10:23:31,371 INFO: [smal_..][epoch:  9, iter:   7,140, lr:(6.891e-04,)][eta: 0:39:36, time (data): 0.173 (0.028)]l_bij: 8.5355e+01 l_orth: 9.2548e+01 l_align: 7.3960e+01 l_total: 2.5186e+02 
2026-06-30 10:23:34,805 INFO: [smal_..][epoch:  9, iter:   7,160, lr:(6.891e-04,)][eta: 0:39:29, time (data): 0.173 (0.029)]l_bij: 9.2410e+01 l_orth: 1.0055e+02 l_align: 7.8198e+01 l_total: 2.7116e+02 
2026-06-30 10:23:38,446 INFO: [smal_..][epoch:  9, iter:   7,180, lr:(6.891e-04,)][eta: 0:39:23, time (data): 0.174 (0.030)]l_bij: 9.2393e+01 l_orth: 1.0265e+02 l_align: 8.6450e+01 l_total: 2.8149e+02 
2026-06-30 10:23:41,792 INFO: [smal_..][epoch:  9, iter:   7,200, lr:(6.891e-04,)][eta: 0:39:16, time (data): 0.173 (0.029)]l_bij: 1.2851e+02 l_orth: 1.2778e+02 l_align: 8.6174e+01 l_total: 3.4246e+02 
2026-06-30 10:23:45,408 INFO: [smal_..][epoch:  9, iter:   7,220, lr:(6.891e-04,)][eta: 0:39:09, time (data): 0.174 (0.029)]l_bij: 9.4298e+01 l_orth: 1.0346e+02 l_align: 8.0015e+01 l_total: 2.7777e+02 
2026-06-30 10:23:48,876 INFO: [smal_..][epoch:  9, iter:   7,240, lr:(6.891e-04,)][eta: 0:39:02, time (data): 0.169 (0.019)]l_bij: 1.2496e+02 l_orth: 1.2423e+02 l_align: 8.8726e+01 l_total: 3.3791e+02 
2026-06-30 10:23:52,233 INFO: [smal_..][epoch:  9, iter:   7,260, lr:(6.891e-04,)][eta: 0:38:55, time (data): 0.168 (0.023)]l_bij: 1.1088e+02 l_orth: 1.1351e+02 l_align: 8.5630e+01 l_total: 3.1002e+02 
2026-06-30 10:23:55,647 INFO: [smal_..][epoch:  9, iter:   7,280, lr:(6.891e-04,)][eta: 0:38:49, time (data): 0.169 (0.024)]l_bij: 1.1676e+02 l_orth: 1.2091e+02 l_align: 9.2767e+01 l_total: 3.3044e+02 
2026-06-30 10:23:59,075 INFO: [smal_..][epoch:  9, iter:   7,300, lr:(6.891e-04,)][eta: 0:38:42, time (data): 0.170 (0.026)]l_bij: 7.6598e+01 l_orth: 9.1080e+01 l_align: 8.2751e+01 l_total: 2.5043e+02 
2026-06-30 10:24:02,470 INFO: [smal_..][epoch:  9, iter:   7,320, lr:(6.891e-04,)][eta: 0:38:35, time (data): 0.170 (0.026)]l_bij: 9.0811e+01 l_orth: 1.0271e+02 l_align: 7.9922e+01 l_total: 2.7344e+02 
2026-06-30 10:24:06,028 INFO: [smal_..][epoch:  9, iter:   7,340, lr:(6.891e-04,)][eta: 0:38:28, time (data): 0.171 (0.027)]l_bij: 8.2118e+01 l_orth: 9.2889e+01 l_align: 7.9099e+01 l_total: 2.5411e+02 
2026-06-30 10:24:09,488 INFO: [smal_..][epoch:  9, iter:   7,360, lr:(6.891e-04,)][eta: 0:38:22, time (data): 0.172 (0.027)]l_bij: 8.3950e+01 l_orth: 9.5676e+01 l_align: 8.2861e+01 l_total: 2.6249e+02 
2026-06-30 10:24:12,869 INFO: [smal_..][epoch:  9, iter:   7,380, lr:(6.891e-04,)][eta: 0:38:15, time (data): 0.171 (0.027)]l_bij: 1.2372e+02 l_orth: 1.2708e+02 l_align: 9.3085e+01 l_total: 3.4389e+02 
2026-06-30 10:24:16,488 INFO: [smal_..][epoch:  9, iter:   7,400, lr:(6.891e-04,)][eta: 0:38:09, time (data): 0.172 (0.027)]l_bij: 1.0317e+02 l_orth: 1.0896e+02 l_align: 8.1225e+01 l_total: 2.9336e+02 
2026-06-30 10:24:19,898 INFO: [smal_..][epoch:  9, iter:   7,420, lr:(6.891e-04,)][eta: 0:38:02, time (data): 0.172 (0.027)]l_bij: 1.1194e+02 l_orth: 1.1486e+02 l_align: 9.0331e+01 l_total: 3.1713e+02 
2026-06-30 10:24:23,433 INFO: [smal_..][epoch:  9, iter:   7,440, lr:(6.891e-04,)][eta: 0:37:55, time (data): 0.169 (0.027)]l_bij: 8.2441e+00 l_orth: 5.5031e+01 l_align: 1.0247e+02 l_total: 1.6575e+02 
2026-06-30 10:24:26,954 INFO: [smal_..][epoch:  9, iter:   7,460, lr:(6.891e-04,)][eta: 0:37:49, time (data): 0.175 (0.027)]l_bij: 6.4278e+01 l_orth: 9.3555e+01 l_align: 8.2466e+01 l_total: 2.4030e+02 
2026-06-30 10:24:30,436 INFO: [smal_..][epoch:  9, iter:   7,480, lr:(6.891e-04,)][eta: 0:37:42, time (data): 0.175 (0.027)]l_bij: 9.4553e+01 l_orth: 1.0047e+02 l_align: 8.1502e+01 l_total: 2.7653e+02 
2026-06-30 10:24:34,043 INFO: [smal_..][epoch:  9, iter:   7,500, lr:(6.891e-04,)][eta: 0:37:36, time (data): 0.176 (0.029)]l_bij: 1.0535e+02 l_orth: 1.0878e+02 l_align: 8.3022e+01 l_total: 2.9715e+02 
2026-06-30 10:24:37,726 INFO: [smal_..][epoch:  9, iter:   7,520, lr:(6.891e-04,)][eta: 0:37:30, time (data): 0.178 (0.027)]l_bij: 1.1644e+02 l_orth: 1.1817e+02 l_align: 9.0852e+01 l_total: 3.2547e+02 
2026-06-30 10:24:41,471 INFO: [smal_..][epoch:  9, iter:   7,540, lr:(6.891e-04,)][eta: 0:37:23, time (data): 0.180 (0.026)]l_bij: 9.9982e+01 l_orth: 1.0596e+02 l_align: 8.2648e+01 l_total: 2.8859e+02 
2026-06-30 10:24:45,041 INFO: [smal_..][epoch:  9, iter:   7,560, lr:(6.891e-04,)][eta: 0:37:17, time (data): 0.180 (0.024)]l_bij: 4.8851e+01 l_orth: 7.5359e+01 l_align: 8.2976e+01 l_total: 2.0719e+02 
2026-06-30 10:24:49,543 INFO: [smal_..][epoch: 10, iter:   7,580, lr:(6.204e-04,)][eta: 0:37:12, time (data): 0.186 (0.026)]l_bij: 1.0098e+01 l_orth: 5.3362e+01 l_align: 9.2790e+01 l_total: 1.5625e+02 
2026-06-30 10:24:53,487 INFO: [smal_..][epoch: 10, iter:   7,600, lr:(6.204e-04,)][eta: 0:37:06, time (data): 0.187 (0.025)]l_bij: 9.2787e+01 l_orth: 1.0067e+02 l_align: 7.8850e+01 l_total: 2.7231e+02 
2026-06-30 10:24:57,459 INFO: [smal_..][epoch: 10, iter:   7,620, lr:(6.204e-04,)][eta: 0:37:00, time (data): 0.189 (0.024)]l_bij: 9.3179e+01 l_orth: 9.9672e+01 l_align: 7.7532e+01 l_total: 2.7038e+02 
2026-06-30 10:25:01,497 INFO: [smal_..][epoch: 10, iter:   7,640, lr:(6.204e-04,)][eta: 0:36:54, time (data): 0.202 (0.020)]l_bij: 8.4084e+01 l_orth: 9.4381e+01 l_align: 7.7301e+01 l_total: 2.5577e+02 
2026-06-30 10:25:05,693 INFO: [smal_..][epoch: 10, iter:   7,660, lr:(6.204e-04,)][eta: 0:36:49, time (data): 0.209 (0.017)]l_bij: 5.5097e+01 l_orth: 7.4159e+01 l_align: 7.4407e+01 l_total: 2.0366e+02 
2026-06-30 10:25:09,745 INFO: [smal_..][epoch: 10, iter:   7,680, lr:(6.204e-04,)][eta: 0:36:43, time (data): 0.206 (0.017)]l_bij: 9.0935e+01 l_orth: 9.7663e+01 l_align: 8.0011e+01 l_total: 2.6861e+02 
2026-06-30 10:25:13,750 INFO: [smal_..][epoch: 10, iter:   7,700, lr:(6.204e-04,)][eta: 0:36:37, time (data): 0.204 (0.016)]l_bij: 7.7165e+01 l_orth: 8.9735e+01 l_align: 7.8009e+01 l_total: 2.4491e+02 
2026-06-30 10:25:17,779 INFO: [smal_..][epoch: 10, iter:   7,720, lr:(6.204e-04,)][eta: 0:36:31, time (data): 0.203 (0.016)]l_bij: 8.7935e+01 l_orth: 9.8221e+01 l_align: 8.3027e+01 l_total: 2.6918e+02 
2026-06-30 10:25:21,856 INFO: [smal_..][epoch: 10, iter:   7,740, lr:(6.204e-04,)][eta: 0:36:26, time (data): 0.203 (0.016)]l_bij: 9.9889e+01 l_orth: 1.0514e+02 l_align: 9.0929e+01 l_total: 2.9595e+02 
2026-06-30 10:25:25,874 INFO: [smal_..][epoch: 10, iter:   7,760, lr:(6.204e-04,)][eta: 0:36:20, time (data): 0.203 (0.016)]l_bij: 4.6968e+01 l_orth: 7.6769e+01 l_align: 8.7496e+01 l_total: 2.1123e+02 
2026-06-30 10:25:29,890 INFO: [smal_..][epoch: 10, iter:   7,780, lr:(6.204e-04,)][eta: 0:36:14, time (data): 0.203 (0.016)]l_bij: 8.8948e+01 l_orth: 9.7162e+01 l_align: 7.7812e+01 l_total: 2.6392e+02 
2026-06-30 10:25:34,037 INFO: [smal_..][epoch: 10, iter:   7,800, lr:(6.204e-04,)][eta: 0:36:09, time (data): 0.203 (0.016)]l_bij: 1.0568e+02 l_orth: 1.1122e+02 l_align: 8.4455e+01 l_total: 3.0136e+02 
2026-06-30 10:25:38,099 INFO: [smal_..][epoch: 10, iter:   7,820, lr:(6.204e-04,)][eta: 0:36:03, time (data): 0.203 (0.016)]l_bij: 9.8784e+01 l_orth: 1.0302e+02 l_align: 8.3743e+01 l_total: 2.8554e+02 
2026-06-30 10:25:42,231 INFO: [smal_..][epoch: 10, iter:   7,840, lr:(6.204e-04,)][eta: 0:35:57, time (data): 0.235 (0.019)]l_bij: 8.6606e+01 l_orth: 9.6568e+01 l_align: 8.0469e+01 l_total: 2.6364e+02 
2026-06-30 10:25:46,401 INFO: [smal_..][epoch: 10, iter:   7,860, lr:(6.204e-04,)][eta: 0:35:52, time (data): 0.210 (0.017)]l_bij: 1.1006e+02 l_orth: 1.1310e+02 l_align: 8.4781e+01 l_total: 3.0794e+02 
2026-06-30 10:25:50,571 INFO: [smal_..][epoch: 10, iter:   7,880, lr:(6.204e-04,)][eta: 0:35:46, time (data): 0.209 (0.017)]l_bij: 9.4627e+01 l_orth: 1.0049e+02 l_align: 7.8867e+01 l_total: 2.7399e+02 
2026-06-30 10:25:54,537 INFO: [smal_..][epoch: 10, iter:   7,900, lr:(6.204e-04,)][eta: 0:35:41, time (data): 0.205 (0.016)]l_bij: 7.4314e+01 l_orth: 8.8428e+01 l_align: 7.6709e+01 l_total: 2.3945e+02 
2026-06-30 10:25:58,644 INFO: [smal_..][epoch: 10, iter:   7,920, lr:(6.204e-04,)][eta: 0:35:35, time (data): 0.205 (0.016)]l_bij: 1.0371e+02 l_orth: 1.0952e+02 l_align: 8.4584e+01 l_total: 2.9781e+02 
2026-06-30 10:26:02,684 INFO: [smal_..][epoch: 10, iter:   7,940, lr:(6.204e-04,)][eta: 0:35:29, time (data): 0.205 (0.016)]l_bij: 9.4401e+01 l_orth: 1.0186e+02 l_align: 7.9109e+01 l_total: 2.7537e+02 
2026-06-30 10:26:06,630 INFO: [smal_..][epoch: 10, iter:   7,960, lr:(6.204e-04,)][eta: 0:35:24, time (data): 0.203 (0.016)]l_bij: 1.1061e+02 l_orth: 1.1457e+02 l_align: 8.6609e+01 l_total: 3.1179e+02 
2026-06-30 10:26:10,679 INFO: [smal_..][epoch: 10, iter:   7,980, lr:(6.204e-04,)][eta: 0:35:18, time (data): 0.203 (0.016)]l_bij: 4.2900e+01 l_orth: 7.3917e+01 l_align: 8.6868e+01 l_total: 2.0369e+02 
2026-06-30 10:26:14,770 INFO: [smal_..][epoch: 10, iter:   8,000, lr:(6.204e-04,)][eta: 0:35:12, time (data): 0.203 (0.016)]l_bij: 5.2875e+01 l_orth: 7.2666e+01 l_align: 7.8595e+01 l_total: 2.0414e+02 
2026-06-30 10:26:14,771 INFO: Saving models and training states.
2026-06-30 10:26:14,986 INFO: Start validation.
2026-06-30 10:26:15,918 INFO: avg err:0.0000 | err:0.0000 | cougar_01 cougar_01
2026-06-30 10:26:16,145 INFO: avg err:0.0136 | err:0.0273 | cougar_01 cougar_02
2026-06-30 10:26:16,560 INFO: avg err:0.0137 | err:0.0139 | cougar_01 cougar_03
2026-06-30 10:26:16,802 INFO: avg err:0.0147 | err:0.0177 | cougar_01 cougar_04
2026-06-30 10:26:17,117 INFO: avg err:0.1706 | err:0.7940 | cougar_01 hippo_01
2026-06-30 10:26:17,346 INFO: avg err:0.2649 | err:0.7363 | cougar_01 hippo_02
2026-06-30 10:26:17,623 INFO: avg err:0.3235 | err:0.6752 | cougar_01 hippo_03
2026-06-30 10:26:17,862 INFO: avg err:0.3839 | err:0.8069 | cougar_01 hippo_04
2026-06-30 10:26:18,177 INFO: avg err:0.4045 | err:0.5697 | cougar_01 hippo_05
2026-06-30 10:26:18,422 INFO: avg err:0.4441 | err:0.7998 | cougar_01 hippo_06
2026-06-30 10:26:18,757 INFO: avg err:0.4071 | err:0.0369 | cougar_01 horse_01
2026-06-30 10:26:18,966 INFO: avg err:0.3760 | err:0.0340 | cougar_01 horse_02
2026-06-30 10:26:19,320 INFO: avg err:0.3495 | err:0.0320 | cougar_01 horse_03
2026-06-30 10:26:19,556 INFO: avg err:0.3269 | err:0.0326 | cougar_01 horse_04
2026-06-30 10:26:19,906 INFO: avg err:0.3076 | err:0.0385 | cougar_01 horse_05
2026-06-30 10:26:20,208 INFO: avg err:0.2904 | err:0.0323 | cougar_01 horse_06
2026-06-30 10:26:20,504 INFO: avg err:0.2754 | err:0.0342 | cougar_01 horse_07
2026-06-30 10:26:20,738 INFO: avg err:0.2615 | err:0.0259 | cougar_01 horse_08
2026-06-30 10:26:21,177 INFO: avg err:0.2501 | err:0.0451 | cougar_01 horse_09
2026-06-30 10:26:21,394 INFO: avg err:0.2437 | err:0.1218 | cougar_01 horse_10
2026-06-30 10:26:21,758 INFO: avg err:0.2332 | err:0.0229 | cougar_02 cougar_01
2026-06-30 10:26:22,005 INFO: avg err:0.2226 | err:0.0000 | cougar_02 cougar_02
2026-06-30 10:26:22,349 INFO: avg err:0.2137 | err:0.0182 | cougar_02 cougar_03
2026-06-30 10:26:22,561 INFO: avg err:0.2059 | err:0.0274 | cougar_02 cougar_04
2026-06-30 10:26:22,841 INFO: avg err:0.2347 | err:0.9253 | cougar_02 hippo_01
2026-06-30 10:26:23,073 INFO: avg err:0.2581 | err:0.8415 | cougar_02 hippo_02
2026-06-30 10:26:23,411 INFO: avg err:0.2728 | err:0.6562 | cougar_02 hippo_03
2026-06-30 10:26:23,620 INFO: avg err:0.2963 | err:0.9317 | cougar_02 hippo_04
2026-06-30 10:26:23,998 INFO: avg err:0.3059 | err:0.5739 | cougar_02 hippo_05
2026-06-30 10:26:24,217 INFO: avg err:0.3209 | err:0.7544 | cougar_02 hippo_06
2026-06-30 10:26:24,619 INFO: avg err:0.3120 | err:0.0468 | cougar_02 horse_01
2026-06-30 10:26:24,848 INFO: avg err:0.3035 | err:0.0399 | cougar_02 horse_02
2026-06-30 10:26:25,173 INFO: avg err:0.2956 | err:0.0436 | cougar_02 horse_03
2026-06-30 10:26:25,418 INFO: avg err:0.2881 | err:0.0392 | cougar_02 horse_04
2026-06-30 10:26:25,844 INFO: avg err:0.2812 | err:0.0472 | cougar_02 horse_05
2026-06-30 10:26:26,077 INFO: avg err:0.2746 | err:0.0428 | cougar_02 horse_06
2026-06-30 10:26:26,438 INFO: avg err:0.2684 | err:0.0454 | cougar_02 horse_07
2026-06-30 10:26:26,700 INFO: avg err:0.2623 | err:0.0373 | cougar_02 horse_08
2026-06-30 10:26:27,145 INFO: avg err:0.2572 | err:0.0637 | cougar_02 horse_09
2026-06-30 10:26:27,383 INFO: avg err:0.2541 | err:0.1320 | cougar_02 horse_10
2026-06-30 10:26:27,694 INFO: avg err:0.2482 | err:0.0136 | cougar_03 cougar_01
2026-06-30 10:26:27,874 INFO: avg err:0.2427 | err:0.0168 | cougar_03 cougar_02
2026-06-30 10:26:28,266 INFO: avg err:0.2371 | err:0.0000 | cougar_03 cougar_03
2026-06-30 10:26:28,482 INFO: avg err:0.2321 | err:0.0203 | cougar_03 cougar_04
2026-06-30 10:26:28,901 INFO: avg err:0.2475 | err:0.9217 | cougar_03 hippo_01
2026-06-30 10:26:29,158 INFO: avg err:0.2591 | err:0.7808 | cougar_03 hippo_02
2026-06-30 10:26:29,506 INFO: avg err:0.2684 | err:0.6988 | cougar_03 hippo_03
2026-06-30 10:26:29,699 INFO: avg err:0.2806 | err:0.8537 | cougar_03 hippo_04
2026-06-30 10:26:30,084 INFO: avg err:0.2875 | err:0.6162 | cougar_03 hippo_05
2026-06-30 10:26:30,355 INFO: avg err:0.2968 | err:0.7526 | cougar_03 hippo_06
2026-06-30 10:26:30,604 INFO: avg err:0.2916 | err:0.0358 | cougar_03 horse_01
2026-06-30 10:26:30,788 INFO: avg err:0.2866 | err:0.0305 | cougar_03 horse_02
2026-06-30 10:26:31,179 INFO: avg err:0.2819 | err:0.0347 | cougar_03 horse_03
2026-06-30 10:26:31,427 INFO: avg err:0.2773 | err:0.0346 | cougar_03 horse_04
2026-06-30 10:26:31,739 INFO: avg err:0.2730 | err:0.0414 | cougar_03 horse_05
2026-06-30 10:26:31,995 INFO: avg err:0.2688 | err:0.0395 | cougar_03 horse_06
2026-06-30 10:26:32,246 INFO: avg err:0.2648 | err:0.0394 | cougar_03 horse_07
2026-06-30 10:26:32,517 INFO: avg err:0.2607 | err:0.0290 | cougar_03 horse_08
2026-06-30 10:26:32,790 INFO: avg err:0.2572 | err:0.0496 | cougar_03 horse_09
2026-06-30 10:26:33,001 INFO: avg err:0.2551 | err:0.1305 | cougar_03 horse_10
2026-06-30 10:26:33,473 INFO: avg err:0.2512 | err:0.0191 | cougar_04 cougar_01
2026-06-30 10:26:33,729 INFO: avg err:0.2477 | err:0.0327 | cougar_04 cougar_02
2026-06-30 10:26:34,015 INFO: avg err:0.2441 | err:0.0202 | cougar_04 cougar_03
2026-06-30 10:26:34,236 INFO: avg err:0.2402 | err:0.0000 | cougar_04 cougar_04
2026-06-30 10:26:34,683 INFO: avg err:0.2481 | err:0.7529 | cougar_04 hippo_01
2026-06-30 10:26:34,910 INFO: avg err:0.2549 | err:0.6946 | cougar_04 hippo_02
2026-06-30 10:26:35,262 INFO: avg err:0.2617 | err:0.7142 | cougar_04 hippo_03
2026-06-30 10:26:35,511 INFO: avg err:0.2696 | err:0.7980 | cougar_04 hippo_04
2026-06-30 10:26:35,869 INFO: avg err:0.2740 | err:0.5724 | cougar_04 hippo_05
2026-06-30 10:26:36,136 INFO: avg err:0.2807 | err:0.7432 | cougar_04 hippo_06
2026-06-30 10:26:36,485 INFO: avg err:0.2773 | err:0.0343 | cougar_04 horse_01
2026-06-30 10:26:36,743 INFO: avg err:0.2739 | err:0.0338 | cougar_04 horse_02
2026-06-30 10:26:37,171 INFO: avg err:0.2706 | err:0.0346 | cougar_04 horse_03
2026-06-30 10:26:37,381 INFO: avg err:0.2674 | err:0.0378 | cougar_04 horse_04
2026-06-30 10:26:37,814 INFO: avg err:0.2644 | err:0.0382 | cougar_04 horse_05
2026-06-30 10:26:38,028 INFO: avg err:0.2613 | err:0.0330 | cougar_04 horse_06
2026-06-30 10:26:38,382 INFO: avg err:0.2583 | err:0.0287 | cougar_04 horse_07
2026-06-30 10:26:38,628 INFO: avg err:0.2554 | err:0.0324 | cougar_04 horse_08
2026-06-30 10:26:38,995 INFO: avg err:0.2528 | err:0.0465 | cougar_04 horse_09
2026-06-30 10:26:39,233 INFO: avg err:0.2511 | err:0.1168 | cougar_04 horse_10
2026-06-30 10:26:39,558 INFO: avg err:0.2550 | err:0.5672 | hippo_01 cougar_01
2026-06-30 10:26:39,757 INFO: avg err:0.2586 | err:0.5506 | hippo_01 cougar_02
2026-06-30 10:26:40,154 INFO: avg err:0.2624 | err:0.5758 | hippo_01 cougar_03
2026-06-30 10:26:40,372 INFO: avg err:0.2665 | err:0.6053 | hippo_01 cougar_04
2026-06-30 10:26:40,717 INFO: avg err:0.2634 | err:0.0000 | hippo_01 hippo_01
2026-06-30 10:26:40,897 INFO: avg err:0.2609 | err:0.0537 | hippo_01 hippo_02
2026-06-30 10:26:41,262 INFO: avg err:0.2606 | err:0.2335 | hippo_01 hippo_03
2026-06-30 10:26:41,500 INFO: avg err:0.2578 | err:0.0136 | hippo_01 hippo_04
2026-06-30 10:26:41,784 INFO: avg err:0.2568 | err:0.1656 | hippo_01 hippo_05
2026-06-30 10:26:41,992 INFO: avg err:0.2550 | err:0.0975 | hippo_01 hippo_06
2026-06-30 10:26:42,342 INFO: avg err:0.2584 | err:0.5646 | hippo_01 horse_01
2026-06-30 10:26:42,573 INFO: avg err:0.2617 | err:0.5639 | hippo_01 horse_02
2026-06-30 10:26:42,914 INFO: avg err:0.2649 | err:0.5619 | hippo_01 horse_03
2026-06-30 10:26:43,143 INFO: avg err:0.2681 | err:0.5592 | hippo_01 horse_04
2026-06-30 10:26:43,563 INFO: avg err:0.2713 | err:0.5714 | hippo_01 horse_05
2026-06-30 10:26:43,807 INFO: avg err:0.2742 | err:0.5487 | hippo_01 horse_06
2026-06-30 10:26:44,169 INFO: avg err:0.2771 | err:0.5550 | hippo_01 horse_07
2026-06-30 10:26:44,399 INFO: avg err:0.2800 | err:0.5632 | hippo_01 horse_08
2026-06-30 10:26:44,762 INFO: avg err:0.2827 | err:0.5464 | hippo_01 horse_09
2026-06-30 10:26:45,000 INFO: avg err:0.2851 | err:0.5302 | hippo_01 horse_10
2026-06-30 10:26:45,294 INFO: avg err:0.2867 | err:0.4391 | hippo_02 cougar_01
2026-06-30 10:26:45,514 INFO: avg err:0.2886 | err:0.4851 | hippo_02 cougar_02
2026-06-30 10:26:45,879 INFO: avg err:0.2902 | err:0.4473 | hippo_02 cougar_03
2026-06-30 10:26:46,103 INFO: avg err:0.2914 | err:0.4219 | hippo_02 cougar_04
2026-06-30 10:26:46,452 INFO: avg err:0.2892 | err:0.0633 | hippo_02 hippo_01
2026-06-30 10:26:46,728 INFO: avg err:0.2865 | err:0.0000 | hippo_02 hippo_02
2026-06-30 10:26:47,018 INFO: avg err:0.2854 | err:0.1716 | hippo_02 hippo_03
2026-06-30 10:26:47,244 INFO: avg err:0.2834 | err:0.0643 | hippo_02 hippo_04
2026-06-30 10:26:47,565 INFO: avg err:0.2811 | err:0.0334 | hippo_02 hippo_05
2026-06-30 10:26:47,790 INFO: avg err:0.2791 | err:0.0643 | hippo_02 hippo_06
2026-06-30 10:26:48,141 INFO: avg err:0.2803 | err:0.4131 | hippo_02 horse_01
2026-06-30 10:26:48,374 INFO: avg err:0.2820 | err:0.4637 | hippo_02 horse_02
2026-06-30 10:26:48,752 INFO: avg err:0.2834 | err:0.4422 | hippo_02 horse_03
2026-06-30 10:26:49,029 INFO: avg err:0.2848 | err:0.4475 | hippo_02 horse_04
2026-06-30 10:26:49,346 INFO: avg err:0.2864 | err:0.4701 | hippo_02 horse_05
2026-06-30 10:26:49,576 INFO: avg err:0.2879 | err:0.4599 | hippo_02 horse_06
2026-06-30 10:26:49,956 INFO: avg err:0.2893 | err:0.4516 | hippo_02 horse_07
2026-06-30 10:26:50,173 INFO: avg err:0.2906 | err:0.4393 | hippo_02 horse_08
2026-06-30 10:26:50,577 INFO: avg err:0.2921 | err:0.4625 | hippo_02 horse_09
2026-06-30 10:26:50,801 INFO: avg err:0.2931 | err:0.4156 | hippo_02 horse_10
2026-06-30 10:26:51,196 INFO: avg err:0.2936 | err:0.3565 | hippo_03 cougar_01
2026-06-30 10:26:51,424 INFO: avg err:0.2947 | err:0.4210 | hippo_03 cougar_02
2026-06-30 10:26:51,766 INFO: avg err:0.2950 | err:0.3351 | hippo_03 cougar_03
2026-06-30 10:26:51,997 INFO: avg err:0.2953 | err:0.3302 | hippo_03 cougar_04
2026-06-30 10:26:52,395 INFO: avg err:0.2945 | err:0.1971 | hippo_03 hippo_01
2026-06-30 10:26:52,601 INFO: avg err:0.2933 | err:0.1469 | hippo_03 hippo_02
2026-06-30 10:26:52,911 INFO: avg err:0.2910 | err:0.0000 | hippo_03 hippo_03
2026-06-30 10:26:53,157 INFO: avg err:0.2907 | err:0.2526 | hippo_03 hippo_04
2026-06-30 10:26:53,480 INFO: avg err:0.2891 | err:0.0828 | hippo_03 hippo_05
2026-06-30 10:26:53,684 INFO: avg err:0.2881 | err:0.1568 | hippo_03 hippo_06
2026-06-30 10:26:54,125 INFO: avg err:0.2889 | err:0.3957 | hippo_03 horse_01
2026-06-30 10:26:54,347 INFO: avg err:0.2895 | err:0.3741 | hippo_03 horse_02
2026-06-30 10:26:54,682 INFO: avg err:0.2904 | err:0.3976 | hippo_03 horse_03
2026-06-30 10:26:54,912 INFO: avg err:0.2910 | err:0.3752 | hippo_03 horse_04
2026-06-30 10:26:55,236 INFO: avg err:0.2916 | err:0.3754 | hippo_03 horse_05
2026-06-30 10:26:55,457 INFO: avg err:0.2923 | err:0.3803 | hippo_03 horse_06
2026-06-30 10:26:55,855 INFO: avg err:0.2927 | err:0.3565 | hippo_03 horse_07
2026-06-30 10:26:56,065 INFO: avg err:0.2932 | err:0.3634 | hippo_03 horse_08
2026-06-30 10:26:56,481 INFO: avg err:0.2936 | err:0.3463 | hippo_03 horse_09
2026-06-30 10:26:56,739 INFO: avg err:0.2942 | err:0.3696 | hippo_03 horse_10
2026-06-30 10:26:57,094 INFO: avg err:0.2962 | err:0.5783 | hippo_04 cougar_01
2026-06-30 10:26:57,290 INFO: avg err:0.2981 | err:0.5632 | hippo_04 cougar_02
2026-06-30 10:26:57,646 INFO: avg err:0.2999 | err:0.5647 | hippo_04 cougar_03
2026-06-30 10:26:57,883 INFO: avg err:0.3020 | err:0.6034 | hippo_04 cougar_04
2026-06-30 10:26:58,238 INFO: avg err:0.3000 | err:0.0124 | hippo_04 hippo_01
2026-06-30 10:26:58,447 INFO: avg err:0.2984 | err:0.0666 | hippo_04 hippo_02
2026-06-30 10:26:58,804 INFO: avg err:0.2983 | err:0.2829 | hippo_04 hippo_03
2026-06-30 10:26:59,017 INFO: avg err:0.2963 | err:0.0000 | hippo_04 hippo_04
2026-06-30 10:26:59,398 INFO: avg err:0.2954 | err:0.1565 | hippo_04 hippo_05
2026-06-30 10:26:59,658 INFO: avg err:0.2941 | err:0.1088 | hippo_04 hippo_06
2026-06-30 10:26:59,943 INFO: avg err:0.2960 | err:0.5822 | hippo_04 horse_01
2026-06-30 10:27:00,166 INFO: avg err:0.2979 | err:0.5791 | hippo_04 horse_02
2026-06-30 10:27:00,496 INFO: avg err:0.2998 | err:0.5824 | hippo_04 horse_03
2026-06-30 10:27:00,743 INFO: avg err:0.3016 | err:0.5861 | hippo_04 horse_04
2026-06-30 10:27:01,219 INFO: avg err:0.3035 | err:0.6000 | hippo_04 horse_05
2026-06-30 10:27:01,496 INFO: avg err:0.3054 | err:0.5859 | hippo_04 horse_06
2026-06-30 10:27:01,853 INFO: avg err:0.3072 | err:0.5887 | hippo_04 horse_07
2026-06-30 10:27:02,068 INFO: avg err:0.3089 | err:0.5867 | hippo_04 horse_08
2026-06-30 10:27:02,413 INFO: avg err:0.3105 | err:0.5648 | hippo_04 horse_09
2026-06-30 10:27:02,665 INFO: avg err:0.3120 | err:0.5464 | hippo_04 horse_10
2026-06-30 10:27:03,094 INFO: avg err:0.3124 | err:0.3679 | hippo_05 cougar_01
2026-06-30 10:27:03,358 INFO: avg err:0.3127 | err:0.3627 | hippo_05 cougar_02
2026-06-30 10:27:03,643 INFO: avg err:0.3130 | err:0.3662 | hippo_05 cougar_03
2026-06-30 10:27:03,837 INFO: avg err:0.3132 | err:0.3481 | hippo_05 cougar_04
2026-06-30 10:27:04,223 INFO: avg err:0.3121 | err:0.1253 | hippo_05 hippo_01
2026-06-30 10:27:04,479 INFO: avg err:0.3106 | err:0.0630 | hippo_05 hippo_02
2026-06-30 10:27:04,816 INFO: avg err:0.3097 | err:0.1607 | hippo_05 hippo_03
2026-06-30 10:27:05,018 INFO: avg err:0.3085 | err:0.1198 | hippo_05 hippo_04
2026-06-30 10:27:05,496 INFO: avg err:0.3067 | err:0.0000 | hippo_05 hippo_05
2026-06-30 10:27:05,744 INFO: avg err:0.3058 | err:0.1484 | hippo_05 hippo_06
2026-06-30 10:27:06,091 INFO: avg err:0.3063 | err:0.3943 | hippo_05 horse_01
2026-06-30 10:27:06,328 INFO: avg err:0.3067 | err:0.3819 | hippo_05 horse_02
2026-06-30 10:27:06,605 INFO: avg err:0.3072 | err:0.3928 | hippo_05 horse_03
2026-06-30 10:27:06,833 INFO: avg err:0.3077 | err:0.3839 | hippo_05 horse_04
2026-06-30 10:27:07,166 INFO: avg err:0.3081 | err:0.3827 | hippo_05 horse_05
2026-06-30 10:27:07,357 INFO: avg err:0.3085 | err:0.3840 | hippo_05 horse_06
2026-06-30 10:27:07,745 INFO: avg err:0.3090 | err:0.3860 | hippo_05 horse_07
2026-06-30 10:27:08,010 INFO: avg err:0.3094 | err:0.3908 | hippo_05 horse_08
2026-06-30 10:27:08,311 INFO: avg err:0.3097 | err:0.3634 | hippo_05 horse_09
2026-06-30 10:27:08,504 INFO: avg err:0.3098 | err:0.3257 | hippo_05 horse_10
2026-06-30 10:27:08,853 INFO: avg err:0.3108 | err:0.4768 | hippo_06 cougar_01
2026-06-30 10:27:09,079 INFO: avg err:0.3117 | err:0.4825 | hippo_06 cougar_02
2026-06-30 10:27:09,467 INFO: avg err:0.3125 | err:0.4646 | hippo_06 cougar_03
2026-06-30 10:27:09,730 INFO: avg err:0.3136 | err:0.5039 | hippo_06 cougar_04
2026-06-30 10:27:10,139 INFO: avg err:0.3125 | err:0.1152 | hippo_06 hippo_01
2026-06-30 10:27:10,354 INFO: avg err:0.3110 | err:0.0238 | hippo_06 hippo_02
2026-06-30 10:27:10,620 INFO: avg err:0.3102 | err:0.1620 | hippo_06 hippo_03
2026-06-30 10:27:10,864 INFO: avg err:0.3093 | err:0.1570 | hippo_06 hippo_04
2026-06-30 10:27:11,269 INFO: avg err:0.3084 | err:0.1324 | hippo_06 hippo_05
2026-06-30 10:27:11,510 INFO: avg err:0.3068 | err:0.0000 | hippo_06 hippo_06
2026-06-30 10:27:11,930 INFO: avg err:0.3077 | err:0.4814 | hippo_06 horse_01
2026-06-30 10:27:12,157 INFO: avg err:0.3087 | err:0.4940 | hippo_06 horse_02
2026-06-30 10:27:12,507 INFO: avg err:0.3095 | err:0.4765 | hippo_06 horse_03
2026-06-30 10:27:12,721 INFO: avg err:0.3105 | err:0.4874 | hippo_06 horse_04
2026-06-30 10:27:13,062 INFO: avg err:0.3113 | err:0.4701 | hippo_06 horse_05
2026-06-30 10:27:13,280 INFO: avg err:0.3122 | err:0.4858 | hippo_06 horse_06
2026-06-30 10:27:13,646 INFO: avg err:0.3130 | err:0.4860 | hippo_06 horse_07
2026-06-30 10:27:13,870 INFO: avg err:0.3139 | err:0.4789 | hippo_06 horse_08
2026-06-30 10:27:14,225 INFO: avg err:0.3148 | err:0.4947 | hippo_06 horse_09
2026-06-30 10:27:14,430 INFO: avg err:0.3152 | err:0.4014 | hippo_06 horse_10
2026-06-30 10:27:14,791 INFO: avg err:0.3138 | err:0.0323 | horse_01 cougar_01
2026-06-30 10:27:15,054 INFO: avg err:0.3125 | err:0.0497 | horse_01 cougar_02
2026-06-30 10:27:15,336 INFO: avg err:0.3112 | err:0.0383 | horse_01 cougar_03
2026-06-30 10:27:15,569 INFO: avg err:0.3098 | err:0.0333 | horse_01 cougar_04
2026-06-30 10:27:15,860 INFO: avg err:0.3119 | err:0.7497 | horse_01 hippo_01
2026-06-30 10:27:16,104 INFO: avg err:0.3136 | err:0.6509 | horse_01 hippo_02
2026-06-30 10:27:16,591 INFO: avg err:0.3153 | err:0.6661 | horse_01 hippo_03
2026-06-30 10:27:16,824 INFO: avg err:0.3174 | err:0.7504 | horse_01 hippo_04
2026-06-30 10:27:17,139 INFO: avg err:0.3185 | err:0.5489 | horse_01 hippo_05
2026-06-30 10:27:17,352 INFO: avg err:0.3205 | err:0.7346 | horse_01 hippo_06
2026-06-30 10:27:17,823 INFO: avg err:0.3190 | err:0.0000 | horse_01 horse_01
2026-06-30 10:27:18,042 INFO: avg err:0.3175 | err:0.0154 | horse_01 horse_02
2026-06-30 10:27:18,383 INFO: avg err:0.3161 | err:0.0115 | horse_01 horse_03
2026-06-30 10:27:18,571 INFO: avg err:0.3147 | err:0.0199 | horse_01 horse_04
2026-06-30 10:27:18,910 INFO: avg err:0.3133 | err:0.0220 | horse_01 horse_05
2026-06-30 10:27:19,145 INFO: avg err:0.3120 | err:0.0218 | horse_01 horse_06
2026-06-30 10:27:19,551 INFO: avg err:0.3106 | err:0.0198 | horse_01 horse_07
2026-06-30 10:27:19,762 INFO: avg err:0.3093 | err:0.0162 | horse_01 horse_08
2026-06-30 10:27:20,195 INFO: avg err:0.3080 | err:0.0261 | horse_01 horse_09
2026-06-30 10:27:20,412 INFO: avg err:0.3071 | err:0.1107 | horse_01 horse_10
2026-06-30 10:27:20,749 INFO: avg err:0.3058 | err:0.0301 | horse_02 cougar_01
2026-06-30 10:27:20,976 INFO: avg err:0.3047 | err:0.0570 | horse_02 cougar_02
2026-06-30 10:27:21,315 INFO: avg err:0.3035 | err:0.0337 | horse_02 cougar_03
2026-06-30 10:27:21,525 INFO: avg err:0.3023 | err:0.0339 | horse_02 cougar_04
2026-06-30 10:27:21,852 INFO: avg err:0.3046 | err:0.8130 | horse_02 hippo_01
2026-06-30 10:27:22,100 INFO: avg err:0.3065 | err:0.7339 | horse_02 hippo_02
2026-06-30 10:27:22,374 INFO: avg err:0.3082 | err:0.7088 | horse_02 hippo_03
2026-06-30 10:27:22,595 INFO: avg err:0.3102 | err:0.7592 | horse_02 hippo_04
2026-06-30 10:27:23,028 INFO: avg err:0.3115 | err:0.5990 | horse_02 hippo_05
2026-06-30 10:27:23,240 INFO: avg err:0.3131 | err:0.6848 | horse_02 hippo_06
2026-06-30 10:27:23,519 INFO: avg err:0.3118 | err:0.0154 | horse_02 horse_01
2026-06-30 10:27:23,795 INFO: avg err:0.3105 | err:0.0000 | horse_02 horse_02
2026-06-30 10:27:24,122 INFO: avg err:0.3092 | err:0.0116 | horse_02 horse_03
2026-06-30 10:27:24,309 INFO: avg err:0.3079 | err:0.0131 | horse_02 horse_04
2026-06-30 10:27:24,808 INFO: avg err:0.3067 | err:0.0199 | horse_02 horse_05
2026-06-30 10:27:25,010 INFO: avg err:0.3055 | err:0.0222 | horse_02 horse_06
2026-06-30 10:27:25,282 INFO: avg err:0.3043 | err:0.0253 | horse_02 horse_07
2026-06-30 10:27:25,557 INFO: avg err:0.3031 | err:0.0113 | horse_02 horse_08
2026-06-30 10:27:25,883 INFO: avg err:0.3019 | err:0.0218 | horse_02 horse_09
2026-06-30 10:27:26,144 INFO: avg err:0.3011 | err:0.1112 | horse_02 horse_10
2026-06-30 10:27:26,401 INFO: avg err:0.3000 | err:0.0314 | horse_03 cougar_01
2026-06-30 10:27:26,653 INFO: avg err:0.2989 | err:0.0451 | horse_03 cougar_02
2026-06-30 10:27:26,982 INFO: avg err:0.2979 | err:0.0365 | horse_03 cougar_03
2026-06-30 10:27:27,241 INFO: avg err:0.2968 | err:0.0326 | horse_03 cougar_04
2026-06-30 10:27:27,631 INFO: avg err:0.2986 | err:0.7533 | horse_03 hippo_01
2026-06-30 10:27:27,859 INFO: avg err:0.3001 | err:0.6583 | horse_03 hippo_02
2026-06-30 10:27:28,211 INFO: avg err:0.3016 | err:0.6674 | horse_03 hippo_03
2026-06-30 10:27:28,423 INFO: avg err:0.3033 | err:0.7259 | horse_03 hippo_04
2026-06-30 10:27:28,862 INFO: avg err:0.3043 | err:0.5613 | horse_03 hippo_05
2026-06-30 10:27:29,066 INFO: avg err:0.3061 | err:0.7405 | horse_03 hippo_06
2026-06-30 10:27:29,467 INFO: avg err:0.3049 | err:0.0114 | horse_03 horse_01
2026-06-30 10:27:29,662 INFO: avg err:0.3037 | err:0.0111 | horse_03 horse_02
2026-06-30 10:27:29,990 INFO: avg err:0.3025 | err:0.0000 | horse_03 horse_03
2026-06-30 10:27:30,214 INFO: avg err:0.3014 | err:0.0186 | horse_03 horse_04
2026-06-30 10:27:30,516 INFO: avg err:0.3003 | err:0.0218 | horse_03 horse_05
2026-06-30 10:27:30,740 INFO: avg err:0.2992 | err:0.0205 | horse_03 horse_06
2026-06-30 10:27:31,137 INFO: avg err:0.2982 | err:0.0233 | horse_03 horse_07
2026-06-30 10:27:31,379 INFO: avg err:0.2971 | err:0.0129 | horse_03 horse_08
2026-06-30 10:27:31,745 INFO: avg err:0.2960 | err:0.0234 | horse_03 horse_09
2026-06-30 10:27:31,940 INFO: avg err:0.2953 | err:0.1116 | horse_03 horse_10
2026-06-30 10:27:32,331 INFO: avg err:0.2943 | err:0.0309 | horse_04 cougar_01
2026-06-30 10:27:32,551 INFO: avg err:0.2933 | err:0.0454 | horse_04 cougar_02
2026-06-30 10:27:32,951 INFO: avg err:0.2923 | err:0.0361 | horse_04 cougar_03
2026-06-30 10:27:33,166 INFO: avg err:0.2914 | err:0.0351 | horse_04 cougar_04
2026-06-30 10:27:33,502 INFO: avg err:0.2934 | err:0.8222 | horse_04 hippo_01
2026-06-30 10:27:33,692 INFO: avg err:0.2951 | err:0.7626 | horse_04 hippo_02
2026-06-30 10:27:34,043 INFO: avg err:0.2965 | err:0.6605 | horse_04 hippo_03
2026-06-30 10:27:34,280 INFO: avg err:0.2984 | err:0.8109 | horse_04 hippo_04
2026-06-30 10:27:34,658 INFO: avg err:0.2995 | err:0.5837 | horse_04 hippo_05
2026-06-30 10:27:34,846 INFO: avg err:0.3012 | err:0.7609 | horse_04 hippo_06
2026-06-30 10:27:35,278 INFO: avg err:0.3002 | err:0.0193 | horse_04 horse_01
2026-06-30 10:27:35,500 INFO: avg err:0.2991 | err:0.0129 | horse_04 horse_02
2026-06-30 10:27:35,872 INFO: avg err:0.2981 | err:0.0172 | horse_04 horse_03
2026-06-30 10:27:36,141 INFO: avg err:0.2970 | err:0.0000 | horse_04 horse_04
2026-06-30 10:27:36,468 INFO: avg err:0.2960 | err:0.0203 | horse_04 horse_05
2026-06-30 10:27:36,697 INFO: avg err:0.2950 | err:0.0266 | horse_04 horse_06
2026-06-30 10:27:36,959 INFO: avg err:0.2940 | err:0.0264 | horse_04 horse_07
2026-06-30 10:27:37,185 INFO: avg err:0.2930 | err:0.0162 | horse_04 horse_08
2026-06-30 10:27:37,554 INFO: avg err:0.2921 | err:0.0248 | horse_04 horse_09
2026-06-30 10:27:37,813 INFO: avg err:0.2914 | err:0.1090 | horse_04 horse_10
2026-06-30 10:27:38,062 INFO: avg err:0.2905 | err:0.0335 | horse_05 cougar_01
2026-06-30 10:27:38,297 INFO: avg err:0.2897 | err:0.0548 | horse_05 cougar_02
2026-06-30 10:27:38,654 INFO: avg err:0.2888 | err:0.0358 | horse_05 cougar_03
2026-06-30 10:27:38,901 INFO: avg err:0.2879 | err:0.0344 | horse_05 cougar_04
2026-06-30 10:27:39,279 INFO: avg err:0.2897 | err:0.8248 | horse_05 hippo_01
2026-06-30 10:27:39,457 INFO: avg err:0.2915 | err:0.7961 | horse_05 hippo_02
2026-06-30 10:27:39,872 INFO: avg err:0.2928 | err:0.6573 | horse_05 hippo_03
2026-06-30 10:27:40,109 INFO: avg err:0.2946 | err:0.8161 | horse_05 hippo_04
2026-06-30 10:27:40,425 INFO: avg err:0.2956 | err:0.5830 | horse_05 hippo_05
2026-06-30 10:27:40,675 INFO: avg err:0.2971 | err:0.7384 | horse_05 hippo_06
2026-06-30 10:27:41,057 INFO: avg err:0.2962 | err:0.0212 | horse_05 horse_01
2026-06-30 10:27:41,237 INFO: avg err:0.2952 | err:0.0197 | horse_05 horse_02
2026-06-30 10:27:41,565 INFO: avg err:0.2943 | err:0.0193 | horse_05 horse_03
2026-06-30 10:27:41,824 INFO: avg err:0.2934 | err:0.0203 | horse_05 horse_04
2026-06-30 10:27:42,070 INFO: avg err:0.2924 | err:0.0000 | horse_05 horse_05
2026-06-30 10:27:42,293 INFO: avg err:0.2915 | err:0.0232 | horse_05 horse_06
2026-06-30 10:27:42,639 INFO: avg err:0.2906 | err:0.0248 | horse_05 horse_07
2026-06-30 10:27:42,871 INFO: avg err:0.2897 | err:0.0209 | horse_05 horse_08
2026-06-30 10:27:43,314 INFO: avg err:0.2888 | err:0.0298 | horse_05 horse_09
2026-06-30 10:27:43,530 INFO: avg err:0.2883 | err:0.1351 | horse_05 horse_10
2026-06-30 10:27:43,800 INFO: avg err:0.2874 | err:0.0336 | horse_06 cougar_01
2026-06-30 10:27:44,039 INFO: avg err:0.2866 | err:0.0445 | horse_06 cougar_02
2026-06-30 10:27:44,380 INFO: avg err:0.2858 | err:0.0402 | horse_06 cougar_03
2026-06-30 10:27:44,577 INFO: avg err:0.2850 | err:0.0352 | horse_06 cougar_04
2026-06-30 10:27:44,996 INFO: avg err:0.2869 | err:0.8553 | horse_06 hippo_01
2026-06-30 10:27:45,190 INFO: avg err:0.2885 | err:0.7738 | horse_06 hippo_02
2026-06-30 10:27:45,532 INFO: avg err:0.2898 | err:0.7102 | horse_06 hippo_03
2026-06-30 10:27:45,814 INFO: avg err:0.2915 | err:0.8202 | horse_06 hippo_04
2026-06-30 10:27:46,189 INFO: avg err:0.2925 | err:0.5992 | horse_06 hippo_05
2026-06-30 10:27:46,411 INFO: avg err:0.2938 | err:0.6958 | horse_06 hippo_06
2026-06-30 10:27:46,717 INFO: avg err:0.2930 | err:0.0175 | horse_06 horse_01
2026-06-30 10:27:46,956 INFO: avg err:0.2921 | err:0.0209 | horse_06 horse_02
2026-06-30 10:27:47,263 INFO: avg err:0.2912 | err:0.0191 | horse_06 horse_03
2026-06-30 10:27:47,483 INFO: avg err:0.2904 | err:0.0259 | horse_06 horse_04
2026-06-30 10:27:47,753 INFO: avg err:0.2895 | err:0.0244 | horse_06 horse_05
2026-06-30 10:27:47,964 INFO: avg err:0.2886 | err:0.0000 | horse_06 horse_06
2026-06-30 10:27:48,393 INFO: avg err:0.2877 | err:0.0148 | horse_06 horse_07
2026-06-30 10:27:48,607 INFO: avg err:0.2869 | err:0.0207 | horse_06 horse_08
2026-06-30 10:27:48,953 INFO: avg err:0.2861 | err:0.0367 | horse_06 horse_09
2026-06-30 10:27:49,198 INFO: avg err:0.2856 | err:0.1219 | horse_06 horse_10
2026-06-30 10:27:49,513 INFO: avg err:0.2848 | err:0.0332 | horse_07 cougar_01
2026-06-30 10:27:49,708 INFO: avg err:0.2841 | err:0.0446 | horse_07 cougar_02
2026-06-30 10:27:50,016 INFO: avg err:0.2833 | err:0.0372 | horse_07 cougar_03
2026-06-30 10:27:50,213 INFO: avg err:0.2825 | err:0.0320 | horse_07 cougar_04
2026-06-30 10:27:50,644 INFO: avg err:0.2844 | err:0.8766 | horse_07 hippo_01
2026-06-30 10:27:50,860 INFO: avg err:0.2858 | err:0.7655 | horse_07 hippo_02
2026-06-30 10:27:51,147 INFO: avg err:0.2871 | err:0.7020 | horse_07 hippo_03
2026-06-30 10:27:51,350 INFO: avg err:0.2888 | err:0.8562 | horse_07 hippo_04
2026-06-30 10:27:51,738 INFO: avg err:0.2899 | err:0.6303 | horse_07 hippo_05
2026-06-30 10:27:51,974 INFO: avg err:0.2914 | err:0.7965 | horse_07 hippo_06
2026-06-30 10:27:52,287 INFO: avg err:0.2906 | err:0.0173 | horse_07 horse_01
2026-06-30 10:27:52,573 INFO: avg err:0.2898 | err:0.0219 | horse_07 horse_02
2026-06-30 10:27:52,821 INFO: avg err:0.2890 | err:0.0207 | horse_07 horse_03
2026-06-30 10:27:53,024 INFO: avg err:0.2882 | err:0.0260 | horse_07 horse_04
2026-06-30 10:27:53,467 INFO: avg err:0.2874 | err:0.0243 | horse_07 horse_05
2026-06-30 10:27:53,678 INFO: avg err:0.2866 | err:0.0140 | horse_07 horse_06
2026-06-30 10:27:53,983 INFO: avg err:0.2857 | err:0.0000 | horse_07 horse_07
2026-06-30 10:27:54,201 INFO: avg err:0.2850 | err:0.0215 | horse_07 horse_08
2026-06-30 10:27:54,546 INFO: avg err:0.2842 | err:0.0340 | horse_07 horse_09
2026-06-30 10:27:54,749 INFO: avg err:0.2837 | err:0.1134 | horse_07 horse_10
2026-06-30 10:27:55,081 INFO: avg err:0.2830 | err:0.0273 | horse_08 cougar_01
2026-06-30 10:27:55,326 INFO: avg err:0.2822 | err:0.0385 | horse_08 cougar_02
2026-06-30 10:27:55,624 INFO: avg err:0.2815 | err:0.0321 | horse_08 cougar_03
2026-06-30 10:27:55,828 INFO: avg err:0.2808 | err:0.0308 | horse_08 cougar_04
2026-06-30 10:27:56,172 INFO: avg err:0.2824 | err:0.8348 | horse_08 hippo_01
2026-06-30 10:27:56,412 INFO: avg err:0.2838 | err:0.7820 | horse_08 hippo_02
2026-06-30 10:27:56,669 INFO: avg err:0.2849 | err:0.6428 | horse_08 hippo_03
2026-06-30 10:27:56,937 INFO: avg err:0.2863 | err:0.7797 | horse_08 hippo_04
2026-06-30 10:27:57,298 INFO: avg err:0.2872 | err:0.5961 | horse_08 hippo_05
2026-06-30 10:27:57,563 INFO: avg err:0.2884 | err:0.7236 | horse_08 hippo_06
2026-06-30 10:27:57,773 INFO: avg err:0.2876 | err:0.0150 | horse_08 horse_01
2026-06-30 10:27:58,087 INFO: avg err:0.2869 | err:0.0123 | horse_08 horse_02
2026-06-30 10:27:58,391 INFO: avg err:0.2861 | err:0.0127 | horse_08 horse_03
2026-06-30 10:27:58,656 INFO: avg err:0.2853 | err:0.0177 | horse_08 horse_04
2026-06-30 10:27:58,894 INFO: avg err:0.2846 | err:0.0226 | horse_08 horse_05
2026-06-30 10:27:59,316 INFO: avg err:0.2838 | err:0.0205 | horse_08 horse_06
2026-06-30 10:27:59,540 INFO: avg err:0.2831 | err:0.0226 | horse_08 horse_07
2026-06-30 10:27:59,916 INFO: avg err:0.2823 | err:0.0000 | horse_08 horse_08
2026-06-30 10:28:00,165 INFO: avg err:0.2816 | err:0.0224 | horse_08 horse_09
2026-06-30 10:28:00,564 INFO: avg err:0.2811 | err:0.1050 | horse_08 horse_10
2026-06-30 10:28:00,782 INFO: avg err:0.2805 | err:0.0454 | horse_09 cougar_01
2026-06-30 10:28:01,166 INFO: avg err:0.2799 | err:0.0630 | horse_09 cougar_02
2026-06-30 10:28:01,390 INFO: avg err:0.2792 | err:0.0476 | horse_09 cougar_03
2026-06-30 10:28:01,807 INFO: avg err:0.2786 | err:0.0469 | horse_09 cougar_04
2026-06-30 10:28:02,048 INFO: avg err:0.2799 | err:0.7551 | horse_09 hippo_01
2026-06-30 10:28:02,354 INFO: avg err:0.2809 | err:0.6545 | horse_09 hippo_02
2026-06-30 10:28:02,578 INFO: avg err:0.2819 | err:0.6406 | horse_09 hippo_03
2026-06-30 10:28:02,925 INFO: avg err:0.2832 | err:0.7584 | horse_09 hippo_04
2026-06-30 10:28:03,186 INFO: avg err:0.2838 | err:0.4939 | horse_09 hippo_05
2026-06-30 10:28:03,458 INFO: avg err:0.2848 | err:0.6847 | horse_09 hippo_06
2026-06-30 10:28:03,708 INFO: avg err:0.2841 | err:0.0215 | horse_09 horse_01
2026-06-30 10:28:04,006 INFO: avg err:0.2834 | err:0.0199 | horse_09 horse_02
2026-06-30 10:28:04,303 INFO: avg err:0.2827 | err:0.0229 | horse_09 horse_03
2026-06-30 10:28:04,548 INFO: avg err:0.2820 | err:0.0290 | horse_09 horse_04
2026-06-30 10:28:04,865 INFO: avg err:0.2814 | err:0.0367 | horse_09 horse_05
2026-06-30 10:28:05,114 INFO: avg err:0.2807 | err:0.0367 | horse_09 horse_06
2026-06-30 10:28:05,530 INFO: avg err:0.2801 | err:0.0366 | horse_09 horse_07
2026-06-30 10:28:05,760 INFO: avg err:0.2794 | err:0.0221 | horse_09 horse_08
2026-06-30 10:28:06,077 INFO: avg err:0.2787 | err:0.0000 | horse_09 horse_09
2026-06-30 10:28:06,317 INFO: avg err:0.2780 | err:0.0378 | horse_09 horse_10
2026-06-30 10:28:06,582 INFO: avg err:0.2776 | err:0.1173 | horse_10 cougar_01
2026-06-30 10:28:06,801 INFO: avg err:0.2773 | err:0.1767 | horse_10 cougar_02
2026-06-30 10:28:07,144 INFO: avg err:0.2769 | err:0.1229 | horse_10 cougar_03
2026-06-30 10:28:07,398 INFO: avg err:0.2765 | err:0.1177 | horse_10 cougar_04
2026-06-30 10:28:07,783 INFO: avg err:0.2779 | err:0.8012 | horse_10 hippo_01
2026-06-30 10:28:08,068 INFO: avg err:0.2789 | err:0.6710 | horse_10 hippo_02
2026-06-30 10:28:08,332 INFO: avg err:0.2800 | err:0.6940 | horse_10 hippo_03
2026-06-30 10:28:08,587 INFO: avg err:0.2813 | err:0.7860 | horse_10 hippo_04
2026-06-30 10:28:08,996 INFO: avg err:0.2820 | err:0.5446 | horse_10 hippo_05
2026-06-30 10:28:09,205 INFO: avg err:0.2828 | err:0.6196 | horse_10 hippo_06
2026-06-30 10:28:09,543 INFO: avg err:0.2823 | err:0.0835 | horse_10 horse_01
2026-06-30 10:28:09,804 INFO: avg err:0.2818 | err:0.0938 | horse_10 horse_02
2026-06-30 10:28:10,042 INFO: avg err:0.2814 | err:0.0972 | horse_10 horse_03
2026-06-30 10:28:10,290 INFO: avg err:0.2809 | err:0.0797 | horse_10 horse_04
2026-06-30 10:28:10,598 INFO: avg err:0.2804 | err:0.1091 | horse_10 horse_05
2026-06-30 10:28:10,812 INFO: avg err:0.2799 | err:0.0919 | horse_10 horse_06
2026-06-30 10:28:11,141 INFO: avg err:0.2795 | err:0.0930 | horse_10 horse_07
2026-06-30 10:28:11,388 INFO: avg err:0.2790 | err:0.1010 | horse_10 horse_08
2026-06-30 10:28:11,709 INFO: avg err:0.2784 | err:0.0197 | horse_10 horse_09
2026-06-30 10:28:11,906 INFO: avg err:0.2777 | err:0.0000 | horse_10 horse_10
2026-06-30 10:28:11,941 INFO: Avg time: 0.0715
2026-06-30 10:28:12,429 INFO: Val auc: 0.5350
2026-06-30 10:28:12,433 INFO: Val avg error: 0.2777
2026-06-30 10:28:12,468 INFO: [ONB diag] max|Q-I|: mean=3.4168e-07 max=4.7684e-07 | max|Φ̃ᵀMΦ̃-I|: mean=3.4168e-07 max=4.7684e-07
2026-06-30 10:28:16,403 INFO: [smal_..][epoch: 10, iter:   8,020, lr:(6.204e-04,)][eta: 0:37:16, time (data): 0.203 (0.016)]l_bij: 8.3365e+01 l_orth: 9.1867e+01 l_align: 7.6729e+01 l_total: 2.5196e+02 
2026-06-30 10:28:20,525 INFO: [smal_..][epoch: 10, iter:   8,040, lr:(6.204e-04,)][eta: 0:37:10, time (data): 0.203 (0.016)]l_bij: 1.2773e+02 l_orth: 1.2493e+02 l_align: 8.5947e+01 l_total: 3.3861e+02 
2026-06-30 10:28:24,572 INFO: [smal_..][epoch: 10, iter:   8,060, lr:(6.204e-04,)][eta: 0:37:03, time (data): 0.202 (0.017)]l_bij: 8.8575e+01 l_orth: 9.6024e+01 l_align: 7.9216e+01 l_total: 2.6382e+02 
2026-06-30 10:28:28,601 INFO: [smal_..][epoch: 10, iter:   8,080, lr:(6.204e-04,)][eta: 0:36:57, time (data): 0.202 (0.016)]l_bij: 5.4437e+01 l_orth: 7.7814e+01 l_align: 8.4298e+01 l_total: 2.1655e+02 
2026-06-30 10:28:32,585 INFO: [smal_..][epoch: 10, iter:   8,100, lr:(6.204e-04,)][eta: 0:36:51, time (data): 0.201 (0.016)]l_bij: 1.0228e+02 l_orth: 1.0844e+02 l_align: 8.7337e+01 l_total: 2.9806e+02 
2026-06-30 10:28:36,505 INFO: [smal_..][epoch: 10, iter:   8,120, lr:(6.204e-04,)][eta: 0:36:45, time (data): 0.200 (0.016)]l_bij: 9.8272e+01 l_orth: 1.0457e+02 l_align: 8.5256e+01 l_total: 2.8810e+02 
2026-06-30 10:28:40,480 INFO: [smal_..][epoch: 10, iter:   8,140, lr:(6.204e-04,)][eta: 0:36:38, time (data): 0.199 (0.016)]l_bij: 5.3649e+01 l_orth: 7.4016e+01 l_align: 7.4280e+01 l_total: 2.0195e+02 
2026-06-30 10:28:44,377 INFO: [smal_..][epoch: 10, iter:   8,160, lr:(6.204e-04,)][eta: 0:36:32, time (data): 0.199 (0.016)]l_bij: 8.9561e+01 l_orth: 1.0004e+02 l_align: 8.4900e+01 l_total: 2.7450e+02 
2026-06-30 10:28:48,261 INFO: [smal_..][epoch: 10, iter:   8,180, lr:(6.204e-04,)][eta: 0:36:26, time (data): 0.198 (0.016)]l_bij: 8.0028e+01 l_orth: 9.2284e+01 l_align: 7.9524e+01 l_total: 2.5184e+02 
2026-06-30 10:28:52,291 INFO: [smal_..][epoch: 10, iter:   8,200, lr:(6.204e-04,)][eta: 0:36:20, time (data): 0.198 (0.016)]l_bij: 7.6388e+01 l_orth: 9.3104e+01 l_align: 7.7974e+01 l_total: 2.4747e+02 
2026-06-30 10:28:56,411 INFO: [smal_..][epoch: 10, iter:   8,220, lr:(6.204e-04,)][eta: 0:36:14, time (data): 0.199 (0.016)]l_bij: 1.0806e+02 l_orth: 1.1353e+02 l_align: 8.2692e+01 l_total: 3.0429e+02 
2026-06-30 10:29:00,367 INFO: [smal_..][epoch: 10, iter:   8,240, lr:(6.204e-04,)][eta: 0:36:07, time (data): 0.199 (0.016)]l_bij: 1.2007e+02 l_orth: 1.2197e+02 l_align: 9.2554e+01 l_total: 3.3460e+02 
2026-06-30 10:29:04,281 INFO: [smal_..][epoch: 10, iter:   8,260, lr:(6.204e-04,)][eta: 0:36:01, time (data): 0.195 (0.015)]l_bij: 1.1357e+02 l_orth: 1.1786e+02 l_align: 9.1244e+01 l_total: 3.2267e+02 
2026-06-30 10:29:08,227 INFO: [smal_..][epoch: 10, iter:   8,280, lr:(6.204e-04,)][eta: 0:35:55, time (data): 0.196 (0.016)]l_bij: 6.7717e+01 l_orth: 8.1687e+01 l_align: 7.2667e+01 l_total: 2.2207e+02 
2026-06-30 10:29:12,153 INFO: [smal_..][epoch: 10, iter:   8,300, lr:(6.204e-04,)][eta: 0:35:49, time (data): 0.196 (0.016)]l_bij: 6.8530e+01 l_orth: 8.1699e+01 l_align: 7.5468e+01 l_total: 2.2570e+02 
2026-06-30 10:29:16,191 INFO: [smal_..][epoch: 10, iter:   8,320, lr:(6.204e-04,)][eta: 0:35:43, time (data): 0.198 (0.016)]l_bij: 1.1025e+02 l_orth: 1.1462e+02 l_align: 8.6414e+01 l_total: 3.1128e+02 
2026-06-30 10:29:20,232 INFO: [smal_..][epoch: 10, iter:   8,340, lr:(6.204e-04,)][eta: 0:35:37, time (data): 0.199 (0.016)]l_bij: 4.3284e+01 l_orth: 6.9548e+01 l_align: 8.7335e+01 l_total: 2.0017e+02 
2026-06-30 10:29:24,417 INFO: [smal_..][epoch: 10, iter:   8,360, lr:(6.204e-04,)][eta: 0:35:31, time (data): 0.200 (0.016)]l_bij: 7.7920e+01 l_orth: 8.8050e+01 l_align: 7.8889e+01 l_total: 2.4486e+02 
2026-06-30 10:29:28,549 INFO: [smal_..][epoch: 10, iter:   8,380, lr:(6.204e-04,)][eta: 0:35:25, time (data): 0.201 (0.016)]l_bij: 8.5657e+01 l_orth: 9.2346e+01 l_align: 7.6066e+01 l_total: 2.5407e+02 
2026-06-30 10:29:32,624 INFO: [smal_..][epoch: 10, iter:   8,400, lr:(6.204e-04,)][eta: 0:35:19, time (data): 0.201 (0.016)]l_bij: 8.0234e+00 l_orth: 5.0658e+01 l_align: 9.9483e+01 l_total: 1.5816e+02 
2026-06-30 10:29:36,903 INFO: [smal_..][epoch: 11, iter:   8,420, lr:(5.500e-04,)][eta: 0:35:13, time (data): 0.203 (0.018)]l_bij: 7.9988e+01 l_orth: 9.2093e+01 l_align: 7.9546e+01 l_total: 2.5163e+02 
2026-06-30 10:29:40,854 INFO: [smal_..][epoch: 11, iter:   8,440, lr:(5.500e-04,)][eta: 0:35:07, time (data): 0.202 (0.017)]l_bij: 1.0228e+02 l_orth: 1.0638e+02 l_align: 8.3920e+01 l_total: 2.9259e+02 
2026-06-30 10:29:44,998 INFO: [smal_..][epoch: 11, iter:   8,460, lr:(5.500e-04,)][eta: 0:35:01, time (data): 0.208 (0.016)]l_bij: 9.7988e+01 l_orth: 1.0241e+02 l_align: 8.2033e+01 l_total: 2.8243e+02 
2026-06-30 10:29:49,189 INFO: [smal_..][epoch: 11, iter:   8,480, lr:(5.500e-04,)][eta: 0:34:55, time (data): 0.209 (0.016)]l_bij: 1.2512e+02 l_orth: 1.2241e+02 l_align: 8.3837e+01 l_total: 3.3137e+02 
2026-06-30 10:29:53,287 INFO: [smal_..][epoch: 11, iter:   8,500, lr:(5.500e-04,)][eta: 0:34:49, time (data): 0.207 (0.016)]l_bij: 7.4453e+01 l_orth: 8.7802e+01 l_align: 7.1784e+01 l_total: 2.3404e+02 
2026-06-30 10:29:57,356 INFO: [smal_..][epoch: 11, iter:   8,520, lr:(5.500e-04,)][eta: 0:34:43, time (data): 0.206 (0.016)]l_bij: 1.0094e+02 l_orth: 1.0714e+02 l_align: 9.0534e+01 l_total: 2.9861e+02 
2026-06-30 10:30:01,376 INFO: [smal_..][epoch: 11, iter:   8,540, lr:(5.500e-04,)][eta: 0:34:37, time (data): 0.205 (0.016)]l_bij: 9.2933e+01 l_orth: 1.0111e+02 l_align: 8.2241e+01 l_total: 2.7628e+02 
2026-06-30 10:30:05,261 INFO: [smal_..][epoch: 11, iter:   8,560, lr:(5.500e-04,)][eta: 0:34:31, time (data): 0.203 (0.016)]l_bij: 1.0281e+02 l_orth: 1.0866e+02 l_align: 8.0575e+01 l_total: 2.9205e+02 
2026-06-30 10:30:09,158 INFO: [smal_..][epoch: 11, iter:   8,580, lr:(5.500e-04,)][eta: 0:34:25, time (data): 0.202 (0.016)]l_bij: 1.0026e+02 l_orth: 1.0397e+02 l_align: 8.3480e+01 l_total: 2.8771e+02 
2026-06-30 10:30:13,068 INFO: [smal_..][epoch: 11, iter:   8,600, lr:(5.500e-04,)][eta: 0:34:19, time (data): 0.201 (0.016)]l_bij: 8.5945e+01 l_orth: 9.3732e+01 l_align: 7.8229e+01 l_total: 2.5791e+02 
2026-06-30 10:30:17,079 INFO: [smal_..][epoch: 11, iter:   8,620, lr:(5.500e-04,)][eta: 0:34:13, time (data): 0.201 (0.016)]l_bij: 8.8998e+01 l_orth: 9.5515e+01 l_align: 7.9711e+01 l_total: 2.6422e+02 
2026-06-30 10:30:21,183 INFO: [smal_..][epoch: 11, iter:   8,640, lr:(5.500e-04,)][eta: 0:34:07, time (data): 0.202 (0.016)]l_bij: 1.0421e+02 l_orth: 1.1144e+02 l_align: 8.3307e+01 l_total: 2.9896e+02 
2026-06-30 10:30:25,269 INFO: [smal_..][epoch: 11, iter:   8,660, lr:(5.500e-04,)][eta: 0:34:01, time (data): 0.204 (0.017)]l_bij: 5.6584e+01 l_orth: 7.6282e+01 l_align: 7.5324e+01 l_total: 2.0819e+02 
2026-06-30 10:30:29,371 INFO: [smal_..][epoch: 11, iter:   8,680, lr:(5.500e-04,)][eta: 0:33:55, time (data): 0.205 (0.017)]l_bij: 1.1320e+02 l_orth: 1.1857e+02 l_align: 8.9757e+01 l_total: 3.2152e+02 
2026-06-30 10:30:33,457 INFO: [smal_..][epoch: 11, iter:   8,700, lr:(5.500e-04,)][eta: 0:33:50, time (data): 0.204 (0.017)]l_bij: 4.0440e+01 l_orth: 6.9772e+01 l_align: 8.5430e+01 l_total: 1.9564e+02 
2026-06-30 10:30:37,447 INFO: [smal_..][epoch: 11, iter:   8,720, lr:(5.500e-04,)][eta: 0:33:44, time (data): 0.203 (0.016)]l_bij: 9.7704e+01 l_orth: 1.0258e+02 l_align: 7.8847e+01 l_total: 2.7913e+02 
2026-06-30 10:30:41,398 INFO: [smal_..][epoch: 11, iter:   8,740, lr:(5.500e-04,)][eta: 0:33:38, time (data): 0.202 (0.016)]l_bij: 8.4916e+01 l_orth: 9.2903e+01 l_align: 8.0140e+01 l_total: 2.5796e+02 
2026-06-30 10:30:45,357 INFO: [smal_..][epoch: 11, iter:   8,760, lr:(5.500e-04,)][eta: 0:33:32, time (data): 0.201 (0.016)]l_bij: 5.5680e+01 l_orth: 7.5592e+01 l_align: 8.1399e+01 l_total: 2.1267e+02 
2026-06-30 10:30:49,283 INFO: [smal_..][epoch: 11, iter:   8,780, lr:(5.500e-04,)][eta: 0:33:26, time (data): 0.201 (0.016)]l_bij: 7.2164e+00 l_orth: 5.4110e+01 l_align: 9.4627e+01 l_total: 1.5595e+02 
2026-06-30 10:30:53,212 INFO: [smal_..][epoch: 11, iter:   8,800, lr:(5.500e-04,)][eta: 0:33:20, time (data): 0.200 (0.016)]l_bij: 7.1039e+01 l_orth: 8.4149e+01 l_align: 7.2959e+01 l_total: 2.2815e+02 
2026-06-30 10:30:57,169 INFO: [smal_..][epoch: 11, iter:   8,820, lr:(5.500e-04,)][eta: 0:33:14, time (data): 0.200 (0.016)]l_bij: 1.0146e+02 l_orth: 1.0692e+02 l_align: 7.7141e+01 l_total: 2.8553e+02 
2026-06-30 10:31:01,171 INFO: [smal_..][epoch: 11, iter:   8,840, lr:(5.500e-04,)][eta: 0:33:08, time (data): 0.200 (0.016)]l_bij: 1.2341e+02 l_orth: 1.2175e+02 l_align: 8.6886e+01 l_total: 3.3204e+02 
2026-06-30 10:31:05,146 INFO: [smal_..][epoch: 11, iter:   8,860, lr:(5.500e-04,)][eta: 0:33:02, time (data): 0.200 (0.015)]l_bij: 7.2827e+01 l_orth: 8.6181e+01 l_align: 7.5570e+01 l_total: 2.3458e+02 
2026-06-30 10:31:09,093 INFO: [smal_..][epoch: 11, iter:   8,880, lr:(5.500e-04,)][eta: 0:32:56, time (data): 0.199 (0.015)]l_bij: 6.4222e+01 l_orth: 8.0211e+01 l_align: 7.6587e+01 l_total: 2.2102e+02 
2026-06-30 10:31:13,032 INFO: [smal_..][epoch: 11, iter:   8,900, lr:(5.500e-04,)][eta: 0:32:50, time (data): 0.198 (0.016)]l_bij: 9.5034e+01 l_orth: 9.8287e+01 l_align: 7.7317e+01 l_total: 2.7064e+02 
2026-06-30 10:31:17,077 INFO: [smal_..][epoch: 11, iter:   8,920, lr:(5.500e-04,)][eta: 0:32:44, time (data): 0.199 (0.015)]l_bij: 1.0228e+02 l_orth: 1.0917e+02 l_align: 8.1867e+01 l_total: 2.9332e+02 
2026-06-30 10:31:21,192 INFO: [smal_..][epoch: 11, iter:   8,940, lr:(5.500e-04,)][eta: 0:32:39, time (data): 0.200 (0.016)]l_bij: 6.6266e+01 l_orth: 8.4538e+01 l_align: 7.6604e+01 l_total: 2.2741e+02 
2026-06-30 10:31:25,192 INFO: [smal_..][epoch: 11, iter:   8,960, lr:(5.500e-04,)][eta: 0:32:33, time (data): 0.200 (0.015)]l_bij: 9.3721e+01 l_orth: 9.9286e+01 l_align: 7.3017e+01 l_total: 2.6602e+02 
2026-06-30 10:31:29,180 INFO: [smal_..][epoch: 11, iter:   8,980, lr:(5.500e-04,)][eta: 0:32:27, time (data): 0.200 (0.016)]l_bij: 1.0987e+02 l_orth: 1.1272e+02 l_align: 8.8031e+01 l_total: 3.1062e+02 
2026-06-30 10:31:33,126 INFO: [smal_..][epoch: 11, iter:   9,000, lr:(5.500e-04,)][eta: 0:32:21, time (data): 0.200 (0.016)]l_bij: 7.3106e+01 l_orth: 8.5687e+01 l_align: 7.2736e+01 l_total: 2.3153e+02 
2026-06-30 10:31:37,091 INFO: [smal_..][epoch: 11, iter:   9,020, lr:(5.500e-04,)][eta: 0:32:15, time (data): 0.200 (0.016)]l_bij: 1.0354e+02 l_orth: 1.0724e+02 l_align: 8.7475e+01 l_total: 2.9825e+02 
2026-06-30 10:31:41,205 INFO: [smal_..][epoch: 11, iter:   9,040, lr:(5.500e-04,)][eta: 0:32:10, time (data): 0.200 (0.016)]l_bij: 9.3974e+01 l_orth: 1.0321e+02 l_align: 8.4565e+01 l_total: 2.8175e+02 
2026-06-30 10:31:45,351 INFO: [smal_..][epoch: 11, iter:   9,060, lr:(5.500e-04,)][eta: 0:32:04, time (data): 0.205 (0.016)]l_bij: 9.4886e+01 l_orth: 1.0331e+02 l_align: 8.2243e+01 l_total: 2.8044e+02 
2026-06-30 10:31:49,476 INFO: [smal_..][epoch: 11, iter:   9,080, lr:(5.500e-04,)][eta: 0:31:58, time (data): 0.206 (0.016)]l_bij: 8.2417e+01 l_orth: 9.5546e+01 l_align: 7.8971e+01 l_total: 2.5693e+02 
2026-06-30 10:31:53,508 INFO: [smal_..][epoch: 11, iter:   9,100, lr:(5.500e-04,)][eta: 0:31:53, time (data): 0.204 (0.016)]l_bij: 1.0874e+02 l_orth: 1.1394e+02 l_align: 8.1619e+01 l_total: 3.0430e+02 
2026-06-30 10:31:57,647 INFO: [smal_..][epoch: 11, iter:   9,120, lr:(5.500e-04,)][eta: 0:31:47, time (data): 0.205 (0.016)]l_bij: 1.0223e+02 l_orth: 1.0721e+02 l_align: 8.7478e+01 l_total: 2.9693e+02 
2026-06-30 10:32:01,728 INFO: [smal_..][epoch: 11, iter:   9,140, lr:(5.500e-04,)][eta: 0:31:41, time (data): 0.205 (0.016)]l_bij: 9.7054e+01 l_orth: 1.0417e+02 l_align: 8.6526e+01 l_total: 2.8775e+02 
2026-06-30 10:32:05,860 INFO: [smal_..][epoch: 11, iter:   9,160, lr:(5.500e-04,)][eta: 0:31:36, time (data): 0.205 (0.016)]l_bij: 5.6975e+01 l_orth: 8.7171e+01 l_align: 8.8793e+01 l_total: 2.3294e+02 
2026-06-30 10:32:09,881 INFO: [smal_..][epoch: 11, iter:   9,180, lr:(5.500e-04,)][eta: 0:31:30, time (data): 0.204 (0.016)]l_bij: 6.1884e+01 l_orth: 7.8002e+01 l_align: 7.3758e+01 l_total: 2.1364e+02 
2026-06-30 10:32:13,836 INFO: [smal_..][epoch: 11, iter:   9,200, lr:(5.500e-04,)][eta: 0:31:24, time (data): 0.204 (0.016)]l_bij: 8.4328e+01 l_orth: 9.5114e+01 l_align: 8.0671e+01 l_total: 2.6011e+02 
2026-06-30 10:32:17,779 INFO: [smal_..][epoch: 11, iter:   9,220, lr:(5.500e-04,)][eta: 0:31:18, time (data): 0.203 (0.016)]l_bij: 6.0525e+01 l_orth: 7.8076e+01 l_align: 7.3132e+01 l_total: 2.1173e+02 
2026-06-30 10:32:21,740 INFO: [smal_..][epoch: 11, iter:   9,240, lr:(5.500e-04,)][eta: 0:31:13, time (data): 0.202 (0.016)]l_bij: 9.8372e+01 l_orth: 1.0604e+02 l_align: 8.5691e+01 l_total: 2.9011e+02 
2026-06-30 10:32:25,990 INFO: [smal_..][epoch: 12, iter:   9,260, lr:(4.796e-04,)][eta: 0:31:07, time (data): 0.220 (0.033)]l_bij: 8.5273e+01 l_orth: 9.4725e+01 l_align: 7.5185e+01 l_total: 2.5518e+02 
2026-06-30 10:32:29,943 INFO: [smal_..][epoch: 12, iter:   9,280, lr:(4.796e-04,)][eta: 0:31:01, time (data): 0.207 (0.023)]l_bij: 9.2115e+01 l_orth: 1.0010e+02 l_align: 8.2803e+01 l_total: 2.7502e+02 
2026-06-30 10:32:33,860 INFO: [smal_..][epoch: 12, iter:   9,300, lr:(4.796e-04,)][eta: 0:30:56, time (data): 0.203 (0.020)]l_bij: 8.7440e+01 l_orth: 9.5751e+01 l_align: 8.0605e+01 l_total: 2.6380e+02 
2026-06-30 10:32:37,816 INFO: [smal_..][epoch: 12, iter:   9,320, lr:(4.796e-04,)][eta: 0:30:50, time (data): 0.201 (0.019)]l_bij: 4.5468e+01 l_orth: 7.6394e+01 l_align: 8.3000e+01 l_total: 2.0486e+02 
2026-06-30 10:32:41,894 INFO: [smal_..][epoch: 12, iter:   9,340, lr:(4.796e-04,)][eta: 0:30:44, time (data): 0.202 (0.018)]l_bij: 8.6368e+01 l_orth: 9.4263e+01 l_align: 7.8904e+01 l_total: 2.5954e+02 
2026-06-30 10:32:45,943 INFO: [smal_..][epoch: 12, iter:   9,360, lr:(4.796e-04,)][eta: 0:30:39, time (data): 0.202 (0.018)]l_bij: 7.7252e+01 l_orth: 9.0217e+01 l_align: 7.5609e+01 l_total: 2.4308e+02 
2026-06-30 10:32:50,030 INFO: [smal_..][epoch: 12, iter:   9,380, lr:(4.796e-04,)][eta: 0:30:33, time (data): 0.202 (0.018)]l_bij: 9.5191e+01 l_orth: 1.0632e+02 l_align: 8.0941e+01 l_total: 2.8246e+02 
2026-06-30 10:32:54,013 INFO: [smal_..][epoch: 12, iter:   9,400, lr:(4.796e-04,)][eta: 0:30:27, time (data): 0.202 (0.017)]l_bij: 1.0032e+02 l_orth: 1.0879e+02 l_align: 8.1498e+01 l_total: 2.9061e+02 
2026-06-30 10:32:58,204 INFO: [smal_..][epoch: 12, iter:   9,420, lr:(4.796e-04,)][eta: 0:30:22, time (data): 0.203 (0.017)]l_bij: 9.8522e+01 l_orth: 1.0495e+02 l_align: 8.5683e+01 l_total: 2.8915e+02 
2026-06-30 10:33:02,296 INFO: [smal_..][epoch: 12, iter:   9,440, lr:(4.796e-04,)][eta: 0:30:16, time (data): 0.203 (0.017)]l_bij: 8.6369e+01 l_orth: 9.4085e+01 l_align: 7.8170e+01 l_total: 2.5862e+02 
2026-06-30 10:33:06,374 INFO: [smal_..][epoch: 12, iter:   9,460, lr:(4.796e-04,)][eta: 0:30:11, time (data): 0.205 (0.015)]l_bij: 8.8278e+01 l_orth: 9.6826e+01 l_align: 7.5059e+01 l_total: 2.6016e+02 
2026-06-30 10:33:10,393 INFO: [smal_..][epoch: 12, iter:   9,480, lr:(4.796e-04,)][eta: 0:30:05, time (data): 0.202 (0.016)]l_bij: 6.5055e+01 l_orth: 8.4210e+01 l_align: 7.7293e+01 l_total: 2.2656e+02 
2026-06-30 10:33:14,307 INFO: [smal_..][epoch: 12, iter:   9,500, lr:(4.796e-04,)][eta: 0:29:59, time (data): 0.200 (0.016)]l_bij: 1.0822e+02 l_orth: 1.1289e+02 l_align: 8.0758e+01 l_total: 3.0187e+02 
2026-06-30 10:33:18,260 INFO: [smal_..][epoch: 12, iter:   9,520, lr:(4.796e-04,)][eta: 0:29:54, time (data): 0.199 (0.016)]l_bij: 9.4196e+01 l_orth: 1.0433e+02 l_align: 8.1719e+01 l_total: 2.8025e+02 
2026-06-30 10:33:22,244 INFO: [smal_..][epoch: 12, iter:   9,540, lr:(4.796e-04,)][eta: 0:29:48, time (data): 0.199 (0.016)]l_bij: 1.0146e+02 l_orth: 1.0703e+02 l_align: 8.2387e+01 l_total: 2.9088e+02 
2026-06-30 10:33:26,317 INFO: [smal_..][epoch: 12, iter:   9,560, lr:(4.796e-04,)][eta: 0:29:43, time (data): 0.200 (0.016)]l_bij: 1.0934e+02 l_orth: 1.0893e+02 l_align: 7.9874e+01 l_total: 2.9815e+02 
2026-06-30 10:33:30,377 INFO: [smal_..][epoch: 12, iter:   9,580, lr:(4.796e-04,)][eta: 0:29:37, time (data): 0.200 (0.016)]l_bij: 9.9197e+01 l_orth: 1.0351e+02 l_align: 8.0782e+01 l_total: 2.8349e+02 
2026-06-30 10:33:34,299 INFO: [smal_..][epoch: 12, iter:   9,600, lr:(4.796e-04,)][eta: 0:29:31, time (data): 0.200 (0.016)]l_bij: 8.4752e+01 l_orth: 9.8993e+01 l_align: 8.7651e+01 l_total: 2.7140e+02 
2026-06-30 10:33:38,235 INFO: [smal_..][epoch: 12, iter:   9,620, lr:(4.796e-04,)][eta: 0:29:26, time (data): 0.199 (0.016)]l_bij: 9.6502e+01 l_orth: 1.0323e+02 l_align: 8.0218e+01 l_total: 2.7995e+02 
2026-06-30 10:33:42,171 INFO: [smal_..][epoch: 12, iter:   9,640, lr:(4.796e-04,)][eta: 0:29:20, time (data): 0.199 (0.016)]l_bij: 9.4568e+01 l_orth: 1.0028e+02 l_align: 8.6463e+01 l_total: 2.8131e+02 
2026-06-30 10:33:46,179 INFO: [smal_..][epoch: 12, iter:   9,660, lr:(4.796e-04,)][eta: 0:29:14, time (data): 0.197 (0.016)]l_bij: 6.0387e+01 l_orth: 7.9154e+01 l_align: 7.5567e+01 l_total: 2.1511e+02 
2026-06-30 10:33:50,129 INFO: [smal_..][epoch: 12, iter:   9,680, lr:(4.796e-04,)][eta: 0:29:09, time (data): 0.197 (0.015)]l_bij: 8.9715e+01 l_orth: 9.8707e+01 l_align: 7.6178e+01 l_total: 2.6460e+02 
2026-06-30 10:33:54,146 INFO: [smal_..][epoch: 12, iter:   9,700, lr:(4.796e-04,)][eta: 0:29:03, time (data): 0.199 (0.015)]l_bij: 6.5801e+01 l_orth: 8.4890e+01 l_align: 7.8755e+01 l_total: 2.2945e+02 
2026-06-30 10:33:58,134 INFO: [smal_..][epoch: 12, iter:   9,720, lr:(4.796e-04,)][eta: 0:28:58, time (data): 0.199 (0.015)]l_bij: 1.1007e+02 l_orth: 1.1270e+02 l_align: 8.5650e+01 l_total: 3.0842e+02 
2026-06-30 10:34:02,099 INFO: [smal_..][epoch: 12, iter:   9,740, lr:(4.796e-04,)][eta: 0:28:52, time (data): 0.199 (0.016)]l_bij: 9.6656e+01 l_orth: 1.0539e+02 l_align: 8.4139e+01 l_total: 2.8619e+02 
2026-06-30 10:34:06,042 INFO: [smal_..][epoch: 12, iter:   9,760, lr:(4.796e-04,)][eta: 0:28:47, time (data): 0.198 (0.016)]l_bij: 8.1537e+01 l_orth: 9.2482e+01 l_align: 8.3212e+01 l_total: 2.5723e+02 
2026-06-30 10:34:10,110 INFO: [smal_..][epoch: 12, iter:   9,780, lr:(4.796e-04,)][eta: 0:28:41, time (data): 0.199 (0.016)]l_bij: 1.0003e+02 l_orth: 1.0743e+02 l_align: 8.1477e+01 l_total: 2.8894e+02 
2026-06-30 10:34:14,061 INFO: [smal_..][epoch: 12, iter:   9,800, lr:(4.796e-04,)][eta: 0:28:36, time (data): 0.199 (0.016)]l_bij: 7.0709e+01 l_orth: 8.3551e+01 l_align: 7.2316e+01 l_total: 2.2658e+02 
2026-06-30 10:34:18,037 INFO: [smal_..][epoch: 12, iter:   9,820, lr:(4.796e-04,)][eta: 0:28:30, time (data): 0.199 (0.016)]l_bij: 8.9083e+01 l_orth: 9.4847e+01 l_align: 7.2516e+01 l_total: 2.5645e+02 
2026-06-30 10:34:21,940 INFO: [smal_..][epoch: 12, iter:   9,840, lr:(4.796e-04,)][eta: 0:28:24, time (data): 0.198 (0.016)]l_bij: 8.5001e+01 l_orth: 9.4957e+01 l_align: 7.5344e+01 l_total: 2.5530e+02 
2026-06-30 10:34:25,837 INFO: [smal_..][epoch: 12, iter:   9,860, lr:(4.796e-04,)][eta: 0:28:19, time (data): 0.197 (0.015)]l_bij: 8.8749e+01 l_orth: 9.8961e+01 l_align: 7.9235e+01 l_total: 2.6694e+02 
2026-06-30 10:34:29,808 INFO: [smal_..][epoch: 12, iter:   9,880, lr:(4.796e-04,)][eta: 0:28:13, time (data): 0.198 (0.015)]l_bij: 8.6188e+01 l_orth: 9.3508e+01 l_align: 7.7821e+01 l_total: 2.5752e+02 
2026-06-30 10:34:33,932 INFO: [smal_..][epoch: 12, iter:   9,900, lr:(4.796e-04,)][eta: 0:28:08, time (data): 0.201 (0.015)]l_bij: 1.0824e+02 l_orth: 1.1477e+02 l_align: 8.4236e+01 l_total: 3.0724e+02 
2026-06-30 10:34:38,047 INFO: [smal_..][epoch: 12, iter:   9,920, lr:(4.796e-04,)][eta: 0:28:02, time (data): 0.202 (0.016)]l_bij: 9.8935e+01 l_orth: 1.0712e+02 l_align: 8.4476e+01 l_total: 2.9053e+02 
2026-06-30 10:34:42,120 INFO: [smal_..][epoch: 12, iter:   9,940, lr:(4.796e-04,)][eta: 0:27:57, time (data): 0.203 (0.016)]l_bij: 9.2784e+01 l_orth: 9.9732e+01 l_align: 7.8679e+01 l_total: 2.7120e+02 
2026-06-30 10:34:46,179 INFO: [smal_..][epoch: 12, iter:   9,960, lr:(4.796e-04,)][eta: 0:27:52, time (data): 0.203 (0.016)]l_bij: 1.0147e+02 l_orth: 1.0651e+02 l_align: 8.2970e+01 l_total: 2.9095e+02 
2026-06-30 10:34:50,277 INFO: [smal_..][epoch: 12, iter:   9,980, lr:(4.796e-04,)][eta: 0:27:46, time (data): 0.203 (0.016)]l_bij: 5.8042e+01 l_orth: 8.0416e+01 l_align: 8.0436e+01 l_total: 2.1889e+02 
2026-06-30 10:34:54,488 INFO: [smal_..][epoch: 12, iter:  10,000, lr:(4.796e-04,)][eta: 0:27:41, time (data): 0.204 (0.016)]l_bij: 9.2458e+01 l_orth: 1.0046e+02 l_align: 7.7750e+01 l_total: 2.7067e+02 
2026-06-30 10:34:54,489 INFO: Saving models and training states.
2026-06-30 10:34:54,511 INFO: Start validation.
2026-06-30 10:34:55,360 INFO: avg err:0.0000 | err:0.0000 | cougar_01 cougar_01
2026-06-30 10:34:55,618 INFO: avg err:0.0135 | err:0.0270 | cougar_01 cougar_02
2026-06-30 10:34:55,992 INFO: avg err:0.0137 | err:0.0141 | cougar_01 cougar_03
2026-06-30 10:34:56,198 INFO: avg err:0.0153 | err:0.0201 | cougar_01 cougar_04
2026-06-30 10:34:56,519 INFO: avg err:0.1606 | err:0.7420 | cougar_01 hippo_01
2026-06-30 10:34:56,750 INFO: avg err:0.2670 | err:0.7986 | cougar_01 hippo_02
2026-06-30 10:34:57,165 INFO: avg err:0.3376 | err:0.7614 | cougar_01 hippo_03
2026-06-30 10:34:57,438 INFO: avg err:0.3904 | err:0.7603 | cougar_01 hippo_04
2026-06-30 10:34:57,798 INFO: avg err:0.4160 | err:0.6204 | cougar_01 hippo_05
2026-06-30 10:34:57,951 INFO: avg err:0.4496 | err:0.7520 | cougar_01 hippo_06
2026-06-30 10:34:58,363 INFO: avg err:0.4120 | err:0.0367 | cougar_01 horse_01
2026-06-30 10:34:58,573 INFO: avg err:0.3806 | err:0.0342 | cougar_01 horse_02
2026-06-30 10:34:58,957 INFO: avg err:0.3536 | err:0.0301 | cougar_01 horse_03
2026-06-30 10:34:59,210 INFO: avg err:0.3307 | err:0.0328 | cougar_01 horse_04
2026-06-30 10:34:59,535 INFO: avg err:0.3111 | err:0.0374 | cougar_01 horse_05
2026-06-30 10:34:59,748 INFO: avg err:0.2956 | err:0.0620 | cougar_01 horse_06
2026-06-30 10:35:00,052 INFO: avg err:0.2802 | err:0.0348 | cougar_01 horse_07
2026-06-30 10:35:00,267 INFO: avg err:0.2661 | err:0.0268 | cougar_01 horse_08
2026-06-30 10:35:00,596 INFO: avg err:0.2553 | err:0.0602 | cougar_01 horse_09
2026-06-30 10:35:00,763 INFO: avg err:0.2468 | err:0.0844 | cougar_01 horse_10
2026-06-30 10:35:01,144 INFO: avg err:0.2361 | err:0.0224 | cougar_02 cougar_01
2026-06-30 10:35:01,342 INFO: avg err:0.2253 | err:0.0000 | cougar_02 cougar_02
2026-06-30 10:35:01,570 INFO: avg err:0.2163 | err:0.0170 | cougar_02 cougar_03
2026-06-30 10:35:01,829 INFO: avg err:0.2085 | err:0.0287 | cougar_02 cougar_04
2026-06-30 10:35:02,245 INFO: avg err:0.2366 | err:0.9106 | cougar_02 hippo_01
2026-06-30 10:35:02,470 INFO: avg err:0.2606 | err:0.8609 | cougar_02 hippo_02
2026-06-30 10:35:02,862 INFO: avg err:0.2786 | err:0.7481 | cougar_02 hippo_03
2026-06-30 10:35:03,078 INFO: avg err:0.3009 | err:0.9017 | cougar_02 hippo_04
2026-06-30 10:35:03,461 INFO: avg err:0.3126 | err:0.6410 | cougar_02 hippo_05
2026-06-30 10:35:03,719 INFO: avg err:0.3276 | err:0.7638 | cougar_02 hippo_06
2026-06-30 10:35:04,093 INFO: avg err:0.3187 | err:0.0510 | cougar_02 horse_01
2026-06-30 10:35:04,298 INFO: avg err:0.3101 | err:0.0442 | cougar_02 horse_02
2026-06-30 10:35:04,587 INFO: avg err:0.3022 | err:0.0484 | cougar_02 horse_03
2026-06-30 10:35:04,795 INFO: avg err:0.2945 | err:0.0408 | cougar_02 horse_04
2026-06-30 10:35:05,242 INFO: avg err:0.2875 | err:0.0485 | cougar_02 horse_05
2026-06-30 10:35:05,486 INFO: avg err:0.2809 | err:0.0516 | cougar_02 horse_06
2026-06-30 10:35:05,780 INFO: avg err:0.2746 | err:0.0476 | cougar_02 horse_07
2026-06-30 10:35:05,971 INFO: avg err:0.2686 | err:0.0437 | cougar_02 horse_08
2026-06-30 10:35:06,354 INFO: avg err:0.2638 | err:0.0849 | cougar_02 horse_09
2026-06-30 10:35:06,592 INFO: avg err:0.2600 | err:0.1117 | cougar_02 horse_10
2026-06-30 10:35:06,958 INFO: avg err:0.2540 | err:0.0135 | cougar_03 cougar_01
2026-06-30 10:35:07,173 INFO: avg err:0.2484 | err:0.0161 | cougar_03 cougar_02
2026-06-30 10:35:07,486 INFO: avg err:0.2426 | err:0.0000 | cougar_03 cougar_03
2026-06-30 10:35:07,688 INFO: avg err:0.2376 | err:0.0211 | cougar_03 cougar_04
2026-06-30 10:35:08,023 INFO: avg err:0.2520 | err:0.8885 | cougar_03 hippo_01
2026-06-30 10:35:08,274 INFO: avg err:0.2643 | err:0.8153 | cougar_03 hippo_02
2026-06-30 10:35:08,618 INFO: avg err:0.2740 | err:0.7213 | cougar_03 hippo_03
2026-06-30 10:35:08,853 INFO: avg err:0.2857 | err:0.8354 | cougar_03 hippo_04
2026-06-30 10:35:09,317 INFO: avg err:0.2938 | err:0.6827 | cougar_03 hippo_05
2026-06-30 10:35:09,511 INFO: avg err:0.3034 | err:0.7765 | cougar_03 hippo_06
2026-06-30 10:35:09,851 INFO: avg err:0.2982 | err:0.0370 | cougar_03 horse_01
2026-06-30 10:35:10,063 INFO: avg err:0.2931 | err:0.0327 | cougar_03 horse_02
2026-06-30 10:35:10,397 INFO: avg err:0.2882 | err:0.0335 | cougar_03 horse_03
2026-06-30 10:35:10,646 INFO: avg err:0.2835 | err:0.0352 | cougar_03 horse_04
2026-06-30 10:35:10,971 INFO: avg err:0.2791 | err:0.0399 | cougar_03 horse_05
2026-06-30 10:35:11,189 INFO: avg err:0.2755 | err:0.0753 | cougar_03 horse_06
2026-06-30 10:35:11,503 INFO: avg err:0.2713 | err:0.0393 | cougar_03 horse_07
2026-06-30 10:35:11,749 INFO: avg err:0.2671 | err:0.0293 | cougar_03 horse_08
2026-06-30 10:35:12,061 INFO: avg err:0.2637 | err:0.0637 | cougar_03 horse_09
2026-06-30 10:35:12,262 INFO: avg err:0.2610 | err:0.0991 | cougar_03 horse_10
2026-06-30 10:35:12,769 INFO: avg err:0.2570 | err:0.0199 | cougar_04 cougar_01
2026-06-30 10:35:13,058 INFO: avg err:0.2534 | err:0.0351 | cougar_04 cougar_02
2026-06-30 10:35:13,288 INFO: avg err:0.2497 | err:0.0209 | cougar_04 cougar_03
2026-06-30 10:35:13,525 INFO: avg err:0.2458 | err:0.0000 | cougar_04 cougar_04
2026-06-30 10:35:13,806 INFO: avg err:0.2538 | err:0.7667 | cougar_04 hippo_01
2026-06-30 10:35:14,078 INFO: avg err:0.2618 | err:0.7819 | cougar_04 hippo_02
2026-06-30 10:35:14,307 INFO: avg err:0.2694 | err:0.7690 | cougar_04 hippo_03
2026-06-30 10:35:14,564 INFO: avg err:0.2763 | err:0.7352 | cougar_04 hippo_04
2026-06-30 10:35:14,932 INFO: avg err:0.2815 | err:0.6380 | cougar_04 hippo_05
2026-06-30 10:35:15,170 INFO: avg err:0.2887 | err:0.7829 | cougar_04 hippo_06
2026-06-30 10:35:15,511 INFO: avg err:0.2850 | err:0.0295 | cougar_04 horse_01
2026-06-30 10:35:15,708 INFO: avg err:0.2815 | err:0.0328 | cougar_04 horse_02
2026-06-30 10:35:16,064 INFO: avg err:0.2781 | err:0.0329 | cougar_04 horse_03
2026-06-30 10:35:16,329 INFO: avg err:0.2749 | err:0.0389 | cougar_04 horse_04
2026-06-30 10:35:16,637 INFO: avg err:0.2718 | err:0.0417 | cougar_04 horse_05
2026-06-30 10:35:16,871 INFO: avg err:0.2690 | err:0.0612 | cougar_04 horse_06
2026-06-30 10:35:17,256 INFO: avg err:0.2659 | err:0.0313 | cougar_04 horse_07
2026-06-30 10:35:17,474 INFO: avg err:0.2629 | err:0.0314 | cougar_04 horse_08
2026-06-30 10:35:17,879 INFO: avg err:0.2604 | err:0.0627 | cougar_04 horse_09
2026-06-30 10:35:18,155 INFO: avg err:0.2585 | err:0.1117 | cougar_04 horse_10
2026-06-30 10:35:18,404 INFO: avg err:0.2628 | err:0.6036 | hippo_01 cougar_01
2026-06-30 10:35:18,619 INFO: avg err:0.2665 | err:0.5693 | hippo_01 cougar_02
2026-06-30 10:35:18,968 INFO: avg err:0.2702 | err:0.5762 | hippo_01 cougar_03
2026-06-30 10:35:19,219 INFO: avg err:0.2745 | err:0.6270 | hippo_01 cougar_04
2026-06-30 10:35:19,568 INFO: avg err:0.2713 | err:0.0000 | hippo_01 hippo_01
2026-06-30 10:35:19,809 INFO: avg err:0.2686 | err:0.0465 | hippo_01 hippo_02
2026-06-30 10:35:20,208 INFO: avg err:0.2683 | err:0.2383 | hippo_01 hippo_03
2026-06-30 10:35:20,473 INFO: avg err:0.2654 | err:0.0122 | hippo_01 hippo_04
2026-06-30 10:35:20,820 INFO: avg err:0.2641 | err:0.1545 | hippo_01 hippo_05
2026-06-30 10:35:21,020 INFO: avg err:0.2620 | err:0.0687 | hippo_01 hippo_06
2026-06-30 10:35:21,345 INFO: avg err:0.2653 | err:0.5631 | hippo_01 horse_01
2026-06-30 10:35:21,560 INFO: avg err:0.2686 | err:0.5704 | hippo_01 horse_02
2026-06-30 10:35:21,997 INFO: avg err:0.2718 | err:0.5643 | hippo_01 horse_03
2026-06-30 10:35:22,204 INFO: avg err:0.2749 | err:0.5686 | hippo_01 horse_04
2026-06-30 10:35:22,528 INFO: avg err:0.2783 | err:0.5933 | hippo_01 horse_05
2026-06-30 10:35:22,797 INFO: avg err:0.2813 | err:0.5671 | hippo_01 horse_06
2026-06-30 10:35:23,215 INFO: avg err:0.2841 | err:0.5579 | hippo_01 horse_07
2026-06-30 10:35:23,446 INFO: avg err:0.2871 | err:0.5693 | hippo_01 horse_08
2026-06-30 10:35:23,876 INFO: avg err:0.2897 | err:0.5508 | hippo_01 horse_09
2026-06-30 10:35:24,085 INFO: avg err:0.2921 | err:0.5278 | hippo_01 horse_10
2026-06-30 10:35:24,545 INFO: avg err:0.2941 | err:0.4976 | hippo_02 cougar_01
2026-06-30 10:35:24,786 INFO: avg err:0.2960 | err:0.4836 | hippo_02 cougar_02
2026-06-30 10:35:25,095 INFO: avg err:0.2979 | err:0.4973 | hippo_02 cougar_03
2026-06-30 10:35:25,322 INFO: avg err:0.2999 | err:0.4984 | hippo_02 cougar_04
2026-06-30 10:35:25,624 INFO: avg err:0.2974 | err:0.0398 | hippo_02 hippo_01
2026-06-30 10:35:25,847 INFO: avg err:0.2946 | err:0.0000 | hippo_02 hippo_02
2026-06-30 10:35:26,302 INFO: avg err:0.2936 | err:0.1847 | hippo_02 hippo_03
2026-06-30 10:35:26,503 INFO: avg err:0.2913 | err:0.0471 | hippo_02 hippo_04
2026-06-30 10:35:26,857 INFO: avg err:0.2891 | err:0.0587 | hippo_02 hippo_05
2026-06-30 10:35:27,069 INFO: avg err:0.2873 | err:0.0820 | hippo_02 hippo_06
2026-06-30 10:35:27,453 INFO: avg err:0.2892 | err:0.4977 | hippo_02 horse_01
2026-06-30 10:35:27,699 INFO: avg err:0.2910 | err:0.4999 | hippo_02 horse_02
2026-06-30 10:35:27,941 INFO: avg err:0.2929 | err:0.5017 | hippo_02 horse_03
2026-06-30 10:35:28,177 INFO: avg err:0.2949 | err:0.5216 | hippo_02 horse_04
2026-06-30 10:35:28,610 INFO: avg err:0.2970 | err:0.5327 | hippo_02 horse_05
2026-06-30 10:35:28,829 INFO: avg err:0.2987 | err:0.4957 | hippo_02 horse_06
2026-06-30 10:35:29,173 INFO: avg err:0.3004 | err:0.5012 | hippo_02 horse_07
2026-06-30 10:35:29,398 INFO: avg err:0.3021 | err:0.4972 | hippo_02 horse_08
2026-06-30 10:35:29,777 INFO: avg err:0.3035 | err:0.4746 | hippo_02 horse_09
2026-06-30 10:35:29,996 INFO: avg err:0.3051 | err:0.4871 | hippo_02 horse_10
2026-06-30 10:35:30,326 INFO: avg err:0.3062 | err:0.4457 | hippo_03 cougar_01
2026-06-30 10:35:30,533 INFO: avg err:0.3073 | err:0.4323 | hippo_03 cougar_02
2026-06-30 10:35:30,896 INFO: avg err:0.3081 | err:0.4127 | hippo_03 cougar_03
2026-06-30 10:35:31,078 INFO: avg err:0.3092 | err:0.4398 | hippo_03 cougar_04
2026-06-30 10:35:31,523 INFO: avg err:0.3085 | err:0.2261 | hippo_03 hippo_01
2026-06-30 10:35:31,746 INFO: avg err:0.3075 | err:0.1838 | hippo_03 hippo_02
2026-06-30 10:35:32,142 INFO: avg err:0.3051 | err:0.0000 | hippo_03 hippo_03
2026-06-30 10:35:32,367 INFO: avg err:0.3040 | err:0.1621 | hippo_03 hippo_04
2026-06-30 10:35:32,705 INFO: avg err:0.3024 | err:0.1031 | hippo_03 hippo_05
2026-06-30 10:35:32,922 INFO: avg err:0.3010 | err:0.1122 | hippo_03 hippo_06
2026-06-30 10:35:33,252 INFO: avg err:0.3020 | err:0.4406 | hippo_03 horse_01
2026-06-30 10:35:33,496 INFO: avg err:0.3030 | err:0.4243 | hippo_03 horse_02
2026-06-30 10:35:33,793 INFO: avg err:0.3040 | err:0.4388 | hippo_03 horse_03
2026-06-30 10:35:34,062 INFO: avg err:0.3047 | err:0.4052 | hippo_03 horse_04
2026-06-30 10:35:34,322 INFO: avg err:0.3056 | err:0.4137 | hippo_03 horse_05
2026-06-30 10:35:34,530 INFO: avg err:0.3063 | err:0.4056 | hippo_03 horse_06
2026-06-30 10:35:34,923 INFO: avg err:0.3071 | err:0.4177 | hippo_03 horse_07
2026-06-30 10:35:35,153 INFO: avg err:0.3079 | err:0.4165 | hippo_03 horse_08
2026-06-30 10:35:35,485 INFO: avg err:0.3087 | err:0.4203 | hippo_03 horse_09
2026-06-30 10:35:35,734 INFO: avg err:0.3092 | err:0.3760 | hippo_03 horse_10
2026-06-30 10:35:36,055 INFO: avg err:0.3112 | err:0.5890 | hippo_04 cougar_01
2026-06-30 10:35:36,323 INFO: avg err:0.3128 | err:0.5483 | hippo_04 cougar_02
2026-06-30 10:35:36,566 INFO: avg err:0.3147 | err:0.5787 | hippo_04 cougar_03
2026-06-30 10:35:36,918 INFO: avg err:0.3167 | err:0.6048 | hippo_04 cougar_04
2026-06-30 10:35:37,194 INFO: avg err:0.3146 | err:0.0120 | hippo_04 hippo_01
2026-06-30 10:35:37,503 INFO: avg err:0.3129 | err:0.0644 | hippo_04 hippo_02
2026-06-30 10:35:37,769 INFO: avg err:0.3124 | err:0.2423 | hippo_04 hippo_03
2026-06-30 10:35:38,035 INFO: avg err:0.3103 | err:0.0000 | hippo_04 hippo_04
2026-06-30 10:35:38,343 INFO: avg err:0.3090 | err:0.1189 | hippo_04 hippo_05
2026-06-30 10:35:38,665 INFO: avg err:0.3077 | err:0.1154 | hippo_04 hippo_06
2026-06-30 10:35:38,897 INFO: avg err:0.3093 | err:0.5488 | hippo_04 horse_01
2026-06-30 10:35:39,250 INFO: avg err:0.3110 | err:0.5692 | hippo_04 horse_02
2026-06-30 10:35:39,504 INFO: avg err:0.3127 | err:0.5608 | hippo_04 horse_03
2026-06-30 10:35:39,758 INFO: avg err:0.3143 | err:0.5607 | hippo_04 horse_04
2026-06-30 10:35:39,994 INFO: avg err:0.3161 | err:0.5999 | hippo_04 horse_05
2026-06-30 10:35:40,323 INFO: avg err:0.3178 | err:0.5734 | hippo_04 horse_06
2026-06-30 10:35:40,549 INFO: avg err:0.3193 | err:0.5621 | hippo_04 horse_07
2026-06-30 10:35:40,822 INFO: avg err:0.3209 | err:0.5669 | hippo_04 horse_08
2026-06-30 10:35:41,097 INFO: avg err:0.3222 | err:0.5315 | hippo_04 horse_09
2026-06-30 10:35:41,376 INFO: avg err:0.3233 | err:0.4949 | hippo_04 horse_10
2026-06-30 10:35:41,602 INFO: avg err:0.3237 | err:0.3846 | hippo_05 cougar_01
2026-06-30 10:35:41,926 INFO: avg err:0.3242 | err:0.4094 | hippo_05 cougar_02
2026-06-30 10:35:42,187 INFO: avg err:0.3246 | err:0.3939 | hippo_05 cougar_03
2026-06-30 10:35:42,524 INFO: avg err:0.3249 | err:0.3750 | hippo_05 cougar_04
2026-06-30 10:35:42,771 INFO: avg err:0.3237 | err:0.1258 | hippo_05 hippo_01
2026-06-30 10:35:43,083 INFO: avg err:0.3225 | err:0.1244 | hippo_05 hippo_02
2026-06-30 10:35:43,315 INFO: avg err:0.3216 | err:0.1656 | hippo_05 hippo_03
2026-06-30 10:35:43,725 INFO: avg err:0.3204 | err:0.1167 | hippo_05 hippo_04
2026-06-30 10:35:43,956 INFO: avg err:0.3185 | err:0.0000 | hippo_05 hippo_05
2026-06-30 10:35:44,388 INFO: avg err:0.3170 | err:0.0676 | hippo_05 hippo_06
2026-06-30 10:35:44,581 INFO: avg err:0.3174 | err:0.3867 | hippo_05 horse_01
2026-06-30 10:35:44,907 INFO: avg err:0.3178 | err:0.3828 | hippo_05 horse_02
2026-06-30 10:35:45,123 INFO: avg err:0.3182 | err:0.3836 | hippo_05 horse_03
2026-06-30 10:35:45,459 INFO: avg err:0.3185 | err:0.3818 | hippo_05 horse_04
2026-06-30 10:35:45,695 INFO: avg err:0.3189 | err:0.3806 | hippo_05 horse_05
2026-06-30 10:35:45,995 INFO: avg err:0.3192 | err:0.3696 | hippo_05 horse_06
2026-06-30 10:35:46,238 INFO: avg err:0.3195 | err:0.3823 | hippo_05 horse_07
2026-06-30 10:35:46,553 INFO: avg err:0.3199 | err:0.3875 | hippo_05 horse_08
2026-06-30 10:35:46,753 INFO: avg err:0.3202 | err:0.3697 | hippo_05 horse_09
2026-06-30 10:35:47,147 INFO: avg err:0.3203 | err:0.3375 | hippo_05 horse_10
2026-06-30 10:35:47,365 INFO: avg err:0.3211 | err:0.4653 | hippo_06 cougar_01
2026-06-30 10:35:47,658 INFO: avg err:0.3219 | err:0.4740 | hippo_06 cougar_02
2026-06-30 10:35:47,864 INFO: avg err:0.3227 | err:0.4679 | hippo_06 cougar_03
2026-06-30 10:35:48,284 INFO: avg err:0.3235 | err:0.4715 | hippo_06 cougar_04
2026-06-30 10:35:48,480 INFO: avg err:0.3221 | err:0.0486 | hippo_06 hippo_01
2026-06-30 10:35:48,894 INFO: avg err:0.3211 | err:0.1370 | hippo_06 hippo_02
2026-06-30 10:35:49,146 INFO: avg err:0.3201 | err:0.1430 | hippo_06 hippo_03
2026-06-30 10:35:49,464 INFO: avg err:0.3190 | err:0.1137 | hippo_06 hippo_04
2026-06-30 10:35:49,665 INFO: avg err:0.3176 | err:0.0559 | hippo_06 hippo_05
2026-06-30 10:35:50,014 INFO: avg err:0.3159 | err:0.0000 | hippo_06 hippo_06
2026-06-30 10:35:50,253 INFO: avg err:0.3169 | err:0.4993 | hippo_06 horse_01
2026-06-30 10:35:50,548 INFO: avg err:0.3178 | err:0.4950 | hippo_06 horse_02
2026-06-30 10:35:50,744 INFO: avg err:0.3187 | err:0.4951 | hippo_06 horse_03
2026-06-30 10:35:51,128 INFO: avg err:0.3197 | err:0.4975 | hippo_06 horse_04
2026-06-30 10:35:51,384 INFO: avg err:0.3206 | err:0.4938 | hippo_06 horse_05
2026-06-30 10:35:51,644 INFO: avg err:0.3214 | err:0.4801 | hippo_06 horse_06
2026-06-30 10:35:51,827 INFO: avg err:0.3222 | err:0.4930 | hippo_06 horse_07
2026-06-30 10:35:52,266 INFO: avg err:0.3230 | err:0.4743 | hippo_06 horse_08
2026-06-30 10:35:52,506 INFO: avg err:0.3238 | err:0.4861 | hippo_06 horse_09
2026-06-30 10:35:52,920 INFO: avg err:0.3245 | err:0.4530 | hippo_06 horse_10
2026-06-30 10:35:53,191 INFO: avg err:0.3230 | err:0.0320 | horse_01 cougar_01
2026-06-30 10:35:53,508 INFO: avg err:0.3216 | err:0.0432 | horse_01 cougar_02
2026-06-30 10:35:53,747 INFO: avg err:0.3202 | err:0.0363 | horse_01 cougar_03
2026-06-30 10:35:54,015 INFO: avg err:0.3188 | err:0.0302 | horse_01 cougar_04
2026-06-30 10:35:54,286 INFO: avg err:0.3210 | err:0.7592 | horse_01 hippo_01
2026-06-30 10:35:54,627 INFO: avg err:0.3231 | err:0.7572 | horse_01 hippo_02
2026-06-30 10:35:54,897 INFO: avg err:0.3250 | err:0.7272 | horse_01 hippo_03
2026-06-30 10:35:55,268 INFO: avg err:0.3270 | err:0.7317 | horse_01 hippo_04
2026-06-30 10:35:55,479 INFO: avg err:0.3283 | err:0.5926 | horse_01 hippo_05
2026-06-30 10:35:55,758 INFO: avg err:0.3300 | err:0.6911 | horse_01 hippo_06
2026-06-30 10:35:56,016 INFO: avg err:0.3284 | err:0.0000 | horse_01 horse_01
2026-06-30 10:35:56,343 INFO: avg err:0.3269 | err:0.0165 | horse_01 horse_02
2026-06-30 10:35:56,621 INFO: avg err:0.3255 | err:0.0125 | horse_01 horse_03
2026-06-30 10:35:56,911 INFO: avg err:0.3241 | err:0.0210 | horse_01 horse_04
2026-06-30 10:35:57,105 INFO: avg err:0.3226 | err:0.0223 | horse_01 horse_05
2026-06-30 10:35:57,535 INFO: avg err:0.3212 | err:0.0182 | horse_01 horse_06
2026-06-30 10:35:57,727 INFO: avg err:0.3198 | err:0.0187 | horse_01 horse_07
2026-06-30 10:35:58,122 INFO: avg err:0.3185 | err:0.0166 | horse_01 horse_08
2026-06-30 10:35:58,360 INFO: avg err:0.3172 | err:0.0388 | horse_01 horse_09
2026-06-30 10:35:58,644 INFO: avg err:0.3159 | err:0.0374 | horse_01 horse_10
2026-06-30 10:35:58,855 INFO: avg err:0.3146 | err:0.0305 | horse_02 cougar_01
2026-06-30 10:35:59,196 INFO: avg err:0.3135 | err:0.0702 | horse_02 cougar_02
2026-06-30 10:35:59,409 INFO: avg err:0.3123 | err:0.0334 | horse_02 cougar_03
2026-06-30 10:35:59,766 INFO: avg err:0.3110 | err:0.0334 | horse_02 cougar_04
2026-06-30 10:36:00,026 INFO: avg err:0.3132 | err:0.7964 | horse_02 hippo_01
2026-06-30 10:36:00,336 INFO: avg err:0.3152 | err:0.7716 | horse_02 hippo_02
2026-06-30 10:36:00,585 INFO: avg err:0.3169 | err:0.7076 | horse_02 hippo_03
2026-06-30 10:36:00,861 INFO: avg err:0.3187 | err:0.7307 | horse_02 hippo_04
2026-06-30 10:36:01,108 INFO: avg err:0.3203 | err:0.6765 | horse_02 hippo_05
2026-06-30 10:36:01,435 INFO: avg err:0.3219 | err:0.6889 | horse_02 hippo_06
2026-06-30 10:36:01,659 INFO: avg err:0.3206 | err:0.0164 | horse_02 horse_01
2026-06-30 10:36:01,984 INFO: avg err:0.3192 | err:0.0000 | horse_02 horse_02
2026-06-30 10:36:02,230 INFO: avg err:0.3179 | err:0.0113 | horse_02 horse_03
2026-06-30 10:36:02,567 INFO: avg err:0.3166 | err:0.0143 | horse_02 horse_04
2026-06-30 10:36:02,803 INFO: avg err:0.3153 | err:0.0203 | horse_02 horse_05
2026-06-30 10:36:03,217 INFO: avg err:0.3141 | err:0.0199 | horse_02 horse_06
2026-06-30 10:36:03,443 INFO: avg err:0.3128 | err:0.0232 | horse_02 horse_07
2026-06-30 10:36:03,736 INFO: avg err:0.3116 | err:0.0112 | horse_02 horse_08
2026-06-30 10:36:03,990 INFO: avg err:0.3104 | err:0.0374 | horse_02 horse_09
2026-06-30 10:36:04,330 INFO: avg err:0.3094 | err:0.0638 | horse_02 horse_10
2026-06-30 10:36:04,549 INFO: avg err:0.3082 | err:0.0289 | horse_03 cougar_01
2026-06-30 10:36:04,834 INFO: avg err:0.3071 | err:0.0428 | horse_03 cougar_02
2026-06-30 10:36:05,212 INFO: avg err:0.3060 | err:0.0330 | horse_03 cougar_03
2026-06-30 10:36:05,482 INFO: avg err:0.3049 | err:0.0318 | horse_03 cougar_04
2026-06-30 10:36:05,775 INFO: avg err:0.3065 | err:0.7066 | horse_03 hippo_01
2026-06-30 10:36:05,972 INFO: avg err:0.3083 | err:0.7437 | horse_03 hippo_02
2026-06-30 10:36:06,336 INFO: avg err:0.3099 | err:0.6991 | horse_03 hippo_03
2026-06-30 10:36:06,605 INFO: avg err:0.3116 | err:0.7274 | horse_03 hippo_04
2026-06-30 10:36:06,860 INFO: avg err:0.3128 | err:0.6094 | horse_03 hippo_05
2026-06-30 10:36:07,075 INFO: avg err:0.3144 | err:0.7118 | horse_03 hippo_06
2026-06-30 10:36:07,540 INFO: avg err:0.3132 | err:0.0122 | horse_03 horse_01
2026-06-30 10:36:07,751 INFO: avg err:0.3120 | err:0.0116 | horse_03 horse_02
2026-06-30 10:36:08,142 INFO: avg err:0.3107 | err:0.0000 | horse_03 horse_03
2026-06-30 10:36:08,422 INFO: avg err:0.3096 | err:0.0172 | horse_03 horse_04
2026-06-30 10:36:08,684 INFO: avg err:0.3084 | err:0.0208 | horse_03 horse_05
2026-06-30 10:36:08,901 INFO: avg err:0.3073 | err:0.0202 | horse_03 horse_06
2026-06-30 10:36:09,359 INFO: avg err:0.3062 | err:0.0228 | horse_03 horse_07
2026-06-30 10:36:09,602 INFO: avg err:0.3051 | err:0.0135 | horse_03 horse_08
2026-06-30 10:36:09,851 INFO: avg err:0.3040 | err:0.0300 | horse_03 horse_09
2026-06-30 10:36:10,137 INFO: avg err:0.3030 | err:0.0535 | horse_03 horse_10
2026-06-30 10:36:10,458 INFO: avg err:0.3020 | err:0.0322 | horse_04 cougar_01
2026-06-30 10:36:10,688 INFO: avg err:0.3010 | err:0.0500 | horse_04 cougar_02
2026-06-30 10:36:11,077 INFO: avg err:0.3000 | err:0.0346 | horse_04 cougar_03
2026-06-30 10:36:11,355 INFO: avg err:0.2990 | err:0.0373 | horse_04 cougar_04
2026-06-30 10:36:11,647 INFO: avg err:0.3009 | err:0.7980 | horse_04 hippo_01
2026-06-30 10:36:11,863 INFO: avg err:0.3028 | err:0.8112 | horse_04 hippo_02
2026-06-30 10:36:12,167 INFO: avg err:0.3045 | err:0.7590 | horse_04 hippo_03
2026-06-30 10:36:12,415 INFO: avg err:0.3063 | err:0.7640 | horse_04 hippo_04
2026-06-30 10:36:12,800 INFO: avg err:0.3077 | err:0.7049 | horse_04 hippo_05
2026-06-30 10:36:13,033 INFO: avg err:0.3094 | err:0.7523 | horse_04 hippo_06
2026-06-30 10:36:13,401 INFO: avg err:0.3083 | err:0.0205 | horse_04 horse_01
2026-06-30 10:36:13,612 INFO: avg err:0.3072 | err:0.0138 | horse_04 horse_02
2026-06-30 10:36:13,937 INFO: avg err:0.3062 | err:0.0172 | horse_04 horse_03
2026-06-30 10:36:14,185 INFO: avg err:0.3051 | err:0.0000 | horse_04 horse_04
2026-06-30 10:36:14,596 INFO: avg err:0.3040 | err:0.0220 | horse_04 horse_05
2026-06-30 10:36:14,860 INFO: avg err:0.3030 | err:0.0270 | horse_04 horse_06
2026-06-30 10:36:15,207 INFO: avg err:0.3020 | err:0.0255 | horse_04 horse_07
2026-06-30 10:36:15,442 INFO: avg err:0.3010 | err:0.0182 | horse_04 horse_08
2026-06-30 10:36:15,752 INFO: avg err:0.3001 | err:0.0398 | horse_04 horse_09
2026-06-30 10:36:15,996 INFO: avg err:0.2992 | err:0.0679 | horse_04 horse_10
2026-06-30 10:36:16,311 INFO: avg err:0.2983 | err:0.0331 | horse_05 cougar_01
2026-06-30 10:36:16,585 INFO: avg err:0.2974 | err:0.0523 | horse_05 cougar_02
2026-06-30 10:36:16,901 INFO: avg err:0.2965 | err:0.0350 | horse_05 cougar_03
2026-06-30 10:36:17,118 INFO: avg err:0.2956 | err:0.0354 | horse_05 cougar_04
2026-06-30 10:36:17,508 INFO: avg err:0.2973 | err:0.7840 | horse_05 hippo_01
2026-06-30 10:36:17,778 INFO: avg err:0.2992 | err:0.8367 | horse_05 hippo_02
2026-06-30 10:36:18,083 INFO: avg err:0.3008 | err:0.7601 | horse_05 hippo_03
2026-06-30 10:36:18,288 INFO: avg err:0.3023 | err:0.7464 | horse_05 hippo_04
2026-06-30 10:36:18,614 INFO: avg err:0.3036 | err:0.6632 | horse_05 hippo_05
2026-06-30 10:36:18,807 INFO: avg err:0.3051 | err:0.7531 | horse_05 hippo_06
2026-06-30 10:36:19,191 INFO: avg err:0.3041 | err:0.0209 | horse_05 horse_01
2026-06-30 10:36:19,426 INFO: avg err:0.3032 | err:0.0188 | horse_05 horse_02
2026-06-30 10:36:19,775 INFO: avg err:0.3022 | err:0.0185 | horse_05 horse_03
2026-06-30 10:36:20,056 INFO: avg err:0.3012 | err:0.0210 | horse_05 horse_04
2026-06-30 10:36:20,322 INFO: avg err:0.3002 | err:0.0000 | horse_05 horse_05
2026-06-30 10:36:20,528 INFO: avg err:0.2993 | err:0.0262 | horse_05 horse_06
2026-06-30 10:36:20,927 INFO: avg err:0.2984 | err:0.0246 | horse_05 horse_07
2026-06-30 10:36:21,179 INFO: avg err:0.2974 | err:0.0197 | horse_05 horse_08
2026-06-30 10:36:21,480 INFO: avg err:0.2966 | err:0.0425 | horse_05 horse_09
2026-06-30 10:36:21,683 INFO: avg err:0.2958 | err:0.0472 | horse_05 horse_10
2026-06-30 10:36:22,035 INFO: avg err:0.2949 | err:0.0332 | horse_06 cougar_01
2026-06-30 10:36:22,261 INFO: avg err:0.2941 | err:0.0465 | horse_06 cougar_02
2026-06-30 10:36:22,636 INFO: avg err:0.2932 | err:0.0389 | horse_06 cougar_03
2026-06-30 10:36:22,824 INFO: avg err:0.2924 | err:0.0363 | horse_06 cougar_04
2026-06-30 10:36:23,137 INFO: avg err:0.2940 | err:0.7874 | horse_06 hippo_01
2026-06-30 10:36:23,350 INFO: avg err:0.2957 | err:0.8213 | horse_06 hippo_02
2026-06-30 10:36:23,674 INFO: avg err:0.2972 | err:0.7569 | horse_06 hippo_03
2026-06-30 10:36:23,895 INFO: avg err:0.2988 | err:0.7818 | horse_06 hippo_04
2026-06-30 10:36:24,258 INFO: avg err:0.2998 | err:0.6191 | horse_06 hippo_05
2026-06-30 10:36:24,492 INFO: avg err:0.3013 | err:0.7402 | horse_06 hippo_06
2026-06-30 10:36:24,834 INFO: avg err:0.3003 | err:0.0196 | horse_06 horse_01
2026-06-30 10:36:25,067 INFO: avg err:0.2994 | err:0.0195 | horse_06 horse_02
2026-06-30 10:36:25,421 INFO: avg err:0.2986 | err:0.0196 | horse_06 horse_03
2026-06-30 10:36:25,665 INFO: avg err:0.2977 | err:0.0260 | horse_06 horse_04
2026-06-30 10:36:25,962 INFO: avg err:0.2968 | err:0.0245 | horse_06 horse_05
2026-06-30 10:36:26,167 INFO: avg err:0.2959 | err:0.0000 | horse_06 horse_06
2026-06-30 10:36:26,505 INFO: avg err:0.2950 | err:0.0148 | horse_06 horse_07
2026-06-30 10:36:26,775 INFO: avg err:0.2941 | err:0.0190 | horse_06 horse_08
2026-06-30 10:36:27,063 INFO: avg err:0.2934 | err:0.0483 | horse_06 horse_09
2026-06-30 10:36:27,306 INFO: avg err:0.2926 | err:0.0487 | horse_06 horse_10
2026-06-30 10:36:27,593 INFO: avg err:0.2918 | err:0.0325 | horse_07 cougar_01
2026-06-30 10:36:27,820 INFO: avg err:0.2910 | err:0.0526 | horse_07 cougar_02
2026-06-30 10:36:28,106 INFO: avg err:0.2902 | err:0.0370 | horse_07 cougar_03
2026-06-30 10:36:28,392 INFO: avg err:0.2894 | err:0.0302 | horse_07 cougar_04
2026-06-30 10:36:28,697 INFO: avg err:0.2911 | err:0.8363 | horse_07 hippo_01
2026-06-30 10:36:28,931 INFO: avg err:0.2927 | err:0.8199 | horse_07 hippo_02
2026-06-30 10:36:29,255 INFO: avg err:0.2942 | err:0.7648 | horse_07 hippo_03
2026-06-30 10:36:29,498 INFO: avg err:0.2958 | err:0.8304 | horse_07 hippo_04
2026-06-30 10:36:29,868 INFO: avg err:0.2970 | err:0.6755 | horse_07 hippo_05
2026-06-30 10:36:30,120 INFO: avg err:0.2984 | err:0.7582 | horse_07 hippo_06
2026-06-30 10:36:30,438 INFO: avg err:0.2975 | err:0.0172 | horse_07 horse_01
2026-06-30 10:36:30,685 INFO: avg err:0.2967 | err:0.0221 | horse_07 horse_02
2026-06-30 10:36:31,040 INFO: avg err:0.2959 | err:0.0202 | horse_07 horse_03
2026-06-30 10:36:31,291 INFO: avg err:0.2951 | err:0.0253 | horse_07 horse_04
2026-06-30 10:36:31,631 INFO: avg err:0.2943 | err:0.0259 | horse_07 horse_05
2026-06-30 10:36:31,865 INFO: avg err:0.2934 | err:0.0148 | horse_07 horse_06
2026-06-30 10:36:32,140 INFO: avg err:0.2926 | err:0.0000 | horse_07 horse_07
2026-06-30 10:36:32,381 INFO: avg err:0.2917 | err:0.0197 | horse_07 horse_08
2026-06-30 10:36:32,693 INFO: avg err:0.2910 | err:0.0466 | horse_07 horse_09
2026-06-30 10:36:32,925 INFO: avg err:0.2904 | err:0.0654 | horse_07 horse_10
2026-06-30 10:36:33,249 INFO: avg err:0.2896 | err:0.0283 | horse_08 cougar_01
2026-06-30 10:36:33,474 INFO: avg err:0.2889 | err:0.0462 | horse_08 cougar_02
2026-06-30 10:36:33,826 INFO: avg err:0.2881 | err:0.0318 | horse_08 cougar_03
2026-06-30 10:36:34,093 INFO: avg err:0.2874 | err:0.0315 | horse_08 cougar_04
2026-06-30 10:36:34,317 INFO: avg err:0.2889 | err:0.7966 | horse_08 hippo_01
2026-06-30 10:36:34,588 INFO: avg err:0.2903 | err:0.7929 | horse_08 hippo_02
2026-06-30 10:36:34,894 INFO: avg err:0.2916 | err:0.7489 | horse_08 hippo_03
2026-06-30 10:36:35,230 INFO: avg err:0.2930 | err:0.7531 | horse_08 hippo_04
2026-06-30 10:36:35,455 INFO: avg err:0.2939 | err:0.6329 | horse_08 hippo_05
2026-06-30 10:36:35,735 INFO: avg err:0.2953 | err:0.7557 | horse_08 hippo_06
2026-06-30 10:36:36,016 INFO: avg err:0.2945 | err:0.0168 | horse_08 horse_01
2026-06-30 10:36:36,250 INFO: avg err:0.2937 | err:0.0120 | horse_08 horse_02
2026-06-30 10:36:36,657 INFO: avg err:0.2929 | err:0.0136 | horse_08 horse_03
2026-06-30 10:36:36,920 INFO: avg err:0.2921 | err:0.0185 | horse_08 horse_04
2026-06-30 10:36:37,280 INFO: avg err:0.2913 | err:0.0209 | horse_08 horse_05
2026-06-30 10:36:37,501 INFO: avg err:0.2906 | err:0.0217 | horse_08 horse_06
2026-06-30 10:36:37,831 INFO: avg err:0.2898 | err:0.0216 | horse_08 horse_07
2026-06-30 10:36:38,092 INFO: avg err:0.2890 | err:0.0000 | horse_08 horse_08
2026-06-30 10:36:38,471 INFO: avg err:0.2883 | err:0.0344 | horse_08 horse_09
2026-06-30 10:36:38,752 INFO: avg err:0.2876 | err:0.0462 | horse_08 horse_10
2026-06-30 10:36:39,012 INFO: avg err:0.2870 | err:0.0516 | horse_09 cougar_01
2026-06-30 10:36:39,256 INFO: avg err:0.2864 | err:0.0740 | horse_09 cougar_02
2026-06-30 10:36:39,558 INFO: avg err:0.2857 | err:0.0533 | horse_09 cougar_03
2026-06-30 10:36:39,845 INFO: avg err:0.2851 | err:0.0493 | horse_09 cougar_04
2026-06-30 10:36:40,156 INFO: avg err:0.2863 | err:0.7338 | horse_09 hippo_01
2026-06-30 10:36:40,395 INFO: avg err:0.2876 | err:0.7362 | horse_09 hippo_02
2026-06-30 10:36:40,738 INFO: avg err:0.2886 | err:0.6606 | horse_09 hippo_03
2026-06-30 10:36:40,988 INFO: avg err:0.2897 | err:0.7194 | horse_09 hippo_04
2026-06-30 10:36:41,308 INFO: avg err:0.2907 | err:0.6370 | horse_09 hippo_05
2026-06-30 10:36:41,560 INFO: avg err:0.2918 | err:0.6974 | horse_09 hippo_06
2026-06-30 10:36:41,846 INFO: avg err:0.2911 | err:0.0228 | horse_09 horse_01
2026-06-30 10:36:42,079 INFO: avg err:0.2903 | err:0.0192 | horse_09 horse_02
2026-06-30 10:36:42,427 INFO: avg err:0.2896 | err:0.0222 | horse_09 horse_03
2026-06-30 10:36:42,659 INFO: avg err:0.2889 | err:0.0282 | horse_09 horse_04
2026-06-30 10:36:42,948 INFO: avg err:0.2882 | err:0.0327 | horse_09 horse_05
2026-06-30 10:36:43,210 INFO: avg err:0.2876 | err:0.0411 | horse_09 horse_06
2026-06-30 10:36:43,590 INFO: avg err:0.2869 | err:0.0362 | horse_09 horse_07
2026-06-30 10:36:43,835 INFO: avg err:0.2862 | err:0.0247 | horse_09 horse_08
2026-06-30 10:36:44,062 INFO: avg err:0.2855 | err:0.0000 | horse_09 horse_09
2026-06-30 10:36:44,416 INFO: avg err:0.2848 | err:0.0197 | horse_09 horse_10
2026-06-30 10:36:44,663 INFO: avg err:0.2843 | err:0.1062 | horse_10 cougar_01
2026-06-30 10:36:45,098 INFO: avg err:0.2839 | err:0.1382 | horse_10 cougar_02
2026-06-30 10:36:45,375 INFO: avg err:0.2834 | err:0.1096 | horse_10 cougar_03
2026-06-30 10:36:45,636 INFO: avg err:0.2830 | err:0.1064 | horse_10 cougar_04
2026-06-30 10:36:45,855 INFO: avg err:0.2843 | err:0.7815 | horse_10 hippo_01
2026-06-30 10:36:46,261 INFO: avg err:0.2855 | err:0.7402 | horse_10 hippo_02
2026-06-30 10:36:46,518 INFO: avg err:0.2867 | err:0.7617 | horse_10 hippo_03
2026-06-30 10:36:46,896 INFO: avg err:0.2879 | err:0.7465 | horse_10 hippo_04
2026-06-30 10:36:47,125 INFO: avg err:0.2886 | err:0.5629 | horse_10 hippo_05
2026-06-30 10:36:47,484 INFO: avg err:0.2898 | err:0.7553 | horse_10 hippo_06
2026-06-30 10:36:47,700 INFO: avg err:0.2892 | err:0.0815 | horse_10 horse_01
2026-06-30 10:36:48,102 INFO: avg err:0.2887 | err:0.0681 | horse_10 horse_02
2026-06-30 10:36:48,358 INFO: avg err:0.2881 | err:0.0780 | horse_10 horse_03
2026-06-30 10:36:48,669 INFO: avg err:0.2876 | err:0.0606 | horse_10 horse_04
2026-06-30 10:36:48,917 INFO: avg err:0.2870 | err:0.0765 | horse_10 horse_05
2026-06-30 10:36:49,220 INFO: avg err:0.2865 | err:0.0608 | horse_10 horse_06
2026-06-30 10:36:49,467 INFO: avg err:0.2859 | err:0.0670 | horse_10 horse_07
2026-06-30 10:36:49,786 INFO: avg err:0.2854 | err:0.0683 | horse_10 horse_08
2026-06-30 10:36:50,059 INFO: avg err:0.2847 | err:0.0193 | horse_10 horse_09
2026-06-30 10:36:50,268 INFO: avg err:0.2840 | err:0.0000 | horse_10 horse_10
2026-06-30 10:36:50,293 INFO: Avg time: 0.0709
2026-06-30 10:36:50,768 INFO: Val auc: 0.5273
2026-06-30 10:36:50,774 INFO: Val avg error: 0.2840
2026-06-30 10:36:50,830 INFO: [ONB diag] max|Q-I|: mean=3.4168e-07 max=4.7684e-07 | max|Φ̃ᵀMΦ̃-I|: mean=3.4168e-07 max=4.7684e-07
2026-06-30 10:36:54,906 INFO: [smal_..][epoch: 12, iter:  10,020, lr:(4.796e-04,)][eta: 0:28:54, time (data): 0.204 (0.016)]l_bij: 8.2340e+01 l_orth: 9.1227e+01 l_align: 8.0111e+01 l_total: 2.5368e+02 
2026-06-30 10:36:59,070 INFO: [smal_..][epoch: 12, iter:  10,040, lr:(4.796e-04,)][eta: 0:28:49, time (data): 0.204 (0.016)]l_bij: 6.3846e+01 l_orth: 7.9870e+01 l_align: 7.5303e+01 l_total: 2.1902e+02 
2026-06-30 10:37:03,136 INFO: [smal_..][epoch: 12, iter:  10,060, lr:(4.796e-04,)][eta: 0:28:43, time (data): 0.201 (0.017)]l_bij: 1.0837e+02 l_orth: 1.1098e+02 l_align: 8.7602e+01 l_total: 3.0695e+02 
2026-06-30 10:37:07,096 INFO: [smal_..][epoch: 12, iter:  10,080, lr:(4.796e-04,)][eta: 0:28:37, time (data): 0.199 (0.016)]l_bij: 1.0767e+02 l_orth: 1.1083e+02 l_align: 8.4826e+01 l_total: 3.0332e+02 
2026-06-30 10:37:11,365 INFO: [smal_..][epoch: 13, iter:  10,100, lr:(4.109e-04,)][eta: 0:28:31, time (data): 0.205 (0.021)]l_bij: 8.6261e+01 l_orth: 9.6456e+01 l_align: 7.4244e+01 l_total: 2.5696e+02 
2026-06-30 10:37:15,485 INFO: [smal_..][epoch: 13, iter:  10,120, lr:(4.109e-04,)][eta: 0:28:26, time (data): 0.205 (0.020)]l_bij: 6.3645e+00 l_orth: 4.4183e+01 l_align: 8.7318e+01 l_total: 1.3786e+02 
2026-06-30 10:37:19,468 INFO: [smal_..][epoch: 13, iter:  10,140, lr:(4.109e-04,)][eta: 0:28:20, time (data): 0.204 (0.019)]l_bij: 9.0083e+01 l_orth: 9.7111e+01 l_align: 7.7570e+01 l_total: 2.6476e+02 
2026-06-30 10:37:23,015 INFO: [smal_..][epoch: 13, iter:  10,160, lr:(4.109e-04,)][eta: 0:28:14, time (data): 0.199 (0.019)]l_bij: 4.4885e+01 l_orth: 6.9578e+01 l_align: 8.1987e+01 l_total: 1.9645e+02 
2026-06-30 10:37:26,728 INFO: [smal_..][epoch: 13, iter:  10,180, lr:(4.109e-04,)][eta: 0:28:08, time (data): 0.197 (0.019)]l_bij: 1.0133e+02 l_orth: 1.0706e+02 l_align: 7.6690e+01 l_total: 2.8509e+02 
2026-06-30 10:37:30,339 INFO: [smal_..][epoch: 13, iter:  10,200, lr:(4.109e-04,)][eta: 0:28:02, time (data): 0.195 (0.019)]l_bij: 8.0379e+01 l_orth: 9.2571e+01 l_align: 7.1773e+01 l_total: 2.4472e+02 
2026-06-30 10:37:34,099 INFO: [smal_..][epoch: 13, iter:  10,220, lr:(4.109e-04,)][eta: 0:27:56, time (data): 0.194 (0.019)]l_bij: 7.4934e+01 l_orth: 8.8580e+01 l_align: 7.0958e+01 l_total: 2.3447e+02 
2026-06-30 10:37:37,620 INFO: [smal_..][epoch: 13, iter:  10,240, lr:(4.109e-04,)][eta: 0:27:50, time (data): 0.192 (0.020)]l_bij: 8.1614e+01 l_orth: 9.4169e+01 l_align: 7.7472e+01 l_total: 2.5326e+02 
2026-06-30 10:37:41,169 INFO: [smal_..][epoch: 13, iter:  10,260, lr:(4.109e-04,)][eta: 0:27:44, time (data): 0.173 (0.024)]l_bij: 9.0892e+01 l_orth: 9.8850e+01 l_align: 7.7115e+01 l_total: 2.6686e+02 
2026-06-30 10:37:44,645 INFO: [smal_..][epoch: 13, iter:  10,280, lr:(4.109e-04,)][eta: 0:27:37, time (data): 0.173 (0.025)]l_bij: 4.7920e+01 l_orth: 7.0159e+01 l_align: 7.8249e+01 l_total: 1.9633e+02 
2026-06-30 10:37:48,074 INFO: [smal_..][epoch: 13, iter:  10,300, lr:(4.109e-04,)][eta: 0:27:31, time (data): 0.173 (0.025)]l_bij: 9.6438e+01 l_orth: 1.0338e+02 l_align: 8.6329e+01 l_total: 2.8615e+02 
2026-06-30 10:37:51,580 INFO: [smal_..][epoch: 13, iter:  10,320, lr:(4.109e-04,)][eta: 0:27:25, time (data): 0.173 (0.026)]l_bij: 7.5667e+01 l_orth: 8.6390e+01 l_align: 8.0823e+01 l_total: 2.4288e+02 
2026-06-30 10:37:55,152 INFO: [smal_..][epoch: 13, iter:  10,340, lr:(4.109e-04,)][eta: 0:27:19, time (data): 0.174 (0.026)]l_bij: 7.1917e+01 l_orth: 8.2391e+01 l_align: 6.4864e+01 l_total: 2.1917e+02 
2026-06-30 10:37:58,574 INFO: [smal_..][epoch: 13, iter:  10,360, lr:(4.109e-04,)][eta: 0:27:13, time (data): 0.174 (0.026)]l_bij: 1.1124e+02 l_orth: 1.1902e+02 l_align: 9.0129e+01 l_total: 3.2039e+02 
2026-06-30 10:38:02,084 INFO: [smal_..][epoch: 13, iter:  10,380, lr:(4.109e-04,)][eta: 0:27:07, time (data): 0.174 (0.026)]l_bij: 1.1303e+02 l_orth: 1.1234e+02 l_align: 8.6281e+01 l_total: 3.1165e+02 
2026-06-30 10:38:05,495 INFO: [smal_..][epoch: 13, iter:  10,400, lr:(4.109e-04,)][eta: 0:27:01, time (data): 0.174 (0.026)]l_bij: 6.3574e+01 l_orth: 7.9123e+01 l_align: 7.6175e+01 l_total: 2.1887e+02 
2026-06-30 10:38:08,924 INFO: [smal_..][epoch: 13, iter:  10,420, lr:(4.109e-04,)][eta: 0:26:55, time (data): 0.173 (0.026)]l_bij: 1.0081e+02 l_orth: 1.0431e+02 l_align: 8.2695e+01 l_total: 2.8781e+02 
2026-06-30 10:38:12,505 INFO: [smal_..][epoch: 13, iter:  10,440, lr:(4.109e-04,)][eta: 0:26:49, time (data): 0.174 (0.026)]l_bij: 6.4331e+01 l_orth: 8.5443e+01 l_align: 7.8136e+01 l_total: 2.2791e+02 
2026-06-30 10:38:15,960 INFO: [smal_..][epoch: 13, iter:  10,460, lr:(4.109e-04,)][eta: 0:26:43, time (data): 0.175 (0.030)]l_bij: 7.9555e+01 l_orth: 9.5967e+01 l_align: 8.0062e+01 l_total: 2.5558e+02 
2026-06-30 10:38:19,406 INFO: [smal_..][epoch: 13, iter:  10,480, lr:(4.109e-04,)][eta: 0:26:37, time (data): 0.173 (0.028)]l_bij: 1.0157e+02 l_orth: 1.0665e+02 l_align: 7.8460e+01 l_total: 2.8668e+02 
2026-06-30 10:38:22,897 INFO: [smal_..][epoch: 13, iter:  10,500, lr:(4.109e-04,)][eta: 0:26:31, time (data): 0.174 (0.027)]l_bij: 1.0827e+02 l_orth: 1.1107e+02 l_align: 8.1473e+01 l_total: 3.0082e+02 
2026-06-30 10:38:26,342 INFO: [smal_..][epoch: 13, iter:  10,520, lr:(4.109e-04,)][eta: 0:26:25, time (data): 0.173 (0.027)]l_bij: 6.6772e+01 l_orth: 8.4352e+01 l_align: 7.9249e+01 l_total: 2.3037e+02 
2026-06-30 10:38:29,773 INFO: [smal_..][epoch: 13, iter:  10,540, lr:(4.109e-04,)][eta: 0:26:19, time (data): 0.173 (0.027)]l_bij: 8.8921e+01 l_orth: 9.7280e+01 l_align: 8.1069e+01 l_total: 2.6727e+02 
2026-06-30 10:38:33,249 INFO: [smal_..][epoch: 13, iter:  10,560, lr:(4.109e-04,)][eta: 0:26:13, time (data): 0.173 (0.027)]l_bij: 1.0703e+02 l_orth: 1.1184e+02 l_align: 8.2871e+01 l_total: 3.0174e+02 
2026-06-30 10:38:36,761 INFO: [smal_..][epoch: 13, iter:  10,580, lr:(4.109e-04,)][eta: 0:26:07, time (data): 0.173 (0.027)]l_bij: 5.4099e+01 l_orth: 7.7187e+01 l_align: 7.8519e+01 l_total: 2.0980e+02 
2026-06-30 10:38:40,222 INFO: [smal_..][epoch: 13, iter:  10,600, lr:(4.109e-04,)][eta: 0:26:01, time (data): 0.173 (0.027)]l_bij: 7.8590e+01 l_orth: 8.8266e+01 l_align: 7.8677e+01 l_total: 2.4553e+02 
2026-06-30 10:38:43,635 INFO: [smal_..][epoch: 13, iter:  10,620, lr:(4.109e-04,)][eta: 0:25:55, time (data): 0.173 (0.027)]l_bij: 3.8514e+01 l_orth: 6.5944e+01 l_align: 8.3488e+01 l_total: 1.8795e+02 
2026-06-30 10:38:47,081 INFO: [smal_..][epoch: 13, iter:  10,640, lr:(4.109e-04,)][eta: 0:25:49, time (data): 0.173 (0.027)]l_bij: 5.9356e+01 l_orth: 7.9847e+01 l_align: 7.4832e+01 l_total: 2.1404e+02 
2026-06-30 10:38:50,472 INFO: [smal_..][epoch: 13, iter:  10,660, lr:(4.109e-04,)][eta: 0:25:44, time (data): 0.173 (0.027)]l_bij: 9.5088e+01 l_orth: 1.0466e+02 l_align: 8.2195e+01 l_total: 2.8194e+02 
2026-06-30 10:38:53,819 INFO: [smal_..][epoch: 13, iter:  10,680, lr:(4.109e-04,)][eta: 0:25:38, time (data): 0.169 (0.025)]l_bij: 6.6915e+01 l_orth: 8.3604e+01 l_align: 6.9436e+01 l_total: 2.1996e+02 
2026-06-30 10:38:57,197 INFO: [smal_..][epoch: 13, iter:  10,700, lr:(4.109e-04,)][eta: 0:25:32, time (data): 0.169 (0.025)]l_bij: 8.4666e+01 l_orth: 9.2172e+01 l_align: 7.3240e+01 l_total: 2.5008e+02 
2026-06-30 10:39:00,592 INFO: [smal_..][epoch: 13, iter:  10,720, lr:(4.109e-04,)][eta: 0:25:26, time (data): 0.169 (0.025)]l_bij: 8.0440e+01 l_orth: 9.3938e+01 l_align: 7.6606e+01 l_total: 2.5098e+02 
2026-06-30 10:39:04,079 INFO: [smal_..][epoch: 13, iter:  10,740, lr:(4.109e-04,)][eta: 0:25:20, time (data): 0.170 (0.025)]l_bij: 9.4067e+01 l_orth: 1.0244e+02 l_align: 7.7928e+01 l_total: 2.7443e+02 
2026-06-30 10:39:07,381 INFO: [smal_..][epoch: 13, iter:  10,760, lr:(4.109e-04,)][eta: 0:25:14, time (data): 0.169 (0.025)]l_bij: 8.7141e+01 l_orth: 9.3793e+01 l_align: 8.6874e+01 l_total: 2.6781e+02 
2026-06-30 10:39:10,897 INFO: [smal_..][epoch: 13, iter:  10,780, lr:(4.109e-04,)][eta: 0:25:08, time (data): 0.170 (0.026)]l_bij: 8.8198e+01 l_orth: 9.7417e+01 l_align: 8.2175e+01 l_total: 2.6779e+02 
2026-06-30 10:39:14,404 INFO: [smal_..][epoch: 13, iter:  10,800, lr:(4.109e-04,)][eta: 0:25:02, time (data): 0.171 (0.026)]l_bij: 7.9852e+01 l_orth: 9.1639e+01 l_align: 7.5332e+01 l_total: 2.4682e+02 
2026-06-30 10:39:17,836 INFO: [smal_..][epoch: 13, iter:  10,820, lr:(4.109e-04,)][eta: 0:24:56, time (data): 0.171 (0.026)]l_bij: 7.5439e+01 l_orth: 8.8345e+01 l_align: 7.9533e+01 l_total: 2.4332e+02 
2026-06-30 10:39:21,346 INFO: [smal_..][epoch: 13, iter:  10,840, lr:(4.109e-04,)][eta: 0:24:51, time (data): 0.171 (0.026)]l_bij: 6.5552e+01 l_orth: 7.9461e+01 l_align: 7.6254e+01 l_total: 2.2127e+02 
2026-06-30 10:39:24,790 INFO: [smal_..][epoch: 13, iter:  10,860, lr:(4.109e-04,)][eta: 0:24:45, time (data): 0.164 (0.024)]l_bij: 8.2100e+01 l_orth: 9.2051e+01 l_align: 7.6799e+01 l_total: 2.5095e+02 
2026-06-30 10:39:28,229 INFO: [smal_..][epoch: 13, iter:  10,880, lr:(4.109e-04,)][eta: 0:24:39, time (data): 0.170 (0.028)]l_bij: 3.6970e+01 l_orth: 5.9241e+01 l_align: 7.5070e+01 l_total: 1.7128e+02 
2026-06-30 10:39:31,722 INFO: [smal_..][epoch: 13, iter:  10,900, lr:(4.109e-04,)][eta: 0:24:33, time (data): 0.172 (0.027)]l_bij: 1.0164e+02 l_orth: 1.0521e+02 l_align: 7.9543e+01 l_total: 2.8639e+02 
2026-06-30 10:39:35,111 INFO: [smal_..][epoch: 13, iter:  10,920, lr:(4.109e-04,)][eta: 0:24:27, time (data): 0.171 (0.027)]l_bij: 9.0480e+01 l_orth: 9.9070e+01 l_align: 8.1903e+01 l_total: 2.7145e+02 
2026-06-30 10:39:38,873 INFO: [smal_..][epoch: 14, iter:  10,940, lr:(3.457e-04,)][eta: 0:24:22, time (data): 0.175 (0.030)]l_bij: 6.3335e+01 l_orth: 8.3850e+01 l_align: 7.8482e+01 l_total: 2.2567e+02 
2026-06-30 10:39:42,262 INFO: [smal_..][epoch: 14, iter:  10,960, lr:(3.457e-04,)][eta: 0:24:16, time (data): 0.174 (0.030)]l_bij: 6.7726e+01 l_orth: 8.2852e+01 l_align: 7.4204e+01 l_total: 2.2478e+02 
2026-06-30 10:39:45,976 INFO: [smal_..][epoch: 14, iter:  10,980, lr:(3.457e-04,)][eta: 0:24:10, time (data): 0.176 (0.028)]l_bij: 7.8067e+01 l_orth: 8.6931e+01 l_align: 7.2788e+01 l_total: 2.3779e+02 
2026-06-30 10:39:49,629 INFO: [smal_..][epoch: 14, iter:  11,000, lr:(3.457e-04,)][eta: 0:24:04, time (data): 0.177 (0.027)]l_bij: 8.7633e+01 l_orth: 9.6844e+01 l_align: 8.2268e+01 l_total: 2.6675e+02 
2026-06-30 10:39:53,204 INFO: [smal_..][epoch: 14, iter:  11,020, lr:(3.457e-04,)][eta: 0:23:59, time (data): 0.177 (0.026)]l_bij: 6.7206e+01 l_orth: 8.0868e+01 l_align: 7.1327e+01 l_total: 2.1940e+02 
2026-06-30 10:39:56,755 INFO: [smal_..][epoch: 14, iter:  11,040, lr:(3.457e-04,)][eta: 0:23:53, time (data): 0.177 (0.025)]l_bij: 1.0214e+02 l_orth: 1.0614e+02 l_align: 7.6813e+01 l_total: 2.8509e+02 
2026-06-30 10:40:00,723 INFO: [smal_..][epoch: 14, iter:  11,060, lr:(3.457e-04,)][eta: 0:23:48, time (data): 0.213 (0.016)]l_bij: 8.7874e+01 l_orth: 9.5958e+01 l_align: 7.5450e+01 l_total: 2.5928e+02 
2026-06-30 10:40:04,729 INFO: [smal_..][epoch: 14, iter:  11,080, lr:(3.457e-04,)][eta: 0:23:42, time (data): 0.203 (0.016)]l_bij: 8.1923e+01 l_orth: 9.3735e+01 l_align: 8.1488e+01 l_total: 2.5715e+02 
2026-06-30 10:40:08,787 INFO: [smal_..][epoch: 14, iter:  11,100, lr:(3.457e-04,)][eta: 0:23:37, time (data): 0.203 (0.016)]l_bij: 8.8255e+01 l_orth: 9.6077e+01 l_align: 7.8317e+01 l_total: 2.6265e+02 
2026-06-30 10:40:12,835 INFO: [smal_..][epoch: 14, iter:  11,120, lr:(3.457e-04,)][eta: 0:23:31, time (data): 0.203 (0.016)]l_bij: 4.8313e+01 l_orth: 6.6257e+01 l_align: 6.6743e+01 l_total: 1.8131e+02 
2026-06-30 10:40:16,875 INFO: [smal_..][epoch: 14, iter:  11,140, lr:(3.457e-04,)][eta: 0:23:26, time (data): 0.202 (0.016)]l_bij: 1.0499e+02 l_orth: 1.1311e+02 l_align: 8.4924e+01 l_total: 3.0302e+02 
2026-06-30 10:40:20,989 INFO: [smal_..][epoch: 14, iter:  11,160, lr:(3.457e-04,)][eta: 0:23:21, time (data): 0.203 (0.016)]l_bij: 8.0187e+01 l_orth: 8.7683e+01 l_align: 7.1712e+01 l_total: 2.3958e+02 
2026-06-30 10:40:25,019 INFO: [smal_..][epoch: 14, iter:  11,180, lr:(3.457e-04,)][eta: 0:23:15, time (data): 0.203 (0.016)]l_bij: 9.0497e+01 l_orth: 9.8739e+01 l_align: 7.8673e+01 l_total: 2.6791e+02 
2026-06-30 10:40:29,176 INFO: [smal_..][epoch: 14, iter:  11,200, lr:(3.457e-04,)][eta: 0:23:10, time (data): 0.203 (0.016)]l_bij: 7.1884e+01 l_orth: 8.5967e+01 l_align: 7.7866e+01 l_total: 2.3572e+02 
2026-06-30 10:40:33,327 INFO: [smal_..][epoch: 14, iter:  11,220, lr:(3.457e-04,)][eta: 0:23:04, time (data): 0.204 (0.016)]l_bij: 1.0747e+02 l_orth: 1.1609e+02 l_align: 8.6125e+01 l_total: 3.0969e+02 
2026-06-30 10:40:37,464 INFO: [smal_..][epoch: 14, iter:  11,240, lr:(3.457e-04,)][eta: 0:22:59, time (data): 0.204 (0.016)]l_bij: 8.5063e+01 l_orth: 9.1263e+01 l_align: 7.7483e+01 l_total: 2.5381e+02 
2026-06-30 10:40:41,678 INFO: [smal_..][epoch: 14, iter:  11,260, lr:(3.457e-04,)][eta: 0:22:54, time (data): 0.208 (0.016)]l_bij: 8.4928e+01 l_orth: 9.2698e+01 l_align: 7.5000e+01 l_total: 2.5263e+02 
2026-06-30 10:40:45,803 INFO: [smal_..][epoch: 14, iter:  11,280, lr:(3.457e-04,)][eta: 0:22:48, time (data): 0.206 (0.015)]l_bij: 7.7590e+01 l_orth: 8.7591e+01 l_align: 7.4275e+01 l_total: 2.3946e+02 
2026-06-30 10:40:49,852 INFO: [smal_..][epoch: 14, iter:  11,300, lr:(3.457e-04,)][eta: 0:22:43, time (data): 0.205 (0.015)]l_bij: 8.1276e+01 l_orth: 9.1689e+01 l_align: 8.0399e+01 l_total: 2.5336e+02 
2026-06-30 10:40:53,882 INFO: [smal_..][epoch: 14, iter:  11,320, lr:(3.457e-04,)][eta: 0:22:38, time (data): 0.204 (0.015)]l_bij: 7.6247e+00 l_orth: 4.9927e+01 l_align: 9.1897e+01 l_total: 1.4945e+02 
2026-06-30 10:40:57,915 INFO: [smal_..][epoch: 14, iter:  11,340, lr:(3.457e-04,)][eta: 0:22:32, time (data): 0.203 (0.016)]l_bij: 8.1101e+01 l_orth: 9.2683e+01 l_align: 8.0693e+01 l_total: 2.5448e+02 
2026-06-30 10:41:01,923 INFO: [smal_..][epoch: 14, iter:  11,360, lr:(3.457e-04,)][eta: 0:22:27, time (data): 0.203 (0.016)]l_bij: 5.1156e+01 l_orth: 7.9785e+01 l_align: 8.2283e+01 l_total: 2.1322e+02 
2026-06-30 10:41:06,099 INFO: [smal_..][epoch: 14, iter:  11,380, lr:(3.457e-04,)][eta: 0:22:22, time (data): 0.204 (0.016)]l_bij: 8.2112e+01 l_orth: 9.1388e+01 l_align: 7.3789e+01 l_total: 2.4729e+02 
2026-06-30 10:41:10,219 INFO: [smal_..][epoch: 14, iter:  11,400, lr:(3.457e-04,)][eta: 0:22:16, time (data): 0.204 (0.016)]l_bij: 7.8183e+01 l_orth: 9.4240e+01 l_align: 7.9303e+01 l_total: 2.5173e+02 
2026-06-30 10:41:14,302 INFO: [smal_..][epoch: 14, iter:  11,420, lr:(3.457e-04,)][eta: 0:22:11, time (data): 0.204 (0.016)]l_bij: 9.6162e+01 l_orth: 1.0463e+02 l_align: 7.7361e+01 l_total: 2.7816e+02 
2026-06-30 10:41:18,300 INFO: [smal_..][epoch: 14, iter:  11,440, lr:(3.457e-04,)][eta: 0:22:06, time (data): 0.203 (0.016)]l_bij: 1.0017e+02 l_orth: 1.0550e+02 l_align: 7.9762e+01 l_total: 2.8543e+02 
2026-06-30 10:41:22,479 INFO: [smal_..][epoch: 14, iter:  11,460, lr:(3.457e-04,)][eta: 0:22:00, time (data): 0.218 (0.018)]l_bij: 9.5013e+01 l_orth: 1.0208e+02 l_align: 8.6659e+01 l_total: 2.8375e+02 
2026-06-30 10:41:26,470 INFO: [smal_..][epoch: 14, iter:  11,480, lr:(3.457e-04,)][eta: 0:21:55, time (data): 0.202 (0.016)]l_bij: 9.5176e+01 l_orth: 1.0270e+02 l_align: 8.0597e+01 l_total: 2.7847e+02 
2026-06-30 10:41:30,398 INFO: [smal_..][epoch: 14, iter:  11,500, lr:(3.457e-04,)][eta: 0:21:50, time (data): 0.199 (0.016)]l_bij: 8.5144e+01 l_orth: 9.9542e+01 l_align: 8.2847e+01 l_total: 2.6753e+02 
2026-06-30 10:41:34,336 INFO: [smal_..][epoch: 14, iter:  11,520, lr:(3.457e-04,)][eta: 0:21:44, time (data): 0.199 (0.016)]l_bij: 8.0714e+01 l_orth: 9.3542e+01 l_align: 7.7054e+01 l_total: 2.5131e+02 
2026-06-30 10:41:38,314 INFO: [smal_..][epoch: 14, iter:  11,540, lr:(3.457e-04,)][eta: 0:21:39, time (data): 0.199 (0.016)]l_bij: 8.1184e+01 l_orth: 9.0313e+01 l_align: 7.3907e+01 l_total: 2.4540e+02 
2026-06-30 10:41:42,214 INFO: [smal_..][epoch: 14, iter:  11,560, lr:(3.457e-04,)][eta: 0:21:33, time (data): 0.198 (0.016)]l_bij: 9.6538e+01 l_orth: 1.0541e+02 l_align: 8.0497e+01 l_total: 2.8245e+02 
2026-06-30 10:41:46,186 INFO: [smal_..][epoch: 14, iter:  11,580, lr:(3.457e-04,)][eta: 0:21:28, time (data): 0.198 (0.016)]l_bij: 4.7874e+01 l_orth: 7.5218e+01 l_align: 8.4462e+01 l_total: 2.0755e+02 
2026-06-30 10:41:50,344 INFO: [smal_..][epoch: 14, iter:  11,600, lr:(3.457e-04,)][eta: 0:21:23, time (data): 0.199 (0.016)]l_bij: 5.5997e+01 l_orth: 7.4412e+01 l_align: 7.0246e+01 l_total: 2.0066e+02 
2026-06-30 10:41:54,471 INFO: [smal_..][epoch: 14, iter:  11,620, lr:(3.457e-04,)][eta: 0:21:17, time (data): 0.200 (0.016)]l_bij: 8.0968e+01 l_orth: 9.0909e+01 l_align: 7.4967e+01 l_total: 2.4684e+02 
2026-06-30 10:41:58,484 INFO: [smal_..][epoch: 14, iter:  11,640, lr:(3.457e-04,)][eta: 0:21:12, time (data): 0.200 (0.016)]l_bij: 7.6641e+01 l_orth: 9.2150e+01 l_align: 8.4117e+01 l_total: 2.5291e+02 
2026-06-30 10:42:02,620 INFO: [smal_..][epoch: 14, iter:  11,660, lr:(3.457e-04,)][eta: 0:21:07, time (data): 0.197 (0.015)]l_bij: 7.8466e+01 l_orth: 9.2137e+01 l_align: 8.3765e+01 l_total: 2.5437e+02 
2026-06-30 10:42:06,716 INFO: [smal_..][epoch: 14, iter:  11,680, lr:(3.457e-04,)][eta: 0:21:02, time (data): 0.204 (0.017)]l_bij: 8.0047e+01 l_orth: 8.7737e+01 l_align: 7.3479e+01 l_total: 2.4126e+02 
2026-06-30 10:42:10,848 INFO: [smal_..][epoch: 14, iter:  11,700, lr:(3.457e-04,)][eta: 0:20:56, time (data): 0.205 (0.016)]l_bij: 1.0242e+02 l_orth: 1.0705e+02 l_align: 7.9314e+01 l_total: 2.8878e+02 
2026-06-30 10:42:14,947 INFO: [smal_..][epoch: 14, iter:  11,720, lr:(3.457e-04,)][eta: 0:20:51, time (data): 0.205 (0.016)]l_bij: 1.0216e+02 l_orth: 1.0624e+02 l_align: 8.7044e+01 l_total: 2.9544e+02 
2026-06-30 10:42:18,996 INFO: [smal_..][epoch: 14, iter:  11,740, lr:(3.457e-04,)][eta: 0:20:46, time (data): 0.204 (0.016)]l_bij: 9.0562e+01 l_orth: 9.4433e+01 l_align: 7.3707e+01 l_total: 2.5870e+02 
2026-06-30 10:42:23,115 INFO: [smal_..][epoch: 14, iter:  11,760, lr:(3.457e-04,)][eta: 0:20:41, time (data): 0.205 (0.016)]l_bij: 7.9954e+01 l_orth: 9.1333e+01 l_align: 7.4862e+01 l_total: 2.4615e+02 
2026-06-30 10:42:27,487 INFO: [smal_..][epoch: 15, iter:  11,780, lr:(2.855e-04,)][eta: 0:20:35, time (data): 0.207 (0.018)]l_bij: 6.4407e+01 l_orth: 8.0792e+01 l_align: 7.2416e+01 l_total: 2.1762e+02 
2026-06-30 10:42:31,715 INFO: [smal_..][epoch: 15, iter:  11,800, lr:(2.855e-04,)][eta: 0:20:30, time (data): 0.208 (0.018)]l_bij: 4.6643e+01 l_orth: 6.7120e+01 l_align: 6.7790e+01 l_total: 1.8155e+02 
2026-06-30 10:42:35,810 INFO: [smal_..][epoch: 15, iter:  11,820, lr:(2.855e-04,)][eta: 0:20:25, time (data): 0.207 (0.017)]l_bij: 6.2048e+01 l_orth: 7.8176e+01 l_align: 7.4617e+01 l_total: 2.1484e+02 
2026-06-30 10:42:39,888 INFO: [smal_..][epoch: 15, iter:  11,840, lr:(2.855e-04,)][eta: 0:20:20, time (data): 0.207 (0.017)]l_bij: 7.1310e+00 l_orth: 4.7745e+01 l_align: 8.2891e+01 l_total: 1.3777e+02 
2026-06-30 10:42:43,914 INFO: [smal_..][epoch: 15, iter:  11,860, lr:(2.855e-04,)][eta: 0:20:15, time (data): 0.191 (0.013)]l_bij: 6.6939e+01 l_orth: 8.7396e+01 l_align: 8.2527e+01 l_total: 2.3686e+02 
2026-06-30 10:42:47,994 INFO: [smal_..][epoch: 15, iter:  11,880, lr:(2.855e-04,)][eta: 0:20:09, time (data): 0.203 (0.015)]l_bij: 8.0952e+01 l_orth: 8.9229e+01 l_align: 6.9925e+01 l_total: 2.4011e+02 
2026-06-30 10:42:52,121 INFO: [smal_..][epoch: 15, iter:  11,900, lr:(2.855e-04,)][eta: 0:20:04, time (data): 0.205 (0.016)]l_bij: 9.6141e+01 l_orth: 1.0337e+02 l_align: 7.8844e+01 l_total: 2.7836e+02 
2026-06-30 10:42:56,229 INFO: [smal_..][epoch: 15, iter:  11,920, lr:(2.855e-04,)][eta: 0:19:59, time (data): 0.205 (0.016)]l_bij: 8.6895e+01 l_orth: 9.4496e+01 l_align: 7.2042e+01 l_total: 2.5343e+02 
2026-06-30 10:43:00,368 INFO: [smal_..][epoch: 15, iter:  11,940, lr:(2.855e-04,)][eta: 0:19:54, time (data): 0.205 (0.016)]l_bij: 9.4692e+01 l_orth: 1.0322e+02 l_align: 8.2247e+01 l_total: 2.8016e+02 
2026-06-30 10:43:04,458 INFO: [smal_..][epoch: 15, iter:  11,960, lr:(2.855e-04,)][eta: 0:19:48, time (data): 0.205 (0.016)]l_bij: 1.0491e+02 l_orth: 1.0705e+02 l_align: 8.3850e+01 l_total: 2.9581e+02 
2026-06-30 10:43:08,489 INFO: [smal_..][epoch: 15, iter:  11,980, lr:(2.855e-04,)][eta: 0:19:43, time (data): 0.205 (0.016)]l_bij: 9.9923e+01 l_orth: 1.0411e+02 l_align: 8.5809e+01 l_total: 2.8984e+02 
2026-06-30 10:43:12,524 INFO: [smal_..][epoch: 15, iter:  12,000, lr:(2.855e-04,)][eta: 0:19:38, time (data): 0.204 (0.016)]l_bij: 4.8427e+01 l_orth: 6.7182e+01 l_align: 6.8269e+01 l_total: 1.8388e+02 
2026-06-30 10:43:12,525 INFO: Saving models and training states.
2026-06-30 10:43:12,553 INFO: Start validation.
2026-06-30 10:43:13,404 INFO: avg err:0.0000 | err:0.0000 | cougar_01 cougar_01
2026-06-30 10:43:13,649 INFO: avg err:0.0154 | err:0.0307 | cougar_01 cougar_02
2026-06-30 10:43:14,019 INFO: avg err:0.0152 | err:0.0147 | cougar_01 cougar_03
2026-06-30 10:43:14,263 INFO: avg err:0.0159 | err:0.0181 | cougar_01 cougar_04
2026-06-30 10:43:14,534 INFO: avg err:0.1796 | err:0.8346 | cougar_01 hippo_01
2026-06-30 10:43:14,769 INFO: avg err:0.2855 | err:0.8147 | cougar_01 hippo_02
2026-06-30 10:43:15,108 INFO: avg err:0.3508 | err:0.7423 | cougar_01 hippo_03
2026-06-30 10:43:15,379 INFO: avg err:0.4097 | err:0.8224 | cougar_01 hippo_04
2026-06-30 10:43:15,696 INFO: avg err:0.4396 | err:0.6790 | cougar_01 hippo_05
2026-06-30 10:43:15,890 INFO: avg err:0.4757 | err:0.8006 | cougar_01 hippo_06
2026-06-30 10:43:16,194 INFO: avg err:0.4357 | err:0.0359 | cougar_01 horse_01
2026-06-30 10:43:16,504 INFO: avg err:0.4020 | err:0.0313 | cougar_01 horse_02
2026-06-30 10:43:16,827 INFO: avg err:0.3734 | err:0.0299 | cougar_01 horse_03
2026-06-30 10:43:17,108 INFO: avg err:0.3490 | err:0.0312 | cougar_01 horse_04
2026-06-30 10:43:17,328 INFO: avg err:0.3282 | err:0.0379 | cougar_01 horse_05
2026-06-30 10:43:17,658 INFO: avg err:0.3099 | err:0.0345 | cougar_01 horse_06
2026-06-30 10:43:17,897 INFO: avg err:0.2936 | err:0.0340 | cougar_01 horse_07
2026-06-30 10:43:18,187 INFO: avg err:0.2787 | err:0.0253 | cougar_01 horse_08
2026-06-30 10:43:18,532 INFO: avg err:0.2687 | err:0.0886 | cougar_01 horse_09
2026-06-30 10:43:18,778 INFO: avg err:0.2598 | err:0.0894 | cougar_01 horse_10
2026-06-30 10:43:19,083 INFO: avg err:0.2488 | err:0.0293 | cougar_02 cougar_01
2026-06-30 10:43:19,298 INFO: avg err:0.2375 | err:0.0000 | cougar_02 cougar_02
2026-06-30 10:43:19,646 INFO: avg err:0.2279 | err:0.0182 | cougar_02 cougar_03
2026-06-30 10:43:19,929 INFO: avg err:0.2198 | err:0.0336 | cougar_02 cougar_04
2026-06-30 10:43:20,258 INFO: avg err:0.2484 | err:0.9329 | cougar_02 hippo_01
2026-06-30 10:43:20,502 INFO: avg err:0.2738 | err:0.9091 | cougar_02 hippo_02
2026-06-30 10:43:20,793 INFO: avg err:0.2926 | err:0.7826 | cougar_02 hippo_03
2026-06-30 10:43:21,051 INFO: avg err:0.3152 | err:0.9255 | cougar_02 hippo_04
2026-06-30 10:43:21,387 INFO: avg err:0.3293 | err:0.7244 | cougar_02 hippo_05
2026-06-30 10:43:21,630 INFO: avg err:0.3416 | err:0.6983 | cougar_02 hippo_06
2026-06-30 10:43:21,917 INFO: avg err:0.3322 | err:0.0502 | cougar_02 horse_01
2026-06-30 10:43:22,212 INFO: avg err:0.3231 | err:0.0404 | cougar_02 horse_02
2026-06-30 10:43:22,506 INFO: avg err:0.3148 | err:0.0479 | cougar_02 horse_03
2026-06-30 10:43:22,757 INFO: avg err:0.3067 | err:0.0411 | cougar_02 horse_04
2026-06-30 10:43:23,124 INFO: avg err:0.2994 | err:0.0507 | cougar_02 horse_05
2026-06-30 10:43:23,333 INFO: avg err:0.2925 | err:0.0501 | cougar_02 horse_06
2026-06-30 10:43:23,700 INFO: avg err:0.2859 | err:0.0482 | cougar_02 horse_07
2026-06-30 10:43:23,928 INFO: avg err:0.2794 | err:0.0396 | cougar_02 horse_08
2026-06-30 10:43:24,340 INFO: avg err:0.2755 | err:0.1264 | cougar_02 horse_09
2026-06-30 10:43:24,594 INFO: avg err:0.2717 | err:0.1254 | cougar_02 horse_10
2026-06-30 10:43:24,990 INFO: avg err:0.2654 | err:0.0136 | cougar_03 cougar_01
2026-06-30 10:43:25,224 INFO: avg err:0.2595 | err:0.0160 | cougar_03 cougar_02
2026-06-30 10:43:25,486 INFO: avg err:0.2535 | err:0.0000 | cougar_03 cougar_03
2026-06-30 10:43:25,713 INFO: avg err:0.2481 | err:0.0196 | cougar_03 cougar_04
2026-06-30 10:43:26,089 INFO: avg err:0.2633 | err:0.9283 | cougar_03 hippo_01
2026-06-30 10:43:26,329 INFO: avg err:0.2763 | err:0.8625 | cougar_03 hippo_02
2026-06-30 10:43:26,705 INFO: avg err:0.2863 | err:0.7463 | cougar_03 hippo_03
2026-06-30 10:43:26,928 INFO: avg err:0.2991 | err:0.9013 | cougar_03 hippo_04
2026-06-30 10:43:27,158 INFO: avg err:0.3079 | err:0.7290 | cougar_03 hippo_05
2026-06-30 10:43:27,414 INFO: avg err:0.3169 | err:0.7580 | cougar_03 hippo_06
2026-06-30 10:43:27,774 INFO: avg err:0.3115 | err:0.0408 | cougar_03 horse_01
2026-06-30 10:43:27,985 INFO: avg err:0.3061 | err:0.0335 | cougar_03 horse_02
2026-06-30 10:43:28,383 INFO: avg err:0.3010 | err:0.0362 | cougar_03 horse_03
2026-06-30 10:43:28,583 INFO: avg err:0.2961 | err:0.0336 | cougar_03 horse_04
2026-06-30 10:43:28,956 INFO: avg err:0.2914 | err:0.0395 | cougar_03 horse_05
2026-06-30 10:43:29,213 INFO: avg err:0.2870 | err:0.0463 | cougar_03 horse_06
2026-06-30 10:43:29,529 INFO: avg err:0.2827 | err:0.0383 | cougar_03 horse_07
2026-06-30 10:43:29,725 INFO: avg err:0.2783 | err:0.0295 | cougar_03 horse_08
2026-06-30 10:43:30,067 INFO: avg err:0.2752 | err:0.0963 | cougar_03 horse_09
2026-06-30 10:43:30,308 INFO: avg err:0.2725 | err:0.1142 | cougar_03 horse_10
2026-06-30 10:43:30,701 INFO: avg err:0.2684 | err:0.0192 | cougar_04 cougar_01
2026-06-30 10:43:30,895 INFO: avg err:0.2645 | err:0.0302 | cougar_04 cougar_02
2026-06-30 10:43:31,267 INFO: avg err:0.2607 | err:0.0208 | cougar_04 cougar_03
2026-06-30 10:43:31,451 INFO: avg err:0.2566 | err:0.0000 | cougar_04 cougar_04
2026-06-30 10:43:31,892 INFO: avg err:0.2652 | err:0.8188 | cougar_04 hippo_01
2026-06-30 10:43:32,073 INFO: avg err:0.2732 | err:0.7870 | cougar_04 hippo_02
2026-06-30 10:43:32,484 INFO: avg err:0.2804 | err:0.7599 | cougar_04 hippo_03
2026-06-30 10:43:32,725 INFO: avg err:0.2878 | err:0.7839 | cougar_04 hippo_04
2026-06-30 10:43:33,067 INFO: avg err:0.2936 | err:0.6836 | cougar_04 hippo_05
2026-06-30 10:43:33,259 INFO: avg err:0.3004 | err:0.7751 | cougar_04 hippo_06
2026-06-30 10:43:33,619 INFO: avg err:0.2967 | err:0.0317 | cougar_04 horse_01
2026-06-30 10:43:33,875 INFO: avg err:0.2930 | err:0.0362 | cougar_04 horse_02
2026-06-30 10:43:34,232 INFO: avg err:0.2895 | err:0.0353 | cougar_04 horse_03
2026-06-30 10:43:34,426 INFO: avg err:0.2861 | err:0.0364 | cougar_04 horse_04
2026-06-30 10:43:34,713 INFO: avg err:0.2828 | err:0.0392 | cougar_04 horse_05
2026-06-30 10:43:34,936 INFO: avg err:0.2796 | err:0.0395 | cougar_04 horse_06
2026-06-30 10:43:35,361 INFO: avg err:0.2763 | err:0.0295 | cougar_04 horse_07
2026-06-30 10:43:35,614 INFO: avg err:0.2732 | err:0.0306 | cougar_04 horse_08
2026-06-30 10:43:35,965 INFO: avg err:0.2708 | err:0.0805 | cougar_04 horse_09
2026-06-30 10:43:36,191 INFO: avg err:0.2687 | err:0.1029 | cougar_04 horse_10
2026-06-30 10:43:36,458 INFO: avg err:0.2725 | err:0.5828 | hippo_01 cougar_01
2026-06-30 10:43:36,735 INFO: avg err:0.2763 | err:0.5781 | hippo_01 cougar_02
2026-06-30 10:43:37,045 INFO: avg err:0.2803 | err:0.6076 | hippo_01 cougar_03
2026-06-30 10:43:37,262 INFO: avg err:0.2841 | err:0.6063 | hippo_01 cougar_04
2026-06-30 10:43:37,549 INFO: avg err:0.2808 | err:0.0000 | hippo_01 hippo_01
2026-06-30 10:43:37,827 INFO: avg err:0.2781 | err:0.0465 | hippo_01 hippo_02
2026-06-30 10:43:38,177 INFO: avg err:0.2775 | err:0.2244 | hippo_01 hippo_03
2026-06-30 10:43:38,428 INFO: avg err:0.2745 | err:0.0133 | hippo_01 hippo_04
2026-06-30 10:43:38,781 INFO: avg err:0.2730 | err:0.1473 | hippo_01 hippo_05
2026-06-30 10:43:38,995 INFO: avg err:0.2709 | err:0.0796 | hippo_01 hippo_06
2026-06-30 10:43:39,406 INFO: avg err:0.2741 | err:0.5606 | hippo_01 horse_01
2026-06-30 10:43:39,601 INFO: avg err:0.2771 | err:0.5585 | hippo_01 horse_02
2026-06-30 10:43:39,926 INFO: avg err:0.2802 | err:0.5619 | hippo_01 horse_03
2026-06-30 10:43:40,137 INFO: avg err:0.2831 | err:0.5538 | hippo_01 horse_04
2026-06-30 10:43:40,599 INFO: avg err:0.2861 | err:0.5650 | hippo_01 horse_05
2026-06-30 10:43:40,819 INFO: avg err:0.2888 | err:0.5500 | hippo_01 horse_06
2026-06-30 10:43:41,101 INFO: avg err:0.2916 | err:0.5566 | hippo_01 horse_07
2026-06-30 10:43:41,292 INFO: avg err:0.2944 | err:0.5670 | hippo_01 horse_08
2026-06-30 10:43:41,741 INFO: avg err:0.2970 | err:0.5486 | hippo_01 horse_09
2026-06-30 10:43:41,972 INFO: avg err:0.2993 | err:0.5336 | hippo_01 horse_10
2026-06-30 10:43:42,190 INFO: avg err:0.3013 | err:0.5004 | hippo_02 cougar_01
2026-06-30 10:43:42,374 INFO: avg err:0.3033 | err:0.5030 | hippo_02 cougar_02
2026-06-30 10:43:42,833 INFO: avg err:0.3053 | err:0.5037 | hippo_02 cougar_03
2026-06-30 10:43:43,057 INFO: avg err:0.3073 | err:0.5193 | hippo_02 cougar_04
2026-06-30 10:43:43,430 INFO: avg err:0.3048 | err:0.0395 | hippo_02 hippo_01
2026-06-30 10:43:43,653 INFO: avg err:0.3019 | err:0.0000 | hippo_02 hippo_02
2026-06-30 10:43:43,976 INFO: avg err:0.3008 | err:0.1895 | hippo_02 hippo_03
2026-06-30 10:43:44,198 INFO: avg err:0.2986 | err:0.0592 | hippo_02 hippo_04
2026-06-30 10:43:44,576 INFO: avg err:0.2966 | err:0.0856 | hippo_02 hippo_05
2026-06-30 10:43:44,780 INFO: avg err:0.2946 | err:0.0719 | hippo_02 hippo_06
2026-06-30 10:43:45,166 INFO: avg err:0.2966 | err:0.5175 | hippo_02 horse_01
2026-06-30 10:43:45,384 INFO: avg err:0.2985 | err:0.5072 | hippo_02 horse_02
2026-06-30 10:43:45,736 INFO: avg err:0.3004 | err:0.5153 | hippo_02 horse_03
2026-06-30 10:43:45,983 INFO: avg err:0.3023 | err:0.5186 | hippo_02 horse_04
2026-06-30 10:43:46,339 INFO: avg err:0.3043 | err:0.5273 | hippo_02 horse_05
2026-06-30 10:43:46,550 INFO: avg err:0.3060 | err:0.5039 | hippo_02 horse_06
2026-06-30 10:43:46,927 INFO: avg err:0.3077 | err:0.5070 | hippo_02 horse_07
2026-06-30 10:43:47,164 INFO: avg err:0.3095 | err:0.5225 | hippo_02 horse_08
2026-06-30 10:43:47,503 INFO: avg err:0.3111 | err:0.4903 | hippo_02 horse_09
2026-06-30 10:43:47,712 INFO: avg err:0.3125 | err:0.4832 | hippo_02 horse_10
2026-06-30 10:43:48,085 INFO: avg err:0.3136 | err:0.4437 | hippo_03 cougar_01
2026-06-30 10:43:48,293 INFO: avg err:0.3145 | err:0.4248 | hippo_03 cougar_02
2026-06-30 10:43:48,717 INFO: avg err:0.3153 | err:0.4171 | hippo_03 cougar_03
2026-06-30 10:43:48,941 INFO: avg err:0.3163 | err:0.4312 | hippo_03 cougar_04
2026-06-30 10:43:49,272 INFO: avg err:0.3155 | err:0.2161 | hippo_03 hippo_01
2026-06-30 10:43:49,463 INFO: avg err:0.3144 | err:0.1827 | hippo_03 hippo_02
2026-06-30 10:43:49,760 INFO: avg err:0.3119 | err:0.0000 | hippo_03 hippo_03
2026-06-30 10:43:50,007 INFO: avg err:0.3108 | err:0.1729 | hippo_03 hippo_04
2026-06-30 10:43:50,407 INFO: avg err:0.3093 | err:0.1104 | hippo_03 hippo_05
2026-06-30 10:43:50,624 INFO: avg err:0.3081 | err:0.1541 | hippo_03 hippo_06
2026-06-30 10:43:51,056 INFO: avg err:0.3091 | err:0.4384 | hippo_03 horse_01
2026-06-30 10:43:51,289 INFO: avg err:0.3099 | err:0.4113 | hippo_03 horse_02
2026-06-30 10:43:51,577 INFO: avg err:0.3110 | err:0.4612 | hippo_03 horse_03
2026-06-30 10:43:51,791 INFO: avg err:0.3117 | err:0.4071 | hippo_03 horse_04
2026-06-30 10:43:52,110 INFO: avg err:0.3124 | err:0.3985 | hippo_03 horse_05
2026-06-30 10:43:52,328 INFO: avg err:0.3132 | err:0.4279 | hippo_03 horse_06
2026-06-30 10:43:52,646 INFO: avg err:0.3140 | err:0.4185 | hippo_03 horse_07
2026-06-30 10:43:52,842 INFO: avg err:0.3147 | err:0.4090 | hippo_03 horse_08
2026-06-30 10:43:53,155 INFO: avg err:0.3157 | err:0.4598 | hippo_03 horse_09
2026-06-30 10:43:53,365 INFO: avg err:0.3162 | err:0.3861 | hippo_03 horse_10
2026-06-30 10:43:53,776 INFO: avg err:0.3181 | err:0.5839 | hippo_04 cougar_01
2026-06-30 10:43:53,969 INFO: avg err:0.3199 | err:0.5678 | hippo_04 cougar_02
2026-06-30 10:43:54,367 INFO: avg err:0.3216 | err:0.5707 | hippo_04 cougar_03
2026-06-30 10:43:54,589 INFO: avg err:0.3234 | err:0.5720 | hippo_04 cougar_04
2026-06-30 10:43:54,916 INFO: avg err:0.3212 | err:0.0131 | hippo_04 hippo_01
2026-06-30 10:43:55,138 INFO: avg err:0.3195 | err:0.0666 | hippo_04 hippo_02
2026-06-30 10:43:55,442 INFO: avg err:0.3192 | err:0.2719 | hippo_04 hippo_03
2026-06-30 10:43:55,637 INFO: avg err:0.3170 | err:0.0000 | hippo_04 hippo_04
2026-06-30 10:43:56,044 INFO: avg err:0.3158 | err:0.1321 | hippo_04 hippo_05
2026-06-30 10:43:56,248 INFO: avg err:0.3144 | err:0.1174 | hippo_04 hippo_06
2026-06-30 10:43:56,659 INFO: avg err:0.3161 | err:0.5670 | hippo_04 horse_01
2026-06-30 10:43:56,887 INFO: avg err:0.3178 | err:0.5688 | hippo_04 horse_02
2026-06-30 10:43:57,198 INFO: avg err:0.3194 | err:0.5629 | hippo_04 horse_03
2026-06-30 10:43:57,431 INFO: avg err:0.3210 | err:0.5637 | hippo_04 horse_04
2026-06-30 10:43:57,665 INFO: avg err:0.3225 | err:0.5648 | hippo_04 horse_05
2026-06-30 10:43:57,919 INFO: avg err:0.3241 | err:0.5670 | hippo_04 horse_06
2026-06-30 10:43:58,319 INFO: avg err:0.3256 | err:0.5670 | hippo_04 horse_07
2026-06-30 10:43:58,562 INFO: avg err:0.3272 | err:0.5676 | hippo_04 horse_08
2026-06-30 10:43:58,906 INFO: avg err:0.3284 | err:0.5184 | hippo_04 horse_09
2026-06-30 10:43:59,142 INFO: avg err:0.3297 | err:0.5346 | hippo_04 horse_10
2026-06-30 10:43:59,422 INFO: avg err:0.3302 | err:0.4117 | hippo_05 cougar_01
2026-06-30 10:43:59,679 INFO: avg err:0.3306 | err:0.3916 | hippo_05 cougar_02
2026-06-30 10:43:59,948 INFO: avg err:0.3311 | err:0.4203 | hippo_05 cougar_03
2026-06-30 10:44:00,163 INFO: avg err:0.3316 | err:0.4155 | hippo_05 cougar_04
2026-06-30 10:44:00,483 INFO: avg err:0.3305 | err:0.1407 | hippo_05 hippo_01
2026-06-30 10:44:00,709 INFO: avg err:0.3292 | err:0.1176 | hippo_05 hippo_02
2026-06-30 10:44:01,122 INFO: avg err:0.3281 | err:0.1536 | hippo_05 hippo_03
2026-06-30 10:44:01,358 INFO: avg err:0.3268 | err:0.1075 | hippo_05 hippo_04
2026-06-30 10:44:01,740 INFO: avg err:0.3249 | err:0.0000 | hippo_05 hippo_05
2026-06-30 10:44:01,977 INFO: avg err:0.3234 | err:0.0736 | hippo_05 hippo_06
2026-06-30 10:44:02,341 INFO: avg err:0.3238 | err:0.3960 | hippo_05 horse_01
2026-06-30 10:44:02,559 INFO: avg err:0.3242 | err:0.3935 | hippo_05 horse_02
2026-06-30 10:44:02,910 INFO: avg err:0.3247 | err:0.4015 | hippo_05 horse_03
2026-06-30 10:44:03,111 INFO: avg err:0.3250 | err:0.3860 | hippo_05 horse_04
2026-06-30 10:44:03,531 INFO: avg err:0.3254 | err:0.3947 | hippo_05 horse_05
2026-06-30 10:44:03,768 INFO: avg err:0.3258 | err:0.3854 | hippo_05 horse_06
2026-06-30 10:44:04,063 INFO: avg err:0.3261 | err:0.3846 | hippo_05 horse_07
2026-06-30 10:44:04,304 INFO: avg err:0.3265 | err:0.3954 | hippo_05 horse_08
2026-06-30 10:44:04,634 INFO: avg err:0.3268 | err:0.3867 | hippo_05 horse_09
2026-06-30 10:44:04,870 INFO: avg err:0.3269 | err:0.3463 | hippo_05 horse_10
2026-06-30 10:44:05,219 INFO: avg err:0.3279 | err:0.4965 | hippo_06 cougar_01
2026-06-30 10:44:05,469 INFO: avg err:0.3288 | err:0.4912 | hippo_06 cougar_02
2026-06-30 10:44:05,726 INFO: avg err:0.3297 | err:0.4990 | hippo_06 cougar_03
2026-06-30 10:44:05,951 INFO: avg err:0.3306 | err:0.4854 | hippo_06 cougar_04
2026-06-30 10:44:06,302 INFO: avg err:0.3291 | err:0.0640 | hippo_06 hippo_01
2026-06-30 10:44:06,545 INFO: avg err:0.3279 | err:0.0999 | hippo_06 hippo_02
2026-06-30 10:44:06,858 INFO: avg err:0.3269 | err:0.1519 | hippo_06 hippo_03
2026-06-30 10:44:07,086 INFO: avg err:0.3256 | err:0.0786 | hippo_06 hippo_04
2026-06-30 10:44:07,360 INFO: avg err:0.3245 | err:0.1076 | hippo_06 hippo_05
2026-06-30 10:44:07,600 INFO: avg err:0.3228 | err:0.0000 | hippo_06 hippo_06
2026-06-30 10:44:07,918 INFO: avg err:0.3236 | err:0.4931 | hippo_06 horse_01
2026-06-30 10:44:08,118 INFO: avg err:0.3245 | err:0.4824 | hippo_06 horse_02
2026-06-30 10:44:08,459 INFO: avg err:0.3254 | err:0.4995 | hippo_06 horse_03
2026-06-30 10:44:08,701 INFO: avg err:0.3262 | err:0.4844 | hippo_06 horse_04
2026-06-30 10:44:08,999 INFO: avg err:0.3271 | err:0.4933 | hippo_06 horse_05
2026-06-30 10:44:09,249 INFO: avg err:0.3279 | err:0.4885 | hippo_06 horse_06
2026-06-30 10:44:09,574 INFO: avg err:0.3287 | err:0.4915 | hippo_06 horse_07
2026-06-30 10:44:09,817 INFO: avg err:0.3294 | err:0.4709 | hippo_06 horse_08
2026-06-30 10:44:10,149 INFO: avg err:0.3302 | err:0.4928 | hippo_06 horse_09
2026-06-30 10:44:10,399 INFO: avg err:0.3310 | err:0.4770 | hippo_06 horse_10
2026-06-30 10:44:10,640 INFO: avg err:0.3295 | err:0.0316 | horse_01 cougar_01
2026-06-30 10:44:10,932 INFO: avg err:0.3281 | err:0.0485 | horse_01 cougar_02
2026-06-30 10:44:11,275 INFO: avg err:0.3267 | err:0.0373 | horse_01 cougar_03
2026-06-30 10:44:11,507 INFO: avg err:0.3252 | err:0.0306 | horse_01 cougar_04
2026-06-30 10:44:11,953 INFO: avg err:0.3275 | err:0.7925 | horse_01 hippo_01
2026-06-30 10:44:12,158 INFO: avg err:0.3295 | err:0.7436 | horse_01 hippo_02
2026-06-30 10:44:12,595 INFO: avg err:0.3315 | err:0.7426 | horse_01 hippo_03
2026-06-30 10:44:12,775 INFO: avg err:0.3336 | err:0.7553 | horse_01 hippo_04
2026-06-30 10:44:13,211 INFO: avg err:0.3348 | err:0.5951 | horse_01 hippo_05
2026-06-30 10:44:13,422 INFO: avg err:0.3364 | err:0.6746 | horse_01 hippo_06
2026-06-30 10:44:13,836 INFO: avg err:0.3348 | err:0.0000 | horse_01 horse_01
2026-06-30 10:44:14,037 INFO: avg err:0.3333 | err:0.0158 | horse_01 horse_02
2026-06-30 10:44:14,399 INFO: avg err:0.3318 | err:0.0123 | horse_01 horse_03
2026-06-30 10:44:14,584 INFO: avg err:0.3304 | err:0.0210 | horse_01 horse_04
2026-06-30 10:44:15,048 INFO: avg err:0.3289 | err:0.0226 | horse_01 horse_05
2026-06-30 10:44:15,251 INFO: avg err:0.3275 | err:0.0245 | horse_01 horse_06
2026-06-30 10:44:15,576 INFO: avg err:0.3261 | err:0.0187 | horse_01 horse_07
2026-06-30 10:44:15,789 INFO: avg err:0.3247 | err:0.0166 | horse_01 horse_08
2026-06-30 10:44:16,114 INFO: avg err:0.3235 | err:0.0721 | horse_01 horse_09
2026-06-30 10:44:16,358 INFO: avg err:0.3224 | err:0.0677 | horse_01 horse_10
2026-06-30 10:44:16,650 INFO: avg err:0.3210 | err:0.0286 | horse_02 cougar_01
2026-06-30 10:44:16,856 INFO: avg err:0.3200 | err:0.0860 | horse_02 cougar_02
2026-06-30 10:44:17,193 INFO: avg err:0.3187 | err:0.0330 | horse_02 cougar_03
2026-06-30 10:44:17,385 INFO: avg err:0.3174 | err:0.0336 | horse_02 cougar_04
2026-06-30 10:44:17,777 INFO: avg err:0.3197 | err:0.8400 | horse_02 hippo_01
2026-06-30 10:44:17,981 INFO: avg err:0.3215 | err:0.7160 | horse_02 hippo_02
2026-06-30 10:44:18,381 INFO: avg err:0.3232 | err:0.7127 | horse_02 hippo_03
2026-06-30 10:44:18,591 INFO: avg err:0.3253 | err:0.7897 | horse_02 hippo_04
2026-06-30 10:44:18,911 INFO: avg err:0.3266 | err:0.6349 | horse_02 hippo_05
2026-06-30 10:44:19,131 INFO: avg err:0.3283 | err:0.7044 | horse_02 hippo_06
2026-06-30 10:44:19,468 INFO: avg err:0.3269 | err:0.0167 | horse_02 horse_01
2026-06-30 10:44:19,706 INFO: avg err:0.3255 | err:0.0000 | horse_02 horse_02
2026-06-30 10:44:20,053 INFO: avg err:0.3241 | err:0.0111 | horse_02 horse_03
2026-06-30 10:44:20,279 INFO: avg err:0.3228 | err:0.0132 | horse_02 horse_04
2026-06-30 10:44:20,667 INFO: avg err:0.3215 | err:0.0208 | horse_02 horse_05
2026-06-30 10:44:20,931 INFO: avg err:0.3203 | err:0.0199 | horse_02 horse_06
2026-06-30 10:44:21,167 INFO: avg err:0.3190 | err:0.0247 | horse_02 horse_07
2026-06-30 10:44:21,383 INFO: avg err:0.3177 | err:0.0122 | horse_02 horse_08
2026-06-30 10:44:21,760 INFO: avg err:0.3166 | err:0.0524 | horse_02 horse_09
2026-06-30 10:44:22,005 INFO: avg err:0.3157 | err:0.0930 | horse_02 horse_10
2026-06-30 10:44:22,464 INFO: avg err:0.3145 | err:0.0293 | horse_03 cougar_01
2026-06-30 10:44:22,657 INFO: avg err:0.3134 | err:0.0476 | horse_03 cougar_02
2026-06-30 10:44:23,040 INFO: avg err:0.3122 | err:0.0349 | horse_03 cougar_03
2026-06-30 10:44:23,274 INFO: avg err:0.3111 | err:0.0318 | horse_03 cougar_04
2026-06-30 10:44:23,617 INFO: avg err:0.3131 | err:0.7922 | horse_03 hippo_01
2026-06-30 10:44:23,840 INFO: avg err:0.3149 | err:0.7610 | horse_03 hippo_02
2026-06-30 10:44:24,149 INFO: avg err:0.3165 | err:0.7250 | horse_03 hippo_03
2026-06-30 10:44:24,351 INFO: avg err:0.3184 | err:0.7725 | horse_03 hippo_04
2026-06-30 10:44:24,863 INFO: avg err:0.3197 | err:0.6366 | horse_03 hippo_05
2026-06-30 10:44:25,052 INFO: avg err:0.3211 | err:0.6807 | horse_03 hippo_06
2026-06-30 10:44:25,474 INFO: avg err:0.3199 | err:0.0128 | horse_03 horse_01
2026-06-30 10:44:25,702 INFO: avg err:0.3186 | err:0.0105 | horse_03 horse_02
2026-06-30 10:44:26,080 INFO: avg err:0.3174 | err:0.0000 | horse_03 horse_03
2026-06-30 10:44:26,291 INFO: avg err:0.3162 | err:0.0165 | horse_03 horse_04
2026-06-30 10:44:26,711 INFO: avg err:0.3150 | err:0.0199 | horse_03 horse_05
2026-06-30 10:44:26,925 INFO: avg err:0.3139 | err:0.0186 | horse_03 horse_06
2026-06-30 10:44:27,256 INFO: avg err:0.3127 | err:0.0226 | horse_03 horse_07
2026-06-30 10:44:27,455 INFO: avg err:0.3116 | err:0.0136 | horse_03 horse_08
2026-06-30 10:44:27,835 INFO: avg err:0.3105 | err:0.0434 | horse_03 horse_09
2026-06-30 10:44:28,052 INFO: avg err:0.3096 | err:0.0731 | horse_03 horse_10
2026-06-30 10:44:28,420 INFO: avg err:0.3086 | err:0.0316 | horse_04 cougar_01
2026-06-30 10:44:28,637 INFO: avg err:0.3076 | err:0.0558 | horse_04 cougar_02
2026-06-30 10:44:28,913 INFO: avg err:0.3066 | err:0.0349 | horse_04 cougar_03
2026-06-30 10:44:29,150 INFO: avg err:0.3055 | err:0.0354 | horse_04 cougar_04
2026-06-30 10:44:29,562 INFO: avg err:0.3075 | err:0.8151 | horse_04 hippo_01
2026-06-30 10:44:29,780 INFO: avg err:0.3091 | err:0.7383 | horse_04 hippo_02
2026-06-30 10:44:30,059 INFO: avg err:0.3108 | err:0.7583 | horse_04 hippo_03
2026-06-30 10:44:30,291 INFO: avg err:0.3124 | err:0.7607 | horse_04 hippo_04
2026-06-30 10:44:30,635 INFO: avg err:0.3137 | err:0.6498 | horse_04 hippo_05
2026-06-30 10:44:30,849 INFO: avg err:0.3151 | err:0.6967 | horse_04 hippo_06
2026-06-30 10:44:31,139 INFO: avg err:0.3140 | err:0.0200 | horse_04 horse_01
2026-06-30 10:44:31,372 INFO: avg err:0.3129 | err:0.0137 | horse_04 horse_02
2026-06-30 10:44:31,683 INFO: avg err:0.3118 | err:0.0163 | horse_04 horse_03
2026-06-30 10:44:31,916 INFO: avg err:0.3107 | err:0.0000 | horse_04 horse_04
2026-06-30 10:44:32,235 INFO: avg err:0.3097 | err:0.0226 | horse_04 horse_05
2026-06-30 10:44:32,505 INFO: avg err:0.3086 | err:0.0264 | horse_04 horse_06
2026-06-30 10:44:32,798 INFO: avg err:0.3076 | err:0.0263 | horse_04 horse_07
2026-06-30 10:44:33,010 INFO: avg err:0.3066 | err:0.0177 | horse_04 horse_08
2026-06-30 10:44:33,302 INFO: avg err:0.3057 | err:0.0615 | horse_04 horse_09
2026-06-30 10:44:33,521 INFO: avg err:0.3049 | err:0.0727 | horse_04 horse_10
2026-06-30 10:44:33,837 INFO: avg err:0.3039 | err:0.0344 | horse_05 cougar_01
2026-06-30 10:44:34,043 INFO: avg err:0.3030 | err:0.0617 | horse_05 cougar_02
2026-06-30 10:44:34,407 INFO: avg err:0.3021 | err:0.0357 | horse_05 cougar_03
2026-06-30 10:44:34,674 INFO: avg err:0.3011 | err:0.0339 | horse_05 cougar_04
2026-06-30 10:44:34,961 INFO: avg err:0.3031 | err:0.8532 | horse_05 hippo_01
2026-06-30 10:44:35,196 INFO: avg err:0.3049 | err:0.8229 | horse_05 hippo_02
2026-06-30 10:44:35,628 INFO: avg err:0.3063 | err:0.7151 | horse_05 hippo_03
2026-06-30 10:44:35,861 INFO: avg err:0.3079 | err:0.7594 | horse_05 hippo_04
2026-06-30 10:44:36,136 INFO: avg err:0.3092 | err:0.6904 | horse_05 hippo_05
2026-06-30 10:44:36,365 INFO: avg err:0.3107 | err:0.7296 | horse_05 hippo_06
2026-06-30 10:44:36,699 INFO: avg err:0.3097 | err:0.0214 | horse_05 horse_01
2026-06-30 10:44:36,933 INFO: avg err:0.3087 | err:0.0188 | horse_05 horse_02
2026-06-30 10:44:37,179 INFO: avg err:0.3077 | err:0.0185 | horse_05 horse_03
2026-06-30 10:44:37,454 INFO: avg err:0.3067 | err:0.0201 | horse_05 horse_04
2026-06-30 10:44:37,697 INFO: avg err:0.3057 | err:0.0000 | horse_05 horse_05
2026-06-30 10:44:37,918 INFO: avg err:0.3047 | err:0.0255 | horse_05 horse_06
2026-06-30 10:44:38,277 INFO: avg err:0.3038 | err:0.0246 | horse_05 horse_07
2026-06-30 10:44:38,557 INFO: avg err:0.3028 | err:0.0198 | horse_05 horse_08
2026-06-30 10:44:38,772 INFO: avg err:0.3021 | err:0.0739 | horse_05 horse_09
2026-06-30 10:44:39,119 INFO: avg err:0.3013 | err:0.0638 | horse_05 horse_10
2026-06-30 10:44:39,396 INFO: avg err:0.3004 | err:0.0346 | horse_06 cougar_01
2026-06-30 10:44:39,738 INFO: avg err:0.2996 | err:0.0560 | horse_06 cougar_02
2026-06-30 10:44:40,026 INFO: avg err:0.2987 | err:0.0390 | horse_06 cougar_03
2026-06-30 10:44:40,360 INFO: avg err:0.2978 | err:0.0337 | horse_06 cougar_04
2026-06-30 10:44:40,647 INFO: avg err:0.2995 | err:0.8164 | horse_06 hippo_01
2026-06-30 10:44:40,978 INFO: avg err:0.3012 | err:0.8038 | horse_06 hippo_02
2026-06-30 10:44:41,253 INFO: avg err:0.3028 | err:0.7847 | horse_06 hippo_03
2026-06-30 10:44:41,535 INFO: avg err:0.3044 | err:0.7938 | horse_06 hippo_04
2026-06-30 10:44:41,778 INFO: avg err:0.3055 | err:0.6579 | horse_06 hippo_05
2026-06-30 10:44:42,125 INFO: avg err:0.3070 | err:0.7667 | horse_06 hippo_06
2026-06-30 10:44:42,409 INFO: avg err:0.3061 | err:0.0176 | horse_06 horse_01
2026-06-30 10:44:42,724 INFO: avg err:0.3051 | err:0.0172 | horse_06 horse_02
2026-06-30 10:44:42,918 INFO: avg err:0.3042 | err:0.0171 | horse_06 horse_03
2026-06-30 10:44:43,419 INFO: avg err:0.3033 | err:0.0258 | horse_06 horse_04
2026-06-30 10:44:43,637 INFO: avg err:0.3025 | err:0.0285 | horse_06 horse_05
2026-06-30 10:44:43,957 INFO: avg err:0.3015 | err:0.0000 | horse_06 horse_06
2026-06-30 10:44:44,190 INFO: avg err:0.3006 | err:0.0166 | horse_06 horse_07
2026-06-30 10:44:44,528 INFO: avg err:0.2997 | err:0.0187 | horse_06 horse_08
2026-06-30 10:44:44,763 INFO: avg err:0.2990 | err:0.0870 | horse_06 horse_09
2026-06-30 10:44:45,077 INFO: avg err:0.2984 | err:0.0876 | horse_06 horse_10
2026-06-30 10:44:45,278 INFO: avg err:0.2976 | err:0.0332 | horse_07 cougar_01
2026-06-30 10:44:45,602 INFO: avg err:0.2968 | err:0.0674 | horse_07 cougar_02
2026-06-30 10:44:45,870 INFO: avg err:0.2960 | err:0.0374 | horse_07 cougar_03
2026-06-30 10:44:46,235 INFO: avg err:0.2952 | err:0.0306 | horse_07 cougar_04
2026-06-30 10:44:46,532 INFO: avg err:0.2970 | err:0.8706 | horse_07 hippo_01
2026-06-30 10:44:46,863 INFO: avg err:0.2984 | err:0.7473 | horse_07 hippo_02
2026-06-30 10:44:47,068 INFO: avg err:0.2998 | err:0.7505 | horse_07 hippo_03
2026-06-30 10:44:47,377 INFO: avg err:0.3014 | err:0.8540 | horse_07 hippo_04
2026-06-30 10:44:47,657 INFO: avg err:0.3027 | err:0.7027 | horse_07 hippo_05
2026-06-30 10:44:48,024 INFO: avg err:0.3040 | err:0.7297 | horse_07 hippo_06
2026-06-30 10:44:48,316 INFO: avg err:0.3031 | err:0.0178 | horse_07 horse_01
2026-06-30 10:44:48,625 INFO: avg err:0.3022 | err:0.0206 | horse_07 horse_02
2026-06-30 10:44:48,831 INFO: avg err:0.3014 | err:0.0210 | horse_07 horse_03
2026-06-30 10:44:49,205 INFO: avg err:0.3006 | err:0.0252 | horse_07 horse_04
2026-06-30 10:44:49,441 INFO: avg err:0.2998 | err:0.0266 | horse_07 horse_05
2026-06-30 10:44:49,769 INFO: avg err:0.2989 | err:0.0139 | horse_07 horse_06
2026-06-30 10:44:49,983 INFO: avg err:0.2980 | err:0.0000 | horse_07 horse_07
2026-06-30 10:44:50,278 INFO: avg err:0.2972 | err:0.0217 | horse_07 horse_08
2026-06-30 10:44:50,522 INFO: avg err:0.2965 | err:0.0704 | horse_07 horse_09
2026-06-30 10:44:50,832 INFO: avg err:0.2959 | err:0.0847 | horse_07 horse_10
2026-06-30 10:44:51,032 INFO: avg err:0.2951 | err:0.0278 | horse_08 cougar_01
2026-06-30 10:44:51,370 INFO: avg err:0.2944 | err:0.0533 | horse_08 cougar_02
2026-06-30 10:44:51,585 INFO: avg err:0.2937 | err:0.0329 | horse_08 cougar_03
2026-06-30 10:44:51,950 INFO: avg err:0.2929 | err:0.0306 | horse_08 cougar_04
2026-06-30 10:44:52,223 INFO: avg err:0.2944 | err:0.8005 | horse_08 hippo_01
2026-06-30 10:44:52,464 INFO: avg err:0.2958 | err:0.7776 | horse_08 hippo_02
2026-06-30 10:44:52,676 INFO: avg err:0.2970 | err:0.7290 | horse_08 hippo_03
2026-06-30 10:44:52,985 INFO: avg err:0.2984 | err:0.7792 | horse_08 hippo_04
2026-06-30 10:44:53,265 INFO: avg err:0.2995 | err:0.6749 | horse_08 hippo_05
2026-06-30 10:44:53,593 INFO: avg err:0.3006 | err:0.7005 | horse_08 hippo_06
2026-06-30 10:44:53,823 INFO: avg err:0.2998 | err:0.0163 | horse_08 horse_01
2026-06-30 10:44:54,119 INFO: avg err:0.2990 | err:0.0128 | horse_08 horse_02
2026-06-30 10:44:54,454 INFO: avg err:0.2982 | err:0.0133 | horse_08 horse_03
2026-06-30 10:44:54,674 INFO: avg err:0.2974 | err:0.0187 | horse_08 horse_04
2026-06-30 10:44:55,024 INFO: avg err:0.2966 | err:0.0221 | horse_08 horse_05
2026-06-30 10:44:55,254 INFO: avg err:0.2958 | err:0.0225 | horse_08 horse_06
2026-06-30 10:44:55,577 INFO: avg err:0.2951 | err:0.0225 | horse_08 horse_07
2026-06-30 10:44:55,851 INFO: avg err:0.2943 | err:0.0000 | horse_08 horse_08
2026-06-30 10:44:56,153 INFO: avg err:0.2936 | err:0.0428 | horse_08 horse_09
2026-06-30 10:44:56,414 INFO: avg err:0.2929 | err:0.0647 | horse_08 horse_10
2026-06-30 10:44:56,673 INFO: avg err:0.2924 | err:0.0916 | horse_09 cougar_01
2026-06-30 10:44:56,949 INFO: avg err:0.2920 | err:0.1468 | horse_09 cougar_02
2026-06-30 10:44:57,265 INFO: avg err:0.2914 | err:0.0937 | horse_09 cougar_03
2026-06-30 10:44:57,548 INFO: avg err:0.2909 | err:0.0987 | horse_09 cougar_04
2026-06-30 10:44:57,815 INFO: avg err:0.2920 | err:0.6947 | horse_09 hippo_01
2026-06-30 10:44:58,047 INFO: avg err:0.2930 | err:0.6681 | horse_09 hippo_02
2026-06-30 10:44:58,408 INFO: avg err:0.2941 | err:0.6752 | horse_09 hippo_03
2026-06-30 10:44:58,682 INFO: avg err:0.2950 | err:0.6276 | horse_09 hippo_04
2026-06-30 10:44:59,033 INFO: avg err:0.2959 | err:0.6373 | horse_09 hippo_05
2026-06-30 10:44:59,338 INFO: avg err:0.2971 | err:0.7275 | horse_09 hippo_06
2026-06-30 10:44:59,561 INFO: avg err:0.2965 | err:0.0766 | horse_09 horse_01
2026-06-30 10:44:59,788 INFO: avg err:0.2959 | err:0.0672 | horse_09 horse_02
2026-06-30 10:45:00,077 INFO: avg err:0.2952 | err:0.0689 | horse_09 horse_03
2026-06-30 10:45:00,396 INFO: avg err:0.2946 | err:0.0563 | horse_09 horse_04
2026-06-30 10:45:00,685 INFO: avg err:0.2940 | err:0.0808 | horse_09 horse_05
2026-06-30 10:45:00,907 INFO: avg err:0.2934 | err:0.0736 | horse_09 horse_06
2026-06-30 10:45:01,252 INFO: avg err:0.2929 | err:0.0865 | horse_09 horse_07
2026-06-30 10:45:01,502 INFO: avg err:0.2923 | err:0.0626 | horse_09 horse_08
2026-06-30 10:45:01,864 INFO: avg err:0.2915 | err:0.0000 | horse_09 horse_09
2026-06-30 10:45:02,113 INFO: avg err:0.2908 | err:0.0194 | horse_09 horse_10
2026-06-30 10:45:02,376 INFO: avg err:0.2904 | err:0.1252 | horse_10 cougar_01
2026-06-30 10:45:02,613 INFO: avg err:0.2901 | err:0.1840 | horse_10 cougar_02
2026-06-30 10:45:02,971 INFO: avg err:0.2897 | err:0.1285 | horse_10 cougar_03
2026-06-30 10:45:03,228 INFO: avg err:0.2892 | err:0.1291 | horse_10 cougar_04
2026-06-30 10:45:03,607 INFO: avg err:0.2906 | err:0.8272 | horse_10 hippo_01
2026-06-30 10:45:03,834 INFO: avg err:0.2918 | err:0.7424 | horse_10 hippo_02
2026-06-30 10:45:04,165 INFO: avg err:0.2929 | err:0.7165 | horse_10 hippo_03
2026-06-30 10:45:04,399 INFO: avg err:0.2940 | err:0.7063 | horse_10 hippo_04
2026-06-30 10:45:04,771 INFO: avg err:0.2947 | err:0.5751 | horse_10 hippo_05
2026-06-30 10:45:05,048 INFO: avg err:0.2959 | err:0.7793 | horse_10 hippo_06
2026-06-30 10:45:05,368 INFO: avg err:0.2954 | err:0.0924 | horse_10 horse_01
2026-06-30 10:45:05,618 INFO: avg err:0.2949 | err:0.0961 | horse_10 horse_02
2026-06-30 10:45:06,047 INFO: avg err:0.2944 | err:0.0957 | horse_10 horse_03
2026-06-30 10:45:06,275 INFO: avg err:0.2939 | err:0.0818 | horse_10 horse_04
2026-06-30 10:45:06,612 INFO: avg err:0.2934 | err:0.1001 | horse_10 horse_05
2026-06-30 10:45:06,831 INFO: avg err:0.2929 | err:0.1028 | horse_10 horse_06
2026-06-30 10:45:07,197 INFO: avg err:0.2924 | err:0.1021 | horse_10 horse_07
2026-06-30 10:45:07,449 INFO: avg err:0.2919 | err:0.0997 | horse_10 horse_08
2026-06-30 10:45:07,726 INFO: avg err:0.2912 | err:0.0178 | horse_10 horse_09
2026-06-30 10:45:07,928 INFO: avg err:0.2905 | err:0.0000 | horse_10 horse_10
2026-06-30 10:45:07,950 INFO: Avg time: 0.0713
2026-06-30 10:45:08,428 INFO: Val auc: 0.5225
2026-06-30 10:45:08,435 INFO: Val avg error: 0.2905
2026-06-30 10:45:08,472 INFO: [ONB diag] max|Q-I|: mean=3.4168e-07 max=4.7684e-07 | max|Φ̃ᵀMΦ̃-I|: mean=3.4168e-07 max=4.7684e-07
2026-06-30 10:45:12,481 INFO: [smal_..][epoch: 15, iter:  12,020, lr:(2.855e-04,)][eta: 0:20:19, time (data): 0.204 (0.016)]l_bij: 8.5055e+01 l_orth: 9.4370e+01 l_align: 7.4628e+01 l_total: 2.5405e+02 
2026-06-30 10:45:16,553 INFO: [smal_..][epoch: 15, iter:  12,040, lr:(2.855e-04,)][eta: 0:20:13, time (data): 0.204 (0.016)]l_bij: 8.0322e+01 l_orth: 8.8998e+01 l_align: 7.7900e+01 l_total: 2.4722e+02 
2026-06-30 10:45:20,672 INFO: [smal_..][epoch: 15, iter:  12,060, lr:(2.855e-04,)][eta: 0:20:08, time (data): 0.204 (0.016)]l_bij: 8.5483e+01 l_orth: 9.2592e+01 l_align: 7.6400e+01 l_total: 2.5448e+02 
2026-06-30 10:45:24,629 INFO: [smal_..][epoch: 15, iter:  12,080, lr:(2.855e-04,)][eta: 0:20:03, time (data): 0.198 (0.016)]l_bij: 7.6309e+01 l_orth: 8.5742e+01 l_align: 7.1935e+01 l_total: 2.3399e+02 
2026-06-30 10:45:28,609 INFO: [smal_..][epoch: 15, iter:  12,100, lr:(2.855e-04,)][eta: 0:19:57, time (data): 0.198 (0.016)]l_bij: 1.1088e+02 l_orth: 1.1525e+02 l_align: 8.8191e+01 l_total: 3.1432e+02 
2026-06-30 10:45:32,659 INFO: [smal_..][epoch: 15, iter:  12,120, lr:(2.855e-04,)][eta: 0:19:52, time (data): 0.200 (0.016)]l_bij: 6.6342e+01 l_orth: 8.4533e+01 l_align: 8.0240e+01 l_total: 2.3112e+02 
2026-06-30 10:45:36,737 INFO: [smal_..][epoch: 15, iter:  12,140, lr:(2.855e-04,)][eta: 0:19:46, time (data): 0.201 (0.016)]l_bij: 3.7162e+01 l_orth: 6.4544e+01 l_align: 7.6311e+01 l_total: 1.7802e+02 
2026-06-30 10:45:40,866 INFO: [smal_..][epoch: 15, iter:  12,160, lr:(2.855e-04,)][eta: 0:19:41, time (data): 0.202 (0.016)]l_bij: 6.5000e+01 l_orth: 8.0331e+01 l_align: 6.9252e+01 l_total: 2.1458e+02 
2026-06-30 10:45:44,859 INFO: [smal_..][epoch: 15, iter:  12,180, lr:(2.855e-04,)][eta: 0:19:35, time (data): 0.201 (0.016)]l_bij: 7.0840e+01 l_orth: 8.6349e+01 l_align: 7.6920e+01 l_total: 2.3411e+02 
2026-06-30 10:45:48,784 INFO: [smal_..][epoch: 15, iter:  12,200, lr:(2.855e-04,)][eta: 0:19:30, time (data): 0.201 (0.016)]l_bij: 9.5138e+01 l_orth: 1.0472e+02 l_align: 8.2469e+01 l_total: 2.8232e+02 
2026-06-30 10:45:52,752 INFO: [smal_..][epoch: 15, iter:  12,220, lr:(2.855e-04,)][eta: 0:19:24, time (data): 0.200 (0.016)]l_bij: 9.8349e+01 l_orth: 1.0441e+02 l_align: 8.2620e+01 l_total: 2.8538e+02 
2026-06-30 10:45:56,662 INFO: [smal_..][epoch: 15, iter:  12,240, lr:(2.855e-04,)][eta: 0:19:19, time (data): 0.200 (0.016)]l_bij: 5.4537e+01 l_orth: 8.4217e+01 l_align: 7.8172e+01 l_total: 2.1693e+02 
2026-06-30 10:46:00,691 INFO: [smal_..][epoch: 15, iter:  12,260, lr:(2.855e-04,)][eta: 0:19:13, time (data): 0.200 (0.016)]l_bij: 5.2723e+01 l_orth: 7.1004e+01 l_align: 7.1308e+01 l_total: 1.9503e+02 
2026-06-30 10:46:04,775 INFO: [smal_..][epoch: 15, iter:  12,280, lr:(2.855e-04,)][eta: 0:19:08, time (data): 0.203 (0.016)]l_bij: 8.4175e+01 l_orth: 9.2958e+01 l_align: 7.5541e+01 l_total: 2.5267e+02 
2026-06-30 10:46:08,857 INFO: [smal_..][epoch: 15, iter:  12,300, lr:(2.855e-04,)][eta: 0:19:02, time (data): 0.204 (0.016)]l_bij: 7.9364e+01 l_orth: 8.9905e+01 l_align: 7.6491e+01 l_total: 2.4576e+02 
2026-06-30 10:46:13,061 INFO: [smal_..][epoch: 15, iter:  12,320, lr:(2.855e-04,)][eta: 0:18:57, time (data): 0.206 (0.016)]l_bij: 5.3052e+01 l_orth: 7.0218e+01 l_align: 6.5110e+01 l_total: 1.8838e+02 
2026-06-30 10:46:17,101 INFO: [smal_..][epoch: 15, iter:  12,340, lr:(2.855e-04,)][eta: 0:18:52, time (data): 0.205 (0.016)]l_bij: 9.3338e+01 l_orth: 9.9278e+01 l_align: 8.1657e+01 l_total: 2.7427e+02 
2026-06-30 10:46:21,262 INFO: [smal_..][epoch: 15, iter:  12,360, lr:(2.855e-04,)][eta: 0:18:46, time (data): 0.205 (0.016)]l_bij: 3.9722e+01 l_orth: 6.5556e+01 l_align: 7.9418e+01 l_total: 1.8470e+02 
2026-06-30 10:46:25,322 INFO: [smal_..][epoch: 15, iter:  12,380, lr:(2.855e-04,)][eta: 0:18:41, time (data): 0.205 (0.016)]l_bij: 2.2369e+01 l_orth: 5.8063e+01 l_align: 8.4191e+01 l_total: 1.6462e+02 
2026-06-30 10:46:29,261 INFO: [smal_..][epoch: 15, iter:  12,400, lr:(2.855e-04,)][eta: 0:18:35, time (data): 0.204 (0.016)]l_bij: 4.5847e+00 l_orth: 4.8651e+01 l_align: 8.9310e+01 l_total: 1.4255e+02 
2026-06-30 10:46:33,380 INFO: [smal_..][epoch: 15, iter:  12,420, lr:(2.855e-04,)][eta: 0:18:30, time (data): 0.204 (0.016)]l_bij: 9.2496e+01 l_orth: 1.0052e+02 l_align: 8.0525e+01 l_total: 2.7354e+02 
2026-06-30 10:46:37,449 INFO: [smal_..][epoch: 15, iter:  12,440, lr:(2.855e-04,)][eta: 0:18:25, time (data): 0.204 (0.016)]l_bij: 7.6040e+01 l_orth: 8.5707e+01 l_align: 7.7322e+01 l_total: 2.3907e+02 
2026-06-30 10:46:41,537 INFO: [smal_..][epoch: 15, iter:  12,460, lr:(2.855e-04,)][eta: 0:18:19, time (data): 0.204 (0.016)]l_bij: 8.2340e+01 l_orth: 9.1010e+01 l_align: 7.7058e+01 l_total: 2.5041e+02 
2026-06-30 10:46:45,682 INFO: [smal_..][epoch: 15, iter:  12,480, lr:(2.855e-04,)][eta: 0:18:14, time (data): 0.206 (0.016)]l_bij: 7.3114e+01 l_orth: 8.5527e+01 l_align: 7.0379e+01 l_total: 2.2902e+02 
2026-06-30 10:46:49,674 INFO: [smal_..][epoch: 15, iter:  12,500, lr:(2.855e-04,)][eta: 0:18:08, time (data): 0.202 (0.016)]l_bij: 5.1693e+01 l_orth: 7.3124e+01 l_align: 7.4735e+01 l_total: 1.9955e+02 
2026-06-30 10:46:53,422 INFO: [smal_..][epoch: 15, iter:  12,520, lr:(2.855e-04,)][eta: 0:18:03, time (data): 0.197 (0.016)]l_bij: 8.7463e+01 l_orth: 9.7989e+01 l_align: 8.3863e+01 l_total: 2.6932e+02 
2026-06-30 10:46:57,490 INFO: [smal_..][epoch: 15, iter:  12,540, lr:(2.855e-04,)][eta: 0:17:58, time (data): 0.199 (0.016)]l_bij: 9.7885e+01 l_orth: 1.0130e+02 l_align: 8.2328e+01 l_total: 2.8151e+02 
2026-06-30 10:47:01,515 INFO: [smal_..][epoch: 15, iter:  12,560, lr:(2.855e-04,)][eta: 0:17:52, time (data): 0.199 (0.016)]l_bij: 8.7583e+01 l_orth: 9.8613e+01 l_align: 8.0217e+01 l_total: 2.6641e+02 
2026-06-30 10:47:05,624 INFO: [smal_..][epoch: 15, iter:  12,580, lr:(2.855e-04,)][eta: 0:17:47, time (data): 0.200 (0.016)]l_bij: 7.6917e+01 l_orth: 8.5557e+01 l_align: 7.4067e+01 l_total: 2.3654e+02 
2026-06-30 10:47:09,801 INFO: [smal_..][epoch: 15, iter:  12,600, lr:(2.855e-04,)][eta: 0:17:42, time (data): 0.201 (0.017)]l_bij: 1.0893e+02 l_orth: 1.1021e+02 l_align: 8.3921e+01 l_total: 3.0306e+02 
2026-06-30 10:47:14,173 INFO: [smal_..][epoch: 16, iter:  12,620, lr:(2.318e-04,)][eta: 0:17:36, time (data): 0.204 (0.018)]l_bij: 6.7528e+01 l_orth: 8.1014e+01 l_align: 7.6966e+01 l_total: 2.2551e+02 
2026-06-30 10:47:18,326 INFO: [smal_..][epoch: 16, iter:  12,640, lr:(2.318e-04,)][eta: 0:17:31, time (data): 0.204 (0.018)]l_bij: 7.6695e+01 l_orth: 8.9086e+01 l_align: 7.3082e+01 l_total: 2.3886e+02 
2026-06-30 10:47:22,351 INFO: [smal_..][epoch: 16, iter:  12,660, lr:(2.318e-04,)][eta: 0:17:26, time (data): 0.204 (0.017)]l_bij: 8.7247e+01 l_orth: 9.4940e+01 l_align: 7.4368e+01 l_total: 2.5655e+02 
2026-06-30 10:47:26,403 INFO: [smal_..][epoch: 16, iter:  12,680, lr:(2.318e-04,)][eta: 0:17:20, time (data): 0.201 (0.016)]l_bij: 4.7001e+00 l_orth: 4.5709e+01 l_align: 8.2571e+01 l_total: 1.3298e+02 
2026-06-30 10:47:30,515 INFO: [smal_..][epoch: 16, iter:  12,700, lr:(2.318e-04,)][eta: 0:17:15, time (data): 0.204 (0.016)]l_bij: 5.2063e+01 l_orth: 7.1701e+01 l_align: 6.9235e+01 l_total: 1.9300e+02 
2026-06-30 10:47:34,590 INFO: [smal_..][epoch: 16, iter:  12,720, lr:(2.318e-04,)][eta: 0:17:10, time (data): 0.204 (0.016)]l_bij: 9.7469e+01 l_orth: 1.0104e+02 l_align: 8.4002e+01 l_total: 2.8251e+02 
2026-06-30 10:47:38,616 INFO: [smal_..][epoch: 16, iter:  12,740, lr:(2.318e-04,)][eta: 0:17:04, time (data): 0.203 (0.016)]l_bij: 1.0300e+02 l_orth: 1.0663e+02 l_align: 8.2843e+01 l_total: 2.9248e+02 
2026-06-30 10:47:42,753 INFO: [smal_..][epoch: 16, iter:  12,760, lr:(2.318e-04,)][eta: 0:16:59, time (data): 0.204 (0.016)]l_bij: 7.9818e+01 l_orth: 9.0860e+01 l_align: 7.4819e+01 l_total: 2.4550e+02 
2026-06-30 10:47:46,875 INFO: [smal_..][epoch: 16, iter:  12,780, lr:(2.318e-04,)][eta: 0:16:54, time (data): 0.204 (0.016)]l_bij: 9.0252e+01 l_orth: 9.7433e+01 l_align: 7.7378e+01 l_total: 2.6506e+02 
2026-06-30 10:47:51,074 INFO: [smal_..][epoch: 16, iter:  12,800, lr:(2.318e-04,)][eta: 0:16:48, time (data): 0.205 (0.016)]l_bij: 8.3331e+01 l_orth: 9.0927e+01 l_align: 7.2522e+01 l_total: 2.4678e+02 
2026-06-30 10:47:55,211 INFO: [smal_..][epoch: 16, iter:  12,820, lr:(2.318e-04,)][eta: 0:16:43, time (data): 0.205 (0.016)]l_bij: 7.9693e+01 l_orth: 8.7608e+01 l_align: 7.3225e+01 l_total: 2.4053e+02 
2026-06-30 10:47:59,275 INFO: [smal_..][epoch: 16, iter:  12,840, lr:(2.318e-04,)][eta: 0:16:38, time (data): 0.205 (0.016)]l_bij: 4.6678e+01 l_orth: 6.5202e+01 l_align: 6.8179e+01 l_total: 1.8006e+02 
2026-06-30 10:48:03,350 INFO: [smal_..][epoch: 16, iter:  12,860, lr:(2.318e-04,)][eta: 0:16:32, time (data): 0.205 (0.017)]l_bij: 8.1354e+01 l_orth: 8.9893e+01 l_align: 7.3172e+01 l_total: 2.4442e+02 
2026-06-30 10:48:07,489 INFO: [smal_..][epoch: 16, iter:  12,880, lr:(2.318e-04,)][eta: 0:16:27, time (data): 0.203 (0.016)]l_bij: 1.0180e+02 l_orth: 1.0472e+02 l_align: 8.2774e+01 l_total: 2.8930e+02 
2026-06-30 10:48:11,681 INFO: [smal_..][epoch: 16, iter:  12,900, lr:(2.318e-04,)][eta: 0:16:22, time (data): 0.206 (0.016)]l_bij: 8.6352e+01 l_orth: 9.2758e+01 l_align: 7.0690e+01 l_total: 2.4980e+02 
2026-06-30 10:48:15,708 INFO: [smal_..][epoch: 16, iter:  12,920, lr:(2.318e-04,)][eta: 0:16:17, time (data): 0.205 (0.016)]l_bij: 1.0564e+02 l_orth: 1.0869e+02 l_align: 8.3200e+01 l_total: 2.9753e+02 
2026-06-30 10:48:19,897 INFO: [smal_..][epoch: 16, iter:  12,940, lr:(2.318e-04,)][eta: 0:16:11, time (data): 0.206 (0.016)]l_bij: 5.1147e+01 l_orth: 7.3067e+01 l_align: 7.6094e+01 l_total: 2.0031e+02 
2026-06-30 10:48:23,940 INFO: [smal_..][epoch: 16, iter:  12,960, lr:(2.318e-04,)][eta: 0:16:06, time (data): 0.205 (0.016)]l_bij: 7.8298e+01 l_orth: 9.1370e+01 l_align: 8.0599e+01 l_total: 2.5027e+02 
2026-06-30 10:48:28,032 INFO: [smal_..][epoch: 16, iter:  12,980, lr:(2.318e-04,)][eta: 0:16:01, time (data): 0.205 (0.016)]l_bij: 5.5724e+00 l_orth: 4.4993e+01 l_align: 9.0029e+01 l_total: 1.4059e+02 
2026-06-30 10:48:32,147 INFO: [smal_..][epoch: 16, iter:  13,000, lr:(2.318e-04,)][eta: 0:15:55, time (data): 0.205 (0.016)]l_bij: 5.3917e+01 l_orth: 7.1156e+01 l_align: 7.0358e+01 l_total: 1.9543e+02 
2026-06-30 10:48:36,216 INFO: [smal_..][epoch: 16, iter:  13,020, lr:(2.318e-04,)][eta: 0:15:50, time (data): 0.205 (0.016)]l_bij: 9.7595e+01 l_orth: 1.0157e+02 l_align: 7.5664e+01 l_total: 2.7483e+02 
2026-06-30 10:48:40,333 INFO: [smal_..][epoch: 16, iter:  13,040, lr:(2.318e-04,)][eta: 0:15:45, time (data): 0.205 (0.016)]l_bij: 7.4979e+01 l_orth: 8.4737e+01 l_align: 7.2927e+01 l_total: 2.3264e+02 
2026-06-30 10:48:44,401 INFO: [smal_..][epoch: 16, iter:  13,060, lr:(2.318e-04,)][eta: 0:15:40, time (data): 0.205 (0.016)]l_bij: 1.0373e+02 l_orth: 1.0774e+02 l_align: 8.5172e+01 l_total: 2.9664e+02 
2026-06-30 10:48:48,360 INFO: [smal_..][epoch: 16, iter:  13,080, lr:(2.318e-04,)][eta: 0:15:34, time (data): 0.196 (0.016)]l_bij: 9.6112e+01 l_orth: 1.0237e+02 l_align: 7.3177e+01 l_total: 2.7165e+02 
2026-06-30 10:48:52,409 INFO: [smal_..][epoch: 16, iter:  13,100, lr:(2.318e-04,)][eta: 0:15:29, time (data): 0.200 (0.015)]l_bij: 8.7585e+01 l_orth: 9.3498e+01 l_align: 8.2061e+01 l_total: 2.6314e+02 
2026-06-30 10:48:56,526 INFO: [smal_..][epoch: 16, iter:  13,120, lr:(2.318e-04,)][eta: 0:15:24, time (data): 0.202 (0.015)]l_bij: 9.5186e+01 l_orth: 1.0100e+02 l_align: 7.9529e+01 l_total: 2.7571e+02 
2026-06-30 10:49:00,650 INFO: [smal_..][epoch: 16, iter:  13,140, lr:(2.318e-04,)][eta: 0:15:19, time (data): 0.203 (0.016)]l_bij: 1.0352e+02 l_orth: 1.0671e+02 l_align: 7.9533e+01 l_total: 2.8976e+02 
2026-06-30 10:49:04,699 INFO: [smal_..][epoch: 16, iter:  13,160, lr:(2.318e-04,)][eta: 0:15:13, time (data): 0.203 (0.016)]l_bij: 8.2624e+01 l_orth: 9.1685e+01 l_align: 7.7332e+01 l_total: 2.5164e+02 
2026-06-30 10:49:08,702 INFO: [smal_..][epoch: 16, iter:  13,180, lr:(2.318e-04,)][eta: 0:15:08, time (data): 0.202 (0.016)]l_bij: 8.9047e+01 l_orth: 9.5485e+01 l_align: 7.2619e+01 l_total: 2.5715e+02 
2026-06-30 10:49:12,701 INFO: [smal_..][epoch: 16, iter:  13,200, lr:(2.318e-04,)][eta: 0:15:03, time (data): 0.202 (0.016)]l_bij: 8.8207e+01 l_orth: 9.6578e+01 l_align: 7.2346e+01 l_total: 2.5713e+02 
2026-06-30 10:49:16,761 INFO: [smal_..][epoch: 16, iter:  13,220, lr:(2.318e-04,)][eta: 0:14:58, time (data): 0.202 (0.016)]l_bij: 9.2324e+01 l_orth: 9.8605e+01 l_align: 8.1571e+01 l_total: 2.7250e+02 
2026-06-30 10:49:20,800 INFO: [smal_..][epoch: 16, iter:  13,240, lr:(2.318e-04,)][eta: 0:14:52, time (data): 0.202 (0.016)]l_bij: 9.2272e+01 l_orth: 9.8139e+01 l_align: 7.1376e+01 l_total: 2.6179e+02 
2026-06-30 10:49:24,940 INFO: [smal_..][epoch: 16, iter:  13,260, lr:(2.318e-04,)][eta: 0:14:47, time (data): 0.203 (0.016)]l_bij: 8.4793e+01 l_orth: 9.2792e+01 l_align: 7.6022e+01 l_total: 2.5361e+02 
2026-06-30 10:49:29,001 INFO: [smal_..][epoch: 16, iter:  13,280, lr:(2.318e-04,)][eta: 0:14:42, time (data): 0.203 (0.016)]l_bij: 8.9144e+01 l_orth: 9.6474e+01 l_align: 7.9352e+01 l_total: 2.6497e+02 
2026-06-30 10:49:33,024 INFO: [smal_..][epoch: 16, iter:  13,300, lr:(2.318e-04,)][eta: 0:14:37, time (data): 0.202 (0.016)]l_bij: 9.0214e+01 l_orth: 9.7282e+01 l_align: 8.3664e+01 l_total: 2.7116e+02 
2026-06-30 10:49:37,002 INFO: [smal_..][epoch: 16, iter:  13,320, lr:(2.318e-04,)][eta: 0:14:31, time (data): 0.201 (0.016)]l_bij: 5.4976e+01 l_orth: 8.1709e+01 l_align: 8.1789e+01 l_total: 2.1847e+02 
2026-06-30 10:49:40,881 INFO: [smal_..][epoch: 16, iter:  13,340, lr:(2.318e-04,)][eta: 0:14:26, time (data): 0.199 (0.016)]l_bij: 5.8276e+01 l_orth: 7.4900e+01 l_align: 7.2339e+01 l_total: 2.0552e+02 
2026-06-30 10:49:44,813 INFO: [smal_..][epoch: 16, iter:  13,360, lr:(2.318e-04,)][eta: 0:14:21, time (data): 0.198 (0.016)]l_bij: 8.6771e+01 l_orth: 9.3516e+01 l_align: 7.7873e+01 l_total: 2.5816e+02 
2026-06-30 10:49:48,893 INFO: [smal_..][epoch: 16, iter:  13,380, lr:(2.318e-04,)][eta: 0:14:16, time (data): 0.199 (0.016)]l_bij: 9.8706e+01 l_orth: 1.0476e+02 l_align: 7.6492e+01 l_total: 2.7996e+02 
2026-06-30 10:49:52,902 INFO: [smal_..][epoch: 16, iter:  13,400, lr:(2.318e-04,)][eta: 0:14:10, time (data): 0.199 (0.016)]l_bij: 8.5872e+01 l_orth: 9.3428e+01 l_align: 7.0701e+01 l_total: 2.5000e+02 
2026-06-30 10:49:57,041 INFO: [smal_..][epoch: 16, iter:  13,420, lr:(2.318e-04,)][eta: 0:14:05, time (data): 0.200 (0.016)]l_bij: 8.0244e+01 l_orth: 9.3306e+01 l_align: 7.9537e+01 l_total: 2.5309e+02 
2026-06-30 10:50:01,115 INFO: [smal_..][epoch: 16, iter:  13,440, lr:(2.318e-04,)][eta: 0:14:00, time (data): 0.201 (0.016)]l_bij: 9.4301e+01 l_orth: 1.0228e+02 l_align: 7.6692e+01 l_total: 2.7327e+02 
2026-06-30 10:50:05,278 INFO: [smal_..][epoch: 17, iter:  13,460, lr:(1.859e-04,)][eta: 0:13:55, time (data): 0.202 (0.017)]l_bij: 5.0765e+01 l_orth: 7.3273e+01 l_align: 7.4928e+01 l_total: 1.9897e+02 
2026-06-30 10:50:09,416 INFO: [smal_..][epoch: 17, iter:  13,480, lr:(1.859e-04,)][eta: 0:13:50, time (data): 0.206 (0.015)]l_bij: 6.5603e+01 l_orth: 8.2640e+01 l_align: 7.5754e+01 l_total: 2.2400e+02 
2026-06-30 10:50:13,517 INFO: [smal_..][epoch: 17, iter:  13,500, lr:(1.859e-04,)][eta: 0:13:44, time (data): 0.206 (0.015)]l_bij: 9.3388e+01 l_orth: 9.9606e+01 l_align: 8.4487e+01 l_total: 2.7748e+02 
2026-06-30 10:50:17,596 INFO: [smal_..][epoch: 17, iter:  13,520, lr:(1.859e-04,)][eta: 0:13:39, time (data): 0.205 (0.015)]l_bij: 9.7442e+01 l_orth: 1.0102e+02 l_align: 8.2545e+01 l_total: 2.8101e+02 
2026-06-30 10:50:21,620 INFO: [smal_..][epoch: 17, iter:  13,540, lr:(1.859e-04,)][eta: 0:13:34, time (data): 0.204 (0.015)]l_bij: 9.7109e+01 l_orth: 1.0248e+02 l_align: 7.8570e+01 l_total: 2.7816e+02 
2026-06-30 10:50:25,660 INFO: [smal_..][epoch: 17, iter:  13,560, lr:(1.859e-04,)][eta: 0:13:29, time (data): 0.203 (0.015)]l_bij: 5.2445e+01 l_orth: 8.0182e+01 l_align: 7.9992e+01 l_total: 2.1262e+02 
2026-06-30 10:50:29,554 INFO: [smal_..][epoch: 17, iter:  13,580, lr:(1.859e-04,)][eta: 0:13:24, time (data): 0.202 (0.015)]l_bij: 5.4177e+01 l_orth: 7.8736e+01 l_align: 7.9120e+01 l_total: 2.1203e+02 
2026-06-30 10:50:33,453 INFO: [smal_..][epoch: 17, iter:  13,600, lr:(1.859e-04,)][eta: 0:13:18, time (data): 0.201 (0.016)]l_bij: 8.5854e+01 l_orth: 9.3728e+01 l_align: 7.3901e+01 l_total: 2.5348e+02 
2026-06-30 10:50:37,524 INFO: [smal_..][epoch: 17, iter:  13,620, lr:(1.859e-04,)][eta: 0:13:13, time (data): 0.201 (0.015)]l_bij: 6.9014e+01 l_orth: 8.1664e+01 l_align: 6.9503e+01 l_total: 2.2018e+02 
2026-06-30 10:50:41,512 INFO: [smal_..][epoch: 17, iter:  13,640, lr:(1.859e-04,)][eta: 0:13:08, time (data): 0.201 (0.015)]l_bij: 8.4833e+01 l_orth: 9.2904e+01 l_align: 7.6884e+01 l_total: 2.5462e+02 
2026-06-30 10:50:45,516 INFO: [smal_..][epoch: 17, iter:  13,660, lr:(1.859e-04,)][eta: 0:13:03, time (data): 0.201 (0.016)]l_bij: 9.9417e+01 l_orth: 1.0374e+02 l_align: 7.9426e+01 l_total: 2.8258e+02 
2026-06-30 10:50:49,558 INFO: [smal_..][epoch: 17, iter:  13,680, lr:(1.859e-04,)][eta: 0:12:58, time (data): 0.203 (0.016)]l_bij: 6.0993e+01 l_orth: 8.0601e+01 l_align: 7.0733e+01 l_total: 2.1233e+02 
2026-06-30 10:50:53,580 INFO: [smal_..][epoch: 17, iter:  13,700, lr:(1.859e-04,)][eta: 0:12:53, time (data): 0.202 (0.016)]l_bij: 8.7085e+01 l_orth: 9.6451e+01 l_align: 7.3487e+01 l_total: 2.5702e+02 
2026-06-30 10:50:57,705 INFO: [smal_..][epoch: 17, iter:  13,720, lr:(1.859e-04,)][eta: 0:12:47, time (data): 0.203 (0.016)]l_bij: 9.1939e+01 l_orth: 9.6686e+01 l_align: 7.6509e+01 l_total: 2.6513e+02 
2026-06-30 10:51:01,688 INFO: [smal_..][epoch: 17, iter:  13,740, lr:(1.859e-04,)][eta: 0:12:42, time (data): 0.202 (0.016)]l_bij: 6.1260e+01 l_orth: 7.5470e+01 l_align: 7.7421e+01 l_total: 2.1415e+02 
2026-06-30 10:51:05,620 INFO: [smal_..][epoch: 17, iter:  13,760, lr:(1.859e-04,)][eta: 0:12:37, time (data): 0.201 (0.016)]l_bij: 6.6358e+01 l_orth: 8.1085e+01 l_align: 7.3361e+01 l_total: 2.2080e+02 
2026-06-30 10:51:09,702 INFO: [smal_..][epoch: 17, iter:  13,780, lr:(1.859e-04,)][eta: 0:12:32, time (data): 0.201 (0.016)]l_bij: 6.2300e+01 l_orth: 7.6073e+01 l_align: 6.9065e+01 l_total: 2.0744e+02 
2026-06-30 10:51:13,743 INFO: [smal_..][epoch: 17, iter:  13,800, lr:(1.859e-04,)][eta: 0:12:27, time (data): 0.202 (0.016)]l_bij: 1.0255e+02 l_orth: 1.0520e+02 l_align: 8.3629e+01 l_total: 2.9138e+02 
2026-06-30 10:51:17,868 INFO: [smal_..][epoch: 17, iter:  13,820, lr:(1.859e-04,)][eta: 0:12:22, time (data): 0.202 (0.016)]l_bij: 6.2456e+01 l_orth: 8.4009e+01 l_align: 7.9444e+01 l_total: 2.2591e+02 
2026-06-30 10:51:22,084 INFO: [smal_..][epoch: 17, iter:  13,840, lr:(1.859e-04,)][eta: 0:12:17, time (data): 0.203 (0.016)]l_bij: 8.0597e+01 l_orth: 8.7433e+01 l_align: 7.1784e+01 l_total: 2.3981e+02 
2026-06-30 10:51:26,196 INFO: [smal_..][epoch: 17, iter:  13,860, lr:(1.859e-04,)][eta: 0:12:11, time (data): 0.203 (0.016)]l_bij: 8.8598e+01 l_orth: 9.6318e+01 l_align: 7.6052e+01 l_total: 2.6097e+02 
2026-06-30 10:51:30,326 INFO: [smal_..][epoch: 17, iter:  13,880, lr:(1.859e-04,)][eta: 0:12:06, time (data): 0.206 (0.016)]l_bij: 8.1567e+01 l_orth: 9.5165e+01 l_align: 7.4712e+01 l_total: 2.5144e+02 
2026-06-30 10:51:34,387 INFO: [smal_..][epoch: 17, iter:  13,900, lr:(1.859e-04,)][eta: 0:12:01, time (data): 0.204 (0.016)]l_bij: 7.9509e+01 l_orth: 8.9416e+01 l_align: 7.3786e+01 l_total: 2.4271e+02 
2026-06-30 10:51:38,429 INFO: [smal_..][epoch: 17, iter:  13,920, lr:(1.859e-04,)][eta: 0:11:56, time (data): 0.203 (0.016)]l_bij: 8.3458e+01 l_orth: 9.1145e+01 l_align: 7.3946e+01 l_total: 2.4855e+02 
2026-06-30 10:51:42,317 INFO: [smal_..][epoch: 17, iter:  13,940, lr:(1.859e-04,)][eta: 0:11:51, time (data): 0.201 (0.016)]l_bij: 9.2958e+01 l_orth: 9.9089e+01 l_align: 8.4981e+01 l_total: 2.7703e+02 
2026-06-30 10:51:46,219 INFO: [smal_..][epoch: 17, iter:  13,960, lr:(1.859e-04,)][eta: 0:11:46, time (data): 0.199 (0.016)]l_bij: 5.1320e+01 l_orth: 7.4103e+01 l_align: 7.5032e+01 l_total: 2.0045e+02 
2026-06-30 10:51:50,267 INFO: [smal_..][epoch: 17, iter:  13,980, lr:(1.859e-04,)][eta: 0:11:41, time (data): 0.200 (0.016)]l_bij: 8.0167e+01 l_orth: 9.2311e+01 l_align: 7.9299e+01 l_total: 2.5178e+02 
2026-06-30 10:51:54,264 INFO: [smal_..][epoch: 17, iter:  14,000, lr:(1.859e-04,)][eta: 0:11:35, time (data): 0.200 (0.016)]l_bij: 6.5961e+01 l_orth: 7.9816e+01 l_align: 7.3305e+01 l_total: 2.1908e+02 
2026-06-30 10:51:54,265 INFO: Saving models and training states.
2026-06-30 10:51:54,292 INFO: Start validation.
2026-06-30 10:51:55,180 INFO: avg err:0.0000 | err:0.0000 | cougar_01 cougar_01
2026-06-30 10:51:55,401 INFO: avg err:0.0152 | err:0.0303 | cougar_01 cougar_02
2026-06-30 10:51:55,697 INFO: avg err:0.0151 | err:0.0150 | cougar_01 cougar_03
2026-06-30 10:51:55,905 INFO: avg err:0.0163 | err:0.0198 | cougar_01 cougar_04
2026-06-30 10:51:56,233 INFO: avg err:0.1731 | err:0.8005 | cougar_01 hippo_01
2026-06-30 10:51:56,514 INFO: avg err:0.2871 | err:0.8567 | cougar_01 hippo_02
2026-06-30 10:51:56,918 INFO: avg err:0.3516 | err:0.7390 | cougar_01 hippo_03
2026-06-30 10:51:57,136 INFO: avg err:0.4128 | err:0.8411 | cougar_01 hippo_04
2026-06-30 10:51:57,402 INFO: avg err:0.4409 | err:0.6658 | cougar_01 hippo_05
2026-06-30 10:51:57,634 INFO: avg err:0.4776 | err:0.8078 | cougar_01 hippo_06
2026-06-30 10:51:58,013 INFO: avg err:0.4376 | err:0.0371 | cougar_01 horse_01
2026-06-30 10:51:58,305 INFO: avg err:0.4038 | err:0.0320 | cougar_01 horse_02
2026-06-30 10:51:58,553 INFO: avg err:0.3751 | err:0.0310 | cougar_01 horse_03
2026-06-30 10:51:58,752 INFO: avg err:0.3509 | err:0.0359 | cougar_01 horse_04
2026-06-30 10:51:59,075 INFO: avg err:0.3300 | err:0.0384 | cougar_01 horse_05
2026-06-30 10:51:59,343 INFO: avg err:0.3114 | err:0.0316 | cougar_01 horse_06
2026-06-30 10:51:59,593 INFO: avg err:0.2951 | err:0.0345 | cougar_01 horse_07
2026-06-30 10:51:59,843 INFO: avg err:0.2801 | err:0.0250 | cougar_01 horse_08
2026-06-30 10:52:00,172 INFO: avg err:0.2702 | err:0.0929 | cougar_01 horse_09
2026-06-30 10:52:00,454 INFO: avg err:0.2622 | err:0.1087 | cougar_01 horse_10
2026-06-30 10:52:00,681 INFO: avg err:0.2511 | err:0.0289 | cougar_02 cougar_01
2026-06-30 10:52:01,114 INFO: avg err:0.2396 | err:0.0000 | cougar_02 cougar_02
2026-06-30 10:52:01,370 INFO: avg err:0.2300 | err:0.0186 | cougar_02 cougar_03
2026-06-30 10:52:01,606 INFO: avg err:0.2220 | err:0.0366 | cougar_02 cougar_04
2026-06-30 10:52:01,851 INFO: avg err:0.2484 | err:0.8818 | cougar_02 hippo_01
2026-06-30 10:52:02,149 INFO: avg err:0.2731 | err:0.8901 | cougar_02 hippo_02
2026-06-30 10:52:02,353 INFO: avg err:0.2893 | err:0.7129 | cougar_02 hippo_03
2026-06-30 10:52:02,813 INFO: avg err:0.3123 | err:0.9331 | cougar_02 hippo_04
2026-06-30 10:52:03,041 INFO: avg err:0.3225 | err:0.6058 | cougar_02 hippo_05
2026-06-30 10:52:03,417 INFO: avg err:0.3342 | err:0.6747 | cougar_02 hippo_06
2026-06-30 10:52:03,605 INFO: avg err:0.3254 | err:0.0615 | cougar_02 horse_01
2026-06-30 10:52:03,951 INFO: avg err:0.3168 | err:0.0516 | cougar_02 horse_02
2026-06-30 10:52:04,157 INFO: avg err:0.3087 | err:0.0486 | cougar_02 horse_03
2026-06-30 10:52:04,523 INFO: avg err:0.3011 | err:0.0488 | cougar_02 horse_04
2026-06-30 10:52:04,765 INFO: avg err:0.2939 | err:0.0505 | cougar_02 horse_05
2026-06-30 10:52:05,092 INFO: avg err:0.2872 | err:0.0538 | cougar_02 horse_06
2026-06-30 10:52:05,283 INFO: avg err:0.2808 | err:0.0476 | cougar_02 horse_07
2026-06-30 10:52:05,644 INFO: avg err:0.2745 | err:0.0414 | cougar_02 horse_08
2026-06-30 10:52:05,908 INFO: avg err:0.2711 | err:0.1415 | cougar_02 horse_09
2026-06-30 10:52:06,248 INFO: avg err:0.2684 | err:0.1651 | cougar_02 horse_10
2026-06-30 10:52:06,507 INFO: avg err:0.2622 | err:0.0143 | cougar_03 cougar_01
2026-06-30 10:52:06,731 INFO: avg err:0.2567 | err:0.0297 | cougar_03 cougar_02
2026-06-30 10:52:06,981 INFO: avg err:0.2507 | err:0.0000 | cougar_03 cougar_03
2026-06-30 10:52:07,295 INFO: avg err:0.2455 | err:0.0216 | cougar_03 cougar_04
2026-06-30 10:52:07,635 INFO: avg err:0.2602 | err:0.9063 | cougar_03 hippo_01
2026-06-30 10:52:07,922 INFO: avg err:0.2730 | err:0.8486 | cougar_03 hippo_02
2026-06-30 10:52:08,148 INFO: avg err:0.2829 | err:0.7394 | cougar_03 hippo_03
2026-06-30 10:52:08,429 INFO: avg err:0.2959 | err:0.9053 | cougar_03 hippo_04
2026-06-30 10:52:08,799 INFO: avg err:0.3038 | err:0.6842 | cougar_03 hippo_05
2026-06-30 10:52:09,027 INFO: avg err:0.3139 | err:0.8096 | cougar_03 hippo_06
2026-06-30 10:52:09,350 INFO: avg err:0.3085 | err:0.0401 | cougar_03 horse_01
2026-06-30 10:52:09,552 INFO: avg err:0.3032 | err:0.0300 | cougar_03 horse_02
2026-06-30 10:52:09,894 INFO: avg err:0.2981 | err:0.0337 | cougar_03 horse_03
2026-06-30 10:52:10,120 INFO: avg err:0.2932 | err:0.0336 | cougar_03 horse_04
2026-06-30 10:52:10,415 INFO: avg err:0.2886 | err:0.0412 | cougar_03 horse_05
2026-06-30 10:52:10,721 INFO: avg err:0.2841 | err:0.0368 | cougar_03 horse_06
2026-06-30 10:52:10,989 INFO: avg err:0.2798 | err:0.0380 | cougar_03 horse_07
2026-06-30 10:52:11,320 INFO: avg err:0.2755 | err:0.0283 | cougar_03 horse_08
2026-06-30 10:52:11,547 INFO: avg err:0.2725 | err:0.0998 | cougar_03 horse_09
2026-06-30 10:52:11,900 INFO: avg err:0.2701 | err:0.1316 | cougar_03 horse_10
2026-06-30 10:52:12,171 INFO: avg err:0.2660 | err:0.0197 | cougar_04 cougar_01
2026-06-30 10:52:12,569 INFO: avg err:0.2624 | err:0.0378 | cougar_04 cougar_02
2026-06-30 10:52:12,788 INFO: avg err:0.2585 | err:0.0218 | cougar_04 cougar_03
2026-06-30 10:52:13,109 INFO: avg err:0.2545 | err:0.0000 | cougar_04 cougar_04
2026-06-30 10:52:13,309 INFO: avg err:0.2626 | err:0.7846 | cougar_04 hippo_01
2026-06-30 10:52:13,691 INFO: avg err:0.2708 | err:0.8006 | cougar_04 hippo_02
2026-06-30 10:52:13,912 INFO: avg err:0.2777 | err:0.7331 | cougar_04 hippo_03
2026-06-30 10:52:14,216 INFO: avg err:0.2851 | err:0.7827 | cougar_04 hippo_04
2026-06-30 10:52:14,409 INFO: avg err:0.2899 | err:0.6152 | cougar_04 hippo_05
2026-06-30 10:52:14,738 INFO: avg err:0.2970 | err:0.7883 | cougar_04 hippo_06
2026-06-30 10:52:14,938 INFO: avg err:0.2933 | err:0.0336 | cougar_04 horse_01
2026-06-30 10:52:15,288 INFO: avg err:0.2898 | err:0.0366 | cougar_04 horse_02
2026-06-30 10:52:15,515 INFO: avg err:0.2862 | err:0.0337 | cougar_04 horse_03
2026-06-30 10:52:15,803 INFO: avg err:0.2829 | err:0.0412 | cougar_04 horse_04
2026-06-30 10:52:16,020 INFO: avg err:0.2797 | err:0.0402 | cougar_04 horse_05
2026-06-30 10:52:16,328 INFO: avg err:0.2764 | err:0.0314 | cougar_04 horse_06
2026-06-30 10:52:16,553 INFO: avg err:0.2732 | err:0.0297 | cougar_04 horse_07
2026-06-30 10:52:16,899 INFO: avg err:0.2701 | err:0.0304 | cougar_04 horse_08
2026-06-30 10:52:17,141 INFO: avg err:0.2679 | err:0.0986 | cougar_04 horse_09
2026-06-30 10:52:17,432 INFO: avg err:0.2660 | err:0.1146 | cougar_04 horse_10
2026-06-30 10:52:17,644 INFO: avg err:0.2693 | err:0.5338 | hippo_01 cougar_01
2026-06-30 10:52:18,033 INFO: avg err:0.2726 | err:0.5348 | hippo_01 cougar_02
2026-06-30 10:52:18,281 INFO: avg err:0.2758 | err:0.5442 | hippo_01 cougar_03
2026-06-30 10:52:18,605 INFO: avg err:0.2791 | err:0.5485 | hippo_01 cougar_04
2026-06-30 10:52:18,799 INFO: avg err:0.2758 | err:0.0000 | hippo_01 hippo_01
2026-06-30 10:52:19,121 INFO: avg err:0.2731 | err:0.0468 | hippo_01 hippo_02
2026-06-30 10:52:19,342 INFO: avg err:0.2723 | err:0.1966 | hippo_01 hippo_03
2026-06-30 10:52:19,734 INFO: avg err:0.2693 | err:0.0144 | hippo_01 hippo_04
2026-06-30 10:52:19,955 INFO: avg err:0.2681 | err:0.1600 | hippo_01 hippo_05
2026-06-30 10:52:20,236 INFO: avg err:0.2657 | err:0.0547 | hippo_01 hippo_06
2026-06-30 10:52:20,447 INFO: avg err:0.2688 | err:0.5414 | hippo_01 horse_01
2026-06-30 10:52:20,824 INFO: avg err:0.2716 | err:0.5264 | hippo_01 horse_02
2026-06-30 10:52:21,022 INFO: avg err:0.2744 | err:0.5366 | hippo_01 horse_03
2026-06-30 10:52:21,485 INFO: avg err:0.2773 | err:0.5497 | hippo_01 horse_04
2026-06-30 10:52:21,696 INFO: avg err:0.2803 | err:0.5620 | hippo_01 horse_05
2026-06-30 10:52:22,033 INFO: avg err:0.2831 | err:0.5426 | hippo_01 horse_06
2026-06-30 10:52:22,295 INFO: avg err:0.2858 | err:0.5463 | hippo_01 horse_07
2026-06-30 10:52:22,587 INFO: avg err:0.2884 | err:0.5433 | hippo_01 horse_08
2026-06-30 10:52:22,779 INFO: avg err:0.2908 | err:0.5222 | hippo_01 horse_09
2026-06-30 10:52:23,080 INFO: avg err:0.2932 | err:0.5359 | hippo_01 horse_10
2026-06-30 10:52:23,314 INFO: avg err:0.2951 | err:0.4808 | hippo_02 cougar_01
2026-06-30 10:52:23,655 INFO: avg err:0.2967 | err:0.4590 | hippo_02 cougar_02
2026-06-30 10:52:23,869 INFO: avg err:0.2984 | err:0.4732 | hippo_02 cougar_03
2026-06-30 10:52:24,253 INFO: avg err:0.3005 | err:0.5185 | hippo_02 cougar_04
2026-06-30 10:52:24,487 INFO: avg err:0.2980 | err:0.0377 | hippo_02 hippo_01
2026-06-30 10:52:24,816 INFO: avg err:0.2952 | err:0.0000 | hippo_02 hippo_02
2026-06-30 10:52:25,035 INFO: avg err:0.2939 | err:0.1591 | hippo_02 hippo_03
2026-06-30 10:52:25,404 INFO: avg err:0.2918 | err:0.0670 | hippo_02 hippo_04
2026-06-30 10:52:25,606 INFO: avg err:0.2897 | err:0.0572 | hippo_02 hippo_05
2026-06-30 10:52:25,930 INFO: avg err:0.2877 | err:0.0667 | hippo_02 hippo_06
2026-06-30 10:52:26,126 INFO: avg err:0.2889 | err:0.4253 | hippo_02 horse_01
2026-06-30 10:52:26,424 INFO: avg err:0.2906 | err:0.4854 | hippo_02 horse_02
2026-06-30 10:52:26,631 INFO: avg err:0.2924 | err:0.4919 | hippo_02 horse_03
2026-06-30 10:52:27,055 INFO: avg err:0.2941 | err:0.4876 | hippo_02 horse_04
2026-06-30 10:52:27,273 INFO: avg err:0.2959 | err:0.4978 | hippo_02 horse_05
2026-06-30 10:52:27,731 INFO: avg err:0.2975 | err:0.4830 | hippo_02 horse_06
2026-06-30 10:52:27,953 INFO: avg err:0.2988 | err:0.4521 | hippo_02 horse_07
2026-06-30 10:52:28,274 INFO: avg err:0.3003 | err:0.4708 | hippo_02 horse_08
2026-06-30 10:52:28,513 INFO: avg err:0.3018 | err:0.4803 | hippo_02 horse_09
2026-06-30 10:52:28,932 INFO: avg err:0.3034 | err:0.4910 | hippo_02 horse_10
2026-06-30 10:52:29,191 INFO: avg err:0.3045 | err:0.4398 | hippo_03 cougar_01
2026-06-30 10:52:29,473 INFO: avg err:0.3054 | err:0.4093 | hippo_03 cougar_02
2026-06-30 10:52:29,730 INFO: avg err:0.3061 | err:0.3906 | hippo_03 cougar_03
2026-06-30 10:52:30,148 INFO: avg err:0.3070 | err:0.4245 | hippo_03 cougar_04
2026-06-30 10:52:30,358 INFO: avg err:0.3059 | err:0.1707 | hippo_03 hippo_01
2026-06-30 10:52:30,799 INFO: avg err:0.3051 | err:0.1962 | hippo_03 hippo_02
2026-06-30 10:52:31,033 INFO: avg err:0.3027 | err:0.0000 | hippo_03 hippo_03
2026-06-30 10:52:31,489 INFO: avg err:0.3018 | err:0.1950 | hippo_03 hippo_04
2026-06-30 10:52:31,731 INFO: avg err:0.3003 | err:0.1024 | hippo_03 hippo_05
2026-06-30 10:52:32,164 INFO: avg err:0.2992 | err:0.1550 | hippo_03 hippo_06
2026-06-30 10:52:32,362 INFO: avg err:0.3000 | err:0.4041 | hippo_03 horse_01
2026-06-30 10:52:32,799 INFO: avg err:0.3006 | err:0.3808 | hippo_03 horse_02
2026-06-30 10:52:33,025 INFO: avg err:0.3013 | err:0.3978 | hippo_03 horse_03
2026-06-30 10:52:33,423 INFO: avg err:0.3019 | err:0.3853 | hippo_03 horse_04
2026-06-30 10:52:33,650 INFO: avg err:0.3025 | err:0.3763 | hippo_03 horse_05
2026-06-30 10:52:34,189 INFO: avg err:0.3031 | err:0.3907 | hippo_03 horse_06
2026-06-30 10:52:34,395 INFO: avg err:0.3037 | err:0.3804 | hippo_03 horse_07
2026-06-30 10:52:34,986 INFO: avg err:0.3043 | err:0.3854 | hippo_03 horse_08
2026-06-30 10:52:35,236 INFO: avg err:0.3050 | err:0.4076 | hippo_03 horse_09
2026-06-30 10:52:35,778 INFO: avg err:0.3054 | err:0.3640 | hippo_03 horse_10
2026-06-30 10:52:36,018 INFO: avg err:0.3074 | err:0.5775 | hippo_04 cougar_01
2026-06-30 10:52:36,469 INFO: avg err:0.3090 | err:0.5413 | hippo_04 cougar_02
2026-06-30 10:52:36,721 INFO: avg err:0.3108 | err:0.5579 | hippo_04 cougar_03
2026-06-30 10:52:36,996 INFO: avg err:0.3127 | err:0.5935 | hippo_04 cougar_04
2026-06-30 10:52:37,261 INFO: avg err:0.3107 | err:0.0135 | hippo_04 hippo_01
2026-06-30 10:52:37,687 INFO: avg err:0.3091 | err:0.0840 | hippo_04 hippo_02
2026-06-30 10:52:37,915 INFO: avg err:0.3089 | err:0.2801 | hippo_04 hippo_03
2026-06-30 10:52:38,510 INFO: avg err:0.3068 | err:0.0000 | hippo_04 hippo_04
2026-06-30 10:52:38,744 INFO: avg err:0.3058 | err:0.1470 | hippo_04 hippo_05
2026-06-30 10:52:39,246 INFO: avg err:0.3045 | err:0.1192 | hippo_04 hippo_06
2026-06-30 10:52:39,464 INFO: avg err:0.3063 | err:0.5684 | hippo_04 horse_01
2026-06-30 10:52:39,851 INFO: avg err:0.3080 | err:0.5777 | hippo_04 horse_02
2026-06-30 10:52:40,043 INFO: avg err:0.3098 | err:0.5755 | hippo_04 horse_03
2026-06-30 10:52:40,531 INFO: avg err:0.3114 | err:0.5650 | hippo_04 horse_04
2026-06-30 10:52:40,815 INFO: avg err:0.3131 | err:0.5740 | hippo_04 horse_05
2026-06-30 10:52:41,244 INFO: avg err:0.3148 | err:0.5653 | hippo_04 horse_06
2026-06-30 10:52:41,479 INFO: avg err:0.3164 | err:0.5759 | hippo_04 horse_07
2026-06-30 10:52:41,900 INFO: avg err:0.3180 | err:0.5712 | hippo_04 horse_08
2026-06-30 10:52:42,091 INFO: avg err:0.3194 | err:0.5335 | hippo_04 horse_09
2026-06-30 10:52:42,683 INFO: avg err:0.3206 | err:0.5138 | hippo_04 horse_10
2026-06-30 10:52:42,906 INFO: avg err:0.3210 | err:0.3904 | hippo_05 cougar_01
2026-06-30 10:52:43,228 INFO: avg err:0.3215 | err:0.3912 | hippo_05 cougar_02
2026-06-30 10:52:43,425 INFO: avg err:0.3219 | err:0.3915 | hippo_05 cougar_03
2026-06-30 10:52:43,996 INFO: avg err:0.3223 | err:0.3926 | hippo_05 cougar_04
2026-06-30 10:52:44,183 INFO: avg err:0.3211 | err:0.1115 | hippo_05 hippo_01
2026-06-30 10:52:44,579 INFO: avg err:0.3195 | err:0.0664 | hippo_05 hippo_02
2026-06-30 10:52:44,808 INFO: avg err:0.3186 | err:0.1611 | hippo_05 hippo_03
2026-06-30 10:52:45,239 INFO: avg err:0.3174 | err:0.1263 | hippo_05 hippo_04
2026-06-30 10:52:45,422 INFO: avg err:0.3155 | err:0.0000 | hippo_05 hippo_05
2026-06-30 10:52:45,908 INFO: avg err:0.3141 | err:0.0672 | hippo_05 hippo_06
2026-06-30 10:52:46,131 INFO: avg err:0.3145 | err:0.3908 | hippo_05 horse_01
2026-06-30 10:52:46,591 INFO: avg err:0.3149 | err:0.3805 | hippo_05 horse_02
2026-06-30 10:52:46,805 INFO: avg err:0.3153 | err:0.3880 | hippo_05 horse_03
2026-06-30 10:52:47,305 INFO: avg err:0.3158 | err:0.3962 | hippo_05 horse_04
2026-06-30 10:52:47,530 INFO: avg err:0.3162 | err:0.3906 | hippo_05 horse_05
2026-06-30 10:52:48,028 INFO: avg err:0.3166 | err:0.3814 | hippo_05 horse_06
2026-06-30 10:52:48,195 INFO: avg err:0.3170 | err:0.3882 | hippo_05 horse_07
2026-06-30 10:52:48,828 INFO: avg err:0.3174 | err:0.3918 | hippo_05 horse_08
2026-06-30 10:52:49,032 INFO: avg err:0.3178 | err:0.3902 | hippo_05 horse_09
2026-06-30 10:52:49,507 INFO: avg err:0.3178 | err:0.3189 | hippo_05 horse_10
2026-06-30 10:52:49,711 INFO: avg err:0.3187 | err:0.4716 | hippo_06 cougar_01
2026-06-30 10:52:50,213 INFO: avg err:0.3194 | err:0.4540 | hippo_06 cougar_02
2026-06-30 10:52:50,370 INFO: avg err:0.3202 | err:0.4687 | hippo_06 cougar_03
2026-06-30 10:52:50,890 INFO: avg err:0.3211 | err:0.4679 | hippo_06 cougar_04
2026-06-30 10:52:51,122 INFO: avg err:0.3197 | err:0.0671 | hippo_06 hippo_01
2026-06-30 10:52:51,658 INFO: avg err:0.3181 | err:0.0208 | hippo_06 hippo_02
2026-06-30 10:52:51,894 INFO: avg err:0.3171 | err:0.1376 | hippo_06 hippo_03
2026-06-30 10:52:52,377 INFO: avg err:0.3160 | err:0.1076 | hippo_06 hippo_04
2026-06-30 10:52:52,629 INFO: avg err:0.3145 | err:0.0354 | hippo_06 hippo_05
2026-06-30 10:52:53,080 INFO: avg err:0.3129 | err:0.0000 | hippo_06 hippo_06
2026-06-30 10:52:53,318 INFO: avg err:0.3135 | err:0.4456 | hippo_06 horse_01
2026-06-30 10:52:53,764 INFO: avg err:0.3142 | err:0.4341 | hippo_06 horse_02
2026-06-30 10:52:54,007 INFO: avg err:0.3149 | err:0.4498 | hippo_06 horse_03
2026-06-30 10:52:54,411 INFO: avg err:0.3155 | err:0.4444 | hippo_06 horse_04
2026-06-30 10:52:54,663 INFO: avg err:0.3162 | err:0.4340 | hippo_06 horse_05
2026-06-30 10:52:55,123 INFO: avg err:0.3167 | err:0.4296 | hippo_06 horse_06
2026-06-30 10:52:55,377 INFO: avg err:0.3173 | err:0.4354 | hippo_06 horse_07
2026-06-30 10:52:55,692 INFO: avg err:0.3179 | err:0.4378 | hippo_06 horse_08
2026-06-30 10:52:55,923 INFO: avg err:0.3186 | err:0.4415 | hippo_06 horse_09
2026-06-30 10:52:56,439 INFO: avg err:0.3186 | err:0.3334 | hippo_06 horse_10
2026-06-30 10:52:56,699 INFO: avg err:0.3172 | err:0.0320 | horse_01 cougar_01
2026-06-30 10:52:57,141 INFO: avg err:0.3159 | err:0.0474 | horse_01 cougar_02
2026-06-30 10:52:57,309 INFO: avg err:0.3145 | err:0.0370 | horse_01 cougar_03
2026-06-30 10:52:57,908 INFO: avg err:0.3131 | err:0.0299 | horse_01 cougar_04
2026-06-30 10:52:58,159 INFO: avg err:0.3155 | err:0.7997 | horse_01 hippo_01
2026-06-30 10:52:58,651 INFO: avg err:0.3174 | err:0.7132 | horse_01 hippo_02
2026-06-30 10:52:58,903 INFO: avg err:0.3194 | err:0.7283 | horse_01 hippo_03
2026-06-30 10:52:59,395 INFO: avg err:0.3217 | err:0.7937 | horse_01 hippo_04
2026-06-30 10:52:59,656 INFO: avg err:0.3230 | err:0.5956 | horse_01 hippo_05
2026-06-30 10:53:00,182 INFO: avg err:0.3246 | err:0.6634 | horse_01 hippo_06
2026-06-30 10:53:00,426 INFO: avg err:0.3231 | err:0.0000 | horse_01 horse_01
2026-06-30 10:53:00,804 INFO: avg err:0.3216 | err:0.0154 | horse_01 horse_02
2026-06-30 10:53:01,035 INFO: avg err:0.3202 | err:0.0129 | horse_01 horse_03
2026-06-30 10:53:01,439 INFO: avg err:0.3188 | err:0.0211 | horse_01 horse_04
2026-06-30 10:53:01,704 INFO: avg err:0.3174 | err:0.0226 | horse_01 horse_05
2026-06-30 10:53:02,206 INFO: avg err:0.3160 | err:0.0187 | horse_01 horse_06
2026-06-30 10:53:02,428 INFO: avg err:0.3146 | err:0.0190 | horse_01 horse_07
2026-06-30 10:53:02,947 INFO: avg err:0.3133 | err:0.0167 | horse_01 horse_08
2026-06-30 10:53:03,195 INFO: avg err:0.3122 | err:0.0699 | horse_01 horse_09
2026-06-30 10:53:03,728 INFO: avg err:0.3112 | err:0.0959 | horse_01 horse_10
2026-06-30 10:53:04,000 INFO: avg err:0.3099 | err:0.0288 | horse_02 cougar_01
2026-06-30 10:53:04,522 INFO: avg err:0.3089 | err:0.0837 | horse_02 cougar_02
2026-06-30 10:53:04,770 INFO: avg err:0.3076 | err:0.0328 | horse_02 cougar_03
2026-06-30 10:53:05,246 INFO: avg err:0.3064 | err:0.0334 | horse_02 cougar_04
2026-06-30 10:53:05,478 INFO: avg err:0.3086 | err:0.8045 | horse_02 hippo_01
2026-06-30 10:53:05,963 INFO: avg err:0.3104 | err:0.7150 | horse_02 hippo_02
2026-06-30 10:53:06,188 INFO: avg err:0.3120 | err:0.6696 | horse_02 hippo_03
2026-06-30 10:53:06,716 INFO: avg err:0.3142 | err:0.8042 | horse_02 hippo_04
2026-06-30 10:53:06,924 INFO: avg err:0.3155 | err:0.6204 | horse_02 hippo_05
2026-06-30 10:53:07,522 INFO: avg err:0.3171 | err:0.6770 | horse_02 hippo_06
2026-06-30 10:53:07,683 INFO: avg err:0.3158 | err:0.0160 | horse_02 horse_01
2026-06-30 10:53:08,288 INFO: avg err:0.3144 | err:0.0000 | horse_02 horse_02
2026-06-30 10:53:08,483 INFO: avg err:0.3131 | err:0.0109 | horse_02 horse_03
2026-06-30 10:53:09,015 INFO: avg err:0.3118 | err:0.0136 | horse_02 horse_04
2026-06-30 10:53:09,196 INFO: avg err:0.3106 | err:0.0208 | horse_02 horse_05
2026-06-30 10:53:09,831 INFO: avg err:0.3094 | err:0.0215 | horse_02 horse_06
2026-06-30 10:53:10,025 INFO: avg err:0.3082 | err:0.0239 | horse_02 horse_07
2026-06-30 10:53:10,584 INFO: avg err:0.3069 | err:0.0117 | horse_02 horse_08
2026-06-30 10:53:10,809 INFO: avg err:0.3059 | err:0.0741 | horse_02 horse_09
2026-06-30 10:53:11,287 INFO: avg err:0.3051 | err:0.1078 | horse_02 horse_10
2026-06-30 10:53:11,505 INFO: avg err:0.3040 | err:0.0287 | horse_03 cougar_01
2026-06-30 10:53:11,882 INFO: avg err:0.3031 | err:0.0813 | horse_03 cougar_02
2026-06-30 10:53:12,122 INFO: avg err:0.3019 | err:0.0340 | horse_03 cougar_03
2026-06-30 10:53:12,703 INFO: avg err:0.3008 | err:0.0322 | horse_03 cougar_04
2026-06-30 10:53:12,924 INFO: avg err:0.3028 | err:0.7884 | horse_03 hippo_01
2026-06-30 10:53:13,348 INFO: avg err:0.3046 | err:0.7477 | horse_03 hippo_02
2026-06-30 10:53:13,570 INFO: avg err:0.3062 | err:0.7002 | horse_03 hippo_03
2026-06-30 10:53:14,056 INFO: avg err:0.3082 | err:0.7898 | horse_03 hippo_04
2026-06-30 10:53:14,288 INFO: avg err:0.3094 | err:0.5995 | horse_03 hippo_05
2026-06-30 10:53:14,812 INFO: avg err:0.3109 | err:0.6966 | horse_03 hippo_06
2026-06-30 10:53:15,066 INFO: avg err:0.3097 | err:0.0121 | horse_03 horse_01
2026-06-30 10:53:15,546 INFO: avg err:0.3085 | err:0.0104 | horse_03 horse_02
2026-06-30 10:53:15,782 INFO: avg err:0.3073 | err:0.0000 | horse_03 horse_03
2026-06-30 10:53:16,238 INFO: avg err:0.3062 | err:0.0171 | horse_03 horse_04
2026-06-30 10:53:16,465 INFO: avg err:0.3051 | err:0.0199 | horse_03 horse_05
2026-06-30 10:53:16,885 INFO: avg err:0.3039 | err:0.0178 | horse_03 horse_06
2026-06-30 10:53:17,119 INFO: avg err:0.3028 | err:0.0228 | horse_03 horse_07
2026-06-30 10:53:17,628 INFO: avg err:0.3017 | err:0.0131 | horse_03 horse_08
2026-06-30 10:53:17,831 INFO: avg err:0.3008 | err:0.0634 | horse_03 horse_09
2026-06-30 10:53:18,304 INFO: avg err:0.3000 | err:0.0966 | horse_03 horse_10
2026-06-30 10:53:18,486 INFO: avg err:0.2990 | err:0.0320 | horse_04 cougar_01
2026-06-30 10:53:19,080 INFO: avg err:0.2980 | err:0.0526 | horse_04 cougar_02
2026-06-30 10:53:19,319 INFO: avg err:0.2970 | err:0.0344 | horse_04 cougar_03
2026-06-30 10:53:19,736 INFO: avg err:0.2961 | err:0.0367 | horse_04 cougar_04
2026-06-30 10:53:19,992 INFO: avg err:0.2979 | err:0.7847 | horse_04 hippo_01
2026-06-30 10:53:20,459 INFO: avg err:0.2997 | err:0.7902 | horse_04 hippo_02
2026-06-30 10:53:20,736 INFO: avg err:0.3011 | err:0.6731 | horse_04 hippo_03
2026-06-30 10:53:21,173 INFO: avg err:0.3030 | err:0.7915 | horse_04 hippo_04
2026-06-30 10:53:21,454 INFO: avg err:0.3042 | err:0.6392 | horse_04 hippo_05
2026-06-30 10:53:21,941 INFO: avg err:0.3056 | err:0.6706 | horse_04 hippo_06
2026-06-30 10:53:22,211 INFO: avg err:0.3045 | err:0.0201 | horse_04 horse_01
2026-06-30 10:53:22,685 INFO: avg err:0.3035 | err:0.0139 | horse_04 horse_02
2026-06-30 10:53:22,960 INFO: avg err:0.3024 | err:0.0168 | horse_04 horse_03
2026-06-30 10:53:23,519 INFO: avg err:0.3013 | err:0.0000 | horse_04 horse_04
2026-06-30 10:53:23,739 INFO: avg err:0.3003 | err:0.0214 | horse_04 horse_05
2026-06-30 10:53:24,326 INFO: avg err:0.2993 | err:0.0258 | horse_04 horse_06
2026-06-30 10:53:24,557 INFO: avg err:0.2983 | err:0.0272 | horse_04 horse_07
2026-06-30 10:53:25,084 INFO: avg err:0.2973 | err:0.0175 | horse_04 horse_08
2026-06-30 10:53:25,338 INFO: avg err:0.2965 | err:0.0636 | horse_04 horse_09
2026-06-30 10:53:25,836 INFO: avg err:0.2958 | err:0.1043 | horse_04 horse_10
2026-06-30 10:53:26,072 INFO: avg err:0.2948 | err:0.0337 | horse_05 cougar_01
2026-06-30 10:53:26,621 INFO: avg err:0.2940 | err:0.0588 | horse_05 cougar_02
2026-06-30 10:53:26,862 INFO: avg err:0.2931 | err:0.0358 | horse_05 cougar_03
2026-06-30 10:53:27,295 INFO: avg err:0.2922 | err:0.0342 | horse_05 cougar_04
2026-06-30 10:53:27,485 INFO: avg err:0.2939 | err:0.7823 | horse_05 hippo_01
2026-06-30 10:53:28,039 INFO: avg err:0.2958 | err:0.8255 | horse_05 hippo_02
2026-06-30 10:53:28,258 INFO: avg err:0.2970 | err:0.6525 | horse_05 hippo_03
2026-06-30 10:53:28,878 INFO: avg err:0.2987 | err:0.7936 | horse_05 hippo_04
2026-06-30 10:53:29,121 INFO: avg err:0.2999 | err:0.6440 | horse_05 hippo_05
2026-06-30 10:53:29,595 INFO: avg err:0.3014 | err:0.7329 | horse_05 hippo_06
2026-06-30 10:53:29,854 INFO: avg err:0.3005 | err:0.0216 | horse_05 horse_01
2026-06-30 10:53:30,357 INFO: avg err:0.2995 | err:0.0193 | horse_05 horse_02
2026-06-30 10:53:30,617 INFO: avg err:0.2985 | err:0.0188 | horse_05 horse_03
2026-06-30 10:53:31,008 INFO: avg err:0.2976 | err:0.0214 | horse_05 horse_04
2026-06-30 10:53:31,230 INFO: avg err:0.2966 | err:0.0000 | horse_05 horse_05
2026-06-30 10:53:31,753 INFO: avg err:0.2957 | err:0.0253 | horse_05 horse_06
2026-06-30 10:53:32,014 INFO: avg err:0.2948 | err:0.0245 | horse_05 horse_07
2026-06-30 10:53:32,520 INFO: avg err:0.2938 | err:0.0198 | horse_05 horse_08
2026-06-30 10:53:32,773 INFO: avg err:0.2931 | err:0.0646 | horse_05 horse_09
2026-06-30 10:53:33,297 INFO: avg err:0.2925 | err:0.1124 | horse_05 horse_10
2026-06-30 10:53:33,522 INFO: avg err:0.2916 | err:0.0351 | horse_06 cougar_01
2026-06-30 10:53:34,160 INFO: avg err:0.2908 | err:0.0511 | horse_06 cougar_02
2026-06-30 10:53:34,416 INFO: avg err:0.2900 | err:0.0378 | horse_06 cougar_03
2026-06-30 10:53:34,813 INFO: avg err:0.2891 | err:0.0328 | horse_06 cougar_04
2026-06-30 10:53:35,016 INFO: avg err:0.2908 | err:0.7946 | horse_06 hippo_01
2026-06-30 10:53:35,579 INFO: avg err:0.2924 | err:0.7700 | horse_06 hippo_02
2026-06-30 10:53:35,817 INFO: avg err:0.2938 | err:0.7334 | horse_06 hippo_03
2026-06-30 10:53:36,396 INFO: avg err:0.2955 | err:0.8082 | horse_06 hippo_04
2026-06-30 10:53:36,638 INFO: avg err:0.2965 | err:0.6058 | horse_06 hippo_05
2026-06-30 10:53:37,115 INFO: avg err:0.2978 | err:0.6978 | horse_06 hippo_06
2026-06-30 10:53:37,344 INFO: avg err:0.2969 | err:0.0186 | horse_06 horse_01
2026-06-30 10:53:37,921 INFO: avg err:0.2960 | err:0.0178 | horse_06 horse_02
2026-06-30 10:53:38,121 INFO: avg err:0.2951 | err:0.0196 | horse_06 horse_03
2026-06-30 10:53:38,664 INFO: avg err:0.2942 | err:0.0256 | horse_06 horse_04
2026-06-30 10:53:38,922 INFO: avg err:0.2934 | err:0.0286 | horse_06 horse_05
2026-06-30 10:53:39,372 INFO: avg err:0.2925 | err:0.0000 | horse_06 horse_06
2026-06-30 10:53:39,625 INFO: avg err:0.2916 | err:0.0154 | horse_06 horse_07
2026-06-30 10:53:40,131 INFO: avg err:0.2907 | err:0.0185 | horse_06 horse_08
2026-06-30 10:53:40,371 INFO: avg err:0.2900 | err:0.0762 | horse_06 horse_09
2026-06-30 10:53:40,883 INFO: avg err:0.2895 | err:0.1183 | horse_06 horse_10
2026-06-30 10:53:41,156 INFO: avg err:0.2887 | err:0.0339 | horse_07 cougar_01
2026-06-30 10:53:41,408 INFO: avg err:0.2881 | err:0.0841 | horse_07 cougar_02
2026-06-30 10:53:41,659 INFO: avg err:0.2873 | err:0.0372 | horse_07 cougar_03
2026-06-30 10:53:42,156 INFO: avg err:0.2865 | err:0.0306 | horse_07 cougar_04
2026-06-30 10:53:42,387 INFO: avg err:0.2881 | err:0.8102 | horse_07 hippo_01
2026-06-30 10:53:42,836 INFO: avg err:0.2897 | err:0.8128 | horse_07 hippo_02
2026-06-30 10:53:43,078 INFO: avg err:0.2912 | err:0.7732 | horse_07 hippo_03
2026-06-30 10:53:43,547 INFO: avg err:0.2929 | err:0.8529 | horse_07 hippo_04
2026-06-30 10:53:43,789 INFO: avg err:0.2941 | err:0.6761 | horse_07 hippo_05
2026-06-30 10:53:44,361 INFO: avg err:0.2955 | err:0.7561 | horse_07 hippo_06
2026-06-30 10:53:44,597 INFO: avg err:0.2946 | err:0.0173 | horse_07 horse_01
2026-06-30 10:53:45,104 INFO: avg err:0.2938 | err:0.0231 | horse_07 horse_02
2026-06-30 10:53:45,341 INFO: avg err:0.2930 | err:0.0214 | horse_07 horse_03
2026-06-30 10:53:45,824 INFO: avg err:0.2922 | err:0.0251 | horse_07 horse_04
2026-06-30 10:53:46,047 INFO: avg err:0.2914 | err:0.0285 | horse_07 horse_05
2026-06-30 10:53:46,627 INFO: avg err:0.2906 | err:0.0145 | horse_07 horse_06
2026-06-30 10:53:46,876 INFO: avg err:0.2897 | err:0.0000 | horse_07 horse_07
2026-06-30 10:53:47,299 INFO: avg err:0.2889 | err:0.0211 | horse_07 horse_08
2026-06-30 10:53:47,539 INFO: avg err:0.2883 | err:0.0886 | horse_07 horse_09
2026-06-30 10:53:47,992 INFO: avg err:0.2878 | err:0.1072 | horse_07 horse_10
2026-06-30 10:53:48,267 INFO: avg err:0.2871 | err:0.0275 | horse_08 cougar_01
2026-06-30 10:53:48,681 INFO: avg err:0.2864 | err:0.0558 | horse_08 cougar_02
2026-06-30 10:53:48,884 INFO: avg err:0.2856 | err:0.0313 | horse_08 cougar_03
2026-06-30 10:53:49,417 INFO: avg err:0.2849 | err:0.0313 | horse_08 cougar_04
2026-06-30 10:53:49,618 INFO: avg err:0.2864 | err:0.7916 | horse_08 hippo_01
2026-06-30 10:53:50,253 INFO: avg err:0.2878 | err:0.7791 | horse_08 hippo_02
2026-06-30 10:53:50,466 INFO: avg err:0.2888 | err:0.6428 | horse_08 hippo_03
2026-06-30 10:53:51,026 INFO: avg err:0.2904 | err:0.8313 | horse_08 hippo_04
2026-06-30 10:53:51,256 INFO: avg err:0.2913 | err:0.6123 | horse_08 hippo_05
2026-06-30 10:53:51,746 INFO: avg err:0.2926 | err:0.7565 | horse_08 hippo_06
2026-06-30 10:53:51,989 INFO: avg err:0.2918 | err:0.0165 | horse_08 horse_01
2026-06-30 10:53:52,407 INFO: avg err:0.2910 | err:0.0121 | horse_08 horse_02
2026-06-30 10:53:52,682 INFO: avg err:0.2903 | err:0.0140 | horse_08 horse_03
2026-06-30 10:53:53,155 INFO: avg err:0.2895 | err:0.0182 | horse_08 horse_04
2026-06-30 10:53:53,365 INFO: avg err:0.2887 | err:0.0241 | horse_08 horse_05
2026-06-30 10:53:53,857 INFO: avg err:0.2880 | err:0.0189 | horse_08 horse_06
2026-06-30 10:53:54,134 INFO: avg err:0.2872 | err:0.0218 | horse_08 horse_07
2026-06-30 10:53:54,548 INFO: avg err:0.2864 | err:0.0000 | horse_08 horse_08
2026-06-30 10:53:54,803 INFO: avg err:0.2858 | err:0.0594 | horse_08 horse_09
2026-06-30 10:53:55,277 INFO: avg err:0.2853 | err:0.0931 | horse_08 horse_10
2026-06-30 10:53:55,529 INFO: avg err:0.2848 | err:0.1044 | horse_09 cougar_01
2026-06-30 10:53:56,071 INFO: avg err:0.2844 | err:0.1553 | horse_09 cougar_02
2026-06-30 10:53:56,279 INFO: avg err:0.2839 | err:0.1069 | horse_09 cougar_03
2026-06-30 10:53:56,861 INFO: avg err:0.2834 | err:0.1101 | horse_09 cougar_04
2026-06-30 10:53:57,132 INFO: avg err:0.2846 | err:0.7248 | horse_09 hippo_01
2026-06-30 10:53:57,526 INFO: avg err:0.2857 | err:0.6817 | horse_09 hippo_02
2026-06-30 10:53:57,746 INFO: avg err:0.2867 | err:0.6322 | horse_09 hippo_03
2026-06-30 10:53:58,240 INFO: avg err:0.2877 | err:0.6674 | horse_09 hippo_04
2026-06-30 10:53:58,510 INFO: avg err:0.2887 | err:0.6416 | horse_09 hippo_05
2026-06-30 10:53:58,922 INFO: avg err:0.2898 | err:0.6968 | horse_09 hippo_06
2026-06-30 10:53:59,166 INFO: avg err:0.2892 | err:0.0880 | horse_09 horse_01
2026-06-30 10:53:59,610 INFO: avg err:0.2887 | err:0.0866 | horse_09 horse_02
2026-06-30 10:53:59,832 INFO: avg err:0.2881 | err:0.0872 | horse_09 horse_03
2026-06-30 10:54:00,263 INFO: avg err:0.2876 | err:0.0949 | horse_09 horse_04
2026-06-30 10:54:00,594 INFO: avg err:0.2871 | err:0.1033 | horse_09 horse_05
2026-06-30 10:54:01,106 INFO: avg err:0.2867 | err:0.1097 | horse_09 horse_06
2026-06-30 10:54:01,373 INFO: avg err:0.2862 | err:0.1035 | horse_09 horse_07
2026-06-30 10:54:01,905 INFO: avg err:0.2856 | err:0.0854 | horse_09 horse_08
2026-06-30 10:54:02,182 INFO: avg err:0.2849 | err:0.0000 | horse_09 horse_09
2026-06-30 10:54:02,694 INFO: avg err:0.2842 | err:0.0244 | horse_09 horse_10
2026-06-30 10:54:02,974 INFO: avg err:0.2838 | err:0.1230 | horse_10 cougar_01
2026-06-30 10:54:03,307 INFO: avg err:0.2836 | err:0.1960 | horse_10 cougar_02
2026-06-30 10:54:03,550 INFO: avg err:0.2832 | err:0.1365 | horse_10 cougar_03
2026-06-30 10:54:04,106 INFO: avg err:0.2828 | err:0.1284 | horse_10 cougar_04
2026-06-30 10:54:04,349 INFO: avg err:0.2842 | err:0.8479 | horse_10 hippo_01
2026-06-30 10:54:04,924 INFO: avg err:0.2855 | err:0.7849 | horse_10 hippo_02
2026-06-30 10:54:05,180 INFO: avg err:0.2864 | err:0.6399 | horse_10 hippo_03
2026-06-30 10:54:05,728 INFO: avg err:0.2878 | err:0.8028 | horse_10 hippo_04
2026-06-30 10:54:05,977 INFO: avg err:0.2885 | err:0.5622 | horse_10 hippo_05
2026-06-30 10:54:06,421 INFO: avg err:0.2896 | err:0.7159 | horse_10 hippo_06
2026-06-30 10:54:06,675 INFO: avg err:0.2891 | err:0.0895 | horse_10 horse_01
2026-06-30 10:54:07,171 INFO: avg err:0.2886 | err:0.1026 | horse_10 horse_02
2026-06-30 10:54:07,407 INFO: avg err:0.2881 | err:0.0852 | horse_10 horse_03
2026-06-30 10:54:07,917 INFO: avg err:0.2876 | err:0.0827 | horse_10 horse_04
2026-06-30 10:54:08,165 INFO: avg err:0.2871 | err:0.1011 | horse_10 horse_05
2026-06-30 10:54:08,645 INFO: avg err:0.2866 | err:0.0809 | horse_10 horse_06
2026-06-30 10:54:08,891 INFO: avg err:0.2861 | err:0.1035 | horse_10 horse_07
2026-06-30 10:54:09,365 INFO: avg err:0.2856 | err:0.0935 | horse_10 horse_08
2026-06-30 10:54:09,574 INFO: avg err:0.2849 | err:0.0184 | horse_10 horse_09
2026-06-30 10:54:09,944 INFO: avg err:0.2842 | err:0.0000 | horse_10 horse_10
2026-06-30 10:54:09,975 INFO: Avg time: 0.0465
2026-06-30 10:54:10,527 INFO: Val auc: 0.5279
2026-06-30 10:54:10,534 INFO: Val avg error: 0.2842
2026-06-30 10:54:10,601 INFO: [ONB diag] max|Q-I|: mean=3.4168e-07 max=4.7684e-07 | max|Φ̃ᵀMΦ̃-I|: mean=3.4168e-07 max=4.7684e-07
2026-06-30 10:54:14,068 INFO: [smal_..][epoch: 17, iter:  14,020, lr:(1.859e-04,)][eta: 0:11:57, time (data): 0.196 (0.017)]l_bij: 5.5969e+01 l_orth: 7.3456e+01 l_align: 7.1022e+01 l_total: 2.0045e+02 
2026-06-30 10:54:17,529 INFO: [smal_..][epoch: 17, iter:  14,040, lr:(1.859e-04,)][eta: 0:11:52, time (data): 0.194 (0.019)]l_bij: 7.3550e+01 l_orth: 9.0440e+01 l_align: 7.5705e+01 l_total: 2.3969e+02 
2026-06-30 10:54:20,874 INFO: [smal_..][epoch: 17, iter:  14,060, lr:(1.859e-04,)][eta: 0:11:46, time (data): 0.191 (0.019)]l_bij: 8.9903e+01 l_orth: 9.5890e+01 l_align: 8.0545e+01 l_total: 2.6634e+02 
2026-06-30 10:54:24,293 INFO: [smal_..][epoch: 17, iter:  14,080, lr:(1.859e-04,)][eta: 0:11:41, time (data): 0.169 (0.026)]l_bij: 8.4675e+01 l_orth: 9.2294e+01 l_align: 7.6407e+01 l_total: 2.5338e+02 
2026-06-30 10:54:27,591 INFO: [smal_..][epoch: 17, iter:  14,100, lr:(1.859e-04,)][eta: 0:11:36, time (data): 0.166 (0.026)]l_bij: 1.0096e+02 l_orth: 1.0411e+02 l_align: 8.4520e+01 l_total: 2.8959e+02 
2026-06-30 10:54:31,089 INFO: [smal_..][epoch: 17, iter:  14,120, lr:(1.859e-04,)][eta: 0:11:30, time (data): 0.170 (0.026)]l_bij: 8.5251e+01 l_orth: 9.4514e+01 l_align: 7.9429e+01 l_total: 2.5919e+02 
2026-06-30 10:54:34,569 INFO: [smal_..][epoch: 17, iter:  14,140, lr:(1.859e-04,)][eta: 0:11:25, time (data): 0.171 (0.026)]l_bij: 7.9310e+01 l_orth: 8.7451e+01 l_align: 7.3188e+01 l_total: 2.3995e+02 
2026-06-30 10:54:37,870 INFO: [smal_..][epoch: 17, iter:  14,160, lr:(1.859e-04,)][eta: 0:11:19, time (data): 0.169 (0.026)]l_bij: 9.0757e+01 l_orth: 1.0013e+02 l_align: 7.8005e+01 l_total: 2.6889e+02 
2026-06-30 10:54:41,311 INFO: [smal_..][epoch: 17, iter:  14,180, lr:(1.859e-04,)][eta: 0:11:14, time (data): 0.170 (0.026)]l_bij: 6.0648e+01 l_orth: 7.8339e+01 l_align: 7.1049e+01 l_total: 2.1004e+02 
2026-06-30 10:54:44,796 INFO: [smal_..][epoch: 17, iter:  14,200, lr:(1.859e-04,)][eta: 0:11:08, time (data): 0.171 (0.027)]l_bij: 1.0655e+02 l_orth: 1.0823e+02 l_align: 8.1935e+01 l_total: 2.9672e+02 
2026-06-30 10:54:48,246 INFO: [smal_..][epoch: 17, iter:  14,220, lr:(1.859e-04,)][eta: 0:11:03, time (data): 0.171 (0.026)]l_bij: 6.5021e+01 l_orth: 8.1649e+01 l_align: 6.6777e+01 l_total: 2.1345e+02 
2026-06-30 10:54:51,566 INFO: [smal_..][epoch: 17, iter:  14,240, lr:(1.859e-04,)][eta: 0:10:58, time (data): 0.170 (0.026)]l_bij: 7.3539e+01 l_orth: 8.3358e+01 l_align: 7.0967e+01 l_total: 2.2786e+02 
2026-06-30 10:54:55,345 INFO: [smal_..][epoch: 17, iter:  14,260, lr:(1.859e-04,)][eta: 0:10:52, time (data): 0.172 (0.025)]l_bij: 8.0919e+01 l_orth: 9.1986e+01 l_align: 7.6374e+01 l_total: 2.4928e+02 
2026-06-30 10:54:59,006 INFO: [smal_..][epoch: 17, iter:  14,280, lr:(1.859e-04,)][eta: 0:10:47, time (data): 0.183 (0.018)]l_bij: 9.3036e+01 l_orth: 9.9849e+01 l_align: 7.9164e+01 l_total: 2.7205e+02 
2026-06-30 10:55:03,010 INFO: [smal_..][epoch: 18, iter:  14,300, lr:(1.490e-04,)][eta: 0:10:42, time (data): 0.195 (0.029)]l_bij: 9.0472e+01 l_orth: 9.7539e+01 l_align: 7.5672e+01 l_total: 2.6368e+02 
2026-06-30 10:55:06,606 INFO: [smal_..][epoch: 18, iter:  14,320, lr:(1.490e-04,)][eta: 0:10:36, time (data): 0.189 (0.024)]l_bij: 5.4681e+01 l_orth: 7.7948e+01 l_align: 7.7180e+01 l_total: 2.0981e+02 
2026-06-30 10:55:10,181 INFO: [smal_..][epoch: 18, iter:  14,340, lr:(1.490e-04,)][eta: 0:10:31, time (data): 0.186 (0.023)]l_bij: 7.1249e+01 l_orth: 8.3717e+01 l_align: 7.1741e+01 l_total: 2.2671e+02 
2026-06-30 10:55:14,131 INFO: [smal_..][epoch: 18, iter:  14,360, lr:(1.490e-04,)][eta: 0:10:26, time (data): 0.188 (0.021)]l_bij: 2.2347e+01 l_orth: 5.6259e+01 l_align: 8.1988e+01 l_total: 1.6059e+02 
2026-06-30 10:55:18,040 INFO: [smal_..][epoch: 18, iter:  14,380, lr:(1.490e-04,)][eta: 0:10:20, time (data): 0.190 (0.020)]l_bij: 6.6043e+01 l_orth: 7.8698e+01 l_align: 6.5512e+01 l_total: 2.1025e+02 
2026-06-30 10:55:22,036 INFO: [smal_..][epoch: 18, iter:  14,400, lr:(1.490e-04,)][eta: 0:10:15, time (data): 0.191 (0.019)]l_bij: 8.3408e+01 l_orth: 9.3746e+01 l_align: 7.3174e+01 l_total: 2.5033e+02 
2026-06-30 10:55:25,970 INFO: [smal_..][epoch: 18, iter:  14,420, lr:(1.490e-04,)][eta: 0:10:10, time (data): 0.192 (0.019)]l_bij: 7.7063e+01 l_orth: 8.7059e+01 l_align: 7.3996e+01 l_total: 2.3812e+02 
2026-06-30 10:55:29,931 INFO: [smal_..][epoch: 18, iter:  14,440, lr:(1.490e-04,)][eta: 0:10:04, time (data): 0.193 (0.018)]l_bij: 7.7914e+01 l_orth: 8.7737e+01 l_align: 7.7023e+01 l_total: 2.4267e+02 
2026-06-30 10:55:33,896 INFO: [smal_..][epoch: 18, iter:  14,460, lr:(1.490e-04,)][eta: 0:09:59, time (data): 0.193 (0.018)]l_bij: 5.9688e+01 l_orth: 7.4678e+01 l_align: 7.2708e+01 l_total: 2.0707e+02 
2026-06-30 10:55:38,086 INFO: [smal_..][epoch: 18, iter:  14,480, lr:(1.490e-04,)][eta: 0:09:54, time (data): 0.205 (0.016)]l_bij: 5.8652e+01 l_orth: 7.5258e+01 l_align: 7.0782e+01 l_total: 2.0469e+02 
2026-06-30 10:55:42,166 INFO: [smal_..][epoch: 18, iter:  14,500, lr:(1.490e-04,)][eta: 0:09:49, time (data): 0.204 (0.016)]l_bij: 7.2361e+01 l_orth: 8.1782e+01 l_align: 6.7192e+01 l_total: 2.2134e+02 
2026-06-30 10:55:46,098 INFO: [smal_..][epoch: 18, iter:  14,520, lr:(1.490e-04,)][eta: 0:09:43, time (data): 0.201 (0.016)]l_bij: 8.0622e+01 l_orth: 8.9655e+01 l_align: 7.6782e+01 l_total: 2.4706e+02 
2026-06-30 10:55:50,101 INFO: [smal_..][epoch: 18, iter:  14,540, lr:(1.490e-04,)][eta: 0:09:38, time (data): 0.201 (0.016)]l_bij: 5.3793e+01 l_orth: 7.7988e+01 l_align: 7.8016e+01 l_total: 2.0980e+02 
2026-06-30 10:55:54,154 INFO: [smal_..][epoch: 18, iter:  14,560, lr:(1.490e-04,)][eta: 0:09:33, time (data): 0.201 (0.015)]l_bij: 8.2370e+01 l_orth: 9.0347e+01 l_align: 7.1810e+01 l_total: 2.4453e+02 
2026-06-30 10:55:58,139 INFO: [smal_..][epoch: 18, iter:  14,580, lr:(1.490e-04,)][eta: 0:09:28, time (data): 0.201 (0.015)]l_bij: 9.3724e+01 l_orth: 1.0141e+02 l_align: 8.2007e+01 l_total: 2.7714e+02 
2026-06-30 10:56:02,099 INFO: [smal_..][epoch: 18, iter:  14,600, lr:(1.490e-04,)][eta: 0:09:22, time (data): 0.200 (0.015)]l_bij: 7.3949e+01 l_orth: 8.4576e+01 l_align: 7.1631e+01 l_total: 2.3016e+02 
2026-06-30 10:56:06,108 INFO: [smal_..][epoch: 18, iter:  14,620, lr:(1.490e-04,)][eta: 0:09:17, time (data): 0.200 (0.015)]l_bij: 7.4257e+01 l_orth: 8.5546e+01 l_align: 7.1767e+01 l_total: 2.3157e+02 
2026-06-30 10:56:10,151 INFO: [smal_..][epoch: 18, iter:  14,640, lr:(1.490e-04,)][eta: 0:09:12, time (data): 0.201 (0.015)]l_bij: 8.3103e+01 l_orth: 9.2008e+01 l_align: 7.2584e+01 l_total: 2.4770e+02 
2026-06-30 10:56:14,203 INFO: [smal_..][epoch: 18, iter:  14,660, lr:(1.490e-04,)][eta: 0:09:07, time (data): 0.201 (0.015)]l_bij: 9.3399e+01 l_orth: 9.9511e+01 l_align: 8.3845e+01 l_total: 2.7676e+02 
2026-06-30 10:56:18,316 INFO: [smal_..][epoch: 18, iter:  14,680, lr:(1.490e-04,)][eta: 0:09:02, time (data): 0.214 (0.017)]l_bij: 8.9551e+01 l_orth: 9.7265e+01 l_align: 8.1086e+01 l_total: 2.6790e+02 
2026-06-30 10:56:22,375 INFO: [smal_..][epoch: 18, iter:  14,700, lr:(1.490e-04,)][eta: 0:08:56, time (data): 0.206 (0.016)]l_bij: 5.2089e+01 l_orth: 6.8506e+01 l_align: 6.4103e+01 l_total: 1.8470e+02 
2026-06-30 10:56:26,482 INFO: [smal_..][epoch: 18, iter:  14,720, lr:(1.490e-04,)][eta: 0:08:51, time (data): 0.205 (0.016)]l_bij: 5.8844e+01 l_orth: 7.6711e+01 l_align: 7.4643e+01 l_total: 2.1020e+02 
2026-06-30 10:56:30,553 INFO: [smal_..][epoch: 18, iter:  14,740, lr:(1.490e-04,)][eta: 0:08:46, time (data): 0.205 (0.016)]l_bij: 6.5530e+01 l_orth: 7.7230e+01 l_align: 7.0905e+01 l_total: 2.1367e+02 
2026-06-30 10:56:34,693 INFO: [smal_..][epoch: 18, iter:  14,760, lr:(1.490e-04,)][eta: 0:08:41, time (data): 0.205 (0.016)]l_bij: 8.2354e+01 l_orth: 9.2776e+01 l_align: 7.5710e+01 l_total: 2.5084e+02 
2026-06-30 10:56:38,825 INFO: [smal_..][epoch: 18, iter:  14,780, lr:(1.490e-04,)][eta: 0:08:36, time (data): 0.206 (0.016)]l_bij: 8.9983e+01 l_orth: 9.7555e+01 l_align: 7.9248e+01 l_total: 2.6679e+02 
2026-06-30 10:56:43,032 INFO: [smal_..][epoch: 18, iter:  14,800, lr:(1.490e-04,)][eta: 0:08:30, time (data): 0.206 (0.016)]l_bij: 7.9072e+01 l_orth: 8.8662e+01 l_align: 7.3799e+01 l_total: 2.4153e+02 
2026-06-30 10:56:47,061 INFO: [smal_..][epoch: 18, iter:  14,820, lr:(1.490e-04,)][eta: 0:08:25, time (data): 0.206 (0.016)]l_bij: 4.1610e+01 l_orth: 7.5497e+01 l_align: 8.2061e+01 l_total: 1.9917e+02 
2026-06-30 10:56:51,071 INFO: [smal_..][epoch: 18, iter:  14,840, lr:(1.490e-04,)][eta: 0:08:20, time (data): 0.205 (0.016)]l_bij: 3.3483e+01 l_orth: 6.1583e+01 l_align: 7.5856e+01 l_total: 1.7092e+02 
2026-06-30 10:56:54,956 INFO: [smal_..][epoch: 18, iter:  14,860, lr:(1.490e-04,)][eta: 0:08:15, time (data): 0.204 (0.016)]l_bij: 9.8870e+01 l_orth: 1.0435e+02 l_align: 8.2508e+01 l_total: 2.8573e+02 
2026-06-30 10:56:59,062 INFO: [smal_..][epoch: 18, iter:  14,880, lr:(1.490e-04,)][eta: 0:08:10, time (data): 0.206 (0.016)]l_bij: 6.9126e+01 l_orth: 8.5272e+01 l_align: 7.3433e+01 l_total: 2.2783e+02 
2026-06-30 10:57:03,126 INFO: [smal_..][epoch: 18, iter:  14,900, lr:(1.490e-04,)][eta: 0:08:04, time (data): 0.204 (0.016)]l_bij: 6.9557e+01 l_orth: 8.1534e+01 l_align: 7.2970e+01 l_total: 2.2406e+02 
2026-06-30 10:57:07,177 INFO: [smal_..][epoch: 18, iter:  14,920, lr:(1.490e-04,)][eta: 0:07:59, time (data): 0.203 (0.016)]l_bij: 4.9559e+01 l_orth: 7.1476e+01 l_align: 7.4157e+01 l_total: 1.9519e+02 
2026-06-30 10:57:11,240 INFO: [smal_..][epoch: 18, iter:  14,940, lr:(1.490e-04,)][eta: 0:07:54, time (data): 0.203 (0.016)]l_bij: 9.0721e+01 l_orth: 9.7759e+01 l_align: 7.9183e+01 l_total: 2.6766e+02 
2026-06-30 10:57:15,242 INFO: [smal_..][epoch: 18, iter:  14,960, lr:(1.490e-04,)][eta: 0:07:49, time (data): 0.202 (0.016)]l_bij: 6.7460e+01 l_orth: 8.1697e+01 l_align: 7.0375e+01 l_total: 2.1953e+02 
2026-06-30 10:57:19,314 INFO: [smal_..][epoch: 18, iter:  14,980, lr:(1.490e-04,)][eta: 0:07:44, time (data): 0.203 (0.016)]l_bij: 7.8220e+01 l_orth: 9.0519e+01 l_align: 7.3086e+01 l_total: 2.4182e+02 
2026-06-30 10:57:23,585 INFO: [smal_..][epoch: 18, iter:  15,000, lr:(1.490e-04,)][eta: 0:07:39, time (data): 0.204 (0.016)]l_bij: 7.5800e+01 l_orth: 9.0870e+01 l_align: 7.3738e+01 l_total: 2.4041e+02 
2026-06-30 10:57:27,605 INFO: [smal_..][epoch: 18, iter:  15,020, lr:(1.490e-04,)][eta: 0:07:33, time (data): 0.204 (0.016)]l_bij: 6.5551e+01 l_orth: 8.0802e+01 l_align: 7.4625e+01 l_total: 2.2098e+02 
2026-06-30 10:57:31,497 INFO: [smal_..][epoch: 18, iter:  15,040, lr:(1.490e-04,)][eta: 0:07:28, time (data): 0.203 (0.016)]l_bij: 6.1763e+01 l_orth: 7.8311e+01 l_align: 6.6706e+01 l_total: 2.0678e+02 
2026-06-30 10:57:35,552 INFO: [smal_..][epoch: 18, iter:  15,060, lr:(1.490e-04,)][eta: 0:07:23, time (data): 0.203 (0.016)]l_bij: 8.3142e+01 l_orth: 9.3220e+01 l_align: 8.3567e+01 l_total: 2.5993e+02 
2026-06-30 10:57:39,841 INFO: [smal_..][epoch: 18, iter:  15,080, lr:(1.490e-04,)][eta: 0:07:18, time (data): 0.210 (0.015)]l_bij: 5.3504e+00 l_orth: 4.3264e+01 l_align: 8.3251e+01 l_total: 1.3187e+02 
2026-06-30 10:57:43,907 INFO: [smal_..][epoch: 18, iter:  15,100, lr:(1.490e-04,)][eta: 0:07:13, time (data): 0.205 (0.016)]l_bij: 1.0127e+02 l_orth: 1.0449e+02 l_align: 8.2745e+01 l_total: 2.8850e+02 
2026-06-30 10:57:47,929 INFO: [smal_..][epoch: 18, iter:  15,120, lr:(1.490e-04,)][eta: 0:07:08, time (data): 0.203 (0.016)]l_bij: 6.7315e+01 l_orth: 8.0750e+01 l_align: 7.3679e+01 l_total: 2.2174e+02 
2026-06-30 10:57:52,048 INFO: [smal_..][epoch: 19, iter:  15,140, lr:(1.220e-04,)][eta: 0:07:02, time (data): 0.204 (0.019)]l_bij: 8.8444e+01 l_orth: 9.6412e+01 l_align: 7.8483e+01 l_total: 2.6334e+02 
2026-06-30 10:57:56,062 INFO: [smal_..][epoch: 19, iter:  15,160, lr:(1.220e-04,)][eta: 0:06:57, time (data): 0.203 (0.018)]l_bij: 1.1669e+02 l_orth: 1.1584e+02 l_align: 8.4601e+01 l_total: 3.1713e+02 
2026-06-30 10:57:59,986 INFO: [smal_..][epoch: 19, iter:  15,180, lr:(1.220e-04,)][eta: 0:06:52, time (data): 0.202 (0.018)]l_bij: 9.3738e+01 l_orth: 9.8426e+01 l_align: 7.7980e+01 l_total: 2.7014e+02 
2026-06-30 10:58:03,910 INFO: [smal_..][epoch: 19, iter:  15,200, lr:(1.220e-04,)][eta: 0:06:47, time (data): 0.201 (0.018)]l_bij: 7.9959e+01 l_orth: 9.1595e+01 l_align: 8.1042e+01 l_total: 2.5260e+02 
2026-06-30 10:58:07,840 INFO: [smal_..][epoch: 19, iter:  15,220, lr:(1.220e-04,)][eta: 0:06:42, time (data): 0.200 (0.017)]l_bij: 5.4890e+01 l_orth: 7.2269e+01 l_align: 7.3878e+01 l_total: 2.0104e+02 
2026-06-30 10:58:11,843 INFO: [smal_..][epoch: 19, iter:  15,240, lr:(1.220e-04,)][eta: 0:06:37, time (data): 0.200 (0.017)]l_bij: 6.8825e+01 l_orth: 8.4815e+01 l_align: 7.3073e+01 l_total: 2.2671e+02 
2026-06-30 10:58:15,876 INFO: [smal_..][epoch: 19, iter:  15,260, lr:(1.220e-04,)][eta: 0:06:32, time (data): 0.200 (0.017)]l_bij: 3.4697e+00 l_orth: 3.8523e+01 l_align: 7.7488e+01 l_total: 1.1948e+02 
2026-06-30 10:58:19,606 INFO: [smal_..][epoch: 19, iter:  15,280, lr:(1.220e-04,)][eta: 0:06:26, time (data): 0.209 (0.016)]l_bij: 8.4786e+01 l_orth: 9.3762e+01 l_align: 7.6196e+01 l_total: 2.5474e+02 
2026-06-30 10:58:23,673 INFO: [smal_..][epoch: 19, iter:  15,300, lr:(1.220e-04,)][eta: 0:06:21, time (data): 0.204 (0.016)]l_bij: 8.1480e+01 l_orth: 9.1752e+01 l_align: 7.5027e+01 l_total: 2.4826e+02 
2026-06-30 10:58:27,695 INFO: [smal_..][epoch: 19, iter:  15,320, lr:(1.220e-04,)][eta: 0:06:16, time (data): 0.203 (0.016)]l_bij: 8.7842e+01 l_orth: 9.5027e+01 l_align: 7.7516e+01 l_total: 2.6038e+02 
2026-06-30 10:58:31,712 INFO: [smal_..][epoch: 19, iter:  15,340, lr:(1.220e-04,)][eta: 0:06:11, time (data): 0.202 (0.016)]l_bij: 8.1363e+01 l_orth: 8.9904e+01 l_align: 7.0236e+01 l_total: 2.4150e+02 
2026-06-30 10:58:35,749 INFO: [smal_..][epoch: 19, iter:  15,360, lr:(1.220e-04,)][eta: 0:06:06, time (data): 0.202 (0.016)]l_bij: 3.8250e+01 l_orth: 6.4583e+01 l_align: 7.4167e+01 l_total: 1.7700e+02 
2026-06-30 10:58:39,803 INFO: [smal_..][epoch: 19, iter:  15,380, lr:(1.220e-04,)][eta: 0:06:01, time (data): 0.202 (0.016)]l_bij: 7.1143e+01 l_orth: 8.6524e+01 l_align: 7.5016e+01 l_total: 2.3268e+02 
2026-06-30 10:58:43,861 INFO: [smal_..][epoch: 19, iter:  15,400, lr:(1.220e-04,)][eta: 0:05:56, time (data): 0.202 (0.016)]l_bij: 8.9269e+01 l_orth: 9.7658e+01 l_align: 7.6548e+01 l_total: 2.6347e+02 
2026-06-30 10:58:47,770 INFO: [smal_..][epoch: 19, iter:  15,420, lr:(1.220e-04,)][eta: 0:05:51, time (data): 0.201 (0.016)]l_bij: 6.3921e+01 l_orth: 7.6848e+01 l_align: 7.1933e+01 l_total: 2.1270e+02 
2026-06-30 10:58:51,846 INFO: [smal_..][epoch: 19, iter:  15,440, lr:(1.220e-04,)][eta: 0:05:45, time (data): 0.202 (0.016)]l_bij: 7.7326e+01 l_orth: 8.8593e+01 l_align: 7.4877e+01 l_total: 2.4080e+02 
2026-06-30 10:58:55,839 INFO: [smal_..][epoch: 19, iter:  15,460, lr:(1.220e-04,)][eta: 0:05:40, time (data): 0.201 (0.016)]l_bij: 9.5996e+01 l_orth: 1.0002e+02 l_align: 7.4054e+01 l_total: 2.7007e+02 
2026-06-30 10:58:59,891 INFO: [smal_..][epoch: 19, iter:  15,480, lr:(1.220e-04,)][eta: 0:05:35, time (data): 0.213 (0.021)]l_bij: 9.1343e+01 l_orth: 9.8798e+01 l_align: 7.8070e+01 l_total: 2.6821e+02 
2026-06-30 10:59:03,903 INFO: [smal_..][epoch: 19, iter:  15,500, lr:(1.220e-04,)][eta: 0:05:30, time (data): 0.202 (0.017)]l_bij: 8.1578e+01 l_orth: 8.9893e+01 l_align: 7.4482e+01 l_total: 2.4595e+02 
2026-06-30 10:59:08,002 INFO: [smal_..][epoch: 19, iter:  15,520, lr:(1.220e-04,)][eta: 0:05:25, time (data): 0.203 (0.017)]l_bij: 6.1286e+01 l_orth: 7.6417e+01 l_align: 6.8035e+01 l_total: 2.0574e+02 
2026-06-30 10:59:12,100 INFO: [smal_..][epoch: 19, iter:  15,540, lr:(1.220e-04,)][eta: 0:05:20, time (data): 0.204 (0.016)]l_bij: 7.2345e+01 l_orth: 8.4092e+01 l_align: 7.3437e+01 l_total: 2.2987e+02 
2026-06-30 10:59:16,294 INFO: [smal_..][epoch: 19, iter:  15,560, lr:(1.220e-04,)][eta: 0:05:15, time (data): 0.205 (0.016)]l_bij: 7.9013e+01 l_orth: 8.7502e+01 l_align: 7.3839e+01 l_total: 2.4035e+02 
2026-06-30 10:59:20,333 INFO: [smal_..][epoch: 19, iter:  15,580, lr:(1.220e-04,)][eta: 0:05:10, time (data): 0.205 (0.016)]l_bij: 6.5399e+01 l_orth: 7.9169e+01 l_align: 6.4309e+01 l_total: 2.0888e+02 
2026-06-30 10:59:24,412 INFO: [smal_..][epoch: 19, iter:  15,600, lr:(1.220e-04,)][eta: 0:05:05, time (data): 0.204 (0.016)]l_bij: 8.4079e+01 l_orth: 9.2274e+01 l_align: 7.8498e+01 l_total: 2.5485e+02 
2026-06-30 10:59:28,450 INFO: [smal_..][epoch: 19, iter:  15,620, lr:(1.220e-04,)][eta: 0:05:00, time (data): 0.204 (0.016)]l_bij: 7.8632e+01 l_orth: 8.8822e+01 l_align: 7.2724e+01 l_total: 2.4018e+02 
2026-06-30 10:59:32,541 INFO: [smal_..][epoch: 19, iter:  15,640, lr:(1.220e-04,)][eta: 0:04:55, time (data): 0.204 (0.016)]l_bij: 7.3025e+01 l_orth: 8.3802e+01 l_align: 7.4256e+01 l_total: 2.3108e+02 
2026-06-30 10:59:36,638 INFO: [smal_..][epoch: 19, iter:  15,660, lr:(1.220e-04,)][eta: 0:04:50, time (data): 0.204 (0.016)]l_bij: 8.2424e+01 l_orth: 8.8876e+01 l_align: 7.7055e+01 l_total: 2.4836e+02 
2026-06-30 10:59:40,803 INFO: [smal_..][epoch: 19, iter:  15,680, lr:(1.220e-04,)][eta: 0:04:44, time (data): 0.198 (0.017)]l_bij: 8.6015e+01 l_orth: 9.3794e+01 l_align: 7.9247e+01 l_total: 2.5906e+02 
2026-06-30 10:59:44,926 INFO: [smal_..][epoch: 19, iter:  15,700, lr:(1.220e-04,)][eta: 0:04:39, time (data): 0.205 (0.017)]l_bij: 7.4051e+01 l_orth: 8.6196e+01 l_align: 7.8927e+01 l_total: 2.3917e+02 
2026-06-30 10:59:48,980 INFO: [smal_..][epoch: 19, iter:  15,720, lr:(1.220e-04,)][eta: 0:04:34, time (data): 0.204 (0.016)]l_bij: 6.2465e+01 l_orth: 7.7692e+01 l_align: 6.7188e+01 l_total: 2.0735e+02 
2026-06-30 10:59:53,110 INFO: [smal_..][epoch: 19, iter:  15,740, lr:(1.220e-04,)][eta: 0:04:29, time (data): 0.205 (0.016)]l_bij: 7.0732e+01 l_orth: 8.1933e+01 l_align: 7.7336e+01 l_total: 2.3000e+02 
2026-06-30 10:59:57,203 INFO: [smal_..][epoch: 19, iter:  15,760, lr:(1.220e-04,)][eta: 0:04:24, time (data): 0.205 (0.016)]l_bij: 3.4842e+01 l_orth: 6.1370e+01 l_align: 7.4532e+01 l_total: 1.7074e+02 
2026-06-30 11:00:01,304 INFO: [smal_..][epoch: 19, iter:  15,780, lr:(1.220e-04,)][eta: 0:04:19, time (data): 0.205 (0.016)]l_bij: 9.1991e+01 l_orth: 9.7539e+01 l_align: 8.2483e+01 l_total: 2.7201e+02 
2026-06-30 11:00:05,417 INFO: [smal_..][epoch: 19, iter:  15,800, lr:(1.220e-04,)][eta: 0:04:14, time (data): 0.205 (0.016)]l_bij: 4.7108e+01 l_orth: 7.1196e+01 l_align: 7.4183e+01 l_total: 1.9249e+02 
2026-06-30 11:00:09,531 INFO: [smal_..][epoch: 19, iter:  15,820, lr:(1.220e-04,)][eta: 0:04:09, time (data): 0.205 (0.016)]l_bij: 7.8444e+01 l_orth: 8.7318e+01 l_align: 6.8683e+01 l_total: 2.3444e+02 
2026-06-30 11:00:13,526 INFO: [smal_..][epoch: 19, iter:  15,840, lr:(1.220e-04,)][eta: 0:04:04, time (data): 0.204 (0.016)]l_bij: 1.0696e+02 l_orth: 1.0914e+02 l_align: 8.0156e+01 l_total: 2.9625e+02 
2026-06-30 11:00:17,662 INFO: [smal_..][epoch: 19, iter:  15,860, lr:(1.220e-04,)][eta: 0:03:59, time (data): 0.205 (0.016)]l_bij: 7.8460e+01 l_orth: 8.9054e+01 l_align: 7.3870e+01 l_total: 2.4138e+02 
2026-06-30 11:00:21,693 INFO: [smal_..][epoch: 19, iter:  15,880, lr:(1.220e-04,)][eta: 0:03:54, time (data): 0.198 (0.016)]l_bij: 7.8685e+01 l_orth: 8.8029e+01 l_align: 6.8997e+01 l_total: 2.3571e+02 
2026-06-30 11:00:25,643 INFO: [smal_..][epoch: 19, iter:  15,900, lr:(1.220e-04,)][eta: 0:03:49, time (data): 0.197 (0.016)]l_bij: 3.2930e+01 l_orth: 6.0463e+01 l_align: 7.7181e+01 l_total: 1.7057e+02 
2026-06-30 11:00:29,688 INFO: [smal_..][epoch: 19, iter:  15,920, lr:(1.220e-04,)][eta: 0:03:44, time (data): 0.200 (0.016)]l_bij: 7.9975e+01 l_orth: 8.8070e+01 l_align: 7.2603e+01 l_total: 2.4065e+02 
2026-06-30 11:00:33,765 INFO: [smal_..][epoch: 19, iter:  15,940, lr:(1.220e-04,)][eta: 0:03:39, time (data): 0.201 (0.016)]l_bij: 9.1779e+01 l_orth: 9.7706e+01 l_align: 8.1437e+01 l_total: 2.7092e+02 
2026-06-30 11:00:37,792 INFO: [smal_..][epoch: 19, iter:  15,960, lr:(1.220e-04,)][eta: 0:03:34, time (data): 0.201 (0.016)]l_bij: 7.7729e+00 l_orth: 5.1142e+01 l_align: 9.0559e+01 l_total: 1.4947e+02 
2026-06-30 11:00:42,074 INFO: [smal_..][epoch: 20, iter:  15,980, lr:(1.055e-04,)][eta: 0:03:29, time (data): 0.204 (0.019)]l_bij: 7.3228e+01 l_orth: 8.3743e+01 l_align: 7.0420e+01 l_total: 2.2739e+02 
2026-06-30 11:00:46,146 INFO: [smal_..][epoch: 20, iter:  16,000, lr:(1.055e-04,)][eta: 0:03:24, time (data): 0.204 (0.018)]l_bij: 1.1211e+02 l_orth: 1.1535e+02 l_align: 8.8326e+01 l_total: 3.1579e+02 
2026-06-30 11:00:46,147 INFO: Saving models and training states.
2026-06-30 11:00:46,182 INFO: Start validation.
2026-06-30 11:00:47,139 INFO: avg err:0.0000 | err:0.0000 | cougar_01 cougar_01
2026-06-30 11:00:47,345 INFO: avg err:0.0168 | err:0.0336 | cougar_01 cougar_02
2026-06-30 11:00:47,698 INFO: avg err:0.0164 | err:0.0157 | cougar_01 cougar_03
2026-06-30 11:00:47,891 INFO: avg err:0.0174 | err:0.0201 | cougar_01 cougar_04
2026-06-30 11:00:48,327 INFO: avg err:0.1856 | err:0.8584 | cougar_01 hippo_01
2026-06-30 11:00:48,539 INFO: avg err:0.2810 | err:0.7579 | cougar_01 hippo_02
2026-06-30 11:00:48,910 INFO: avg err:0.3447 | err:0.7270 | cougar_01 hippo_03
2026-06-30 11:00:49,150 INFO: avg err:0.4058 | err:0.8335 | cougar_01 hippo_04
2026-06-30 11:00:49,453 INFO: avg err:0.4327 | err:0.6479 | cougar_01 hippo_05
2026-06-30 11:00:49,657 INFO: avg err:0.4641 | err:0.7470 | cougar_01 hippo_06
2026-06-30 11:00:50,073 INFO: avg err:0.4252 | err:0.0363 | cougar_01 horse_01
2026-06-30 11:00:50,340 INFO: avg err:0.3925 | err:0.0323 | cougar_01 horse_02
2026-06-30 11:00:50,670 INFO: avg err:0.3646 | err:0.0298 | cougar_01 horse_03
2026-06-30 11:00:50,889 INFO: avg err:0.3408 | err:0.0317 | cougar_01 horse_04
2026-06-30 11:00:51,226 INFO: avg err:0.3206 | err:0.0382 | cougar_01 horse_05
2026-06-30 11:00:51,473 INFO: avg err:0.3025 | err:0.0315 | cougar_01 horse_06
2026-06-30 11:00:51,759 INFO: avg err:0.2868 | err:0.0340 | cougar_01 horse_07
2026-06-30 11:00:51,996 INFO: avg err:0.2722 | err:0.0257 | cougar_01 horse_08
2026-06-30 11:00:52,340 INFO: avg err:0.2639 | err:0.1128 | cougar_01 horse_09
2026-06-30 11:00:52,589 INFO: avg err:0.2567 | err:0.1202 | cougar_01 horse_10
2026-06-30 11:00:52,996 INFO: avg err:0.2460 | err:0.0322 | cougar_02 cougar_01
2026-06-30 11:00:53,195 INFO: avg err:0.2348 | err:0.0000 | cougar_02 cougar_02
2026-06-30 11:00:53,631 INFO: avg err:0.2254 | err:0.0195 | cougar_02 cougar_03
2026-06-30 11:00:53,832 INFO: avg err:0.2177 | err:0.0390 | cougar_02 cougar_04
2026-06-30 11:00:54,170 INFO: avg err:0.2436 | err:0.8657 | cougar_02 hippo_01
2026-06-30 11:00:54,375 INFO: avg err:0.2673 | err:0.8590 | cougar_02 hippo_02
2026-06-30 11:00:54,748 INFO: avg err:0.2845 | err:0.7337 | cougar_02 hippo_03
2026-06-30 11:00:54,955 INFO: avg err:0.3081 | err:0.9442 | cougar_02 hippo_04
2026-06-30 11:00:55,260 INFO: avg err:0.3183 | err:0.6052 | cougar_02 hippo_05
2026-06-30 11:00:55,486 INFO: avg err:0.3304 | err:0.6803 | cougar_02 hippo_06
2026-06-30 11:00:55,894 INFO: avg err:0.3215 | err:0.0547 | cougar_02 horse_01
2026-06-30 11:00:56,168 INFO: avg err:0.3134 | err:0.0612 | cougar_02 horse_02
2026-06-30 11:00:56,541 INFO: avg err:0.3060 | err:0.0695 | cougar_02 horse_03
2026-06-30 11:00:56,759 INFO: avg err:0.2985 | err:0.0517 | cougar_02 horse_04
2026-06-30 11:00:57,131 INFO: avg err:0.2915 | err:0.0547 | cougar_02 horse_05
2026-06-30 11:00:57,340 INFO: avg err:0.2849 | err:0.0526 | cougar_02 horse_06
2026-06-30 11:00:57,788 INFO: avg err:0.2786 | err:0.0516 | cougar_02 horse_07
2026-06-30 11:00:57,991 INFO: avg err:0.2725 | err:0.0455 | cougar_02 horse_08
2026-06-30 11:00:58,396 INFO: avg err:0.2699 | err:0.1740 | cougar_02 horse_09
2026-06-30 11:00:58,638 INFO: avg err:0.2678 | err:0.1837 | cougar_02 horse_10
2026-06-30 11:00:58,899 INFO: avg err:0.2616 | err:0.0145 | cougar_03 cougar_01
2026-06-30 11:00:59,122 INFO: avg err:0.2558 | err:0.0178 | cougar_03 cougar_02
2026-06-30 11:00:59,468 INFO: avg err:0.2499 | err:0.0000 | cougar_03 cougar_03
2026-06-30 11:00:59,669 INFO: avg err:0.2447 | err:0.0216 | cougar_03 cougar_04
2026-06-30 11:01:00,115 INFO: avg err:0.2601 | err:0.9397 | cougar_03 hippo_01
2026-06-30 11:01:00,318 INFO: avg err:0.2731 | err:0.8571 | cougar_03 hippo_02
2026-06-30 11:01:00,636 INFO: avg err:0.2831 | err:0.7436 | cougar_03 hippo_03
2026-06-30 11:01:00,896 INFO: avg err:0.2957 | err:0.8861 | cougar_03 hippo_04
2026-06-30 11:01:01,287 INFO: avg err:0.3034 | err:0.6764 | cougar_03 hippo_05
2026-06-30 11:01:01,514 INFO: avg err:0.3123 | err:0.7489 | cougar_03 hippo_06
2026-06-30 11:01:01,923 INFO: avg err:0.3070 | err:0.0381 | cougar_03 horse_01
2026-06-30 11:01:02,123 INFO: avg err:0.3016 | err:0.0293 | cougar_03 horse_02
2026-06-30 11:01:02,498 INFO: avg err:0.2966 | err:0.0326 | cougar_03 horse_03
2026-06-30 11:01:02,742 INFO: avg err:0.2917 | err:0.0342 | cougar_03 horse_04
2026-06-30 11:01:03,125 INFO: avg err:0.2871 | err:0.0394 | cougar_03 horse_05
2026-06-30 11:01:03,391 INFO: avg err:0.2827 | err:0.0384 | cougar_03 horse_06
2026-06-30 11:01:03,697 INFO: avg err:0.2784 | err:0.0384 | cougar_03 horse_07
2026-06-30 11:01:03,941 INFO: avg err:0.2741 | err:0.0290 | cougar_03 horse_08
2026-06-30 11:01:04,354 INFO: avg err:0.2716 | err:0.1260 | cougar_03 horse_09
2026-06-30 11:01:04,610 INFO: avg err:0.2694 | err:0.1440 | cougar_03 horse_10
2026-06-30 11:01:04,919 INFO: avg err:0.2654 | err:0.0204 | cougar_04 cougar_01
2026-06-30 11:01:05,149 INFO: avg err:0.2617 | err:0.0411 | cougar_04 cougar_02
2026-06-30 11:01:05,378 INFO: avg err:0.2579 | err:0.0219 | cougar_04 cougar_03
2026-06-30 11:01:05,591 INFO: avg err:0.2539 | err:0.0000 | cougar_04 cougar_04
2026-06-30 11:01:05,939 INFO: avg err:0.2623 | err:0.8025 | cougar_04 hippo_01
2026-06-30 11:01:06,152 INFO: avg err:0.2698 | err:0.7563 | cougar_04 hippo_02
2026-06-30 11:01:06,468 INFO: avg err:0.2768 | err:0.7390 | cougar_04 hippo_03
2026-06-30 11:01:06,734 INFO: avg err:0.2847 | err:0.8106 | cougar_04 hippo_04
2026-06-30 11:01:07,032 INFO: avg err:0.2898 | err:0.6357 | cougar_04 hippo_05
2026-06-30 11:01:07,218 INFO: avg err:0.2962 | err:0.7392 | cougar_04 hippo_06
2026-06-30 11:01:07,535 INFO: avg err:0.2925 | err:0.0330 | cougar_04 horse_01
2026-06-30 11:01:07,822 INFO: avg err:0.2889 | err:0.0324 | cougar_04 horse_02
2026-06-30 11:01:08,222 INFO: avg err:0.2854 | err:0.0323 | cougar_04 horse_03
2026-06-30 11:01:08,515 INFO: avg err:0.2820 | err:0.0373 | cougar_04 horse_04
2026-06-30 11:01:08,933 INFO: avg err:0.2788 | err:0.0407 | cougar_04 horse_05
2026-06-30 11:01:09,145 INFO: avg err:0.2757 | err:0.0405 | cougar_04 horse_06
2026-06-30 11:01:09,435 INFO: avg err:0.2725 | err:0.0296 | cougar_04 horse_07
2026-06-30 11:01:09,690 INFO: avg err:0.2694 | err:0.0305 | cougar_04 horse_08
2026-06-30 11:01:10,028 INFO: avg err:0.2674 | err:0.1172 | cougar_04 horse_09
2026-06-30 11:01:10,258 INFO: avg err:0.2657 | err:0.1300 | cougar_04 horse_10
2026-06-30 11:01:10,629 INFO: avg err:0.2693 | err:0.5546 | hippo_01 cougar_01
2026-06-30 11:01:10,819 INFO: avg err:0.2727 | err:0.5486 | hippo_01 cougar_02
2026-06-30 11:01:11,173 INFO: avg err:0.2759 | err:0.5433 | hippo_01 cougar_03
2026-06-30 11:01:11,372 INFO: avg err:0.2794 | err:0.5630 | hippo_01 cougar_04
2026-06-30 11:01:11,701 INFO: avg err:0.2761 | err:0.0000 | hippo_01 hippo_01
2026-06-30 11:01:11,920 INFO: avg err:0.2736 | err:0.0629 | hippo_01 hippo_02
2026-06-30 11:01:12,201 INFO: avg err:0.2727 | err:0.1921 | hippo_01 hippo_03
2026-06-30 11:01:12,473 INFO: avg err:0.2697 | err:0.0133 | hippo_01 hippo_04
2026-06-30 11:01:12,793 INFO: avg err:0.2686 | err:0.1674 | hippo_01 hippo_05
2026-06-30 11:01:13,018 INFO: avg err:0.2668 | err:0.1140 | hippo_01 hippo_06
2026-06-30 11:01:13,290 INFO: avg err:0.2700 | err:0.5500 | hippo_01 horse_01
2026-06-30 11:01:13,544 INFO: avg err:0.2730 | err:0.5507 | hippo_01 horse_02
2026-06-30 11:01:13,898 INFO: avg err:0.2760 | err:0.5509 | hippo_01 horse_03
2026-06-30 11:01:14,150 INFO: avg err:0.2789 | err:0.5476 | hippo_01 horse_04
2026-06-30 11:01:14,511 INFO: avg err:0.2818 | err:0.5580 | hippo_01 horse_05
2026-06-30 11:01:14,758 INFO: avg err:0.2846 | err:0.5495 | hippo_01 horse_06
2026-06-30 11:01:15,025 INFO: avg err:0.2873 | err:0.5465 | hippo_01 horse_07
2026-06-30 11:01:15,258 INFO: avg err:0.2901 | err:0.5649 | hippo_01 horse_08
2026-06-30 11:01:15,577 INFO: avg err:0.2925 | err:0.5284 | hippo_01 horse_09
2026-06-30 11:01:15,822 INFO: avg err:0.2949 | err:0.5243 | hippo_01 horse_10
2026-06-30 11:01:16,078 INFO: avg err:0.2970 | err:0.5153 | hippo_02 cougar_01
2026-06-30 11:01:16,313 INFO: avg err:0.2990 | err:0.4923 | hippo_02 cougar_02
2026-06-30 11:01:16,693 INFO: avg err:0.3010 | err:0.5075 | hippo_02 cougar_03
2026-06-30 11:01:16,892 INFO: avg err:0.3029 | err:0.5037 | hippo_02 cougar_04
2026-06-30 11:01:17,292 INFO: avg err:0.3004 | err:0.0405 | hippo_02 hippo_01
2026-06-30 11:01:17,499 INFO: avg err:0.2976 | err:0.0000 | hippo_02 hippo_02
2026-06-30 11:01:17,846 INFO: avg err:0.2966 | err:0.1858 | hippo_02 hippo_03
2026-06-30 11:01:18,094 INFO: avg err:0.2945 | err:0.0740 | hippo_02 hippo_04
2026-06-30 11:01:18,442 INFO: avg err:0.2924 | err:0.0661 | hippo_02 hippo_05
2026-06-30 11:01:18,675 INFO: avg err:0.2905 | err:0.0789 | hippo_02 hippo_06
2026-06-30 11:01:19,048 INFO: avg err:0.2921 | err:0.4702 | hippo_02 horse_01
2026-06-30 11:01:19,267 INFO: avg err:0.2938 | err:0.4892 | hippo_02 horse_02
2026-06-30 11:01:19,748 INFO: avg err:0.2956 | err:0.4977 | hippo_02 horse_03
2026-06-30 11:01:19,951 INFO: avg err:0.2974 | err:0.5009 | hippo_02 horse_04
2026-06-30 11:01:20,266 INFO: avg err:0.2993 | err:0.5091 | hippo_02 horse_05
2026-06-30 11:01:20,480 INFO: avg err:0.3008 | err:0.4721 | hippo_02 horse_06
2026-06-30 11:01:20,810 INFO: avg err:0.3024 | err:0.4881 | hippo_02 horse_07
2026-06-30 11:01:21,033 INFO: avg err:0.3041 | err:0.5071 | hippo_02 horse_08
2026-06-30 11:01:21,403 INFO: avg err:0.3055 | err:0.4731 | hippo_02 horse_09
2026-06-30 11:01:21,619 INFO: avg err:0.3069 | err:0.4725 | hippo_02 horse_10
2026-06-30 11:01:22,027 INFO: avg err:0.3083 | err:0.4683 | hippo_03 cougar_01
2026-06-30 11:01:22,232 INFO: avg err:0.3096 | err:0.4692 | hippo_03 cougar_02
2026-06-30 11:01:22,591 INFO: avg err:0.3103 | err:0.3998 | hippo_03 cougar_03
2026-06-30 11:01:22,860 INFO: avg err:0.3112 | err:0.4228 | hippo_03 cougar_04
2026-06-30 11:01:23,152 INFO: avg err:0.3103 | err:0.2009 | hippo_03 hippo_01
2026-06-30 11:01:23,346 INFO: avg err:0.3093 | err:0.1857 | hippo_03 hippo_02
2026-06-30 11:01:23,706 INFO: avg err:0.3069 | err:0.0000 | hippo_03 hippo_03
2026-06-30 11:01:23,939 INFO: avg err:0.3058 | err:0.1673 | hippo_03 hippo_04
2026-06-30 11:01:24,252 INFO: avg err:0.3042 | err:0.0950 | hippo_03 hippo_05
2026-06-30 11:01:24,452 INFO: avg err:0.3030 | err:0.1555 | hippo_03 hippo_06
2026-06-30 11:01:24,769 INFO: avg err:0.3042 | err:0.4554 | hippo_03 horse_01
2026-06-30 11:01:25,030 INFO: avg err:0.3052 | err:0.4342 | hippo_03 horse_02
2026-06-30 11:01:25,321 INFO: avg err:0.3062 | err:0.4454 | hippo_03 horse_03
2026-06-30 11:01:25,538 INFO: avg err:0.3072 | err:0.4398 | hippo_03 horse_04
2026-06-30 11:01:25,928 INFO: avg err:0.3082 | err:0.4361 | hippo_03 horse_05
2026-06-30 11:01:26,153 INFO: avg err:0.3092 | err:0.4443 | hippo_03 horse_06
2026-06-30 11:01:26,494 INFO: avg err:0.3101 | err:0.4294 | hippo_03 horse_07
2026-06-30 11:01:26,775 INFO: avg err:0.3110 | err:0.4326 | hippo_03 horse_08
2026-06-30 11:01:27,012 INFO: avg err:0.3117 | err:0.4179 | hippo_03 horse_09
2026-06-30 11:01:27,207 INFO: avg err:0.3123 | err:0.3851 | hippo_03 horse_10
2026-06-30 11:01:27,548 INFO: avg err:0.3142 | err:0.5898 | hippo_04 cougar_01
2026-06-30 11:01:27,781 INFO: avg err:0.3160 | err:0.5655 | hippo_04 cougar_02
2026-06-30 11:01:28,137 INFO: avg err:0.3179 | err:0.5849 | hippo_04 cougar_03
2026-06-30 11:01:28,345 INFO: avg err:0.3198 | err:0.5963 | hippo_04 cougar_04
2026-06-30 11:01:28,766 INFO: avg err:0.3177 | err:0.0134 | hippo_04 hippo_01
2026-06-30 11:01:28,982 INFO: avg err:0.3161 | err:0.0820 | hippo_04 hippo_02
2026-06-30 11:01:29,378 INFO: avg err:0.3154 | err:0.2202 | hippo_04 hippo_03
2026-06-30 11:01:29,584 INFO: avg err:0.3133 | err:0.0000 | hippo_04 hippo_04
2026-06-30 11:01:29,935 INFO: avg err:0.3120 | err:0.1256 | hippo_04 hippo_05
2026-06-30 11:01:30,120 INFO: avg err:0.3108 | err:0.1203 | hippo_04 hippo_06
2026-06-30 11:01:30,453 INFO: avg err:0.3126 | err:0.5816 | hippo_04 horse_01
2026-06-30 11:01:30,688 INFO: avg err:0.3143 | err:0.5788 | hippo_04 horse_02
2026-06-30 11:01:31,009 INFO: avg err:0.3160 | err:0.5761 | hippo_04 horse_03
2026-06-30 11:01:31,237 INFO: avg err:0.3177 | err:0.5821 | hippo_04 horse_04
2026-06-30 11:01:31,549 INFO: avg err:0.3195 | err:0.5829 | hippo_04 horse_05
2026-06-30 11:01:31,751 INFO: avg err:0.3211 | err:0.5720 | hippo_04 horse_06
2026-06-30 11:01:32,089 INFO: avg err:0.3227 | err:0.5794 | hippo_04 horse_07
2026-06-30 11:01:32,331 INFO: avg err:0.3244 | err:0.5943 | hippo_04 horse_08
2026-06-30 11:01:32,619 INFO: avg err:0.3256 | err:0.5137 | hippo_04 horse_09
2026-06-30 11:01:32,820 INFO: avg err:0.3267 | err:0.5050 | hippo_04 horse_10
2026-06-30 11:01:33,211 INFO: avg err:0.3274 | err:0.4338 | hippo_05 cougar_01
2026-06-30 11:01:33,419 INFO: avg err:0.3279 | err:0.4039 | hippo_05 cougar_02
2026-06-30 11:01:33,785 INFO: avg err:0.3285 | err:0.4321 | hippo_05 cougar_03
2026-06-30 11:01:34,048 INFO: avg err:0.3290 | err:0.4019 | hippo_05 cougar_04
2026-06-30 11:01:34,355 INFO: avg err:0.3279 | err:0.1517 | hippo_05 hippo_01
2026-06-30 11:01:34,552 INFO: avg err:0.3267 | err:0.1233 | hippo_05 hippo_02
2026-06-30 11:01:34,866 INFO: avg err:0.3255 | err:0.1371 | hippo_05 hippo_03
2026-06-30 11:01:35,098 INFO: avg err:0.3243 | err:0.1242 | hippo_05 hippo_04
2026-06-30 11:01:35,436 INFO: avg err:0.3224 | err:0.0000 | hippo_05 hippo_05
2026-06-30 11:01:35,656 INFO: avg err:0.3210 | err:0.0908 | hippo_05 hippo_06
2026-06-30 11:01:36,029 INFO: avg err:0.3215 | err:0.3949 | hippo_05 horse_01
2026-06-30 11:01:36,253 INFO: avg err:0.3218 | err:0.3846 | hippo_05 horse_02
2026-06-30 11:01:36,502 INFO: avg err:0.3223 | err:0.3967 | hippo_05 horse_03
2026-06-30 11:01:36,713 INFO: avg err:0.3227 | err:0.3946 | hippo_05 horse_04
2026-06-30 11:01:37,057 INFO: avg err:0.3232 | err:0.4026 | hippo_05 horse_05
2026-06-30 11:01:37,268 INFO: avg err:0.3236 | err:0.3994 | hippo_05 horse_06
2026-06-30 11:01:37,522 INFO: avg err:0.3241 | err:0.4066 | hippo_05 horse_07
2026-06-30 11:01:37,764 INFO: avg err:0.3245 | err:0.4117 | hippo_05 horse_08
2026-06-30 11:01:38,151 INFO: avg err:0.3247 | err:0.3552 | hippo_05 horse_09
2026-06-30 11:01:38,374 INFO: avg err:0.3249 | err:0.3590 | hippo_05 horse_10
2026-06-30 11:01:38,745 INFO: avg err:0.3256 | err:0.4414 | hippo_06 cougar_01
2026-06-30 11:01:38,975 INFO: avg err:0.3262 | err:0.4352 | hippo_06 cougar_02
2026-06-30 11:01:39,344 INFO: avg err:0.3268 | err:0.4407 | hippo_06 cougar_03
2026-06-30 11:01:39,607 INFO: avg err:0.3274 | err:0.4408 | hippo_06 cougar_04
2026-06-30 11:01:39,984 INFO: avg err:0.3262 | err:0.0959 | hippo_06 hippo_01
2026-06-30 11:01:40,214 INFO: avg err:0.3249 | err:0.1011 | hippo_06 hippo_02
2026-06-30 11:01:40,582 INFO: avg err:0.3239 | err:0.1337 | hippo_06 hippo_03
2026-06-30 11:01:40,780 INFO: avg err:0.3227 | err:0.1037 | hippo_06 hippo_04
2026-06-30 11:01:41,142 INFO: avg err:0.3213 | err:0.0402 | hippo_06 hippo_05
2026-06-30 11:01:41,399 INFO: avg err:0.3196 | err:0.0000 | hippo_06 hippo_06
2026-06-30 11:01:41,694 INFO: avg err:0.3201 | err:0.4207 | hippo_06 horse_01
2026-06-30 11:01:41,938 INFO: avg err:0.3206 | err:0.4251 | hippo_06 horse_02
2026-06-30 11:01:42,190 INFO: avg err:0.3212 | err:0.4313 | hippo_06 horse_03
2026-06-30 11:01:42,413 INFO: avg err:0.3217 | err:0.4259 | hippo_06 horse_04
2026-06-30 11:01:42,803 INFO: avg err:0.3222 | err:0.4063 | hippo_06 horse_05
2026-06-30 11:01:43,020 INFO: avg err:0.3226 | err:0.4126 | hippo_06 horse_06
2026-06-30 11:01:43,271 INFO: avg err:0.3231 | err:0.4148 | hippo_06 horse_07
2026-06-30 11:01:43,525 INFO: avg err:0.3236 | err:0.4146 | hippo_06 horse_08
2026-06-30 11:01:43,840 INFO: avg err:0.3237 | err:0.3436 | hippo_06 horse_09
2026-06-30 11:01:44,063 INFO: avg err:0.3238 | err:0.3468 | hippo_06 horse_10
2026-06-30 11:01:44,315 INFO: avg err:0.3223 | err:0.0318 | horse_01 cougar_01
2026-06-30 11:01:44,540 INFO: avg err:0.3210 | err:0.0485 | horse_01 cougar_02
2026-06-30 11:01:45,028 INFO: avg err:0.3196 | err:0.0375 | horse_01 cougar_03
2026-06-30 11:01:45,241 INFO: avg err:0.3182 | err:0.0297 | horse_01 cougar_04
2026-06-30 11:01:45,568 INFO: avg err:0.3206 | err:0.8117 | horse_01 hippo_01
2026-06-30 11:01:45,789 INFO: avg err:0.3225 | err:0.7274 | horse_01 hippo_02
2026-06-30 11:01:46,143 INFO: avg err:0.3243 | err:0.6771 | horse_01 hippo_03
2026-06-30 11:01:46,337 INFO: avg err:0.3262 | err:0.7362 | horse_01 hippo_04
2026-06-30 11:01:46,718 INFO: avg err:0.3274 | err:0.5776 | horse_01 hippo_05
2026-06-30 11:01:46,913 INFO: avg err:0.3290 | err:0.6629 | horse_01 hippo_06
2026-06-30 11:01:47,348 INFO: avg err:0.3275 | err:0.0000 | horse_01 horse_01
2026-06-30 11:01:47,628 INFO: avg err:0.3260 | err:0.0161 | horse_01 horse_02
2026-06-30 11:01:47,979 INFO: avg err:0.3245 | err:0.0129 | horse_01 horse_03
2026-06-30 11:01:48,245 INFO: avg err:0.3231 | err:0.0205 | horse_01 horse_04
2026-06-30 11:01:48,500 INFO: avg err:0.3217 | err:0.0230 | horse_01 horse_05
2026-06-30 11:01:48,691 INFO: avg err:0.3203 | err:0.0229 | horse_01 horse_06
2026-06-30 11:01:49,071 INFO: avg err:0.3190 | err:0.0197 | horse_01 horse_07
2026-06-30 11:01:49,330 INFO: avg err:0.3176 | err:0.0161 | horse_01 horse_08
2026-06-30 11:01:49,605 INFO: avg err:0.3166 | err:0.1006 | horse_01 horse_09
2026-06-30 11:01:49,804 INFO: avg err:0.3156 | err:0.0922 | horse_01 horse_10
2026-06-30 11:01:50,194 INFO: avg err:0.3143 | err:0.0302 | horse_02 cougar_01
2026-06-30 11:01:50,396 INFO: avg err:0.3133 | err:0.0893 | horse_02 cougar_02
2026-06-30 11:01:50,883 INFO: avg err:0.3120 | err:0.0329 | horse_02 cougar_03
2026-06-30 11:01:51,142 INFO: avg err:0.3108 | err:0.0349 | horse_02 cougar_04
2026-06-30 11:01:51,394 INFO: avg err:0.3130 | err:0.8236 | horse_02 hippo_01
2026-06-30 11:01:51,593 INFO: avg err:0.3148 | err:0.7002 | horse_02 hippo_02
2026-06-30 11:01:51,905 INFO: avg err:0.3164 | err:0.6817 | horse_02 hippo_03
2026-06-30 11:01:52,120 INFO: avg err:0.3184 | err:0.7762 | horse_02 hippo_04
2026-06-30 11:01:52,472 INFO: avg err:0.3197 | err:0.6186 | horse_02 hippo_05
2026-06-30 11:01:52,707 INFO: avg err:0.3211 | err:0.6369 | horse_02 hippo_06
2026-06-30 11:01:52,962 INFO: avg err:0.3198 | err:0.0157 | horse_02 horse_01
2026-06-30 11:01:53,190 INFO: avg err:0.3184 | err:0.0000 | horse_02 horse_02
2026-06-30 11:01:53,552 INFO: avg err:0.3171 | err:0.0106 | horse_02 horse_03
2026-06-30 11:01:53,815 INFO: avg err:0.3158 | err:0.0135 | horse_02 horse_04
2026-06-30 11:01:54,032 INFO: avg err:0.3145 | err:0.0197 | horse_02 horse_05
2026-06-30 11:01:54,271 INFO: avg err:0.3132 | err:0.0199 | horse_02 horse_06
2026-06-30 11:01:54,578 INFO: avg err:0.3120 | err:0.0236 | horse_02 horse_07
2026-06-30 11:01:54,807 INFO: avg err:0.3108 | err:0.0120 | horse_02 horse_08
2026-06-30 11:01:55,128 INFO: avg err:0.3099 | err:0.0924 | horse_02 horse_09
2026-06-30 11:01:55,414 INFO: avg err:0.3091 | err:0.1213 | horse_02 horse_10
2026-06-30 11:01:55,639 INFO: avg err:0.3079 | err:0.0293 | horse_03 cougar_01
2026-06-30 11:01:55,998 INFO: avg err:0.3070 | err:0.0825 | horse_03 cougar_02
2026-06-30 11:01:56,207 INFO: avg err:0.3059 | err:0.0347 | horse_03 cougar_03
2026-06-30 11:01:56,548 INFO: avg err:0.3047 | err:0.0324 | horse_03 cougar_04
2026-06-30 11:01:56,818 INFO: avg err:0.3067 | err:0.7877 | horse_03 hippo_01
2026-06-30 11:01:57,111 INFO: avg err:0.3085 | err:0.7484 | horse_03 hippo_02
2026-06-30 11:01:57,303 INFO: avg err:0.3102 | err:0.7227 | horse_03 hippo_03
2026-06-30 11:01:57,621 INFO: avg err:0.3121 | err:0.7938 | horse_03 hippo_04
2026-06-30 11:01:57,844 INFO: avg err:0.3133 | err:0.6072 | horse_03 hippo_05
2026-06-30 11:01:58,168 INFO: avg err:0.3146 | err:0.6389 | horse_03 hippo_06
2026-06-30 11:01:58,413 INFO: avg err:0.3134 | err:0.0128 | horse_03 horse_01
2026-06-30 11:01:58,714 INFO: avg err:0.3122 | err:0.0108 | horse_03 horse_02
2026-06-30 11:01:59,104 INFO: avg err:0.3110 | err:0.0000 | horse_03 horse_03
2026-06-30 11:01:59,338 INFO: avg err:0.3098 | err:0.0171 | horse_03 horse_04
2026-06-30 11:01:59,733 INFO: avg err:0.3087 | err:0.0189 | horse_03 horse_05
2026-06-30 11:01:59,968 INFO: avg err:0.3075 | err:0.0190 | horse_03 horse_06
2026-06-30 11:02:00,236 INFO: avg err:0.3064 | err:0.0228 | horse_03 horse_07
2026-06-30 11:02:00,460 INFO: avg err:0.3053 | err:0.0132 | horse_03 horse_08
2026-06-30 11:02:00,833 INFO: avg err:0.3045 | err:0.0883 | horse_03 horse_09
2026-06-30 11:02:01,045 INFO: avg err:0.3037 | err:0.1158 | horse_03 horse_10
2026-06-30 11:02:01,467 INFO: avg err:0.3027 | err:0.0321 | horse_04 cougar_01
2026-06-30 11:02:01,676 INFO: avg err:0.3018 | err:0.0770 | horse_04 cougar_02
2026-06-30 11:02:02,072 INFO: avg err:0.3008 | err:0.0346 | horse_04 cougar_03
2026-06-30 11:02:02,285 INFO: avg err:0.2998 | err:0.0361 | horse_04 cougar_04
2026-06-30 11:02:02,574 INFO: avg err:0.3017 | err:0.8112 | horse_04 hippo_01
2026-06-30 11:02:02,808 INFO: avg err:0.3035 | err:0.7711 | horse_04 hippo_02
2026-06-30 11:02:03,175 INFO: avg err:0.3052 | err:0.7568 | horse_04 hippo_03
2026-06-30 11:02:03,389 INFO: avg err:0.3070 | err:0.7965 | horse_04 hippo_04
2026-06-30 11:02:03,755 INFO: avg err:0.3082 | err:0.6081 | horse_04 hippo_05
2026-06-30 11:02:03,963 INFO: avg err:0.3094 | err:0.6325 | horse_04 hippo_06
2026-06-30 11:02:04,382 INFO: avg err:0.3083 | err:0.0202 | horse_04 horse_01
2026-06-30 11:02:04,612 INFO: avg err:0.3072 | err:0.0141 | horse_04 horse_02
2026-06-30 11:02:04,954 INFO: avg err:0.3062 | err:0.0167 | horse_04 horse_03
2026-06-30 11:02:05,186 INFO: avg err:0.3050 | err:0.0000 | horse_04 horse_04
2026-06-30 11:02:05,527 INFO: avg err:0.3040 | err:0.0219 | horse_04 horse_05
2026-06-30 11:02:05,726 INFO: avg err:0.3030 | err:0.0260 | horse_04 horse_06
2026-06-30 11:02:06,074 INFO: avg err:0.3020 | err:0.0273 | horse_04 horse_07
2026-06-30 11:02:06,283 INFO: avg err:0.3010 | err:0.0169 | horse_04 horse_08
2026-06-30 11:02:06,572 INFO: avg err:0.3002 | err:0.0949 | horse_04 horse_09
2026-06-30 11:02:06,790 INFO: avg err:0.2995 | err:0.0961 | horse_04 horse_10
2026-06-30 11:02:07,123 INFO: avg err:0.2986 | err:0.0339 | horse_05 cougar_01
2026-06-30 11:02:07,339 INFO: avg err:0.2978 | err:0.0789 | horse_05 cougar_02
2026-06-30 11:02:07,638 INFO: avg err:0.2969 | err:0.0361 | horse_05 cougar_03
2026-06-30 11:02:07,844 INFO: avg err:0.2959 | err:0.0347 | horse_05 cougar_04
2026-06-30 11:02:08,184 INFO: avg err:0.2977 | err:0.7979 | horse_05 hippo_01
2026-06-30 11:02:08,458 INFO: avg err:0.2995 | err:0.8216 | horse_05 hippo_02
2026-06-30 11:02:08,653 INFO: avg err:0.3009 | err:0.6787 | horse_05 hippo_03
2026-06-30 11:02:08,926 INFO: avg err:0.3025 | err:0.7753 | horse_05 hippo_04
2026-06-30 11:02:09,253 INFO: avg err:0.3038 | err:0.6769 | horse_05 hippo_05
2026-06-30 11:02:09,446 INFO: avg err:0.3053 | err:0.7409 | horse_05 hippo_06
2026-06-30 11:02:09,829 INFO: avg err:0.3043 | err:0.0205 | horse_05 horse_01
2026-06-30 11:02:10,056 INFO: avg err:0.3033 | err:0.0190 | horse_05 horse_02
2026-06-30 11:02:10,411 INFO: avg err:0.3024 | err:0.0181 | horse_05 horse_03
2026-06-30 11:02:10,650 INFO: avg err:0.3014 | err:0.0209 | horse_05 horse_04
2026-06-30 11:02:10,976 INFO: avg err:0.3004 | err:0.0000 | horse_05 horse_05
2026-06-30 11:02:11,238 INFO: avg err:0.2995 | err:0.0252 | horse_05 horse_06
2026-06-30 11:02:11,604 INFO: avg err:0.2985 | err:0.0258 | horse_05 horse_07
2026-06-30 11:02:11,857 INFO: avg err:0.2976 | err:0.0195 | horse_05 horse_08
2026-06-30 11:02:12,126 INFO: avg err:0.2969 | err:0.1013 | horse_05 horse_09
2026-06-30 11:02:12,362 INFO: avg err:0.2964 | err:0.1191 | horse_05 horse_10
2026-06-30 11:02:12,648 INFO: avg err:0.2955 | err:0.0346 | horse_06 cougar_01
2026-06-30 11:02:12,860 INFO: avg err:0.2948 | err:0.0739 | horse_06 cougar_02
2026-06-30 11:02:13,196 INFO: avg err:0.2939 | err:0.0397 | horse_06 cougar_03
2026-06-30 11:02:13,390 INFO: avg err:0.2931 | err:0.0326 | horse_06 cougar_04
2026-06-30 11:02:13,868 INFO: avg err:0.2949 | err:0.8613 | horse_06 hippo_01
2026-06-30 11:02:14,065 INFO: avg err:0.2964 | err:0.7437 | horse_06 hippo_02
2026-06-30 11:02:14,415 INFO: avg err:0.2978 | err:0.7292 | horse_06 hippo_03
2026-06-30 11:02:14,657 INFO: avg err:0.2995 | err:0.8321 | horse_06 hippo_04
2026-06-30 11:02:15,011 INFO: avg err:0.3007 | err:0.6552 | horse_06 hippo_05
2026-06-30 11:02:15,238 INFO: avg err:0.3020 | err:0.7250 | horse_06 hippo_06
2026-06-30 11:02:15,612 INFO: avg err:0.3011 | err:0.0184 | horse_06 horse_01
2026-06-30 11:02:15,883 INFO: avg err:0.3002 | err:0.0192 | horse_06 horse_02
2026-06-30 11:02:16,217 INFO: avg err:0.2993 | err:0.0190 | horse_06 horse_03
2026-06-30 11:02:16,459 INFO: avg err:0.2985 | err:0.0245 | horse_06 horse_04
2026-06-30 11:02:16,801 INFO: avg err:0.2976 | err:0.0256 | horse_06 horse_05
2026-06-30 11:02:16,985 INFO: avg err:0.2966 | err:0.0000 | horse_06 horse_06
2026-06-30 11:02:17,269 INFO: avg err:0.2958 | err:0.0145 | horse_06 horse_07
2026-06-30 11:02:17,503 INFO: avg err:0.2949 | err:0.0198 | horse_06 horse_08
2026-06-30 11:02:17,825 INFO: avg err:0.2943 | err:0.1067 | horse_06 horse_09
2026-06-30 11:02:18,030 INFO: avg err:0.2937 | err:0.1115 | horse_06 horse_10
2026-06-30 11:02:18,350 INFO: avg err:0.2929 | err:0.0336 | horse_07 cougar_01
2026-06-30 11:02:18,596 INFO: avg err:0.2923 | err:0.0887 | horse_07 cougar_02
2026-06-30 11:02:18,868 INFO: avg err:0.2915 | err:0.0377 | horse_07 cougar_03
2026-06-30 11:02:19,091 INFO: avg err:0.2907 | err:0.0296 | horse_07 cougar_04
2026-06-30 11:02:19,413 INFO: avg err:0.2924 | err:0.8563 | horse_07 hippo_01
2026-06-30 11:02:19,636 INFO: avg err:0.2940 | err:0.7887 | horse_07 hippo_02
2026-06-30 11:02:19,867 INFO: avg err:0.2954 | err:0.7777 | horse_07 hippo_03
2026-06-30 11:02:20,236 INFO: avg err:0.2970 | err:0.8110 | horse_07 hippo_04
2026-06-30 11:02:20,497 INFO: avg err:0.2982 | err:0.6838 | horse_07 hippo_05
2026-06-30 11:02:20,795 INFO: avg err:0.2993 | err:0.6788 | horse_07 hippo_06
2026-06-30 11:02:21,042 INFO: avg err:0.2985 | err:0.0186 | horse_07 horse_01
2026-06-30 11:02:21,299 INFO: avg err:0.2976 | err:0.0213 | horse_07 horse_02
2026-06-30 11:02:21,555 INFO: avg err:0.2968 | err:0.0215 | horse_07 horse_03
2026-06-30 11:02:21,864 INFO: avg err:0.2960 | err:0.0254 | horse_07 horse_04
2026-06-30 11:02:22,109 INFO: avg err:0.2952 | err:0.0265 | horse_07 horse_05
2026-06-30 11:02:22,396 INFO: avg err:0.2944 | err:0.0171 | horse_07 horse_06
2026-06-30 11:02:22,693 INFO: avg err:0.2935 | err:0.0000 | horse_07 horse_07
2026-06-30 11:02:22,943 INFO: avg err:0.2927 | err:0.0206 | horse_07 horse_08
2026-06-30 11:02:23,202 INFO: avg err:0.2921 | err:0.1075 | horse_07 horse_09
2026-06-30 11:02:23,502 INFO: avg err:0.2916 | err:0.1181 | horse_07 horse_10
2026-06-30 11:02:23,762 INFO: avg err:0.2909 | err:0.0274 | horse_08 cougar_01
2026-06-30 11:02:24,001 INFO: avg err:0.2902 | err:0.0780 | horse_08 cougar_02
2026-06-30 11:02:24,229 INFO: avg err:0.2895 | err:0.0318 | horse_08 cougar_03
2026-06-30 11:02:24,521 INFO: avg err:0.2887 | err:0.0307 | horse_08 cougar_04
2026-06-30 11:02:24,792 INFO: avg err:0.2902 | err:0.8116 | horse_08 hippo_01
2026-06-30 11:02:25,090 INFO: avg err:0.2915 | err:0.7356 | horse_08 hippo_02
2026-06-30 11:02:25,407 INFO: avg err:0.2928 | err:0.7476 | horse_08 hippo_03
2026-06-30 11:02:25,650 INFO: avg err:0.2943 | err:0.8106 | horse_08 hippo_04
2026-06-30 11:02:25,984 INFO: avg err:0.2951 | err:0.5579 | horse_08 hippo_05
2026-06-30 11:02:26,225 INFO: avg err:0.2962 | err:0.6711 | horse_08 hippo_06
2026-06-30 11:02:26,610 INFO: avg err:0.2954 | err:0.0158 | horse_08 horse_01
2026-06-30 11:02:26,868 INFO: avg err:0.2946 | err:0.0123 | horse_08 horse_02
2026-06-30 11:02:27,148 INFO: avg err:0.2938 | err:0.0133 | horse_08 horse_03
2026-06-30 11:02:27,404 INFO: avg err:0.2930 | err:0.0177 | horse_08 horse_04
2026-06-30 11:02:27,708 INFO: avg err:0.2922 | err:0.0219 | horse_08 horse_05
2026-06-30 11:02:27,990 INFO: avg err:0.2915 | err:0.0197 | horse_08 horse_06
2026-06-30 11:02:28,187 INFO: avg err:0.2907 | err:0.0225 | horse_08 horse_07
2026-06-30 11:02:28,479 INFO: avg err:0.2899 | err:0.0000 | horse_08 horse_08
2026-06-30 11:02:28,835 INFO: avg err:0.2893 | err:0.0930 | horse_08 horse_09
2026-06-30 11:02:29,106 INFO: avg err:0.2888 | err:0.1109 | horse_08 horse_10
2026-06-30 11:02:29,325 INFO: avg err:0.2883 | err:0.0851 | horse_09 cougar_01
2026-06-30 11:02:29,700 INFO: avg err:0.2880 | err:0.1860 | horse_09 cougar_02
2026-06-30 11:02:29,940 INFO: avg err:0.2874 | err:0.0729 | horse_09 cougar_03
2026-06-30 11:02:30,346 INFO: avg err:0.2868 | err:0.0700 | horse_09 cougar_04
2026-06-30 11:02:30,601 INFO: avg err:0.2880 | err:0.7234 | horse_09 hippo_01
2026-06-30 11:02:30,902 INFO: avg err:0.2891 | err:0.6885 | horse_09 hippo_02
2026-06-30 11:02:31,103 INFO: avg err:0.2900 | err:0.6146 | horse_09 hippo_03
2026-06-30 11:02:31,431 INFO: avg err:0.2909 | err:0.6372 | horse_09 hippo_04
2026-06-30 11:02:31,704 INFO: avg err:0.2918 | err:0.6167 | horse_09 hippo_05
2026-06-30 11:02:32,076 INFO: avg err:0.2929 | err:0.6989 | horse_09 hippo_06
2026-06-30 11:02:32,349 INFO: avg err:0.2923 | err:0.0529 | horse_09 horse_01
2026-06-30 11:02:32,730 INFO: avg err:0.2916 | err:0.0457 | horse_09 horse_02
2026-06-30 11:02:32,965 INFO: avg err:0.2910 | err:0.0508 | horse_09 horse_03
2026-06-30 11:02:33,272 INFO: avg err:0.2903 | err:0.0556 | horse_09 horse_04
2026-06-30 11:02:33,481 INFO: avg err:0.2898 | err:0.0814 | horse_09 horse_05
2026-06-30 11:02:33,852 INFO: avg err:0.2892 | err:0.0754 | horse_09 horse_06
2026-06-30 11:02:34,032 INFO: avg err:0.2886 | err:0.0672 | horse_09 horse_07
2026-06-30 11:02:34,463 INFO: avg err:0.2880 | err:0.0541 | horse_09 horse_08
2026-06-30 11:02:34,648 INFO: avg err:0.2872 | err:0.0000 | horse_09 horse_09
2026-06-30 11:02:35,048 INFO: avg err:0.2865 | err:0.0200 | horse_09 horse_10
2026-06-30 11:02:35,295 INFO: avg err:0.2861 | err:0.1053 | horse_10 cougar_01
2026-06-30 11:02:35,637 INFO: avg err:0.2858 | err:0.1816 | horse_10 cougar_02
2026-06-30 11:02:35,886 INFO: avg err:0.2853 | err:0.1159 | horse_10 cougar_03
2026-06-30 11:02:36,255 INFO: avg err:0.2849 | err:0.1010 | horse_10 cougar_04
2026-06-30 11:02:36,452 INFO: avg err:0.2862 | err:0.8199 | horse_10 hippo_01
2026-06-30 11:02:36,742 INFO: avg err:0.2875 | err:0.7651 | horse_10 hippo_02
2026-06-30 11:02:37,010 INFO: avg err:0.2884 | err:0.6542 | horse_10 hippo_03
2026-06-30 11:02:37,431 INFO: avg err:0.2896 | err:0.7274 | horse_10 hippo_04
2026-06-30 11:02:37,660 INFO: avg err:0.2903 | err:0.5900 | horse_10 hippo_05
2026-06-30 11:02:38,034 INFO: avg err:0.2913 | err:0.6531 | horse_10 hippo_06
2026-06-30 11:02:38,298 INFO: avg err:0.2907 | err:0.0836 | horse_10 horse_01
2026-06-30 11:02:38,658 INFO: avg err:0.2902 | err:0.0842 | horse_10 horse_02
2026-06-30 11:02:38,903 INFO: avg err:0.2897 | err:0.0807 | horse_10 horse_03
2026-06-30 11:02:39,149 INFO: avg err:0.2892 | err:0.0880 | horse_10 horse_04
2026-06-30 11:02:39,356 INFO: avg err:0.2887 | err:0.0858 | horse_10 horse_05
2026-06-30 11:02:39,745 INFO: avg err:0.2881 | err:0.0802 | horse_10 horse_06
2026-06-30 11:02:39,970 INFO: avg err:0.2876 | err:0.0880 | horse_10 horse_07
2026-06-30 11:02:40,270 INFO: avg err:0.2871 | err:0.0819 | horse_10 horse_08
2026-06-30 11:02:40,464 INFO: avg err:0.2864 | err:0.0180 | horse_10 horse_09
2026-06-30 11:02:40,805 INFO: avg err:0.2857 | err:0.0000 | horse_10 horse_10
2026-06-30 11:02:40,835 INFO: Avg time: 0.0700
2026-06-30 11:02:41,311 INFO: Val auc: 0.5260
2026-06-30 11:02:41,315 INFO: Val avg error: 0.2857
2026-06-30 11:02:41,354 INFO: [ONB diag] max|Q-I|: mean=3.4168e-07 max=4.7684e-07 | max|Φ̃ᵀMΦ̃-I|: mean=3.4168e-07 max=4.7684e-07
2026-06-30 11:02:45,335 INFO: [smal_..][epoch: 20, iter:  16,020, lr:(1.055e-04,)][eta: 0:03:24, time (data): 0.203 (0.018)]l_bij: 1.0230e+02 l_orth: 1.0727e+02 l_align: 8.1362e+01 l_total: 2.9094e+02 
2026-06-30 11:02:49,345 INFO: [smal_..][epoch: 20, iter:  16,040, lr:(1.055e-04,)][eta: 0:03:19, time (data): 0.203 (0.018)]l_bij: 4.4721e+01 l_orth: 6.4297e+01 l_align: 7.1445e+01 l_total: 1.8046e+02 
2026-06-30 11:02:53,293 INFO: [smal_..][epoch: 20, iter:  16,060, lr:(1.055e-04,)][eta: 0:03:14, time (data): 0.202 (0.018)]l_bij: 8.8242e+01 l_orth: 9.3976e+01 l_align: 7.8722e+01 l_total: 2.6094e+02 
2026-06-30 11:02:57,273 INFO: [smal_..][epoch: 20, iter:  16,080, lr:(1.055e-04,)][eta: 0:03:09, time (data): 0.202 (0.018)]l_bij: 7.7547e+01 l_orth: 8.6962e+01 l_align: 7.6010e+01 l_total: 2.4052e+02 
2026-06-30 11:03:01,226 INFO: [smal_..][epoch: 20, iter:  16,100, lr:(1.055e-04,)][eta: 0:03:04, time (data): 0.198 (0.017)]l_bij: 4.9974e+01 l_orth: 6.9047e+01 l_align: 6.8638e+01 l_total: 1.8766e+02 
2026-06-30 11:03:05,241 INFO: [smal_..][epoch: 20, iter:  16,120, lr:(1.055e-04,)][eta: 0:02:58, time (data): 0.199 (0.016)]l_bij: 1.0313e+02 l_orth: 1.0896e+02 l_align: 8.5783e+01 l_total: 2.9787e+02 
2026-06-30 11:03:09,163 INFO: [smal_..][epoch: 20, iter:  16,140, lr:(1.055e-04,)][eta: 0:02:53, time (data): 0.198 (0.016)]l_bij: 1.0097e+02 l_orth: 1.0792e+02 l_align: 8.3141e+01 l_total: 2.9203e+02 
2026-06-30 11:03:13,094 INFO: [smal_..][epoch: 20, iter:  16,160, lr:(1.055e-04,)][eta: 0:02:48, time (data): 0.198 (0.016)]l_bij: 9.2398e+01 l_orth: 9.8071e+01 l_align: 7.8585e+01 l_total: 2.6905e+02 
2026-06-30 11:03:17,103 INFO: [smal_..][epoch: 20, iter:  16,180, lr:(1.055e-04,)][eta: 0:02:43, time (data): 0.198 (0.016)]l_bij: 9.4152e+01 l_orth: 9.8161e+01 l_align: 7.5956e+01 l_total: 2.6827e+02 
2026-06-30 11:03:21,219 INFO: [smal_..][epoch: 20, iter:  16,200, lr:(1.055e-04,)][eta: 0:02:38, time (data): 0.199 (0.016)]l_bij: 9.1100e+01 l_orth: 1.0023e+02 l_align: 8.1920e+01 l_total: 2.7325e+02 
2026-06-30 11:03:25,303 INFO: [smal_..][epoch: 20, iter:  16,220, lr:(1.055e-04,)][eta: 0:02:33, time (data): 0.200 (0.016)]l_bij: 9.1099e+01 l_orth: 9.8069e+01 l_align: 7.6142e+01 l_total: 2.6531e+02 
2026-06-30 11:03:29,369 INFO: [smal_..][epoch: 20, iter:  16,240, lr:(1.055e-04,)][eta: 0:02:28, time (data): 0.201 (0.016)]l_bij: 9.4276e+01 l_orth: 1.0002e+02 l_align: 7.9531e+01 l_total: 2.7383e+02 
2026-06-30 11:03:33,446 INFO: [smal_..][epoch: 20, iter:  16,260, lr:(1.055e-04,)][eta: 0:02:22, time (data): 0.201 (0.016)]l_bij: 7.9287e+01 l_orth: 8.7629e+01 l_align: 6.9929e+01 l_total: 2.3685e+02 
2026-06-30 11:03:37,607 INFO: [smal_..][epoch: 20, iter:  16,280, lr:(1.055e-04,)][eta: 0:02:17, time (data): 0.202 (0.016)]l_bij: 7.8853e+01 l_orth: 8.9736e+01 l_align: 7.6685e+01 l_total: 2.4527e+02 
2026-06-30 11:03:41,754 INFO: [smal_..][epoch: 20, iter:  16,300, lr:(1.055e-04,)][eta: 0:02:12, time (data): 0.209 (0.016)]l_bij: 6.3418e+01 l_orth: 7.7813e+01 l_align: 7.0382e+01 l_total: 2.1161e+02 
2026-06-30 11:03:45,861 INFO: [smal_..][epoch: 20, iter:  16,320, lr:(1.055e-04,)][eta: 0:02:07, time (data): 0.207 (0.016)]l_bij: 6.0653e+01 l_orth: 7.5128e+01 l_align: 6.9734e+01 l_total: 2.0552e+02 
2026-06-30 11:03:49,985 INFO: [smal_..][epoch: 20, iter:  16,340, lr:(1.055e-04,)][eta: 0:02:02, time (data): 0.207 (0.016)]l_bij: 7.5492e+01 l_orth: 8.5592e+01 l_align: 6.9048e+01 l_total: 2.3013e+02 
2026-06-30 11:03:54,075 INFO: [smal_..][epoch: 20, iter:  16,360, lr:(1.055e-04,)][eta: 0:01:57, time (data): 0.206 (0.016)]l_bij: 9.1223e+01 l_orth: 9.7794e+01 l_align: 7.7487e+01 l_total: 2.6650e+02 
2026-06-30 11:03:58,232 INFO: [smal_..][epoch: 20, iter:  16,380, lr:(1.055e-04,)][eta: 0:01:52, time (data): 0.207 (0.016)]l_bij: 7.8359e+01 l_orth: 8.9235e+01 l_align: 7.5478e+01 l_total: 2.4307e+02 
2026-06-30 11:04:02,230 INFO: [smal_..][epoch: 20, iter:  16,400, lr:(1.055e-04,)][eta: 0:01:46, time (data): 0.205 (0.016)]l_bij: 8.4612e+01 l_orth: 9.2079e+01 l_align: 7.4307e+01 l_total: 2.5100e+02 
2026-06-30 11:04:06,182 INFO: [smal_..][epoch: 20, iter:  16,420, lr:(1.055e-04,)][eta: 0:01:41, time (data): 0.204 (0.016)]l_bij: 8.2501e+01 l_orth: 9.1420e+01 l_align: 7.9426e+01 l_total: 2.5335e+02 
2026-06-30 11:04:10,186 INFO: [smal_..][epoch: 20, iter:  16,440, lr:(1.055e-04,)][eta: 0:01:36, time (data): 0.204 (0.016)]l_bij: 1.0602e+02 l_orth: 1.1305e+02 l_align: 8.6979e+01 l_total: 3.0605e+02 
2026-06-30 11:04:14,123 INFO: [smal_..][epoch: 20, iter:  16,460, lr:(1.055e-04,)][eta: 0:01:31, time (data): 0.203 (0.016)]l_bij: 5.4836e+01 l_orth: 6.9395e+01 l_align: 6.9546e+01 l_total: 1.9378e+02 
2026-06-30 11:04:18,069 INFO: [smal_..][epoch: 20, iter:  16,480, lr:(1.055e-04,)][eta: 0:01:26, time (data): 0.202 (0.016)]l_bij: 9.1770e+01 l_orth: 1.0032e+02 l_align: 7.5082e+01 l_total: 2.6717e+02 
2026-06-30 11:04:22,017 INFO: [smal_..][epoch: 20, iter:  16,500, lr:(1.055e-04,)][eta: 0:01:21, time (data): 0.197 (0.016)]l_bij: 6.9814e+01 l_orth: 8.2977e+01 l_align: 7.4361e+01 l_total: 2.2715e+02 
2026-06-30 11:04:25,954 INFO: [smal_..][epoch: 20, iter:  16,520, lr:(1.055e-04,)][eta: 0:01:16, time (data): 0.197 (0.016)]l_bij: 8.6592e+01 l_orth: 9.5178e+01 l_align: 7.4296e+01 l_total: 2.5607e+02 
2026-06-30 11:04:29,857 INFO: [smal_..][epoch: 20, iter:  16,540, lr:(1.055e-04,)][eta: 0:01:11, time (data): 0.196 (0.016)]l_bij: 9.7458e+01 l_orth: 1.0278e+02 l_align: 8.0037e+01 l_total: 2.8028e+02 
2026-06-30 11:04:33,849 INFO: [smal_..][epoch: 20, iter:  16,560, lr:(1.055e-04,)][eta: 0:01:05, time (data): 0.197 (0.016)]l_bij: 8.5607e+01 l_orth: 9.2402e+01 l_align: 7.5708e+01 l_total: 2.5372e+02 
2026-06-30 11:04:37,776 INFO: [smal_..][epoch: 20, iter:  16,580, lr:(1.055e-04,)][eta: 0:01:00, time (data): 0.197 (0.016)]l_bij: 8.0555e+01 l_orth: 8.9368e+01 l_align: 7.3400e+01 l_total: 2.4332e+02 
2026-06-30 11:04:41,691 INFO: [smal_..][epoch: 20, iter:  16,600, lr:(1.055e-04,)][eta: 0:00:55, time (data): 0.197 (0.016)]l_bij: 7.1972e+01 l_orth: 8.5493e+01 l_align: 7.2591e+01 l_total: 2.3006e+02 
2026-06-30 11:04:45,590 INFO: [smal_..][epoch: 20, iter:  16,620, lr:(1.055e-04,)][eta: 0:00:50, time (data): 0.196 (0.016)]l_bij: 4.9526e+01 l_orth: 6.8656e+01 l_align: 7.3839e+01 l_total: 1.9202e+02 
2026-06-30 11:04:49,529 INFO: [smal_..][epoch: 20, iter:  16,640, lr:(1.055e-04,)][eta: 0:00:45, time (data): 0.196 (0.016)]l_bij: 7.5017e+01 l_orth: 8.3547e+01 l_align: 7.2518e+01 l_total: 2.3108e+02 
2026-06-30 11:04:53,740 INFO: [smal_..][epoch: 20, iter:  16,660, lr:(1.055e-04,)][eta: 0:00:40, time (data): 0.198 (0.016)]l_bij: 9.7057e+01 l_orth: 1.0070e+02 l_align: 8.1952e+01 l_total: 2.7971e+02 
2026-06-30 11:04:57,698 INFO: [smal_..][epoch: 20, iter:  16,680, lr:(1.055e-04,)][eta: 0:00:35, time (data): 0.198 (0.016)]l_bij: 9.8478e+01 l_orth: 1.0315e+02 l_align: 7.4586e+01 l_total: 2.7621e+02 
2026-06-30 11:05:01,634 INFO: [smal_..][epoch: 20, iter:  16,700, lr:(1.055e-04,)][eta: 0:00:30, time (data): 0.197 (0.015)]l_bij: 8.8436e+01 l_orth: 9.3550e+01 l_align: 7.9407e+01 l_total: 2.6139e+02 
2026-06-30 11:05:05,648 INFO: [smal_..][epoch: 20, iter:  16,720, lr:(1.055e-04,)][eta: 0:00:25, time (data): 0.199 (0.015)]l_bij: 1.0162e+02 l_orth: 1.0495e+02 l_align: 8.3198e+01 l_total: 2.8976e+02 
2026-06-30 11:05:09,779 INFO: [smal_..][epoch: 20, iter:  16,740, lr:(1.055e-04,)][eta: 0:00:20, time (data): 0.202 (0.016)]l_bij: 9.4270e+01 l_orth: 1.0051e+02 l_align: 7.8777e+01 l_total: 2.7356e+02 
2026-06-30 11:05:13,785 INFO: [smal_..][epoch: 20, iter:  16,760, lr:(1.055e-04,)][eta: 0:00:14, time (data): 0.201 (0.015)]l_bij: 7.6233e+01 l_orth: 9.1701e+01 l_align: 7.9579e+01 l_total: 2.4751e+02 
2026-06-30 11:05:17,753 INFO: [smal_..][epoch: 20, iter:  16,780, lr:(1.055e-04,)][eta: 0:00:09, time (data): 0.201 (0.015)]l_bij: 6.3645e+01 l_orth: 8.0981e+01 l_align: 7.4588e+01 l_total: 2.1921e+02 
2026-06-30 11:05:21,667 INFO: [smal_..][epoch: 20, iter:  16,800, lr:(1.055e-04,)][eta: 0:00:04, time (data): 0.200 (0.015)]l_bij: 9.2803e+01 l_orth: 1.0064e+02 l_align: 8.1673e+01 l_total: 2.7512e+02 
2026-06-30 11:05:25,691 INFO: [smal_..][epoch: 20, iter:  16,820, lr:(1.055e-04,)][eta: 0:00:00, time (data): 0.200 (0.016)]l_bij: 9.2225e+01 l_orth: 9.9045e+01 l_align: 7.4729e+01 l_total: 2.6600e+02 
2026-06-30 11:05:25,722 INFO: End of training. Time consumed: 1:11:09
2026-06-30 11:05:25,723 INFO: Last Validation.
2026-06-30 11:05:26,562 INFO: avg err:0.0000 | err:0.0000 | cougar_01 cougar_01
2026-06-30 11:05:26,751 INFO: avg err:0.0171 | err:0.0342 | cougar_01 cougar_02
2026-06-30 11:05:27,181 INFO: avg err:0.0170 | err:0.0167 | cougar_01 cougar_03
2026-06-30 11:05:27,371 INFO: avg err:0.0177 | err:0.0200 | cougar_01 cougar_04
2026-06-30 11:05:27,688 INFO: avg err:0.1885 | err:0.8717 | cougar_01 hippo_01
2026-06-30 11:05:27,899 INFO: avg err:0.2912 | err:0.8043 | cougar_01 hippo_02
2026-06-30 11:05:28,254 INFO: avg err:0.3545 | err:0.7343 | cougar_01 hippo_03
2026-06-30 11:05:28,495 INFO: avg err:0.4136 | err:0.8278 | cougar_01 hippo_04
2026-06-30 11:05:28,830 INFO: avg err:0.4414 | err:0.6632 | cougar_01 hippo_05
2026-06-30 11:05:29,087 INFO: avg err:0.4739 | err:0.7668 | cougar_01 hippo_06
2026-06-30 11:05:29,341 INFO: avg err:0.4342 | err:0.0371 | cougar_01 horse_01
2026-06-30 11:05:29,590 INFO: avg err:0.4007 | err:0.0317 | cougar_01 horse_02
2026-06-30 11:05:29,946 INFO: avg err:0.3721 | err:0.0299 | cougar_01 horse_03
2026-06-30 11:05:30,181 INFO: avg err:0.3479 | err:0.0324 | cougar_01 horse_04
2026-06-30 11:05:30,531 INFO: avg err:0.3273 | err:0.0395 | cougar_01 horse_05
2026-06-30 11:05:30,793 INFO: avg err:0.3088 | err:0.0311 | cougar_01 horse_06
2026-06-30 11:05:31,077 INFO: avg err:0.2927 | err:0.0343 | cougar_01 horse_07
2026-06-30 11:05:31,301 INFO: avg err:0.2778 | err:0.0252 | cougar_01 horse_08
2026-06-30 11:05:31,602 INFO: avg err:0.2672 | err:0.0769 | cougar_01 horse_09
2026-06-30 11:05:31,833 INFO: avg err:0.2599 | err:0.1199 | cougar_01 horse_10
2026-06-30 11:05:32,084 INFO: avg err:0.2491 | err:0.0334 | cougar_02 cougar_01
2026-06-30 11:05:32,421 INFO: avg err:0.2378 | err:0.0000 | cougar_02 cougar_02
2026-06-30 11:05:32,677 INFO: avg err:0.2283 | err:0.0210 | cougar_02 cougar_03
2026-06-30 11:05:32,913 INFO: avg err:0.2205 | err:0.0402 | cougar_02 cougar_04
2026-06-30 11:05:33,339 INFO: avg err:0.2466 | err:0.8723 | cougar_02 hippo_01
2026-06-30 11:05:33,563 INFO: avg err:0.2712 | err:0.8880 | cougar_02 hippo_02
2026-06-30 11:05:33,892 INFO: avg err:0.2880 | err:0.7253 | cougar_02 hippo_03
2026-06-30 11:05:34,135 INFO: avg err:0.3102 | err:0.9097 | cougar_02 hippo_04
2026-06-30 11:05:34,553 INFO: avg err:0.3193 | err:0.5742 | cougar_02 hippo_05
2026-06-30 11:05:34,842 INFO: avg err:0.3293 | err:0.6193 | cougar_02 hippo_06
2026-06-30 11:05:35,209 INFO: avg err:0.3205 | err:0.0560 | cougar_02 horse_01
2026-06-30 11:05:35,395 INFO: avg err:0.3122 | err:0.0545 | cougar_02 horse_02
2026-06-30 11:05:35,748 INFO: avg err:0.3045 | err:0.0564 | cougar_02 horse_03
2026-06-30 11:05:35,999 INFO: avg err:0.2970 | err:0.0497 | cougar_02 horse_04
2026-06-30 11:05:36,240 INFO: avg err:0.2901 | err:0.0568 | cougar_02 horse_05
2026-06-30 11:05:36,506 INFO: avg err:0.2835 | err:0.0538 | cougar_02 horse_06
2026-06-30 11:05:36,792 INFO: avg err:0.2773 | err:0.0515 | cougar_02 horse_07
2026-06-30 11:05:36,997 INFO: avg err:0.2711 | err:0.0440 | cougar_02 horse_08
2026-06-30 11:05:37,269 INFO: avg err:0.2675 | err:0.1297 | cougar_02 horse_09
2026-06-30 11:05:37,499 INFO: avg err:0.2648 | err:0.1612 | cougar_02 horse_10
2026-06-30 11:05:37,871 INFO: avg err:0.2588 | err:0.0149 | cougar_03 cougar_01
2026-06-30 11:05:38,146 INFO: avg err:0.2530 | err:0.0188 | cougar_03 cougar_02
2026-06-30 11:05:38,385 INFO: avg err:0.2472 | err:0.0000 | cougar_03 cougar_03
2026-06-30 11:05:38,654 INFO: avg err:0.2420 | err:0.0220 | cougar_03 cougar_04
2026-06-30 11:05:38,981 INFO: avg err:0.2577 | err:0.9470 | cougar_03 hippo_01
2026-06-30 11:05:39,224 INFO: avg err:0.2697 | err:0.8110 | cougar_03 hippo_02
2026-06-30 11:05:39,716 INFO: avg err:0.2798 | err:0.7429 | cougar_03 hippo_03
2026-06-30 11:05:39,952 INFO: avg err:0.2930 | err:0.9156 | cougar_03 hippo_04
2026-06-30 11:05:40,309 INFO: avg err:0.3004 | err:0.6531 | cougar_03 hippo_05
2026-06-30 11:05:40,536 INFO: avg err:0.3099 | err:0.7780 | cougar_03 hippo_06
2026-06-30 11:05:40,956 INFO: avg err:0.3048 | err:0.0452 | cougar_03 horse_01
2026-06-30 11:05:41,236 INFO: avg err:0.2996 | err:0.0345 | cougar_03 horse_02
2026-06-30 11:05:41,468 INFO: avg err:0.2947 | err:0.0434 | cougar_03 horse_03
2026-06-30 11:05:41,709 INFO: avg err:0.2899 | err:0.0354 | cougar_03 horse_04
2026-06-30 11:05:41,971 INFO: avg err:0.2854 | err:0.0424 | cougar_03 horse_05
2026-06-30 11:05:42,207 INFO: avg err:0.2810 | err:0.0380 | cougar_03 horse_06
2026-06-30 11:05:42,530 INFO: avg err:0.2768 | err:0.0391 | cougar_03 horse_07
2026-06-30 11:05:42,775 INFO: avg err:0.2725 | err:0.0307 | cougar_03 horse_08
2026-06-30 11:05:43,103 INFO: avg err:0.2695 | err:0.0958 | cougar_03 horse_09
2026-06-30 11:05:43,362 INFO: avg err:0.2674 | err:0.1432 | cougar_03 horse_10
2026-06-30 11:05:43,752 INFO: avg err:0.2634 | err:0.0201 | cougar_04 cougar_01
2026-06-30 11:05:43,938 INFO: avg err:0.2598 | err:0.0432 | cougar_04 cougar_02
2026-06-30 11:05:44,265 INFO: avg err:0.2561 | err:0.0230 | cougar_04 cougar_03
2026-06-30 11:05:44,546 INFO: avg err:0.2521 | err:0.0000 | cougar_04 cougar_04
2026-06-30 11:05:44,833 INFO: avg err:0.2607 | err:0.8113 | cougar_04 hippo_01
2026-06-30 11:05:45,052 INFO: avg err:0.2683 | err:0.7631 | cougar_04 hippo_02
2026-06-30 11:05:45,295 INFO: avg err:0.2749 | err:0.7114 | cougar_04 hippo_03
2026-06-30 11:05:45,501 INFO: avg err:0.2827 | err:0.8096 | cougar_04 hippo_04
2026-06-30 11:05:45,871 INFO: avg err:0.2872 | err:0.5901 | cougar_04 hippo_05
2026-06-30 11:05:46,096 INFO: avg err:0.2935 | err:0.7274 | cougar_04 hippo_06
2026-06-30 11:05:46,469 INFO: avg err:0.2898 | err:0.0338 | cougar_04 horse_01
2026-06-30 11:05:46,694 INFO: avg err:0.2863 | err:0.0356 | cougar_04 horse_02
2026-06-30 11:05:46,969 INFO: avg err:0.2828 | err:0.0327 | cougar_04 horse_03
2026-06-30 11:05:47,217 INFO: avg err:0.2795 | err:0.0365 | cougar_04 horse_04
2026-06-30 11:05:47,629 INFO: avg err:0.2763 | err:0.0394 | cougar_04 horse_05
2026-06-30 11:05:47,908 INFO: avg err:0.2731 | err:0.0347 | cougar_04 horse_06
2026-06-30 11:05:48,190 INFO: avg err:0.2699 | err:0.0280 | cougar_04 horse_07
2026-06-30 11:05:48,387 INFO: avg err:0.2669 | err:0.0299 | cougar_04 horse_08
2026-06-30 11:05:48,677 INFO: avg err:0.2645 | err:0.0797 | cougar_04 horse_09
2026-06-30 11:05:48,909 INFO: avg err:0.2627 | err:0.1215 | cougar_04 horse_10
2026-06-30 11:05:49,170 INFO: avg err:0.2662 | err:0.5424 | hippo_01 cougar_01
2026-06-30 11:05:49,397 INFO: avg err:0.2697 | err:0.5558 | hippo_01 cougar_02
2026-06-30 11:05:49,753 INFO: avg err:0.2730 | err:0.5468 | hippo_01 cougar_03
2026-06-30 11:05:50,017 INFO: avg err:0.2766 | err:0.5719 | hippo_01 cougar_04
2026-06-30 11:05:50,298 INFO: avg err:0.2733 | err:0.0000 | hippo_01 hippo_01
2026-06-30 11:05:50,496 INFO: avg err:0.2708 | err:0.0575 | hippo_01 hippo_02
2026-06-30 11:05:50,906 INFO: avg err:0.2703 | err:0.2228 | hippo_01 hippo_03
2026-06-30 11:05:51,136 INFO: avg err:0.2673 | err:0.0129 | hippo_01 hippo_04
2026-06-30 11:05:51,390 INFO: avg err:0.2662 | err:0.1638 | hippo_01 hippo_05
2026-06-30 11:05:51,625 INFO: avg err:0.2644 | err:0.1088 | hippo_01 hippo_06
2026-06-30 11:05:52,017 INFO: avg err:0.2676 | err:0.5545 | hippo_01 horse_01
2026-06-30 11:05:52,287 INFO: avg err:0.2707 | err:0.5508 | hippo_01 horse_02
2026-06-30 11:05:52,547 INFO: avg err:0.2736 | err:0.5423 | hippo_01 horse_03
2026-06-30 11:05:52,760 INFO: avg err:0.2767 | err:0.5601 | hippo_01 horse_04
2026-06-30 11:05:53,122 INFO: avg err:0.2797 | err:0.5665 | hippo_01 horse_05
2026-06-30 11:05:53,357 INFO: avg err:0.2825 | err:0.5485 | hippo_01 horse_06
2026-06-30 11:05:53,715 INFO: avg err:0.2853 | err:0.5521 | hippo_01 horse_07
2026-06-30 11:05:53,940 INFO: avg err:0.2882 | err:0.5705 | hippo_01 horse_08
2026-06-30 11:05:54,221 INFO: avg err:0.2907 | err:0.5338 | hippo_01 horse_09
2026-06-30 11:05:54,453 INFO: avg err:0.2930 | err:0.5212 | hippo_01 horse_10
2026-06-30 11:05:54,815 INFO: avg err:0.2951 | err:0.5101 | hippo_02 cougar_01
2026-06-30 11:05:55,083 INFO: avg err:0.2972 | err:0.5040 | hippo_02 cougar_02
2026-06-30 11:05:55,341 INFO: avg err:0.2993 | err:0.5143 | hippo_02 cougar_03
2026-06-30 11:05:55,574 INFO: avg err:0.3013 | err:0.5080 | hippo_02 cougar_04
2026-06-30 11:05:56,022 INFO: avg err:0.2989 | err:0.0448 | hippo_02 hippo_01
2026-06-30 11:05:56,218 INFO: avg err:0.2960 | err:0.0000 | hippo_02 hippo_02
2026-06-30 11:05:56,608 INFO: avg err:0.2950 | err:0.1882 | hippo_02 hippo_03
2026-06-30 11:05:56,824 INFO: avg err:0.2928 | err:0.0581 | hippo_02 hippo_04
2026-06-30 11:05:57,097 INFO: avg err:0.2910 | err:0.0933 | hippo_02 hippo_05
2026-06-30 11:05:57,319 INFO: avg err:0.2890 | err:0.0750 | hippo_02 hippo_06
2026-06-30 11:05:57,784 INFO: avg err:0.2909 | err:0.4995 | hippo_02 horse_01
2026-06-30 11:05:58,009 INFO: avg err:0.2929 | err:0.5058 | hippo_02 horse_02
2026-06-30 11:05:58,431 INFO: avg err:0.2947 | err:0.5046 | hippo_02 horse_03
2026-06-30 11:05:58,689 INFO: avg err:0.2965 | err:0.5008 | hippo_02 horse_04
2026-06-30 11:05:58,968 INFO: avg err:0.2984 | err:0.5135 | hippo_02 horse_05
2026-06-30 11:05:59,159 INFO: avg err:0.3001 | err:0.4971 | hippo_02 horse_06
2026-06-30 11:05:59,556 INFO: avg err:0.3019 | err:0.5020 | hippo_02 horse_07
2026-06-30 11:05:59,829 INFO: avg err:0.3037 | err:0.5146 | hippo_02 horse_08
2026-06-30 11:06:00,094 INFO: avg err:0.3052 | err:0.4841 | hippo_02 horse_09
2026-06-30 11:06:00,274 INFO: avg err:0.3067 | err:0.4909 | hippo_02 horse_10
2026-06-30 11:06:00,653 INFO: avg err:0.3079 | err:0.4515 | hippo_03 cougar_01
2026-06-30 11:06:00,909 INFO: avg err:0.3091 | err:0.4529 | hippo_03 cougar_02
2026-06-30 11:06:01,238 INFO: avg err:0.3101 | err:0.4302 | hippo_03 cougar_03
2026-06-30 11:06:01,488 INFO: avg err:0.3112 | err:0.4424 | hippo_03 cougar_04
2026-06-30 11:06:01,719 INFO: avg err:0.3103 | err:0.1981 | hippo_03 hippo_01
2026-06-30 11:06:01,990 INFO: avg err:0.3092 | err:0.1789 | hippo_03 hippo_02
2026-06-30 11:06:02,327 INFO: avg err:0.3068 | err:0.0000 | hippo_03 hippo_03
2026-06-30 11:06:02,581 INFO: avg err:0.3055 | err:0.1491 | hippo_03 hippo_04
2026-06-30 11:06:02,956 INFO: avg err:0.3041 | err:0.1159 | hippo_03 hippo_05
2026-06-30 11:06:03,149 INFO: avg err:0.3030 | err:0.1626 | hippo_03 hippo_06
2026-06-30 11:06:03,606 INFO: avg err:0.3040 | err:0.4379 | hippo_03 horse_01
2026-06-30 11:06:03,812 INFO: avg err:0.3049 | err:0.4237 | hippo_03 horse_02
2026-06-30 11:06:04,141 INFO: avg err:0.3060 | err:0.4439 | hippo_03 horse_03
2026-06-30 11:06:04,359 INFO: avg err:0.3068 | err:0.4142 | hippo_03 horse_04
2026-06-30 11:06:04,748 INFO: avg err:0.3076 | err:0.4136 | hippo_03 horse_05
2026-06-30 11:06:04,936 INFO: avg err:0.3084 | err:0.4232 | hippo_03 horse_06
2026-06-30 11:06:05,287 INFO: avg err:0.3094 | err:0.4424 | hippo_03 horse_07
2026-06-30 11:06:05,487 INFO: avg err:0.3102 | err:0.4187 | hippo_03 horse_08
2026-06-30 11:06:05,923 INFO: avg err:0.3109 | err:0.4033 | hippo_03 horse_09
2026-06-30 11:06:06,194 INFO: avg err:0.3112 | err:0.3584 | hippo_03 horse_10
2026-06-30 11:06:06,485 INFO: avg err:0.3132 | err:0.5944 | hippo_04 cougar_01
2026-06-30 11:06:06,670 INFO: avg err:0.3149 | err:0.5506 | hippo_04 cougar_02
2026-06-30 11:06:07,017 INFO: avg err:0.3166 | err:0.5630 | hippo_04 cougar_03
2026-06-30 11:06:07,247 INFO: avg err:0.3186 | err:0.6066 | hippo_04 cougar_04
2026-06-30 11:06:07,650 INFO: avg err:0.3165 | err:0.0134 | hippo_04 hippo_01
2026-06-30 11:06:07,873 INFO: avg err:0.3151 | err:0.1046 | hippo_04 hippo_02
2026-06-30 11:06:08,259 INFO: avg err:0.3140 | err:0.1616 | hippo_04 hippo_03
2026-06-30 11:06:08,486 INFO: avg err:0.3119 | err:0.0000 | hippo_04 hippo_04
2026-06-30 11:06:08,778 INFO: avg err:0.3107 | err:0.1317 | hippo_04 hippo_05
2026-06-30 11:06:09,006 INFO: avg err:0.3094 | err:0.1114 | hippo_04 hippo_06
2026-06-30 11:06:09,295 INFO: avg err:0.3112 | err:0.5794 | hippo_04 horse_01
2026-06-30 11:06:09,498 INFO: avg err:0.3129 | err:0.5771 | hippo_04 horse_02
2026-06-30 11:06:09,866 INFO: avg err:0.3147 | err:0.5822 | hippo_04 horse_03
2026-06-30 11:06:10,131 INFO: avg err:0.3164 | err:0.5778 | hippo_04 horse_04
2026-06-30 11:06:10,412 INFO: avg err:0.3181 | err:0.5856 | hippo_04 horse_05
2026-06-30 11:06:10,617 INFO: avg err:0.3197 | err:0.5622 | hippo_04 horse_06
2026-06-30 11:06:11,131 INFO: avg err:0.3212 | err:0.5632 | hippo_04 horse_07
2026-06-30 11:06:11,345 INFO: avg err:0.3228 | err:0.5725 | hippo_04 horse_08
2026-06-30 11:06:11,753 INFO: avg err:0.3241 | err:0.5207 | hippo_04 horse_09
2026-06-30 11:06:11,953 INFO: avg err:0.3251 | err:0.4937 | hippo_04 horse_10
2026-06-30 11:06:12,239 INFO: avg err:0.3256 | err:0.4032 | hippo_05 cougar_01
2026-06-30 11:06:12,448 INFO: avg err:0.3261 | err:0.4071 | hippo_05 cougar_02
2026-06-30 11:06:12,818 INFO: avg err:0.3264 | err:0.3768 | hippo_05 cougar_03
2026-06-30 11:06:13,059 INFO: avg err:0.3268 | err:0.3828 | hippo_05 cougar_04
2026-06-30 11:06:13,344 INFO: avg err:0.3256 | err:0.1420 | hippo_05 hippo_01
2026-06-30 11:06:13,582 INFO: avg err:0.3243 | err:0.1005 | hippo_05 hippo_02
2026-06-30 11:06:13,943 INFO: avg err:0.3233 | err:0.1509 | hippo_05 hippo_03
2026-06-30 11:06:14,183 INFO: avg err:0.3220 | err:0.1201 | hippo_05 hippo_04
2026-06-30 11:06:14,526 INFO: avg err:0.3201 | err:0.0000 | hippo_05 hippo_05
2026-06-30 11:06:14,738 INFO: avg err:0.3187 | err:0.0720 | hippo_05 hippo_06
2026-06-30 11:06:15,204 INFO: avg err:0.3191 | err:0.3940 | hippo_05 horse_01
2026-06-30 11:06:15,418 INFO: avg err:0.3195 | err:0.3818 | hippo_05 horse_02
2026-06-30 11:06:15,775 INFO: avg err:0.3199 | err:0.3973 | hippo_05 horse_03
2026-06-30 11:06:16,023 INFO: avg err:0.3204 | err:0.3952 | hippo_05 horse_04
2026-06-30 11:06:16,434 INFO: avg err:0.3208 | err:0.3913 | hippo_05 horse_05
2026-06-30 11:06:16,652 INFO: avg err:0.3212 | err:0.3909 | hippo_05 horse_06
2026-06-30 11:06:16,987 INFO: avg err:0.3216 | err:0.3899 | hippo_05 horse_07
2026-06-30 11:06:17,218 INFO: avg err:0.3220 | err:0.3953 | hippo_05 horse_08
2026-06-30 11:06:17,552 INFO: avg err:0.3223 | err:0.3777 | hippo_05 horse_09
2026-06-30 11:06:17,826 INFO: avg err:0.3224 | err:0.3432 | hippo_05 horse_10
2026-06-30 11:06:18,086 INFO: avg err:0.3230 | err:0.4372 | hippo_06 cougar_01
2026-06-30 11:06:18,279 INFO: avg err:0.3236 | err:0.4240 | hippo_06 cougar_02
2026-06-30 11:06:18,611 INFO: avg err:0.3242 | err:0.4338 | hippo_06 cougar_03
2026-06-30 11:06:18,902 INFO: avg err:0.3247 | err:0.4193 | hippo_06 cougar_04
2026-06-30 11:06:19,231 INFO: avg err:0.3234 | err:0.0874 | hippo_06 hippo_01
2026-06-30 11:06:19,427 INFO: avg err:0.3222 | err:0.1011 | hippo_06 hippo_02
2026-06-30 11:06:19,817 INFO: avg err:0.3212 | err:0.1283 | hippo_06 hippo_03
2026-06-30 11:06:20,003 INFO: avg err:0.3201 | err:0.1118 | hippo_06 hippo_04
2026-06-30 11:06:20,360 INFO: avg err:0.3186 | err:0.0332 | hippo_06 hippo_05
2026-06-30 11:06:20,613 INFO: avg err:0.3169 | err:0.0000 | hippo_06 hippo_06
2026-06-30 11:06:20,840 INFO: avg err:0.3172 | err:0.3835 | hippo_06 horse_01
2026-06-30 11:06:21,071 INFO: avg err:0.3177 | err:0.4089 | hippo_06 horse_02
2026-06-30 11:06:21,438 INFO: avg err:0.3182 | err:0.4140 | hippo_06 horse_03
2026-06-30 11:06:21,633 INFO: avg err:0.3187 | err:0.4037 | hippo_06 horse_04
2026-06-30 11:06:22,064 INFO: avg err:0.3190 | err:0.3853 | hippo_06 horse_05
2026-06-30 11:06:22,275 INFO: avg err:0.3194 | err:0.3915 | hippo_06 horse_06
2026-06-30 11:06:22,592 INFO: avg err:0.3197 | err:0.3948 | hippo_06 horse_07
2026-06-30 11:06:22,826 INFO: avg err:0.3201 | err:0.3972 | hippo_06 horse_08
2026-06-30 11:06:23,205 INFO: avg err:0.3204 | err:0.3673 | hippo_06 horse_09
2026-06-30 11:06:23,395 INFO: avg err:0.3203 | err:0.3144 | hippo_06 horse_10
2026-06-30 11:06:23,831 INFO: avg err:0.3189 | err:0.0318 | horse_01 cougar_01
2026-06-30 11:06:24,036 INFO: avg err:0.3176 | err:0.0499 | horse_01 cougar_02
2026-06-30 11:06:24,427 INFO: avg err:0.3162 | err:0.0377 | horse_01 cougar_03
2026-06-30 11:06:24,617 INFO: avg err:0.3148 | err:0.0296 | horse_01 cougar_04
2026-06-30 11:06:24,979 INFO: avg err:0.3172 | err:0.8013 | horse_01 hippo_01
2026-06-30 11:06:25,252 INFO: avg err:0.3194 | err:0.7716 | horse_01 hippo_02
2026-06-30 11:06:25,594 INFO: avg err:0.3213 | err:0.7153 | horse_01 hippo_03
2026-06-30 11:06:25,818 INFO: avg err:0.3233 | err:0.7481 | horse_01 hippo_04
2026-06-30 11:06:26,190 INFO: avg err:0.3246 | err:0.5947 | horse_01 hippo_05
2026-06-30 11:06:26,406 INFO: avg err:0.3263 | err:0.6706 | horse_01 hippo_06
2026-06-30 11:06:26,755 INFO: avg err:0.3247 | err:0.0000 | horse_01 horse_01
2026-06-30 11:06:27,032 INFO: avg err:0.3233 | err:0.0166 | horse_01 horse_02
2026-06-30 11:06:27,350 INFO: avg err:0.3218 | err:0.0127 | horse_01 horse_03
2026-06-30 11:06:27,587 INFO: avg err:0.3204 | err:0.0202 | horse_01 horse_04
2026-06-30 11:06:28,000 INFO: avg err:0.3190 | err:0.0223 | horse_01 horse_05
2026-06-30 11:06:28,182 INFO: avg err:0.3176 | err:0.0206 | horse_01 horse_06
2026-06-30 11:06:28,550 INFO: avg err:0.3163 | err:0.0196 | horse_01 horse_07
2026-06-30 11:06:28,799 INFO: avg err:0.3149 | err:0.0165 | horse_01 horse_08
2026-06-30 11:06:29,175 INFO: avg err:0.3137 | err:0.0525 | horse_01 horse_09
2026-06-30 11:06:29,393 INFO: avg err:0.3127 | err:0.0857 | horse_01 horse_10
2026-06-30 11:06:29,679 INFO: avg err:0.3114 | err:0.0293 | horse_02 cougar_01
2026-06-30 11:06:29,915 INFO: avg err:0.3105 | err:0.1058 | horse_02 cougar_02
2026-06-30 11:06:30,294 INFO: avg err:0.3092 | err:0.0334 | horse_02 cougar_03
2026-06-30 11:06:30,532 INFO: avg err:0.3080 | err:0.0333 | horse_02 cougar_04
2026-06-30 11:06:30,920 INFO: avg err:0.3104 | err:0.8547 | horse_02 hippo_01
2026-06-30 11:06:31,145 INFO: avg err:0.3123 | err:0.7427 | horse_02 hippo_02
2026-06-30 11:06:31,533 INFO: avg err:0.3140 | err:0.6902 | horse_02 hippo_03
2026-06-30 11:06:31,757 INFO: avg err:0.3161 | err:0.7957 | horse_02 hippo_04
2026-06-30 11:06:32,057 INFO: avg err:0.3174 | err:0.6231 | horse_02 hippo_05
2026-06-30 11:06:32,299 INFO: avg err:0.3191 | err:0.6969 | horse_02 hippo_06
2026-06-30 11:06:32,606 INFO: avg err:0.3178 | err:0.0166 | horse_02 horse_01
2026-06-30 11:06:32,819 INFO: avg err:0.3164 | err:0.0000 | horse_02 horse_02
2026-06-30 11:06:33,146 INFO: avg err:0.3151 | err:0.0110 | horse_02 horse_03
2026-06-30 11:06:33,372 INFO: avg err:0.3138 | err:0.0140 | horse_02 horse_04
2026-06-30 11:06:33,669 INFO: avg err:0.3126 | err:0.0210 | horse_02 horse_05
2026-06-30 11:06:33,879 INFO: avg err:0.3113 | err:0.0198 | horse_02 horse_06
2026-06-30 11:06:34,246 INFO: avg err:0.3101 | err:0.0242 | horse_02 horse_07
2026-06-30 11:06:34,471 INFO: avg err:0.3089 | err:0.0116 | horse_02 horse_08
2026-06-30 11:06:34,739 INFO: avg err:0.3079 | err:0.0797 | horse_02 horse_09
2026-06-30 11:06:34,936 INFO: avg err:0.3071 | err:0.1143 | horse_02 horse_10
2026-06-30 11:06:35,395 INFO: avg err:0.3059 | err:0.0289 | horse_03 cougar_01
2026-06-30 11:06:35,655 INFO: avg err:0.3049 | err:0.0612 | horse_03 cougar_02
2026-06-30 11:06:35,915 INFO: avg err:0.3038 | err:0.0341 | horse_03 cougar_03
2026-06-30 11:06:36,147 INFO: avg err:0.3027 | err:0.0312 | horse_03 cougar_04
2026-06-30 11:06:36,502 INFO: avg err:0.3047 | err:0.7888 | horse_03 hippo_01
2026-06-30 11:06:36,696 INFO: avg err:0.3065 | err:0.7414 | horse_03 hippo_02
2026-06-30 11:06:36,981 INFO: avg err:0.3082 | err:0.7257 | horse_03 hippo_03
2026-06-30 11:06:37,223 INFO: avg err:0.3100 | err:0.7710 | horse_03 hippo_04
2026-06-30 11:06:37,580 INFO: avg err:0.3111 | err:0.5887 | horse_03 hippo_05
2026-06-30 11:06:37,847 INFO: avg err:0.3125 | err:0.6609 | horse_03 hippo_06
2026-06-30 11:06:38,141 INFO: avg err:0.3113 | err:0.0128 | horse_03 horse_01
2026-06-30 11:06:38,375 INFO: avg err:0.3102 | err:0.0101 | horse_03 horse_02
2026-06-30 11:06:38,668 INFO: avg err:0.3089 | err:0.0000 | horse_03 horse_03
2026-06-30 11:06:38,946 INFO: avg err:0.3078 | err:0.0169 | horse_03 horse_04
2026-06-30 11:06:39,315 INFO: avg err:0.3066 | err:0.0201 | horse_03 horse_05
2026-06-30 11:06:39,543 INFO: avg err:0.3055 | err:0.0189 | horse_03 horse_06
2026-06-30 11:06:39,818 INFO: avg err:0.3044 | err:0.0228 | horse_03 horse_07
2026-06-30 11:06:40,073 INFO: avg err:0.3033 | err:0.0133 | horse_03 horse_08
2026-06-30 11:06:40,413 INFO: avg err:0.3023 | err:0.0416 | horse_03 horse_09
2026-06-30 11:06:40,702 INFO: avg err:0.3015 | err:0.1030 | horse_03 horse_10
2026-06-30 11:06:40,934 INFO: avg err:0.3005 | err:0.0318 | horse_04 cougar_01
2026-06-30 11:06:41,191 INFO: avg err:0.2996 | err:0.0621 | horse_04 cougar_02
2026-06-30 11:06:41,511 INFO: avg err:0.2986 | err:0.0361 | horse_04 cougar_03
2026-06-30 11:06:41,761 INFO: avg err:0.2976 | err:0.0361 | horse_04 cougar_04
2026-06-30 11:06:42,035 INFO: avg err:0.2996 | err:0.8251 | horse_04 hippo_01
2026-06-30 11:06:42,295 INFO: avg err:0.3014 | err:0.7853 | horse_04 hippo_02
2026-06-30 11:06:42,624 INFO: avg err:0.3031 | err:0.7466 | horse_04 hippo_03
2026-06-30 11:06:42,912 INFO: avg err:0.3048 | err:0.7745 | horse_04 hippo_04
2026-06-30 11:06:43,305 INFO: avg err:0.3057 | err:0.5487 | horse_04 hippo_05
2026-06-30 11:06:43,583 INFO: avg err:0.3070 | err:0.6516 | horse_04 hippo_06
2026-06-30 11:06:43,946 INFO: avg err:0.3060 | err:0.0207 | horse_04 horse_01
2026-06-30 11:06:44,170 INFO: avg err:0.3049 | err:0.0133 | horse_04 horse_02
2026-06-30 11:06:44,473 INFO: avg err:0.3038 | err:0.0163 | horse_04 horse_03
2026-06-30 11:06:44,727 INFO: avg err:0.3027 | err:0.0000 | horse_04 horse_04
2026-06-30 11:06:45,087 INFO: avg err:0.3017 | err:0.0222 | horse_04 horse_05
2026-06-30 11:06:45,275 INFO: avg err:0.3007 | err:0.0261 | horse_04 horse_06
2026-06-30 11:06:45,673 INFO: avg err:0.2997 | err:0.0277 | horse_04 horse_07
2026-06-30 11:06:45,954 INFO: avg err:0.2987 | err:0.0171 | horse_04 horse_08
2026-06-30 11:06:46,229 INFO: avg err:0.2978 | err:0.0448 | horse_04 horse_09
2026-06-30 11:06:46,453 INFO: avg err:0.2969 | err:0.0619 | horse_04 horse_10
2026-06-30 11:06:46,774 INFO: avg err:0.2960 | err:0.0347 | horse_05 cougar_01
2026-06-30 11:06:46,980 INFO: avg err:0.2951 | err:0.0478 | horse_05 cougar_02
2026-06-30 11:06:47,362 INFO: avg err:0.2942 | err:0.0368 | horse_05 cougar_03
2026-06-30 11:06:47,647 INFO: avg err:0.2933 | err:0.0348 | horse_05 cougar_04
2026-06-30 11:06:48,027 INFO: avg err:0.2951 | err:0.8137 | horse_05 hippo_01
2026-06-30 11:06:48,262 INFO: avg err:0.2970 | err:0.8357 | horse_05 hippo_02
2026-06-30 11:06:48,710 INFO: avg err:0.2984 | err:0.7059 | horse_05 hippo_03
2026-06-30 11:06:48,928 INFO: avg err:0.3001 | err:0.7828 | horse_05 hippo_04
2026-06-30 11:06:49,207 INFO: avg err:0.3012 | err:0.6165 | horse_05 hippo_05
2026-06-30 11:06:49,430 INFO: avg err:0.3027 | err:0.7179 | horse_05 hippo_06
2026-06-30 11:06:49,836 INFO: avg err:0.3017 | err:0.0211 | horse_05 horse_01
2026-06-30 11:06:50,047 INFO: avg err:0.3007 | err:0.0192 | horse_05 horse_02
2026-06-30 11:06:50,401 INFO: avg err:0.2998 | err:0.0187 | horse_05 horse_03
2026-06-30 11:06:50,593 INFO: avg err:0.2988 | err:0.0210 | horse_05 horse_04
2026-06-30 11:06:50,931 INFO: avg err:0.2978 | err:0.0000 | horse_05 horse_05
2026-06-30 11:06:51,200 INFO: avg err:0.2969 | err:0.0252 | horse_05 horse_06
2026-06-30 11:06:51,525 INFO: avg err:0.2960 | err:0.0242 | horse_05 horse_07
2026-06-30 11:06:51,762 INFO: avg err:0.2950 | err:0.0200 | horse_05 horse_08
2026-06-30 11:06:52,144 INFO: avg err:0.2942 | err:0.0476 | horse_05 horse_09
2026-06-30 11:06:52,351 INFO: avg err:0.2935 | err:0.0699 | horse_05 horse_10
2026-06-30 11:06:52,700 INFO: avg err:0.2926 | err:0.0353 | horse_06 cougar_01
2026-06-30 11:06:52,920 INFO: avg err:0.2919 | err:0.0928 | horse_06 cougar_02
2026-06-30 11:06:53,326 INFO: avg err:0.2911 | err:0.0405 | horse_06 cougar_03
2026-06-30 11:06:53,540 INFO: avg err:0.2903 | err:0.0351 | horse_06 cougar_04
2026-06-30 11:06:53,855 INFO: avg err:0.2920 | err:0.8333 | horse_06 hippo_01
2026-06-30 11:06:54,087 INFO: avg err:0.2938 | err:0.8275 | horse_06 hippo_02
2026-06-30 11:06:54,465 INFO: avg err:0.2953 | err:0.7609 | horse_06 hippo_03
2026-06-30 11:06:54,667 INFO: avg err:0.2971 | err:0.8522 | horse_06 hippo_04
2026-06-30 11:06:55,049 INFO: avg err:0.2983 | err:0.6740 | horse_06 hippo_05
2026-06-30 11:06:55,235 INFO: avg err:0.2998 | err:0.7458 | horse_06 hippo_06
2026-06-30 11:06:55,585 INFO: avg err:0.2989 | err:0.0207 | horse_06 horse_01
2026-06-30 11:06:55,835 INFO: avg err:0.2980 | err:0.0169 | horse_06 horse_02
2026-06-30 11:06:56,147 INFO: avg err:0.2971 | err:0.0188 | horse_06 horse_03
2026-06-30 11:06:56,365 INFO: avg err:0.2962 | err:0.0243 | horse_06 horse_04
2026-06-30 11:06:56,674 INFO: avg err:0.2954 | err:0.0268 | horse_06 horse_05
2026-06-30 11:06:56,890 INFO: avg err:0.2944 | err:0.0000 | horse_06 horse_06
2026-06-30 11:06:57,247 INFO: avg err:0.2936 | err:0.0158 | horse_06 horse_07
2026-06-30 11:06:57,514 INFO: avg err:0.2927 | err:0.0189 | horse_06 horse_08
2026-06-30 11:06:57,846 INFO: avg err:0.2919 | err:0.0503 | horse_06 horse_09
2026-06-30 11:06:58,070 INFO: avg err:0.2914 | err:0.1123 | horse_06 horse_10
2026-06-30 11:06:58,394 INFO: avg err:0.2906 | err:0.0333 | horse_07 cougar_01
2026-06-30 11:06:58,604 INFO: avg err:0.2900 | err:0.0975 | horse_07 cougar_02
2026-06-30 11:06:58,940 INFO: avg err:0.2892 | err:0.0378 | horse_07 cougar_03
2026-06-30 11:06:59,157 INFO: avg err:0.2884 | err:0.0297 | horse_07 cougar_04
2026-06-30 11:06:59,419 INFO: avg err:0.2902 | err:0.8822 | horse_07 hippo_01
2026-06-30 11:06:59,686 INFO: avg err:0.2917 | err:0.7911 | horse_07 hippo_02
2026-06-30 11:07:00,063 INFO: avg err:0.2931 | err:0.7250 | horse_07 hippo_03
2026-06-30 11:07:00,323 INFO: avg err:0.2948 | err:0.8514 | horse_07 hippo_04
2026-06-30 11:07:00,655 INFO: avg err:0.2958 | err:0.6429 | horse_07 hippo_05
2026-06-30 11:07:00,850 INFO: avg err:0.2971 | err:0.6970 | horse_07 hippo_06
2026-06-30 11:07:01,193 INFO: avg err:0.2962 | err:0.0178 | horse_07 horse_01
2026-06-30 11:07:01,409 INFO: avg err:0.2954 | err:0.0201 | horse_07 horse_02
2026-06-30 11:07:01,729 INFO: avg err:0.2946 | err:0.0214 | horse_07 horse_03
2026-06-30 11:07:01,916 INFO: avg err:0.2937 | err:0.0254 | horse_07 horse_04
2026-06-30 11:07:02,317 INFO: avg err:0.2930 | err:0.0276 | horse_07 horse_05
2026-06-30 11:07:02,523 INFO: avg err:0.2921 | err:0.0167 | horse_07 horse_06
2026-06-30 11:07:02,896 INFO: avg err:0.2913 | err:0.0000 | horse_07 horse_07
2026-06-30 11:07:03,145 INFO: avg err:0.2905 | err:0.0215 | horse_07 horse_08
2026-06-30 11:07:03,382 INFO: avg err:0.2898 | err:0.0733 | horse_07 horse_09
2026-06-30 11:07:03,596 INFO: avg err:0.2893 | err:0.1040 | horse_07 horse_10
2026-06-30 11:07:03,980 INFO: avg err:0.2885 | err:0.0277 | horse_08 cougar_01
2026-06-30 11:07:04,210 INFO: avg err:0.2879 | err:0.0748 | horse_08 cougar_02
2026-06-30 11:07:04,489 INFO: avg err:0.2871 | err:0.0320 | horse_08 cougar_03
2026-06-30 11:07:04,715 INFO: avg err:0.2864 | err:0.0302 | horse_08 cougar_04
2026-06-30 11:07:04,984 INFO: avg err:0.2879 | err:0.8120 | horse_08 hippo_01
2026-06-30 11:07:05,237 INFO: avg err:0.2892 | err:0.7411 | horse_08 hippo_02
2026-06-30 11:07:05,579 INFO: avg err:0.2904 | err:0.6971 | horse_08 hippo_03
2026-06-30 11:07:05,778 INFO: avg err:0.2920 | err:0.8297 | horse_08 hippo_04
2026-06-30 11:07:06,077 INFO: avg err:0.2928 | err:0.5822 | horse_08 hippo_05
2026-06-30 11:07:06,361 INFO: avg err:0.2939 | err:0.6885 | horse_08 hippo_06
2026-06-30 11:07:06,660 INFO: avg err:0.2931 | err:0.0161 | horse_08 horse_01
2026-06-30 11:07:06,890 INFO: avg err:0.2923 | err:0.0121 | horse_08 horse_02
2026-06-30 11:07:07,147 INFO: avg err:0.2915 | err:0.0132 | horse_08 horse_03
2026-06-30 11:07:07,442 INFO: avg err:0.2908 | err:0.0178 | horse_08 horse_04
2026-06-30 11:07:07,798 INFO: avg err:0.2900 | err:0.0241 | horse_08 horse_05
2026-06-30 11:07:08,073 INFO: avg err:0.2893 | err:0.0201 | horse_08 horse_06
2026-06-30 11:07:08,285 INFO: avg err:0.2885 | err:0.0209 | horse_08 horse_07
2026-06-30 11:07:08,613 INFO: avg err:0.2877 | err:0.0000 | horse_08 horse_08
2026-06-30 11:07:08,872 INFO: avg err:0.2870 | err:0.0508 | horse_08 horse_09
2026-06-30 11:07:09,170 INFO: avg err:0.2865 | err:0.0882 | horse_08 horse_10
2026-06-30 11:07:09,424 INFO: avg err:0.2858 | err:0.0538 | horse_09 cougar_01
2026-06-30 11:07:09,700 INFO: avg err:0.2854 | err:0.1324 | horse_09 cougar_02
2026-06-30 11:07:10,014 INFO: avg err:0.2848 | err:0.0537 | horse_09 cougar_03
2026-06-30 11:07:10,291 INFO: avg err:0.2841 | err:0.0514 | horse_09 cougar_04
2026-06-30 11:07:10,673 INFO: avg err:0.2854 | err:0.7433 | horse_09 hippo_01
2026-06-30 11:07:10,955 INFO: avg err:0.2864 | err:0.6499 | horse_09 hippo_02
2026-06-30 11:07:11,311 INFO: avg err:0.2873 | err:0.6230 | horse_09 hippo_03
2026-06-30 11:07:11,515 INFO: avg err:0.2884 | err:0.7006 | horse_09 hippo_04
2026-06-30 11:07:11,842 INFO: avg err:0.2893 | err:0.6159 | horse_09 hippo_05
2026-06-30 11:07:12,127 INFO: avg err:0.2904 | err:0.6793 | horse_09 hippo_06
2026-06-30 11:07:12,420 INFO: avg err:0.2897 | err:0.0331 | horse_09 horse_01
2026-06-30 11:07:12,668 INFO: avg err:0.2890 | err:0.0321 | horse_09 horse_02
2026-06-30 11:07:12,940 INFO: avg err:0.2883 | err:0.0378 | horse_09 horse_03
2026-06-30 11:07:13,209 INFO: avg err:0.2876 | err:0.0314 | horse_09 horse_04
2026-06-30 11:07:13,473 INFO: avg err:0.2870 | err:0.0481 | horse_09 horse_05
2026-06-30 11:07:13,714 INFO: avg err:0.2864 | err:0.0522 | horse_09 horse_06
2026-06-30 11:07:14,001 INFO: avg err:0.2857 | err:0.0482 | horse_09 horse_07
2026-06-30 11:07:14,250 INFO: avg err:0.2851 | err:0.0337 | horse_09 horse_08
2026-06-30 11:07:14,531 INFO: avg err:0.2843 | err:0.0000 | horse_09 horse_09
2026-06-30 11:07:14,780 INFO: avg err:0.2836 | err:0.0295 | horse_09 horse_10
2026-06-30 11:07:15,091 INFO: avg err:0.2832 | err:0.1151 | horse_10 cougar_01
2026-06-30 11:07:15,355 INFO: avg err:0.2829 | err:0.1694 | horse_10 cougar_02
2026-06-30 11:07:15,621 INFO: avg err:0.2825 | err:0.1249 | horse_10 cougar_03
2026-06-30 11:07:15,882 INFO: avg err:0.2821 | err:0.1185 | horse_10 cougar_04
2026-06-30 11:07:16,101 INFO: avg err:0.2834 | err:0.8156 | horse_10 hippo_01
2026-06-30 11:07:16,429 INFO: avg err:0.2847 | err:0.7696 | horse_10 hippo_02
2026-06-30 11:07:16,749 INFO: avg err:0.2856 | err:0.6411 | horse_10 hippo_03
2026-06-30 11:07:17,010 INFO: avg err:0.2868 | err:0.7388 | horse_10 hippo_04
2026-06-30 11:07:17,266 INFO: avg err:0.2875 | err:0.5433 | horse_10 hippo_05
2026-06-30 11:07:17,533 INFO: avg err:0.2883 | err:0.6042 | horse_10 hippo_06
2026-06-30 11:07:17,806 INFO: avg err:0.2877 | err:0.0798 | horse_10 horse_01
2026-06-30 11:07:18,070 INFO: avg err:0.2872 | err:0.0942 | horse_10 horse_02
2026-06-30 11:07:18,319 INFO: avg err:0.2867 | err:0.0952 | horse_10 horse_03
2026-06-30 11:07:18,642 INFO: avg err:0.2863 | err:0.0911 | horse_10 horse_04
2026-06-30 11:07:18,879 INFO: avg err:0.2858 | err:0.0983 | horse_10 horse_05
2026-06-30 11:07:19,285 INFO: avg err:0.2852 | err:0.0750 | horse_10 horse_06
2026-06-30 11:07:19,527 INFO: avg err:0.2847 | err:0.0880 | horse_10 horse_07
2026-06-30 11:07:19,815 INFO: avg err:0.2843 | err:0.0980 | horse_10 horse_08
2026-06-30 11:07:20,045 INFO: avg err:0.2836 | err:0.0184 | horse_10 horse_09
2026-06-30 11:07:20,394 INFO: avg err:0.2829 | err:0.0000 | horse_10 horse_10
2026-06-30 11:07:20,427 INFO: Avg time: 0.0715
2026-06-30 11:07:20,889 INFO: Val auc: 0.5306
2026-06-30 11:07:20,892 INFO: Val avg error: 0.2829
2026-06-30 11:07:20,929 INFO: [ONB diag] max|Q-I|: mean=3.4168e-07 max=4.7684e-07 | max|Φ̃ᵀMΦ̃-I|: mean=3.4168e-07 max=4.7684e-07
2026-06-30 11:07:20,929 INFO: Save the best model.
